id,symbol,timestamp,open,high,low,close,volume,source,created_at
4536,AUDCAD,2025-06-27 00:00:00,0.89327002,0.89428997,0.89197999,0.89270997,0,twelvedata,2025-08-26 19:28:19
4537,AUDCAD,2025-06-27 01:00:00,0.89273,0.89326,0.89157999,0.89313,0,twelvedata,2025-08-26 19:28:19
4538,AUDCAD,2025-06-27 02:00:00,0.89309001,0.8937,0.89196998,0.89314002,0,twelvedata,2025-08-26 19:28:19
4539,AUDCAD,2025-06-27 03:00:00,0.89311999,0.89387,0.89222997,0.89379001,0,twelvedata,2025-08-26 19:28:19
4540,AUDCAD,2025-06-27 04:00:00,0.89377999,0.89385003,0.89253998,0.89354998,0,twelvedata,2025-08-26 19:28:19
4541,AUDCAD,2025-06-27 05:00:00,0.89353001,0.89367998,0.89205003,0.89302999,0,twelvedata,2025-08-26 19:28:19
4542,AUDCAD,2025-06-27 06:00:00,0.89296001,0.89310002,0.89184999,0.89231002,0,twelvedata,2025-08-26 19:28:19
4543,AUDCAD,2025-06-27 07:00:00,0.89231998,0.89407998,0.89199001,0.89257997,0,twelvedata,2025-08-26 19:28:19
4544,AUDCAD,2025-06-27 08:00:00,0.89270997,0.89323997,0.89184999,0.89269,0,twelvedata,2025-08-26 19:28:19
4545,AUDCAD,2025-06-27 09:00:00,0.89271998,0.89328003,0.89194,0.89297003,0,twelvedata,2025-08-26 19:28:19
4546,AUDCAD,2025-06-27 10:00:00,0.89296001,0.89421999,0.89221001,0.89394999,0,twelvedata,2025-08-26 19:28:19
4547,AUDCAD,2025-06-27 11:00:00,0.89390999,0.89433998,0.89223999,0.89411998,0,twelvedata,2025-08-26 19:28:19
4548,AUDCAD,2025-06-27 12:00:00,0.89411998,0.89431,0.89278001,0.89371002,0,twelvedata,2025-08-26 19:28:19
4549,AUDCAD,2025-06-27 13:00:00,0.89367002,0.89455003,0.89205998,0.89295,0,twelvedata,2025-08-26 19:28:19
4550,AUDCAD,2025-06-27 14:00:00,0.89301002,0.89319998,0.89191002,0.89280999,0,twelvedata,2025-08-26 19:28:19
4551,AUDCAD,2025-06-27 15:00:00,0.89283001,0.89309001,0.89146,0.89258999,0,twelvedata,2025-08-26 19:28:19
4552,AUDCAD,2025-06-27 16:00:00,0.89257997,0.89319998,0.89147002,0.89319998,0,twelvedata,2025-08-26 19:28:19
4553,AUDCAD,2025-06-27 17:00:00,0.89314002,0.89407003,0.89236999,0.89319003,0,twelvedata,2025-08-26 19:28:19
4554,AUDCAD,2025-06-27 18:00:00,0.89317,0.89412999,0.89225,0.89355999,0,twelvedata,2025-08-26 19:28:19
4555,AUDCAD,2025-06-27 19:00:00,0.89350998,0.89361,0.89191002,0.89297998,0,twelvedata,2025-08-26 19:28:19
4556,AUDCAD,2025-06-27 20:00:00,0.89291,0.89310002,0.89117002,0.89243001,0,twelvedata,2025-08-26 19:28:19
4557,AUDCAD,2025-06-27 21:00:00,0.89243001,0.8926,0.89104003,0.89213002,0,twelvedata,2025-08-26 19:28:19
4558,AUDCAD,2025-06-27 22:00:00,0.89209002,0.89345998,0.89111,0.89278001,0,twelvedata,2025-08-26 19:28:19
4559,AUDCAD,2025-06-27 23:00:00,0.89275002,0.89328998,0.88982999,0.89051002,0,twelvedata,2025-08-26 19:28:19
4560,AUDCAD,2025-06-28 00:00:00,0.89049,0.89188999,0.8897,0.89142001,0,twelvedata,2025-08-26 19:28:19
4561,AUDCAD,2025-06-28 01:00:00,0.89137,0.89295,0.89030999,0.89273,0,twelvedata,2025-08-26 19:28:19
4562,AUDCAD,2025-06-28 02:00:00,0.89270997,0.89352,0.89177001,0.8933,0,twelvedata,2025-08-26 19:28:19
4563,AUDCAD,2025-06-28 03:00:00,0.89332002,0.89608002,0.89243001,0.89519,0,twelvedata,2025-08-26 19:28:19
4564,AUDCAD,2025-06-28 04:00:00,0.89519,0.89586997,0.89279997,0.89371002,0,twelvedata,2025-08-26 19:28:19
4565,AUDCAD,2025-06-28 05:00:00,0.89367998,0.89462,0.89291,0.89372998,0,twelvedata,2025-08-26 19:28:19
4566,AUDCAD,2025-06-28 06:00:00,0.89375001,0.89444,0.89230001,0.89261001,0,twelvedata,2025-08-26 19:28:19
4567,AUDCAD,2025-06-28 07:00:00,0.89249998,0.89253998,0.89249998,0.89253998,0,twelvedata,2025-08-26 19:28:19
4568,AUDCAD,2025-06-30 09:00:00,0.89409,0.89437997,0.89288998,0.89363998,0,twelvedata,2025-08-26 19:28:19
4569,AUDCAD,2025-06-30 10:00:00,0.89363998,0.89498001,0.89292997,0.89415997,0,twelvedata,2025-08-26 19:28:19
4570,AUDCAD,2025-06-30 11:00:00,0.89419001,0.89538002,0.89310002,0.89468002,0,twelvedata,2025-08-26 19:28:19
4571,AUDCAD,2025-06-30 12:00:00,0.89466,0.89488,0.89191997,0.89314002,0,twelvedata,2025-08-26 19:28:19
4572,AUDCAD,2025-06-30 13:00:00,0.89308,0.89374,0.89217001,0.89354998,0,twelvedata,2025-08-26 19:28:19
4573,AUDCAD,2025-06-30 14:00:00,0.89358997,0.89468002,0.89254999,0.89454001,0,twelvedata,2025-08-26 19:28:19
4574,AUDCAD,2025-06-30 15:00:00,0.89456999,0.89524001,0.89353001,0.89462,0,twelvedata,2025-08-26 19:28:19
4575,AUDCAD,2025-06-30 16:00:00,0.89456999,0.89475,0.89270997,0.89388001,0,twelvedata,2025-08-26 19:28:19
4576,AUDCAD,2025-06-30 17:00:00,0.89393002,0.89393002,0.89165002,0.89336997,0,twelvedata,2025-08-26 19:28:19
4577,AUDCAD,2025-06-30 18:00:00,0.89332998,0.89420998,0.89252001,0.89401001,0,twelvedata,2025-08-26 19:28:19
4578,AUDCAD,2025-06-30 19:00:00,0.89399999,0.89406002,0.89179999,0.89254999,0,twelvedata,2025-08-26 19:28:19
4579,AUDCAD,2025-06-30 20:00:00,0.89251,0.89298999,0.89138001,0.89280999,0,twelvedata,2025-08-26 19:28:19
4580,AUDCAD,2025-06-30 21:00:00,0.89279997,0.89331001,0.89174998,0.89270002,0,twelvedata,2025-08-26 19:28:19
4581,AUDCAD,2025-06-30 22:00:00,0.89270002,0.89308,0.89124,0.89254999,0,twelvedata,2025-08-26 19:28:19
4582,AUDCAD,2025-06-30 23:00:00,0.89253998,0.89458001,0.89173001,0.89455998,0,twelvedata,2025-08-26 19:28:19
4583,AUDCAD,2025-07-01 00:00:00,0.89455003,0.89478999,0.89253002,0.89411998,0,twelvedata,2025-08-26 19:28:19
4584,AUDCAD,2025-07-01 01:00:00,0.89415997,0.89519,0.89270997,0.89512998,0,twelvedata,2025-08-26 19:28:19
4585,AUDCAD,2025-07-01 02:00:00,0.89508998,0.89565998,0.89397001,0.89552999,0,twelvedata,2025-08-26 19:28:19
4586,AUDCAD,2025-07-01 03:00:00,0.89557999,0.89649999,0.89459002,0.89617997,0,twelvedata,2025-08-26 19:28:19
4587,AUDCAD,2025-07-01 04:00:00,0.89616001,0.89670002,0.89511001,0.89622998,0,twelvedata,2025-08-26 19:28:19
4588,AUDCAD,2025-07-01 05:00:00,0.8962,0.89666998,0.89525998,0.89629,0,twelvedata,2025-08-26 19:28:19
4589,AUDCAD,2025-07-01 06:00:00,0.89630002,0.89660001,0.89450002,0.89468002,0,twelvedata,2025-08-26 19:28:19
4590,AUDCAD,2025-07-01 07:00:00,0.89490998,0.89552999,0.89310002,0.89499998,0,twelvedata,2025-08-26 19:28:19
4591,AUDCAD,2025-07-01 08:00:00,0.89504999,0.89586997,0.89445001,0.89543003,0,twelvedata,2025-08-26 19:28:19
4592,AUDCAD,2025-07-01 09:00:00,0.89556003,0.89564002,0.89375001,0.89468002,0,twelvedata,2025-08-26 19:28:19
4593,AUDCAD,2025-07-01 10:00:00,0.89469999,0.89500999,0.89354998,0.89444,0,twelvedata,2025-08-26 19:28:19
4594,AUDCAD,2025-07-01 11:00:00,0.89442998,0.89447999,0.89196002,0.89302999,0,twelvedata,2025-08-26 19:28:19
4595,AUDCAD,2025-07-01 12:00:00,0.89301002,0.89392,0.89182001,0.89385003,0,twelvedata,2025-08-26 19:28:19
4596,AUDCAD,2025-07-01 13:00:00,0.89389998,0.89433998,0.89266002,0.89385998,0,twelvedata,2025-08-26 19:28:19
4597,AUDCAD,2025-07-01 14:00:00,0.89383,0.89446998,0.89270002,0.89423001,0,twelvedata,2025-08-26 19:28:19
4598,AUDCAD,2025-07-01 15:00:00,0.89420998,0.89523,0.89337999,0.89507002,0,twelvedata,2025-08-26 19:28:19
4599,AUDCAD,2025-07-01 16:00:00,0.89499998,0.89513999,0.89323997,0.89475,0,twelvedata,2025-08-26 19:28:19
4600,AUDCAD,2025-07-01 17:00:00,0.89469999,0.89582002,0.89390999,0.89570999,0,twelvedata,2025-08-26 19:28:19
4601,AUDCAD,2025-07-01 18:00:00,0.89569998,0.89599001,0.89403999,0.89565998,0,twelvedata,2025-08-26 19:28:19
4602,AUDCAD,2025-07-01 19:00:00,0.89565003,0.89582002,0.89415002,0.89511001,0,twelvedata,2025-08-26 19:28:19
4603,AUDCAD,2025-07-01 20:00:00,0.89507997,0.89608997,0.89420998,0.89567,0,twelvedata,2025-08-26 19:28:19
4604,AUDCAD,2025-07-01 21:00:00,0.89574999,0.89613003,0.89455003,0.89600003,0,twelvedata,2025-08-26 19:28:19
4605,AUDCAD,2025-07-01 22:00:00,0.89596999,0.89648998,0.89466,0.89565998,0,twelvedata,2025-08-26 19:28:19
4606,AUDCAD,2025-07-01 23:00:00,0.89564002,0.89647001,0.89431,0.89594001,0,twelvedata,2025-08-26 19:28:19
4607,AUDCAD,2025-07-02 00:00:00,0.89602,0.89765,0.89486998,0.89744002,0,twelvedata,2025-08-26 19:28:19
4608,AUDCAD,2025-07-02 01:00:00,0.89741999,0.89762002,0.89568001,0.89741999,0,twelvedata,2025-08-26 19:28:19
4609,AUDCAD,2025-07-02 02:00:00,0.89740998,0.89772999,0.89595002,0.89699,0,twelvedata,2025-08-26 19:28:19
4610,AUDCAD,2025-07-02 03:00:00,0.89700001,0.89758998,0.89608997,0.89744002,0,twelvedata,2025-08-26 19:28:19
4611,AUDCAD,2025-07-02 04:00:00,0.89744997,0.89756,0.89630002,0.89735001,0,twelvedata,2025-08-26 19:28:19
4612,AUDCAD,2025-07-02 05:00:00,0.89728999,0.89753002,0.89614999,0.89731997,0,twelvedata,2025-08-26 19:28:19
4613,AUDCAD,2025-07-02 06:00:00,0.89731997,0.89828998,0.89651,0.89794999,0,twelvedata,2025-08-26 19:28:19
4614,AUDCAD,2025-07-02 07:00:00,0.89744002,0.89758003,0.89574999,0.89705998,0,twelvedata,2025-08-26 19:28:19
4615,AUDCAD,2025-07-02 08:00:00,0.8973,0.89802998,0.89683998,0.89769,0,twelvedata,2025-08-26 19:28:19
4616,AUDCAD,2025-07-02 09:00:00,0.89774001,0.89791,0.89664,0.89750999,0,twelvedata,2025-08-26 19:28:19
4617,AUDCAD,2025-07-02 10:00:00,0.89753002,0.89775997,0.89652997,0.89747,0,twelvedata,2025-08-26 19:28:19
4618,AUDCAD,2025-07-02 11:00:00,0.89754999,0.89762998,0.89529997,0.89643002,0,twelvedata,2025-08-26 19:28:19
4619,AUDCAD,2025-07-02 12:00:00,0.89642,0.89692998,0.89534998,0.89683002,0,twelvedata,2025-08-26 19:28:19
4620,AUDCAD,2025-07-02 13:00:00,0.89682001,0.89782,0.89604998,0.89775002,0,twelvedata,2025-08-26 19:28:19
4621,AUDCAD,2025-07-02 14:00:00,0.89775997,0.89820999,0.89682001,0.89789999,0,twelvedata,2025-08-26 19:28:19
4622,AUDCAD,2025-07-02 15:00:00,0.89788997,0.89797997,0.89679998,0.89750999,0,twelvedata,2025-08-26 19:28:19
4623,AUDCAD,2025-07-02 16:00:00,0.89753997,0.89780003,0.8962,0.89679998,0,twelvedata,2025-08-26 19:28:19
4624,AUDCAD,2025-07-02 17:00:00,0.89684999,0.89688998,0.89516997,0.89552999,0,twelvedata,2025-08-26 19:28:19
4625,AUDCAD,2025-07-02 18:00:00,0.8955,0.89595997,0.89459002,0.89574999,0,twelvedata,2025-08-26 19:28:19
4626,AUDCAD,2025-07-02 19:00:00,0.89569998,0.89621001,0.89488,0.89582998,0,twelvedata,2025-08-26 19:28:19
4627,AUDCAD,2025-07-02 20:00:00,0.89582998,0.89622003,0.89498001,0.8955,0,twelvedata,2025-08-26 19:28:19
4628,AUDCAD,2025-07-02 21:00:00,0.89559001,0.89590001,0.89341998,0.89409,0,twelvedata,2025-08-26 19:28:19
4629,AUDCAD,2025-07-02 22:00:00,0.89407003,0.89568001,0.89269,0.89394999,0,twelvedata,2025-08-26 19:28:19
4630,AUDCAD,2025-07-02 23:00:00,0.89398998,0.89486003,0.89256001,0.89371997,0,twelvedata,2025-08-26 19:28:19
4631,AUDCAD,2025-07-03 00:00:00,0.89376998,0.89493001,0.89240003,0.89477998,0,twelvedata,2025-08-26 19:28:19
4632,AUDCAD,2025-07-03 01:00:00,0.89480001,0.89595002,0.89389002,0.89481002,0,twelvedata,2025-08-26 19:28:19
4633,AUDCAD,2025-07-03 02:00:00,0.89477998,0.89529997,0.89350998,0.89424998,0,twelvedata,2025-08-26 19:28:19
4634,AUDCAD,2025-07-03 03:00:00,0.89427,0.89472002,0.89340001,0.89392,0,twelvedata,2025-08-26 19:28:19
4635,AUDCAD,2025-07-03 04:00:00,0.89398003,0.89471,0.89328003,0.89467001,0,twelvedata,2025-08-26 19:28:19
4636,AUDCAD,2025-07-03 05:00:00,0.89468998,0.89535999,0.89399999,0.89503002,0,twelvedata,2025-08-26 19:28:19
4637,AUDCAD,2025-07-03 06:00:00,0.89502001,0.89521003,0.89375001,0.89412999,0,twelvedata,2025-08-26 19:28:19
4638,AUDCAD,2025-07-03 07:00:00,0.89421999,0.89458001,0.89323002,0.89442998,0,twelvedata,2025-08-26 19:28:19
4639,AUDCAD,2025-07-03 08:00:00,0.8944,0.89506,0.89367998,0.89486998,0,twelvedata,2025-08-26 19:28:19
4640,AUDCAD,2025-07-03 09:00:00,0.89482999,0.89489001,0.89344001,0.89429998,0,twelvedata,2025-08-26 19:28:19
4641,AUDCAD,2025-07-03 10:00:00,0.89427,0.89450997,0.89240998,0.89362001,0,twelvedata,2025-08-26 19:28:19
4642,AUDCAD,2025-07-03 11:00:00,0.89362001,0.89372998,0.89208001,0.89319003,0,twelvedata,2025-08-26 19:28:19
4643,AUDCAD,2025-07-03 12:00:00,0.89319998,0.89319998,0.89143002,0.89284003,0,twelvedata,2025-08-26 19:28:19
4644,AUDCAD,2025-07-03 13:00:00,0.89288002,0.89324999,0.89160001,0.89265001,0,twelvedata,2025-08-26 19:28:19
4645,AUDCAD,2025-07-03 14:00:00,0.89266998,0.8933,0.89173001,0.89328998,0,twelvedata,2025-08-26 19:28:19
4646,AUDCAD,2025-07-03 15:00:00,0.89324999,0.89362001,0.89165002,0.89354998,0,twelvedata,2025-08-26 19:28:19
4647,AUDCAD,2025-07-03 16:00:00,0.89357001,0.89433002,0.89232999,0.89419001,0,twelvedata,2025-08-26 19:28:19
4648,AUDCAD,2025-07-03 17:00:00,0.89418,0.89451998,0.89269,0.89407998,0,twelvedata,2025-08-26 19:28:19
4649,AUDCAD,2025-07-03 18:00:00,0.89403999,0.89455003,0.89297998,0.89375001,0,twelvedata,2025-08-26 19:28:19
4650,AUDCAD,2025-07-03 19:00:00,0.89371002,0.89406002,0.89253998,0.89361,0,twelvedata,2025-08-26 19:28:19
4651,AUDCAD,2025-07-03 20:00:00,0.89358002,0.89385998,0.89219999,0.89310998,0,twelvedata,2025-08-26 19:28:19
4652,AUDCAD,2025-07-03 21:00:00,0.89317,0.89346999,0.89209002,0.89324999,0,twelvedata,2025-08-26 19:28:19
4653,AUDCAD,2025-07-03 22:00:00,0.89322001,0.89349997,0.88928002,0.89125001,0,twelvedata,2025-08-26 19:28:19
4654,AUDCAD,2025-07-03 23:00:00,0.89126998,0.89323997,0.88936001,0.89205998,0,twelvedata,2025-08-26 19:28:19
4655,AUDCAD,2025-07-04 00:00:00,0.89205003,0.89301002,0.89028001,0.89128,0,twelvedata,2025-08-26 19:28:19
4656,AUDCAD,2025-07-04 01:00:00,0.89130002,0.89183998,0.89016002,0.89121997,0,twelvedata,2025-08-26 19:28:19
4657,AUDCAD,2025-07-04 02:00:00,0.89126998,0.89151001,0.88990998,0.89107001,0,twelvedata,2025-08-26 19:28:19
4658,AUDCAD,2025-07-04 03:00:00,0.89104003,0.89135998,0.8901,0.89121997,0,twelvedata,2025-08-26 19:28:19
4659,AUDCAD,2025-07-04 04:00:00,0.89125001,0.89130002,0.88976002,0.89104003,0,twelvedata,2025-08-26 19:28:19
4660,AUDCAD,2025-07-04 05:00:00,0.89107001,0.89248002,0.88994002,0.89208001,0,twelvedata,2025-08-26 19:28:19
4661,AUDCAD,2025-07-04 06:00:00,0.89205998,0.89270997,0.89117998,0.89212,0,twelvedata,2025-08-26 19:28:19
4662,AUDCAD,2025-07-04 07:00:00,0.89138001,0.89262998,0.89099002,0.89257002,0,twelvedata,2025-08-26 19:28:19
4663,AUDCAD,2025-07-04 08:00:00,0.89235002,0.89279997,0.89162999,0.89258999,0,twelvedata,2025-08-26 19:28:19
4664,AUDCAD,2025-07-04 09:00:00,0.8926,0.89295,0.89170003,0.89267999,0,twelvedata,2025-08-26 19:28:19
4665,AUDCAD,2025-07-04 10:00:00,0.89262998,0.89288998,0.89109999,0.89244002,0,twelvedata,2025-08-26 19:28:19
4666,AUDCAD,2025-07-04 11:00:00,0.89239001,0.89304,0.89060998,0.89146,0,twelvedata,2025-08-26 19:28:19
4667,AUDCAD,2025-07-04 12:00:00,0.8915,0.89227003,0.89051998,0.8919,0,twelvedata,2025-08-26 19:28:19
4668,AUDCAD,2025-07-04 13:00:00,0.89188999,0.89205003,0.89045,0.89191002,0,twelvedata,2025-08-26 19:28:19
4669,AUDCAD,2025-07-04 14:00:00,0.8919,0.89218998,0.89028001,0.89196002,0,twelvedata,2025-08-26 19:28:19
4670,AUDCAD,2025-07-04 15:00:00,0.89196002,0.89266002,0.89081001,0.89164001,0,twelvedata,2025-08-26 19:28:19
4671,AUDCAD,2025-07-04 16:00:00,0.89162999,0.89219999,0.89020997,0.89140999,0,twelvedata,2025-08-26 19:28:19
4672,AUDCAD,2025-07-04 17:00:00,0.89143997,0.89191997,0.88927001,0.89090002,0,twelvedata,2025-08-26 19:28:19
4673,AUDCAD,2025-07-04 18:00:00,0.89089,0.89147002,0.89003003,0.89129001,0,twelvedata,2025-08-26 19:28:19
4674,AUDCAD,2025-07-04 19:00:00,0.89126998,0.89148003,0.88994998,0.89115,0,twelvedata,2025-08-26 19:28:19
4675,AUDCAD,2025-07-04 20:00:00,0.89112002,0.89177001,0.89014,0.89122999,0,twelvedata,2025-08-26 19:28:19
4676,AUDCAD,2025-07-04 21:00:00,0.89121002,0.89160001,0.89028001,0.89121002,0,twelvedata,2025-08-26 19:28:19
4677,AUDCAD,2025-07-04 22:00:00,0.89120001,0.89143002,0.88946998,0.89112002,0,twelvedata,2025-08-26 19:28:19
4678,AUDCAD,2025-07-04 23:00:00,0.89111,0.89153999,0.88997,0.89116001,0,twelvedata,2025-08-26 19:28:19
4679,AUDCAD,2025-07-05 00:00:00,0.89117002,0.89140999,0.88982999,0.89126998,0,twelvedata,2025-08-26 19:28:19
4680,AUDCAD,2025-07-05 01:00:00,0.89126998,0.89139998,0.8901,0.89104998,0,twelvedata,2025-08-26 19:28:19
4681,AUDCAD,2025-07-05 02:00:00,0.89103001,0.89134997,0.89003003,0.89125001,0,twelvedata,2025-08-26 19:28:19
4682,AUDCAD,2025-07-05 03:00:00,0.89125001,0.89166999,0.89025998,0.89161003,0,twelvedata,2025-08-26 19:28:19
4683,AUDCAD,2025-07-05 04:00:00,0.89155,0.89169002,0.89020002,0.89102,0,twelvedata,2025-08-26 19:28:19
4684,AUDCAD,2025-07-05 05:00:00,0.89100999,0.89130998,0.88997,0.89124,0,twelvedata,2025-08-26 19:28:19
4685,AUDCAD,2025-07-05 06:00:00,0.89126003,0.89142001,0.88981998,0.89077997,0,twelvedata,2025-08-26 19:28:19
4686,AUDCAD,2025-07-05 07:00:00,0.89043999,0.89043999,0.89043999,0.89043999,0,twelvedata,2025-08-26 19:28:19
4687,AUDCAD,2025-07-07 09:00:00,0.89107001,0.89156002,0.88992,0.89095998,0,twelvedata,2025-08-26 19:28:19
4688,AUDCAD,2025-07-07 10:00:00,0.89087999,0.89105999,0.88857001,0.88985997,0,twelvedata,2025-08-26 19:28:19
4689,AUDCAD,2025-07-07 11:00:00,0.88984001,0.89003003,0.88766003,0.88865,0,twelvedata,2025-08-26 19:28:19
4690,AUDCAD,2025-07-07 12:00:00,0.88863999,0.88914001,0.88730001,0.88813001,0,twelvedata,2025-08-26 19:28:19
4691,AUDCAD,2025-07-07 13:00:00,0.88814998,0.88854998,0.88673002,0.88773,0,twelvedata,2025-08-26 19:28:19
4692,AUDCAD,2025-07-07 14:00:00,0.88765001,0.88802999,0.88571,0.88673002,0,twelvedata,2025-08-26 19:28:19
4693,AUDCAD,2025-07-07 15:00:00,0.88673002,0.88762999,0.88573003,0.88758999,0,twelvedata,2025-08-26 19:28:19
4694,AUDCAD,2025-07-07 16:00:00,0.88752002,0.88814998,0.88609999,0.88802999,0,twelvedata,2025-08-26 19:28:19
4695,AUDCAD,2025-07-07 17:00:00,0.88801003,0.88915998,0.88717997,0.88880998,0,twelvedata,2025-08-26 19:28:19
4696,AUDCAD,2025-07-07 18:00:00,0.88880998,0.88907999,0.88703001,0.88805997,0,twelvedata,2025-08-26 19:28:19
4697,AUDCAD,2025-07-07 19:00:00,0.88806999,0.88840002,0.88652003,0.88835001,0,twelvedata,2025-08-26 19:28:19
4698,AUDCAD,2025-07-07 20:00:00,0.88832003,0.88837999,0.88660002,0.88766998,0,twelvedata,2025-08-26 19:28:19
4699,AUDCAD,2025-07-07 21:00:00,0.88764,0.88834,0.88655001,0.88745999,0,twelvedata,2025-08-26 19:28:19
4700,AUDCAD,2025-07-07 22:00:00,0.88747001,0.88810003,0.88621002,0.88730001,0,twelvedata,2025-08-26 19:28:19
4701,AUDCAD,2025-07-07 23:00:00,0.88727999,0.88874,0.88585001,0.88840002,0,twelvedata,2025-08-26 19:28:19
4702,AUDCAD,2025-07-08 00:00:00,0.88840002,0.88897002,0.88703001,0.88863999,0,twelvedata,2025-08-26 19:28:19
4703,AUDCAD,2025-07-08 01:00:00,0.88859999,0.88911003,0.88757998,0.88845998,0,twelvedata,2025-08-26 19:28:19
4704,AUDCAD,2025-07-08 02:00:00,0.88844001,0.88894999,0.88642001,0.88731998,0,twelvedata,2025-08-26 19:28:19
4705,AUDCAD,2025-07-08 03:00:00,0.88731003,0.88813001,0.88647997,0.88793999,0,twelvedata,2025-08-26 19:28:19
4706,AUDCAD,2025-07-08 04:00:00,0.88789999,0.88846999,0.88635999,0.88788998,0,twelvedata,2025-08-26 19:28:19
4707,AUDCAD,2025-07-08 05:00:00,0.88792998,0.88845003,0.88683999,0.88813001,0,twelvedata,2025-08-26 19:28:19
4708,AUDCAD,2025-07-08 06:00:00,0.88812,0.88826001,0.8865,0.88774002,0,twelvedata,2025-08-26 19:28:19
4709,AUDCAD,2025-07-08 07:00:00,0.88775998,0.88821,0.88679999,0.88775998,0,twelvedata,2025-08-26 19:28:19
4710,AUDCAD,2025-07-08 08:00:00,0.88775998,0.88848001,0.88704002,0.88834,0,twelvedata,2025-08-26 19:28:19
4711,AUDCAD,2025-07-08 09:00:00,0.8883,0.88913,0.88730001,0.88893998,0,twelvedata,2025-08-26 19:28:19
4712,AUDCAD,2025-07-08 10:00:00,0.88901001,0.88994998,0.88819999,0.88928998,0,twelvedata,2025-08-26 19:28:19
4713,AUDCAD,2025-07-08 11:00:00,0.88928002,0.88981003,0.88805002,0.88891,0,twelvedata,2025-08-26 19:28:19
4714,AUDCAD,2025-07-08 12:00:00,0.88897997,0.88993001,0.88801003,0.88924003,0,twelvedata,2025-08-26 19:28:19
4715,AUDCAD,2025-07-08 13:00:00,0.88924003,0.88966,0.88802999,0.88894999,0,twelvedata,2025-08-26 19:28:19
4716,AUDCAD,2025-07-08 14:00:00,0.88896,0.89429998,0.88789999,0.89279002,0,twelvedata,2025-08-26 19:28:19
4717,AUDCAD,2025-07-08 15:00:00,0.89282,0.89336002,0.89076,0.89266998,0,twelvedata,2025-08-26 19:28:19
4718,AUDCAD,2025-07-08 16:00:00,0.89267999,0.89361,0.89104003,0.89174998,0,twelvedata,2025-08-26 19:28:19
4719,AUDCAD,2025-07-08 17:00:00,0.89174002,0.89270002,0.89086998,0.89231998,0,twelvedata,2025-08-26 19:28:19
4720,AUDCAD,2025-07-08 18:00:00,0.89238,0.89278001,0.89120001,0.89253998,0,twelvedata,2025-08-26 19:28:19
4721,AUDCAD,2025-07-08 19:00:00,0.89258999,0.89318001,0.89131999,0.89247,0,twelvedata,2025-08-26 19:28:19
4722,AUDCAD,2025-07-08 20:00:00,0.89247,0.89309001,0.89143002,0.89293998,0,twelvedata,2025-08-26 19:28:19
4723,AUDCAD,2025-07-08 21:00:00,0.89292997,0.89349002,0.89196002,0.89308,0,twelvedata,2025-08-26 19:28:19
4724,AUDCAD,2025-07-08 22:00:00,0.89310998,0.89358002,0.89156002,0.89339,0,twelvedata,2025-08-26 19:28:19
4725,AUDCAD,2025-07-08 23:00:00,0.89333999,0.89354002,0.89050001,0.89203,0,twelvedata,2025-08-26 19:28:19
4726,AUDCAD,2025-07-09 00:00:00,0.89204001,0.89204001,0.88986999,0.89166999,0,twelvedata,2025-08-26 19:28:19
4727,AUDCAD,2025-07-09 01:00:00,0.89162999,0.89275002,0.89077997,0.89181,0,twelvedata,2025-08-26 19:28:19
4728,AUDCAD,2025-07-09 02:00:00,0.89179999,0.89286,0.8908,0.89262998,0,twelvedata,2025-08-26 19:28:19
4729,AUDCAD,2025-07-09 03:00:00,0.89263999,0.89388001,0.89170998,0.89363998,0,twelvedata,2025-08-26 19:28:19
4730,AUDCAD,2025-07-09 04:00:00,0.89362001,0.89371997,0.89194,0.89296001,0,twelvedata,2025-08-26 19:28:19
4731,AUDCAD,2025-07-09 05:00:00,0.89295,0.89317,0.89178002,0.89288998,0,twelvedata,2025-08-26 19:28:19
4732,AUDCAD,2025-07-09 06:00:00,0.89289999,0.89295,0.89112002,0.89155,0,twelvedata,2025-08-26 19:28:19
4733,AUDCAD,2025-07-09 07:00:00,0.89170003,0.89204001,0.89055997,0.89115,0,twelvedata,2025-08-26 19:28:19
4734,AUDCAD,2025-07-09 08:00:00,0.89115,0.89239001,0.89071,0.89223999,0,twelvedata,2025-08-26 19:28:19
4735,AUDCAD,2025-07-09 09:00:00,0.89218003,0.89235997,0.89081001,0.89164001,0,twelvedata,2025-08-26 19:28:19
4736,AUDCAD,2025-07-09 10:00:00,0.89164001,0.89288002,0.89082998,0.89239001,0,twelvedata,2025-08-26 19:28:19
4737,AUDCAD,2025-07-09 11:00:00,0.89236999,0.89349997,0.89109999,0.89291,0,twelvedata,2025-08-26 19:28:19
4738,AUDCAD,2025-07-09 12:00:00,0.89295,0.89354998,0.89063001,0.89184999,0,twelvedata,2025-08-26 19:28:19
4739,AUDCAD,2025-07-09 13:00:00,0.89181,0.89275002,0.89023,0.89270002,0,twelvedata,2025-08-26 19:28:19
4740,AUDCAD,2025-07-09 14:00:00,0.89266998,0.89450002,0.89177001,0.89397001,0,twelvedata,2025-08-26 19:28:19
4741,AUDCAD,2025-07-09 15:00:00,0.89396,0.89482999,0.89256001,0.89337999,0,twelvedata,2025-08-26 19:28:19
4742,AUDCAD,2025-07-09 16:00:00,0.89331001,0.89428002,0.89155,0.89415002,0,twelvedata,2025-08-26 19:28:19
4743,AUDCAD,2025-07-09 17:00:00,0.89411002,0.89449,0.89175999,0.89314997,0,twelvedata,2025-08-26 19:28:19
4744,AUDCAD,2025-07-09 18:00:00,0.89313,0.89405,0.89191997,0.89354998,0,twelvedata,2025-08-26 19:28:19
4745,AUDCAD,2025-07-09 19:00:00,0.89355999,0.89420003,0.89253002,0.89387,0,twelvedata,2025-08-26 19:28:19
4746,AUDCAD,2025-07-09 20:00:00,0.89388001,0.89411002,0.89217001,0.89323002,0,twelvedata,2025-08-26 19:28:19
4747,AUDCAD,2025-07-09 21:00:00,0.89319998,0.89367002,0.89229,0.89314002,0,twelvedata,2025-08-26 19:28:19
4748,AUDCAD,2025-07-09 22:00:00,0.89314997,0.89467001,0.89196998,0.89427,0,twelvedata,2025-08-26 19:28:19
4749,AUDCAD,2025-07-09 23:00:00,0.89428997,0.89528,0.89297998,0.89472002,0,twelvedata,2025-08-26 19:28:19
4750,AUDCAD,2025-07-10 00:00:00,0.89472997,0.89576,0.89354998,0.89454001,0,twelvedata,2025-08-26 19:28:19
4751,AUDCAD,2025-07-10 01:00:00,0.89458001,0.89480001,0.89323997,0.89424002,0,twelvedata,2025-08-26 19:28:19
4752,AUDCAD,2025-07-10 02:00:00,0.89420003,0.89517999,0.89333999,0.89460999,0,twelvedata,2025-08-26 19:28:19
4753,AUDCAD,2025-07-10 03:00:00,0.89462,0.89535999,0.89363998,0.89495999,0,twelvedata,2025-08-26 19:28:19
4754,AUDCAD,2025-07-10 04:00:00,0.89478999,0.89539999,0.89387,0.89515001,0,twelvedata,2025-08-26 19:28:19
4755,AUDCAD,2025-07-10 05:00:00,0.89515001,0.89561999,0.89423001,0.89508998,0,twelvedata,2025-08-26 19:28:19
4756,AUDCAD,2025-07-10 06:00:00,0.89504999,0.89521998,0.89352,0.89410001,0,twelvedata,2025-08-26 19:28:19
4757,AUDCAD,2025-07-10 07:00:00,0.89394999,0.89428002,0.89244998,0.89394999,0,twelvedata,2025-08-26 19:28:19
4758,AUDCAD,2025-07-10 08:00:00,0.89403999,0.89468002,0.89357001,0.89451998,0,twelvedata,2025-08-26 19:28:19
4759,AUDCAD,2025-07-10 09:00:00,0.89437997,0.89463001,0.89348,0.89432001,0,twelvedata,2025-08-26 19:28:19
4760,AUDCAD,2025-07-10 10:00:00,0.89433998,0.89537001,0.89348,0.89486998,0,twelvedata,2025-08-26 19:28:19
4761,AUDCAD,2025-07-10 11:00:00,0.89481002,0.89534998,0.8937,0.89493001,0,twelvedata,2025-08-26 19:28:19
4762,AUDCAD,2025-07-10 12:00:00,0.89493001,0.89596999,0.89420998,0.89591002,0,twelvedata,2025-08-26 19:28:19
4763,AUDCAD,2025-07-10 13:00:00,0.89583999,0.89603001,0.89459002,0.89516997,0,twelvedata,2025-08-26 19:28:19
4764,AUDCAD,2025-07-10 14:00:00,0.89516002,0.89543003,0.89398003,0.89529997,0,twelvedata,2025-08-26 19:28:19
4765,AUDCAD,2025-07-10 15:00:00,0.89523,0.89608997,0.89438999,0.89602,0,twelvedata,2025-08-26 19:28:19
4766,AUDCAD,2025-07-10 16:00:00,0.89596999,0.89631999,0.89477998,0.89594001,0,twelvedata,2025-08-26 19:28:19
4767,AUDCAD,2025-07-10 17:00:00,0.89587998,0.89664,0.89484,0.89600003,0,twelvedata,2025-08-26 19:28:19
4768,AUDCAD,2025-07-10 18:00:00,0.89604998,0.89665997,0.89513999,0.89660001,0,twelvedata,2025-08-26 19:28:19
4769,AUDCAD,2025-07-10 19:00:00,0.89657998,0.89737999,0.89585,0.89710999,0,twelvedata,2025-08-26 19:28:19
4770,AUDCAD,2025-07-10 20:00:00,0.89710999,0.89771003,0.89624,0.89740998,0,twelvedata,2025-08-26 19:28:19
4771,AUDCAD,2025-07-10 21:00:00,0.89739001,0.89758003,0.89560997,0.89658999,0,twelvedata,2025-08-26 19:28:19
4772,AUDCAD,2025-07-10 22:00:00,0.89656001,0.89693999,0.89528,0.89678001,0,twelvedata,2025-08-26 19:28:19
4773,AUDCAD,2025-07-10 23:00:00,0.89678001,0.89727998,0.89560997,0.89634001,0,twelvedata,2025-08-26 19:28:19
4774,AUDCAD,2025-07-11 00:00:00,0.89634001,0.89775002,0.89559001,0.89766997,0,twelvedata,2025-08-26 19:28:19
4775,AUDCAD,2025-07-11 01:00:00,0.89766997,0.89911997,0.89687002,0.89890999,0,twelvedata,2025-08-26 19:28:19
4776,AUDCAD,2025-07-11 02:00:00,0.89885002,0.89938998,0.89801002,0.89924002,0,twelvedata,2025-08-26 19:28:19
4777,AUDCAD,2025-07-11 03:00:00,0.89924002,0.89952999,0.89827001,0.89916998,0,twelvedata,2025-08-26 19:28:19
4778,AUDCAD,2025-07-11 04:00:00,0.89918,0.90008003,0.89839,0.89995003,0,twelvedata,2025-08-26 19:28:19
4779,AUDCAD,2025-07-11 05:00:00,0.89995003,0.90052003,0.89903003,0.90019,0,twelvedata,2025-08-26 19:28:19
4780,AUDCAD,2025-07-11 06:00:00,0.90019,0.90038002,0.89875001,0.89905,0,twelvedata,2025-08-26 19:28:19
4781,AUDCAD,2025-07-11 07:00:00,0.89920002,0.89954001,0.89643002,0.89903003,0,twelvedata,2025-08-26 19:28:19
4782,AUDCAD,2025-07-11 08:00:00,0.89903003,0.90035999,0.89840001,0.90003997,0,twelvedata,2025-08-26 19:28:19
4783,AUDCAD,2025-07-11 09:00:00,0.90008998,0.90046,0.89915001,0.90024,0,twelvedata,2025-08-26 19:28:19
4784,AUDCAD,2025-07-11 10:00:00,0.90025002,0.90122002,0.89762998,0.89905,0,twelvedata,2025-08-26 19:28:19
4785,AUDCAD,2025-07-11 11:00:00,0.89902002,0.90217,0.89802998,0.90147001,0,twelvedata,2025-08-26 19:28:19
4786,AUDCAD,2025-07-11 12:00:00,0.90147001,0.90218002,0.90025002,0.90114999,0,twelvedata,2025-08-26 19:28:19
4787,AUDCAD,2025-07-11 13:00:00,0.90117002,0.90209001,0.90017998,0.90154999,0,twelvedata,2025-08-26 19:28:19
4788,AUDCAD,2025-07-11 14:00:00,0.90154999,0.9016,0.89938998,0.90059,0,twelvedata,2025-08-26 19:28:19
4789,AUDCAD,2025-07-11 15:00:00,0.90056998,0.90145999,0.89984,0.90103,0,twelvedata,2025-08-26 19:28:19
4790,AUDCAD,2025-07-11 16:00:00,0.90104002,0.90205002,0.89998001,0.90188998,0,twelvedata,2025-08-26 19:28:19
4791,AUDCAD,2025-07-11 17:00:00,0.90188998,0.90217,0.90043998,0.90152001,0,twelvedata,2025-08-26 19:28:19
4792,AUDCAD,2025-07-11 18:00:00,0.90149999,0.90158999,0.89942998,0.90042001,0,twelvedata,2025-08-26 19:28:19
4793,AUDCAD,2025-07-11 19:00:00,0.90039003,0.90121001,0.89951998,0.90096003,0,twelvedata,2025-08-26 19:28:19
4794,AUDCAD,2025-07-11 20:00:00,0.90094,0.90200001,0.89990002,0.90177,0,twelvedata,2025-08-26 19:28:19
4795,AUDCAD,2025-07-11 21:00:00,0.90171999,0.90214998,0.90030998,0.90104002,0,twelvedata,2025-08-26 19:28:19
4796,AUDCAD,2025-07-11 22:00:00,0.90101999,0.90127999,0.89809,0.89986002,0,twelvedata,2025-08-26 19:28:19
4797,AUDCAD,2025-07-11 23:00:00,0.89987999,0.90126997,0.89892,0.90056002,0,twelvedata,2025-08-26 19:28:19
4798,AUDCAD,2025-07-12 00:00:00,0.90053999,0.90144998,0.89898002,0.90031999,0,twelvedata,2025-08-26 19:28:19
4799,AUDCAD,2025-07-12 01:00:00,0.90030003,0.90069002,0.89877999,0.89956999,0,twelvedata,2025-08-26 19:28:19
4800,AUDCAD,2025-07-12 02:00:00,0.89955002,0.90017003,0.89855999,0.89997,0,twelvedata,2025-08-26 19:28:19
4801,AUDCAD,2025-07-12 03:00:00,0.89997,0.90034997,0.89903003,0.89982998,0,twelvedata,2025-08-26 19:28:19
4802,AUDCAD,2025-07-12 04:00:00,0.89989001,0.90009999,0.89881998,0.89976001,0,twelvedata,2025-08-26 19:28:19
4803,AUDCAD,2025-07-12 05:00:00,0.89977998,0.90043002,0.89845997,0.89990002,0,twelvedata,2025-08-26 19:28:19
4804,AUDCAD,2025-07-12 06:00:00,0.89994001,0.90042001,0.89863002,0.89962,0,twelvedata,2025-08-26 19:28:19
4805,AUDCAD,2025-07-12 07:00:00,0.89942998,0.89982998,0.89942998,0.89982998,0,twelvedata,2025-08-26 19:28:19
4806,AUDCAD,2025-07-14 09:00:00,0.89936,0.90015,0.89850003,0.89987999,0,twelvedata,2025-08-26 19:28:19
4807,AUDCAD,2025-07-14 10:00:00,0.89985001,0.90114999,0.89907998,0.90044999,0,twelvedata,2025-08-26 19:28:19
4808,AUDCAD,2025-07-14 11:00:00,0.90041,0.90066999,0.89731002,0.89886999,0,twelvedata,2025-08-26 19:28:19
4809,AUDCAD,2025-07-14 12:00:00,0.89881998,0.89920002,0.89761001,0.89895999,0,twelvedata,2025-08-26 19:28:19
4810,AUDCAD,2025-07-14 13:00:00,0.89889002,0.89962,0.89783001,0.89933002,0,twelvedata,2025-08-26 19:28:19
4811,AUDCAD,2025-07-14 14:00:00,0.89930999,0.89930999,0.89791,0.89873999,0,twelvedata,2025-08-26 19:28:19
4812,AUDCAD,2025-07-14 15:00:00,0.89872998,0.89946002,0.89762002,0.89855999,0,twelvedata,2025-08-26 19:28:19
4813,AUDCAD,2025-07-14 16:00:00,0.89859998,0.89883,0.89727998,0.89827001,0,twelvedata,2025-08-26 19:28:19
4814,AUDCAD,2025-07-14 17:00:00,0.89823002,0.89920998,0.89674997,0.89894003,0,twelvedata,2025-08-26 19:28:19
4815,AUDCAD,2025-07-14 18:00:00,0.89888,0.89924002,0.89753997,0.89835,0,twelvedata,2025-08-26 19:28:19
4816,AUDCAD,2025-07-14 19:00:00,0.89831001,0.89863002,0.89709002,0.89849001,0,twelvedata,2025-08-26 19:28:19
4817,AUDCAD,2025-07-14 20:00:00,0.89841998,0.89875001,0.89691001,0.89801002,0,twelvedata,2025-08-26 19:28:19
4818,AUDCAD,2025-07-14 21:00:00,0.89798999,0.89832002,0.89683998,0.89784002,0,twelvedata,2025-08-26 19:28:19
4819,AUDCAD,2025-07-14 22:00:00,0.89780003,0.89810002,0.89647001,0.89766002,0,twelvedata,2025-08-26 19:28:19
4820,AUDCAD,2025-07-14 23:00:00,0.89767998,0.89851999,0.89670998,0.89829999,0,twelvedata,2025-08-26 19:28:19
4821,AUDCAD,2025-07-15 00:00:00,0.89832997,0.89837998,0.89600998,0.89681,0,twelvedata,2025-08-26 19:28:19
4822,AUDCAD,2025-07-15 01:00:00,0.89677,0.89772999,0.89583999,0.89678001,0,twelvedata,2025-08-26 19:28:19
4823,AUDCAD,2025-07-15 02:00:00,0.89677,0.89683998,0.89551002,0.89649999,0,twelvedata,2025-08-26 19:28:19
4824,AUDCAD,2025-07-15 03:00:00,0.89649999,0.89741999,0.89556998,0.89710999,0,twelvedata,2025-08-26 19:28:19
4825,AUDCAD,2025-07-15 04:00:00,0.89712,0.8973,0.89598,0.89699,0,twelvedata,2025-08-26 19:28:19
4826,AUDCAD,2025-07-15 05:00:00,0.89697999,0.89721,0.89565998,0.89671999,0,twelvedata,2025-08-26 19:28:19
4827,AUDCAD,2025-07-15 06:00:00,0.89673001,0.89700001,0.89556003,0.89665997,0,twelvedata,2025-08-26 19:28:19
4828,AUDCAD,2025-07-15 07:00:00,0.89636999,0.89717001,0.89557999,0.89655,0,twelvedata,2025-08-26 19:28:19
4829,AUDCAD,2025-07-15 08:00:00,0.89679998,0.89718997,0.89573997,0.89681,0,twelvedata,2025-08-26 19:28:19
4830,AUDCAD,2025-07-15 09:00:00,0.89669001,0.89692998,0.89552999,0.89675999,0,twelvedata,2025-08-26 19:28:19
4831,AUDCAD,2025-07-15 10:00:00,0.89677,0.89762002,0.89595997,0.89712,0,twelvedata,2025-08-26 19:28:19
4832,AUDCAD,2025-07-15 11:00:00,0.89709002,0.8976,0.89525002,0.89721,0,twelvedata,2025-08-26 19:28:19
4833,AUDCAD,2025-07-15 12:00:00,0.89715999,0.89731997,0.89551997,0.89638001,0,twelvedata,2025-08-26 19:28:19
4834,AUDCAD,2025-07-15 13:00:00,0.89635003,0.89691001,0.89517999,0.89668,0,twelvedata,2025-08-26 19:28:19
4835,AUDCAD,2025-07-15 14:00:00,0.89664,0.89683002,0.89516997,0.89634001,0,twelvedata,2025-08-26 19:28:19
4836,AUDCAD,2025-07-15 15:00:00,0.89639002,0.89756,0.89521003,0.89737999,0,twelvedata,2025-08-26 19:28:19
4837,AUDCAD,2025-07-15 16:00:00,0.89732999,0.89772999,0.89617997,0.89748001,0,twelvedata,2025-08-26 19:28:19
4838,AUDCAD,2025-07-15 17:00:00,0.89743,0.89897001,0.89629,0.89881998,0,twelvedata,2025-08-26 19:28:19
4839,AUDCAD,2025-07-15 18:00:00,0.89880002,0.89933997,0.89708,0.89844,0,twelvedata,2025-08-26 19:28:19
4840,AUDCAD,2025-07-15 19:00:00,0.89841002,0.89934999,0.89737999,0.89872003,0,twelvedata,2025-08-26 19:28:19
4841,AUDCAD,2025-07-15 20:00:00,0.89871001,0.89903003,0.89771998,0.89864999,0,twelvedata,2025-08-26 19:28:19
4842,AUDCAD,2025-07-15 21:00:00,0.89861,0.89881003,0.89704001,0.898,0,twelvedata,2025-08-26 19:28:19
4843,AUDCAD,2025-07-15 22:00:00,0.89796001,0.89946997,0.89709002,0.89851999,0,twelvedata,2025-08-26 19:28:19
4844,AUDCAD,2025-07-15 23:00:00,0.89851999,0.89872998,0.89521998,0.89617997,0,twelvedata,2025-08-26 19:28:19
4845,AUDCAD,2025-07-16 00:00:00,0.89613003,0.89621001,0.89332998,0.89428002,0,twelvedata,2025-08-26 19:28:19
4846,AUDCAD,2025-07-16 01:00:00,0.89433998,0.89446002,0.89258999,0.89397001,0,twelvedata,2025-08-26 19:28:19
4847,AUDCAD,2025-07-16 02:00:00,0.89402002,0.89423001,0.89227998,0.8933,0,twelvedata,2025-08-26 19:28:19
4848,AUDCAD,2025-07-16 03:00:00,0.89324999,0.89374,0.89235997,0.89348,0,twelvedata,2025-08-26 19:28:19
4849,AUDCAD,2025-07-16 04:00:00,0.89345998,0.89424002,0.89253002,0.89375001,0,twelvedata,2025-08-26 19:28:19
4850,AUDCAD,2025-07-16 05:00:00,0.89371002,0.89407998,0.89256001,0.89381999,0,twelvedata,2025-08-26 19:28:19
4851,AUDCAD,2025-07-16 06:00:00,0.89379001,0.89389998,0.89265001,0.89349997,0,twelvedata,2025-08-26 19:28:19
4852,AUDCAD,2025-07-16 07:00:00,0.89390999,0.89390999,0.89231002,0.89320999,0,twelvedata,2025-08-26 19:28:19
4853,AUDCAD,2025-07-16 08:00:00,0.89320999,0.89374,0.89244002,0.89342999,0,twelvedata,2025-08-26 19:28:19
4854,AUDCAD,2025-07-16 09:00:00,0.89345002,0.89453,0.89265001,0.89398998,0,twelvedata,2025-08-26 19:28:19
4855,AUDCAD,2025-07-16 10:00:00,0.89401001,0.89569998,0.89293998,0.89490002,0,twelvedata,2025-08-26 19:28:19
4856,AUDCAD,2025-07-16 11:00:00,0.89486003,0.89551002,0.89393002,0.89523,0,twelvedata,2025-08-26 19:28:19
4857,AUDCAD,2025-07-16 12:00:00,0.89521998,0.89524001,0.89344001,0.89475,0,twelvedata,2025-08-26 19:28:19
4858,AUDCAD,2025-07-16 13:00:00,0.89467001,0.89534003,0.89383,0.89486998,0,twelvedata,2025-08-26 19:28:19
4859,AUDCAD,2025-07-16 14:00:00,0.89485002,0.89515001,0.89367998,0.89498001,0,twelvedata,2025-08-26 19:28:19
4860,AUDCAD,2025-07-16 15:00:00,0.89495999,0.89512998,0.89363003,0.89464998,0,twelvedata,2025-08-26 19:28:19
4861,AUDCAD,2025-07-16 16:00:00,0.89466,0.89521003,0.89358997,0.89471,0,twelvedata,2025-08-26 19:28:19
4862,AUDCAD,2025-07-16 17:00:00,0.89472002,0.89494002,0.89348,0.89490002,0,twelvedata,2025-08-26 19:28:19
4863,AUDCAD,2025-07-16 18:00:00,0.89488,0.89517999,0.89371002,0.89468002,0,twelvedata,2025-08-26 19:28:19
4864,AUDCAD,2025-07-16 19:00:00,0.89464998,0.89497,0.89335001,0.89495999,0,twelvedata,2025-08-26 19:28:19
4865,AUDCAD,2025-07-16 20:00:00,0.89497,0.8951,0.89365,0.89484,0,twelvedata,2025-08-26 19:28:19
4866,AUDCAD,2025-07-16 21:00:00,0.89480001,0.89516997,0.89363998,0.89494997,0,twelvedata,2025-08-26 19:28:19
4867,AUDCAD,2025-07-16 22:00:00,0.89495999,0.89552999,0.89349997,0.89456999,0,twelvedata,2025-08-26 19:28:19
4868,AUDCAD,2025-07-16 23:00:00,0.89454001,0.89494002,0.89239001,0.89346999,0,twelvedata,2025-08-26 19:28:19
4869,AUDCAD,2025-07-17 00:00:00,0.89348,0.89495999,0.89239001,0.89405,0,twelvedata,2025-08-26 19:28:19
4870,AUDCAD,2025-07-17 01:00:00,0.89398003,0.89661998,0.89295,0.89376003,0,twelvedata,2025-08-26 19:28:19
4871,AUDCAD,2025-07-17 02:00:00,0.89375001,0.89427,0.89222997,0.89317,0,twelvedata,2025-08-26 19:28:19
4872,AUDCAD,2025-07-17 03:00:00,0.89319003,0.89472002,0.89247,0.89385003,0,twelvedata,2025-08-26 19:28:19
4873,AUDCAD,2025-07-17 04:00:00,0.89380997,0.89398003,0.89232999,0.89324999,0,twelvedata,2025-08-26 19:28:19
4874,AUDCAD,2025-07-17 05:00:00,0.89323997,0.89341003,0.89209998,0.89304,0,twelvedata,2025-08-26 19:28:19
4875,AUDCAD,2025-07-17 06:00:00,0.89302999,0.89348,0.89207,0.89284003,0,twelvedata,2025-08-26 19:28:19
4876,AUDCAD,2025-07-17 07:00:00,0.89286,0.89499003,0.89213002,0.89288002,0,twelvedata,2025-08-26 19:28:19
4877,AUDCAD,2025-07-17 08:00:00,0.89313,0.89328003,0.89208001,0.89286,0,twelvedata,2025-08-26 19:28:19
4878,AUDCAD,2025-07-17 09:00:00,0.89280999,0.89319998,0.89183003,0.89275998,0,twelvedata,2025-08-26 19:28:19
4879,AUDCAD,2025-07-17 10:00:00,0.89275998,0.89287001,0.89116001,0.89227998,0,twelvedata,2025-08-26 19:28:19
4880,AUDCAD,2025-07-17 11:00:00,0.89221001,0.89314997,0.88901001,0.89020997,0,twelvedata,2025-08-26 19:28:19
4881,AUDCAD,2025-07-17 12:00:00,0.89025998,0.89028001,0.88740999,0.88849002,0,twelvedata,2025-08-26 19:28:19
4882,AUDCAD,2025-07-17 13:00:00,0.88848001,0.8897,0.88721001,0.88959002,0,twelvedata,2025-08-26 19:28:19
4883,AUDCAD,2025-07-17 14:00:00,0.88954997,0.89017999,0.88836002,0.88997,0,twelvedata,2025-08-26 19:28:19
4884,AUDCAD,2025-07-17 15:00:00,0.88998002,0.89046001,0.88906002,0.88979,0,twelvedata,2025-08-26 19:28:19
4885,AUDCAD,2025-07-17 16:00:00,0.8897,0.88989002,0.88700998,0.88804001,0,twelvedata,2025-08-26 19:28:19
4886,AUDCAD,2025-07-17 17:00:00,0.88801998,0.88835001,0.88683999,0.88828999,0,twelvedata,2025-08-26 19:28:19
4887,AUDCAD,2025-07-17 18:00:00,0.8883,0.88942999,0.88742,0.88935,0,twelvedata,2025-08-26 19:28:19
4888,AUDCAD,2025-07-17 19:00:00,0.88932002,0.88972002,0.88789999,0.88885999,0,twelvedata,2025-08-26 19:28:19
4889,AUDCAD,2025-07-17 20:00:00,0.88887,0.88990003,0.88801003,0.88977998,0,twelvedata,2025-08-26 19:28:19
4890,AUDCAD,2025-07-17 21:00:00,0.88976997,0.88988,0.88774002,0.88862997,0,twelvedata,2025-08-26 19:28:19
4891,AUDCAD,2025-07-17 22:00:00,0.88866001,0.89029998,0.88787001,0.88993001,0,twelvedata,2025-08-26 19:28:19
4892,AUDCAD,2025-07-17 23:00:00,0.88992,0.89026999,0.88849998,0.88995999,0,twelvedata,2025-08-26 19:28:19
4893,AUDCAD,2025-07-18 00:00:00,0.88998997,0.89094001,0.88906002,0.89089,0,twelvedata,2025-08-26 19:28:19
4894,AUDCAD,2025-07-18 01:00:00,0.89086002,0.89178002,0.88989002,0.89126003,0,twelvedata,2025-08-26 19:28:19
4895,AUDCAD,2025-07-18 02:00:00,0.89133,0.89191002,0.89037001,0.89128,0,twelvedata,2025-08-26 19:28:19
4896,AUDCAD,2025-07-18 03:00:00,0.89130998,0.89183998,0.89042997,0.89157999,0,twelvedata,2025-08-26 19:28:19
4897,AUDCAD,2025-07-18 04:00:00,0.89160001,0.89207,0.89078999,0.89177001,0,twelvedata,2025-08-26 19:28:19
4898,AUDCAD,2025-07-18 05:00:00,0.89172,0.89226002,0.89108998,0.89200997,0,twelvedata,2025-08-26 19:28:19
4899,AUDCAD,2025-07-18 06:00:00,0.89194,0.89217001,0.89096999,0.89178997,0,twelvedata,2025-08-26 19:28:19
4900,AUDCAD,2025-07-18 07:00:00,0.89087999,0.89199001,0.89016998,0.89156002,0,twelvedata,2025-08-26 19:28:19
4901,AUDCAD,2025-07-18 08:00:00,0.89152998,0.89271998,0.89122999,0.89241999,0,twelvedata,2025-08-26 19:28:19
4902,AUDCAD,2025-07-18 09:00:00,0.89253998,0.89273,0.89159,0.89241999,0,twelvedata,2025-08-26 19:28:19
4903,AUDCAD,2025-07-18 10:00:00,0.89244998,0.89371997,0.89152998,0.89354002,0,twelvedata,2025-08-26 19:28:19
4904,AUDCAD,2025-07-18 11:00:00,0.89350998,0.89393002,0.89257002,0.89331001,0,twelvedata,2025-08-26 19:28:19
4905,AUDCAD,2025-07-18 12:00:00,0.89333999,0.89424998,0.89235997,0.89414001,0,twelvedata,2025-08-26 19:28:19
4906,AUDCAD,2025-07-18 13:00:00,0.89412999,0.89437002,0.89244998,0.89341003,0,twelvedata,2025-08-26 19:28:19
4907,AUDCAD,2025-07-18 14:00:00,0.89336002,0.89342999,0.89194,0.89284998,0,twelvedata,2025-08-26 19:28:19
4908,AUDCAD,2025-07-18 15:00:00,0.89283001,0.89328003,0.89192998,0.89314997,0,twelvedata,2025-08-26 19:28:19
4909,AUDCAD,2025-07-18 16:00:00,0.89308,0.89407003,0.89205998,0.89398998,0,twelvedata,2025-08-26 19:28:19
4910,AUDCAD,2025-07-18 17:00:00,0.89398998,0.89424998,0.89266998,0.89419001,0,twelvedata,2025-08-26 19:28:19
4911,AUDCAD,2025-07-18 18:00:00,0.89416999,0.89499003,0.89345998,0.89459997,0,twelvedata,2025-08-26 19:28:19
4912,AUDCAD,2025-07-18 19:00:00,0.89459997,0.89503002,0.89355999,0.89481002,0,twelvedata,2025-08-26 19:28:19
4913,AUDCAD,2025-07-18 20:00:00,0.89477998,0.89507997,0.89366001,0.89473999,0,twelvedata,2025-08-26 19:28:19
4914,AUDCAD,2025-07-18 21:00:00,0.89472002,0.89519,0.89371997,0.89494002,0,twelvedata,2025-08-26 19:28:19
4915,AUDCAD,2025-07-18 22:00:00,0.89493001,0.89555001,0.89379001,0.89503998,0,twelvedata,2025-08-26 19:28:19
4916,AUDCAD,2025-07-18 23:00:00,0.89503002,0.89573997,0.89393997,0.89561999,0,twelvedata,2025-08-26 19:28:19
4917,AUDCAD,2025-07-19 00:00:00,0.89556003,0.89617002,0.89414001,0.89481002,0,twelvedata,2025-08-26 19:28:19
4918,AUDCAD,2025-07-19 01:00:00,0.89482999,0.89559001,0.89385003,0.89476001,0,twelvedata,2025-08-26 19:28:19
4919,AUDCAD,2025-07-19 02:00:00,0.89472997,0.89516997,0.89296001,0.89374,0,twelvedata,2025-08-26 19:28:19
4920,AUDCAD,2025-07-19 03:00:00,0.89376003,0.89411002,0.89223999,0.89337999,0,twelvedata,2025-08-26 19:28:19
4921,AUDCAD,2025-07-19 04:00:00,0.89337999,0.89349002,0.89187998,0.89297003,0,twelvedata,2025-08-26 19:28:19
4922,AUDCAD,2025-07-19 05:00:00,0.89297998,0.89326,0.89194,0.89308,0,twelvedata,2025-08-26 19:28:19
4923,AUDCAD,2025-07-19 06:00:00,0.89305001,0.89340001,0.89209002,0.89269,0,twelvedata,2025-08-26 19:28:19
4924,AUDCAD,2025-07-19 07:00:00,0.89240003,0.89240003,0.89240003,0.89240003,0,twelvedata,2025-08-26 19:28:19
4925,AUDCAD,2025-07-21 09:00:00,0.89300001,0.8937,0.89209002,0.89358997,0,twelvedata,2025-08-26 19:28:19
4926,AUDCAD,2025-07-21 10:00:00,0.89358997,0.89388001,0.89187998,0.89308,0,twelvedata,2025-08-26 19:28:19
4927,AUDCAD,2025-07-21 11:00:00,0.89306003,0.89380002,0.89172,0.89292997,0,twelvedata,2025-08-26 19:28:19
4928,AUDCAD,2025-07-21 12:00:00,0.89293998,0.89315999,0.89157999,0.89282,0,twelvedata,2025-08-26 19:28:19
4929,AUDCAD,2025-07-21 13:00:00,0.89280999,0.89315999,0.89183003,0.89295,0,twelvedata,2025-08-26 19:28:19
4930,AUDCAD,2025-07-21 14:00:00,0.89292002,0.89336997,0.89197999,0.89314002,0,twelvedata,2025-08-26 19:28:19
4931,AUDCAD,2025-07-21 15:00:00,0.89311999,0.89357001,0.89207,0.89336997,0,twelvedata,2025-08-26 19:28:19
4932,AUDCAD,2025-07-21 16:00:00,0.89332998,0.89419001,0.89243001,0.89383,0,twelvedata,2025-08-26 19:28:19
4933,AUDCAD,2025-07-21 17:00:00,0.89384001,0.89414001,0.89231998,0.89333999,0,twelvedata,2025-08-26 19:28:19
4934,AUDCAD,2025-07-21 18:00:00,0.89332002,0.89420998,0.89231998,0.89411998,0,twelvedata,2025-08-26 19:28:19
4935,AUDCAD,2025-07-21 19:00:00,0.89407003,0.89424998,0.89271998,0.89363003,0,twelvedata,2025-08-26 19:28:19
4936,AUDCAD,2025-07-21 20:00:00,0.89359999,0.89389002,0.89240998,0.89348,0,twelvedata,2025-08-26 19:28:19
4937,AUDCAD,2025-07-21 21:00:00,0.89348,0.89411002,0.89238,0.89396,0,twelvedata,2025-08-26 19:28:19
4938,AUDCAD,2025-07-21 22:00:00,0.89398998,0.89420998,0.89262003,0.89341998,0,twelvedata,2025-08-26 19:28:19
4939,AUDCAD,2025-07-21 23:00:00,0.89342999,0.89402002,0.89205003,0.89366001,0,twelvedata,2025-08-26 19:28:19
4940,AUDCAD,2025-07-22 00:00:00,0.89367998,0.89442998,0.89278001,0.89377999,0,twelvedata,2025-08-26 19:28:19
4941,AUDCAD,2025-07-22 01:00:00,0.89376003,0.89431,0.89265001,0.89377999,0,twelvedata,2025-08-26 19:28:19
4942,AUDCAD,2025-07-22 02:00:00,0.89376003,0.89405,0.89270002,0.89384001,0,twelvedata,2025-08-26 19:28:19
4943,AUDCAD,2025-07-22 03:00:00,0.89380002,0.89389998,0.89232999,0.89341003,0,twelvedata,2025-08-26 19:28:19
4944,AUDCAD,2025-07-22 04:00:00,0.89340001,0.89346999,0.89200997,0.89310002,0,twelvedata,2025-08-26 19:28:19
4945,AUDCAD,2025-07-22 05:00:00,0.89308,0.89328998,0.89166999,0.89256001,0,twelvedata,2025-08-26 19:28:19
4946,AUDCAD,2025-07-22 06:00:00,0.89252001,0.89278001,0.89144999,0.89240998,0,twelvedata,2025-08-26 19:28:19
4947,AUDCAD,2025-07-22 07:00:00,0.89301002,0.89301002,0.89128,0.89217001,0,twelvedata,2025-08-26 19:28:19
4948,AUDCAD,2025-07-22 08:00:00,0.89214998,0.89253002,0.89133,0.89227998,0,twelvedata,2025-08-26 19:28:19
4949,AUDCAD,2025-07-22 09:00:00,0.89227998,0.89304,0.89134997,0.89258999,0,twelvedata,2025-08-26 19:28:19
4950,AUDCAD,2025-07-22 10:00:00,0.89257002,0.89286,0.89108002,0.89203,0,twelvedata,2025-08-26 19:28:19
4951,AUDCAD,2025-07-22 11:00:00,0.89200997,0.89249003,0.89086998,0.89204001,0,twelvedata,2025-08-26 19:28:19
4952,AUDCAD,2025-07-22 12:00:00,0.89196998,0.89291,0.89126998,0.89279002,0,twelvedata,2025-08-26 19:28:19
4953,AUDCAD,2025-07-22 13:00:00,0.89284003,0.89286,0.89126003,0.89232999,0,twelvedata,2025-08-26 19:28:19
4954,AUDCAD,2025-07-22 14:00:00,0.89234,0.89266998,0.89109999,0.89201999,0,twelvedata,2025-08-26 19:28:19
4955,AUDCAD,2025-07-22 15:00:00,0.89200997,0.89221001,0.89071,0.89177001,0,twelvedata,2025-08-26 19:28:19
4956,AUDCAD,2025-07-22 16:00:00,0.89177001,0.89219999,0.89046001,0.89148003,0,twelvedata,2025-08-26 19:28:19
4957,AUDCAD,2025-07-22 17:00:00,0.89148998,0.89186001,0.88963002,0.89055997,0,twelvedata,2025-08-26 19:28:19
4958,AUDCAD,2025-07-22 18:00:00,0.89051998,0.89120001,0.88955998,0.89065999,0,twelvedata,2025-08-26 19:28:19
4959,AUDCAD,2025-07-22 19:00:00,0.89069003,0.89152998,0.88989002,0.89142001,0,twelvedata,2025-08-26 19:28:19
4960,AUDCAD,2025-07-22 20:00:00,0.89144999,0.89159,0.88981003,0.89069003,0,twelvedata,2025-08-26 19:28:19
4961,AUDCAD,2025-07-22 21:00:00,0.89067,0.89157999,0.88972998,0.89134002,0,twelvedata,2025-08-26 19:28:19
4962,AUDCAD,2025-07-22 22:00:00,0.89129001,0.89279997,0.89024001,0.89267999,0,twelvedata,2025-08-26 19:28:19
4963,AUDCAD,2025-07-22 23:00:00,0.89266998,0.89365,0.89164001,0.89240003,0,twelvedata,2025-08-26 19:28:19
4964,AUDCAD,2025-07-23 00:00:00,0.89244002,0.89284998,0.89087999,0.89265001,0,twelvedata,2025-08-26 19:28:19
4965,AUDCAD,2025-07-23 01:00:00,0.89267999,0.89286,0.89122999,0.89244998,0,twelvedata,2025-08-26 19:28:19
4966,AUDCAD,2025-07-23 02:00:00,0.89245999,0.8926,0.89090002,0.89200002,0,twelvedata,2025-08-26 19:28:19
4967,AUDCAD,2025-07-23 03:00:00,0.89197999,0.89219999,0.89063001,0.89169002,0,twelvedata,2025-08-26 19:28:19
4968,AUDCAD,2025-07-23 04:00:00,0.89165998,0.89172,0.89025998,0.89137,0,twelvedata,2025-08-26 19:28:19
4969,AUDCAD,2025-07-23 05:00:00,0.89135998,0.8919,0.89045,0.89138001,0,twelvedata,2025-08-26 19:28:19
4970,AUDCAD,2025-07-23 06:00:00,0.89139998,0.89191997,0.89042002,0.89129001,0,twelvedata,2025-08-26 19:28:19
4971,AUDCAD,2025-07-23 07:00:00,0.89130002,0.89177001,0.89019001,0.89096999,0,twelvedata,2025-08-26 19:28:19
4972,AUDCAD,2025-07-23 08:00:00,0.89117002,0.89165002,0.89017999,0.89117002,0,twelvedata,2025-08-26 19:28:19
4973,AUDCAD,2025-07-23 09:00:00,0.89113998,0.89181,0.89038998,0.89140999,0,twelvedata,2025-08-26 19:28:19
4974,AUDCAD,2025-07-23 10:00:00,0.89140999,0.89162999,0.89014,0.89130002,0,twelvedata,2025-08-26 19:28:19
4975,AUDCAD,2025-07-23 11:00:00,0.89130998,0.89236999,0.89052999,0.89216,0,twelvedata,2025-08-26 19:28:19
4976,AUDCAD,2025-07-23 12:00:00,0.89213997,0.89253998,0.89060998,0.89166999,0,twelvedata,2025-08-26 19:28:19
4977,AUDCAD,2025-07-23 13:00:00,0.89166999,0.89283001,0.89090002,0.89234,0,twelvedata,2025-08-26 19:28:19
4978,AUDCAD,2025-07-23 14:00:00,0.89235002,0.89318001,0.8915,0.89301002,0,twelvedata,2025-08-26 19:28:19
4979,AUDCAD,2025-07-23 15:00:00,0.89301997,0.89380997,0.89184999,0.89355999,0,twelvedata,2025-08-26 19:28:19
4980,AUDCAD,2025-07-23 16:00:00,0.89354002,0.89371002,0.89196998,0.89339,0,twelvedata,2025-08-26 19:28:19
4981,AUDCAD,2025-07-23 17:00:00,0.8933,0.89415997,0.89253998,0.89388001,0,twelvedata,2025-08-26 19:28:19
4982,AUDCAD,2025-07-23 18:00:00,0.89384001,0.89453,0.89283001,0.89414001,0,twelvedata,2025-08-26 19:28:19
4983,AUDCAD,2025-07-23 19:00:00,0.89410001,0.89462,0.89297003,0.89450997,0,twelvedata,2025-08-26 19:28:19
4984,AUDCAD,2025-07-23 20:00:00,0.89455003,0.89547998,0.89363998,0.89519,0,twelvedata,2025-08-26 19:28:19
4985,AUDCAD,2025-07-23 21:00:00,0.89519,0.89609998,0.89425999,0.89583999,0,twelvedata,2025-08-26 19:28:19
4986,AUDCAD,2025-07-23 22:00:00,0.89585,0.89633,0.89493001,0.89612001,0,twelvedata,2025-08-26 19:28:19
4987,AUDCAD,2025-07-23 23:00:00,0.89611,0.89674002,0.89494002,0.89658999,0,twelvedata,2025-08-26 19:28:19
4988,AUDCAD,2025-07-24 00:00:00,0.89655,0.89771998,0.89560997,0.89675999,0,twelvedata,2025-08-26 19:28:19
4989,AUDCAD,2025-07-24 01:00:00,0.89677,0.89723003,0.89513999,0.89674002,0,twelvedata,2025-08-26 19:28:19
4990,AUDCAD,2025-07-24 02:00:00,0.89677,0.89731997,0.89543998,0.89626998,0,twelvedata,2025-08-26 19:28:19
4991,AUDCAD,2025-07-24 03:00:00,0.89634001,0.89699,0.89543998,0.89687002,0,twelvedata,2025-08-26 19:28:19
4992,AUDCAD,2025-07-24 04:00:00,0.89686,0.89753997,0.89585,0.89722002,0,twelvedata,2025-08-26 19:28:19
4993,AUDCAD,2025-07-24 05:00:00,0.89721,0.89780998,0.89639002,0.89731997,0,twelvedata,2025-08-26 19:28:19
4994,AUDCAD,2025-07-24 06:00:00,0.89732999,0.89793003,0.89642,0.89740002,0,twelvedata,2025-08-26 19:28:19
4995,AUDCAD,2025-07-24 07:00:00,0.89718002,0.89744002,0.89617997,0.89701003,0,twelvedata,2025-08-26 19:28:19
4996,AUDCAD,2025-07-24 08:00:00,0.89709002,0.89805001,0.89665997,0.89797002,0,twelvedata,2025-08-26 19:28:19
4997,AUDCAD,2025-07-24 09:00:00,0.89793998,0.89813,0.89688998,0.89772999,0,twelvedata,2025-08-26 19:28:19
4998,AUDCAD,2025-07-24 10:00:00,0.89774001,0.89805001,0.89669001,0.89796001,0,twelvedata,2025-08-26 19:28:19
4999,AUDCAD,2025-07-24 11:00:00,0.89796001,0.89910001,0.89718002,0.89876002,0,twelvedata,2025-08-26 19:28:19
5000,AUDCAD,2025-07-24 12:00:00,0.89876002,0.89923,0.89762002,0.89910001,0,twelvedata,2025-08-26 19:28:19
5001,AUDCAD,2025-07-24 13:00:00,0.89907002,0.90021998,0.89815998,0.89974999,0,twelvedata,2025-08-26 19:28:19
5002,AUDCAD,2025-07-24 14:00:00,0.89973998,0.90025997,0.89851999,0.90021002,0,twelvedata,2025-08-26 19:28:19
5003,AUDCAD,2025-07-24 15:00:00,0.90022999,0.90074998,0.89930999,0.90033001,0,twelvedata,2025-08-26 19:28:19
5004,AUDCAD,2025-07-24 16:00:00,0.90030998,0.90052998,0.89873999,0.89985001,0,twelvedata,2025-08-26 19:28:19
5005,AUDCAD,2025-07-24 17:00:00,0.8998,0.90021002,0.89849001,0.89941001,0,twelvedata,2025-08-26 19:28:19
5006,AUDCAD,2025-07-24 18:00:00,0.89942002,0.90078002,0.89828002,0.90053999,0,twelvedata,2025-08-26 19:28:19
5007,AUDCAD,2025-07-24 19:00:00,0.90047997,0.90074998,0.89932001,0.90046,0,twelvedata,2025-08-26 19:28:19
5008,AUDCAD,2025-07-24 20:00:00,0.9005,0.90061998,0.89864999,0.89965999,0,twelvedata,2025-08-26 19:28:19
5009,AUDCAD,2025-07-24 21:00:00,0.89967,0.90029001,0.89883,0.90025997,0,twelvedata,2025-08-26 19:28:19
5010,AUDCAD,2025-07-24 22:00:00,0.90021002,0.90098,0.89867997,0.89932001,0,twelvedata,2025-08-26 19:28:19
5011,AUDCAD,2025-07-24 23:00:00,0.89946002,0.90043998,0.89871001,0.89986998,0,twelvedata,2025-08-26 19:28:19
5012,AUDCAD,2025-07-25 00:00:00,0.89977998,0.90090001,0.89877999,0.89956999,0,twelvedata,2025-08-26 19:28:19
5013,AUDCAD,2025-07-25 01:00:00,0.89967,0.90046,0.89845002,0.90030003,0,twelvedata,2025-08-26 19:28:19
5014,AUDCAD,2025-07-25 02:00:00,0.90026999,0.90041,0.89862001,0.89938998,0,twelvedata,2025-08-26 19:28:19
5015,AUDCAD,2025-07-25 03:00:00,0.89936,0.89995998,0.89857,0.89982003,0,twelvedata,2025-08-26 19:28:19
5016,AUDCAD,2025-07-25 04:00:00,0.89981002,0.90038002,0.89885002,0.90019,0,twelvedata,2025-08-26 19:28:19
5017,AUDCAD,2025-07-25 05:00:00,0.90017003,0.90019,0.89846998,0.89947999,0,twelvedata,2025-08-26 19:28:19
5018,AUDCAD,2025-07-25 06:00:00,0.89941001,0.89965999,0.89792001,0.89815003,0,twelvedata,2025-08-26 19:28:19
5019,AUDCAD,2025-07-25 07:00:00,0.89780998,0.90052003,0.89775002,0.89859998,0,twelvedata,2025-08-26 19:28:19
5020,AUDCAD,2025-07-25 08:00:00,0.89846998,0.89955997,0.89793003,0.89951003,0,twelvedata,2025-08-26 19:28:19
5021,AUDCAD,2025-07-25 09:00:00,0.89942002,0.89982003,0.89844,0.89949,0,twelvedata,2025-08-26 19:28:19
5022,AUDCAD,2025-07-25 10:00:00,0.89941001,0.89991999,0.89846998,0.89955002,0,twelvedata,2025-08-26 19:28:19
5023,AUDCAD,2025-07-25 11:00:00,0.89952999,0.89968997,0.89758003,0.89885998,0,twelvedata,2025-08-26 19:28:19
5024,AUDCAD,2025-07-25 12:00:00,0.89881003,0.89898998,0.89749002,0.8987,0,twelvedata,2025-08-26 19:28:19
5025,AUDCAD,2025-07-25 13:00:00,0.89868999,0.89893001,0.89758998,0.89886999,0,twelvedata,2025-08-26 19:28:19
5026,AUDCAD,2025-07-25 14:00:00,0.89883,0.89914,0.89639002,0.89753997,0,twelvedata,2025-08-26 19:28:19
5027,AUDCAD,2025-07-25 15:00:00,0.89747,0.89845997,0.89669001,0.89801002,0,twelvedata,2025-08-26 19:28:19
5028,AUDCAD,2025-07-25 16:00:00,0.89801002,0.89872998,0.89704001,0.89867997,0,twelvedata,2025-08-26 19:28:19
5029,AUDCAD,2025-07-25 17:00:00,0.89867002,0.89888,0.89740002,0.89850003,0,twelvedata,2025-08-26 19:28:19
5030,AUDCAD,2025-07-25 18:00:00,0.89850998,0.89872998,0.89704001,0.89818001,0,twelvedata,2025-08-26 19:28:19
5031,AUDCAD,2025-07-25 19:00:00,0.89818001,0.89824998,0.89612001,0.89756,0,twelvedata,2025-08-26 19:28:19
5032,AUDCAD,2025-07-25 20:00:00,0.89750999,0.89763999,0.89638001,0.89758003,0,twelvedata,2025-08-26 19:28:19
5033,AUDCAD,2025-07-25 21:00:00,0.89753002,0.89797997,0.89586002,0.89779001,0,twelvedata,2025-08-26 19:28:19
5034,AUDCAD,2025-07-25 22:00:00,0.89779001,0.89820999,0.89630997,0.89758998,0,twelvedata,2025-08-26 19:28:19
5035,AUDCAD,2025-07-25 23:00:00,0.89758003,0.89894998,0.89648002,0.89863998,0,twelvedata,2025-08-26 19:28:19
5036,AUDCAD,2025-07-26 00:00:00,0.89867997,0.89941001,0.89758998,0.89884001,0,twelvedata,2025-08-26 19:28:19
5037,AUDCAD,2025-07-26 01:00:00,0.89881998,0.89911997,0.89744997,0.89886999,0,twelvedata,2025-08-26 19:28:19
5038,AUDCAD,2025-07-26 02:00:00,0.89881003,0.89993,0.89810002,0.89977002,0,twelvedata,2025-08-26 19:28:19
5039,AUDCAD,2025-07-26 03:00:00,0.89973003,0.89990997,0.89866,0.89964002,0,twelvedata,2025-08-26 19:28:19
5040,AUDCAD,2025-07-26 04:00:00,0.89971,0.90006,0.89846998,0.89990002,0,twelvedata,2025-08-26 19:28:19
5041,AUDCAD,2025-07-26 05:00:00,0.89989001,0.90006,0.89854997,0.89946997,0,twelvedata,2025-08-26 19:28:19
5042,AUDCAD,2025-07-26 06:00:00,0.89955002,0.89990997,0.89835,0.89883,0,twelvedata,2025-08-26 19:28:19
5043,AUDCAD,2025-07-26 07:00:00,0.89873999,0.89873999,0.89873999,0.89873999,0,twelvedata,2025-08-26 19:28:19
5044,AUDCAD,2025-07-28 09:00:00,0.90012997,0.9005,0.89920002,0.90034002,0,twelvedata,2025-08-26 19:28:19
5045,AUDCAD,2025-07-28 10:00:00,0.90031999,0.90113002,0.89946002,0.90105999,0,twelvedata,2025-08-26 19:28:19
5046,AUDCAD,2025-07-28 11:00:00,0.90105999,0.90149999,0.89907998,0.89994001,0,twelvedata,2025-08-26 19:28:19
5047,AUDCAD,2025-07-28 12:00:00,0.90002,0.90073001,0.89905,0.90033001,0,twelvedata,2025-08-26 19:28:19
5048,AUDCAD,2025-07-28 13:00:00,0.90030003,0.90046,0.89829999,0.89927,0,twelvedata,2025-08-26 19:28:19
5049,AUDCAD,2025-07-28 14:00:00,0.89930999,0.89941001,0.89793998,0.89925998,0,twelvedata,2025-08-26 19:28:19
5050,AUDCAD,2025-07-28 15:00:00,0.89923,0.8994,0.89788997,0.89905,0,twelvedata,2025-08-26 19:28:19
5051,AUDCAD,2025-07-28 16:00:00,0.89901,0.89916998,0.89712,0.89802003,0,twelvedata,2025-08-26 19:28:19
5052,AUDCAD,2025-07-28 17:00:00,0.89796001,0.89831001,0.89547002,0.89622003,0,twelvedata,2025-08-26 19:28:19
5053,AUDCAD,2025-07-28 18:00:00,0.89621001,0.89622998,0.89425999,0.89547002,0,twelvedata,2025-08-26 19:28:19
5054,AUDCAD,2025-07-28 19:00:00,0.89538997,0.89618999,0.89428997,0.89568001,0,twelvedata,2025-08-26 19:28:19
5055,AUDCAD,2025-07-28 20:00:00,0.89565003,0.89661998,0.89472002,0.89564002,0,twelvedata,2025-08-26 19:28:19
5056,AUDCAD,2025-07-28 21:00:00,0.89557999,0.89622998,0.89466,0.89565998,0,twelvedata,2025-08-26 19:28:19
5057,AUDCAD,2025-07-28 22:00:00,0.89564002,0.89625001,0.89455003,0.89624,0,twelvedata,2025-08-26 19:28:19
5058,AUDCAD,2025-07-28 23:00:00,0.89622003,0.89635003,0.89317,0.89394999,0,twelvedata,2025-08-26 19:28:19
5059,AUDCAD,2025-07-29 00:00:00,0.89393997,0.89560997,0.89305001,0.89537001,0,twelvedata,2025-08-26 19:28:19
5060,AUDCAD,2025-07-29 01:00:00,0.89538997,0.89547998,0.89308,0.89402997,0,twelvedata,2025-08-26 19:28:19
5061,AUDCAD,2025-07-29 02:00:00,0.89402997,0.89441001,0.89293998,0.89394999,0,twelvedata,2025-08-26 19:28:19
5062,AUDCAD,2025-07-29 03:00:00,0.89392,0.89451998,0.89297998,0.89425999,0,twelvedata,2025-08-26 19:28:19
5063,AUDCAD,2025-07-29 04:00:00,0.89428002,0.89494997,0.89332998,0.89489001,0,twelvedata,2025-08-26 19:28:19
5064,AUDCAD,2025-07-29 05:00:00,0.89488,0.89578003,0.89388001,0.89564002,0,twelvedata,2025-08-26 19:28:19
5065,AUDCAD,2025-07-29 06:00:00,0.89565003,0.89585,0.89442003,0.89551002,0,twelvedata,2025-08-26 19:28:19
5066,AUDCAD,2025-07-29 07:00:00,0.89534998,0.89589,0.89414001,0.89585,0,twelvedata,2025-08-26 19:28:19
5067,AUDCAD,2025-07-29 08:00:00,0.89587998,0.89617997,0.89477003,0.89617002,0,twelvedata,2025-08-26 19:28:19
5068,AUDCAD,2025-07-29 09:00:00,0.89614999,0.89631999,0.89469999,0.89573002,0,twelvedata,2025-08-26 19:28:19
5069,AUDCAD,2025-07-29 10:00:00,0.89563,0.89573002,0.89383,0.89499998,0,twelvedata,2025-08-26 19:28:19
5070,AUDCAD,2025-07-29 11:00:00,0.89499003,0.89629,0.89398998,0.89582998,0,twelvedata,2025-08-26 19:28:19
5071,AUDCAD,2025-07-29 12:00:00,0.89582002,0.89658999,0.89494002,0.89635998,0,twelvedata,2025-08-26 19:28:19
5072,AUDCAD,2025-07-29 13:00:00,0.89626998,0.89646,0.89455998,0.89565998,0,twelvedata,2025-08-26 19:28:19
5073,AUDCAD,2025-07-29 14:00:00,0.89561999,0.89599001,0.89446998,0.89573002,0,twelvedata,2025-08-26 19:28:19
5074,AUDCAD,2025-07-29 15:00:00,0.89568001,0.89625001,0.89477998,0.89603001,0,twelvedata,2025-08-26 19:28:19
5075,AUDCAD,2025-07-29 16:00:00,0.89603001,0.89661002,0.89350998,0.89438999,0,twelvedata,2025-08-26 19:28:19
5076,AUDCAD,2025-07-29 17:00:00,0.89437997,0.89488,0.89297998,0.89459997,0,twelvedata,2025-08-26 19:28:19
5077,AUDCAD,2025-07-29 18:00:00,0.89455003,0.89542001,0.89354998,0.89526999,0,twelvedata,2025-08-26 19:28:19
5078,AUDCAD,2025-07-29 19:00:00,0.89525002,0.89581001,0.89432001,0.89564002,0,twelvedata,2025-08-26 19:28:19
5079,AUDCAD,2025-07-29 20:00:00,0.89560002,0.89608997,0.89437997,0.89538002,0,twelvedata,2025-08-26 19:28:19
5080,AUDCAD,2025-07-29 21:00:00,0.89538997,0.89547002,0.89371997,0.89472002,0,twelvedata,2025-08-26 19:28:19
5081,AUDCAD,2025-07-29 22:00:00,0.89473999,0.89542001,0.89379001,0.89534003,0,twelvedata,2025-08-26 19:28:19
5082,AUDCAD,2025-07-29 23:00:00,0.89523,0.89585,0.8937,0.89555001,0,twelvedata,2025-08-26 19:28:19
5083,AUDCAD,2025-07-30 00:00:00,0.89565003,0.89701998,0.89323002,0.89697999,0,twelvedata,2025-08-26 19:28:19
5084,AUDCAD,2025-07-30 01:00:00,0.8969,0.89717001,0.89516002,0.89656001,0,twelvedata,2025-08-26 19:28:19
5085,AUDCAD,2025-07-30 02:00:00,0.89655,0.89704001,0.89556003,0.89687002,0,twelvedata,2025-08-26 19:28:19
5086,AUDCAD,2025-07-30 03:00:00,0.89684999,0.89744997,0.89586997,0.89674997,0,twelvedata,2025-08-26 19:28:19
5087,AUDCAD,2025-07-30 04:00:00,0.89683998,0.89700001,0.89551997,0.89696997,0,twelvedata,2025-08-26 19:28:19
5088,AUDCAD,2025-07-30 05:00:00,0.89691001,0.89731002,0.89579999,0.89725,0,twelvedata,2025-08-26 19:28:19
5089,AUDCAD,2025-07-30 06:00:00,0.89715999,0.89758003,0.89552999,0.89603001,0,twelvedata,2025-08-26 19:28:19
5090,AUDCAD,2025-07-30 07:00:00,0.89590001,0.89661998,0.89520001,0.89652997,0,twelvedata,2025-08-26 19:28:19
5091,AUDCAD,2025-07-30 08:00:00,0.89651,0.89695001,0.89569002,0.89687997,0,twelvedata,2025-08-26 19:28:19
5092,AUDCAD,2025-07-30 09:00:00,0.8969,0.89714998,0.89578003,0.89710999,0,twelvedata,2025-08-26 19:28:19
5093,AUDCAD,2025-07-30 10:00:00,0.89708,0.89811999,0.89598,0.89798999,0,twelvedata,2025-08-26 19:28:19
5094,AUDCAD,2025-07-30 11:00:00,0.89802998,0.89832002,0.89534998,0.89692003,0,twelvedata,2025-08-26 19:28:19
5095,AUDCAD,2025-07-30 12:00:00,0.89688998,0.89744002,0.89579999,0.89723998,0,twelvedata,2025-08-26 19:28:19
5096,AUDCAD,2025-07-30 13:00:00,0.89727002,0.89749998,0.89589,0.89709002,0,twelvedata,2025-08-26 19:28:19
5097,AUDCAD,2025-07-30 14:00:00,0.89706999,0.89719999,0.89547998,0.89644998,0,twelvedata,2025-08-26 19:28:19
5098,AUDCAD,2025-07-30 15:00:00,0.89639002,0.89709997,0.89504999,0.89661002,0,twelvedata,2025-08-26 19:28:19
5099,AUDCAD,2025-07-30 16:00:00,0.89653999,0.89692003,0.89534003,0.89626002,0,twelvedata,2025-08-26 19:28:19
5100,AUDCAD,2025-07-30 17:00:00,0.89616001,0.89647001,0.89423001,0.89517999,0,twelvedata,2025-08-26 19:28:19
5101,AUDCAD,2025-07-30 18:00:00,0.89512998,0.89557999,0.89403999,0.89538997,0,twelvedata,2025-08-26 19:28:19
5102,AUDCAD,2025-07-30 19:00:00,0.89537001,0.89578003,0.89433002,0.89563,0,twelvedata,2025-08-26 19:28:19
5103,AUDCAD,2025-07-30 20:00:00,0.89560002,0.89577001,0.89402997,0.89495999,0,twelvedata,2025-08-26 19:28:19
5104,AUDCAD,2025-07-30 21:00:00,0.89489001,0.89525998,0.89323002,0.89437002,0,twelvedata,2025-08-26 19:28:19
5105,AUDCAD,2025-07-30 22:00:00,0.89444,0.89481997,0.89170003,0.89261001,0,twelvedata,2025-08-26 19:28:19
5106,AUDCAD,2025-07-30 23:00:00,0.89265001,0.89278001,0.88988,0.89090002,0,twelvedata,2025-08-26 19:28:19
5107,AUDCAD,2025-07-31 00:00:00,0.89089,0.89227003,0.88990998,0.89207,0,twelvedata,2025-08-26 19:28:19
5108,AUDCAD,2025-07-31 01:00:00,0.89212,0.89223999,0.88998997,0.89108998,0,twelvedata,2025-08-26 19:28:19
5109,AUDCAD,2025-07-31 02:00:00,0.89104998,0.89165002,0.89006001,0.89147002,0,twelvedata,2025-08-26 19:28:19
5110,AUDCAD,2025-07-31 03:00:00,0.89144999,0.89241999,0.89051998,0.89159,0,twelvedata,2025-08-26 19:28:19
5111,AUDCAD,2025-07-31 04:00:00,0.89157999,0.89289999,0.88793999,0.88843,0,twelvedata,2025-08-26 19:28:19
5112,AUDCAD,2025-07-31 05:00:00,0.88845998,0.89002001,0.88735998,0.88981998,0,twelvedata,2025-08-26 19:28:19
5113,AUDCAD,2025-07-31 06:00:00,0.88990003,0.89133,0.88891,0.88911003,0,twelvedata,2025-08-26 19:28:19
5114,AUDCAD,2025-07-31 07:00:00,0.88911998,0.88999999,0.88862002,0.88984001,0,twelvedata,2025-08-26 19:28:19
5115,AUDCAD,2025-07-31 08:00:00,0.88997,0.89125001,0.88933998,0.89103001,0,twelvedata,2025-08-26 19:28:19
5116,AUDCAD,2025-07-31 09:00:00,0.89103001,0.89155,0.88990998,0.89091003,0,twelvedata,2025-08-26 19:28:19
5117,AUDCAD,2025-07-31 10:00:00,0.89091998,0.89134002,0.88993001,0.89093,0,twelvedata,2025-08-26 19:28:19
5118,AUDCAD,2025-07-31 11:00:00,0.89083999,0.89213997,0.88925999,0.89208001,0,twelvedata,2025-08-26 19:28:19
5119,AUDCAD,2025-07-31 12:00:00,0.89209002,0.89236999,0.89055997,0.89210999,0,twelvedata,2025-08-26 19:28:19
5120,AUDCAD,2025-07-31 13:00:00,0.89212,0.89249003,0.89090002,0.89241999,0,twelvedata,2025-08-26 19:28:19
5121,AUDCAD,2025-07-31 14:00:00,0.89232999,0.89349002,0.89124,0.89345002,0,twelvedata,2025-08-26 19:28:19
5122,AUDCAD,2025-07-31 15:00:00,0.89335001,0.89374,0.89232999,0.89355999,0,twelvedata,2025-08-26 19:28:19
5123,AUDCAD,2025-07-31 16:00:00,0.89352,0.89444,0.89266002,0.89411998,0,twelvedata,2025-08-26 19:28:19
5124,AUDCAD,2025-07-31 17:00:00,0.89410001,0.89428997,0.89291,0.89410001,0,twelvedata,2025-08-26 19:28:19
5125,AUDCAD,2025-07-31 18:00:00,0.89406002,0.89420003,0.89239001,0.89353001,0,twelvedata,2025-08-26 19:28:19
5126,AUDCAD,2025-07-31 19:00:00,0.89350998,0.89358997,0.89181,0.89273,0,twelvedata,2025-08-26 19:28:19
5127,AUDCAD,2025-07-31 20:00:00,0.89276999,0.89288998,0.89067,0.89142001,0,twelvedata,2025-08-26 19:28:19
5128,AUDCAD,2025-07-31 21:00:00,0.89146,0.89187998,0.89061999,0.89170003,0,twelvedata,2025-08-26 19:28:19
5129,AUDCAD,2025-07-31 22:00:00,0.89166999,0.89208001,0.88968003,0.89060003,0,twelvedata,2025-08-26 19:28:19
5130,AUDCAD,2025-07-31 23:00:00,0.89056998,0.89126998,0.88901001,0.89104998,0,twelvedata,2025-08-26 19:28:19
5131,AUDCAD,2025-08-01 00:00:00,0.89104998,0.89120001,0.88889998,0.88985002,0,twelvedata,2025-08-26 19:28:19
5132,AUDCAD,2025-08-01 01:00:00,0.88985002,0.89071,0.88878,0.88995999,0,twelvedata,2025-08-26 19:28:19
5133,AUDCAD,2025-08-01 02:00:00,0.88992,0.89072001,0.88885999,0.89046001,0,twelvedata,2025-08-26 19:28:19
5134,AUDCAD,2025-08-01 03:00:00,0.89051002,0.89060003,0.88911998,0.88995999,0,twelvedata,2025-08-26 19:28:19
5135,AUDCAD,2025-08-01 04:00:00,0.88998002,0.89099002,0.88918,0.89029998,0,twelvedata,2025-08-26 19:28:19
5136,AUDCAD,2025-08-01 05:00:00,0.89029998,0.89071,0.88941002,0.89028001,0,twelvedata,2025-08-26 19:28:19
5137,AUDCAD,2025-08-01 06:00:00,0.89012998,0.89049,0.88889003,0.88946998,0,twelvedata,2025-08-26 19:28:19
5138,AUDCAD,2025-08-01 07:00:00,0.88946003,0.89023,0.88874,0.88986999,0,twelvedata,2025-08-26 19:28:19
5139,AUDCAD,2025-08-01 08:00:00,0.88982999,0.89118999,0.88889998,0.89099002,0,twelvedata,2025-08-26 19:28:19
5140,AUDCAD,2025-08-01 09:00:00,0.89104998,0.89138001,0.88968998,0.89069003,0,twelvedata,2025-08-26 19:28:19
5141,AUDCAD,2025-08-01 10:00:00,0.89061999,0.89082998,0.88932002,0.89050001,0,twelvedata,2025-08-26 19:28:19
5142,AUDCAD,2025-08-01 11:00:00,0.89049,0.89161998,0.88951999,0.89082998,0,twelvedata,2025-08-26 19:28:19
5143,AUDCAD,2025-08-01 12:00:00,0.89086998,0.89121002,0.88975,0.89100999,0,twelvedata,2025-08-26 19:28:19
5144,AUDCAD,2025-08-01 13:00:00,0.89099002,0.89199001,0.89017999,0.89156002,0,twelvedata,2025-08-26 19:28:19
5145,AUDCAD,2025-08-01 14:00:00,0.89147002,0.8919,0.89045,0.89153999,0,twelvedata,2025-08-26 19:28:19
5146,AUDCAD,2025-08-01 15:00:00,0.89147002,0.89199001,0.89045,0.89130998,0,twelvedata,2025-08-26 19:28:19
5147,AUDCAD,2025-08-01 16:00:00,0.89130998,0.89205998,0.89026999,0.89161003,0,twelvedata,2025-08-26 19:28:19
5148,AUDCAD,2025-08-01 17:00:00,0.89166999,0.89203,0.89033997,0.89183998,0,twelvedata,2025-08-26 19:28:19
5149,AUDCAD,2025-08-01 18:00:00,0.89182001,0.89218998,0.89033002,0.89113998,0,twelvedata,2025-08-26 19:28:19
5150,AUDCAD,2025-08-01 19:00:00,0.89112997,0.89126998,0.88977998,0.89108998,0,twelvedata,2025-08-26 19:28:19
5151,AUDCAD,2025-08-01 20:00:00,0.89102,0.89165002,0.89014,0.89126003,0,twelvedata,2025-08-26 19:28:19
5152,AUDCAD,2025-08-01 21:00:00,0.89126998,0.89208001,0.89019001,0.89100999,0,twelvedata,2025-08-26 19:28:19
5153,AUDCAD,2025-08-01 22:00:00,0.89090002,0.89543003,0.88963997,0.89410001,0,twelvedata,2025-08-26 19:28:19
5154,AUDCAD,2025-08-01 23:00:00,0.89403999,0.89458001,0.8897,0.89081001,0,twelvedata,2025-08-26 19:28:19
5155,AUDCAD,2025-08-02 00:00:00,0.89082003,0.89231002,0.88944,0.89095998,0,twelvedata,2025-08-26 19:28:19
5156,AUDCAD,2025-08-02 01:00:00,0.89099002,0.89165998,0.88942999,0.89107001,0,twelvedata,2025-08-26 19:28:19
5157,AUDCAD,2025-08-02 02:00:00,0.89100999,0.89134997,0.88940001,0.89030999,0,twelvedata,2025-08-26 19:28:19
5158,AUDCAD,2025-08-02 03:00:00,0.89029002,0.89041001,0.88796997,0.88966,0,twelvedata,2025-08-26 19:28:19
5159,AUDCAD,2025-08-02 04:00:00,0.88963997,0.89056998,0.88849002,0.88972998,0,twelvedata,2025-08-26 19:28:19
5160,AUDCAD,2025-08-02 05:00:00,0.88976002,0.89121002,0.88857001,0.8908,0,twelvedata,2025-08-26 19:28:19
5161,AUDCAD,2025-08-02 06:00:00,0.89078999,0.89223999,0.88997,0.89173001,0,twelvedata,2025-08-26 19:28:19
5162,AUDCAD,2025-08-02 07:00:00,0.89133,0.89133,0.89133,0.89133,0,twelvedata,2025-08-26 19:28:19
5163,AUDCAD,2025-08-04 09:00:00,0.89093,0.89157999,0.88984001,0.89120001,0,twelvedata,2025-08-26 19:28:19
5164,AUDCAD,2025-08-04 10:00:00,0.89112997,0.89292002,0.89045,0.89265001,0,twelvedata,2025-08-26 19:28:19
5165,AUDCAD,2025-08-04 11:00:00,0.89270997,0.89345998,0.89109999,0.89320999,0,twelvedata,2025-08-26 19:28:19
5166,AUDCAD,2025-08-04 12:00:00,0.89319003,0.89327002,0.89121002,0.89227003,0,twelvedata,2025-08-26 19:28:19
5167,AUDCAD,2025-08-04 13:00:00,0.89218998,0.89300001,0.89138001,0.89279997,0,twelvedata,2025-08-26 19:28:19
5168,AUDCAD,2025-08-04 14:00:00,0.89284003,0.8933,0.89183003,0.89280999,0,twelvedata,2025-08-26 19:28:19
5169,AUDCAD,2025-08-04 15:00:00,0.89279002,0.89300001,0.89166999,0.89292997,0,twelvedata,2025-08-26 19:28:19
5170,AUDCAD,2025-08-04 16:00:00,0.89286,0.89310002,0.89126003,0.89249998,0,twelvedata,2025-08-26 19:28:19
5171,AUDCAD,2025-08-04 17:00:00,0.89239001,0.89286,0.89104003,0.89231998,0,twelvedata,2025-08-26 19:28:19
5172,AUDCAD,2025-08-04 18:00:00,0.89226002,0.89288998,0.89104003,0.89283001,0,twelvedata,2025-08-26 19:28:19
5173,AUDCAD,2025-08-04 19:00:00,0.89284003,0.89352,0.89181,0.89270002,0,twelvedata,2025-08-26 19:28:19
5174,AUDCAD,2025-08-04 20:00:00,0.89266002,0.89284003,0.89128,0.89273,0,twelvedata,2025-08-26 19:28:19
5175,AUDCAD,2025-08-04 21:00:00,0.89274001,0.89301002,0.89160001,0.89288002,0,twelvedata,2025-08-26 19:28:19
5176,AUDCAD,2025-08-04 22:00:00,0.89287001,0.8933,0.89182001,0.8926,0,twelvedata,2025-08-26 19:28:19
5177,AUDCAD,2025-08-04 23:00:00,0.89252001,0.89300001,0.89111,0.89183003,0,twelvedata,2025-08-26 19:28:19
5178,AUDCAD,2025-08-05 00:00:00,0.89183998,0.8926,0.89034998,0.89109999,0,twelvedata,2025-08-26 19:28:19
5179,AUDCAD,2025-08-05 01:00:00,0.89109999,0.89152998,0.88963997,0.89055002,0,twelvedata,2025-08-26 19:28:19
5180,AUDCAD,2025-08-05 02:00:00,0.89049,0.89089,0.88946998,0.89043999,0,twelvedata,2025-08-26 19:28:19
5181,AUDCAD,2025-08-05 03:00:00,0.89042002,0.89052999,0.88911998,0.89001,0,twelvedata,2025-08-26 19:28:19
5182,AUDCAD,2025-08-05 04:00:00,0.89006001,0.89064997,0.88925999,0.89041001,0,twelvedata,2025-08-26 19:28:19
5183,AUDCAD,2025-08-05 05:00:00,0.89039999,0.89077997,0.88940001,0.89071,0,twelvedata,2025-08-26 19:28:19
5184,AUDCAD,2025-08-05 06:00:00,0.89069003,0.89124,0.88967001,0.89047998,0,twelvedata,2025-08-26 19:28:19
5185,AUDCAD,2025-08-05 07:00:00,0.89091998,0.89204001,0.88941002,0.89074999,0,twelvedata,2025-08-26 19:28:19
5186,AUDCAD,2025-08-05 08:00:00,0.89077002,0.89139998,0.89012003,0.89115,0,twelvedata,2025-08-26 19:28:19
5187,AUDCAD,2025-08-05 09:00:00,0.89115,0.89162999,0.89008999,0.89137,0,twelvedata,2025-08-26 19:28:19
5188,AUDCAD,2025-08-05 10:00:00,0.89135998,0.89174002,0.88976002,0.89103001,0,twelvedata,2025-08-26 19:28:19
5189,AUDCAD,2025-08-05 11:00:00,0.89107001,0.89122999,0.88959002,0.89060998,0,twelvedata,2025-08-26 19:28:19
5190,AUDCAD,2025-08-05 12:00:00,0.89056998,0.89061999,0.88911003,0.89055997,0,twelvedata,2025-08-26 19:28:19
5191,AUDCAD,2025-08-05 13:00:00,0.89055002,0.89073002,0.88918,0.89008999,0,twelvedata,2025-08-26 19:28:19
5192,AUDCAD,2025-08-05 14:00:00,0.8901,0.89135998,0.88911998,0.89112002,0,twelvedata,2025-08-26 19:28:19
5193,AUDCAD,2025-08-05 15:00:00,0.89111,0.89115,0.88977998,0.89071,0,twelvedata,2025-08-26 19:28:19
5194,AUDCAD,2025-08-05 16:00:00,0.89058,0.89160001,0.88954002,0.89042997,0,twelvedata,2025-08-26 19:28:19
5195,AUDCAD,2025-08-05 17:00:00,0.89041001,0.89137,0.88909,0.89015001,0,twelvedata,2025-08-26 19:28:19
5196,AUDCAD,2025-08-05 18:00:00,0.8901,0.89108002,0.88918,0.89085001,0,twelvedata,2025-08-26 19:28:19
5197,AUDCAD,2025-08-05 19:00:00,0.89083999,0.89170998,0.88995999,0.89144999,0,twelvedata,2025-08-26 19:28:19
5198,AUDCAD,2025-08-05 20:00:00,0.89139998,0.89183998,0.89045,0.89130998,0,twelvedata,2025-08-26 19:28:19
5199,AUDCAD,2025-08-05 21:00:00,0.89130002,0.89153999,0.89007002,0.89122999,0,twelvedata,2025-08-26 19:28:19
5200,AUDCAD,2025-08-05 22:00:00,0.89121002,0.89218998,0.89020002,0.89203,0,twelvedata,2025-08-26 19:28:19
5201,AUDCAD,2025-08-05 23:00:00,0.89200997,0.89286,0.89008999,0.89120001,0,twelvedata,2025-08-26 19:28:19
5202,AUDCAD,2025-08-06 00:00:00,0.89109999,0.89152998,0.88942999,0.89069003,0,twelvedata,2025-08-26 19:28:19
5203,AUDCAD,2025-08-06 01:00:00,0.89073002,0.89164001,0.88975,0.89159,0,twelvedata,2025-08-26 19:28:19
5204,AUDCAD,2025-08-06 02:00:00,0.89160001,0.89249003,0.89049,0.89209998,0,twelvedata,2025-08-26 19:28:19
5205,AUDCAD,2025-08-06 03:00:00,0.89201999,0.89229,0.89104003,0.89209998,0,twelvedata,2025-08-26 19:28:19
5206,AUDCAD,2025-08-06 04:00:00,0.89210999,0.89218003,0.89055997,0.89151001,0,twelvedata,2025-08-26 19:28:19
5207,AUDCAD,2025-08-06 05:00:00,0.89152998,0.89166999,0.89020997,0.89093,0,twelvedata,2025-08-26 19:28:19
5208,AUDCAD,2025-08-06 06:00:00,0.89082998,0.89165002,0.88997,0.89090002,0,twelvedata,2025-08-26 19:28:19
5209,AUDCAD,2025-08-06 07:00:00,0.89087999,0.89143002,0.88982999,0.89086998,0,twelvedata,2025-08-26 19:28:19
5210,AUDCAD,2025-08-06 08:00:00,0.89091998,0.89135998,0.89012003,0.89111,0,twelvedata,2025-08-26 19:28:19
5211,AUDCAD,2025-08-06 09:00:00,0.89098001,0.89156997,0.89007998,0.89115,0,twelvedata,2025-08-26 19:28:19
5212,AUDCAD,2025-08-06 10:00:00,0.89116001,0.89240998,0.89045,0.89203,0,twelvedata,2025-08-26 19:28:19
5213,AUDCAD,2025-08-06 11:00:00,0.89201999,0.89240003,0.89077997,0.89232999,0,twelvedata,2025-08-26 19:28:19
5214,AUDCAD,2025-08-06 12:00:00,0.89225,0.89302999,0.89117002,0.89283001,0,twelvedata,2025-08-26 19:28:19
5215,AUDCAD,2025-08-06 13:00:00,0.89283001,0.89371002,0.89200997,0.89341998,0,twelvedata,2025-08-26 19:28:19
5216,AUDCAD,2025-08-06 14:00:00,0.89335001,0.89421999,0.89243001,0.89402997,0,twelvedata,2025-08-26 19:28:19
5217,AUDCAD,2025-08-06 15:00:00,0.89409,0.89419001,0.89236999,0.89332998,0,twelvedata,2025-08-26 19:28:19
5218,AUDCAD,2025-08-06 16:00:00,0.89323997,0.89367002,0.89222997,0.89342999,0,twelvedata,2025-08-26 19:28:19
5219,AUDCAD,2025-08-06 17:00:00,0.89342999,0.89407998,0.89230001,0.89383,0,twelvedata,2025-08-26 19:28:19
5220,AUDCAD,2025-08-06 18:00:00,0.89381999,0.89402002,0.89249003,0.89368999,0,twelvedata,2025-08-26 19:28:19
5221,AUDCAD,2025-08-06 19:00:00,0.89366001,0.89407003,0.89278001,0.89381999,0,twelvedata,2025-08-26 19:28:19
5222,AUDCAD,2025-08-06 20:00:00,0.89374,0.89489001,0.89262003,0.89466,0,twelvedata,2025-08-26 19:28:19
5223,AUDCAD,2025-08-06 21:00:00,0.89466,0.89491999,0.89322001,0.89477998,0,twelvedata,2025-08-26 19:28:19
5224,AUDCAD,2025-08-06 22:00:00,0.89477003,0.89494997,0.89267999,0.89402002,0,twelvedata,2025-08-26 19:28:19
5225,AUDCAD,2025-08-06 23:00:00,0.89394999,0.89445001,0.89266998,0.89371997,0,twelvedata,2025-08-26 19:28:19
5226,AUDCAD,2025-08-07 00:00:00,0.89371002,0.89380002,0.89152998,0.89291,0,twelvedata,2025-08-26 19:28:19
5227,AUDCAD,2025-08-07 01:00:00,0.89296001,0.89368999,0.89200002,0.89342999,0,twelvedata,2025-08-26 19:28:19
5228,AUDCAD,2025-08-07 02:00:00,0.89339,0.89385998,0.89207,0.89310002,0,twelvedata,2025-08-26 19:28:19
5229,AUDCAD,2025-08-07 03:00:00,0.89302999,0.89380002,0.89213002,0.89341998,0,twelvedata,2025-08-26 19:28:19
5230,AUDCAD,2025-08-07 04:00:00,0.89344001,0.89402997,0.89254999,0.89371002,0,twelvedata,2025-08-26 19:28:19
5231,AUDCAD,2025-08-07 05:00:00,0.89376003,0.89431,0.89266002,0.89363998,0,twelvedata,2025-08-26 19:28:19
5232,AUDCAD,2025-08-07 06:00:00,0.89366001,0.89371002,0.89231998,0.89359999,0,twelvedata,2025-08-26 19:28:19
5233,AUDCAD,2025-08-07 07:00:00,0.89309001,0.89385003,0.89221001,0.89270002,0,twelvedata,2025-08-26 19:28:19
5234,AUDCAD,2025-08-07 08:00:00,0.89278001,0.89393997,0.89249003,0.89371002,0,twelvedata,2025-08-26 19:28:19
5235,AUDCAD,2025-08-07 09:00:00,0.89346999,0.89385998,0.89209002,0.89292002,0,twelvedata,2025-08-26 19:28:19
5236,AUDCAD,2025-08-07 10:00:00,0.89279002,0.89341003,0.89179999,0.89270997,0,twelvedata,2025-08-26 19:28:19
5237,AUDCAD,2025-08-07 11:00:00,0.89269,0.89472002,0.89174002,0.89427,0,twelvedata,2025-08-26 19:28:19
5238,AUDCAD,2025-08-07 12:00:00,0.89438999,0.89459002,0.89261001,0.89368999,0,twelvedata,2025-08-26 19:28:19
5239,AUDCAD,2025-08-07 13:00:00,0.89355999,0.89446002,0.89245999,0.89414001,0,twelvedata,2025-08-26 19:28:19
5240,AUDCAD,2025-08-07 14:00:00,0.89421999,0.89477003,0.89332002,0.89460999,0,twelvedata,2025-08-26 19:28:19
5241,AUDCAD,2025-08-07 15:00:00,0.89472002,0.89499003,0.89341003,0.89488,0,twelvedata,2025-08-26 19:28:19
5242,AUDCAD,2025-08-07 16:00:00,0.89485002,0.89591002,0.89398998,0.89533001,0,twelvedata,2025-08-26 19:28:19
5243,AUDCAD,2025-08-07 17:00:00,0.89546001,0.89705998,0.89446002,0.89701003,0,twelvedata,2025-08-26 19:28:19
5244,AUDCAD,2025-08-07 18:00:00,0.89692998,0.89765,0.89559001,0.89675999,0,twelvedata,2025-08-26 19:28:19
5245,AUDCAD,2025-08-07 19:00:00,0.89677,0.89681,0.89507997,0.89589,0,twelvedata,2025-08-26 19:28:19
5246,AUDCAD,2025-08-07 20:00:00,0.89586997,0.89633,0.89486998,0.89582002,0,twelvedata,2025-08-26 19:28:19
5247,AUDCAD,2025-08-07 21:00:00,0.89592999,0.89634001,0.89466,0.89604002,0,twelvedata,2025-08-26 19:28:19
5248,AUDCAD,2025-08-07 22:00:00,0.89604998,0.89665002,0.8951,0.89630002,0,twelvedata,2025-08-26 19:28:19
5249,AUDCAD,2025-08-07 23:00:00,0.89621001,0.89674002,0.89506,0.89585,0,twelvedata,2025-08-26 19:28:19
5250,AUDCAD,2025-08-08 00:00:00,0.89594001,0.89596999,0.89305001,0.89385003,0,twelvedata,2025-08-26 19:28:19
5251,AUDCAD,2025-08-08 01:00:00,0.89384001,0.89421999,0.89269,0.8937,0,twelvedata,2025-08-26 19:28:19
5252,AUDCAD,2025-08-08 02:00:00,0.89362001,0.89415997,0.89266998,0.89384001,0,twelvedata,2025-08-26 19:28:19
5253,AUDCAD,2025-08-08 03:00:00,0.89393997,0.89437002,0.89261001,0.89398998,0,twelvedata,2025-08-26 19:28:19
5254,AUDCAD,2025-08-08 04:00:00,0.89414001,0.89446002,0.89313,0.89442003,0,twelvedata,2025-08-26 19:28:19
5255,AUDCAD,2025-08-08 05:00:00,0.89441001,0.89564002,0.89326,0.89548999,0,twelvedata,2025-08-26 19:28:19
5256,AUDCAD,2025-08-08 06:00:00,0.89547998,0.89670002,0.89464998,0.89608002,0,twelvedata,2025-08-26 19:28:19
5257,AUDCAD,2025-08-08 07:00:00,0.89608002,0.89657998,0.89420998,0.89581001,0,twelvedata,2025-08-26 19:28:19
5258,AUDCAD,2025-08-08 08:00:00,0.89596999,0.89671999,0.89525998,0.89626998,0,twelvedata,2025-08-26 19:28:19
5259,AUDCAD,2025-08-08 09:00:00,0.89602,0.89653999,0.89507997,0.89600998,0,twelvedata,2025-08-26 19:28:19
5260,AUDCAD,2025-08-08 10:00:00,0.89598,0.89669001,0.89469999,0.89586002,0,twelvedata,2025-08-26 19:28:19
5261,AUDCAD,2025-08-08 11:00:00,0.89581001,0.89604002,0.89424998,0.89564002,0,twelvedata,2025-08-26 19:28:19
5262,AUDCAD,2025-08-08 12:00:00,0.89563,0.89639002,0.89472997,0.89616001,0,twelvedata,2025-08-26 19:28:19
5263,AUDCAD,2025-08-08 13:00:00,0.89609998,0.89617002,0.89482999,0.89586002,0,twelvedata,2025-08-26 19:28:19
5264,AUDCAD,2025-08-08 14:00:00,0.89592999,0.89631999,0.89490002,0.89605999,0,twelvedata,2025-08-26 19:28:19
5265,AUDCAD,2025-08-08 15:00:00,0.89607,0.89634001,0.89488,0.89604998,0,twelvedata,2025-08-26 19:28:19
5266,AUDCAD,2025-08-08 16:00:00,0.89598,0.89670998,0.89488,0.89652002,0,twelvedata,2025-08-26 19:28:19
5267,AUDCAD,2025-08-08 17:00:00,0.89652997,0.89734,0.89565003,0.89665997,0,twelvedata,2025-08-26 19:28:19
5268,AUDCAD,2025-08-08 18:00:00,0.89665997,0.89705998,0.89446002,0.89547998,0,twelvedata,2025-08-26 19:28:19
5269,AUDCAD,2025-08-08 19:00:00,0.89548999,0.89572001,0.89432001,0.89552999,0,twelvedata,2025-08-26 19:28:19
5270,AUDCAD,2025-08-08 20:00:00,0.89551997,0.89604998,0.89438999,0.89569002,0,twelvedata,2025-08-26 19:28:19
5271,AUDCAD,2025-08-08 21:00:00,0.89574999,0.89604998,0.89449,0.89598,0,twelvedata,2025-08-26 19:28:19
5272,AUDCAD,2025-08-08 22:00:00,0.89596999,0.89736003,0.89491999,0.89657003,0,twelvedata,2025-08-26 19:28:19
5273,AUDCAD,2025-08-08 23:00:00,0.89647001,0.89784002,0.89560002,0.89727002,0,twelvedata,2025-08-26 19:28:19
5274,AUDCAD,2025-08-09 00:00:00,0.89726001,0.89774001,0.89604002,0.8973,0,twelvedata,2025-08-26 19:28:19
5275,AUDCAD,2025-08-09 01:00:00,0.89732999,0.89794999,0.89618999,0.89756,0,twelvedata,2025-08-26 19:28:19
5276,AUDCAD,2025-08-09 02:00:00,0.89744997,0.89775997,0.89622998,0.89726001,0,twelvedata,2025-08-26 19:28:19
5277,AUDCAD,2025-08-09 03:00:00,0.89726001,0.89769,0.89630002,0.8973,0,twelvedata,2025-08-26 19:28:19
5278,AUDCAD,2025-08-09 04:00:00,0.89737999,0.89776999,0.89644998,0.89771998,0,twelvedata,2025-08-26 19:28:19
5279,AUDCAD,2025-08-09 05:00:00,0.89766997,0.89775997,0.89605999,0.89719999,0,twelvedata,2025-08-26 19:28:19
5280,AUDCAD,2025-08-09 06:00:00,0.89723998,0.89748001,0.89586002,0.89665002,0,twelvedata,2025-08-26 19:28:19
5281,AUDCAD,2025-08-09 07:00:00,0.89687997,0.89687997,0.89687997,0.89687997,0,twelvedata,2025-08-26 19:28:19
5282,AUDCAD,2025-08-11 09:00:00,0.89677,0.89684999,0.89525002,0.89613003,0,twelvedata,2025-08-26 19:28:19
5283,AUDCAD,2025-08-11 10:00:00,0.89611,0.89665997,0.89516002,0.89648002,0,twelvedata,2025-08-26 19:28:19
5284,AUDCAD,2025-08-11 11:00:00,0.89647001,0.89709002,0.89530998,0.89687002,0,twelvedata,2025-08-26 19:28:19
5285,AUDCAD,2025-08-11 12:00:00,0.89683998,0.89714003,0.89582002,0.89679003,0,twelvedata,2025-08-26 19:28:19
5286,AUDCAD,2025-08-11 13:00:00,0.89683002,0.89713001,0.89551002,0.89703,0,twelvedata,2025-08-26 19:28:19
5287,AUDCAD,2025-08-11 14:00:00,0.89692998,0.89736003,0.89595997,0.89710999,0,twelvedata,2025-08-26 19:28:19
5288,AUDCAD,2025-08-11 15:00:00,0.89709997,0.89725,0.89591002,0.89725,0,twelvedata,2025-08-26 19:28:19
5289,AUDCAD,2025-08-11 16:00:00,0.89723003,0.89774001,0.89630997,0.89743,0,twelvedata,2025-08-26 19:28:19
5290,AUDCAD,2025-08-11 17:00:00,0.89748001,0.89762998,0.89616001,0.89705002,0,twelvedata,2025-08-26 19:28:19
5291,AUDCAD,2025-08-11 18:00:00,0.89696002,0.89783001,0.89609998,0.89749998,0,twelvedata,2025-08-26 19:28:19
5292,AUDCAD,2025-08-11 19:00:00,0.89745998,0.89785999,0.89630997,0.89776999,0,twelvedata,2025-08-26 19:28:19
5293,AUDCAD,2025-08-11 20:00:00,0.89783001,0.89796001,0.89651,0.89771998,0,twelvedata,2025-08-26 19:28:19
5294,AUDCAD,2025-08-11 21:00:00,0.89782,0.89796001,0.89595002,0.89723998,0,twelvedata,2025-08-26 19:28:19
5295,AUDCAD,2025-08-11 22:00:00,0.89723003,0.89737999,0.89573997,0.89714998,0,twelvedata,2025-08-26 19:28:19
5296,AUDCAD,2025-08-11 23:00:00,0.89710999,0.89726001,0.89569998,0.89719999,0,twelvedata,2025-08-26 19:28:19
5297,AUDCAD,2025-08-12 00:00:00,0.89717001,0.89762002,0.89582002,0.89704001,0,twelvedata,2025-08-26 19:28:19
5298,AUDCAD,2025-08-12 01:00:00,0.89708,0.89775997,0.89604998,0.89758998,0,twelvedata,2025-08-26 19:28:19
5299,AUDCAD,2025-08-12 02:00:00,0.89758003,0.89807999,0.89655,0.89750999,0,twelvedata,2025-08-26 19:28:19
5300,AUDCAD,2025-08-12 03:00:00,0.89749998,0.89758998,0.89614999,0.89753997,0,twelvedata,2025-08-26 19:28:19
5301,AUDCAD,2025-08-12 04:00:00,0.89748001,0.89774001,0.89642,0.89758003,0,twelvedata,2025-08-26 19:28:19
5302,AUDCAD,2025-08-12 05:00:00,0.89758998,0.8976,0.89622998,0.89723998,0,twelvedata,2025-08-26 19:28:19
5303,AUDCAD,2025-08-12 06:00:00,0.89727998,0.89757001,0.89617002,0.89683002,0,twelvedata,2025-08-26 19:28:19
5304,AUDCAD,2025-08-12 07:00:00,0.89701998,0.89748001,0.89595997,0.89722002,0,twelvedata,2025-08-26 19:28:19
5305,AUDCAD,2025-08-12 08:00:00,0.89725,0.89761001,0.89627999,0.89723998,0,twelvedata,2025-08-26 19:28:19
5306,AUDCAD,2025-08-12 09:00:00,0.89722002,0.89748001,0.89612001,0.89704001,0,twelvedata,2025-08-26 19:28:19
5307,AUDCAD,2025-08-12 10:00:00,0.89705002,0.89842999,0.89664,0.89802998,0,twelvedata,2025-08-26 19:28:19
5308,AUDCAD,2025-08-12 11:00:00,0.89797997,0.89804,0.89614999,0.89762002,0,twelvedata,2025-08-26 19:28:19
5309,AUDCAD,2025-08-12 12:00:00,0.8976,0.89837998,0.89670002,0.89832997,0,twelvedata,2025-08-26 19:28:19
5310,AUDCAD,2025-08-12 13:00:00,0.89826,0.8987,0.89717001,0.89802998,0,twelvedata,2025-08-26 19:28:19
5311,AUDCAD,2025-08-12 14:00:00,0.89793003,0.89815998,0.89547002,0.89727002,0,twelvedata,2025-08-26 19:28:19
5312,AUDCAD,2025-08-12 15:00:00,0.89734,0.8976,0.89414001,0.89513999,0,twelvedata,2025-08-26 19:28:19
5313,AUDCAD,2025-08-12 16:00:00,0.89506,0.89621001,0.89419001,0.89561999,0,twelvedata,2025-08-26 19:28:19
5314,AUDCAD,2025-08-12 17:00:00,0.89554,0.89613998,0.89466,0.89589,0,twelvedata,2025-08-26 19:28:19
5315,AUDCAD,2025-08-12 18:00:00,0.89587998,0.89604998,0.89409,0.89519,0,twelvedata,2025-08-26 19:28:19
5316,AUDCAD,2025-08-12 19:00:00,0.89517999,0.89556003,0.89387,0.89504999,0,twelvedata,2025-08-26 19:28:19
5317,AUDCAD,2025-08-12 20:00:00,0.89500999,0.89539999,0.89401001,0.89494002,0,twelvedata,2025-08-26 19:28:19
5318,AUDCAD,2025-08-12 21:00:00,0.89489001,0.89517999,0.89380997,0.89490998,0,twelvedata,2025-08-26 19:28:19
5319,AUDCAD,2025-08-12 22:00:00,0.89486998,0.89701003,0.89410001,0.89635003,0,twelvedata,2025-08-26 19:28:19
5320,AUDCAD,2025-08-12 23:00:00,0.89634001,0.89718997,0.89428997,0.89635003,0,twelvedata,2025-08-26 19:28:19
5321,AUDCAD,2025-08-13 00:00:00,0.89643002,0.89774001,0.89520001,0.89728999,0,twelvedata,2025-08-26 19:28:19
5322,AUDCAD,2025-08-13 01:00:00,0.89727002,0.89958,0.89655,0.89881998,0,twelvedata,2025-08-26 19:28:19
5323,AUDCAD,2025-08-13 02:00:00,0.89881003,0.89905,0.89770001,0.89876997,0,twelvedata,2025-08-26 19:28:19
5324,AUDCAD,2025-08-13 03:00:00,0.89873999,0.89916003,0.89784998,0.89910001,0,twelvedata,2025-08-26 19:28:19
5325,AUDCAD,2025-08-13 04:00:00,0.89908999,0.89968997,0.89819002,0.89956999,0,twelvedata,2025-08-26 19:28:19
5326,AUDCAD,2025-08-13 05:00:00,0.89955002,0.89982998,0.89845997,0.89950001,0,twelvedata,2025-08-26 19:28:19
5327,AUDCAD,2025-08-13 06:00:00,0.89950001,0.89977998,0.89820999,0.89897001,0,twelvedata,2025-08-26 19:28:19
5328,AUDCAD,2025-08-13 07:00:00,0.89872998,0.89934999,0.89749998,0.89894003,0,twelvedata,2025-08-26 19:28:19
5329,AUDCAD,2025-08-13 08:00:00,0.89881998,0.89942002,0.89806002,0.89876002,0,twelvedata,2025-08-26 19:28:19
5330,AUDCAD,2025-08-13 09:00:00,0.89879,0.89932001,0.89793998,0.89908999,0,twelvedata,2025-08-26 19:28:19
5331,AUDCAD,2025-08-13 10:00:00,0.89908999,0.89929998,0.89779001,0.89897001,0,twelvedata,2025-08-26 19:28:19
5332,AUDCAD,2025-08-13 11:00:00,0.89897001,0.89928001,0.89705002,0.89835,0,twelvedata,2025-08-26 19:28:19
5333,AUDCAD,2025-08-13 12:00:00,0.89828998,0.89964998,0.89745998,0.89933997,0,twelvedata,2025-08-26 19:28:19
5334,AUDCAD,2025-08-13 13:00:00,0.89932001,0.89956999,0.89820999,0.89934999,0,twelvedata,2025-08-26 19:28:19
5335,AUDCAD,2025-08-13 14:00:00,0.89932001,0.90007001,0.89829999,0.89968997,0,twelvedata,2025-08-26 19:28:19
5336,AUDCAD,2025-08-13 15:00:00,0.89967,0.89999998,0.89850003,0.89990997,0,twelvedata,2025-08-26 19:28:19
5337,AUDCAD,2025-08-13 16:00:00,0.89995998,0.90127999,0.89840001,0.90090001,0,twelvedata,2025-08-26 19:28:19
5338,AUDCAD,2025-08-13 17:00:00,0.90091997,0.90173,0.89998001,0.90144998,0,twelvedata,2025-08-26 19:28:19
5339,AUDCAD,2025-08-13 18:00:00,0.90135998,0.90197998,0.90025002,0.90147001,0,twelvedata,2025-08-26 19:28:19
5340,AUDCAD,2025-08-13 19:00:00,0.90153003,0.90249997,0.90039003,0.90236998,0,twelvedata,2025-08-26 19:28:19
5341,AUDCAD,2025-08-13 20:00:00,0.90243,0.90245003,0.90081,0.90177,0,twelvedata,2025-08-26 19:28:19
5342,AUDCAD,2025-08-13 21:00:00,0.90175998,0.90180999,0.90034997,0.90169001,0,twelvedata,2025-08-26 19:28:19
5343,AUDCAD,2025-08-13 22:00:00,0.90167999,0.90183997,0.89982998,0.90121001,0,twelvedata,2025-08-26 19:28:19
5344,AUDCAD,2025-08-13 23:00:00,0.90122002,0.90151,0.89995003,0.90117002,0,twelvedata,2025-08-26 19:28:19
5345,AUDCAD,2025-08-14 00:00:00,0.90118998,0.90219998,0.89999998,0.90161997,0,twelvedata,2025-08-26 19:28:19
5346,AUDCAD,2025-08-14 01:00:00,0.90161002,0.90170002,0.89985001,0.90081,0,twelvedata,2025-08-26 19:28:19
5347,AUDCAD,2025-08-14 02:00:00,0.90075999,0.90135998,0.89993,0.90101999,0,twelvedata,2025-08-26 19:28:19
5348,AUDCAD,2025-08-14 03:00:00,0.90091997,0.90116,0.89954001,0.90053999,0,twelvedata,2025-08-26 19:28:19
5349,AUDCAD,2025-08-14 04:00:00,0.90051001,0.90074003,0.89951003,0.90060002,0,twelvedata,2025-08-26 19:28:19
5350,AUDCAD,2025-08-14 05:00:00,0.90061003,0.90092999,0.89960998,0.90048999,0,twelvedata,2025-08-26 19:28:19
5351,AUDCAD,2025-08-14 06:00:00,0.90041,0.90096998,0.89962,0.90043002,0,twelvedata,2025-08-26 19:28:19
5352,AUDCAD,2025-08-14 07:00:00,0.90013999,0.90044999,0.89920002,0.89973003,0,twelvedata,2025-08-26 19:28:19
5353,AUDCAD,2025-08-14 08:00:00,0.90016001,0.90056998,0.89934999,0.90033001,0,twelvedata,2025-08-26 19:28:19
5354,AUDCAD,2025-08-14 09:00:00,0.90025002,0.90100002,0.89933002,0.90068001,0,twelvedata,2025-08-26 19:28:19
5355,AUDCAD,2025-08-14 10:00:00,0.90079999,0.90135998,0.89986998,0.90105999,0,twelvedata,2025-08-26 19:28:19
5356,AUDCAD,2025-08-14 11:00:00,0.90094,0.90283,0.90024,0.90249997,0,twelvedata,2025-08-26 19:28:19
5357,AUDCAD,2025-08-14 12:00:00,0.90249002,0.90258998,0.90085,0.90205997,0,twelvedata,2025-08-26 19:28:19
5358,AUDCAD,2025-08-14 13:00:00,0.90217,0.90217,0.90012002,0.90104997,0,twelvedata,2025-08-26 19:28:19
5359,AUDCAD,2025-08-14 14:00:00,0.90096003,0.90147001,0.90011001,0.90109998,0,twelvedata,2025-08-26 19:28:19
5360,AUDCAD,2025-08-14 15:00:00,0.90113002,0.90154999,0.89990002,0.90123999,0,twelvedata,2025-08-26 19:28:19
5361,AUDCAD,2025-08-14 16:00:00,0.90113997,0.90131998,0.89908999,0.89995003,0,twelvedata,2025-08-26 19:28:19
5362,AUDCAD,2025-08-14 17:00:00,0.89991999,0.90056002,0.89858001,0.89972001,0,twelvedata,2025-08-26 19:28:19
5363,AUDCAD,2025-08-14 18:00:00,0.89963001,0.90056002,0.89833999,0.89910001,0,twelvedata,2025-08-26 19:28:19
5364,AUDCAD,2025-08-14 19:00:00,0.89911997,0.89981002,0.89833999,0.89924002,0,twelvedata,2025-08-26 19:28:19
5365,AUDCAD,2025-08-14 20:00:00,0.89923,0.89954001,0.89806002,0.89903998,0,twelvedata,2025-08-26 19:28:19
5366,AUDCAD,2025-08-14 21:00:00,0.89898998,0.89946997,0.89815003,0.89927,0,twelvedata,2025-08-26 19:28:19
5367,AUDCAD,2025-08-14 22:00:00,0.89920002,0.89933997,0.89647001,0.89743,0,twelvedata,2025-08-26 19:28:19
5368,AUDCAD,2025-08-14 23:00:00,0.89743,0.89753002,0.89551997,0.89649999,0,twelvedata,2025-08-26 19:28:19
5369,AUDCAD,2025-08-15 00:00:00,0.89646,0.89740002,0.89520001,0.89661002,0,twelvedata,2025-08-26 19:28:19
5370,AUDCAD,2025-08-15 01:00:00,0.89652002,0.89665997,0.89455003,0.89573002,0,twelvedata,2025-08-26 19:28:19
5371,AUDCAD,2025-08-15 02:00:00,0.89570999,0.89630997,0.89451998,0.89618999,0,twelvedata,2025-08-26 19:28:19
5372,AUDCAD,2025-08-15 03:00:00,0.89617002,0.89687997,0.89533001,0.89661002,0,twelvedata,2025-08-26 19:28:19
5373,AUDCAD,2025-08-15 04:00:00,0.89655,0.89718997,0.89576,0.89704001,0,twelvedata,2025-08-26 19:28:19
5374,AUDCAD,2025-08-15 05:00:00,0.89703,0.89749002,0.89616001,0.89731002,0,twelvedata,2025-08-26 19:28:19
5375,AUDCAD,2025-08-15 06:00:00,0.89740002,0.89771003,0.89625001,0.89671999,0,twelvedata,2025-08-26 19:28:19
5376,AUDCAD,2025-08-15 07:00:00,0.89670998,0.89793998,0.89576,0.89741999,0,twelvedata,2025-08-26 19:28:19
5377,AUDCAD,2025-08-15 08:00:00,0.89754999,0.89797002,0.89655,0.89750999,0,twelvedata,2025-08-26 19:28:19
5378,AUDCAD,2025-08-15 09:00:00,0.89749002,0.89772999,0.89646,0.89744002,0,twelvedata,2025-08-26 19:28:19
5379,AUDCAD,2025-08-15 10:00:00,0.89736998,0.89763999,0.89599001,0.89737999,0,twelvedata,2025-08-26 19:28:19
5380,AUDCAD,2025-08-15 11:00:00,0.89740002,0.89793003,0.89612001,0.89712,0,twelvedata,2025-08-26 19:28:19
5381,AUDCAD,2025-08-15 12:00:00,0.89714003,0.89726001,0.89525998,0.89701998,0,twelvedata,2025-08-26 19:28:19
5382,AUDCAD,2025-08-15 13:00:00,0.89701998,0.89775997,0.8962,0.89749998,0,twelvedata,2025-08-26 19:28:19
5383,AUDCAD,2025-08-15 14:00:00,0.89744997,0.89771998,0.89613003,0.89714003,0,twelvedata,2025-08-26 19:28:19
5384,AUDCAD,2025-08-15 15:00:00,0.89722002,0.8976,0.89626998,0.89745998,0,twelvedata,2025-08-26 19:28:19
5385,AUDCAD,2025-08-15 16:00:00,0.89743,0.89794999,0.89639002,0.89770001,0,twelvedata,2025-08-26 19:28:19
5386,AUDCAD,2025-08-15 17:00:00,0.89771998,0.89844,0.89681,0.89829999,0,twelvedata,2025-08-26 19:28:19
5387,AUDCAD,2025-08-15 18:00:00,0.89837998,0.89849001,0.89709997,0.89806002,0,twelvedata,2025-08-26 19:28:19
5388,AUDCAD,2025-08-15 19:00:00,0.89804,0.89811999,0.89647001,0.89744002,0,twelvedata,2025-08-26 19:28:19
5389,AUDCAD,2025-08-15 20:00:00,0.89732999,0.89804,0.89640999,0.89792001,0,twelvedata,2025-08-26 19:28:19
5390,AUDCAD,2025-08-15 21:00:00,0.89788997,0.89850003,0.89717001,0.89810997,0,twelvedata,2025-08-26 19:28:19
5391,AUDCAD,2025-08-15 22:00:00,0.89811999,0.89884001,0.89703,0.8987,0,twelvedata,2025-08-26 19:28:19
5392,AUDCAD,2025-08-15 23:00:00,0.89866,0.89989001,0.89779001,0.89963001,0,twelvedata,2025-08-26 19:28:19
5393,AUDCAD,2025-08-16 00:00:00,0.89959002,0.90017998,0.89824998,0.90009999,0,twelvedata,2025-08-26 19:28:19
5394,AUDCAD,2025-08-16 01:00:00,0.90007001,0.90037,0.89844,0.89937001,0,twelvedata,2025-08-26 19:28:19
5395,AUDCAD,2025-08-16 02:00:00,0.89932001,0.89954001,0.89815003,0.89915001,0,twelvedata,2025-08-26 19:28:19
5396,AUDCAD,2025-08-16 03:00:00,0.89911002,0.89920002,0.89774001,0.89881998,0,twelvedata,2025-08-26 19:28:19
5397,AUDCAD,2025-08-16 04:00:00,0.89881998,0.89885998,0.89748001,0.89854997,0,twelvedata,2025-08-26 19:28:19
5398,AUDCAD,2025-08-16 05:00:00,0.89857,0.89898998,0.89765,0.89894998,0,twelvedata,2025-08-26 19:28:19
5399,AUDCAD,2025-08-16 06:00:00,0.89890999,0.89945,0.89774001,0.89902002,0,twelvedata,2025-08-26 19:28:19
5400,AUDCAD,2025-08-16 07:00:00,0.89823002,0.89823002,0.89823002,0.89823002,0,twelvedata,2025-08-26 19:28:19
5401,AUDCAD,2025-08-18 09:00:00,0.89920998,0.89967,0.89824998,0.89964998,0,twelvedata,2025-08-26 19:28:19
5402,AUDCAD,2025-08-18 10:00:00,0.89958,0.89982998,0.89832002,0.89921999,0,twelvedata,2025-08-26 19:28:19
5403,AUDCAD,2025-08-18 11:00:00,0.89921999,0.90013999,0.89841002,0.90004998,0,twelvedata,2025-08-26 19:28:19
5404,AUDCAD,2025-08-18 12:00:00,0.90002,0.90006,0.89816999,0.89945,0,twelvedata,2025-08-26 19:28:19
5405,AUDCAD,2025-08-18 13:00:00,0.89942998,0.89997,0.89840001,0.89990002,0,twelvedata,2025-08-26 19:28:19
5406,AUDCAD,2025-08-18 14:00:00,0.89991999,0.90012997,0.89867002,0.89982003,0,twelvedata,2025-08-26 19:28:19
5407,AUDCAD,2025-08-18 15:00:00,0.89982998,0.90039003,0.89876997,0.89964998,0,twelvedata,2025-08-26 19:28:19
5408,AUDCAD,2025-08-18 16:00:00,0.89965999,0.89987999,0.89789999,0.89885002,0,twelvedata,2025-08-26 19:28:19
5409,AUDCAD,2025-08-18 17:00:00,0.89884001,0.89920002,0.89767998,0.89867997,0,twelvedata,2025-08-26 19:28:19
5410,AUDCAD,2025-08-18 18:00:00,0.89866,0.89911997,0.89731002,0.89863002,0,twelvedata,2025-08-26 19:28:19
5411,AUDCAD,2025-08-18 19:00:00,0.89867002,0.89898002,0.89752001,0.89858001,0,twelvedata,2025-08-26 19:28:19
5412,AUDCAD,2025-08-18 20:00:00,0.89853001,0.89863998,0.89723998,0.89807999,0,twelvedata,2025-08-26 19:28:19
5413,AUDCAD,2025-08-18 21:00:00,0.89809,0.89841998,0.89688998,0.89774001,0,twelvedata,2025-08-26 19:28:19
5414,AUDCAD,2025-08-18 22:00:00,0.89770001,0.89789999,0.89617002,0.89737999,0,twelvedata,2025-08-26 19:28:19
5415,AUDCAD,2025-08-18 23:00:00,0.89736998,0.89804,0.89618999,0.89758003,0,twelvedata,2025-08-26 19:28:19
5416,AUDCAD,2025-08-19 00:00:00,0.89757001,0.89788997,0.89551997,0.89670002,0,twelvedata,2025-08-26 19:28:19
5417,AUDCAD,2025-08-19 01:00:00,0.89664,0.89726001,0.89538997,0.89695001,0,twelvedata,2025-08-26 19:28:19
5418,AUDCAD,2025-08-19 02:00:00,0.89693999,0.89701003,0.89534003,0.89625001,0,twelvedata,2025-08-26 19:28:19
5419,AUDCAD,2025-08-19 03:00:00,0.89625001,0.89657003,0.89521998,0.89618999,0,twelvedata,2025-08-26 19:28:19
5420,AUDCAD,2025-08-19 04:00:00,0.89622998,0.89640999,0.8951,0.89638001,0,twelvedata,2025-08-26 19:28:19
5421,AUDCAD,2025-08-19 05:00:00,0.89639997,0.89669001,0.89546001,0.89655,0,twelvedata,2025-08-26 19:28:19
5422,AUDCAD,2025-08-19 06:00:00,0.89658999,0.89673001,0.89499003,0.89543998,0,twelvedata,2025-08-26 19:28:19
5423,AUDCAD,2025-08-19 07:00:00,0.89581001,0.89621001,0.89463001,0.89577001,0,twelvedata,2025-08-26 19:28:19
5424,AUDCAD,2025-08-19 08:00:00,0.89578998,0.89648002,0.89519,0.89602,0,twelvedata,2025-08-26 19:28:19
5425,AUDCAD,2025-08-19 09:00:00,0.89609998,0.89653999,0.89497,0.89635998,0,twelvedata,2025-08-26 19:28:19
5426,AUDCAD,2025-08-19 10:00:00,0.89633,0.89674997,0.89526999,0.89674997,0,twelvedata,2025-08-26 19:28:19
5427,AUDCAD,2025-08-19 11:00:00,0.89668,0.89693999,0.89502001,0.89617997,0,twelvedata,2025-08-26 19:28:19
5428,AUDCAD,2025-08-19 12:00:00,0.89621001,0.89643002,0.89500999,0.89636999,0,twelvedata,2025-08-26 19:28:19
5429,AUDCAD,2025-08-19 13:00:00,0.89638001,0.89661998,0.89506,0.89582002,0,twelvedata,2025-08-26 19:28:19
5430,AUDCAD,2025-08-19 14:00:00,0.89582002,0.89622003,0.89498001,0.89600998,0,twelvedata,2025-08-26 19:28:19
5431,AUDCAD,2025-08-19 15:00:00,0.89600003,0.89633,0.89420998,0.89484,0,twelvedata,2025-08-26 19:28:19
5432,AUDCAD,2025-08-19 16:00:00,0.89490002,0.89595997,0.89392,0.89590001,0,twelvedata,2025-08-26 19:28:19
5433,AUDCAD,2025-08-19 17:00:00,0.89591002,0.89651,0.89455003,0.89598,0,twelvedata,2025-08-26 19:28:19
5434,AUDCAD,2025-08-19 18:00:00,0.89595002,0.89622003,0.89472997,0.89596999,0,twelvedata,2025-08-26 19:28:19
5435,AUDCAD,2025-08-19 19:00:00,0.89595997,0.89688998,0.89511001,0.89670002,0,twelvedata,2025-08-26 19:28:19
5436,AUDCAD,2025-08-19 20:00:00,0.89668,0.89709002,0.89520001,0.89627999,0,twelvedata,2025-08-26 19:28:19
5437,AUDCAD,2025-08-19 21:00:00,0.89622998,0.89665997,0.89512002,0.89651,0,twelvedata,2025-08-26 19:28:19
5438,AUDCAD,2025-08-19 22:00:00,0.89656001,0.89744002,0.89560002,0.89692003,0,twelvedata,2025-08-26 19:28:19
5439,AUDCAD,2025-08-19 23:00:00,0.89697999,0.89709997,0.89517999,0.89664,0,twelvedata,2025-08-26 19:28:19
5440,AUDCAD,2025-08-20 00:00:00,0.89660001,0.89681,0.89466,0.89569998,0,twelvedata,2025-08-26 19:28:19
5441,AUDCAD,2025-08-20 01:00:00,0.89565998,0.89572001,0.89411002,0.89504999,0,twelvedata,2025-08-26 19:28:19
5442,AUDCAD,2025-08-20 02:00:00,0.89499998,0.89537001,0.89389002,0.89499003,0,twelvedata,2025-08-26 19:28:19
5443,AUDCAD,2025-08-20 03:00:00,0.89495999,0.89500999,0.89357001,0.89480001,0,twelvedata,2025-08-26 19:28:19
5444,AUDCAD,2025-08-20 04:00:00,0.89477003,0.89486003,0.89328003,0.89442998,0,twelvedata,2025-08-26 19:28:19
5445,AUDCAD,2025-08-20 05:00:00,0.89438999,0.89473999,0.89333999,0.89469999,0,twelvedata,2025-08-26 19:28:19
5446,AUDCAD,2025-08-20 06:00:00,0.89468998,0.8951,0.89348,0.89468002,0,twelvedata,2025-08-26 19:28:19
5447,AUDCAD,2025-08-20 07:00:00,0.89459002,0.89604998,0.89354998,0.89433002,0,twelvedata,2025-08-26 19:28:19
5448,AUDCAD,2025-08-20 08:00:00,0.89442998,0.89512998,0.89385003,0.89488,0,twelvedata,2025-08-26 19:28:19
5449,AUDCAD,2025-08-20 09:00:00,0.89472997,0.89498001,0.89367002,0.89486003,0,twelvedata,2025-08-26 19:28:19
5450,AUDCAD,2025-08-20 10:00:00,0.89477998,0.89500999,0.89320999,0.89467001,0,twelvedata,2025-08-26 19:28:19
5451,AUDCAD,2025-08-20 11:00:00,0.89459002,0.89499998,0.89328998,0.89454001,0,twelvedata,2025-08-26 19:28:19
5452,AUDCAD,2025-08-20 12:00:00,0.89460999,0.89468002,0.89170998,0.89313,0,twelvedata,2025-08-26 19:28:19
5453,AUDCAD,2025-08-20 13:00:00,0.89305001,0.89374,0.89152998,0.89245999,0,twelvedata,2025-08-26 19:28:19
5454,AUDCAD,2025-08-20 14:00:00,0.89236999,0.89390999,0.89152002,0.89366001,0,twelvedata,2025-08-26 19:28:19
5455,AUDCAD,2025-08-20 15:00:00,0.89363998,0.89447999,0.89244998,0.89438999,0,twelvedata,2025-08-26 19:28:19
5456,AUDCAD,2025-08-20 16:00:00,0.89442003,0.89455998,0.89222002,0.89365,0,twelvedata,2025-08-26 19:28:19
5457,AUDCAD,2025-08-20 17:00:00,0.89365,0.89411998,0.89218003,0.89345998,0,twelvedata,2025-08-26 19:28:19
5458,AUDCAD,2025-08-20 18:00:00,0.89345002,0.89348,0.89102,0.89288998,0,twelvedata,2025-08-26 19:28:19
5459,AUDCAD,2025-08-20 19:00:00,0.89287001,0.89314997,0.89151001,0.89306003,0,twelvedata,2025-08-26 19:28:19
5460,AUDCAD,2025-08-20 20:00:00,0.89304,0.89310998,0.89156997,0.89275002,0,twelvedata,2025-08-26 19:28:19
5461,AUDCAD,2025-08-20 21:00:00,0.89267999,0.89295,0.89124,0.89208001,0,twelvedata,2025-08-26 19:28:19
5462,AUDCAD,2025-08-20 22:00:00,0.89200002,0.89342999,0.89124,0.89286,0,twelvedata,2025-08-26 19:28:19
5463,AUDCAD,2025-08-20 23:00:00,0.89283001,0.89315999,0.89052999,0.89144999,0,twelvedata,2025-08-26 19:28:19
5464,AUDCAD,2025-08-21 00:00:00,0.89143997,0.89186001,0.88993001,0.89104998,0,twelvedata,2025-08-26 19:28:19
5465,AUDCAD,2025-08-21 01:00:00,0.89105999,0.89257002,0.89016002,0.89169002,0,twelvedata,2025-08-26 19:28:19
5466,AUDCAD,2025-08-21 02:00:00,0.89166999,0.89254999,0.89087999,0.89239001,0,twelvedata,2025-08-26 19:28:19
5467,AUDCAD,2025-08-21 03:00:00,0.89234,0.89287001,0.89144999,0.89235997,0,twelvedata,2025-08-26 19:28:19
5468,AUDCAD,2025-08-21 04:00:00,0.89236999,0.89252001,0.89082998,0.89195001,0,twelvedata,2025-08-26 19:28:19
5469,AUDCAD,2025-08-21 05:00:00,0.89191997,0.89266002,0.89115,0.89262998,0,twelvedata,2025-08-26 19:28:19
5470,AUDCAD,2025-08-21 06:00:00,0.89261001,0.89288998,0.89129001,0.89240998,0,twelvedata,2025-08-26 19:28:19
5471,AUDCAD,2025-08-21 07:00:00,0.89218003,0.89219999,0.89081001,0.89188999,0,twelvedata,2025-08-26 19:28:19
5472,AUDCAD,2025-08-21 08:00:00,0.89188999,0.89251,0.89138001,0.89231998,0,twelvedata,2025-08-26 19:28:19
5473,AUDCAD,2025-08-21 09:00:00,0.89230001,0.89288002,0.89144999,0.89275998,0,twelvedata,2025-08-26 19:28:19
5474,AUDCAD,2025-08-21 10:00:00,0.89261001,0.89297003,0.89094001,0.89183003,0,twelvedata,2025-08-26 19:28:19
5475,AUDCAD,2025-08-21 11:00:00,0.89183998,0.89262003,0.89069003,0.89232999,0,twelvedata,2025-08-26 19:28:19
5476,AUDCAD,2025-08-21 12:00:00,0.89222997,0.89239001,0.88990003,0.89082998,0,twelvedata,2025-08-26 19:28:19
5477,AUDCAD,2025-08-21 13:00:00,0.89093,0.89152998,0.89014,0.89117998,0,twelvedata,2025-08-26 19:28:19
5478,AUDCAD,2025-08-21 14:00:00,0.89116001,0.89159,0.88998997,0.89083999,0,twelvedata,2025-08-26 19:28:19
5479,AUDCAD,2025-08-21 15:00:00,0.89085001,0.89153999,0.88953,0.89140999,0,twelvedata,2025-08-26 19:28:19
5480,AUDCAD,2025-08-21 16:00:00,0.89139003,0.89170003,0.89011002,0.89108002,0,twelvedata,2025-08-26 19:28:19
5481,AUDCAD,2025-08-21 17:00:00,0.89115,0.89148003,0.88993001,0.89129001,0,twelvedata,2025-08-26 19:28:19
5482,AUDCAD,2025-08-21 18:00:00,0.89137,0.89152998,0.89016002,0.89138001,0,twelvedata,2025-08-26 19:28:19
5483,AUDCAD,2025-08-21 19:00:00,0.89138001,0.89204001,0.89049,0.89155,0,twelvedata,2025-08-26 19:28:19
5484,AUDCAD,2025-08-21 20:00:00,0.89153999,0.89243001,0.89061999,0.89226002,0,twelvedata,2025-08-26 19:28:19
5485,AUDCAD,2025-08-21 21:00:00,0.89236999,0.89276999,0.89103001,0.89184999,0,twelvedata,2025-08-26 19:28:19
5486,AUDCAD,2025-08-21 22:00:00,0.89183003,0.89258999,0.89090002,0.89196002,0,twelvedata,2025-08-26 19:28:19
5487,AUDCAD,2025-08-21 23:00:00,0.89196002,0.89298999,0.89128,0.89226002,0,twelvedata,2025-08-26 19:28:19
5488,AUDCAD,2025-08-22 00:00:00,0.89214998,0.89345002,0.89152998,0.89289999,0,twelvedata,2025-08-26 19:28:19
5489,AUDCAD,2025-08-22 01:00:00,0.89288998,0.89304,0.89124,0.89234,0,twelvedata,2025-08-26 19:28:19
5490,AUDCAD,2025-08-22 02:00:00,0.89223999,0.89257997,0.89118999,0.89235997,0,twelvedata,2025-08-26 19:28:19
5491,AUDCAD,2025-08-22 03:00:00,0.89238,0.89310998,0.89157999,0.89284998,0,twelvedata,2025-08-26 19:28:19
5492,AUDCAD,2025-08-22 04:00:00,0.89271998,0.89317,0.89182001,0.89289999,0,twelvedata,2025-08-26 19:28:19
5493,AUDCAD,2025-08-22 05:00:00,0.89280999,0.89300001,0.89155,0.89278001,0,twelvedata,2025-08-26 19:28:19
5494,AUDCAD,2025-08-22 06:00:00,0.89275998,0.89311999,0.89183998,0.89257002,0,twelvedata,2025-08-26 19:28:19
5495,AUDCAD,2025-08-22 07:00:00,0.89254999,0.89333999,0.89194,0.89270997,0,twelvedata,2025-08-26 19:28:19
5496,AUDCAD,2025-08-22 08:00:00,0.89274001,0.89349002,0.89218003,0.89315999,0,twelvedata,2025-08-26 19:28:19
5497,AUDCAD,2025-08-22 09:00:00,0.89308,0.89323997,0.89205998,0.89319003,0,twelvedata,2025-08-26 19:28:19
5498,AUDCAD,2025-08-22 10:00:00,0.89310998,0.89367998,0.89194,0.89344001,0,twelvedata,2025-08-26 19:28:19
5499,AUDCAD,2025-08-22 11:00:00,0.89345998,0.89367002,0.89229,0.89335001,0,twelvedata,2025-08-26 19:28:19
5500,AUDCAD,2025-08-22 12:00:00,0.89332998,0.89425999,0.89235997,0.89380997,0,twelvedata,2025-08-26 19:28:19
5501,AUDCAD,2025-08-22 13:00:00,0.89379001,0.89424002,0.89262003,0.89354002,0,twelvedata,2025-08-26 19:28:19
5502,AUDCAD,2025-08-22 14:00:00,0.89350998,0.89371002,0.89213997,0.89314997,0,twelvedata,2025-08-26 19:28:19
5503,AUDCAD,2025-08-22 15:00:00,0.89306003,0.89314997,0.89184999,0.89274001,0,twelvedata,2025-08-26 19:28:19
5504,AUDCAD,2025-08-22 16:00:00,0.89266002,0.89358002,0.89182001,0.89304,0,twelvedata,2025-08-26 19:28:19
5505,AUDCAD,2025-08-22 17:00:00,0.89304,0.89380002,0.89199001,0.89350998,0,twelvedata,2025-08-26 19:28:19
5506,AUDCAD,2025-08-22 18:00:00,0.89357001,0.89460999,0.89270002,0.89424002,0,twelvedata,2025-08-26 19:28:19
5507,AUDCAD,2025-08-22 19:00:00,0.89427,0.89450002,0.89222997,0.89313,0,twelvedata,2025-08-26 19:28:19
5508,AUDCAD,2025-08-22 20:00:00,0.89309001,0.89335001,0.89195001,0.89306998,0,twelvedata,2025-08-26 19:28:19
5509,AUDCAD,2025-08-22 21:00:00,0.89306003,0.89332998,0.89191997,0.89323002,0,twelvedata,2025-08-26 19:28:19
5510,AUDCAD,2025-08-22 22:00:00,0.89326,0.89418,0.8926,0.89358997,0,twelvedata,2025-08-26 19:28:19
5511,AUDCAD,2025-08-22 23:00:00,0.89355999,0.89504999,0.89284998,0.89459997,0,twelvedata,2025-08-26 19:28:19
5512,AUDCAD,2025-08-23 00:00:00,0.89454001,0.89898002,0.89454001,0.89822,0,twelvedata,2025-08-26 19:28:19
5513,AUDCAD,2025-08-23 01:00:00,0.89822,0.89914,0.89646,0.89753997,0,twelvedata,2025-08-26 19:28:19
5514,AUDCAD,2025-08-23 02:00:00,0.89757001,0.89804,0.89634001,0.89735001,0,twelvedata,2025-08-26 19:28:19
5515,AUDCAD,2025-08-23 03:00:00,0.89735001,0.89779001,0.89630002,0.89745998,0,twelvedata,2025-08-26 19:28:19
5516,AUDCAD,2025-08-23 04:00:00,0.89744997,0.89753997,0.89607,0.89697999,0,twelvedata,2025-08-26 19:28:19
5517,AUDCAD,2025-08-23 05:00:00,0.89695001,0.89723998,0.89570999,0.89715999,0,twelvedata,2025-08-26 19:28:19
5518,AUDCAD,2025-08-23 06:00:00,0.89717001,0.89772999,0.89613998,0.89740998,0,twelvedata,2025-08-26 19:28:19
5519,AUDCAD,2025-08-23 07:00:00,0.89634001,0.89634001,0.89634001,0.89634001,0,twelvedata,2025-08-26 19:28:19
5520,AUDCAD,2025-08-25 09:00:00,0.89704001,0.89736998,0.89581001,0.89674002,0,twelvedata,2025-08-26 19:28:19
5521,AUDCAD,2025-08-25 10:00:00,0.89670002,0.89731002,0.89595002,0.89700001,0,twelvedata,2025-08-26 19:28:19
5522,AUDCAD,2025-08-25 11:00:00,0.8969,0.89715999,0.89498001,0.89591998,0,twelvedata,2025-08-26 19:28:19
5523,AUDCAD,2025-08-25 12:00:00,0.89583999,0.89688998,0.89512998,0.89683002,0,twelvedata,2025-08-26 19:28:19
5524,AUDCAD,2025-08-25 13:00:00,0.89679998,0.89757001,0.89609998,0.89728999,0,twelvedata,2025-08-26 19:28:19
5525,AUDCAD,2025-08-25 14:00:00,0.89727002,0.89804,0.89648002,0.89775002,0,twelvedata,2025-08-26 19:28:19
5526,AUDCAD,2025-08-25 15:00:00,0.89771003,0.89855999,0.89682001,0.89823997,0,twelvedata,2025-08-26 19:28:19
5527,AUDCAD,2025-08-25 16:00:00,0.89822,0.89911997,0.89749002,0.89864999,0,twelvedata,2025-08-26 19:28:19
5528,AUDCAD,2025-08-25 17:00:00,0.89859998,0.89895999,0.89655,0.89734,0,twelvedata,2025-08-26 19:28:19
5529,AUDCAD,2025-08-25 18:00:00,0.89732999,0.89837003,0.89669001,0.89815003,0,twelvedata,2025-08-26 19:28:19
5530,AUDCAD,2025-08-25 19:00:00,0.89809,0.89815998,0.89622003,0.89744002,0,twelvedata,2025-08-26 19:28:19
5531,AUDCAD,2025-08-25 20:00:00,0.89747,0.89789999,0.89631999,0.89778,0,twelvedata,2025-08-26 19:28:19
5532,AUDCAD,2025-08-25 21:00:00,0.89780003,0.89840001,0.89683002,0.89831001,0,twelvedata,2025-08-26 19:28:19
5533,AUDCAD,2025-08-25 22:00:00,0.89829999,0.89839,0.89633,0.89731002,0,twelvedata,2025-08-26 19:28:19
5534,AUDCAD,2025-08-25 23:00:00,0.89727002,0.89828002,0.89630997,0.89810997,0,twelvedata,2025-08-26 19:28:19
5535,AUDCAD,2025-08-26 00:00:00,0.89802998,0.89911997,0.89734,0.89846998,0,twelvedata,2025-08-26 19:28:19
