date,open,high,low,close
2024-11-06 12:00:00,100.81000,100.87000,100.68000,100.82000
2024-11-06 13:00:00,100.81000,101.019997,100.70750,100.94000
2024-11-06 14:00:00,100.93000,101,100.28000,100.33000
2024-11-06 15:00:00,100.34000,100.59000,100.28000,100.47000
2024-11-06 16:00:00,100.46000,100.71000,100.31000,100.68000
2024-11-06 17:00:00,100.67000,100.75,100.54000,100.72000
2024-11-06 18:00:00,100.72000,100.85000,100.65000,100.82000
2024-11-06 19:00:00,100.81000,101.48000,100.81000,101.39000
2024-11-06 20:00:00,101.39000,101.44000,101.21100,101.42000
2024-11-06 21:00:00,101.42000,101.55000,101.34000,101.36000
2024-11-06 22:00:00,101.35000,101.38000,101.050003,101.089996
2024-11-06 23:00:00,101.11000,101.42150,101.099998,101.40000
2024-11-07 00:00:00,101.39000,101.41000,101.080002,101.19000
2024-11-07 01:00:00,101.17000,101.39000,101.059998,101.099998
2024-11-07 02:00:00,101.11000,101.48000,101.11000,101.46000
2024-11-07 03:00:00,101.47000,101.66000,101.36000,101.61000
2024-11-07 04:00:00,101.59000,101.64000,101.5,101.61000
2024-11-07 05:00:00,101.60000,101.82000,101.56000,101.77000
2024-11-07 06:00:00,101.78000,101.78000,101.60000,101.67000
2024-11-07 07:00:00,101.67000,101.75,101.57000,101.57000
2024-11-07 08:00:00,101.57000,101.63300,101.47000,101.62000
2024-11-07 09:00:00,101.59000,101.59000,101.48751,101.53000
2024-11-07 10:00:00,101.5,101.54000,101.30000,101.34000
2024-11-07 11:00:00,101.34000,101.59000,101.33000,101.55000
2024-11-07 12:00:00,101.53000,101.72000,101.49000,101.69000
2024-11-07 13:00:00,101.70000,102.17000,101.67000,102.12000
2024-11-07 14:00:00,102.12000,102.27000,102.059998,102.17000
2024-11-07 15:00:00,102.17000,102.22000,101.95000,102.080002
2024-11-07 16:00:00,102.084999,102.19000,101.99300,102
2024-11-07 17:00:00,102,102.082001,101.92000,102
2024-11-07 18:00:00,101.99000,102.060501,101.91000,102
2024-11-07 19:00:00,102,102.23000,101.98000,102.22000
2024-11-07 20:00:00,102.22000,102.25,102.046501,102.053497
2024-11-07 21:00:00,102.059998,102.14000,102,102.14000
2024-11-07 22:00:00,102.13800,102.21000,102.070000,102.16000
2024-11-07 23:00:00,102.16000,102.24000,102.10650,102.20000
2024-11-08 00:00:00,102.21000,102.38000,102.19000,102.27300
2024-11-08 01:00:00,102.28000,102.33000,102.17000,102.32000
2024-11-08 02:00:00,102.31000,102.41000,102.14000,102.25600
2024-11-08 03:00:00,102.28000,102.29000,102.080002,102.11000
2024-11-08 04:00:00,102.11000,102.19000,102.080002,102.17000
2024-11-08 05:00:00,102.17750,102.17750,101.94000,102.059998
2024-11-08 06:00:00,102.050003,102.17000,101.98000,102.059998
2024-11-08 07:00:00,102.073997,102.16000,102.028503,102.059998
2024-11-08 08:00:00,102.059998,102.17000,102.019997,102.15000
2024-11-08 09:00:00,102.058998,102.19000,102.040001,102.13000
2024-11-08 10:00:00,102.12000,102.29250,102.12000,102.28200
2024-11-08 11:00:00,102.23000,102.28000,102.019997,102.11000
2024-11-08 12:00:00,102.089996,102.19000,101.95000,101.98000
2024-11-08 13:00:00,101.97000,101.97000,101.89000,101.93000
2024-11-08 14:00:00,101.92000,101.94000,101.57000,101.59000
2024-11-08 15:00:00,101.59000,101.66000,101.46000,101.64000
2024-11-08 16:00:00,101.64000,101.77000,101.58000,101.68000
2024-11-08 17:00:00,101.67000,101.72000,101.56000,101.68000
2024-11-08 18:00:00,101.68000,101.70000,101.53000,101.53000
2024-11-08 19:00:00,101.55000,101.57000,101.12000,101.22000
2024-11-08 20:00:00,101.23000,101.37300,101.16000,101.16000
2024-11-08 21:00:00,101.16000,101.20500,100.97000,101.019997
2024-11-08 22:00:00,101.029999,101.17500,100.99000,101.11000
2024-11-08 23:00:00,101.11000,101.11000,100.94000,100.95000
2024-11-09 00:00:00,100.94000,101.059998,100.89000,100.94000
2024-11-09 01:00:00,100.94000,101,100.81000,100.92000
2024-11-09 02:00:00,100.91000,100.98000,100.58000,100.61000
2024-11-09 03:00:00,100.60000,100.61000,100.25,100.27000
2024-11-09 04:00:00,100.25,100.40000,100.14000,100.40000
2024-11-09 05:00:00,100.39000,100.48000,100.32000,100.37000
2024-11-09 06:00:00,100.36000,100.47000,100.34000,100.45000
2024-11-09 07:00:00,100.45000,100.47000,100.37000,100.38000
2024-11-09 08:00:00,100.38000,100.52000,100.35800,100.49000
2024-11-11 09:00:00,100.64000,100.68550,100.44000,100.47000
2024-11-11 10:00:00,100.48000,100.72000,100.46800,100.69000
2024-11-11 11:00:00,100.67000,100.92000,100.66000,100.92000
2024-11-11 12:00:00,100.92550,101,100.89000,100.97000
2024-11-11 13:00:00,100.98000,101.11000,100.92000,101.080002
2024-11-11 14:00:00,101.099998,101.19000,101.044502,101.18000
2024-11-11 15:00:00,101.17000,101.28000,101.14000,101.25800
2024-11-11 16:00:00,101.25,101.36000,101.17000,101.19000
2024-11-11 17:00:00,101.19000,101.25,101.099998,101.15000
2024-11-11 18:00:00,101.14000,101.17000,100.93800,101.14950
2024-11-11 19:00:00,101.14000,101.27000,101.089996,101.19000
2024-11-11 20:00:00,101.19000,101.28000,101.029999,101.14000
2024-11-11 21:00:00,101.12000,101.28000,101.098999,101.18000
2024-11-11 22:00:00,101.17000,101.28000,101.12000,101.26000
2024-11-11 23:00:00,101.27000,101.32000,101.20000,101.20000
2024-11-12 00:00:00,101.22000,101.23100,101.029999,101.059998
2024-11-12 01:00:00,101.059998,101.14000,100.99000,101.080002
2024-11-12 02:00:00,101.080002,101.16000,101.019997,101.080002
2024-11-12 03:00:00,101.073990,101.12350,101.056999,101.080002
2024-11-12 04:00:00,101.080002,101.13000,101.029999,101.072998
2024-11-12 05:00:00,101.059998,101.069000,100.92000,101.067497
2024-11-12 06:00:00,101.064499,101.080002,101,101.0070038
2024-11-12 07:00:00,101.00099945,101.050003,100.95000,100.98000
2024-11-12 08:00:00,100.98000,101.080002,100.96000,101.065002
2024-11-12 09:00:00,101.055496,101.12000,101.026497,101.089996
2024-11-12 10:00:00,101.089996,101.089996,100.91000,101
2024-11-12 11:00:00,100.98000,101.080002,100.89000,101.080002
2024-11-12 12:00:00,101.080002,101.27000,100.99000,101.11550
2024-11-12 13:00:00,101.089996,101.096497,100.77000,100.84000
2024-11-12 14:00:00,100.83000,100.84000,100.66000,100.67000
2024-11-12 15:00:00,100.67000,100.69000,100.56000,100.60800
2024-11-12 16:00:00,100.62000,100.66000,100.5,100.63000
2024-11-12 17:00:00,100.62000,100.81000,100.58000,100.81000
2024-11-12 18:00:00,100.80000,100.83000,100.69000,100.77000
2024-11-12 19:00:00,100.75,100.83250,100.64000,100.83250
2024-11-12 20:00:00,100.83000,100.88000,100.73000,100.82000
2024-11-12 21:00:00,100.83000,100.83650,100.69000,100.74000
2024-11-12 22:00:00,100.75,100.84000,100.69000,100.81000
2024-11-12 23:00:00,100.83000,100.95000,100.78000,100.94000
2024-11-13 00:00:00,100.94000,101.15000,100.94000,101.13000
2024-11-13 01:00:00,101.14000,101.16000,100.97000,101
2024-11-13 02:00:00,100.98000,101.12000,100.89000,101.080002
2024-11-13 03:00:00,101.085503,101.12000,100.91000,100.91000
2024-11-13 04:00:00,100.91000,101.019997,100.86000,100.87000
2024-11-13 05:00:00,100.88000,101.080002,100.86000,101.053001
2024-11-13 06:00:00,101.059998,101.099998,101.050003,101.080002
2024-11-13 07:00:00,101.080002,101.14000,101.010002,101.019997
2024-11-13 08:00:00,101.029999,101.089996,100.98000,101.010002
2024-11-13 09:00:00,101.010002,101.059998,100.92000,100.94000
2024-11-13 10:00:00,100.91000,100.99000,100.86800,100.99000
2024-11-13 11:00:00,101,101.080002,100.84000,101.080002
2024-11-13 12:00:00,101.080002,101.20000,101.019997,101.059998
2024-11-13 13:00:00,101.059998,101.17000,101,101.17000
2024-11-13 14:00:00,101.17000,101.20000,101.12000,101.13000
2024-11-13 15:00:00,101.14300,101.23000,101.11000,101.21000
2024-11-13 16:00:00,101.20000,101.22100,101.080002,101.20000
2024-11-13 17:00:00,101.19000,101.28000,101.14000,101.19000
2024-11-13 18:00:00,101.17000,101.22000,101.059998,101.17500
2024-11-13 19:00:00,101.16000,101.22000,101.080002,101.14000
2024-11-13 20:00:00,101.12000,101.22000,101.080002,101.18050
2024-11-13 21:00:00,101.17000,101.19000,101.059998,101.12100
2024-11-13 22:00:00,101.13000,101.15000,101.029999,101.062286
2024-11-13 23:00:00,101.064499,101.12000,101.029999,101.079002
2024-11-14 00:00:00,101.065498,101.19000,100.87550,100.92000
2024-11-14 01:00:00,100.92000,100.92000,100.58000,100.64000
2024-11-14 02:00:00,100.62000,100.77000,100.47000,100.73600
2024-11-14 03:00:00,100.73400,100.77000,100.65900,100.70000
2024-11-14 04:00:00,100.70000,100.84700,100.69000,100.82000
2024-11-14 05:00:00,100.84000,100.96000,100.81000,100.96000
2024-11-14 06:00:00,100.95000,101.019997,100.84000,100.86000
2024-11-14 07:00:00,100.86000,100.94000,100.83000,100.85000
2024-11-14 08:00:00,100.84000,100.90000,100.78000,100.83000
2024-11-14 09:00:00,100.83150,101,100.77550,100.97000
2024-11-14 10:00:00,100.97000,100.97000,100.85000,100.93000
2024-11-14 11:00:00,100.92000,101.14250,100.88000,101.089996
2024-11-14 12:00:00,101.11000,101.16000,100.99000,101.059998
2024-11-14 13:00:00,101.080002,101.080002,100.94000,100.97900
2024-11-14 14:00:00,100.97000,101.032501,100.81000,100.89000
2024-11-14 15:00:00,100.89000,101.019997,100.81000,100.96000
2024-11-14 16:00:00,100.97400,100.97400,100.79450,100.86000
2024-11-14 17:00:00,100.85000,100.91000,100.78000,100.81000
2024-11-14 18:00:00,100.80000,100.94000,100.73000,100.89000
2024-11-14 19:00:00,100.89000,100.98000,100.85000,100.93000
2024-11-14 20:00:00,100.94000,101.0080032,100.86000,100.91000
2024-11-14 21:00:00,100.91000,100.92000,100.80000,100.82500
2024-11-14 22:00:00,100.81000,100.89000,100.69000,100.85000
2024-11-14 23:00:00,100.86000,100.94000,100.78000,100.88000
2024-11-15 00:00:00,100.88000,100.95000,100.81000,100.88000
2024-11-15 01:00:00,100.86000,100.90000,100.77650,100.84000
2024-11-15 02:00:00,100.83000,101.17000,100.81000,101.080002
2024-11-15 03:00:00,101.080002,101.089996,100.94000,100.96000
2024-11-15 04:00:00,100.95000,101.019997,100.78000,100.88000
2024-11-15 05:00:00,100.89000,100.94000,100.82000,100.83000
2024-11-15 06:00:00,100.83750,100.95000,100.83000,100.88750
2024-11-15 07:00:00,100.89000,100.94000,100.73000,100.80000
2024-11-15 08:00:00,100.81000,100.91000,100.78000,100.88000
2024-11-15 09:00:00,100.84800,100.92000,100.82000,100.86500
2024-11-15 10:00:00,100.88000,101.029999,100.82000,101.019997
2024-11-15 11:00:00,101.019997,101.089996,100.96850,101.010002
2024-11-15 12:00:00,101.029999,101.080002,100.86000,101.050003
2024-11-15 13:00:00,101.040001,101.11000,100.96400,101.074501
2024-11-15 14:00:00,101.083504,101.17000,101.029999,101.15000
2024-11-15 15:00:00,101.14000,101.20250,101.070000,101.088501
2024-11-15 16:00:00,101.080002,101.16000,101.059998,101.11700
2024-11-15 17:00:00,101.11000,101.17000,100.83000,100.93000
2024-11-15 18:00:00,100.92000,100.97000,100.70000,100.70000
2024-11-15 19:00:00,100.69000,100.69000,100.49950,100.61000
2024-11-15 20:00:00,100.61000,100.78000,100.42000,100.47000
2024-11-15 21:00:00,100.46000,100.53000,100.37100,100.5
2024-11-15 22:00:00,100.5,100.69000,100.43400,100.68000
2024-11-15 23:00:00,100.67650,100.70000,100.58850,100.62000
2024-11-16 00:00:00,100.61000,100.67000,100.39000,100.39600
2024-11-16 01:00:00,100.39000,100.42000,100.22000,100.30000
2024-11-16 02:00:00,100.30000,100.31000,99.84000,100.099998
2024-11-16 03:00:00,100.11000,100.14000,99.83000,99.89000
2024-11-16 04:00:00,99.89000,99.97000,99.64000,99.72000
2024-11-16 05:00:00,99.71300,99.72000,99.42000,99.5
2024-11-16 06:00:00,99.49000,99.67000,99.48000,99.55000
2024-11-16 07:00:00,99.56000,99.64000,99.51000,99.62000
2024-11-16 08:00:00,99.62000,100.58550,99.62000,100.58550
2024-11-18 09:00:00,99.77473,99.89000,99.69000,99.82000
2024-11-18 10:00:00,99.79000,100.019997,99.74000,99.97000
2024-11-18 11:00:00,99.97000,99.98100,99.56000,99.90000
2024-11-18 12:00:00,99.90000,100.38000,99.84600,100.059998
2024-11-18 13:00:00,100.050003,100.27000,100.029999,100.16000
2024-11-18 14:00:00,100.16000,100.25,99.97000,99.99000
2024-11-18 15:00:00,99.99000,100.089996,99.86000,100.086998
2024-11-18 16:00:00,100.089996,100.11000,99.91000,99.97000
2024-11-18 17:00:00,99.96000,99.96000,99.75,99.92000
2024-11-18 18:00:00,99.94000,99.97000,99.75,99.79000
2024-11-18 19:00:00,99.80000,100.040001,99.78000,100.029999
2024-11-18 20:00:00,100.029999,100.029999,99.84000,99.97000
2024-11-18 21:00:00,99.98000,100.14000,99.95000,100.11000
2024-11-18 22:00:00,100.099998,100.12000,99.98000,100.050003
2024-11-18 23:00:00,100.059998,100.19000,100.029999,100.17000
2024-11-19 00:00:00,100.19000,100.23300,100.089996,100.14000
2024-11-19 01:00:00,100.14000,100.22000,100.050003,100.18000
2024-11-19 02:00:00,100.19000,100.55000,100.17000,100.48650
2024-11-19 03:00:00,100.5,100.66000,100.47000,100.55150
2024-11-19 04:00:00,100.56000,100.64000,100.48000,100.62400
2024-11-19 05:00:00,100.62350,100.69000,100.55000,100.65000
2024-11-19 06:00:00,100.64000,100.67550,100.56000,100.67000
2024-11-19 07:00:00,100.65550,100.67000,100.56000,100.60000
2024-11-19 08:00:00,100.60000,100.67400,100.57000,100.67000
2024-11-19 09:00:00,100.68000,100.68000,100.58350,100.64000
2024-11-19 10:00:00,100.64000,100.65000,100.45000,100.59000
2024-11-19 11:00:00,100.58000,100.58000,100.30000,100.33000
2024-11-19 12:00:00,100.32250,100.36000,100.16000,100.31000
2024-11-19 13:00:00,100.30000,100.38000,100.25,100.33000
2024-11-19 14:00:00,100.33000,100.55000,100.27000,100.55000
2024-11-19 15:00:00,100.54100,100.63000,100.49000,100.49150
2024-11-19 16:00:00,100.48000,100.50150,100.39000,100.48000
2024-11-19 17:00:00,100.48000,100.69000,100.45000,100.68300
2024-11-19 18:00:00,100.67000,100.73000,100.55000,100.61000
2024-11-19 19:00:00,100.60000,100.67000,99.66000,99.96000
2024-11-19 20:00:00,99.96000,100.19000,99.5,99.78000
2024-11-19 21:00:00,99.79000,99.96000,99.65000,99.91000
2024-11-19 22:00:00,99.92000,100.080002,99.81000,100.080002
2024-11-19 23:00:00,100.080002,100.19000,100.029999,100.11000
2024-11-20 00:00:00,100.11000,100.16000,99.78000,99.80000
2024-11-20 01:00:00,99.80000,100.42000,99.77000,100.22000
2024-11-20 02:00:00,100.23000,100.44000,100.14000,100.40000
2024-11-20 03:00:00,100.39000,100.72000,100.36000,100.67000
2024-11-20 04:00:00,100.67000,100.94000,100.67000,100.88000
2024-11-20 05:00:00,100.89000,100.97000,100.82700,100.95000
2024-11-20 06:00:00,100.94000,101.032501,100.94000,101.019997
2024-11-20 07:00:00,101.010002,101.061501,100.99000,101.029999
2024-11-20 08:00:00,101.029999,101.070999,100.99000,101.019997
2024-11-20 09:00:00,101.026497,101.040001,100.94000,100.98000
2024-11-20 10:00:00,100.99000,101.21000,100.97000,101.21000
2024-11-20 11:00:00,101.22000,101.33000,101.16000,101.25
2024-11-20 12:00:00,101.23000,101.24000,101.076500,101.16000
2024-11-20 13:00:00,101.15500,101.23000,101.11000,101.15000
2024-11-20 14:00:00,101.14000,101.19000,101.059998,101.12000
2024-11-20 15:00:00,101.13000,101.25,101.11000,101.20000
2024-11-20 16:00:00,101.22000,101.23050,101.15950,101.22000
2024-11-20 17:00:00,101.23000,101.5,101.19725,101.38350
2024-11-20 18:00:00,101.38000,101.56000,101.38000,101.52000
2024-11-20 19:00:00,101.49900,101.55000,101.39000,101.40000
2024-11-20 20:00:00,101.40000,101.53000,101.36000,101.42000
2024-11-20 21:00:00,101.42000,101.45000,101.30000,101.31000
2024-11-20 22:00:00,101.30000,101.34000,101.25,101.33000
2024-11-20 23:00:00,101.33000,101.38000,101.29000,101.31000
2024-11-21 00:00:00,101.32000,101.36000,101.20000,101.27000
2024-11-21 01:00:00,101.27000,101.28350,100.83000,100.92000
2024-11-21 02:00:00,100.92000,100.98000,100.58000,100.95000
2024-11-21 03:00:00,100.94000,101.038498,100.71000,100.89000
2024-11-21 04:00:00,100.88000,100.95000,100.78000,100.87000
2024-11-21 05:00:00,100.86000,100.95000,100.83000,100.91000
2024-11-21 06:00:00,100.92000,100.97000,100.83000,100.92000
2024-11-21 07:00:00,100.92000,101.089996,100.91000,101.089996
2024-11-21 08:00:00,101.11000,101.16000,101.019997,101.14000
2024-11-21 09:00:00,101.13000,101.14000,101.029999,101.081497
2024-11-21 10:00:00,101.080002,101.15000,101.050003,101.12000
2024-11-21 11:00:00,101.11000,101.14000,100.83000,101
2024-11-21 12:00:00,101.019997,101.059998,100.92000,101.019997
2024-11-21 13:00:00,101.019997,101.067001,100.86000,100.94000
2024-11-21 14:00:00,100.94000,101.063499,100.89000,101.059998
2024-11-21 15:00:00,101.059998,101.11000,101.014999,101.059998
2024-11-21 16:00:00,101.046501,101.14000,101,101.059998
2024-11-21 17:00:00,101.050003,101.080002,100.75,100.83000
2024-11-21 18:00:00,100.84000,101,100.66000,100.91000
2024-11-21 19:00:00,100.91000,101.010002,100.61000,100.69000
2024-11-21 20:00:00,100.69000,100.69000,100.31000,100.5
2024-11-21 21:00:00,100.5,100.56000,100.41000,100.55000
2024-11-21 22:00:00,100.54200,100.80000,100.52800,100.72000
2024-11-21 23:00:00,100.72000,100.88000,100.70000,100.77000
2024-11-22 00:00:00,100.78000,100.83000,100.54000,100.67000
2024-11-22 01:00:00,100.67000,100.78000,100.36000,100.58000
2024-11-22 02:00:00,100.59000,100.67000,100.44000,100.55000
2024-11-22 03:00:00,100.54050,100.67000,100.48000,100.56000
2024-11-22 04:00:00,100.55000,100.69000,100.44000,100.64550
2024-11-22 05:00:00,100.65000,100.81000,100.65000,100.72000
2024-11-22 06:00:00,100.73300,100.73300,100.64000,100.67000
2024-11-22 07:00:00,100.67400,100.69000,100.62000,100.65000
2024-11-22 08:00:00,100.65000,100.66000,100.58000,100.64000
2024-11-22 09:00:00,100.62600,100.67803,100.58000,100.62000
2024-11-22 10:00:00,100.60000,100.60000,100.34000,100.34000
2024-11-22 11:00:00,100.34000,100.62000,100.27000,100.58000
2024-11-22 12:00:00,100.56000,100.69000,100.55000,100.62000
2024-11-22 13:00:00,100.61000,100.69000,100.56000,100.61000
2024-11-22 14:00:00,100.61000,100.68000,100.41850,100.46000
2024-11-22 15:00:00,100.45000,100.53000,100.39000,100.46400
2024-11-22 16:00:00,100.46000,100.46000,100.27000,100.39900
2024-11-22 17:00:00,100.39000,100.62000,100.39000,100.57000
2024-11-22 18:00:00,100.58000,100.70000,100.47000,100.64000
2024-11-22 19:00:00,100.66000,100.81000,100.5,100.51000
2024-11-22 20:00:00,100.49000,100.5,100.059998,100.24000
2024-11-22 21:00:00,100.25,100.39000,100.11000,100.36000
2024-11-22 22:00:00,100.33000,100.42000,100.30000,100.35000
2024-11-22 23:00:00,100.34000,100.42650,100.31000,100.39000
2024-11-23 00:00:00,100.39000,100.47000,100.31000,100.33000
2024-11-23 01:00:00,100.34000,100.72000,100.33250,100.64000
2024-11-23 02:00:00,100.64000,100.70150,100.47000,100.58000
2024-11-23 03:00:00,100.59000,100.61000,100.38000,100.47000
2024-11-23 04:00:00,100.48000,100.64000,100.45000,100.61000
2024-11-23 05:00:00,100.61000,100.68000,100.54900,100.56200
2024-11-23 06:00:00,100.56000,100.59600,100.49000,100.58000
2024-11-23 07:00:00,100.58750,100.65000,100.53000,100.62000
2024-11-23 08:00:00,100.62000,100.71700,100.60000,100.61000
2024-11-25 09:00:00,100.82100,100.88000,100.72500,100.82000
2024-11-25 10:00:00,100.77000,101.029999,100.75,100.81000
2024-11-25 11:00:00,100.81000,100.95000,100.69000,100.92000
2024-11-25 12:00:00,100.94000,100.99000,100.48000,100.5
2024-11-25 13:00:00,100.5,100.53000,100.37000,100.42000
2024-11-25 14:00:00,100.42000,100.45600,100.30000,100.43300
2024-11-25 15:00:00,100.44000,100.59000,100.42000,100.54650
2024-11-25 16:00:00,100.54000,100.64000,100.52000,100.58800
2024-11-25 17:00:00,100.57000,100.70000,100.51000,100.65000
2024-11-25 18:00:00,100.64000,100.64000,100.38000,100.55000
2024-11-25 19:00:00,100.56000,100.66000,100.41000,100.60350
2024-11-25 20:00:00,100.60000,100.70000,100.56000,100.59000
2024-11-25 21:00:00,100.61000,100.64000,100.52000,100.53000
2024-11-25 22:00:00,100.53000,100.56000,100.46000,100.5
2024-11-25 23:00:00,100.52000,100.52000,100.33000,100.38000
2024-11-26 00:00:00,100.36000,100.48000,100.25,100.44000
2024-11-26 01:00:00,100.44000,100.45000,100.082001,100.12100
2024-11-26 02:00:00,100.067001,100.38000,100.019997,100.37000
2024-11-26 03:00:00,100.36000,100.40000,100.14000,100.14000
2024-11-26 04:00:00,100.16000,100.22000,100.11000,100.17000
2024-11-26 05:00:00,100.19000,100.22100,100.11000,100.20000
2024-11-26 06:00:00,100.22000,100.27000,100.15950,100.25
2024-11-26 07:00:00,100.25,100.27000,100.17000,100.22000
2024-11-26 08:00:00,100.22000,100.31000,100.20800,100.29000
2024-11-26 09:00:00,100.32600,100.32600,100.18000,100.19900
2024-11-26 10:00:00,100.22000,100.23000,99.62000,99.78000
2024-11-26 11:00:00,99.79000,99.81000,99.19000,99.21000
2024-11-26 12:00:00,99.22000,99.72000,99.080002,99.64000
2024-11-26 13:00:00,99.64000,99.80000,99.58000,99.72000
2024-11-26 14:00:00,99.73000,99.89000,99.72000,99.80000
2024-11-26 15:00:00,99.79650,100.029999,99.78000,99.90000
2024-11-26 16:00:00,99.89000,99.92000,99.66000,99.75
2024-11-26 17:00:00,99.76000,99.92000,99.69000,99.92000
2024-11-26 18:00:00,99.91000,99.97000,99.75,99.75
2024-11-26 19:00:00,99.75,99.78000,99.62000,99.77000
2024-11-26 20:00:00,99.76650,100,99.76650,99.83000
2024-11-26 21:00:00,99.82800,99.91000,99.80000,99.85000
2024-11-26 22:00:00,99.86000,99.89100,99.73000,99.84650
2024-11-26 23:00:00,99.83000,99.84000,99.53000,99.62000
2024-11-27 00:00:00,99.61000,99.66000,99.41000,99.47000
2024-11-27 01:00:00,99.47000,99.53000,99.28000,99.30000
2024-11-27 02:00:00,99.29200,99.38000,99.20000,99.23000
2024-11-27 03:00:00,99.23000,99.31000,99.10250,99.14000
2024-11-27 04:00:00,99.14000,99.14000,98.89000,98.98000
2024-11-27 05:00:00,98.97000,99.050003,98.89000,99
2024-11-27 06:00:00,99,99.019997,98.88000,98.90000
2024-11-27 07:00:00,98.90000,98.97000,98.87000,98.91000
2024-11-27 08:00:00,98.92000,99.15000,98.91000,99.14000
2024-11-27 09:00:00,99.13000,99.15500,98.96200,99.14000
2024-11-27 10:00:00,99.13000,99.22000,99.019997,99.019997
2024-11-27 11:00:00,99.019997,99.059998,98.75,98.99000
2024-11-27 12:00:00,98.98000,99.17000,98.70000,98.75
2024-11-27 13:00:00,98.73000,98.88100,98.69000,98.82300
2024-11-27 14:00:00,98.81000,98.85000,98.70000,98.80000
2024-11-27 15:00:00,98.79750,98.79750,98.62000,98.64000
2024-11-27 16:00:00,98.62000,98.73000,98.53900,98.67000
2024-11-27 17:00:00,98.67000,98.69000,98.5,98.5
2024-11-27 18:00:00,98.53000,98.64100,98.52000,98.56000
2024-11-27 19:00:00,98.55000,98.55000,98.34000,98.48000
2024-11-27 20:00:00,98.48700,98.53000,98.16000,98.27000
2024-11-27 21:00:00,98.26000,98.29000,98.089996,98.19200
2024-11-27 22:00:00,98.21000,98.22000,98.11000,98.16000
2024-11-27 23:00:00,98.16000,98.25,98.022499,98.19000
2024-11-28 00:00:00,98.19000,98.33000,98.18000,98.31000
2024-11-28 01:00:00,98.31000,98.41000,98.046997,98.33000
2024-11-28 02:00:00,98.30000,98.42000,98,98.12000
2024-11-28 03:00:00,98.11000,98.25,97.78000,97.82000
2024-11-28 04:00:00,97.81000,97.99000,97.72000,97.91000
2024-11-28 05:00:00,97.91000,98.029999,97.88000,98.019997
2024-11-28 06:00:00,98,98.12600,98,98.11000
2024-11-28 07:00:00,98.11000,98.22000,98.11000,98.18000
2024-11-28 08:00:00,98.18000,98.25,98.16000,98.20000
2024-11-28 09:00:00,98.17000,98.21350,98.080002,98.089996
2024-11-28 10:00:00,98.080002,98.36000,98.080002,98.33000
2024-11-28 11:00:00,98.33000,98.58100,98.27000,98.56000
2024-11-28 12:00:00,98.56000,98.61000,98.44000,98.48000
2024-11-28 13:00:00,98.5,98.55000,98.41000,98.45500
2024-11-28 14:00:00,98.45000,98.47000,98.36000,98.39000
2024-11-28 15:00:00,98.38500,98.42708,98.29350,98.42708
2024-11-28 16:00:00,98.44000,98.45000,98.29000,98.33000
2024-11-28 17:00:00,98.33000,98.38000,98.14000,98.28000
2024-11-28 18:00:00,98.30000,98.41000,98.26000,98.39000
2024-11-28 19:00:00,98.38000,98.67000,98.33000,98.67000
2024-11-28 20:00:00,98.67000,98.73000,98.61000,98.69000
2024-11-28 21:00:00,98.68250,98.72000,98.65100,98.69600
2024-11-28 22:00:00,98.70000,98.75,98.62000,98.66000
2024-11-28 23:00:00,98.67000,98.67000,98.51000,98.56000
2024-11-29 00:00:00,98.56000,98.62000,98.5,98.54000
2024-11-29 01:00:00,98.53000,98.56000,98.44000,98.5
2024-11-29 02:00:00,98.5,98.53000,98.35000,98.49100
2024-11-29 03:00:00,98.48000,98.53000,98.45713,98.51800
2024-11-29 04:00:00,98.52000,98.55000,98.48000,98.49750
2024-11-29 05:00:00,98.51000,98.54000,98.46000,98.53250
2024-11-29 06:00:00,98.53000,98.55000,98.49000,98.52000
2024-11-29 07:00:00,98.51000,98.53000,98.47000,98.47000
2024-11-29 08:00:00,98.46000,98.52250,98.44000,98.5
2024-11-29 09:00:00,98.48000,98.55300,98.12000,98.52650
2024-11-29 10:00:00,98.53000,98.53000,98.20500,98.38000
2024-11-29 11:00:00,98.38000,98.39000,97.94000,97.96000
2024-11-29 12:00:00,97.94000,97.97000,97.53000,97.58000
2024-11-29 13:00:00,97.58000,97.84000,97.57350,97.73000
2024-11-29 14:00:00,97.72000,97.97000,97.70000,97.88000
2024-11-29 15:00:00,97.88000,97.90000,97.67000,97.77000
2024-11-29 16:00:00,97.76000,97.91000,97.73000,97.80000
2024-11-29 17:00:00,97.79000,97.86000,97.73000,97.81000
2024-11-29 18:00:00,97.81000,97.81000,97.61000,97.74000
2024-11-29 19:00:00,97.75,97.91000,97.67000,97.77000
2024-11-29 20:00:00,97.75,97.78000,97.65800,97.73000
2024-11-29 21:00:00,97.70000,97.83000,97.5,97.52000
2024-11-29 22:00:00,97.52000,97.67650,97.45000,97.64000
2024-11-29 23:00:00,97.64300,97.67000,97.58000,97.63000
2024-11-30 00:00:00,97.64200,97.69000,97.5,97.53000
2024-11-30 01:00:00,97.54000,97.72000,97.49900,97.70000
2024-11-30 02:00:00,97.69000,97.94000,97.63500,97.83000
2024-11-30 03:00:00,97.82000,98.029999,97.81000,97.94000
2024-11-30 04:00:00,97.95000,97.98000,97.53000,97.56000
2024-11-30 05:00:00,97.58000,97.64000,97.53000,97.58000
2024-11-30 06:00:00,97.59000,97.66000,97.53000,97.64000
2024-11-30 07:00:00,97.64000,97.66000,97.58000,97.64000
2024-11-30 08:00:00,97.63000,97.64000,97.52000,97.57000
2024-12-02 09:00:00,97.46250,97.55000,97.34000,97.41000
2024-12-02 10:00:00,97.38000,97.57000,97.38000,97.44000
2024-12-02 11:00:00,97.44000,97.67450,97.39000,97.58000
2024-12-02 12:00:00,97.57700,97.92000,97.54900,97.88000
2024-12-02 13:00:00,97.89000,97.95700,97.78000,97.85000
2024-12-02 14:00:00,97.86000,97.95000,97.81000,97.81350
2024-12-02 15:00:00,97.81000,97.88000,97.78000,97.80650
2024-12-02 16:00:00,97.80000,98.020500,97.77000,97.94000
2024-12-02 17:00:00,97.96000,97.96000,97.78000,97.84000
2024-12-02 18:00:00,97.84000,97.89000,97.5,97.62000
2024-12-02 19:00:00,97.61000,97.67000,97.49900,97.58000
2024-12-02 20:00:00,97.58250,97.69000,97.52000,97.64600
2024-12-02 21:00:00,97.64000,97.69000,97.51000,97.52000
2024-12-02 22:00:00,97.52000,97.59000,97.42000,97.46000
2024-12-02 23:00:00,97.47000,97.5,97.19000,97.25
2024-12-03 00:00:00,97.26000,97.33200,97.059998,97.11550
2024-12-03 01:00:00,97.099998,97.11150,96.74700,96.78000
2024-12-03 02:00:00,96.80000,96.84000,96.58000,96.63000
2024-12-03 03:00:00,96.62000,96.67000,96.28000,96.39000
2024-12-03 04:00:00,96.38000,96.67000,96.36000,96.66000
2024-12-03 05:00:00,96.67000,96.81000,96.64000,96.78000
2024-12-03 06:00:00,96.78000,96.83000,96.73000,96.78000
2024-12-03 07:00:00,96.77000,96.84000,96.73000,96.84000
2024-12-03 08:00:00,96.83000,96.90000,96.82000,96.89000
2024-12-03 09:00:00,96.85000,96.96000,96.80450,96.83000
2024-12-03 10:00:00,96.82000,97.019997,96.80000,96.81000
2024-12-03 11:00:00,96.81000,97.080002,96.80000,97.050003
2024-12-03 12:00:00,97.040001,97.0625,96.89000,96.92000
2024-12-03 13:00:00,96.91000,96.94200,96.77000,96.83650
2024-12-03 14:00:00,96.82000,97.12000,96.81000,97.089996
2024-12-03 15:00:00,97.093498,97.17000,97.080002,97.14000
2024-12-03 16:00:00,97.14150,97.19000,97.050003,97.059998
2024-12-03 17:00:00,97.059998,97.17450,97.029503,97.12000
2024-12-03 18:00:00,97.11000,97.30000,97.076500,97.27000
2024-12-03 19:00:00,97.27000,97.55000,97.27000,97.48000
2024-12-03 20:00:00,97.47000,97.47000,97.28000,97.33000
2024-12-03 21:00:00,97.31000,97.43000,97.27000,97.34000
2024-12-03 22:00:00,97.35000,97.38000,97.13150,97.19000
2024-12-03 23:00:00,97.17000,97.17000,96.98000,97
2024-12-04 00:00:00,97,97,96.55000,96.56000
2024-12-04 01:00:00,96.56000,96.70950,96.36000,96.48000
2024-12-04 02:00:00,96.47000,96.62000,96.17000,96.61000
2024-12-04 03:00:00,96.62000,96.83000,96.53000,96.64000
2024-12-04 04:00:00,96.66000,96.92000,96.64000,96.84000
2024-12-04 05:00:00,96.84000,96.86000,96.70000,96.77000
2024-12-04 06:00:00,96.76000,96.91000,96.67000,96.88000
2024-12-04 07:00:00,96.88000,96.92000,96.84000,96.90000
2024-12-04 08:00:00,96.90000,97.029999,96.77000,96.77000
2024-12-04 09:00:00,97.024002,97.050003,96.96000,97.050003
2024-12-04 10:00:00,97.050003,97.080002,96.98000,97.029999
2024-12-04 11:00:00,97.029999,97.16000,96.78000,96.88000
2024-12-04 12:00:00,96.89000,97,96.68950,96.77000
2024-12-04 13:00:00,96.76000,96.77000,96.25,96.29000
2024-12-04 14:00:00,96.30000,96.30000,95.91500,96.19000
2024-12-04 15:00:00,96.19000,96.55000,96.19000,96.54000
2024-12-04 16:00:00,96.55000,96.72000,96.44000,96.70000
2024-12-04 17:00:00,96.70000,96.75,96.52950,96.65450
2024-12-04 18:00:00,96.64000,96.86000,96.64000,96.83000
2024-12-04 19:00:00,96.84000,96.92000,96.58000,96.64750
2024-12-04 20:00:00,96.64000,96.81000,96.60750,96.70000
2024-12-04 21:00:00,96.69000,96.78000,96.64000,96.75
2024-12-04 22:00:00,96.74000,96.84950,96.68800,96.76000
2024-12-04 23:00:00,96.76000,96.85000,96.70000,96.78000
2024-12-05 00:00:00,96.79000,96.82000,96.68950,96.80000
2024-12-05 01:00:00,96.80000,96.84000,96.69250,96.73000
2024-12-05 02:00:00,96.65000,96.89000,96.65000,96.78000
2024-12-05 03:00:00,96.76000,96.79000,96.58000,96.64000
2024-12-05 04:00:00,96.64000,96.72000,96.56000,96.70000
2024-12-05 05:00:00,96.70000,96.76000,96.60000,96.75
2024-12-05 06:00:00,96.72000,96.87000,96.69000,96.82000
2024-12-05 07:00:00,96.82000,97.010002,96.82000,96.92000
2024-12-05 08:00:00,96.93000,96.96000,96.84000,96.85550
2024-12-05 09:00:00,96.83750,96.84150,96.74000,96.78000
2024-12-05 10:00:00,96.78000,96.98000,96.77000,96.82000
2024-12-05 11:00:00,96.81000,96.83000,96.46000,96.47000
2024-12-05 12:00:00,96.49000,96.92000,96.47350,96.77000
2024-12-05 13:00:00,96.78000,96.78100,96.63750,96.69000
2024-12-05 14:00:00,96.68000,96.73000,96.60000,96.71000
2024-12-05 15:00:00,96.71000,96.76000,96.65000,96.73000
2024-12-05 16:00:00,96.74000,96.74000,96.41000,96.51000
2024-12-05 17:00:00,96.51000,96.52000,96.34000,96.43000
2024-12-05 18:00:00,96.44000,96.65000,96.44000,96.57000
2024-12-05 19:00:00,96.57000,96.82050,96.49000,96.79000
2024-12-05 20:00:00,96.79000,96.82000,96.71000,96.78000
2024-12-05 21:00:00,96.77000,96.83000,96.63000,96.64000
2024-12-05 22:00:00,96.64000,96.72000,96.62000,96.69800
2024-12-05 23:00:00,96.69000,96.79000,96.67000,96.78000
2024-12-06 00:00:00,96.77000,97.050003,96.74000,97.040001
2024-12-06 01:00:00,97.029999,97.080002,96.91000,96.99000
2024-12-06 02:00:00,96.99000,97,96.63000,96.69000
2024-12-06 03:00:00,96.69000,96.76000,96.58000,96.68000
2024-12-06 04:00:00,96.69000,96.70000,96.55950,96.66000
2024-12-06 05:00:00,96.66000,96.74000,96.56000,96.73000
2024-12-06 06:00:00,96.72000,96.81000,96.64000,96.80000
2024-12-06 07:00:00,96.80000,96.83100,96.77000,96.81000
2024-12-06 08:00:00,96.81000,96.88000,96.79000,96.84050
2024-12-06 09:00:00,96.86000,96.88100,96.78850,96.86000
2024-12-06 10:00:00,96.85000,96.92000,96.83550,96.85000
2024-12-06 11:00:00,96.84000,96.89150,96.60000,96.68000
2024-12-06 12:00:00,96.68000,96.72000,96.38000,96.39000
2024-12-06 13:00:00,96.38000,96.51000,96.30000,96.36000
2024-12-06 14:00:00,96.36000,96.49000,96.35000,96.46000
2024-12-06 15:00:00,96.46000,96.47000,96.37000,96.43000
2024-12-06 16:00:00,96.43000,96.47150,96.36000,96.44000
2024-12-06 17:00:00,96.44000,96.46000,96.27000,96.33000
2024-12-06 18:00:00,96.32000,96.53000,96.28000,96.51000
2024-12-06 19:00:00,96.51000,96.66000,96.51000,96.62000
2024-12-06 20:00:00,96.63000,96.80000,96.61950,96.77000
2024-12-06 21:00:00,96.77000,96.78000,96.67000,96.68000
2024-12-06 22:00:00,96.69000,96.73000,96.54000,96.57000
2024-12-06 23:00:00,96.57000,96.68000,96.48000,96.48000
2024-12-07 00:00:00,96.48000,96.72000,96.30000,96.30000
2024-12-07 01:00:00,96.30000,96.33000,95.93000,96
2024-12-07 02:00:00,96,96.029999,95.66000,95.77000
2024-12-07 03:00:00,95.76000,95.88000,95.58150,95.60000
2024-12-07 04:00:00,95.60000,95.67000,95.52000,95.66000
2024-12-07 05:00:00,95.66000,95.80000,95.63000,95.69000
2024-12-07 06:00:00,95.68000,95.78000,95.67000,95.76000
2024-12-07 07:00:00,95.75,95.86000,95.75,95.82000
2024-12-07 08:00:00,95.82000,95.91300,95.81000,95.89100
2024-12-09 09:00:00,95.87000,95.98350,95.85900,95.94000
2024-12-09 10:00:00,95.94000,96.050003,95.88000,95.92000
2024-12-09 11:00:00,95.92000,95.92000,95.65000,95.81000
2024-12-09 12:00:00,95.83000,96.040001,95.79000,95.90000
2024-12-09 13:00:00,95.89000,96.019997,95.84000,95.90450
2024-12-09 14:00:00,95.91000,95.92000,95.75,95.76000
2024-12-09 15:00:00,95.75,95.81000,95.62000,95.66000
2024-12-09 16:00:00,95.66000,95.77000,95.64600,95.76000
2024-12-09 17:00:00,95.76000,95.93000,95.75,95.92000
2024-12-09 18:00:00,95.91000,96.57000,95.85000,96.57000
2024-12-09 19:00:00,96.58000,96.82450,96.53000,96.82000
2024-12-09 20:00:00,96.82000,96.97000,96.79000,96.86000
2024-12-09 21:00:00,96.86000,97.019997,96.85500,96.99000
2024-12-09 22:00:00,96.98000,97.050003,96.92000,96.95000
2024-12-09 23:00:00,96.95000,97.21000,96.90000,97.19000
2024-12-10 00:00:00,97.19000,97.57000,97.19000,97.53000
2024-12-10 01:00:00,97.53000,97.56000,97.31000,97.51000
2024-12-10 02:00:00,97.5,97.78000,97.48000,97.66000
2024-12-10 03:00:00,97.67000,97.74000,97.58000,97.71000
2024-12-10 04:00:00,97.69000,97.80000,97.68000,97.68000
2024-12-10 05:00:00,97.68000,97.68000,97.58000,97.59000
2024-12-10 06:00:00,97.58000,97.59000,97.42650,97.46000
2024-12-10 07:00:00,97.47000,97.48000,97.27000,97.34000
2024-12-10 08:00:00,97.34000,97.40000,97.30000,97.375
2024-12-10 09:00:00,97.37000,97.47000,97.27000,97.41000
2024-12-10 10:00:00,97.41000,97.48000,97.38850,97.46000
2024-12-10 11:00:00,97.46000,97.47000,97.27000,97.38000
2024-12-10 12:00:00,97.38000,97.42000,97.13000,97.20000
2024-12-10 13:00:00,97.21000,97.24000,97.019997,97.029999
2024-12-10 14:00:00,97.019997,97.059998,96.47000,96.59000
2024-12-10 15:00:00,96.58000,96.76000,96.48000,96.49000
2024-12-10 16:00:00,96.48000,96.72000,96.45750,96.55000
2024-12-10 17:00:00,96.55000,96.80000,96.53000,96.80000
2024-12-10 18:00:00,96.78000,96.83000,96.69000,96.73000
2024-12-10 19:00:00,96.73000,96.95000,96.73000,96.94000
2024-12-10 20:00:00,96.94000,96.95250,96.84000,96.94000
2024-12-10 21:00:00,96.94000,97,96.92000,96.99000
2024-12-10 22:00:00,96.98000,97.080002,96.91850,97.065002
2024-12-10 23:00:00,97.070000,97.14000,96.84000,97.12000
2024-12-11 00:00:00,97.13000,97.16000,96.90000,96.98000
2024-12-11 01:00:00,96.98000,97.029999,96.86000,96.92000
2024-12-11 02:00:00,96.94000,96.96000,96.82800,96.90000
2024-12-11 03:00:00,96.89000,96.97000,96.83000,96.95000
2024-12-11 04:00:00,96.95000,96.98000,96.88000,96.96000
2024-12-11 05:00:00,96.95000,97,96.92000,96.94000
2024-12-11 06:00:00,96.94000,96.97000,96.91000,96.95000
2024-12-11 07:00:00,96.96000,96.96000,96.89000,96.92000
2024-12-11 08:00:00,96.93000,96.95000,96.88000,96.92500
2024-12-11 09:00:00,96.92100,96.98000,96.88483,96.93000
2024-12-11 10:00:00,96.93000,96.97000,96.79000,96.81000
2024-12-11 11:00:00,96.81000,96.87000,96.67000,96.72000
2024-12-11 12:00:00,96.72000,96.85000,96.72000,96.80000
2024-12-11 13:00:00,96.80000,96.82000,96.65000,96.65000
2024-12-11 14:00:00,96.65000,96.86000,96.63000,96.73000
2024-12-11 15:00:00,96.73000,96.74000,96.54000,96.59000
2024-12-11 16:00:00,96.59000,96.74000,96.55000,96.70000
2024-12-11 17:00:00,96.70000,96.75,96.62000,96.71000
2024-12-11 18:00:00,96.72000,96.74000,96.12000,96.30000
2024-12-11 19:00:00,96.31000,96.48000,96.25,96.41000
2024-12-11 20:00:00,96.41000,96.93000,96.010002,96.90000
2024-12-11 21:00:00,96.91000,96.91000,96.75,96.84000
2024-12-11 22:00:00,96.85000,96.91000,96.82000,96.90000
2024-12-11 23:00:00,96.90000,97.13000,96.89000,97.029999
2024-12-12 00:00:00,97.029999,97.25,96.88000,96.99000
2024-12-12 01:00:00,96.99000,97.019997,96.64650,96.81000
2024-12-12 02:00:00,96.81000,97.080002,96.75,97.029999
2024-12-12 03:00:00,97.040001,97.14000,97.039001,97.14000
2024-12-12 04:00:00,97.13000,97.20000,97.040001,97.070000
2024-12-12 05:00:00,97.070000,97.20000,97.050003,97.16000
2024-12-12 06:00:00,97.17000,97.25,97.14450,97.25
2024-12-12 07:00:00,97.24000,97.26000,97.18350,97.23000
2024-12-12 08:00:00,97.22000,97.24000,97.089996,97.11400
2024-12-12 09:00:00,97.089996,97.14307,97.033501,97.14000
2024-12-12 10:00:00,97.14000,97.22000,97.11000,97.18000
2024-12-12 11:00:00,97.17000,97.67000,97.029999,97.46000
2024-12-12 12:00:00,97.46000,97.53000,97.36000,97.44000
2024-12-12 13:00:00,97.44000,97.60000,97.42000,97.58000
2024-12-12 14:00:00,97.58000,97.79000,97.57000,97.76000
2024-12-12 15:00:00,97.76000,97.79000,97.61000,97.64000
2024-12-12 16:00:00,97.65000,97.92000,97.63150,97.86000
2024-12-12 17:00:00,97.86000,98.059998,97.86000,97.91000
2024-12-12 18:00:00,97.92000,97.94000,97.82000,97.89000
2024-12-12 19:00:00,97.88000,97.96000,97.62000,97.68000
2024-12-12 20:00:00,97.67000,97.88450,97.64000,97.84000
2024-12-12 21:00:00,97.84000,97.88000,97.48000,97.56000
2024-12-12 22:00:00,97.56000,97.74000,97.39000,97.44000
2024-12-12 23:00:00,97.45000,97.50050,97.31000,97.38000
2024-12-13 00:00:00,97.37000,97.40000,97.099998,97.27000
2024-12-13 01:00:00,97.27000,97.48000,97.11000,97.40000
2024-12-13 02:00:00,97.40000,97.45000,96.97000,97.17000
2024-12-13 03:00:00,97.17000,97.22150,97.099998,97.12000
2024-12-13 04:00:00,97.13000,97.25,97.089996,97.15000
2024-12-13 05:00:00,97.15000,97.24000,97.12400,97.15000
2024-12-13 06:00:00,97.14000,97.18000,97.059998,97.070000
2024-12-13 07:00:00,97.070000,97.15000,97.050003,97.15000
2024-12-13 08:00:00,97.15000,97.23000,97.13000,97.22200
2024-12-13 09:00:00,97.24450,97.39250,97.028999,97.15000
2024-12-13 10:00:00,97.14000,97.24000,97.089996,97.22000
2024-12-13 11:00:00,97.21000,97.41000,97.19000,97.31000
2024-12-13 12:00:00,97.31000,97.38000,97.13000,97.20000
2024-12-13 13:00:00,97.20000,97.26000,97.019501,97.22000
2024-12-13 14:00:00,97.23000,97.37000,97.23000,97.29000
2024-12-13 15:00:00,97.28000,97.44000,97.26850,97.39000
2024-12-13 16:00:00,97.39000,97.43000,97.28000,97.30000
2024-12-13 17:00:00,97.30000,97.35000,97.13000,97.21000
2024-12-13 18:00:00,97.22000,97.35000,97.17000,97.31000
2024-12-13 19:00:00,97.32000,97.5,97.30000,97.5
2024-12-13 20:00:00,97.5,97.73000,97.49450,97.67000
2024-12-13 21:00:00,97.66950,97.82000,97.66000,97.79000
2024-12-13 22:00:00,97.78000,97.90000,97.77000,97.87000
2024-12-13 23:00:00,97.88000,97.92000,97.77550,97.92000
2024-12-14 00:00:00,97.93000,97.96550,97.79000,97.82000
2024-12-14 01:00:00,97.82000,97.87000,97.73000,97.77000
2024-12-14 02:00:00,97.77000,97.77000,97.57000,97.72000
2024-12-14 03:00:00,97.72000,97.80000,97.62000,97.74000
2024-12-14 04:00:00,97.74000,97.76150,97.68000,97.71000
2024-12-14 05:00:00,97.71000,97.77000,97.68000,97.72762
2024-12-14 06:00:00,97.72000,97.78000,97.69000,97.69000
2024-12-14 07:00:00,97.70000,97.71050,97.66950,97.69000
2024-12-14 08:00:00,97.68000,97.77000,97.66000,97.72350
2024-12-16 09:00:00,97.61500,97.74500,97.57000,97.69000
2024-12-16 10:00:00,97.68000,97.78500,97.64000,97.70500
2024-12-16 11:00:00,97.70000,98.019997,97.64000,97.90000
2024-12-16 12:00:00,97.89000,98.089996,97.89000,98.070000
2024-12-16 13:00:00,98.059998,98.13000,97.90000,97.94500
2024-12-16 14:00:00,97.94000,98.040001,97.86000,98.040001
2024-12-16 15:00:00,98.035004,98.20500,98.010002,98.029999
2024-12-16 16:00:00,98.029999,98.080002,97.92500,97.96000
2024-12-16 17:00:00,97.96000,98.010002,97.85000,97.86000
2024-12-16 18:00:00,97.85000,97.95000,97.78000,97.80000
2024-12-16 19:00:00,97.78000,97.96500,97.77000,97.86500
2024-12-16 20:00:00,97.87000,97.97000,97.82000,97.90000
2024-12-16 21:00:00,97.90000,97.92500,97.71000,97.74000
2024-12-16 22:00:00,97.73000,97.75500,97.63000,97.73500
2024-12-16 23:00:00,97.72000,97.99000,97.71000,97.95000
2024-12-17 00:00:00,97.96000,98.019997,97.90500,97.96500
2024-12-17 01:00:00,97.97000,98.025002,97.85500,98.019997
2024-12-17 02:00:00,98.029999,98.26000,97.99000,98.26000
2024-12-17 03:00:00,98.25,98.26500,98.16000,98.21500
2024-12-17 04:00:00,98.22000,98.29000,98.16000,98.23500
2024-12-17 05:00:00,98.23000,98.25,98.15500,98.20500
2024-12-17 06:00:00,98.20500,98.21000,98.080002,98.15500
2024-12-17 07:00:00,98.16000,98.19500,98.12000,98.17000
2024-12-17 08:00:00,98.17000,98.23000,98.16000,98.21000
2024-12-17 09:00:00,98.15000,98.26000,98.125,98.19500
2024-12-17 10:00:00,98.19000,98.35000,98.19000,98.26500
2024-12-17 11:00:00,98.26000,98.35000,98.20000,98.20000
2024-12-17 12:00:00,98.20000,98.26000,98.099998,98.22000
2024-12-17 13:00:00,98.21000,98.22000,97.98500,98.040001
2024-12-17 14:00:00,98.040001,98.084999,97.89000,98.0049973
2024-12-17 15:00:00,98,98.14000,97.92000,97.92500
2024-12-17 16:00:00,97.93000,98,97.84000,97.88500
2024-12-17 17:00:00,97.88000,97.96000,97.74000,97.85500
2024-12-17 18:00:00,97.87000,97.97000,97.78500,97.84000
2024-12-17 19:00:00,97.85000,97.87000,97.57000,97.60500
2024-12-17 20:00:00,97.61000,97.69500,97.5,97.53000
2024-12-17 21:00:00,97.53000,97.59000,97.44000,97.54500
2024-12-17 22:00:00,97.55000,97.64500,97.45000,97.63000
2024-12-17 23:00:00,97.64000,97.68000,97.58000,97.62000
2024-12-18 00:00:00,97.62000,97.70000,97.5,97.66000
2024-12-18 01:00:00,97.67000,97.67500,97.41000,97.41000
2024-12-18 02:00:00,97.41000,97.41000,97.25,97.35000
2024-12-18 03:00:00,97.35000,97.38000,97.22000,97.22500
2024-12-18 04:00:00,97.23000,97.25,97.13000,97.20000
2024-12-18 05:00:00,97.19000,97.25,97.099998,97.18000
2024-12-18 06:00:00,97.17000,97.22000,97.14000,97.15500
2024-12-18 07:00:00,97.15000,97.26000,97.13000,97.24000
2024-12-18 08:00:00,97.25,97.31000,97.24000,97.29000
2024-12-18 09:00:00,97.29500,97.31000,97.19500,97.27500
2024-12-18 10:00:00,97.26000,97.37000,97.18000,97.34500
2024-12-18 11:00:00,97.35000,97.42500,97.29000,97.33000
2024-12-18 12:00:00,97.33000,97.36000,97.15000,97.20500
2024-12-18 13:00:00,97.20000,97.27500,97.070000,97.22500
2024-12-18 14:00:00,97.23000,97.24500,97.019997,97.050003
2024-12-18 15:00:00,97.050003,97.080002,96.84500,96.87000
2024-12-18 16:00:00,96.87000,96.91500,96.80000,96.82000
2024-12-18 17:00:00,96.82000,97.040001,96.81000,97.010002
2024-12-18 18:00:00,97.029999,97.074997,96.95000,96.98000
2024-12-18 19:00:00,96.98000,97.014999,96.89000,96.94000
2024-12-18 20:00:00,96.94000,97.11500,96.88000,96.90000
2024-12-18 21:00:00,96.90000,97.010002,96.89000,96.98000
2024-12-18 22:00:00,96.98000,97.080002,96.94000,97.029999
2024-12-18 23:00:00,97.029999,97.24000,97.019997,97.22500
2024-12-19 00:00:00,97.23000,97.38000,97.21000,97.28000
2024-12-19 01:00:00,97.28000,97.33500,97.18000,97.27000
2024-12-19 02:00:00,97.27000,97.27500,97.11500,97.12000
2024-12-19 03:00:00,97.13000,97.16000,97.029999,97.029999
2024-12-19 04:00:00,97.040001,97.050003,96.94500,96.95000
2024-12-19 05:00:00,96.96000,97.035004,96.89000,96.95000
2024-12-19 06:00:00,96.98000,97.17000,96.49000,96.52000
2024-12-19 07:00:00,96.52000,96.53000,96.18000,96.30000
2024-12-19 08:00:00,96.30000,96.35000,96.18000,96.28000
2024-12-19 09:00:00,96.25500,96.33000,96.16500,96.17500
2024-12-19 10:00:00,96.17000,96.24000,95.80500,95.98000
2024-12-19 11:00:00,95.97000,96.34500,95.90000,96.29000
2024-12-19 12:00:00,96.30000,96.40000,96.22000,96.26500
2024-12-19 13:00:00,96.24000,96.70000,96.15000,96.64500
2024-12-19 14:00:00,96.64000,96.90000,96.56000,96.71000
2024-12-19 15:00:00,96.71000,96.73000,96.58000,96.68000
2024-12-19 16:00:00,96.68000,96.76000,96.49000,96.51000
2024-12-19 17:00:00,96.51000,97.30000,96.51000,97.26000
2024-12-19 18:00:00,97.26000,97.75,97.26000,97.59000
2024-12-19 19:00:00,97.59000,98.084999,97.56000,97.92000
2024-12-19 20:00:00,97.93000,98.074997,97.77000,98.065002
2024-12-19 21:00:00,98.040001,98.10500,97.87000,98.029999
2024-12-19 22:00:00,98.025002,98.16000,97.91000,97.94500
2024-12-19 23:00:00,97.94000,98.13000,97.92000,98.084999
2024-12-20 00:00:00,98.070000,98.19000,97.88000,98.11000
2024-12-20 01:00:00,98.11000,98.52000,98.11000,98.41000
2024-12-20 02:00:00,98.42000,98.68000,98.36000,98.625
2024-12-20 03:00:00,98.63000,98.74500,98.54000,98.58000
2024-12-20 04:00:00,98.58000,98.65000,98.49000,98.53000
2024-12-20 05:00:00,98.51000,98.59000,98.40000,98.5
2024-12-20 06:00:00,98.49000,98.54000,98.25,98.27000
2024-12-20 07:00:00,98.27000,98.33000,98.18500,98.19500
2024-12-20 08:00:00,98.20000,98.25,98.14000,98.23000
2024-12-20 09:00:00,98.22500,98.24500,98.13500,98.16500
2024-12-20 10:00:00,98.18000,98.26500,98.13000,98.23000
2024-12-20 11:00:00,98.24000,98.41000,98.20000,98.20000
2024-12-20 12:00:00,98.20000,98.23500,97.85000,97.97000
2024-12-20 13:00:00,97.97000,98.029999,97.67000,97.76000
2024-12-20 14:00:00,97.76000,97.84000,97.57000,97.72000
2024-12-20 15:00:00,97.72000,97.94000,97.72000,97.91500
2024-12-20 16:00:00,97.92000,97.94000,97.70000,97.74000
2024-12-20 17:00:00,97.75,98.074997,97.64000,97.99000
2024-12-20 18:00:00,97.99000,97.99500,97.80000,97.96500
2024-12-20 19:00:00,97.96000,98.040001,97.81000,97.87000
2024-12-20 20:00:00,97.89000,97.90000,97.59500,97.69500
2024-12-20 21:00:00,97.69000,97.72000,97.57000,97.66000
2024-12-20 22:00:00,97.66000,97.66000,97.57000,97.62000
2024-12-20 23:00:00,97.63000,97.78500,97.60000,97.70500
2024-12-21 00:00:00,97.71000,97.76000,97.59000,97.60000
2024-12-21 01:00:00,97.59000,97.70500,97.43500,97.68000
2024-12-21 02:00:00,97.68000,98.035004,97.65000,97.75500
2024-12-21 03:00:00,97.76000,97.86500,97.72000,97.80000
2024-12-21 04:00:00,97.81000,97.92500,97.75500,97.79000
2024-12-21 05:00:00,97.78000,97.83000,97.73000,97.74000
2024-12-21 06:00:00,97.74000,97.87000,97.71000,97.77500
2024-12-21 07:00:00,97.77000,97.83500,97.72000,97.79000
2024-12-21 08:00:00,97.79000,97.84000,97.74000,97.77000
2024-12-23 09:00:00,97.86000,97.93500,97.77000,97.85000
2024-12-23 10:00:00,97.83000,97.97000,97.79000,97.90000
2024-12-23 11:00:00,97.92000,97.94500,97.81000,97.84000
2024-12-23 12:00:00,97.84000,97.93500,97.78000,97.86000
2024-12-23 13:00:00,97.84000,97.97000,97.81000,97.96000
2024-12-23 14:00:00,97.97500,98.0049973,97.81000,97.84500
2024-12-23 15:00:00,97.83500,98.025002,97.81000,97.99000
2024-12-23 16:00:00,97.99000,98.074997,97.96000,98.059998
2024-12-23 17:00:00,98.059998,98.089996,97.97000,98.019997
2024-12-23 18:00:00,98,98.084999,97.92000,97.98000
2024-12-23 19:00:00,97.98500,98.029999,97.83000,97.95500
2024-12-23 20:00:00,97.95000,98.17500,97.91000,98.059998
2024-12-23 21:00:00,98.050003,98.11500,97.96000,98
2024-12-23 22:00:00,97.98000,98.070000,97.89000,97.94500
2024-12-23 23:00:00,97.94000,98.13000,97.84000,98.065002
2024-12-24 00:00:00,98.050003,98.084999,97.92000,97.92000
2024-12-24 01:00:00,97.93000,98,97.82000,97.93500
2024-12-24 02:00:00,97.90000,97.98000,97.75,97.91000
2024-12-24 03:00:00,97.90000,98.070000,97.82000,98.029999
2024-12-24 04:00:00,98.010002,98.18500,98.010002,98.15500
2024-12-24 05:00:00,98.13000,98.23000,98.099998,98.16000
2024-12-24 06:00:00,98.16000,98.20000,98.099998,98.15000
2024-12-24 07:00:00,98.17000,98.26000,98.089996,98.19000
2024-12-24 08:00:00,98.20000,98.24000,98.17000,98.21500
2024-12-24 09:00:00,98.22500,98.29500,98.089996,98.089996
2024-12-24 10:00:00,98.089996,98.22500,98.050003,98.14500
2024-12-24 11:00:00,98.089996,98.22000,98.050003,98.12000
2024-12-24 12:00:00,98.12000,98.17500,97.87000,97.99500
2024-12-24 13:00:00,97.95000,98.125,97.84000,97.86000
2024-12-24 14:00:00,97.89500,97.99000,97.76000,97.98000
2024-12-24 15:00:00,97.98000,98.019997,97.82000,97.93000
2024-12-24 16:00:00,97.93000,98.029999,97.83000,98.0049973
2024-12-24 17:00:00,97.95000,98.18500,97.86000,98.080002
2024-12-24 18:00:00,98.080002,98.18500,97.97000,98.070000
2024-12-24 19:00:00,98.019997,98.11500,97.91000,98.035004
2024-12-24 20:00:00,97.98000,98.050003,97.90000,97.92000
2024-12-24 21:00:00,97.92000,97.99500,97.86000,97.93500
2024-12-24 22:00:00,97.88000,98.010002,97.85000,97.94000
2024-12-24 23:00:00,97.90000,97.96000,97.79000,97.83000
2024-12-26 02:00:00,98.11500,98.24500,98.11500,98.24500
2024-12-26 04:00:00,98.23000,98.23000,98.23000,98.23000
2024-12-26 05:00:00,98.27500,98.33500,98.25,98.25
2024-12-26 06:00:00,98.25,98.25,98.25,98.25
2024-12-26 07:00:00,98.27500,98.31000,98.19500,98.31000
2024-12-26 08:00:00,98.35500,98.35500,98.17500,98.23500
2024-12-26 09:00:00,98.14000,98.20000,98.080002,98.14000
2024-12-26 10:00:00,98.080002,98.22500,98.019997,98.10500
2024-12-26 11:00:00,98.099998,98.24500,98.050003,98.21000
2024-12-26 12:00:00,98.20000,98.31000,98.11500,98.29000
2024-12-26 13:00:00,98.28000,98.39500,98.27000,98.37000
2024-12-26 14:00:00,98.37000,98.45000,98.33000,98.34500
2024-12-26 15:00:00,98.34000,98.35000,98.20000,98.23000
2024-12-26 16:00:00,98.22500,98.33500,98.13000,98.15000
2024-12-26 17:00:00,98.15000,98.23000,98.11000,98.125
2024-12-26 18:00:00,98.13000,98.24500,98.059998,98.15000
2024-12-26 19:00:00,98.16000,98.16500,97.97000,97.98500
2024-12-26 20:00:00,97.97000,98.065002,97.90500,98.014999
2024-12-26 21:00:00,98.019997,98.17500,98.0049973,98.12000
2024-12-26 22:00:00,98.12000,98.30000,98.095001,98.24000
2024-12-26 23:00:00,98.24000,98.27500,98.099998,98.13000
2024-12-27 00:00:00,98.14000,98.31000,98.13500,98.26000
2024-12-27 01:00:00,98.26000,98.34500,98.22500,98.27500
2024-12-27 02:00:00,98.28000,98.29500,98.19500,98.26000
2024-12-27 03:00:00,98.26000,98.38500,98.25,98.36000
2024-12-27 04:00:00,98.36000,98.39500,98.26000,98.30000
2024-12-27 05:00:00,98.30000,98.42000,98.29500,98.32000
2024-12-27 06:00:00,98.31000,98.33000,98.26000,98.29000
2024-12-27 07:00:00,98.29000,98.30500,98.21000,98.29000
2024-12-27 08:00:00,98.29000,98.32000,98.26000,98.30000
2024-12-27 09:00:00,98.30000,98.35500,98.14000,98.15000
2024-12-27 10:00:00,98.13000,98.22500,98.080002,98.18000
2024-12-27 11:00:00,98.18000,98.27500,98.089996,98.27000
2024-12-27 12:00:00,98.27000,98.29000,98.059998,98.12000
2024-12-27 13:00:00,98.13000,98.13000,97.93500,98
2024-12-27 14:00:00,98.010002,98.084999,97.93500,98.0049973
2024-12-27 15:00:00,98.010002,98.040001,97.85000,97.85500
2024-12-27 16:00:00,97.85000,98.0049973,97.85000,97.89000
2024-12-27 17:00:00,97.90000,98.125,97.88000,98.084999
2024-12-27 18:00:00,98.099998,98.22500,98.059998,98.20000
2024-12-27 19:00:00,98.18000,98.28500,98.11500,98.15000
2024-12-27 20:00:00,98.15000,98.17500,97.96500,98.035004
2024-12-27 21:00:00,98.040001,98.070000,97.90000,97.98000
2024-12-27 22:00:00,97.99000,98.070000,97.94500,98.035004
2024-12-27 23:00:00,98.040001,98.19000,98.029999,98.17000
2024-12-28 00:00:00,98.16000,98.19500,98.050003,98.14000
2024-12-28 01:00:00,98.14000,98.17500,97.99000,98.010002
2024-12-28 02:00:00,98.019997,98.025002,97.84000,97.89500
2024-12-28 03:00:00,97.90000,97.98000,97.78000,97.91000
2024-12-28 04:00:00,97.91000,98.0049973,97.78500,97.96000
2024-12-28 05:00:00,97.96500,98.11500,97.96000,98.080002
2024-12-28 06:00:00,98.080002,98.23500,98.055000,98.22500
2024-12-28 07:00:00,98.22000,98.23500,98.070000,98.16000
2024-12-28 08:00:00,98.16000,98.19500,98.099998,98.14500
2024-12-30 09:00:00,98.15000,98.21000,98.025002,98.19000
2024-12-30 10:00:00,98.19000,98.36500,98.19000,98.29000
2024-12-30 11:00:00,98.30000,98.41000,98.16500,98.35500
2024-12-30 12:00:00,98.35000,98.375,98.26000,98.32000
2024-12-30 13:00:00,98.32500,98.39000,98.24500,98.39000
2024-12-30 14:00:00,98.38000,98.52500,98.36000,98.50500
2024-12-30 15:00:00,98.51000,98.51500,98.43000,98.47000
2024-12-30 16:00:00,98.47000,98.61500,98.44500,98.54000
2024-12-30 17:00:00,98.55000,98.74000,98.49500,98.52000
2024-12-30 18:00:00,98.52000,98.53000,98.40000,98.49000
2024-12-30 19:00:00,98.49000,98.5,98.23000,98.24000
2024-12-30 20:00:00,98.23000,98.36500,98.23000,98.27000
2024-12-30 21:00:00,98.27000,98.41000,98.22500,98.35500
2024-12-30 22:00:00,98.36000,98.45000,98.34500,98.38000
2024-12-30 23:00:00,98.39000,98.40000,98.23500,98.27500
2024-12-31 00:00:00,98.28000,98.28000,97.88500,97.90000
2024-12-31 01:00:00,97.89000,98.059998,97.67000,97.74500
2024-12-31 02:00:00,97.73000,97.75,97.30500,97.71500
2024-12-31 03:00:00,97.71000,97.81000,97.60500,97.77000
2024-12-31 04:00:00,97.78000,97.91500,97.76500,97.84000
2024-12-31 05:00:00,97.84000,97.91500,97.77000,97.82500
2024-12-31 06:00:00,97.82000,97.84000,97.73500,97.77500
2024-12-31 07:00:00,97.77000,97.79500,97.54500,97.56000
2024-12-31 08:00:00,97.56000,97.61000,97.5,97.58000
2024-12-31 09:00:00,97.57500,97.72500,97.51000,97.56000
2024-12-31 10:00:00,97.56000,97.67500,97.5,97.64000
2024-12-31 11:00:00,97.63000,97.66500,97.43000,97.44000
2024-12-31 12:00:00,97.44000,97.54000,97.39000,97.44000
2024-12-31 13:00:00,97.45000,97.45000,97.27000,97.29000
2024-12-31 14:00:00,97.29000,97.31500,97.15500,97.19500
2024-12-31 15:00:00,97.20000,97.23500,97.080002,97.12000
2024-12-31 16:00:00,97.12000,97.18000,97.044998,97.12000
2024-12-31 17:00:00,97.13000,97.16000,96.99000,97.13000
2024-12-31 18:00:00,97.13000,97.22000,97.050003,97.18500
2024-12-31 19:00:00,97.19000,97.20000,96.94000,97.050003
2024-12-31 20:00:00,97.050003,97.43500,97.0049973,97.41000
2024-12-31 21:00:00,97.41000,97.52500,97.33000,97.46500
2024-12-31 22:00:00,97.46000,97.47500,97.30500,97.39500
2024-12-31 23:00:00,97.39000,97.39000,97.20500,97.28500
2025-01-02 04:00:00,97.080002,97.080002,97.080002,97.080002
2025-01-02 05:00:00,97.080002,97.14000,97.080002,97.14000
2025-01-02 06:00:00,97.14000,97.14000,97.050003,97.070000
2025-01-02 07:00:00,97.13000,97.15000,97.13000,97.13000
2025-01-02 08:00:00,97.15000,97.15000,97.11000,97.12000
2025-01-02 09:00:00,97.30000,97.35000,97.24000,97.32000
2025-01-02 10:00:00,97.32000,97.72000,97.25,97.68000
2025-01-02 11:00:00,97.69000,97.71000,97.48000,97.62000
2025-01-02 12:00:00,97.62000,97.93000,97.60000,97.84000
2025-01-02 13:00:00,97.84000,97.87000,97.75,97.87000
2025-01-02 14:00:00,97.88000,97.88000,97.68000,97.70000
2025-01-02 15:00:00,97.68000,97.70000,97.61000,97.62000
2025-01-02 16:00:00,97.63000,97.73000,97.55000,97.73000
2025-01-02 17:00:00,97.73000,97.73000,97.35000,97.35000
2025-01-02 18:00:00,97.35000,97.41000,97.12000,97.21000
2025-01-02 19:00:00,97.21000,97.43000,97.059998,97.41000
2025-01-02 20:00:00,97.42000,97.54000,97.40000,97.49000
2025-01-02 21:00:00,97.5,97.64000,97.47000,97.57000
2025-01-02 22:00:00,97.57000,97.74000,97.53000,97.71000
2025-01-02 23:00:00,97.72000,97.73000,97.48000,97.53000
2025-01-03 00:00:00,97.54000,97.61000,97.33000,97.48000
2025-01-03 01:00:00,97.48000,97.65000,97.38000,97.56000
2025-01-03 02:00:00,97.56000,97.64000,97.44000,97.59000
2025-01-03 03:00:00,97.58000,97.86000,97.55000,97.86000
2025-01-03 04:00:00,97.85000,98.040001,97.65000,97.72000
2025-01-03 05:00:00,97.73000,97.76000,97.56000,97.60000
2025-01-03 06:00:00,97.60000,97.74000,97.58000,97.62000
2025-01-03 07:00:00,97.63000,97.81000,97.62000,97.78000
2025-01-03 08:00:00,97.78000,97.79000,97.69000,97.73000
2025-01-03 09:00:00,97.62000,97.76000,97.60000,97.68000
2025-01-03 10:00:00,97.68000,97.73000,97.56000,97.58000
2025-01-03 11:00:00,97.58000,97.79000,97.55000,97.74000
2025-01-03 12:00:00,97.73000,97.77000,97.69000,97.70000
2025-01-03 13:00:00,97.70000,97.80000,97.68000,97.74000
2025-01-03 14:00:00,97.74000,97.81000,97.64000,97.72000
2025-01-03 15:00:00,97.72000,97.78000,97.69000,97.76000
2025-01-03 16:00:00,97.76000,97.86000,97.74000,97.79000
2025-01-03 17:00:00,97.79000,97.84000,97.72000,97.73000
2025-01-03 18:00:00,97.73000,97.73000,97.5,97.62000
2025-01-03 19:00:00,97.62000,97.74000,97.59000,97.66000
2025-01-03 20:00:00,97.67000,97.78000,97.66000,97.71000
2025-01-03 21:00:00,97.71000,97.82000,97.66000,97.82000
2025-01-03 22:00:00,97.82000,97.90000,97.79000,97.83000
2025-01-03 23:00:00,97.84000,97.84000,97.69000,97.76000
2025-01-04 00:00:00,97.77000,97.77000,97.68000,97.72000
2025-01-04 01:00:00,97.72000,97.84000,97.65000,97.73000
2025-01-04 02:00:00,97.72000,97.78000,97.55000,97.67000
2025-01-04 03:00:00,97.67000,97.72000,97.58000,97.60000
2025-01-04 04:00:00,97.60000,97.63000,97.53000,97.62000
2025-01-04 05:00:00,97.62000,97.69000,97.60000,97.65000
2025-01-04 06:00:00,97.66000,97.74000,97.64000,97.73000
2025-01-04 07:00:00,97.73000,97.83000,97.71000,97.83000
2025-01-04 08:00:00,97.82000,97.86000,97.74000,97.74000
2025-01-06 09:00:00,97.69000,97.75,97.60000,97.71000
2025-01-06 10:00:00,97.71000,98,97.71000,97.98000
2025-01-06 11:00:00,97.99000,98.26000,97.97000,98.20000
2025-01-06 12:00:00,98.20000,98.30000,98.099998,98.15000
2025-01-06 13:00:00,98.16000,98.29000,98.11000,98.27000
2025-01-06 14:00:00,98.27000,98.29000,98.050003,98.16000
2025-01-06 15:00:00,98.15000,98.19000,98.080002,98.15000
2025-01-06 16:00:00,98.14000,98.31000,98.12000,98.28000
2025-01-06 17:00:00,98.29000,98.30000,98.17000,98.22000
2025-01-06 18:00:00,98.23000,98.26000,98.16000,98.24000
2025-01-06 19:00:00,98.24000,98.56000,98.22000,98.55000
2025-01-06 20:00:00,98.55000,98.59000,98.46000,98.51000
2025-01-06 21:00:00,98.52000,98.59000,98.44000,98.53000
2025-01-06 22:00:00,98.53000,98.91000,98.47000,98.81000
2025-01-06 23:00:00,98.81000,98.83000,98.46000,98.59000
2025-01-07 00:00:00,98.60000,98.65000,98.41000,98.5
2025-01-07 01:00:00,98.52000,98.63000,98.16000,98.54000
2025-01-07 02:00:00,98.54000,98.67000,98.38000,98.39000
2025-01-07 03:00:00,98.40000,98.47000,98.26000,98.46000
2025-01-07 04:00:00,98.45000,98.45000,98.26000,98.31000
2025-01-07 05:00:00,98.31000,98.40000,98.22000,98.25
2025-01-07 06:00:00,98.25,98.35000,98.21000,98.33000
2025-01-07 07:00:00,98.33000,98.41000,98.32000,98.41000
2025-01-07 08:00:00,98.42000,98.47000,98.39000,98.46000
2025-01-07 09:00:00,98.40000,98.45000,98.34000,98.39000
2025-01-07 10:00:00,98.39000,98.46000,98.38000,98.40000
2025-01-07 11:00:00,98.40000,98.84000,98.40000,98.83000
2025-01-07 12:00:00,98.82000,98.98000,98.78000,98.96000
2025-01-07 13:00:00,98.95000,98.98000,98.87000,98.93000
2025-01-07 14:00:00,98.93000,99.029999,98.87000,99
2025-01-07 15:00:00,99,99.019997,98.90000,98.94000
2025-01-07 16:00:00,98.93000,99.019997,98.88000,98.95000
2025-01-07 17:00:00,98.95000,98.95000,98.81000,98.84000
2025-01-07 18:00:00,98.83000,98.92000,98.79000,98.83000
2025-01-07 19:00:00,98.84000,98.94000,98.74000,98.91000
2025-01-07 20:00:00,98.91000,99.12000,98.90000,99.040001
2025-01-07 21:00:00,99.040001,99.17000,98.98000,99.14000
2025-01-07 22:00:00,99.14000,99.16000,98.93000,98.99000
2025-01-07 23:00:00,98.99000,99.089996,98.94000,98.99000
2025-01-08 00:00:00,98.99000,99.089996,98.88000,98.89000
2025-01-08 01:00:00,98.89000,98.91000,98.75,98.88000
2025-01-08 02:00:00,98.89000,99,98.60000,98.67000
2025-01-08 03:00:00,98.68000,98.69000,98.44000,98.55000
2025-01-08 04:00:00,98.54000,98.60000,98.41000,98.48000
2025-01-08 05:00:00,98.48000,98.51000,98.43000,98.47000
2025-01-08 06:00:00,98.47000,98.5,98.43000,98.44000
2025-01-08 07:00:00,98.45000,98.45000,98.26000,98.38000
2025-01-08 08:00:00,98.38000,98.52000,98.37000,98.48000
2025-01-08 09:00:00,98.45000,98.51000,98.44000,98.49000
2025-01-08 10:00:00,98.49000,98.66000,98.49000,98.64000
2025-01-08 11:00:00,98.64000,98.66000,98.31000,98.44000
2025-01-08 12:00:00,98.44000,98.45000,98.16000,98.30000
2025-01-08 13:00:00,98.31000,98.52000,98.28000,98.49000
2025-01-08 14:00:00,98.48000,98.62000,98.45000,98.58000
2025-01-08 15:00:00,98.59000,98.64000,98.52000,98.56000
2025-01-08 16:00:00,98.56000,98.59000,98.48000,98.59000
2025-01-08 17:00:00,98.59000,98.61000,98.47000,98.52000
2025-01-08 18:00:00,98.51000,98.51000,98.34000,98.45000
2025-01-08 19:00:00,98.45000,98.58000,98.37000,98.40000
2025-01-08 20:00:00,98.39000,98.43000,98.32000,98.39000
2025-01-08 21:00:00,98.39000,98.41000,98.32000,98.38000
2025-01-08 22:00:00,98.38000,98.41000,98.14000,98.20000
2025-01-08 23:00:00,98.20000,98.27000,98.059998,98.14000
2025-01-09 00:00:00,98.15000,98.20000,98.080002,98.16000
2025-01-09 01:00:00,98.17000,98.33000,98.14000,98.16000
2025-01-09 02:00:00,98.16000,98.36000,98.15000,98.33000
2025-01-09 03:00:00,98.33000,98.43000,98.28000,98.41000
2025-01-09 04:00:00,98.41000,98.43000,98.26000,98.31000
2025-01-09 05:00:00,98.31000,98.48000,98.31000,98.38000
2025-01-09 06:00:00,98.37000,98.5,98.37000,98.41000
2025-01-09 07:00:00,98.41000,98.47000,98.37000,98.44000
2025-01-09 08:00:00,98.44000,98.49000,98.41000,98.41000
2025-01-09 09:00:00,98.36000,98.42000,98.31000,98.37000
2025-01-09 10:00:00,98.36000,98.43000,98.24000,98.25
2025-01-09 11:00:00,98.27000,98.28000,98.089996,98.17000
2025-01-09 12:00:00,98.17000,98.20000,98.019997,98.050003
2025-01-09 13:00:00,98.050003,98.14000,98.029999,98.050003
2025-01-09 14:00:00,98.050003,98.070000,97.93000,97.94000
2025-01-09 15:00:00,97.93000,97.94000,97.75,97.90000
2025-01-09 16:00:00,97.89000,98.059998,97.85000,98
2025-01-09 17:00:00,98,98.070000,97.93000,97.98000
2025-01-09 18:00:00,98,98.070000,97.72000,97.79000
2025-01-09 19:00:00,97.79000,97.97000,97.69000,97.95000
2025-01-09 20:00:00,97.95000,97.99000,97.87000,97.89000
2025-01-09 21:00:00,97.88000,97.94000,97.84000,97.91000
2025-01-09 22:00:00,97.91000,97.94000,97.82000,97.90000
2025-01-09 23:00:00,97.91000,97.91000,97.68000,97.74000
2025-01-10 00:00:00,97.74000,97.82000,97.67000,97.71000
2025-01-10 01:00:00,97.71000,97.87000,97.71000,97.84000
2025-01-10 02:00:00,97.84000,97.86000,97.79000,97.82000
2025-01-10 03:00:00,97.82000,97.88000,97.77000,97.88000
2025-01-10 04:00:00,97.88000,97.98000,97.88000,97.95000
2025-01-10 05:00:00,97.95000,97.98000,97.93000,97.97000
2025-01-10 06:00:00,97.97000,98.019997,97.96000,97.99000
2025-01-10 07:00:00,97.99000,98.029999,97.97000,98.010002
2025-01-10 08:00:00,98.010002,98.010002,97.94000,97.98000
2025-01-10 09:00:00,97.98000,98.040001,97.96000,98.010002
2025-01-10 10:00:00,98.019997,98.019997,97.81000,97.82000
2025-01-10 11:00:00,97.83000,98,97.80000,97.83000
2025-01-10 12:00:00,97.83000,98.11000,97.79000,98.040001
2025-01-10 13:00:00,98.040001,98.13000,97.99000,98.099998
2025-01-10 14:00:00,98.099998,98.13000,98.010002,98.050003
2025-01-10 15:00:00,98.050003,98.11000,98.010002,98.089996
2025-01-10 16:00:00,98.089996,98.20000,98.059998,98.089996
2025-01-10 17:00:00,98.089996,98.089996,97.95000,97.96000
2025-01-10 18:00:00,97.96000,98.15000,97.95000,98.099998
2025-01-10 19:00:00,98.089996,98.11000,97.61000,97.66000
2025-01-10 20:00:00,97.66000,97.67000,97.49000,97.65000
2025-01-10 21:00:00,97.65000,97.83000,97.60000,97.80000
2025-01-10 22:00:00,97.80000,97.91000,97.77000,97.77000
2025-01-10 23:00:00,97.78000,97.79000,97.69000,97.79000
2025-01-11 00:00:00,97.78000,97.81000,97.47000,97.57000
2025-01-11 01:00:00,97.57000,97.64000,97.30000,97.41000
2025-01-11 02:00:00,97.45000,97.45000,96.98000,96.99000
2025-01-11 03:00:00,96.99000,97.010002,96.80000,96.90000
2025-01-11 04:00:00,96.90000,97.050003,96.88000,97.040001
2025-01-11 05:00:00,97.050003,97.21000,97.019997,97.20000
2025-01-11 06:00:00,97.21000,97.21000,97.019997,97.059998
2025-01-11 07:00:00,97.059998,97.080002,96.94000,97
2025-01-11 08:00:00,97,97,96.89000,96.95000
2025-01-13 09:00:00,97.050003,97.050003,96.93000,96.93000
2025-01-13 10:00:00,96.94000,97.20000,96.88000,97.17000
2025-01-13 11:00:00,97.17000,97.24000,97.11000,97.12000
2025-01-13 12:00:00,97.13000,97.20000,96.84000,96.97000
2025-01-13 13:00:00,96.97000,97.12000,96.94000,97.029999
2025-01-13 14:00:00,97.019997,97.059998,96.68000,96.70000
2025-01-13 15:00:00,96.69000,96.78000,96.56000,96.62000
2025-01-13 16:00:00,96.62000,96.68000,96.49000,96.64000
2025-01-13 17:00:00,96.64000,96.81000,96.57000,96.78000
2025-01-13 18:00:00,96.75,96.80000,96.58000,96.78000
2025-01-13 19:00:00,96.78000,97,96.73000,96.90000
2025-01-13 20:00:00,96.90000,96.91000,96.38000,96.43000
2025-01-13 21:00:00,96.43000,96.75,96.39000,96.75
2025-01-13 22:00:00,96.76000,96.78000,96.62000,96.67000
2025-01-13 23:00:00,96.68000,96.74000,96.63000,96.70000
2025-01-14 00:00:00,96.63000,96.74000,96.58000,96.68000
2025-01-14 01:00:00,96.68000,96.92000,96.56000,96.88000
2025-01-14 02:00:00,96.88000,96.96000,96.73000,96.87000
2025-01-14 03:00:00,96.88000,97.070000,96.83000,96.95000
2025-01-14 04:00:00,96.94000,96.98000,96.86000,96.92000
2025-01-14 05:00:00,96.92000,97.059998,96.87000,97
2025-01-14 06:00:00,97,97.15000,96.97000,97.14000
2025-01-14 07:00:00,97.13000,97.15000,97.029999,97.15000
2025-01-14 08:00:00,97.14000,97.29000,97.099998,97.29000
2025-01-14 09:00:00,97.28000,97.58000,97.16000,97.37000
2025-01-14 10:00:00,97.37000,97.49000,97.34000,97.40000
2025-01-14 11:00:00,97.40000,97.44000,97.26000,97.44000
2025-01-14 12:00:00,97.43000,97.70000,97.27000,97.44000
2025-01-14 13:00:00,97.44000,97.58000,97.32000,97.55000
2025-01-14 14:00:00,97.55000,97.68000,97.47000,97.48000
2025-01-14 15:00:00,97.48000,97.55000,97.40000,97.46000
2025-01-14 16:00:00,97.46000,97.54000,97.37000,97.43000
2025-01-14 17:00:00,97.44000,97.58000,97.41000,97.51000
2025-01-14 18:00:00,97.51000,97.62000,97.41000,97.62000
2025-01-14 19:00:00,97.62000,97.79000,97.56000,97.75
2025-01-14 20:00:00,97.75,97.88000,97.73000,97.75
2025-01-14 21:00:00,97.77000,97.79000,97.64000,97.65000
2025-01-14 22:00:00,97.65000,97.70000,97.60000,97.62000
2025-01-14 23:00:00,97.61000,97.69000,97.43000,97.46000
2025-01-15 00:00:00,97.45000,97.56000,97.35000,97.42000
2025-01-15 01:00:00,97.42000,97.58000,97.38000,97.51000
2025-01-15 02:00:00,97.51000,97.96000,97.51000,97.87000
2025-01-15 03:00:00,97.88000,97.88000,97.63000,97.64000
2025-01-15 04:00:00,97.65000,97.82000,97.60000,97.77000
2025-01-15 05:00:00,97.77000,97.83000,97.71000,97.80000
2025-01-15 06:00:00,97.80000,97.85000,97.69000,97.71000
2025-01-15 07:00:00,97.71000,97.79000,97.64000,97.77000
2025-01-15 08:00:00,97.77000,97.97000,97.77000,97.97000
2025-01-15 09:00:00,97.91000,98.010002,97.83000,97.84000
2025-01-15 10:00:00,97.84000,97.87000,97.79000,97.85000
2025-01-15 11:00:00,97.85000,97.86000,97.66000,97.66000
2025-01-15 12:00:00,97.67000,97.78000,97.64000,97.69000
2025-01-15 13:00:00,97.70000,97.75,97.63000,97.74000
2025-01-15 14:00:00,97.74000,97.83000,97.69000,97.80000
2025-01-15 15:00:00,97.80000,97.81000,97.62000,97.64000
2025-01-15 16:00:00,97.64000,97.64000,97.31000,97.34000
2025-01-15 17:00:00,97.34000,97.5,97.32000,97.41000
2025-01-15 18:00:00,97.41000,97.44000,97.30000,97.32000
2025-01-15 19:00:00,97.32000,97.44000,97.29000,97.35000
2025-01-15 20:00:00,97.35000,97.38000,97.24000,97.36000
2025-01-15 21:00:00,97.36000,97.40000,97.23000,97.27000
2025-01-15 22:00:00,97.27000,97.43000,97.25,97.39000
2025-01-15 23:00:00,97.39000,97.42000,97.23000,97.29000
2025-01-16 00:00:00,97.29000,97.65000,97.28000,97.64000
2025-01-16 01:00:00,97.64000,97.66000,97.37000,97.47000
2025-01-16 02:00:00,97.47000,97.49000,97.24000,97.31000
2025-01-16 03:00:00,97.31000,97.45000,97.29000,97.35000
2025-01-16 04:00:00,97.35000,97.42000,97.33000,97.38000
2025-01-16 05:00:00,97.39000,97.42000,97.34000,97.41000
2025-01-16 06:00:00,97.41000,97.48000,97.40000,97.45000
2025-01-16 07:00:00,97.45000,97.48000,97.41000,97.47000
2025-01-16 08:00:00,97.45000,97.49000,97.42000,97.44000
2025-01-16 09:00:00,97.35000,97.39000,97.32000,97.37000
2025-01-16 10:00:00,97.38000,97.47000,97.37000,97.41000
2025-01-16 11:00:00,97.41000,97.69000,97.36000,97.44000
2025-01-16 12:00:00,97.42000,97.42000,96.73000,96.81000
2025-01-16 13:00:00,96.81000,96.89000,96.59000,96.80000
2025-01-16 14:00:00,96.79000,96.87000,96.70000,96.75
2025-01-16 15:00:00,96.75,96.80000,96.69000,96.78000
2025-01-16 16:00:00,96.77000,96.79000,96.66000,96.78000
2025-01-16 17:00:00,96.78000,96.97000,96.76000,96.92000
2025-01-16 18:00:00,96.91000,97.15000,96.88000,97.11000
2025-01-16 19:00:00,97.11000,97.14000,96.88000,96.95000
2025-01-16 20:00:00,96.94000,96.96000,96.69000,96.74000
2025-01-16 21:00:00,96.73000,96.80000,96.66000,96.71000
2025-01-16 22:00:00,96.71000,96.85000,96.67000,96.78000
2025-01-16 23:00:00,96.78000,96.84000,96.73000,96.78000
2025-01-17 00:00:00,96.78000,96.86000,96.74000,96.77000
2025-01-17 01:00:00,96.77000,96.93000,96.71000,96.90000
2025-01-17 02:00:00,96.90000,96.94000,96.63000,96.67000
2025-01-17 03:00:00,96.67000,96.73000,96.51000,96.68000
2025-01-17 04:00:00,96.68000,96.77000,96.52000,96.54000
2025-01-17 05:00:00,96.54000,96.58000,96.46000,96.53000
2025-01-17 06:00:00,96.52000,96.54000,96.42000,96.47000
2025-01-17 07:00:00,96.47000,96.48000,96.36000,96.37000
2025-01-17 08:00:00,96.37000,96.39000,96.33000,96.37000
2025-01-17 09:00:00,96.38000,96.44000,96.34000,96.39000
2025-01-17 10:00:00,96.39000,96.5,96.36000,96.48000
2025-01-17 11:00:00,96.48000,96.55000,96.26000,96.38000
2025-01-17 12:00:00,96.38000,96.48000,96.35000,96.42000
2025-01-17 13:00:00,96.42000,96.60000,96.40000,96.56000
2025-01-17 14:00:00,96.56000,96.60000,96.46000,96.59000
2025-01-17 15:00:00,96.58000,96.60000,96.30000,96.32000
2025-01-17 16:00:00,96.32000,96.54000,96.32000,96.49000
2025-01-17 17:00:00,96.49000,96.57000,96.43000,96.56000
2025-01-17 18:00:00,96.56000,96.64000,96.46000,96.60000
2025-01-17 19:00:00,96.61000,96.70000,96.51000,96.68000
2025-01-17 20:00:00,96.68000,96.72000,96.56000,96.60000
2025-01-17 21:00:00,96.60000,96.65000,96.54000,96.62000
2025-01-17 22:00:00,96.62000,96.64000,96.46000,96.5
2025-01-17 23:00:00,96.5,96.51000,96.29000,96.33000
2025-01-18 00:00:00,96.33000,96.33000,96.14000,96.18000
2025-01-18 01:00:00,96.18000,96.88000,96.070000,96.84000
2025-01-18 02:00:00,96.84000,97.11000,96.81000,97.080002
2025-01-18 03:00:00,97.080002,97.16000,97.010002,97.040001
2025-01-18 04:00:00,97.029999,97.050003,96.94000,96.95000
2025-01-18 05:00:00,96.95000,96.97000,96.83000,96.88000
2025-01-18 06:00:00,96.89000,96.90000,96.77000,96.80000
2025-01-18 07:00:00,96.80000,96.81000,96.72000,96.76000
2025-01-18 08:00:00,96.76000,96.81000,96.73000,96.78000
2025-01-20 09:00:00,96.87000,96.94000,96.86000,96.86000
2025-01-20 10:00:00,96.87000,96.97000,96.81000,96.87000
2025-01-20 11:00:00,96.88000,96.94000,96.74000,96.75
2025-01-20 12:00:00,96.75,96.82000,96.67000,96.80000
2025-01-20 13:00:00,96.81000,96.88000,96.77000,96.83000
2025-01-20 14:00:00,96.83000,96.85000,96.73000,96.83000
2025-01-20 15:00:00,96.83000,96.94000,96.83000,96.91000
2025-01-20 16:00:00,96.91000,96.95000,96.85000,96.87000
2025-01-20 17:00:00,96.87000,97.080002,96.79000,97.040001
2025-01-20 18:00:00,97.040001,97.099998,97.010002,97.059998
2025-01-20 19:00:00,97.059998,97.11000,96.93000,96.98000
2025-01-20 20:00:00,96.98000,96.99000,96.85000,96.89000
2025-01-20 21:00:00,96.89000,97.010002,96.89000,96.95000
2025-01-20 22:00:00,96.95000,97.070000,96.93000,97
2025-01-20 23:00:00,97.010002,97.099998,96.96000,97.080002
2025-01-21 00:00:00,97.080002,97.70000,97.019997,97.57000
2025-01-21 01:00:00,97.56000,97.72000,97.44000,97.63000
2025-01-21 02:00:00,97.62000,97.78000,97.38000,97.42000
2025-01-21 03:00:00,97.42000,97.52000,97.37000,97.44000
2025-01-21 04:00:00,97.44000,97.56000,97.23000,97.47000
2025-01-21 05:00:00,97.47000,97.52000,97.43000,97.5
2025-01-21 06:00:00,97.51000,97.68000,97.48000,97.65000
2025-01-21 07:00:00,97.65000,97.72000,97.57000,97.62000
2025-01-21 08:00:00,97.63000,97.67000,97.58000,97.60000
2025-01-21 09:00:00,97.56000,97.69000,97.54000,97.55000
2025-01-21 10:00:00,97.56000,97.66000,97.47000,97.52000
2025-01-21 11:00:00,97.53000,97.53000,96.95000,97.070000
2025-01-21 12:00:00,97.070000,97.38000,96.89000,96.92000
2025-01-21 13:00:00,96.93000,97,96.83000,96.89000
2025-01-21 14:00:00,96.89000,97.019997,96.85000,96.97000
2025-01-21 15:00:00,96.98000,96.98000,96.87000,96.88000
2025-01-21 16:00:00,96.88000,96.92000,96.78000,96.80000
2025-01-21 17:00:00,96.80000,96.99000,96.78000,96.94000
2025-01-21 18:00:00,96.93000,97.14000,96.89000,97.080002
2025-01-21 19:00:00,97.080002,97.14000,97,97.089996
2025-01-21 20:00:00,97.080002,97.17000,97.059998,97.16000
2025-01-21 21:00:00,97.16000,97.18000,97.019997,97.080002
2025-01-21 22:00:00,97.080002,97.080002,96.92000,96.96000
2025-01-21 23:00:00,96.97000,97.019997,96.91000,96.99000
2025-01-22 00:00:00,96.99000,97.040001,96.89000,97
2025-01-22 01:00:00,97.010002,97.24000,96.98000,97.18000
2025-01-22 02:00:00,97.18000,97.31000,97.15000,97.22000
2025-01-22 03:00:00,97.21000,97.5,97.20000,97.5
2025-01-22 04:00:00,97.5,97.56000,97.48000,97.51000
2025-01-22 05:00:00,97.5,97.57000,97.48000,97.53000
2025-01-22 06:00:00,97.53000,97.54000,97.43000,97.46000
2025-01-22 07:00:00,97.47000,97.53000,97.46000,97.51000
2025-01-22 08:00:00,97.51000,97.60000,97.5,97.55000
2025-01-22 09:00:00,97.57000,97.61000,97.49000,97.51000
2025-01-22 10:00:00,97.5,97.59000,97.43000,97.53000
2025-01-22 11:00:00,97.54000,97.60000,97.48000,97.53000
2025-01-22 12:00:00,97.53000,97.58000,97.47000,97.51000
2025-01-22 13:00:00,97.51000,97.62000,97.5,97.62000
2025-01-22 14:00:00,97.62000,97.70000,97.55000,97.68000
2025-01-22 15:00:00,97.68000,97.68000,97.59000,97.60000
2025-01-22 16:00:00,97.60000,97.67000,97.58000,97.63000
2025-01-22 17:00:00,97.63000,97.65000,97.47000,97.52000
2025-01-22 18:00:00,97.52000,97.68000,97.48000,97.67000
2025-01-22 19:00:00,97.67000,97.75,97.51000,97.69000
2025-01-22 20:00:00,97.69000,97.84000,97.69000,97.83000
2025-01-22 21:00:00,97.84000,98.019997,97.82000,97.93000
2025-01-22 22:00:00,97.93000,98.080002,97.90000,97.94000
2025-01-22 23:00:00,97.94000,98,97.89000,97.94000
2025-01-23 00:00:00,97.94000,98.050003,97.89000,97.95000
2025-01-23 01:00:00,97.94000,98.010002,97.83000,97.98000
2025-01-23 02:00:00,97.99000,98.11000,97.87000,98.099998
2025-01-23 03:00:00,98.099998,98.30000,98.010002,98.28000
2025-01-23 04:00:00,98.28000,98.33000,98.24000,98.31000
2025-01-23 05:00:00,98.31000,98.34000,98.23000,98.30000
2025-01-23 06:00:00,98.30000,98.32000,98.24000,98.27000
2025-01-23 07:00:00,98.27000,98.28000,98.20000,98.22000
2025-01-23 08:00:00,98.22000,98.22000,98.16000,98.21000
2025-01-23 09:00:00,98.17000,98.18000,98.070000,98.080002
2025-01-23 10:00:00,98.080002,98.15000,98.019997,98.12000
2025-01-23 11:00:00,98.13000,98.14000,98.050003,98.099998
2025-01-23 12:00:00,98.099998,98.25,98.059998,98.20000
2025-01-23 13:00:00,98.20000,98.24000,98.099998,98.14000
2025-01-23 14:00:00,98.14000,98.21000,98.13000,98.17000
2025-01-23 15:00:00,98.17000,98.26000,98.16000,98.25
2025-01-23 16:00:00,98.25,98.32000,98.24000,98.27000
2025-01-23 17:00:00,98.27000,98.30000,98.080002,98.12000
2025-01-23 18:00:00,98.11000,98.20000,98.040001,98.14000
2025-01-23 19:00:00,98.14000,98.15000,97.87000,97.88000
2025-01-23 20:00:00,97.89000,97.98000,97.88000,97.95000
2025-01-23 21:00:00,97.95000,98.010002,97.86000,97.99000
2025-01-23 22:00:00,97.99000,98.13000,97.98000,98.070000
2025-01-23 23:00:00,98.059998,98.070000,97.99000,98.040001
2025-01-24 00:00:00,98.040001,98.059998,97.91000,97.97000
2025-01-24 01:00:00,97.97000,98.12000,97.96000,98.059998
2025-01-24 02:00:00,98.059998,98.12000,97.93000,97.95000
2025-01-24 03:00:00,97.94000,98.13000,97.81000,98.059998
2025-01-24 04:00:00,98.059998,98.21000,98.040001,98.18000
2025-01-24 05:00:00,98.18000,98.18000,98.050003,98.080002
2025-01-24 06:00:00,98.070000,98.080002,97.94000,97.97000
2025-01-24 07:00:00,97.96000,98.050003,97.94000,98.019997
2025-01-24 08:00:00,98.019997,98.080002,98.019997,98.059998
2025-01-24 09:00:00,98.080002,98.11000,98.040001,98.050003
2025-01-24 10:00:00,98.050003,98.11000,97.99000,98.089996
2025-01-24 11:00:00,98.089996,98.17000,98,98.16000
2025-01-24 12:00:00,98.16000,98.20000,98.070000,98.20000
2025-01-24 13:00:00,98.21000,98.57000,98.20000,98.54000
2025-01-24 14:00:00,98.54000,98.65000,98.080002,98.24000
2025-01-24 15:00:00,98.24000,98.26000,97.88000,98.010002
2025-01-24 16:00:00,98.010002,98.26000,97.97000,98.23000
2025-01-24 17:00:00,98.24000,98.46000,97.96000,98.19000
2025-01-24 18:00:00,98.19000,98.29000,98.050003,98.099998
2025-01-24 19:00:00,98.099998,98.23000,97.93000,98.22000
2025-01-24 20:00:00,98.22000,98.40000,98.11000,98.37000
2025-01-24 21:00:00,98.37000,98.57000,98.35000,98.52000
2025-01-24 22:00:00,98.52000,98.62000,98.45000,98.55000
2025-01-24 23:00:00,98.54000,98.71000,98.54000,98.71000
2025-01-25 00:00:00,98.71000,98.77000,98.52000,98.56000
2025-01-25 01:00:00,98.55000,98.71000,98.47000,98.62000
2025-01-25 02:00:00,98.64000,98.66000,98.32000,98.47000
2025-01-25 03:00:00,98.46000,98.47000,98.31000,98.34000
2025-01-25 04:00:00,98.34000,98.46000,98.30000,98.41000
2025-01-25 05:00:00,98.41000,98.52000,98.39000,98.45000
2025-01-25 06:00:00,98.45000,98.47000,98.33000,98.37000
2025-01-25 07:00:00,98.37000,98.44000,98.36000,98.42000
2025-01-25 08:00:00,98.42000,98.49000,98.41000,98.46000
2025-01-27 09:00:00,98.16000,98.22000,98.15000,98.16000
2025-01-27 10:00:00,98.19000,98.20000,97.91000,98
2025-01-27 11:00:00,98.010002,98.050003,97.83000,97.90000
2025-01-27 12:00:00,97.90000,98.010002,97.71000,97.77000
2025-01-27 13:00:00,97.77000,97.87000,97.72000,97.85000
2025-01-27 14:00:00,97.85000,98.11000,97.84000,98.089996
2025-01-27 15:00:00,98.099998,98.19000,98.050003,98.16000
2025-01-27 16:00:00,98.16000,98.18000,98.059998,98.18000
2025-01-27 17:00:00,98.18000,98.25,98.040001,98.040001
2025-01-27 18:00:00,98.040001,98.050003,97.84000,97.87000
2025-01-27 19:00:00,97.87000,97.89000,97.52000,97.64000
2025-01-27 20:00:00,97.64000,97.67000,97.23000,97.29000
2025-01-27 21:00:00,97.29000,97.29000,96.84000,96.97000
2025-01-27 22:00:00,96.96000,97.070000,96.82000,97
2025-01-27 23:00:00,96.99000,97.25,96.98000,97.11000
2025-01-28 00:00:00,97.099998,97.19000,96.99000,97.040001
2025-01-28 01:00:00,97.040001,97.070000,96.83000,97.040001
2025-01-28 02:00:00,97.040001,97.089996,96.90000,97
2025-01-28 03:00:00,97,97.010002,96.77000,96.82000
2025-01-28 04:00:00,96.82000,96.95000,96.81000,96.85000
2025-01-28 05:00:00,96.85000,97.050003,96.83000,96.96000
2025-01-28 06:00:00,96.96000,97.21000,96.96000,97.12000
2025-01-28 07:00:00,97.12000,97.27000,97.089996,97.25
2025-01-28 08:00:00,97.25,97.33000,97.11000,97.11000
2025-01-28 09:00:00,97.20000,97.27000,97.19000,97.25
2025-01-28 10:00:00,97.26000,97.28000,96.94000,96.96000
2025-01-28 11:00:00,96.97000,97.21000,96.95000,97.21000
2025-01-28 12:00:00,97.21000,97.51000,97.21000,97.31000
2025-01-28 13:00:00,97.30000,97.45000,97.26000,97.35000
2025-01-28 14:00:00,97.34000,97.46000,97.25,97.36000
2025-01-28 15:00:00,97.36000,97.45000,97.30000,97.40000
2025-01-28 16:00:00,97.40000,97.43000,97.31000,97.36000
2025-01-28 17:00:00,97.36000,97.41000,97.24000,97.37000
2025-01-28 18:00:00,97.35000,97.49000,97.31000,97.44000
2025-01-28 19:00:00,97.45000,97.47000,97.17000,97.33000
2025-01-28 20:00:00,97.33000,97.46000,97.13000,97.21000
2025-01-28 21:00:00,97.21000,97.27000,97.050003,97.13000
2025-01-28 22:00:00,97.14000,97.16000,97,97.099998
2025-01-28 23:00:00,97.099998,97.12000,96.88000,96.91000
2025-01-29 00:00:00,96.92000,97.050003,96.89000,97.019997
2025-01-29 01:00:00,97.019997,97.20000,96.84000,96.98000
2025-01-29 02:00:00,96.97000,97.29000,96.96000,97.23000
2025-01-29 03:00:00,97.23000,97.31000,97.16000,97.21000
2025-01-29 04:00:00,97.21000,97.25,97.18000,97.22000
2025-01-29 05:00:00,97.22000,97.29000,97.18000,97.27000
2025-01-29 06:00:00,97.27000,97.32000,97.20000,97.28000
2025-01-29 07:00:00,97.28000,97.32000,97.24000,97.27000
2025-01-29 08:00:00,97.26000,97.28000,97.22000,97.22000
2025-01-29 09:00:00,97.23000,97.29000,97.20000,97.27000
2025-01-29 10:00:00,97.28000,97.30000,97.24000,97.25
2025-01-29 11:00:00,97.26000,97.34000,96.85000,97.010002
2025-01-29 12:00:00,97.010002,97.089996,96.94000,97.040001
2025-01-29 13:00:00,97.040001,97.16000,97.029999,97.040001
2025-01-29 14:00:00,97.040001,97.040001,96.83000,96.90000
2025-01-29 15:00:00,96.89000,96.93000,96.81000,96.86000
2025-01-29 16:00:00,96.86000,96.95000,96.80000,96.82000
2025-01-29 17:00:00,96.82000,97.050003,96.82000,96.93000
2025-01-29 18:00:00,96.94000,96.97000,96.81000,96.85000
2025-01-29 19:00:00,96.86000,96.89000,96.71000,96.76000
2025-01-29 20:00:00,96.76000,96.81000,96.69000,96.72000
2025-01-29 21:00:00,96.72000,96.78000,96.71000,96.76000
2025-01-29 22:00:00,96.77000,96.80000,96.74000,96.77000
2025-01-29 23:00:00,96.76000,96.77000,96.66000,96.69000
2025-01-30 00:00:00,96.69000,96.70000,96.48000,96.58000
2025-01-30 01:00:00,96.57000,96.66000,96.51000,96.54000
2025-01-30 02:00:00,96.54000,96.64000,96.49000,96.53000
2025-01-30 03:00:00,96.53000,96.65000,96.53000,96.65000
2025-01-30 04:00:00,96.65000,96.77000,96.60000,96.61000
2025-01-30 05:00:00,96.62000,96.71000,96.56000,96.70000
2025-01-30 06:00:00,96.71000,96.87000,96.60000,96.74000
2025-01-30 07:00:00,96.74000,96.83000,96.70000,96.76000
2025-01-30 08:00:00,96.77000,96.79000,96.68000,96.73000
2025-01-30 09:00:00,96.66000,96.76000,96.64000,96.74000
2025-01-30 10:00:00,96.74000,96.84000,96.70000,96.82000
2025-01-30 11:00:00,96.82000,96.83000,96.51000,96.52000
2025-01-30 12:00:00,96.52000,96.52000,96.34000,96.47000
2025-01-30 13:00:00,96.47000,96.48000,96.23000,96.26000
2025-01-30 14:00:00,96.26000,96.34000,96.21000,96.30000
2025-01-30 15:00:00,96.30000,96.33000,96.21000,96.23000
2025-01-30 16:00:00,96.23000,96.25,96.059998,96.089996
2025-01-30 17:00:00,96.089996,96.19000,95.99000,96.050003
2025-01-30 18:00:00,96.050003,96.21000,95.98000,96.14000
2025-01-30 19:00:00,96.20000,96.35000,96.14000,96.30000
2025-01-30 20:00:00,96.30000,96.31000,96.16000,96.18000
2025-01-30 21:00:00,96.18000,96.22000,96.12000,96.19000
2025-01-30 22:00:00,96.19000,96.26000,96.14000,96.26000
2025-01-30 23:00:00,96.26000,96.27000,95.98000,96
2025-01-31 00:00:00,96,96.019997,95.86000,95.96000
2025-01-31 01:00:00,95.95000,96.14000,95.93000,95.96000
2025-01-31 02:00:00,95.95000,96.099998,95.85000,96.080002
2025-01-31 03:00:00,96.080002,96.27000,96.050003,96.23000
2025-01-31 04:00:00,96.23000,96.23000,96.050003,96.13000
2025-01-31 05:00:00,96.13000,96.31000,96.13000,96.27000
2025-01-31 06:00:00,96.27000,96.27000,96.13000,96.13000
2025-01-31 07:00:00,96.13000,96.16000,95.70000,95.91000
2025-01-31 08:00:00,95.91000,95.97000,95.69000,95.82000
2025-01-31 09:00:00,95.75,95.79000,95.68000,95.71000
2025-01-31 10:00:00,95.72000,95.97000,95.72000,95.75
2025-01-31 11:00:00,95.76000,95.87000,95.73000,95.77000
2025-01-31 12:00:00,95.76000,95.80000,95.62000,95.76000
2025-01-31 13:00:00,95.76000,95.95000,95.67000,95.92000
2025-01-31 14:00:00,95.92000,96.059998,95.87000,96.010002
2025-01-31 15:00:00,96.010002,96.14000,95.97000,96.13000
2025-01-31 16:00:00,96.13000,96.35000,96.13000,96.28000
2025-01-31 17:00:00,96.28000,96.44000,96.26000,96.34000
2025-01-31 18:00:00,96.33000,96.46000,96.28000,96.42000
2025-01-31 19:00:00,96.42000,96.47000,96.18000,96.19000
2025-01-31 20:00:00,96.15000,96.29000,96.12000,96.29000
2025-01-31 21:00:00,96.29000,96.31000,96.14000,96.14000
2025-01-31 22:00:00,96.14000,96.21000,96.040001,96.20000
2025-01-31 23:00:00,96.20000,96.28000,96.18000,96.25
2025-02-01 00:00:00,96.24000,96.40000,96.24000,96.29000
2025-02-01 01:00:00,96.29000,96.30000,96.11000,96.14000
2025-02-01 02:00:00,96.14000,96.62000,96.12000,96.57000
2025-02-01 03:00:00,96.57000,96.77000,96.53000,96.67000
2025-02-01 04:00:00,96.68000,96.93000,96.59000,96.82000
2025-02-01 05:00:00,96.81000,96.87000,96.38000,96.48000
2025-02-01 06:00:00,96.48000,96.49000,96.27000,96.42000
2025-02-01 07:00:00,96.41000,96.53000,96.36000,96.37000
2025-02-01 08:00:00,96.37000,96.46000,96.26000,96.43000
2025-02-03 09:00:00,95.29000,95.65000,95.27000,95.41000
2025-02-03 10:00:00,95.41000,95.65000,95.31000,95.42000
2025-02-03 11:00:00,95.41000,95.68000,95.16000,95.27000
2025-02-03 12:00:00,95.26000,95.57000,95.20000,95.23000
2025-02-03 13:00:00,95.23000,95.24000,94.69000,94.82000
2025-02-03 14:00:00,94.82000,94.94000,94.73000,94.92000
2025-02-03 15:00:00,94.92000,95.32000,94.91000,95.24000
2025-02-03 16:00:00,95.24000,95.27000,95.099998,95.23000
2025-02-03 17:00:00,95.23000,95.42000,95.18000,95.37000
2025-02-03 18:00:00,95.37000,95.60000,95.37000,95.48000
2025-02-03 19:00:00,95.48000,95.63000,95.39000,95.44000
2025-02-03 20:00:00,95.45000,95.47000,95.18000,95.20000
2025-02-03 21:00:00,95.20000,95.37000,95.18000,95.22000
2025-02-03 22:00:00,95.22000,95.24000,94.92000,95.050003
2025-02-03 23:00:00,95.059998,95.14000,94.98000,95.13000
2025-02-04 00:00:00,95.13000,95.37000,95.11000,95.27000
2025-02-04 01:00:00,95.27000,95.31000,94.97000,95.050003
2025-02-04 02:00:00,95.059998,95.90000,94.62000,95.85000
2025-02-04 03:00:00,95.85000,95.93000,95.52000,95.53000
2025-02-04 04:00:00,95.53000,95.71000,95.30000,95.56000
2025-02-04 05:00:00,95.56000,95.76000,95.45000,95.73000
2025-02-04 06:00:00,95.73000,95.88000,95.71000,95.77000
2025-02-04 07:00:00,95.77000,95.80000,95.66000,95.68000
2025-02-04 08:00:00,95.69000,96.46000,95.65000,96.20000
2025-02-04 09:00:00,96.33000,96.45000,96.27000,96.36000
2025-02-04 10:00:00,96.37000,96.64000,96.37000,96.54000
2025-02-04 11:00:00,96.54000,96.62000,96.40000,96.46000
2025-02-04 12:00:00,96.46000,96.46000,96.23000,96.30000
2025-02-04 13:00:00,96.31000,96.43000,96.26000,96.38000
2025-02-04 14:00:00,96.38000,96.38000,96.26000,96.27000
2025-02-04 15:00:00,96.27000,96.30000,96.17000,96.19000
2025-02-04 16:00:00,96.19000,96.19000,95.58000,96.029999
2025-02-04 17:00:00,96.029999,96.23000,96.010002,96.23000
2025-02-04 18:00:00,96.21000,96.43000,96.17000,96.41000
2025-02-04 19:00:00,96.41000,96.5,96.17000,96.30000
2025-02-04 20:00:00,96.30000,96.44000,96.23000,96.42000
2025-02-04 21:00:00,96.41000,96.51000,96.35000,96.5
2025-02-04 22:00:00,96.49000,96.52000,96.38000,96.40000
2025-02-04 23:00:00,96.40000,96.47000,96.39000,96.45000
2025-02-05 00:00:00,96.45000,96.59000,96.45000,96.52000
2025-02-05 01:00:00,96.52000,96.59000,96.40000,96.57000
2025-02-05 02:00:00,96.59000,96.70000,96.40000,96.65000
2025-02-05 03:00:00,96.65000,96.76000,96.60000,96.67000
2025-02-05 04:00:00,96.68000,96.70000,96.39000,96.46000
2025-02-05 05:00:00,96.45000,96.58000,96.42000,96.53000
2025-02-05 06:00:00,96.54000,96.60000,96.5,96.59000
2025-02-05 07:00:00,96.59000,96.59000,96.53000,96.58000
2025-02-05 08:00:00,96.58000,96.60000,96.52000,96.54000
2025-02-05 09:00:00,96.52000,96.56000,96.46000,96.54000
2025-02-05 10:00:00,96.54000,96.61000,96.33000,96.33000
2025-02-05 11:00:00,96.33000,96.47000,96.20000,96.21000
2025-02-05 12:00:00,96.22000,96.22000,95.87000,95.90000
2025-02-05 13:00:00,95.90000,95.93000,95.72000,95.90000
2025-02-05 14:00:00,95.90000,95.96000,95.75,95.77000
2025-02-05 15:00:00,95.77000,95.85000,95.70000,95.83000
2025-02-05 16:00:00,95.83000,95.97000,95.81000,95.93000
2025-02-05 17:00:00,95.93000,96.010002,95.81000,95.82000
2025-02-05 18:00:00,95.82000,96.15000,95.77000,96.12000
2025-02-05 19:00:00,96.13000,96.26000,96.019997,96.12000
2025-02-05 20:00:00,96.12000,96.21000,95.92000,95.97000
2025-02-05 21:00:00,95.96000,96,95.86000,95.96000
2025-02-05 22:00:00,95.96000,96.040001,95.93000,96.029999
2025-02-05 23:00:00,96.040001,96.089996,95.95000,96.040001
2025-02-06 00:00:00,96.040001,96.15000,96.010002,96.080002
2025-02-06 01:00:00,96.080002,96.22000,95.95000,95.98000
2025-02-06 02:00:00,95.94000,95.99000,95.69000,95.76000
2025-02-06 03:00:00,95.76000,95.89000,95.72000,95.88000
2025-02-06 04:00:00,95.87000,95.94000,95.79000,95.82000
2025-02-06 05:00:00,95.82000,95.88000,95.78000,95.79000
2025-02-06 06:00:00,95.79000,95.89000,95.79000,95.87000
2025-02-06 07:00:00,95.87000,96.019997,95.87000,96
2025-02-06 08:00:00,96,96.010002,95.90000,95.93000
2025-02-06 09:00:00,95.90000,95.91000,95.83000,95.84000
2025-02-06 10:00:00,95.83000,95.98000,95.81000,95.93000
2025-02-06 11:00:00,95.92000,95.96000,95.69000,95.70000
2025-02-06 12:00:00,95.69000,95.73000,95.40000,95.55000
2025-02-06 13:00:00,95.54000,95.56000,95.44000,95.52000
2025-02-06 14:00:00,95.53000,95.54000,95.28000,95.36000
2025-02-06 15:00:00,95.37000,95.44000,95.34000,95.41000
2025-02-06 16:00:00,95.41000,95.59000,95.36000,95.45000
2025-02-06 17:00:00,95.45000,95.66000,95.45000,95.62000
2025-02-06 18:00:00,95.62000,95.69000,95.51000,95.56000
2025-02-06 19:00:00,95.56000,95.58000,95.46000,95.55000
2025-02-06 20:00:00,95.54000,95.67000,95.48000,95.59000
2025-02-06 21:00:00,95.59000,95.63000,95.52000,95.55000
2025-02-06 22:00:00,95.55000,95.57000,95.48000,95.5
2025-02-06 23:00:00,95.5,95.52000,95.43000,95.48000
2025-02-07 00:00:00,95.48000,95.53000,95.20000,95.26000
2025-02-07 01:00:00,95.26000,95.36000,95.21000,95.26000
2025-02-07 02:00:00,95.25,95.38000,95.20000,95.26000
2025-02-07 03:00:00,95.26000,95.47000,95.25,95.44000
2025-02-07 04:00:00,95.44000,95.5,95.40000,95.46000
2025-02-07 05:00:00,95.46000,95.47000,95.099998,95.11000
2025-02-07 06:00:00,95.099998,95.13000,94.97000,95.089996
2025-02-07 07:00:00,95.080002,95.25,95.080002,95.25
2025-02-07 08:00:00,95.25,95.25,95.16000,95.17000
2025-02-07 09:00:00,95.059998,95.17000,95.050003,95.12000
2025-02-07 10:00:00,95.13000,95.15000,94.95000,94.96000
2025-02-07 11:00:00,94.95000,95.059998,94.85000,95.019997
2025-02-07 12:00:00,95.019997,95.37000,95.010002,95.34000
2025-02-07 13:00:00,95.35000,95.53000,95.33000,95.39000
2025-02-07 14:00:00,95.39000,95.40000,95.28000,95.31000
2025-02-07 15:00:00,95.31000,95.34000,95.25,95.31000
2025-02-07 16:00:00,95.31000,95.37000,95.27000,95.28000
2025-02-07 17:00:00,95.28000,95.41000,95.18000,95.41000
2025-02-07 18:00:00,95.40000,95.51000,95.39000,95.45000
2025-02-07 19:00:00,95.46000,95.59000,95.42000,95.54000
2025-02-07 20:00:00,95.54000,95.59000,95.51000,95.56000
2025-02-07 21:00:00,95.56000,95.68000,95.55000,95.62000
2025-02-07 22:00:00,95.62000,95.63000,95.55000,95.59000
2025-02-07 23:00:00,95.58000,95.61000,95.45000,95.46000
2025-02-08 00:00:00,95.46000,95.61000,95.29000,95.38000
2025-02-08 01:00:00,95.38000,95.52000,95.29000,95.38000
2025-02-08 02:00:00,95.38000,95.42000,94.79000,94.99000
2025-02-08 03:00:00,95,95.019997,94.5,94.74000
2025-02-08 04:00:00,94.74000,95.099998,94.71000,95.070000
2025-02-08 05:00:00,95.070000,95.19000,94.88000,94.91000
2025-02-08 06:00:00,94.91000,95.070000,94.85000,94.96000
2025-02-08 07:00:00,94.95000,94.96000,94.85000,94.88000
2025-02-08 08:00:00,94.88000,95.010002,94.87000,95.010002
2025-02-10 09:00:00,94.48000,94.72000,94.39000,94.69000
2025-02-10 10:00:00,94.70000,95.059998,94.69000,95.040001
2025-02-10 11:00:00,95.040001,95.16000,94.97000,95.14000
2025-02-10 12:00:00,95.15000,95.26000,95.070000,95.080002
2025-02-10 13:00:00,95.080002,95.22000,95.040001,95.20000
2025-02-10 14:00:00,95.20000,95.27000,95.15000,95.23000
2025-02-10 15:00:00,95.23000,95.30000,95.20000,95.26000
2025-02-10 16:00:00,95.27000,95.42000,95.27000,95.30000
2025-02-10 17:00:00,95.30000,95.36000,95.20000,95.35000
2025-02-10 18:00:00,95.36000,95.47000,95.31000,95.46000
2025-02-10 19:00:00,95.46000,95.65000,95.41000,95.59000
2025-02-10 20:00:00,95.59000,95.68000,95.52000,95.56000
2025-02-10 21:00:00,95.55000,95.64000,95.51000,95.51000
2025-02-10 22:00:00,95.51000,95.58000,95.43000,95.44000
2025-02-10 23:00:00,95.43000,95.48000,95.37000,95.38000
2025-02-11 00:00:00,95.38000,95.45000,95.34000,95.41000
2025-02-11 01:00:00,95.41000,95.41000,95.21000,95.25
2025-02-11 02:00:00,95.24000,95.36000,95.23000,95.27000
2025-02-11 03:00:00,95.28000,95.32000,95.19000,95.25
2025-02-11 04:00:00,95.25,95.33000,95.25,95.32000
2025-02-11 05:00:00,95.32000,95.47000,95.30000,95.43000
2025-02-11 06:00:00,95.43000,95.49000,95.41000,95.44000
2025-02-11 07:00:00,95.44000,95.47000,95.40000,95.40000
2025-02-11 08:00:00,95.41000,95.44000,95.35000,95.35000
2025-02-11 09:00:00,95.44000,95.51000,95.30000,95.39000
2025-02-11 10:00:00,95.39000,95.44000,95.13000,95.18000
2025-02-11 11:00:00,95.18000,95.27000,95.080002,95.24000
2025-02-11 12:00:00,95.23000,95.39000,95.22000,95.35000
2025-02-11 13:00:00,95.35000,95.38000,95.15000,95.18000
2025-02-11 14:00:00,95.18000,95.29000,95.13000,95.28000
2025-02-11 15:00:00,95.28000,95.37000,95.28000,95.35000
2025-02-11 16:00:00,95.35000,95.39000,95.34000,95.36000
2025-02-11 17:00:00,95.36000,95.47000,95.29000,95.40000
2025-02-11 18:00:00,95.40000,95.51000,95.33000,95.42000
2025-02-11 19:00:00,95.42000,95.56000,95.32000,95.41000
2025-02-11 20:00:00,95.40000,95.46000,95.37000,95.38000
2025-02-11 21:00:00,95.37000,95.53000,95.36000,95.39000
2025-02-11 22:00:00,95.39000,95.61000,95.39000,95.58000
2025-02-11 23:00:00,95.58000,95.75,95.5,95.72000
2025-02-12 00:00:00,95.72000,95.72000,95.63000,95.63000
2025-02-12 01:00:00,95.63000,95.84000,95.60000,95.72000
2025-02-12 02:00:00,95.73000,95.95000,95.68000,95.89000
2025-02-12 03:00:00,95.89000,95.92000,95.84000,95.89000
2025-02-12 04:00:00,95.88000,95.92000,95.83000,95.86000
2025-02-12 05:00:00,95.86000,95.93000,95.83000,95.86000
2025-02-12 06:00:00,95.86000,96,95.85000,95.97000
2025-02-12 07:00:00,95.97000,96.11000,95.96000,96.070000
2025-02-12 08:00:00,96.070000,96.070000,95.95000,95.99000
2025-02-12 09:00:00,95.95000,96.010002,95.88000,95.95000
2025-02-12 10:00:00,95.95000,96.20000,95.95000,96.20000
2025-02-12 11:00:00,96.19000,96.45000,96.15000,96.42000
2025-02-12 12:00:00,96.42000,96.71000,96.27000,96.70000
2025-02-12 13:00:00,96.71000,96.84000,96.67000,96.76000
2025-02-12 14:00:00,96.76000,96.87000,96.69000,96.78000
2025-02-12 15:00:00,96.78000,96.85000,96.66000,96.67000
2025-02-12 16:00:00,96.67000,96.67000,96.60000,96.61000
2025-02-12 17:00:00,96.61000,96.72000,96.59000,96.61000
2025-02-12 18:00:00,96.61000,96.68000,96.46000,96.64000
2025-02-12 19:00:00,96.64000,96.78000,96.41000,96.45000
2025-02-12 20:00:00,96.46000,96.46000,96.32000,96.38000
2025-02-12 21:00:00,96.38000,96.48000,96.35000,96.41000
2025-02-12 22:00:00,96.41000,96.47000,96.38000,96.41000
2025-02-12 23:00:00,96.41000,96.47000,96.33000,96.42000
2025-02-13 00:00:00,96.41000,96.55000,96.24000,96.42000
2025-02-13 01:00:00,96.41000,96.64000,96.25,96.63000
2025-02-13 02:00:00,96.64000,96.96000,96.59000,96.91000
2025-02-13 03:00:00,96.91000,97.17000,96.84000,97.16000
2025-02-13 04:00:00,97.17000,97.33000,97.12000,97.29000
2025-02-13 05:00:00,97.29000,97.32000,97.019997,97.040001
2025-02-13 06:00:00,97.040001,97.099998,97.010002,97.070000
2025-02-13 07:00:00,97.080002,97.089996,97.010002,97.050003
2025-02-13 08:00:00,97.050003,97.059998,96.91000,96.96000
2025-02-13 09:00:00,96.95000,96.97000,96.88000,96.92000
2025-02-13 10:00:00,96.92000,96.99000,96.85000,96.89000
2025-02-13 11:00:00,96.88000,97.059998,96.82000,97.040001
2025-02-13 12:00:00,97.040001,97.089996,96.89000,96.91000
2025-02-13 13:00:00,96.91000,96.94000,96.80000,96.81000
2025-02-13 14:00:00,96.81000,97.019997,96.81000,97.010002
2025-02-13 15:00:00,97.010002,97.28000,97.010002,97.16000
2025-02-13 16:00:00,97.16000,97.24000,97.019997,97.070000
2025-02-13 17:00:00,97.080002,97.099998,96.85000,96.86000
2025-02-13 18:00:00,96.88000,96.95000,96.82000,96.95000
2025-02-13 19:00:00,96.94000,96.95000,96.55000,96.56000
2025-02-13 20:00:00,96.56000,96.56000,96.44000,96.51000
2025-02-13 21:00:00,96.51000,96.57000,96.38000,96.39000
2025-02-13 22:00:00,96.39000,96.45000,96.24000,96.36000
2025-02-13 23:00:00,96.36000,96.37000,96.23000,96.32000
2025-02-14 00:00:00,96.32000,96.39000,96.099998,96.15000
2025-02-14 01:00:00,96.15000,96.26000,96,96.26000
2025-02-14 02:00:00,96.27000,96.64000,96.26000,96.44000
2025-02-14 03:00:00,96.44000,96.46000,96.32000,96.37000
2025-02-14 04:00:00,96.37000,96.42000,96.30000,96.32000
2025-02-14 05:00:00,96.32000,96.43000,96.12000,96.38000
2025-02-14 06:00:00,96.38000,96.46000,96.31000,96.38000
2025-02-14 07:00:00,96.39000,96.56000,96.38000,96.53000
2025-02-14 08:00:00,96.53000,96.56000,96.5,96.54000
2025-02-14 09:00:00,96.57000,96.62000,96.49000,96.55000
2025-02-14 10:00:00,96.53000,96.70000,96.52000,96.63000
2025-02-14 11:00:00,96.65000,96.65000,96.33000,96.38000
2025-02-14 12:00:00,96.37000,96.51000,96.34000,96.46000
2025-02-14 13:00:00,96.47000,96.72000,96.43000,96.67000
2025-02-14 14:00:00,96.67000,96.74000,96.63000,96.64000
2025-02-14 15:00:00,96.64000,96.68000,96.47000,96.47000
2025-02-14 16:00:00,96.47000,96.51000,96.39000,96.44000
2025-02-14 17:00:00,96.44000,96.52000,96.39000,96.41000
2025-02-14 18:00:00,96.39000,96.67000,96.38000,96.65000
2025-02-14 19:00:00,96.66000,96.79000,96.58000,96.75
2025-02-14 20:00:00,96.74000,96.89000,96.69000,96.71000
2025-02-14 21:00:00,96.71000,96.74000,96.60000,96.60000
2025-02-14 22:00:00,96.60000,96.81000,96.58000,96.81000
2025-02-14 23:00:00,96.81000,96.90000,96.74000,96.89000
2025-02-15 00:00:00,96.89000,96.99000,96.62000,96.69000
2025-02-15 01:00:00,96.69000,96.92000,96.68000,96.91000
2025-02-15 02:00:00,96.91000,96.92000,96.73000,96.80000
2025-02-15 03:00:00,96.80000,96.84000,96.63000,96.80000
2025-02-15 04:00:00,96.80000,96.88000,96.75,96.85000
2025-02-15 05:00:00,96.85000,96.88000,96.80000,96.82000
2025-02-15 06:00:00,96.82000,96.85000,96.74000,96.79000
2025-02-15 07:00:00,96.78000,96.86000,96.77000,96.82000
2025-02-15 08:00:00,96.82000,96.82000,96.73000,96.75
2025-02-17 09:00:00,96.60000,96.75,96.60000,96.69000
2025-02-17 10:00:00,96.69000,96.84000,96.59000,96.62000
2025-02-17 11:00:00,96.63000,96.70000,96.49000,96.54000
2025-02-17 12:00:00,96.54000,96.74000,96.45000,96.74000
2025-02-17 13:00:00,96.73000,96.74000,96.38000,96.44000
2025-02-17 14:00:00,96.44000,96.54000,96.43000,96.51000
2025-02-17 15:00:00,96.51000,96.63000,96.49000,96.58000
2025-02-17 16:00:00,96.58000,96.65000,96.47000,96.49000
2025-02-17 17:00:00,96.49000,96.71000,96.48000,96.62000
2025-02-17 18:00:00,96.62000,96.65000,96.53000,96.63000
2025-02-17 19:00:00,96.63000,96.66000,96.5,96.51000
2025-02-17 20:00:00,96.51000,96.66000,96.49000,96.66000
2025-02-17 21:00:00,96.66000,96.67000,96.47000,96.51000
2025-02-17 22:00:00,96.51000,96.56000,96.43000,96.45000
2025-02-17 23:00:00,96.46000,96.46000,96.34000,96.40000
2025-02-18 00:00:00,96.41000,96.45000,96.38000,96.42000
2025-02-18 01:00:00,96.42000,96.45000,96.38000,96.44000
2025-02-18 02:00:00,96.44000,96.47000,96.32000,96.35000
2025-02-18 03:00:00,96.35000,96.43000,96.33000,96.39000
2025-02-18 04:00:00,96.39000,96.40000,96.35000,96.36000
2025-02-18 05:00:00,96.35000,96.37000,96.28000,96.28000
2025-02-18 06:00:00,96.27000,96.28000,96.21000,96.28000
2025-02-18 07:00:00,96.28000,96.32000,96.27000,96.31000
2025-02-18 08:00:00,96.31000,96.34000,96.29000,96.31000
2025-02-18 09:00:00,96.27000,96.34000,96.24000,96.26000
2025-02-18 10:00:00,96.25,96.31000,96.070000,96.25
2025-02-18 11:00:00,96.25,96.36000,96.21000,96.29000
2025-02-18 12:00:00,96.29000,96.30000,96.13000,96.21000
2025-02-18 13:00:00,96.21000,96.43000,96.19000,96.36000
2025-02-18 14:00:00,96.36000,96.72000,96.21000,96.58000
2025-02-18 15:00:00,96.59000,96.79000,96.40000,96.66000
2025-02-18 16:00:00,96.67000,96.70000,96.58000,96.62000
2025-02-18 17:00:00,96.62000,96.70000,96.47000,96.59000
2025-02-18 18:00:00,96.59000,96.66000,96.52000,96.63000
2025-02-18 19:00:00,96.63000,96.69000,96.56000,96.57000
2025-02-18 20:00:00,96.57000,96.61000,96.53000,96.58000
2025-02-18 21:00:00,96.58000,96.58000,96.44000,96.45000
2025-02-18 22:00:00,96.45000,96.51000,96.45000,96.5
2025-02-18 23:00:00,96.49000,96.57000,96.28000,96.29000
2025-02-19 00:00:00,96.29000,96.31000,96.19000,96.23000
2025-02-19 01:00:00,96.23000,96.40000,96.19000,96.37000
2025-02-19 02:00:00,96.38000,96.40000,96.26000,96.34000
2025-02-19 03:00:00,96.33000,96.45000,96.33000,96.42000
2025-02-19 04:00:00,96.42000,96.44000,96.37000,96.42000
2025-02-19 05:00:00,96.42000,96.47000,96.39000,96.47000
2025-02-19 06:00:00,96.47000,96.49000,96.42000,96.46000
2025-02-19 07:00:00,96.46000,96.57000,96.45000,96.57000
2025-02-19 08:00:00,96.57000,96.64000,96.55000,96.56000
2025-02-19 09:00:00,96.58000,96.64000,96.54000,96.62000
2025-02-19 10:00:00,96.62000,96.64000,96.5,96.51000
2025-02-19 11:00:00,96.51000,96.59000,96.40000,96.53000
2025-02-19 12:00:00,96.53000,96.63000,96.28000,96.62000
2025-02-19 13:00:00,96.62000,96.77000,96.52000,96.73000
2025-02-19 14:00:00,96.74000,96.75,96.62000,96.64000
2025-02-19 15:00:00,96.64000,96.65000,96.54000,96.57000
2025-02-19 16:00:00,96.57000,96.65000,96.55000,96.63000
2025-02-19 17:00:00,96.62000,96.64000,96.5,96.53000
2025-02-19 18:00:00,96.53000,96.59000,96.48000,96.51000
2025-02-19 19:00:00,96.51000,96.61000,96.47000,96.49000
2025-02-19 20:00:00,96.49000,96.55000,96.39000,96.41000
2025-02-19 21:00:00,96.41000,96.5,96.37000,96.39000
2025-02-19 22:00:00,96.40000,96.47000,96.35000,96.39000
2025-02-19 23:00:00,96.39000,96.51000,96.33000,96.48000
2025-02-20 00:00:00,96.48000,96.5,96.33000,96.33000
2025-02-20 01:00:00,96.34000,96.34000,96.059998,96.070000
2025-02-20 02:00:00,96.070000,96.40000,96,96.14000
2025-02-20 03:00:00,96.15000,96.26000,96.099998,96.15000
2025-02-20 04:00:00,96.15000,96.24000,96.11000,96.21000
2025-02-20 05:00:00,96.21000,96.25,96.19000,96.20000
2025-02-20 06:00:00,96.21000,96.23000,96.12000,96.19000
2025-02-20 07:00:00,96.19000,96.21000,96.13000,96.16000
2025-02-20 08:00:00,96.16000,96.19000,96.089996,96.12000
2025-02-20 09:00:00,96.089996,96.24000,96.050003,96.059998
2025-02-20 10:00:00,96.059998,96.059998,95.80000,95.89000
2025-02-20 11:00:00,95.89000,95.97000,95.73000,95.91000
2025-02-20 12:00:00,95.91000,95.92000,95.36000,95.41000
2025-02-20 13:00:00,95.41000,95.78000,95.33000,95.74000
2025-02-20 14:00:00,95.75,95.75,95.60000,95.66000
2025-02-20 15:00:00,95.65000,95.69000,95.54000,95.59000
2025-02-20 16:00:00,95.59000,95.72000,95.57000,95.70000
2025-02-20 17:00:00,95.70000,95.70000,95.47000,95.5
2025-02-20 18:00:00,95.5,95.60000,95.43000,95.59000
2025-02-20 19:00:00,95.59000,95.88000,95.58000,95.83000
2025-02-20 20:00:00,95.83000,95.92000,95.76000,95.84000
2025-02-20 21:00:00,95.84000,95.84000,95.72000,95.73000
2025-02-20 22:00:00,95.73000,95.77000,95.64000,95.70000
2025-02-20 23:00:00,95.70000,95.71000,95.57000,95.63000
2025-02-21 00:00:00,95.62000,95.74000,95.54000,95.69000
2025-02-21 01:00:00,95.69000,95.81000,95.62000,95.63000
2025-02-21 02:00:00,95.62000,95.76000,95.45000,95.61000
2025-02-21 03:00:00,95.61000,95.73000,95.57000,95.65000
2025-02-21 04:00:00,95.65000,95.74000,95.60000,95.61000
2025-02-21 05:00:00,95.61000,95.81000,95.60000,95.81000
2025-02-21 06:00:00,95.80000,95.92000,95.80000,95.90000
2025-02-21 07:00:00,95.90000,95.92000,95.80000,95.83000
2025-02-21 08:00:00,95.82000,95.84000,95.76000,95.77000
2025-02-21 09:00:00,95.76000,95.79000,95.65000,95.70000
2025-02-21 10:00:00,95.71000,95.84000,95.65000,95.71000
2025-02-21 11:00:00,95.70000,95.94000,95.70000,95.87000
2025-02-21 12:00:00,95.87000,96.19000,95.85000,96.099998
2025-02-21 13:00:00,96.11000,96.5,96.070000,96.38000
2025-02-21 14:00:00,96.38000,96.40000,96.15000,96.22000
2025-02-21 15:00:00,96.22000,96.23000,96.089996,96.16000
2025-02-21 16:00:00,96.16000,96.21000,96.059998,96.059998
2025-02-21 17:00:00,96.059998,96.19000,96.050003,96.11000
2025-02-21 18:00:00,96.11000,96.26000,96.099998,96.20000
2025-02-21 19:00:00,96.21000,96.27000,96.019997,96.040001
2025-02-21 20:00:00,96.059998,96.099998,95.96000,96.099998
2025-02-21 21:00:00,96.099998,96.14000,96.019997,96.029999
2025-02-21 22:00:00,96.029999,96.070000,95.98000,95.99000
2025-02-21 23:00:00,95.99000,96.089996,95.99000,96.059998
2025-02-22 00:00:00,96.059998,96.099998,95.95000,96.040001
2025-02-22 01:00:00,96.040001,96.070000,95.66000,95.67000
2025-02-22 02:00:00,95.66000,95.68000,95.28000,95.34000
2025-02-22 03:00:00,95.34000,95.39000,95.24000,95.30000
2025-02-22 04:00:00,95.30000,95.33000,95.050003,95.080002
2025-02-22 05:00:00,95.070000,95.070000,94.80000,94.84000
2025-02-22 06:00:00,94.84000,94.84000,94.65000,94.72000
2025-02-22 07:00:00,94.72000,94.84000,94.71000,94.82000
2025-02-22 08:00:00,94.82000,94.94000,94.79000,94.93000
2025-02-24 09:00:00,94.99000,95.11000,94.95000,95
2025-02-24 10:00:00,95.010002,95.19000,94.96000,95.15000
2025-02-24 11:00:00,95.16000,95.16000,94.89000,94.89000
2025-02-24 12:00:00,94.89000,95.099998,94.82000,95.070000
2025-02-24 13:00:00,95.070000,95.42000,95.059998,95.31000
2025-02-24 14:00:00,95.32000,95.45000,95.18000,95.22000
2025-02-24 15:00:00,95.22000,95.26000,95.19000,95.21000
2025-02-24 16:00:00,95.21000,95.35000,95.20000,95.27000
2025-02-24 17:00:00,95.27000,95.36000,95.19000,95.35000
2025-02-24 18:00:00,95.35000,95.38000,95.080002,95.23000
2025-02-24 19:00:00,95.23000,95.25,94.98000,95.18000
2025-02-24 20:00:00,95.18000,95.30000,95.14000,95.21000
2025-02-24 21:00:00,95.20000,95.28000,95.16000,95.25
2025-02-24 22:00:00,95.25,95.39000,95.23000,95.33000
2025-02-24 23:00:00,95.32000,95.39000,95.27000,95.38000
2025-02-25 00:00:00,95.38000,95.45000,95.29000,95.38000
2025-02-25 01:00:00,95.39000,95.44000,94.76000,94.78000
2025-02-25 02:00:00,94.77000,94.94000,94.70000,94.87000
2025-02-25 03:00:00,94.87000,95.24000,94.86000,95.11000
2025-02-25 04:00:00,95.11000,95.27000,95.11000,95.11000
2025-02-25 05:00:00,95.11000,95.18000,95.059998,95.16000
2025-02-25 06:00:00,95.16000,95.26000,95.089996,95.15000
2025-02-25 07:00:00,95.15000,95.17000,94.97000,95.019997
2025-02-25 08:00:00,95.029999,95.099998,95,95.059998
2025-02-25 09:00:00,95.059998,95.080002,95.010002,95.029999
2025-02-25 10:00:00,95.029999,95.11000,94.96000,95.029999
2025-02-25 11:00:00,95.019997,95.24000,95.019997,95.21000
2025-02-25 12:00:00,95.21000,95.32000,95.17000,95.20000
2025-02-25 13:00:00,95.20000,95.25,95.13000,95.20000
2025-02-25 14:00:00,95.20000,95.26000,95.050003,95.070000
2025-02-25 15:00:00,95.070000,95.11000,94.92000,94.97000
2025-02-25 16:00:00,94.97000,95.17000,94.97000,95.14000
2025-02-25 17:00:00,95.14000,95.20000,95.080002,95.11000
2025-02-25 18:00:00,95.099998,95.12000,94.60000,94.61000
2025-02-25 19:00:00,94.60000,94.82000,94.54000,94.73000
2025-02-25 20:00:00,94.74000,94.93000,94.72000,94.73000
2025-02-25 21:00:00,94.73000,94.83000,94.70000,94.75
2025-02-25 22:00:00,94.75,95.070000,94.75,95.050003
2025-02-25 23:00:00,95.059998,95.059998,94.82000,94.95000
2025-02-26 00:00:00,94.95000,95.070000,94.83000,94.83000
2025-02-26 01:00:00,94.83000,94.87000,94.52000,94.55000
2025-02-26 02:00:00,94.55000,94.55000,94.019997,94.42000
2025-02-26 03:00:00,94.41000,94.45000,94.14000,94.42000
2025-02-26 04:00:00,94.41000,94.44000,94.22000,94.44000
2025-02-26 05:00:00,94.43000,94.69000,94.43000,94.59000
2025-02-26 06:00:00,94.58000,94.61000,94.47000,94.55000
2025-02-26 07:00:00,94.55000,94.63000,94.45000,94.48000
2025-02-26 08:00:00,94.48000,94.57000,94.47000,94.56000
2025-02-26 09:00:00,94.54000,94.68000,94.51000,94.68000
2025-02-26 10:00:00,94.67000,94.71000,94.56000,94.68000
2025-02-26 11:00:00,94.67000,94.69000,94.40000,94.45000
2025-02-26 12:00:00,94.45000,94.58000,94.25,94.58000
2025-02-26 13:00:00,94.59000,94.65000,94.43000,94.63000
2025-02-26 14:00:00,94.63000,94.69000,94.47000,94.52000
2025-02-26 15:00:00,94.52000,94.61000,94.46000,94.55000
2025-02-26 16:00:00,94.55000,94.66000,94.48000,94.5
2025-02-26 17:00:00,94.49000,94.74000,94.48000,94.68000
2025-02-26 18:00:00,94.69000,94.72000,94.56000,94.61000
2025-02-26 19:00:00,94.61000,94.67000,94.46000,94.51000
2025-02-26 20:00:00,94.51000,94.55000,94.45000,94.45000
2025-02-26 21:00:00,94.45000,94.48000,94.36000,94.46000
2025-02-26 22:00:00,94.46000,94.48000,94.39000,94.42000
2025-02-26 23:00:00,94.42000,94.45000,94.28000,94.36000
2025-02-27 00:00:00,94.36000,94.40000,94.26000,94.29000
2025-02-27 01:00:00,94.28000,94.46000,94.080002,94.39000
2025-02-27 02:00:00,94.39000,94.56000,94.36000,94.42000
2025-02-27 03:00:00,94.43000,94.48000,94.26000,94.28000
2025-02-27 04:00:00,94.28000,94.44000,94.17000,94.21000
2025-02-27 05:00:00,94.20000,94.25,93.85000,93.93000
2025-02-27 06:00:00,93.93000,94,93.81000,93.89000
2025-02-27 07:00:00,93.90000,93.94000,93.78000,93.90000
2025-02-27 08:00:00,93.90000,94.029999,93.86000,93.99000
2025-02-27 09:00:00,94.019997,94.080002,93.97000,93.98000
2025-02-27 10:00:00,93.98000,94.010002,93.88000,93.93000
2025-02-27 11:00:00,93.94000,94.019997,93.81000,93.97000
2025-02-27 12:00:00,93.97000,94.22000,93.91000,94.20000
2025-02-27 13:00:00,94.21000,94.22000,94.019997,94.059998
2025-02-27 14:00:00,94.070000,94.17000,93.90000,93.91000
2025-02-27 15:00:00,93.91000,93.94000,93.71000,93.76000
2025-02-27 16:00:00,93.76000,93.97000,93.75,93.96000
2025-02-27 17:00:00,93.97000,94.040001,93.94000,93.98000
2025-02-27 18:00:00,93.98000,94.080002,93.91000,94
2025-02-27 19:00:00,94,94.33000,93.95000,94.32000
2025-02-27 20:00:00,94.32000,94.52000,94.26000,94.44000
2025-02-27 21:00:00,94.44000,94.48000,94.35000,94.40000
2025-02-27 22:00:00,94.40000,94.46000,94.30000,94.36000
2025-02-27 23:00:00,94.35000,94.37000,94.19000,94.21000
2025-02-28 00:00:00,94.21000,94.25,93.75,93.84000
2025-02-28 01:00:00,93.84000,94.029999,93.59000,93.64000
2025-02-28 02:00:00,93.64000,93.90000,93.49000,93.80000
2025-02-28 03:00:00,93.80000,93.90000,93.64000,93.69000
2025-02-28 04:00:00,93.70000,93.80000,93.63000,93.68000
2025-02-28 05:00:00,93.68000,93.90000,93.68000,93.88000
2025-02-28 06:00:00,93.89000,93.89000,93.49000,93.56000
2025-02-28 07:00:00,93.56000,93.57000,93.32000,93.36000
2025-02-28 08:00:00,93.37000,93.44000,93.31000,93.42000
2025-02-28 09:00:00,93.42000,93.46000,93.32000,93.33000
2025-02-28 10:00:00,93.34000,93.54000,93.25,93.53000
2025-02-28 11:00:00,93.54000,93.59000,93.059998,93.089996
2025-02-28 12:00:00,93.099998,93.24000,92.88000,92.89000
2025-02-28 13:00:00,92.88000,93.010002,92.73000,92.91000
2025-02-28 14:00:00,92.92000,93.010002,92.84000,92.93000
2025-02-28 15:00:00,92.93000,93.019997,92.86000,92.95000
2025-02-28 16:00:00,92.95000,93.17000,92.93000,93.099998
2025-02-28 17:00:00,93.11000,93.24000,93.070000,93.21000
2025-02-28 18:00:00,93.21000,93.53000,93.13000,93.46000
2025-02-28 19:00:00,93.46000,93.69000,93.40000,93.60000
2025-02-28 20:00:00,93.62000,93.64000,93.34000,93.37000
2025-02-28 21:00:00,93.38000,93.47000,93.37000,93.44000
2025-02-28 22:00:00,93.44000,93.54000,93.38000,93.52000
2025-02-28 23:00:00,93.52000,93.69000,93.52000,93.66000
2025-03-01 00:00:00,93.66000,93.86000,93.58000,93.60000
2025-03-01 01:00:00,93.61000,93.72000,93.30000,93.58000
2025-03-01 02:00:00,93.57000,93.83000,93.46000,93.70000
2025-03-01 03:00:00,93.70000,93.75,93.29000,93.55000
2025-03-01 04:00:00,93.55000,93.57000,93.29000,93.31000
2025-03-01 05:00:00,93.30000,93.40000,93.11000,93.14000
2025-03-01 06:00:00,93.14000,93.37000,93.12000,93.30000
2025-03-01 07:00:00,93.31000,93.45000,93.26000,93.39000
2025-03-01 08:00:00,93.40000,93.52000,93.37000,93.51000
2025-03-03 09:00:00,93.66000,93.73000,93.58000,93.58000
2025-03-03 10:00:00,93.57000,93.96000,93.57000,93.81000
2025-03-03 11:00:00,93.81000,93.85000,93.62000,93.62000
2025-03-03 12:00:00,93.63000,93.85000,93.55000,93.67000
2025-03-03 13:00:00,93.66000,93.69000,93.55000,93.56000
2025-03-03 14:00:00,93.56000,93.58000,93.33000,93.55000
2025-03-03 15:00:00,93.55000,93.63000,93.5,93.51000
2025-03-03 16:00:00,93.5,93.63000,93.5,93.51000
2025-03-03 17:00:00,93.51000,93.57000,93.39000,93.53000
2025-03-03 18:00:00,93.53000,93.58000,93.37000,93.37000
2025-03-03 19:00:00,93.37000,93.43000,93.20000,93.34000
2025-03-03 20:00:00,93.34000,93.61000,93.28000,93.58000
2025-03-03 21:00:00,93.57000,93.90000,93.57000,93.86000
2025-03-03 22:00:00,93.86000,94.099998,93.84000,94.089996
2025-03-03 23:00:00,94.089996,94.24000,94.080002,94.18000
2025-03-04 00:00:00,94.18000,94.24000,94.059998,94.099998
2025-03-04 01:00:00,94.099998,94.23000,94.010002,94.019997
2025-03-04 02:00:00,94.029999,94.029999,93.72000,93.76000
2025-03-04 03:00:00,93.76000,93.88000,93.70000,93.82000
2025-03-04 04:00:00,93.81000,93.95000,93.78000,93.83000
2025-03-04 05:00:00,93.82000,93.84000,93.60000,93.65000
2025-03-04 06:00:00,93.64000,93.76000,93.42000,93.49000
2025-03-04 07:00:00,93.49000,93.49000,92.54000,92.95000
2025-03-04 08:00:00,92.94000,93.16000,92.94000,93.059998
2025-03-04 09:00:00,93.040001,93.16000,93.019997,93.040001
2025-03-04 10:00:00,93.040001,93.070000,92.70000,92.80000
2025-03-04 11:00:00,92.81000,92.97000,92.48000,92.72000
2025-03-04 12:00:00,92.72000,92.78000,92.35000,92.49000
2025-03-04 13:00:00,92.48000,92.75,92.43000,92.59000
2025-03-04 14:00:00,92.58000,92.65000,92.43000,92.48000
2025-03-04 15:00:00,92.48000,92.49000,92.28000,92.40000
2025-03-04 16:00:00,92.41000,92.65000,92.26000,92.64000
2025-03-04 17:00:00,92.64000,92.88000,92.60000,92.87000
2025-03-04 18:00:00,92.87000,92.90000,92.49000,92.69000
2025-03-04 19:00:00,92.68000,92.81000,92.36000,92.59000
2025-03-04 20:00:00,92.58000,92.79000,92.55000,92.74000
2025-03-04 21:00:00,92.74000,92.74000,92.56000,92.61000
2025-03-04 22:00:00,92.60000,92.66000,92.36000,92.53000
2025-03-04 23:00:00,92.52000,92.58000,92.40000,92.47000
2025-03-05 00:00:00,92.46000,92.58000,92.26000,92.27000
2025-03-05 01:00:00,92.27000,92.57000,92.11000,92.11000
2025-03-05 02:00:00,92.11000,92.28000,91.86000,92.080002
2025-03-05 03:00:00,92.080002,92.5,91.95000,92.41000
2025-03-05 04:00:00,92.42000,92.58000,92.36000,92.46000
2025-03-05 05:00:00,92.45000,92.91000,92.43000,92.88000
2025-03-05 06:00:00,92.88000,93.30000,92.87000,93.27000
2025-03-05 07:00:00,93.26000,93.63000,93.13000,93.19000
2025-03-05 08:00:00,93.19000,93.99000,93.17000,93.98000
2025-03-05 09:00:00,93.85000,93.90000,93.81000,93.89000
2025-03-05 10:00:00,93.89000,94.17000,93.82000,93.92000
2025-03-05 11:00:00,93.91000,93.91000,93.60000,93.80000
2025-03-05 12:00:00,93.79000,94.050003,93.70000,93.74000
2025-03-05 13:00:00,93.74000,93.74000,93.47000,93.47000
2025-03-05 14:00:00,93.46000,93.76000,93.34000,93.74000
2025-03-05 15:00:00,93.74000,93.76000,93.59000,93.63000
2025-03-05 16:00:00,93.62000,93.71000,93.54000,93.64000
2025-03-05 17:00:00,93.64000,93.80000,93.54000,93.76000
2025-03-05 18:00:00,93.76000,94,93.68000,93.75
2025-03-05 19:00:00,93.75,93.94000,93.61000,93.78000
2025-03-05 20:00:00,93.78000,93.94000,93.72000,93.87000
2025-03-05 21:00:00,93.88000,93.96000,93.75,93.84000
2025-03-05 22:00:00,93.85000,93.91000,93.72000,93.81000
2025-03-05 23:00:00,93.82000,93.95000,93.76000,93.86000
2025-03-06 00:00:00,93.88000,94.070000,93.61000,93.80000
2025-03-06 01:00:00,93.81000,93.90000,93.68000,93.75
2025-03-06 02:00:00,93.86000,94.24000,93.60000,93.90000
2025-03-06 03:00:00,93.90000,94.010002,93.61000,93.92000
2025-03-06 04:00:00,93.91000,94.17000,93.80000,94.14000
2025-03-06 05:00:00,94.14000,94.25,93.96000,94.20000
2025-03-06 06:00:00,94.20000,94.38000,94.18000,94.32000
2025-03-06 07:00:00,94.31000,94.41000,94.28000,94.40000
2025-03-06 08:00:00,94.39000,94.41000,94.30000,94.36000
2025-03-06 09:00:00,94.30000,94.36000,94.22000,94.25
2025-03-06 10:00:00,94.26000,94.41000,94.21000,94.35000
2025-03-06 11:00:00,94.35000,94.60000,94.32000,94.42000
2025-03-06 12:00:00,94.42000,94.67000,94.38000,94.63000
2025-03-06 13:00:00,94.63000,94.72000,94.51000,94.64000
2025-03-06 14:00:00,94.65000,94.66000,94.53000,94.61000
2025-03-06 15:00:00,94.61000,94.71000,94.55000,94.69000
2025-03-06 16:00:00,94.69000,94.70000,94.39000,94.39000
2025-03-06 17:00:00,94.39000,94.44000,94.28000,94.34000
2025-03-06 18:00:00,94.34000,94.36000,93.95000,93.96000
2025-03-06 19:00:00,93.95000,94.040001,93.81000,93.87000
2025-03-06 20:00:00,93.85000,93.85000,93.47000,93.66000
2025-03-06 21:00:00,93.66000,93.75,93.52000,93.57000
2025-03-06 22:00:00,93.57000,93.68000,93.45000,93.65000
2025-03-06 23:00:00,93.65000,93.69000,93.47000,93.49000
2025-03-07 00:00:00,93.48000,93.63000,93.33000,93.36000
2025-03-07 01:00:00,93.35000,93.69000,93.30000,93.54000
2025-03-07 02:00:00,93.54000,94.16000,93.52000,94.14000
2025-03-07 03:00:00,94.16000,94.38000,93.87000,93.88000
2025-03-07 04:00:00,93.86000,94,93.60000,93.77000
2025-03-07 05:00:00,93.77000,93.88000,93.62000,93.67000
2025-03-07 06:00:00,93.67000,93.79000,93.42000,93.58000
2025-03-07 07:00:00,93.57000,93.71000,93.54000,93.58000
2025-03-07 08:00:00,93.57000,93.76000,93.57000,93.73000
2025-03-07 09:00:00,93.73000,93.77000,93.59000,93.70000
2025-03-07 10:00:00,93.69000,93.81000,93.67000,93.80000
2025-03-07 11:00:00,93.80000,93.81000,93.46000,93.61000
2025-03-07 12:00:00,93.61000,93.70000,93.41000,93.47000
2025-03-07 13:00:00,93.47000,93.5,93.19000,93.20000
2025-03-07 14:00:00,93.20000,93.20000,92.97000,93.029999
2025-03-07 15:00:00,93.029999,93.14000,92.98000,93.12000
2025-03-07 16:00:00,93.12000,93.18000,92.92000,92.92000
2025-03-07 17:00:00,92.92000,93.070000,92.87000,92.98000
2025-03-07 18:00:00,92.98000,93.24000,92.96000,93.16000
2025-03-07 19:00:00,93.16000,93.28000,92.99000,93.070000
2025-03-07 20:00:00,93.070000,93.23000,93.029999,93.089996
2025-03-07 21:00:00,93.089996,93.099998,92.95000,93.089996
2025-03-07 22:00:00,93.089996,93.13000,92.95000,92.98000
2025-03-07 23:00:00,92.98000,93.089996,92.87000,92.96000
2025-03-08 00:00:00,92.95000,93.21000,92.51000,92.54000
2025-03-08 01:00:00,92.55000,93.14000,92.42000,93.019997
2025-03-08 02:00:00,93.019997,93.29000,92.75,93.13000
2025-03-08 03:00:00,93.12000,93.14000,92.55000,92.68000
2025-03-08 04:00:00,92.69000,92.99000,92.43000,92.81000
2025-03-08 05:00:00,92.82000,93.23000,92.81000,93.23000
2025-03-08 06:00:00,93.23000,93.48000,93.17000,93.39000
2025-03-08 07:00:00,93.40000,93.46000,93.31000,93.37000
2025-03-08 08:00:00,93.36000,93.39000,93.28000,93.35000
2025-03-10 09:00:00,93.12000,93.20000,92.93000,92.94000
2025-03-10 10:00:00,92.94000,93.13000,92.85000,93.019997
2025-03-10 11:00:00,93.019997,93.070000,92.88000,92.96000
2025-03-10 12:00:00,92.94000,93.14000,92.86000,93.12000
2025-03-10 13:00:00,93.11000,93.25,93.029999,93.11000
2025-03-10 14:00:00,93.11000,93.22000,92.99000,93.089996
2025-03-10 15:00:00,93.099998,93.16000,93.059998,93.11000
2025-03-10 16:00:00,93.11000,93.33000,93.11000,93.19000
2025-03-10 17:00:00,93.19000,93.38000,93.17000,93.32000
2025-03-10 18:00:00,93.32000,93.42000,93.18000,93.30000
2025-03-10 19:00:00,93.32000,93.33000,92.88000,92.92000
2025-03-10 20:00:00,92.91000,93.26000,92.89000,93.15000
2025-03-10 21:00:00,93.15000,93.22000,92.89000,92.89000
2025-03-10 22:00:00,92.89000,93.089996,92.78000,93.050003
2025-03-10 23:00:00,93.050003,93.089996,92.80000,93
2025-03-11 00:00:00,92.99000,93.080002,92.83000,92.91000
2025-03-11 01:00:00,92.89000,92.89000,92.48000,92.59000
2025-03-11 02:00:00,92.60000,92.95000,92.59000,92.81000
2025-03-11 03:00:00,92.80000,92.88000,92.70000,92.77000
2025-03-11 04:00:00,92.77000,92.81000,92.52000,92.53000
2025-03-11 05:00:00,92.53000,92.62000,92.29000,92.31000
2025-03-11 06:00:00,92.30000,92.65000,92.15000,92.53000
2025-03-11 07:00:00,92.54000,92.61000,92.41000,92.47000
2025-03-11 08:00:00,92.47000,92.48000,92.36000,92.41000
2025-03-11 09:00:00,92.40000,92.40000,92.20000,92.20000
2025-03-11 10:00:00,92.19000,92.38000,92.080002,92.37000
2025-03-11 11:00:00,92.36000,92.37000,91.94000,92.12000
2025-03-11 12:00:00,92.12000,92.17000,91.83000,92.089996
2025-03-11 13:00:00,92.089996,92.56000,92.070000,92.25
2025-03-11 14:00:00,92.25,92.39000,92.23000,92.31000
2025-03-11 15:00:00,92.31000,92.40000,92.23000,92.26000
2025-03-11 16:00:00,92.26000,92.32000,92.12000,92.28000
2025-03-11 17:00:00,92.27000,92.48000,92.21000,92.30000
2025-03-11 18:00:00,92.30000,92.43000,92.25,92.35000
2025-03-11 19:00:00,92.35000,92.68000,92.31000,92.66000
2025-03-11 20:00:00,92.66000,92.78000,92.60000,92.72000
2025-03-11 21:00:00,92.72000,92.79000,92.67000,92.73000
2025-03-11 22:00:00,92.73000,92.90000,92.63000,92.85000
2025-03-11 23:00:00,92.84000,93.050003,92.72000,92.96000
2025-03-12 00:00:00,92.97000,93.21000,92.86000,93.029999
2025-03-12 01:00:00,92.99000,93.25,92.30000,92.39000
2025-03-12 02:00:00,92.37000,92.87000,92.34000,92.69000
2025-03-12 03:00:00,92.68000,92.75,92.53000,92.56000
2025-03-12 04:00:00,92.56000,92.57000,92.30000,92.54000
2025-03-12 05:00:00,92.52000,93.31000,92.52000,93.24000
2025-03-12 06:00:00,93.23000,93.30000,93.019997,93.059998
2025-03-12 07:00:00,93.059998,93.13000,93.019997,93.13000
2025-03-12 08:00:00,93.080002,93.11000,92.88000,92.98000
2025-03-12 09:00:00,92.99000,93.19000,92.99000,93.16000
2025-03-12 10:00:00,93.16000,93.22000,93.059998,93.20000
2025-03-12 11:00:00,93.20000,93.26000,93.050003,93.23000
2025-03-12 12:00:00,93.23000,93.24000,93.010002,93.14000
2025-03-12 13:00:00,93.14000,93.21000,93.059998,93.099998
2025-03-12 14:00:00,93.099998,93.18000,93,93.050003
2025-03-12 15:00:00,93.050003,93.25,93.040001,93.17000
2025-03-12 16:00:00,93.18000,93.27000,93.15000,93.16000
2025-03-12 17:00:00,93.17000,93.19000,93.050003,93.16000
2025-03-12 18:00:00,93.16000,93.46000,93.11000,93.43000
2025-03-12 19:00:00,93.43000,93.48000,93.24000,93.43000
2025-03-12 20:00:00,93.44000,93.57000,93.41000,93.45000
2025-03-12 21:00:00,93.45000,93.57000,93.39000,93.5
2025-03-12 22:00:00,93.5,93.61000,93.48000,93.5
2025-03-12 23:00:00,93.5,93.76000,93.41000,93.73000
2025-03-13 00:00:00,93.73000,93.84000,93.42000,93.52000
2025-03-13 01:00:00,93.52000,93.59000,93.20000,93.36000
2025-03-13 02:00:00,93.37000,93.62000,93.27000,93.52000
2025-03-13 03:00:00,93.52000,93.70000,93.49000,93.55000
2025-03-13 04:00:00,93.55000,93.72000,93.44000,93.44000
2025-03-13 05:00:00,93.45000,93.75,93.44000,93.68000
2025-03-13 06:00:00,93.68000,93.75,93.60000,93.71000
2025-03-13 07:00:00,93.71000,93.78000,93.67000,93.69000
2025-03-13 08:00:00,93.72000,93.72000,93.61000,93.68000
2025-03-13 09:00:00,93.67000,93.78000,93.66000,93.74000
2025-03-13 10:00:00,93.74000,93.85000,93.67000,93.85000
2025-03-13 11:00:00,93.85000,93.94000,93.71000,93.71000
2025-03-13 12:00:00,93.71000,93.83000,93.65000,93.65000
2025-03-13 13:00:00,93.65000,93.77000,93.64000,93.70000
2025-03-13 14:00:00,93.70000,93.74000,93.48000,93.48000
2025-03-13 15:00:00,93.48000,93.53000,93.27000,93.30000
2025-03-13 16:00:00,93.30000,93.34000,93.089996,93.15000
2025-03-13 17:00:00,93.16000,93.18000,92.92000,93.080002
2025-03-13 18:00:00,93.070000,93.17000,92.96000,93.040001
2025-03-13 19:00:00,93.040001,93.15000,92.94000,93.059998
2025-03-13 20:00:00,93.059998,93.20000,92.99000,93.20000
2025-03-13 21:00:00,93.20000,93.25,93.13000,93.18000
2025-03-13 22:00:00,93.18000,93.19000,92.97000,93.040001
2025-03-13 23:00:00,93.040001,93.16000,92.88000,93.019997
2025-03-14 00:00:00,93.019997,93.089996,92.92000,92.99000
2025-03-14 01:00:00,92.96000,93.19000,92.95000,93.089996
2025-03-14 02:00:00,93.089996,93.17000,92.85000,92.87000
2025-03-14 03:00:00,92.87000,92.99000,92.78000,92.83000
2025-03-14 04:00:00,92.84000,92.85000,92.54000,92.66000
2025-03-14 05:00:00,92.66000,92.93000,92.66000,92.88000
2025-03-14 06:00:00,92.88000,92.93000,92.78000,92.81000
2025-03-14 07:00:00,92.81000,92.92000,92.80000,92.90000
2025-03-14 08:00:00,92.89000,92.93000,92.81000,92.85000
2025-03-14 09:00:00,92.88000,93.059998,92.86000,92.99000
2025-03-14 10:00:00,92.99000,93.040001,92.93000,92.99000
2025-03-14 11:00:00,92.98000,93.26000,92.93000,93.20000
2025-03-14 12:00:00,93.21000,93.32000,93.17000,93.17000
2025-03-14 13:00:00,93.17000,93.22000,93.11000,93.17000
2025-03-14 14:00:00,93.17000,93.35000,93.17000,93.33000
2025-03-14 15:00:00,93.33000,93.48000,93.29000,93.46000
2025-03-14 16:00:00,93.46000,93.58000,93.43000,93.46000
2025-03-14 17:00:00,93.46000,93.68000,93.44000,93.63000
2025-03-14 18:00:00,93.62000,93.87000,93.55000,93.77000
2025-03-14 19:00:00,93.75,93.96000,93.66000,93.94000
2025-03-14 20:00:00,93.95000,93.96000,93.83000,93.88000
2025-03-14 21:00:00,93.88000,93.94000,93.64000,93.80000
2025-03-14 22:00:00,93.80000,93.87000,93.69000,93.79000
2025-03-14 23:00:00,93.79000,94.059998,93.77000,93.97000
2025-03-15 00:00:00,93.96000,94.070000,93.82000,93.96000
2025-03-15 01:00:00,93.91000,94.099998,93.75,93.86000
2025-03-15 02:00:00,93.86000,93.91000,93.79000,93.82000
2025-03-15 03:00:00,93.82000,93.85000,93.65000,93.83000
2025-03-15 04:00:00,93.81000,93.90000,93.81000,93.85000
2025-03-15 05:00:00,93.85000,93.98000,93.85000,93.93000
2025-03-15 06:00:00,93.92000,94.059998,93.90000,94.040001
2025-03-15 07:00:00,94.040001,94.099998,93.93000,93.93000
2025-03-17 09:00:00,94.12000,94.20000,93.99000,93.99000
2025-03-17 10:00:00,94,94.099998,93.92000,94
2025-03-17 11:00:00,94,94.24000,93.92000,94.18000
2025-03-17 12:00:00,94.18000,94.24000,94.11000,94.12000
2025-03-17 13:00:00,94.099998,94.15000,94.059998,94.11000
2025-03-17 14:00:00,94.11000,94.15000,94.019997,94.13000
2025-03-17 15:00:00,94.12000,94.32000,94.12000,94.28000
2025-03-17 16:00:00,94.28000,94.31000,94.12000,94.29000
2025-03-17 17:00:00,94.28000,94.36000,94.17000,94.32000
2025-03-17 18:00:00,94.32000,94.40000,94.25,94.33000
2025-03-17 19:00:00,94.34000,94.45000,94.21000,94.43000
2025-03-17 20:00:00,94.43000,94.46000,94.29000,94.36000
2025-03-17 21:00:00,94.36000,94.41000,94.27000,94.28000
2025-03-17 22:00:00,94.28000,94.34000,94.22000,94.28000
2025-03-17 23:00:00,94.29000,94.51000,94.19000,94.45000
2025-03-18 00:00:00,94.45000,94.81000,94.44000,94.60000
2025-03-18 01:00:00,94.59000,94.68000,94.45000,94.53000
2025-03-18 02:00:00,94.54000,94.71000,94.53000,94.68000
2025-03-18 03:00:00,94.68000,94.89000,94.65000,94.89000
2025-03-18 04:00:00,94.89000,95.17000,94.86000,95.13000
2025-03-18 05:00:00,95.13000,95.35000,95.12000,95.34000
2025-03-18 06:00:00,95.33000,95.35000,95.25,95.26000
2025-03-18 07:00:00,95.26000,95.41000,95.18000,95.27000
2025-03-18 08:00:00,95.25,95.27000,95.19000,95.21000
2025-03-18 09:00:00,95.21000,95.36000,95.21000,95.35000
2025-03-18 10:00:00,95.36000,95.40000,95.30000,95.33000
2025-03-18 11:00:00,95.33000,95.39000,95.26000,95.38000
2025-03-18 12:00:00,95.39000,95.5,95.32000,95.37000
2025-03-18 13:00:00,95.37000,95.5,95.35000,95.44000
2025-03-18 14:00:00,95.44000,95.45000,95.30000,95.35000
2025-03-18 15:00:00,95.34000,95.42000,95.29000,95.34000
2025-03-18 16:00:00,95.34000,95.44000,95.30000,95.42000
2025-03-18 17:00:00,95.43000,95.52000,95.36000,95.48000
2025-03-18 18:00:00,95.48000,95.69000,95.46000,95.60000
2025-03-18 19:00:00,95.60000,95.75,95.60000,95.66000
2025-03-18 20:00:00,95.66000,95.68000,95.57000,95.57000
2025-03-18 21:00:00,95.57000,95.59000,95.32000,95.34000
2025-03-18 22:00:00,95.35000,95.39000,95.25,95.36000
2025-03-18 23:00:00,95.36000,95.48000,95.31000,95.37000
2025-03-19 00:00:00,95.37000,95.46000,95.12000,95.15000
2025-03-19 01:00:00,95.16000,95.16000,94.96000,95.040001
2025-03-19 02:00:00,95.040001,95.070000,94.90000,95
2025-03-19 03:00:00,95,95.16000,94.88000,95.010002
2025-03-19 04:00:00,95.010002,95.029999,94.88000,94.95000
2025-03-19 05:00:00,94.96000,94.97000,94.78000,94.93000
2025-03-19 06:00:00,94.92000,94.98000,94.87000,94.97000
2025-03-19 07:00:00,94.98000,95.040001,94.96000,94.97000
2025-03-19 08:00:00,94.98000,94.98000,94.91000,94.93000
2025-03-19 09:00:00,94.92000,95.040001,94.91000,95.040001
2025-03-19 10:00:00,95.059998,95.089996,94.97000,95.070000
2025-03-19 11:00:00,95.070000,95.21000,94.97000,95.18000
2025-03-19 12:00:00,95.18000,95.19000,95.050003,95.080002
2025-03-19 13:00:00,95.070000,95.16000,94.94000,95.089996
2025-03-19 14:00:00,95.099998,95.12000,94.96000,94.97000
2025-03-19 15:00:00,94.97000,95.089996,94.92000,95.050003
2025-03-19 16:00:00,95.050003,95.23000,95.050003,95.23000
2025-03-19 17:00:00,95.23000,95.35000,94.99000,95.029999
2025-03-19 18:00:00,95.029999,95.029999,94.37000,94.5
2025-03-19 19:00:00,94.51000,94.83000,94.51000,94.68000
2025-03-19 20:00:00,94.68000,94.85000,94.58000,94.83000
2025-03-19 21:00:00,94.83000,94.85000,94.71000,94.82000
2025-03-19 22:00:00,94.82000,94.97000,94.81000,94.93000
2025-03-19 23:00:00,94.93000,94.96000,94.78000,94.88000
2025-03-20 00:00:00,94.88000,94.98000,94.82000,94.94000
2025-03-20 01:00:00,94.94000,95.040001,94.86000,94.88000
2025-03-20 02:00:00,94.88000,95.010002,94.84000,94.97000
2025-03-20 03:00:00,94.97000,95.010002,94.89000,94.95000
2025-03-20 04:00:00,94.95000,94.95000,94.75,94.83000
2025-03-20 05:00:00,94.83000,94.88000,94.46000,94.63000
2025-03-20 06:00:00,94.64000,94.73000,94.46000,94.52000
2025-03-20 07:00:00,94.52000,94.58000,94.45000,94.53000
2025-03-20 08:00:00,94.55000,94.64000,94.51000,94.63000
2025-03-20 09:00:00,94.62000,94.67000,94.47000,94.47000
2025-03-20 10:00:00,94.48000,94.56000,94.43000,94.47000
2025-03-20 11:00:00,94.47000,94.47000,93.99000,94.080002
2025-03-20 12:00:00,94.080002,94.080002,93.86000,93.95000
2025-03-20 13:00:00,93.95000,94.12000,93.93000,94.070000
2025-03-20 14:00:00,94.070000,94.21000,94.010002,94.14000
2025-03-20 15:00:00,94.14000,94.21000,94.050003,94.14000
2025-03-20 16:00:00,94.14000,94.15000,94.010002,94.050003
2025-03-20 17:00:00,94.040001,94.040001,93.88000,93.88000
2025-03-20 18:00:00,93.88000,93.94000,93.73000,93.92000
2025-03-20 19:00:00,93.92000,93.98000,93.73000,93.75
2025-03-20 20:00:00,93.75,93.82000,93.56000,93.62000
2025-03-20 21:00:00,93.62000,93.64000,93.28000,93.47000
2025-03-20 22:00:00,93.47000,93.49000,93.31000,93.34000
2025-03-20 23:00:00,93.34000,93.49000,93.27000,93.38000
2025-03-21 00:00:00,93.38000,93.47000,93.17000,93.46000
2025-03-21 01:00:00,93.46000,93.66000,93.46000,93.54000
2025-03-21 02:00:00,93.55000,93.82000,93.51000,93.77000
2025-03-21 03:00:00,93.77000,93.84000,93.61000,93.62000
2025-03-21 04:00:00,93.62000,93.73000,93.59000,93.65000
2025-03-21 05:00:00,93.65000,93.84000,93.64000,93.76000
2025-03-21 06:00:00,93.76000,93.85000,93.75,93.81000
2025-03-21 07:00:00,93.81000,93.83000,93.62000,93.62000
2025-03-21 08:00:00,93.74000,93.77000,93.65000,93.73000
2025-03-21 09:00:00,93.73000,93.79000,93.71000,93.72000
2025-03-21 10:00:00,93.72000,93.77000,93.64000,93.67000
2025-03-21 11:00:00,93.66000,93.93000,93.65000,93.90000
2025-03-21 12:00:00,93.90000,94.019997,93.81000,93.92000
2025-03-21 13:00:00,93.92000,93.92000,93.78000,93.81000
2025-03-21 14:00:00,93.80000,93.93000,93.73000,93.88000
2025-03-21 15:00:00,93.88000,94.040001,93.88000,93.97000
2025-03-21 16:00:00,93.97000,94.099998,93.96000,94.059998
2025-03-21 17:00:00,94.059998,94.16000,94.029999,94.16000
2025-03-21 18:00:00,94.16000,94.21000,93.93000,94
2025-03-21 19:00:00,94,94.099998,93.87000,94.059998
2025-03-21 20:00:00,94.059998,94.059998,93.87000,93.89000
2025-03-21 21:00:00,93.90000,93.98000,93.80000,93.84000
2025-03-21 22:00:00,93.84000,93.86000,93.67000,93.69000
2025-03-21 23:00:00,93.69000,93.77000,93.44000,93.44000
2025-03-22 00:00:00,93.44000,93.47000,93.29000,93.42000
2025-03-22 01:00:00,93.43000,93.54000,93.34000,93.45000
2025-03-22 02:00:00,93.45000,93.47000,93.16000,93.32000
2025-03-22 03:00:00,93.32000,93.65000,93.27000,93.65000
2025-03-22 04:00:00,93.64000,93.74000,93.54000,93.64000
2025-03-22 05:00:00,93.64000,93.70000,93.61000,93.64000
2025-03-22 06:00:00,93.64000,93.72000,93.58000,93.71000
2025-03-22 07:00:00,93.70000,93.71000,93.62000,93.68000
2025-03-24 09:00:00,93.69000,94.040001,93.69000,93.91000
2025-03-24 10:00:00,93.92000,94.13000,93.85000,94.12000
2025-03-24 11:00:00,94.12000,94.25,94.040001,94.23000
2025-03-24 12:00:00,94.23000,94.26000,94.15000,94.15000
2025-03-24 13:00:00,94.15000,94.19000,94.080002,94.089996
2025-03-24 14:00:00,94.089996,94.21000,93.98000,94.029999
2025-03-24 15:00:00,94.040001,94.040001,93.94000,94.040001
2025-03-24 16:00:00,94.040001,94.070000,93.97000,94.019997
2025-03-24 17:00:00,94.019997,94.17000,93.99000,94.099998
2025-03-24 18:00:00,94.099998,94.27000,94.080002,94.15000
2025-03-24 19:00:00,94.14000,94.32000,94.14000,94.19000
2025-03-24 20:00:00,94.18000,94.27000,94.11000,94.19000
2025-03-24 21:00:00,94.18000,94.30000,94.16000,94.26000
2025-03-24 22:00:00,94.26000,94.34000,94.24000,94.24000
2025-03-24 23:00:00,94.23000,94.27000,94.13000,94.17000
2025-03-25 00:00:00,94.16000,94.39000,94.11000,94.35000
2025-03-25 01:00:00,94.35000,94.66000,94.33000,94.62000
2025-03-25 02:00:00,94.62000,94.74000,94.55000,94.64000
2025-03-25 03:00:00,94.64000,94.67000,94.38000,94.44000
2025-03-25 04:00:00,94.44000,94.48000,94.37000,94.48000
2025-03-25 05:00:00,94.48000,94.68000,94.40000,94.59000
2025-03-25 06:00:00,94.60000,94.66000,94.58000,94.65000
2025-03-25 07:00:00,94.64000,94.75,94.64000,94.73000
2025-03-25 08:00:00,94.67000,94.74000,94.64000,94.68000
2025-03-25 09:00:00,94.67000,94.75,94.67000,94.71000
2025-03-25 10:00:00,94.71000,94.81000,94.69000,94.79000
2025-03-25 11:00:00,94.80000,94.87000,94.75,94.85000
2025-03-25 12:00:00,94.85000,94.92000,94.73000,94.76000
2025-03-25 13:00:00,94.76000,94.79000,94.67000,94.78000
2025-03-25 14:00:00,94.78000,94.82000,94.69000,94.72000
2025-03-25 15:00:00,94.73000,94.76000,94.62000,94.65000
2025-03-25 16:00:00,94.65000,94.70000,94.63000,94.64000
2025-03-25 17:00:00,94.64000,94.70000,94.56000,94.64000
2025-03-25 18:00:00,94.64000,94.73000,94.60000,94.70000
2025-03-25 19:00:00,94.71000,94.75,94.57000,94.66000
2025-03-25 20:00:00,94.65000,94.83000,94.63000,94.78000
2025-03-25 21:00:00,94.78000,94.89000,94.71000,94.88000
2025-03-25 22:00:00,94.88000,94.91000,94.80000,94.88000
2025-03-25 23:00:00,94.88000,94.88000,94.71000,94.79000
2025-03-26 00:00:00,94.78000,94.81000,94.64000,94.65000
2025-03-26 01:00:00,94.64000,94.65000,94.44000,94.53000
2025-03-26 02:00:00,94.53000,94.59000,94.36000,94.46000
2025-03-26 03:00:00,94.46000,94.5,94.39000,94.44000
2025-03-26 04:00:00,94.44000,94.52000,94.38000,94.43000
2025-03-26 05:00:00,94.42000,94.46000,94.34000,94.39000
2025-03-26 06:00:00,94.39000,94.48000,94.38000,94.43000
2025-03-26 07:00:00,94.43000,94.5,94.42000,94.49000
2025-03-26 08:00:00,94.46000,94.54000,94.43000,94.49000
2025-03-26 09:00:00,94.48000,94.54000,94.47000,94.52000
2025-03-26 10:00:00,94.52000,94.58000,94.48000,94.57000
2025-03-26 11:00:00,94.57000,94.62000,94.45000,94.45000
2025-03-26 12:00:00,94.45000,94.64000,94.27000,94.58000
2025-03-26 13:00:00,94.58000,94.80000,94.54000,94.79000
2025-03-26 14:00:00,94.78000,94.95000,94.78000,94.91000
2025-03-26 15:00:00,94.91000,95,94.89000,95
2025-03-26 16:00:00,95,95.080002,94.96000,94.98000
2025-03-26 17:00:00,94.98000,95.13000,94.98000,95.059998
2025-03-26 18:00:00,95.059998,95.19000,95.019997,95.029999
2025-03-26 19:00:00,95.029999,95.059998,94.82000,94.91000
2025-03-26 20:00:00,94.91000,95.059998,94.86000,94.93000
2025-03-26 21:00:00,94.93000,95.059998,94.89000,95.029999
2025-03-26 22:00:00,95.029999,95.050003,94.94000,94.95000
2025-03-26 23:00:00,94.95000,95.029999,94.82000,94.97000
2025-03-27 00:00:00,94.97000,95.059998,94.85000,94.85000
2025-03-27 01:00:00,94.85000,95.070000,94.83000,95.029999
2025-03-27 02:00:00,95.029999,95.19000,94.86000,95.010002
2025-03-27 03:00:00,95.010002,95.010002,94.79000,94.91000
2025-03-27 04:00:00,94.91000,94.99000,94.54000,94.64000
2025-03-27 05:00:00,94.64000,94.78000,94.59000,94.59000
2025-03-27 06:00:00,94.59000,94.74000,94.55000,94.72000
2025-03-27 07:00:00,94.72000,94.86000,94.70000,94.74000
2025-03-27 08:00:00,94.83000,94.86000,94.64000,94.68000
2025-03-27 09:00:00,94.72000,94.81000,94.43000,94.43000
2025-03-27 10:00:00,94.43000,94.60000,94.42000,94.59000
2025-03-27 11:00:00,94.59000,94.77000,94.57000,94.68000
2025-03-27 12:00:00,94.68000,94.74000,94.44000,94.5
2025-03-27 13:00:00,94.5,94.81000,94.49000,94.70000
2025-03-27 14:00:00,94.70000,94.79000,94.67000,94.73000
2025-03-27 15:00:00,94.73000,94.85000,94.72000,94.82000
2025-03-27 16:00:00,94.82000,94.91000,94.62000,94.70000
2025-03-27 17:00:00,94.69000,95.050003,94.67000,94.97000
2025-03-27 18:00:00,94.97000,94.98000,94.79000,94.91000
2025-03-27 19:00:00,94.92000,95.099998,94.87000,95.099998
2025-03-27 20:00:00,95.099998,95.20000,95.099998,95.19000
2025-03-27 21:00:00,95.20000,95.23000,95.13000,95.22000
2025-03-27 22:00:00,95.22000,95.36000,95.18000,95.36000
2025-03-27 23:00:00,95.36000,95.40000,95.080002,95.11000
2025-03-28 00:00:00,95.11000,95.11000,94.85000,95.070000
2025-03-28 01:00:00,95.070000,95.23000,94.93000,95.21000
2025-03-28 02:00:00,95.21000,95.24000,95.080002,95.21000
2025-03-28 03:00:00,95.22000,95.35000,95.17000,95.18000
2025-03-28 04:00:00,95.18000,95.36000,95.15000,95.18000
2025-03-28 05:00:00,95.19000,95.28000,95.18000,95.21000
2025-03-28 06:00:00,95.21000,95.30000,95.16000,95.18000
2025-03-28 07:00:00,95.18000,95.29000,95.17000,95.29000
2025-03-28 08:00:00,95.23000,95.23000,95.16000,95.19000
2025-03-28 09:00:00,95.18000,95.21000,95.14000,95.14000
2025-03-28 10:00:00,95.14000,95.15000,94.98000,95.050003
2025-03-28 11:00:00,95.050003,95.19000,94.97000,95.050003
2025-03-28 12:00:00,95.040001,95.050003,94.85000,94.86000
2025-03-28 13:00:00,94.85000,94.95000,94.84000,94.90000
2025-03-28 14:00:00,94.89000,94.91000,94.71000,94.76000
2025-03-28 15:00:00,94.76000,94.87000,94.70000,94.79000
2025-03-28 16:00:00,94.79000,94.85000,94.76000,94.78000
2025-03-28 17:00:00,94.79000,94.85000,94.66000,94.67000
2025-03-28 18:00:00,94.68000,94.77000,94.64000,94.65000
2025-03-28 19:00:00,94.65000,94.83000,94.64000,94.80000
2025-03-28 20:00:00,94.80000,94.86000,94.72000,94.79000
2025-03-28 21:00:00,94.80000,94.94000,94.76000,94.85000
2025-03-28 22:00:00,94.85000,94.94000,94.84000,94.90000
2025-03-28 23:00:00,94.90000,95,94.82000,94.94000
2025-03-29 00:00:00,94.95000,95.12000,94.83000,94.91000
2025-03-29 01:00:00,94.90000,94.91000,94.32000,94.46000
2025-03-29 02:00:00,94.46000,94.76000,94.43000,94.64000
2025-03-29 03:00:00,94.64000,94.69000,94.40000,94.43000
2025-03-29 04:00:00,94.43000,94.44000,94.19000,94.32000
2025-03-29 05:00:00,94.32000,94.42000,94.24000,94.28000
2025-03-29 06:00:00,94.28000,94.32000,94.15000,94.16000
2025-03-29 07:00:00,94.16000,94.27000,94.099998,94.20000
2025-03-31 09:00:00,93.98000,94.010002,93.80000,93.82000
2025-03-31 10:00:00,93.82000,94,93.63000,94
2025-03-31 11:00:00,94,94.019997,93.63000,93.86000
2025-03-31 12:00:00,93.86000,94.050003,93.71000,93.81000
2025-03-31 13:00:00,93.81000,93.84000,93.57000,93.60000
2025-03-31 14:00:00,93.60000,93.62000,93.41000,93.53000
2025-03-31 15:00:00,93.53000,93.66000,93.43000,93.61000
2025-03-31 16:00:00,93.61000,93.79000,93.58000,93.63000
2025-03-31 17:00:00,93.63000,93.68000,93.48000,93.64000
2025-03-31 18:00:00,93.64000,93.69000,93.34000,93.5
2025-03-31 19:00:00,93.5,93.54000,93.24000,93.27000
2025-03-31 20:00:00,93.27000,93.37000,93.22000,93.26000
2025-03-31 21:00:00,93.26000,93.39000,93.20000,93.35000
2025-03-31 22:00:00,93.36000,93.39000,93.23000,93.36000
2025-03-31 23:00:00,93.37000,93.38000,93.27000,93.30000
2025-04-01 00:00:00,93.29000,93.38000,93.059998,93.24000
2025-04-01 01:00:00,93.24000,93.34000,93.14000,93.16000
2025-04-01 02:00:00,93.17000,93.55000,93.15000,93.46000
2025-04-01 03:00:00,93.46000,93.69000,93.43000,93.55000
2025-04-01 04:00:00,93.55000,93.75,93.55000,93.64000
2025-04-01 05:00:00,93.63000,93.93000,93.62000,93.82000
2025-04-01 06:00:00,93.82000,93.87000,93.68000,93.71000
2025-04-01 07:00:00,93.72000,93.76000,93.53000,93.53000
2025-04-01 08:00:00,93.67000,93.70000,93.62000,93.64000
2025-04-01 09:00:00,93.65000,93.70000,93.54000,93.56000
2025-04-01 10:00:00,93.55000,93.73000,93.52000,93.57000
2025-04-01 11:00:00,93.56000,93.62000,93.38000,93.46000
2025-04-01 12:00:00,93.44000,93.55000,93.27000,93.52000
2025-04-01 13:00:00,93.52000,93.73000,93.51000,93.71000
2025-04-01 14:00:00,93.71000,93.83000,93.5,93.52000
2025-04-01 15:00:00,93.51000,93.76000,93.46000,93.76000
2025-04-01 16:00:00,93.76000,93.87000,93.71000,93.71000
2025-04-01 17:00:00,93.70000,93.91000,93.65000,93.82000
2025-04-01 18:00:00,93.81000,93.81000,93.44000,93.48000
2025-04-01 19:00:00,93.47000,93.66000,93.43000,93.64000
2025-04-01 20:00:00,93.64000,93.74000,93.57000,93.65000
2025-04-01 21:00:00,93.66000,93.68000,93.32000,93.37000
2025-04-01 22:00:00,93.38000,93.42000,93.15000,93.24000
2025-04-01 23:00:00,93.24000,93.44000,93.23000,93.41000
2025-04-02 00:00:00,93.41000,93.57000,93.40000,93.46000
2025-04-02 01:00:00,93.51000,93.72000,93.25,93.66000
2025-04-02 02:00:00,93.66000,93.90000,93.64000,93.80000
2025-04-02 03:00:00,93.80000,94.010002,93.66000,93.77000
2025-04-02 04:00:00,93.79000,93.82000,93.67000,93.70000
2025-04-02 05:00:00,93.71000,93.71000,93.53000,93.59000
2025-04-02 06:00:00,93.59000,93.93000,93.59000,93.93000
2025-04-02 07:00:00,93.93000,93.97000,93.84000,93.94000
2025-04-02 08:00:00,93.91000,93.95000,93.87000,93.93000
2025-04-02 09:00:00,93.94000,94.21000,93.92000,94.18000
2025-04-02 10:00:00,94.17000,94.25,94.080002,94.17000
2025-04-02 11:00:00,94.17000,94.18000,94,94.019997
2025-04-02 12:00:00,94.019997,94.28000,93.99000,94.27000
2025-04-02 13:00:00,94.27000,94.41000,94.23000,94.31000
2025-04-02 14:00:00,94.31000,94.38000,94.29000,94.32000
2025-04-02 15:00:00,94.32000,94.46000,94.30000,94.42000
2025-04-02 16:00:00,94.43000,94.43000,94.31000,94.34000
2025-04-02 17:00:00,94.34000,94.58000,94.26000,94.28000
2025-04-02 18:00:00,94.27000,94.37000,94.17000,94.34000
2025-04-02 19:00:00,94.34000,94.39000,94.27000,94.39000
2025-04-02 20:00:00,94.39000,94.46000,94.30000,94.35000
2025-04-02 21:00:00,94.35000,94.35000,94.089996,94.17000
2025-04-02 22:00:00,94.17000,94.18000,94.070000,94.099998
2025-04-02 23:00:00,94.11000,94.12000,93.93000,94.080002
2025-04-03 00:00:00,94.070000,94.30000,93.97000,94.22000
2025-04-03 01:00:00,94.21000,94.43000,94.13000,94.35000
2025-04-03 02:00:00,94.34000,94.55000,94.29000,94.49000
2025-04-03 03:00:00,94.49000,94.60000,94.45000,94.58000
2025-04-03 04:00:00,94.58000,94.67000,94.47000,94.52000
2025-04-03 05:00:00,94.52000,94.56000,94.34000,94.36000
2025-04-03 06:00:00,94.36000,94.54000,94.36000,94.48000
2025-04-03 07:00:00,94.47000,95.32000,93.53000,94.040001
2025-04-03 08:00:00,93.92000,93.93000,92.98000,93.080002
2025-04-03 09:00:00,93.099998,93.12000,92.31000,92.83000
2025-04-03 10:00:00,92.83000,92.83000,92.53000,92.63000
2025-04-03 11:00:00,92.65000,93,92.51000,92.70000
2025-04-03 12:00:00,92.70000,92.91000,92.65000,92.72000
2025-04-03 13:00:00,92.72000,92.82000,92.58000,92.82000
2025-04-03 14:00:00,92.82000,92.83000,92.34000,92.38000
2025-04-03 15:00:00,92.38000,92.49000,92.29000,92.45000
2025-04-03 16:00:00,92.45000,92.69000,92.45000,92.45000
2025-04-03 17:00:00,92.46000,92.87000,92.42000,92.63000
2025-04-03 18:00:00,92.64000,92.96000,92.62000,92.88000
2025-04-03 19:00:00,92.87000,93.14000,92.84000,93.019997
2025-04-03 20:00:00,93.019997,93.019997,92.74000,92.95000
2025-04-03 21:00:00,92.95000,93.099998,92.90000,92.96000
2025-04-03 22:00:00,92.97000,93.050003,92.84000,92.88000
2025-04-03 23:00:00,92.87000,93.010002,92.65000,92.81000
2025-04-04 00:00:00,92.80000,93.070000,92.74000,92.78000
2025-04-04 01:00:00,92.74000,93.059998,92.59000,92.68000
2025-04-04 02:00:00,92.67000,92.89000,92.58000,92.74000
2025-04-04 03:00:00,92.73000,93.040001,92.73000,92.81000
2025-04-04 04:00:00,92.81000,92.82000,92.63000,92.65000
2025-04-04 05:00:00,92.65000,92.82000,92.52000,92.80000
2025-04-04 06:00:00,92.81000,92.84000,92.38000,92.39000
2025-04-04 07:00:00,92.40000,92.5,92.31000,92.44000
2025-04-04 08:00:00,92.43000,92.47000,92.32000,92.34000
2025-04-04 09:00:00,92.33000,92.43000,92.080002,92.13000
2025-04-04 10:00:00,92.12000,92.53000,92.11000,92.52000
2025-04-04 11:00:00,92.52000,92.64000,92.27000,92.32000
2025-04-04 12:00:00,92.32000,92.55000,92.14000,92.19000
2025-04-04 13:00:00,92.20000,92.27000,91.62000,91.65000
2025-04-04 14:00:00,91.65000,91.67000,91.080002,91.099998
2025-04-04 15:00:00,91.099998,91.15000,90.57000,90.65000
2025-04-04 16:00:00,90.65000,91.16000,90.62000,91.14000
2025-04-04 17:00:00,91.13000,91.25,91.019997,91.089996
2025-04-04 18:00:00,91.099998,91.13000,90.76000,90.87000
2025-04-04 19:00:00,90.87000,91,90.75,90.86000
2025-04-04 20:00:00,90.88000,90.92000,90.70000,90.73000
2025-04-04 21:00:00,90.73000,90.80000,89.010002,89.089996
2025-04-04 22:00:00,89.11000,89.40000,87.70000,88.88000
2025-04-04 23:00:00,88.85000,89.21000,88.61000,89.050003
2025-04-05 00:00:00,89.059998,89.48000,88.33000,88.66000
2025-04-05 01:00:00,88.65000,88.81000,87.41000,88.16000
2025-04-05 02:00:00,88.16000,88.96000,87.61000,88.17000
2025-04-05 03:00:00,88.18000,88.49000,87.97000,88.15000
2025-04-05 04:00:00,88.15000,88.91000,87.92000,88.82000
2025-04-05 05:00:00,88.84000,89.050003,88.15000,88.43000
2025-04-05 06:00:00,88.43000,89.089996,88.40000,88.67000
2025-04-05 07:00:00,88.67000,88.84000,88.59000,88.81000
2025-04-07 09:00:00,86.93000,87.25,86.81000,87.070000
2025-04-07 10:00:00,87.070000,87.53000,86.68000,87.5
2025-04-07 11:00:00,87.5,88.059998,87.33000,87.90000
2025-04-07 12:00:00,87.90000,88.36000,87.78000,88.13000
2025-04-07 13:00:00,88.13000,88.29000,87.93000,88.12000
2025-04-07 14:00:00,88.12000,88.26000,87.68000,87.75
2025-04-07 15:00:00,87.74000,88.58000,87.59000,87.71000
2025-04-07 16:00:00,87.69000,87.83000,87.089996,87.41000
2025-04-07 17:00:00,87.42000,87.68000,87.29000,87.60000
2025-04-07 18:00:00,87.61000,87.96000,87.54000,87.75
2025-04-07 19:00:00,87.75,88.010002,87.35000,87.79000
2025-04-07 20:00:00,87.80000,88.85000,87.80000,88.32000
2025-04-07 21:00:00,88.31000,88.65000,88.20000,88.39000
2025-04-07 22:00:00,88.39000,89.5,88.26000,89.38000
2025-04-07 23:00:00,89.35000,89.35000,88.54000,89.080002
2025-04-08 00:00:00,89.070000,90.49000,88.45000,88.66000
2025-04-08 01:00:00,88.67000,89.019997,87.77000,88.48000
2025-04-08 02:00:00,88.48000,88.48000,87.96000,88.019997
2025-04-08 03:00:00,88.019997,88.84000,88.019997,88.77000
2025-04-08 04:00:00,88.77000,88.85000,88.22000,88.31000
2025-04-08 05:00:00,88.32000,88.55000,88.080002,88.42000
2025-04-08 06:00:00,88.41000,88.67000,88.41000,88.5
2025-04-08 07:00:00,88.43000,88.63000,88.36000,88.48000
2025-04-08 08:00:00,88.45000,88.73000,88.45000,88.64000
2025-04-08 09:00:00,88.63000,88.87000,88.59000,88.63000
2025-04-08 10:00:00,88.62000,88.96000,88.41000,88.49000
2025-04-08 11:00:00,88.47000,88.83000,88.25,88.76000
2025-04-08 12:00:00,88.75,88.90000,88.69000,88.74000
2025-04-08 13:00:00,88.74000,89,88.71000,88.99000
2025-04-08 14:00:00,88.97000,89.55000,88.97000,89.54000
2025-04-08 15:00:00,89.53000,89.60000,89.22000,89.57000
2025-04-08 16:00:00,89.57000,89.57000,89.15000,89.24000
2025-04-08 17:00:00,89.22000,89.36000,89.019997,89.19000
2025-04-08 18:00:00,89.19000,89.48000,89.010002,89.40000
2025-04-08 19:00:00,89.40000,89.40000,88.90000,88.92000
2025-04-08 20:00:00,88.92000,89.050003,88.69000,88.69000
2025-04-08 21:00:00,88.70000,88.99000,88.58000,88.94000
2025-04-08 22:00:00,88.95000,89.12000,88.78000,88.96000
2025-04-08 23:00:00,88.96000,89.47000,88.87000,89.47000
2025-04-09 00:00:00,89.47000,89.69000,88.71000,88.77000
2025-04-09 01:00:00,88.77000,88.87000,88.18000,88.42000
2025-04-09 02:00:00,88.41000,88.5,87.64000,87.66000
2025-04-09 03:00:00,87.67000,87.89000,87.34000,87.73000
2025-04-09 04:00:00,87.72000,87.80000,87.31000,87.34000
2025-04-09 05:00:00,87.32000,87.35000,86.87000,87.23000
2025-04-09 06:00:00,87.21000,87.34000,87.029999,87.14000
2025-04-09 07:00:00,87.18000,87.29000,87.019997,87.050003
2025-04-09 08:00:00,87.059998,87.099998,86.83000,86.89000
2025-04-09 09:00:00,86.89000,86.89000,86.52000,86.83000
2025-04-09 10:00:00,86.82000,86.89000,86.050003,86.67000
2025-04-09 11:00:00,86.67000,87.29000,86.65000,87.19000
2025-04-09 12:00:00,87.19000,87.47000,87.089996,87.15000
2025-04-09 13:00:00,87.15000,87.39000,86.62000,86.68000
2025-04-09 14:00:00,86.68000,86.79000,86.25,86.62000
2025-04-09 15:00:00,86.62000,86.81000,86.43000,86.68000
2025-04-09 16:00:00,86.68000,87.25,86.68000,86.84000
2025-04-09 17:00:00,86.82000,87.75,86.75,87.71000
2025-04-09 18:00:00,87.70000,87.87000,87.11000,87.32000
2025-04-09 19:00:00,87.32000,87.61000,87.20000,87.43000
2025-04-09 20:00:00,87.43000,87.91000,87.30000,87.65000
2025-04-09 21:00:00,87.65000,87.65000,86.66000,86.81000
2025-04-09 22:00:00,86.81000,87.089996,86.68000,86.98000
2025-04-09 23:00:00,86.98000,87.79000,86.74000,87.75
2025-04-10 00:00:00,87.75,87.88000,86.76000,86.80000
2025-04-10 01:00:00,86.82000,87.19000,86.75,87.099998
2025-04-10 02:00:00,87.099998,87.37000,87.050003,87.32000
2025-04-10 03:00:00,87.32000,90.34000,87.099998,90.27000
2025-04-10 04:00:00,90.27000,91.26000,90.27000,90.56000
2025-04-10 05:00:00,90.56000,91.32000,90.53000,90.90000
2025-04-10 06:00:00,90.89000,91.050003,90.66000,90.96000
2025-04-10 07:00:00,90.94000,91.050003,90.63000,90.71000
2025-04-10 08:00:00,90.75,90.98000,90.57000,90.66000
2025-04-10 09:00:00,90.67000,90.74000,90.37000,90.41000
2025-04-10 10:00:00,90.38000,90.64000,89.85000,89.91000
2025-04-10 11:00:00,89.89000,90.22000,89.77000,90.040001
2025-04-10 12:00:00,90.040001,90.35000,89.98000,90.32000
2025-04-10 13:00:00,90.32000,90.71000,90.25,90.67000
2025-04-10 14:00:00,90.67000,90.72000,90.44000,90.69000
2025-04-10 15:00:00,90.69000,91.010002,90.62000,90.87000
2025-04-10 16:00:00,90.88000,91.11000,90.71000,91.080002
2025-04-10 17:00:00,91.080002,91.089996,89.98000,90.15000
2025-04-10 18:00:00,90.15000,90.17000,89.71000,90.029999
2025-04-10 19:00:00,90.029999,90.26000,89.80000,89.91000
2025-04-10 20:00:00,89.91000,90.29000,89.89000,89.96000
2025-04-10 21:00:00,89.96000,90.040001,89.82000,90.019997
2025-04-10 22:00:00,90.010002,90.14000,89.67000,89.91000
2025-04-10 23:00:00,89.92000,90.099998,89.56000,89.59000
2025-04-11 00:00:00,89.58000,90.35000,89.40000,90.35000
2025-04-11 01:00:00,90.35000,90.37000,89.25,89.38000
2025-04-11 02:00:00,89.36000,89.69000,88.92000,89.58000
2025-04-11 03:00:00,89.57000,90.15000,89.39000,90.080002
2025-04-11 04:00:00,90.070000,90.37000,89.93000,90.11000
2025-04-11 05:00:00,90.12000,90.26000,89.69000,89.98000
2025-04-11 06:00:00,89.98000,90.19000,89.87000,89.92000
2025-04-11 07:00:00,90.059998,90.12000,89.89000,89.91000
2025-04-11 08:00:00,89.99000,90.010002,89.70000,89.72000
2025-04-11 09:00:00,89.73000,89.75,89.41000,89.46000
2025-04-11 10:00:00,89.46000,89.5,88.80000,89.089996
2025-04-11 11:00:00,89.080002,89.62000,89.019997,89.55000
2025-04-11 12:00:00,89.55000,89.90000,89.30000,89.72000
2025-04-11 13:00:00,89.72000,89.73000,89.32000,89.38000
2025-04-11 14:00:00,89.39000,89.44000,88.53000,88.55000
2025-04-11 15:00:00,88.55000,89.20000,88.49000,89.010002
2025-04-11 16:00:00,88.99000,89.44000,88.99000,89.23000
2025-04-11 17:00:00,89.23000,89.30000,88.77000,88.90000
2025-04-11 18:00:00,88.92000,88.92000,88.30000,88.56000
2025-04-11 19:00:00,88.55000,88.83000,88.43000,88.83000
2025-04-11 20:00:00,88.82000,89.17000,88.68000,89.059998
2025-04-11 21:00:00,89.059998,89.15000,88.92000,88.98000
2025-04-11 22:00:00,88.98000,89.40000,88.91000,89.23000
2025-04-11 23:00:00,89.24000,90.010002,88.91000,89.27000
2025-04-12 00:00:00,89.27000,89.66000,89.019997,89.5
2025-04-12 01:00:00,89.5,89.65000,89.30000,89.65000
2025-04-12 02:00:00,89.64000,90.010002,89.54000,89.93000
2025-04-12 03:00:00,89.93000,90.41000,89.88000,90.38000
2025-04-12 04:00:00,90.37000,90.5,90.29000,90.36000
2025-04-12 05:00:00,90.34000,90.51000,90.31000,90.36000
2025-04-12 06:00:00,90.35000,90.39000,90.19000,90.27000
2025-04-12 07:00:00,90.26800,90.26800,90.26800,90.26800
2025-04-14 09:00:00,90.22100,90.62800,90.15800,90.53200
2025-04-14 10:00:00,90.53500,90.58800,89.89100,89.90100
2025-04-14 11:00:00,89.90200,90.031998,89.56000,89.79100
2025-04-14 12:00:00,89.79100,90.11300,89.73800,90.084000
2025-04-14 13:00:00,90.091003,90.11600,89.86400,89.94500
2025-04-14 14:00:00,89.94500,90.10800,89.84100,90.061996
2025-04-14 15:00:00,90.063004,90.24000,89.92300,89.96800
2025-04-14 16:00:00,89.97100,90.23500,89.89800,90.15400
2025-04-14 17:00:00,90.15100,90.52100,89.95200,90.49200
2025-04-14 18:00:00,90.49100,90.71600,90.39400,90.56100
2025-04-14 19:00:00,90.55700,90.63400,90.41100,90.46300
2025-04-14 20:00:00,90.47000,90.62600,90.33300,90.39900
2025-04-14 21:00:00,90.40000,90.57100,90.29700,90.40600
2025-04-14 22:00:00,90.40800,90.53800,90.32200,90.45500
2025-04-14 23:00:00,90.45600,90.52300,90.27700,90.37300
2025-04-15 00:00:00,90.37700,90.78000,90.34500,90.64700
2025-04-15 01:00:00,90.64600,90.68100,90.20700,90.21800
2025-04-15 02:00:00,90.21500,90.45200,90.11800,90.34400
2025-04-15 03:00:00,90.34600,90.55000,90.25600,90.46100
2025-04-15 04:00:00,90.45600,90.62000,90.44300,90.57800
2025-04-15 05:00:00,90.57300,90.69500,90.50700,90.59000
2025-04-15 06:00:00,90.58900,90.61700,90.375,90.39200
2025-04-15 07:00:00,90.39900,90.50600,90.28700,90.30000
2025-04-15 08:00:00,90.38400,90.53000,90.32600,90.48200
2025-04-15 09:00:00,90.46900,90.59000,90.41500,90.49100
2025-04-15 10:00:00,90.49100,90.86500,90.49100,90.80500
2025-04-15 11:00:00,90.80300,91.0059967,90.73800,90.79800
2025-04-15 12:00:00,90.79500,90.91800,90.70100,90.81600
2025-04-15 13:00:00,90.81600,90.95900,90.73600,90.93500
2025-04-15 14:00:00,90.93400,91.18300,90.91900,91.10200
2025-04-15 15:00:00,91.10900,91.17400,90.83700,90.86700
2025-04-15 16:00:00,90.86700,91.21700,90.68900,91.15000
2025-04-15 17:00:00,91.14900,91.40700,91.11400,91.23000
2025-04-15 18:00:00,91.22900,91.23900,90.66800,90.74700
2025-04-15 19:00:00,90.74600,90.80600,90.59300,90.71500
2025-04-15 20:00:00,90.71600,90.88500,90.69500,90.84600
2025-04-15 21:00:00,90.84500,91.084999,90.78800,90.87700
2025-04-15 22:00:00,90.87700,91.031998,90.78000,91.025002
2025-04-15 23:00:00,91.028000,91.31800,91.027000,91.20400
2025-04-16 00:00:00,91.20600,91.27500,90.81300,90.95200
2025-04-16 01:00:00,90.94600,91.075996,90.80300,90.96000
2025-04-16 02:00:00,90.95900,91.12600,90.85100,90.90200
2025-04-16 03:00:00,90.89800,91.0039978,90.83200,90.91900
2025-04-16 04:00:00,90.91400,90.92000,90.78700,90.85900
2025-04-16 05:00:00,90.85700,90.94700,90.82800,90.85700
2025-04-16 06:00:00,90.85400,90.91400,90.78400,90.78400
2025-04-16 07:00:00,90.78200,90.99300,90.61100,90.66600
2025-04-16 08:00:00,90.66900,90.73200,90.46000,90.68600
2025-04-16 09:00:00,90.68600,90.76700,90.49100,90.68900
2025-04-16 10:00:00,90.68800,90.70200,90.37700,90.47100
2025-04-16 11:00:00,90.47000,90.65500,90.47000,90.59300
2025-04-16 12:00:00,90.59600,90.71300,90.375,90.40400
2025-04-16 13:00:00,90.40700,90.54300,90.30700,90.41200
2025-04-16 14:00:00,90.41100,90.61900,90.35200,90.56600
2025-04-16 15:00:00,90.56500,90.59700,90.20600,90.26600
2025-04-16 16:00:00,90.26100,90.47800,90.20500,90.39500
2025-04-16 17:00:00,90.39900,90.50700,90.13100,90.18900
2025-04-16 18:00:00,90.18400,91.027000,90.12800,90.76800
2025-04-16 19:00:00,90.76800,91.019997,90.68000,90.94000
2025-04-16 20:00:00,90.94900,91.059998,90.84300,90.94100
2025-04-16 21:00:00,90.94100,90.99700,90.85400,90.87900
2025-04-16 22:00:00,90.875,90.96600,90.63700,90.70900
2025-04-16 23:00:00,90.70600,90.81900,90.62300,90.75
2025-04-17 00:00:00,90.75300,90.99500,90.63100,90.91200
2025-04-17 01:00:00,90.91000,91.22000,90.85800,91.017998
2025-04-17 02:00:00,91.021004,91.073997,90.94700,90.95500
2025-04-17 03:00:00,90.96000,91.097000,90.46300,90.46800
2025-04-17 04:00:00,90.46900,90.64000,90.42300,90.44800
2025-04-17 05:00:00,90.44900,90.51400,90.13300,90.47800
2025-04-17 06:00:00,90.47200,90.57600,90.27100,90.28000
2025-04-17 07:00:00,90.29900,90.36900,90.11400,90.28300
2025-04-17 08:00:00,90.26400,90.47300,90.22000,90.39700
2025-04-17 09:00:00,90.39400,90.46700,90.25300,90.37100
2025-04-17 10:00:00,90.36800,90.75100,90.29700,90.68000
2025-04-17 11:00:00,90.68000,90.81800,90.57200,90.71700
2025-04-17 12:00:00,90.71700,90.73700,90.53300,90.68500
2025-04-17 13:00:00,90.68100,90.71200,90.53100,90.56500
2025-04-17 14:00:00,90.56600,90.62100,90.38600,90.41100
2025-04-17 15:00:00,90.41800,90.55600,90.30000,90.48800
2025-04-17 16:00:00,90.48800,90.59400,90.39600,90.44300
2025-04-17 17:00:00,90.44600,90.74200,90.36000,90.72300
2025-04-17 18:00:00,90.72400,90.82300,90.61500,90.64600
2025-04-17 19:00:00,90.64500,90.76300,90.61600,90.70000
2025-04-17 20:00:00,90.69800,90.73800,90.50700,90.57000
2025-04-17 21:00:00,90.57100,90.67500,90.56600,90.66200
2025-04-17 22:00:00,90.65700,90.85200,90.60200,90.80000
2025-04-17 23:00:00,90.80000,90.88700,90.68000,90.77700
2025-04-18 00:00:00,90.77700,90.80000,90.47800,90.52100
2025-04-18 01:00:00,90.52100,90.81300,90.50800,90.80300
2025-04-18 02:00:00,90.80200,91.027000,90.73200,90.93300
2025-04-18 03:00:00,90.93400,91.013000,90.82600,91.012001
2025-04-18 04:00:00,91.0059967,91.17200,90.95800,91.011002
2025-04-18 05:00:00,91.014000,91.023003,90.91300,90.96000
2025-04-18 06:00:00,90.95700,91.082001,90.85200,90.85200
2025-04-18 07:00:00,90.85600,91.023003,90.73900,90.92900
2025-04-18 08:00:00,90.93400,90.98400,90.78400,90.88800
2025-04-18 09:00:00,90.93700,91.032997,90.82900,90.91500
2025-04-18 10:00:00,90.93500,91.019997,90.81300,90.94500
2025-04-18 11:00:00,90.94300,90.97600,90.79600,90.80600
2025-04-18 12:00:00,90.79900,90.88200,90.59800,90.625
2025-04-18 13:00:00,90.63000,90.82600,90.58800,90.73400
2025-04-18 14:00:00,90.73000,90.86200,90.69700,90.81700
2025-04-18 15:00:00,90.81600,90.84300,90.69300,90.76900
2025-04-18 16:00:00,90.76800,90.84700,90.73200,90.82300
2025-04-18 17:00:00,90.81700,90.84300,90.65400,90.68700
2025-04-18 18:00:00,90.68700,90.71600,90.63300,90.66900
2025-04-18 19:00:00,90.66900,90.77400,90.64800,90.72100
2025-04-18 20:00:00,90.72300,90.78400,90.64000,90.73200
2025-04-18 21:00:00,90.73400,90.76600,90.64500,90.71600
2025-04-18 22:00:00,90.71400,90.74300,90.67400,90.70400
2025-04-18 23:00:00,90.70300,90.72700,90.62900,90.70800
2025-04-19 00:00:00,90.71000,90.72600,90.61500,90.65000
2025-04-19 01:00:00,90.65200,90.67000,90.60900,90.65300
2025-04-19 02:00:00,90.65400,90.66800,90.56300,90.63300
2025-04-19 03:00:00,90.62900,90.69600,90.61400,90.64800
2025-04-19 04:00:00,90.64600,90.66400,90.61300,90.64700
2025-04-19 05:00:00,90.64700,90.65600,90.57600,90.61200
2025-04-19 06:00:00,90.60700,90.65100,90.53300,90.56900
2025-04-19 07:00:00,90.66100,90.66100,90.66100,90.66100
2025-04-21 09:00:00,90.46100,90.50700,90.33600,90.47000
2025-04-21 10:00:00,90.46800,90.48200,90.14000,90.16300
2025-04-21 11:00:00,90.15900,90.22500,90.068001,90.11800
2025-04-21 12:00:00,90.11800,90.17700,89.96600,90.096001
2025-04-21 13:00:00,90.094002,90.45700,90.026001,90.42600
2025-04-21 14:00:00,90.42900,90.48900,90.32100,90.33300
2025-04-21 15:00:00,90.33100,90.48500,90.29800,90.41200
2025-04-21 16:00:00,90.41100,90.44100,90.31600,90.38200
2025-04-21 17:00:00,90.37900,90.48800,90.25400,90.42700
2025-04-21 18:00:00,90.42600,90.46900,90.33800,90.38400
2025-04-21 19:00:00,90.37900,90.51500,90.33400,90.36000
2025-04-21 20:00:00,90.36100,90.58900,90.33900,90.57400
2025-04-21 21:00:00,90.57500,90.65600,90.40100,90.44500
2025-04-21 22:00:00,90.44400,90.59500,90.31900,90.52600
2025-04-21 23:00:00,90.52500,90.60600,90.38800,90.40200
2025-04-22 00:00:00,90.40100,90.48000,90.28800,90.43800
2025-04-22 01:00:00,90.43600,90.45700,90.24400,90.26400
2025-04-22 02:00:00,90.26400,90.40400,90.24200,90.31200
2025-04-22 03:00:00,90.31100,90.32200,90.085999,90.099998
2025-04-22 04:00:00,90.095001,90.21600,90.033997,90.15600
2025-04-22 05:00:00,90.15200,90.44500,90.14000,90.41100
2025-04-22 06:00:00,90.41100,90.46900,90.26600,90.26600
2025-04-22 07:00:00,90.29000,90.40900,90.19900,90.25100
2025-04-22 08:00:00,90.29700,90.40600,90.23700,90.27800
2025-04-22 09:00:00,90.28400,90.49100,90.24400,90.45700
2025-04-22 10:00:00,90.45800,90.57400,90.20000,90.26600
2025-04-22 11:00:00,90.26600,90.50100,90.26300,90.37700
2025-04-22 12:00:00,90.37900,90.42000,90.26100,90.30700
2025-04-22 13:00:00,90.30600,90.31600,90.10700,90.19400
2025-04-22 14:00:00,90.19700,90.22600,90.093002,90.17000
2025-04-22 15:00:00,90.16900,90.21600,89.95300,90.053001
2025-04-22 16:00:00,90.058998,90.29600,89.98500,90.15900
2025-04-22 17:00:00,90.15800,90.25600,89.98400,90.011002
2025-04-22 18:00:00,90.014999,90.19700,89.99100,90.046997
2025-04-22 19:00:00,90.052002,90.10100,89.88300,89.91600
2025-04-22 20:00:00,89.90800,89.92000,89.74500,89.79500
2025-04-22 21:00:00,89.79600,89.81100,89.63300,89.69400
2025-04-22 22:00:00,89.69300,89.83700,89.67500,89.80900
2025-04-22 23:00:00,89.80800,89.94200,89.66800,89.90000
2025-04-23 00:00:00,89.89700,90.027000,89.83700,89.90700
2025-04-23 01:00:00,89.90700,90.053001,89.79400,90.0029984
2025-04-23 02:00:00,90.0039978,90.45800,90.0039978,90.38700
2025-04-23 03:00:00,90.38600,90.50100,89.95800,90.055000
2025-04-23 04:00:00,90.054001,90.24400,90.040001,90.20100
2025-04-23 05:00:00,90.19900,90.27600,90.037003,90.11200
2025-04-23 06:00:00,90.11100,90.19300,90.077003,90.077003
2025-04-23 07:00:00,89.98400,90.90400,89.95600,90.69800
2025-04-23 08:00:00,90.75,91.012001,90.69100,90.91600
2025-04-23 09:00:00,90.93500,91.032997,90.78300,90.95000
2025-04-23 10:00:00,90.94900,91.022003,90.79500,90.84100
2025-04-23 11:00:00,90.83700,91.0090027,90.57300,90.64800
2025-04-23 12:00:00,90.64700,90.74100,90.59700,90.65100
2025-04-23 13:00:00,90.65100,90.89600,90.58500,90.85400
2025-04-23 14:00:00,90.85500,90.91100,90.70700,90.74900
2025-04-23 15:00:00,90.75300,90.90000,90.64800,90.85500
2025-04-23 16:00:00,90.85500,91.027000,90.82400,90.95400
2025-04-23 17:00:00,90.95300,90.98700,90.71900,90.92700
2025-04-23 18:00:00,90.92700,90.98000,90.75700,90.85600
2025-04-23 19:00:00,90.85100,91.042000,90.80800,91.0019989
2025-04-23 20:00:00,90.99800,91.017998,90.82700,90.96800
2025-04-23 21:00:00,90.97100,91.042000,90.77000,90.78300
2025-04-23 22:00:00,90.78100,91.0090027,90.68000,90.99000
2025-04-23 23:00:00,90.99300,91.54900,90.89700,91.47400
2025-04-24 00:00:00,91.47500,91.60500,91.13900,91.39100
2025-04-24 01:00:00,91.39200,91.48100,90.70800,90.90000
2025-04-24 02:00:00,90.90000,91.12300,90.73500,91.065002
2025-04-24 03:00:00,91.070999,91.27800,90.96800,91.21000
2025-04-24 04:00:00,91.20700,91.36700,91.18800,91.26700
2025-04-24 05:00:00,91.26300,91.30500,91.0080032,91.14600
2025-04-24 06:00:00,91.14700,91.31300,91.065002,91.17200
2025-04-24 07:00:00,91.098000,91.34400,90.90600,91.042000
2025-04-24 08:00:00,91.040001,91.088997,90.95300,91.056000
2025-04-24 09:00:00,91.059998,91.21000,91.018997,91.10700
2025-04-24 10:00:00,91.11000,91.26100,90.875,90.95800
2025-04-24 11:00:00,90.95800,91.021004,90.70300,90.71800
2025-04-24 12:00:00,90.72000,90.93000,90.61900,90.91000
2025-04-24 13:00:00,90.91100,90.93100,90.72500,90.83500
2025-04-24 14:00:00,90.83400,90.90000,90.71500,90.75700
2025-04-24 15:00:00,90.75700,90.90000,90.54800,90.61100
2025-04-24 16:00:00,90.61200,90.94000,90.61000,90.87900
2025-04-24 17:00:00,90.88400,91.060997,90.84000,91.0080032
2025-04-24 18:00:00,91,91.054001,90.91900,90.93700
2025-04-24 19:00:00,90.94400,91.040001,90.88700,90.93600
2025-04-24 20:00:00,90.93600,91.021004,90.86100,90.96200
2025-04-24 21:00:00,90.95600,91.017998,90.81300,90.88500
2025-04-24 22:00:00,90.88200,91.0049973,90.80500,90.85700
2025-04-24 23:00:00,90.85500,91.014000,90.80200,90.98200
2025-04-25 00:00:00,90.98000,91.19100,90.93600,91.16500
2025-04-25 01:00:00,91.16600,91.28500,91.12900,91.19700
2025-04-25 02:00:00,91.19700,91.40200,91.15700,91.375
2025-04-25 03:00:00,91.37600,91.40500,91.28100,91.36600
2025-04-25 04:00:00,91.36600,91.41500,91.32200,91.36800
2025-04-25 05:00:00,91.36600,91.41900,91.25900,91.38900
2025-04-25 06:00:00,91.38800,91.45900,91.30600,91.30600
2025-04-25 07:00:00,91.32600,91.5,91.18100,91.36400
2025-04-25 08:00:00,91.42200,91.54600,91.35700,91.46500
2025-04-25 09:00:00,91.47300,91.54100,91.40200,91.42800
2025-04-25 10:00:00,91.42800,91.63900,91.42000,91.59800
2025-04-25 11:00:00,91.59600,91.63500,91.40000,91.42300
2025-04-25 12:00:00,91.42600,91.50300,91.38300,91.48700
2025-04-25 13:00:00,91.49200,92.16000,91.48100,92.14000
2025-04-25 14:00:00,92.14000,92.22100,91.98800,91.99600
2025-04-25 15:00:00,91.99800,92.10900,91.83300,91.84600
2025-04-25 16:00:00,91.84700,91.96600,91.79900,91.94800
2025-04-25 17:00:00,91.94000,92.14300,91.59000,91.76500
2025-04-25 18:00:00,91.76800,91.86200,91.50900,91.64500
2025-04-25 19:00:00,91.64600,91.65100,91.44600,91.55400
2025-04-25 20:00:00,91.55200,91.72500,91.33000,91.39200
2025-04-25 21:00:00,91.39100,91.53700,91.36800,91.46700
2025-04-25 22:00:00,91.46700,91.54000,91.42400,91.51600
2025-04-25 23:00:00,91.51100,91.83700,91.47500,91.79400
2025-04-26 00:00:00,91.79000,92.052002,91.71600,92.011002
2025-04-26 01:00:00,92.010002,92.028999,91.875,91.92900
2025-04-26 02:00:00,91.92500,92.015999,91.88500,91.97800
2025-04-26 03:00:00,91.97500,92.097000,91.64700,91.74700
2025-04-26 04:00:00,91.74500,91.94400,91.69900,91.91100
2025-04-26 05:00:00,91.90900,91.93900,91.85000,91.93700
2025-04-26 06:00:00,91.93700,92.068001,91.82600,91.89500
2025-04-26 07:00:00,91.88700,91.88700,91.88700,91.88700
2025-04-28 09:00:00,91.91600,91.92600,91.74600,91.80600
2025-04-28 10:00:00,91.80300,91.81000,91.58300,91.64500
2025-04-28 11:00:00,91.64900,91.73800,91.57900,91.69800
2025-04-28 12:00:00,91.69900,91.81100,91.62600,91.64700
2025-04-28 13:00:00,91.65300,91.76300,91.53300,91.69200
2025-04-28 14:00:00,91.69000,91.85400,91.68200,91.76500
2025-04-28 15:00:00,91.76400,91.92000,91.73800,91.90300
2025-04-28 16:00:00,91.90200,91.95500,91.75200,91.82800
2025-04-28 17:00:00,91.82700,91.84100,91.51200,91.51600
2025-04-28 18:00:00,91.51300,91.63900,91.47300,91.58700
2025-04-28 19:00:00,91.58000,91.80600,91.57100,91.75500
2025-04-28 20:00:00,91.75600,91.82800,91.71600,91.74900
2025-04-28 21:00:00,91.74700,91.78900,91.67600,91.68600
2025-04-28 22:00:00,91.68300,91.75400,91.63200,91.67100
2025-04-28 23:00:00,91.66500,91.81500,91.63400,91.69300
2025-04-29 00:00:00,91.69200,91.78900,91.59200,91.75400
2025-04-29 01:00:00,91.75200,91.76800,91.46100,91.49800
2025-04-29 02:00:00,91.49200,91.51900,91.31500,91.35300
2025-04-29 03:00:00,91.35200,91.36100,91.19700,91.35300
2025-04-29 04:00:00,91.35200,91.45100,91.31200,91.32000
2025-04-29 05:00:00,91.32300,91.43100,91.29600,91.40200
2025-04-29 06:00:00,91.40300,91.43100,91.27200,91.27200
2025-04-29 07:00:00,91.29000,91.375,91.15800,91.34000
2025-04-29 08:00:00,91.33900,91.45400,91.31100,91.43700
2025-04-29 09:00:00,91.43400,91.48800,91.36500,91.39200
2025-04-29 10:00:00,91.38800,91.43500,91.29300,91.42700
2025-04-29 11:00:00,91.43300,91.55800,91.36800,91.54800
2025-04-29 12:00:00,91.54800,91.68100,91.42800,91.46400
2025-04-29 13:00:00,91.46400,91.46500,91.33400,91.38200
2025-04-29 14:00:00,91.38200,91.41700,91.32800,91.39200
2025-04-29 15:00:00,91.38900,91.41400,91.28100,91.34800
2025-04-29 16:00:00,91.34700,91.57600,91.34300,91.47100
2025-04-29 17:00:00,91.47000,91.57100,91.41500,91.55200
2025-04-29 18:00:00,91.55400,91.56500,91.36800,91.52400
2025-04-29 19:00:00,91.51900,91.56800,91.47100,91.50400
2025-04-29 20:00:00,91.50700,91.53200,91.27900,91.28200
2025-04-29 21:00:00,91.28900,91.39200,91.23900,91.38800
2025-04-29 22:00:00,91.38300,91.46000,91.22800,91.23000
2025-04-29 23:00:00,91.23400,91.23800,90.90200,90.90800
2025-04-30 00:00:00,90.90400,90.97100,90.58500,90.83200
2025-04-30 01:00:00,90.82900,90.90600,90.76900,90.83900
2025-04-30 02:00:00,90.83900,90.92700,90.67400,90.70500
2025-04-30 03:00:00,90.70500,90.91500,90.68000,90.89600
2025-04-30 04:00:00,90.89500,90.92200,90.81200,90.85900
2025-04-30 05:00:00,90.85800,90.89400,90.79000,90.84000
2025-04-30 06:00:00,90.83800,90.95500,90.77800,90.77800
2025-04-30 07:00:00,90.77800,90.89300,90.68800,90.79900
2025-04-30 08:00:00,90.84300,90.86800,90.76500,90.81500
2025-04-30 09:00:00,90.80800,90.88600,90.75900,90.86400
2025-04-30 10:00:00,90.86300,90.91700,90.79500,90.90800
2025-04-30 11:00:00,90.91300,91.17500,90.87300,91.12600
2025-04-30 12:00:00,91.12000,91.21600,91.049004,91.13200
2025-04-30 13:00:00,91.13100,91.20800,91.044998,91.18100
2025-04-30 14:00:00,91.18200,91.41200,91.17400,91.40700
2025-04-30 15:00:00,91.40300,91.45000,91.36200,91.42400
2025-04-30 16:00:00,91.42800,91.53000,91.31200,91.39800
2025-04-30 17:00:00,91.40100,91.41300,91.24000,91.29700
2025-04-30 18:00:00,91.29700,91.35400,91.21600,91.31400
2025-04-30 19:00:00,91.30900,91.54400,91.30900,91.52300
2025-04-30 20:00:00,91.52600,91.54300,91.42200,91.46700
2025-04-30 21:00:00,91.47000,91.48000,91.37200,91.40000
2025-04-30 22:00:00,91.40200,91.43100,90.91200,91.012001
2025-04-30 23:00:00,91.0070038,91.11600,90.69100,90.71300
2025-05-01 00:00:00,90.71700,91.33000,90.66700,91.24800
2025-05-01 01:00:00,91.23900,91.39600,91.16700,91.24600
2025-05-01 02:00:00,91.24700,91.33400,91.13500,91.23900
2025-05-01 03:00:00,91.23900,91.44400,91.17900,91.35600
2025-05-01 04:00:00,91.35500,91.66200,91.32700,91.42000
2025-05-01 05:00:00,91.42100,91.65700,91.41600,91.53000
2025-05-01 06:00:00,91.52900,91.72700,91.49600,91.56200
2025-05-01 07:00:00,91.39700,91.59500,91.29800,91.48100
2025-05-01 08:00:00,91.50700,91.68000,91.46500,91.64200
2025-05-01 09:00:00,91.65300,91.73600,91.57900,91.68400
2025-05-01 10:00:00,91.68000,91.73000,91.59600,91.71100
2025-05-01 11:00:00,91.71200,91.78400,91.67400,91.78100
2025-05-01 12:00:00,91.77700,91.97900,91.73500,91.84500
2025-05-01 13:00:00,91.85100,92.12900,91.75800,92.056999
2025-05-01 14:00:00,92.061996,92.12800,91.99700,92.089996
2025-05-01 15:00:00,92.095001,92.22000,92.030998,92.092003
2025-05-01 16:00:00,92.093002,92.52000,92.070000,92.50900
2025-05-01 17:00:00,92.51100,92.53600,92.15300,92.18100
2025-05-01 18:00:00,92.17600,92.21500,92.077003,92.11100
2025-05-01 19:00:00,92.11100,92.16300,92.050003,92.060997
2025-05-01 20:00:00,92.074997,92.26700,92.022003,92.25300
2025-05-01 21:00:00,92.24700,92.37600,92.17100,92.33300
2025-05-01 22:00:00,92.32800,92.50600,92.14500,92.41800
2025-05-01 23:00:00,92.41300,92.51000,92.26700,92.26700
2025-05-02 00:00:00,92.32300,92.83900,92.25700,92.79400
2025-05-02 01:00:00,92.79100,92.88800,92.65100,92.69200
2025-05-02 02:00:00,92.68600,92.70500,92.57000,92.65100
2025-05-02 03:00:00,92.64700,92.83400,92.63200,92.76400
2025-05-02 04:00:00,92.76200,93.054001,92.74500,93.019997
2025-05-02 05:00:00,93.025002,93.039001,92.87400,92.90100
2025-05-02 06:00:00,92.89400,92.92200,92.75200,92.75900
2025-05-02 07:00:00,92.72200,92.86100,92.61100,92.68700
2025-05-02 08:00:00,92.72200,92.82000,92.68100,92.78100
2025-05-02 09:00:00,92.76900,92.93600,92.76900,92.84900
2025-05-02 10:00:00,92.84900,93.47900,92.82100,93.44400
2025-05-02 11:00:00,93.43900,93.47000,93.14700,93.20300
2025-05-02 12:00:00,93.20500,93.28000,93.15700,93.21800
2025-05-02 13:00:00,93.21800,93.23800,93.044998,93.20800
2025-05-02 14:00:00,93.20800,93.23900,93.035004,93.23700
2025-05-02 15:00:00,93.23600,93.24000,93.075996,93.094002
2025-05-02 16:00:00,93.094002,93.23800,92.97200,93.11400
2025-05-02 17:00:00,93.11000,93.22500,93.067001,93.091003
2025-05-02 18:00:00,93.095001,93.16300,92.95400,92.98000
2025-05-02 19:00:00,92.97900,93.15100,92.93700,93.12100
2025-05-02 20:00:00,93.125,93.16900,92.98100,93.012001
2025-05-02 21:00:00,93.014999,93.10700,92.89200,92.99200
2025-05-02 22:00:00,92.99500,93.30500,92.84500,93.22500
2025-05-02 23:00:00,93.22800,93.24500,92.84000,92.88900
2025-05-03 00:00:00,92.88900,93.19100,92.85100,93.11600
2025-05-03 01:00:00,93.11000,93.18800,93.023003,93.14600
2025-05-03 02:00:00,93.14600,93.45600,93.12700,93.29900
2025-05-03 03:00:00,93.29600,93.33800,93.20000,93.29300
2025-05-03 04:00:00,93.29200,93.48600,93.27100,93.44400
2025-05-03 05:00:00,93.44400,93.56700,93.36900,93.47900
2025-05-03 06:00:00,93.48100,93.56700,93.33000,93.44400
2025-05-03 07:00:00,93.41500,93.41500,93.41500,93.41500
2025-05-05 09:00:00,93.42900,93.45300,93.19300,93.20500
2025-05-05 10:00:00,93.20900,93.24200,93.11100,93.22100
2025-05-05 11:00:00,93.22700,93.43000,93.18900,93.27600
2025-05-05 12:00:00,93.27200,93.31800,93.19800,93.26300
2025-05-05 13:00:00,93.26000,93.26700,93.18900,93.25500
2025-05-05 14:00:00,93.25800,93.26600,93.14400,93.24400
2025-05-05 15:00:00,93.24600,93.45800,93.23600,93.39100
2025-05-05 16:00:00,93.39200,93.45600,93.31700,93.37800
2025-05-05 17:00:00,93.38100,93.47700,93.30000,93.34000
2025-05-05 18:00:00,93.33400,93.44600,93.28800,93.31600
2025-05-05 19:00:00,93.31200,93.42500,93.30600,93.39000
2025-05-05 20:00:00,93.38700,93.39500,93.30400,93.32800
2025-05-05 21:00:00,93.33200,93.40000,93.25800,93.27100
2025-05-05 22:00:00,93.27300,93.33500,93.15600,93.17900
2025-05-05 23:00:00,93.18100,93.24400,93.019997,93.084999
2025-05-06 00:00:00,93.078003,93.27900,93.019997,93.17700
2025-05-06 01:00:00,93.17700,93.20100,93.017998,93.16000
2025-05-06 02:00:00,93.16100,93.27100,93.14100,93.19800
2025-05-06 03:00:00,93.19100,93.20000,93.11600,93.14800
2025-05-06 04:00:00,93.14700,93.17400,93.056000,93.079002
2025-05-06 05:00:00,93.073997,93.11700,92.96600,93.0029984
2025-05-06 06:00:00,93.0029984,93.011002,92.90200,92.91400
2025-05-06 07:00:00,92.91100,92.98500,92.78500,92.85500
2025-05-06 08:00:00,92.87700,92.95600,92.83100,92.93600
2025-05-06 09:00:00,92.93500,92.95500,92.79000,92.84400
2025-05-06 10:00:00,92.84100,92.89700,92.76300,92.85900
2025-05-06 11:00:00,92.85500,93.047997,92.83300,92.87400
2025-05-06 12:00:00,92.87400,92.91500,92.77900,92.83500
2025-05-06 13:00:00,92.83600,92.89800,92.74600,92.88900
2025-05-06 14:00:00,92.89000,92.97400,92.84800,92.97000
2025-05-06 15:00:00,92.96700,92.97800,92.74500,92.79700
2025-05-06 16:00:00,92.79000,92.86400,92.70500,92.80900
2025-05-06 17:00:00,92.80700,92.83600,92.49700,92.56100
2025-05-06 18:00:00,92.56300,92.57600,92.24300,92.34400
2025-05-06 19:00:00,92.35000,92.39600,92.20200,92.36700
2025-05-06 20:00:00,92.36600,92.41700,92.32200,92.36700
2025-05-06 21:00:00,92.36500,92.43400,92.21400,92.27700
2025-05-06 22:00:00,92.27200,92.33700,92.17400,92.19400
2025-05-06 23:00:00,92.18900,92.36200,92.11200,92.24100
2025-05-07 00:00:00,92.24000,92.58200,92.17900,92.54700
2025-05-07 01:00:00,92.54600,92.70400,92.50200,92.61800
2025-05-07 02:00:00,92.62100,92.80000,92.53700,92.58700
2025-05-07 03:00:00,92.58900,92.64700,92.43500,92.47000
2025-05-07 04:00:00,92.47500,92.59800,92.46800,92.54600
2025-05-07 05:00:00,92.54100,92.59200,92.48500,92.52700
2025-05-07 06:00:00,92.52500,92.59200,92.40600,92.45200
2025-05-07 07:00:00,92.47200,92.59200,92.38400,92.41800
2025-05-07 08:00:00,92.41800,93.33700,92.39200,93.24400
2025-05-07 09:00:00,93.22200,93.25400,93.026001,93.056000
2025-05-07 10:00:00,93.056000,93.077003,92.80600,92.91500
2025-05-07 11:00:00,92.92000,92.99600,92.71700,92.85800
2025-05-07 12:00:00,92.85800,92.90200,92.73200,92.81200
2025-05-07 13:00:00,92.81300,92.89200,92.77100,92.79500
2025-05-07 14:00:00,92.79700,92.87700,92.76400,92.83800
2025-05-07 15:00:00,92.83800,92.87700,92.69300,92.72700
2025-05-07 16:00:00,92.72600,92.81800,92.62800,92.65800
2025-05-07 17:00:00,92.65700,92.87200,92.60500,92.81800
2025-05-07 18:00:00,92.82000,92.92400,92.73500,92.75800
2025-05-07 19:00:00,92.75200,92.79600,92.66800,92.69900
2025-05-07 20:00:00,92.70100,92.79600,92.61500,92.79300
2025-05-07 21:00:00,92.79200,92.82800,92.74300,92.81500
2025-05-07 22:00:00,92.81400,92.86000,92.69400,92.74000
2025-05-07 23:00:00,92.73200,92.74000,92.55000,92.71600
2025-05-08 00:00:00,92.71600,92.71800,92.58200,92.69500
2025-05-08 01:00:00,92.69500,92.69600,92.54400,92.69000
2025-05-08 02:00:00,92.69000,92.71700,92.55500,92.67700
2025-05-08 03:00:00,92.67500,92.70900,92.44600,92.46400
2025-05-08 04:00:00,92.46700,92.76800,92.21200,92.59600
2025-05-08 05:00:00,92.59400,92.65700,92.24200,92.48200
2025-05-08 06:00:00,92.48100,92.52100,92.34500,92.35900
2025-05-08 07:00:00,92.35900,92.42200,92.22400,92.39900
2025-05-08 08:00:00,92.39500,92.47900,92.33200,92.46700
2025-05-08 09:00:00,92.46000,92.53300,92.39100,92.51600
2025-05-08 10:00:00,92.51300,92.72700,92.42400,92.66100
2025-05-08 11:00:00,92.66100,92.74400,92.54600,92.65900
2025-05-08 12:00:00,92.66000,92.81100,92.65400,92.71800
2025-05-08 13:00:00,92.71800,92.80200,92.69100,92.71600
2025-05-08 14:00:00,92.71600,92.80000,92.67500,92.75400
2025-05-08 15:00:00,92.76200,92.80500,92.60700,92.72800
2025-05-08 16:00:00,92.72700,92.74100,92.52900,92.56700
2025-05-08 17:00:00,92.57100,92.71600,92.46500,92.65500
2025-05-08 18:00:00,92.65700,92.93600,92.62800,92.87400
2025-05-08 19:00:00,92.87700,92.95000,92.82700,92.84000
2025-05-08 20:00:00,92.84000,93.028999,92.83100,92.91400
2025-05-08 21:00:00,92.91500,92.94500,92.72700,92.80400
2025-05-08 22:00:00,92.80900,92.94700,92.77600,92.85500
2025-05-08 23:00:00,92.85400,92.95800,92.75600,92.88100
2025-05-09 00:00:00,92.88400,93.12400,92.84900,92.96900
2025-05-09 01:00:00,92.96800,93.38600,92.91600,93.31000
2025-05-09 02:00:00,93.31000,93.45100,93.25200,93.42100
2025-05-09 03:00:00,93.42100,93.44200,93.29900,93.31100
2025-05-09 04:00:00,93.31200,93.38400,93.28200,93.30800
2025-05-09 05:00:00,93.30300,93.54700,93.27700,93.39600
2025-05-09 06:00:00,93.39400,93.41900,93.30700,93.34600
2025-05-09 07:00:00,93.34100,93.44500,93.21300,93.38300
2025-05-09 08:00:00,93.38400,93.43400,93.26600,93.34100
2025-05-09 09:00:00,93.33200,93.39300,93.30400,93.31200
2025-05-09 10:00:00,93.30700,93.39100,93.086998,93.10300
2025-05-09 11:00:00,93.099998,93.19800,93.013000,93.096001
2025-05-09 12:00:00,93.098000,93.22200,92.98300,93.16500
2025-05-09 13:00:00,93.16500,93.32800,93.10200,93.30400
2025-05-09 14:00:00,93.30400,93.31100,93.18500,93.25800
2025-05-09 15:00:00,93.25900,93.27900,93.12400,93.15200
2025-05-09 16:00:00,93.15300,93.19000,92.97000,92.97800
2025-05-09 17:00:00,92.97600,93.17000,92.94000,93.056000
2025-05-09 18:00:00,93.059998,93.070999,92.93900,93.032997
2025-05-09 19:00:00,93.029999,93.078003,92.88800,92.99300
2025-05-09 20:00:00,92.98800,93.027000,92.91000,92.97400
2025-05-09 21:00:00,92.97400,93.068001,92.80400,92.95000
2025-05-09 22:00:00,92.95000,93.12800,92.92800,93.084999
2025-05-09 23:00:00,93.082001,93.25700,93.067001,93.24100
2025-05-10 00:00:00,93.24200,93.33000,93.028999,93.10100
2025-05-10 01:00:00,93.099998,93.25700,93.058998,93.23500
2025-05-10 02:00:00,93.23600,93.24000,93.13300,93.18400
2025-05-10 03:00:00,93.18500,93.26500,93.16400,93.19900
2025-05-10 04:00:00,93.19300,93.20800,93.11800,93.15400
2025-05-10 05:00:00,93.14800,93.19700,93.12000,93.15500
2025-05-10 06:00:00,93.15800,93.20900,93.12200,93.18100
2025-05-10 07:00:00,93.20800,93.20800,93.20800,93.20800
2025-05-12 09:00:00,93.62000,93.74800,93.55800,93.61100
2025-05-12 10:00:00,93.61800,93.78900,93.53300,93.68700
2025-05-12 11:00:00,93.69200,93.99400,93.68800,93.83800
2025-05-12 12:00:00,93.83400,93.84200,93.51300,93.68400
2025-05-12 13:00:00,93.68000,93.75200,93.65000,93.70600
2025-05-12 14:00:00,93.70800,93.84500,93.70800,93.83400
2025-05-12 15:00:00,93.82900,94.0039978,93.82900,93.97300
2025-05-12 16:00:00,93.96600,94.052002,93.88900,93.94800
2025-05-12 17:00:00,93.94200,94.79500,93.92800,94.73500
2025-05-12 18:00:00,94.73500,94.91400,94.49200,94.70500
2025-05-12 19:00:00,94.70600,94.91100,94.61200,94.87300
2025-05-12 20:00:00,94.87300,94.88700,94.70700,94.75300
2025-05-12 21:00:00,94.75200,94.76400,94.54700,94.56200
2025-05-12 22:00:00,94.56100,94.73400,94.51300,94.56400
2025-05-12 23:00:00,94.56700,94.69900,94.51500,94.59000
2025-05-13 00:00:00,94.58900,94.69400,94.44600,94.47000
2025-05-13 01:00:00,94.46900,94.50100,94.25100,94.29500
2025-05-13 02:00:00,94.29600,94.53500,94.26400,94.51400
2025-05-13 03:00:00,94.51300,94.55000,94.45000,94.46300
2025-05-13 04:00:00,94.46000,94.51500,94.40700,94.45700
2025-05-13 05:00:00,94.45700,94.53900,94.41900,94.51500
2025-05-13 06:00:00,94.51700,94.62800,94.5,94.57900
2025-05-13 07:00:00,94.54800,94.61100,94.32600,94.50600
2025-05-13 08:00:00,94.50500,94.59500,94.43000,94.53300
2025-05-13 09:00:00,94.53900,94.64200,94.46300,94.47700
2025-05-13 10:00:00,94.47400,94.48300,94.059998,94.075996
2025-05-13 11:00:00,94.073997,94.24800,94.054001,94.19500
2025-05-13 12:00:00,94.19200,94.46400,94.16500,94.42300
2025-05-13 13:00:00,94.42300,94.56900,94.40500,94.53300
2025-05-13 14:00:00,94.53100,94.80100,94.51700,94.70500
2025-05-13 15:00:00,94.70800,94.83500,94.64700,94.73100
2025-05-13 16:00:00,94.73400,94.93900,94.67700,94.89300
2025-05-13 17:00:00,94.88700,94.94900,94.72300,94.74600
2025-05-13 18:00:00,94.74500,94.77600,94.65700,94.75
2025-05-13 19:00:00,94.74900,94.90400,94.73000,94.88400
2025-05-13 20:00:00,94.88000,95.0019989,94.81800,94.96000
2025-05-13 21:00:00,94.96400,94.99100,94.88300,94.90800
2025-05-13 22:00:00,94.91100,95.16500,94.87400,95.15300
2025-05-13 23:00:00,95.15300,95.15700,94.90300,94.97700
2025-05-14 00:00:00,94.97500,95.54600,94.96700,95.50200
2025-05-14 01:00:00,95.49800,95.63100,95.41900,95.60900
2025-05-14 02:00:00,95.61200,95.63900,95.47200,95.55300
2025-05-14 03:00:00,95.55200,95.64500,95.54700,95.57100
2025-05-14 04:00:00,95.57000,95.60400,95.45900,95.54000
2025-05-14 05:00:00,95.53800,95.57800,95.40100,95.44000
2025-05-14 06:00:00,95.44200,95.46700,95.34200,95.40200
2025-05-14 07:00:00,95.32000,95.46400,95.25900,95.37300
2025-05-14 08:00:00,95.36600,95.44700,95.31200,95.42900
2025-05-14 09:00:00,95.40700,95.51600,95.38200,95.48000
2025-05-14 10:00:00,95.47700,95.56900,95.32000,95.37900
2025-05-14 11:00:00,95.37600,95.47700,95.19200,95.46300
2025-05-14 12:00:00,95.46400,95.48200,95.32000,95.39200
2025-05-14 13:00:00,95.39200,95.43300,95.22300,95.25100
2025-05-14 14:00:00,95.25400,95.33300,95.054001,95.086998
2025-05-14 15:00:00,95.084999,95.25200,95.040001,95.15400
2025-05-14 16:00:00,95.15800,95.29500,95.11300,95.26600
2025-05-14 17:00:00,95.26600,95.36500,95.20300,95.35800
2025-05-14 18:00:00,95.35500,95.36800,94.87300,94.92200
2025-05-14 19:00:00,94.92600,94.96300,94.48700,94.54200
2025-05-14 20:00:00,94.54700,94.59200,94.44300,94.48600
2025-05-14 21:00:00,94.49100,94.61900,94.42300,94.61000
2025-05-14 22:00:00,94.61000,94.64900,94.48300,94.54100
2025-05-14 23:00:00,94.53900,94.57100,94.17700,94.30900
2025-05-15 00:00:00,94.30900,94.49700,94.25,94.46900
2025-05-15 01:00:00,94.46700,94.48900,94.27400,94.46400
2025-05-15 02:00:00,94.46300,94.54400,94.33200,94.38600
2025-05-15 03:00:00,94.38500,94.39400,94.25300,94.34700
2025-05-15 04:00:00,94.35200,94.39000,94.27200,94.30400
2025-05-15 05:00:00,94.30400,94.42400,94.28500,94.36500
2025-05-15 06:00:00,94.36500,94.41700,94.24700,94.29500
2025-05-15 07:00:00,94.20800,94.40400,94.13600,94.23800
2025-05-15 08:00:00,94.23500,94.29600,94.21200,94.22600
2025-05-15 09:00:00,94.22900,94.24500,94.078003,94.24400
2025-05-15 10:00:00,94.24400,94.37200,94.026001,94.054001
2025-05-15 11:00:00,94.053001,94.36400,94.035004,94.30000
2025-05-15 12:00:00,94.29900,94.34200,94.12700,94.20100
2025-05-15 13:00:00,94.20700,94.25400,94.053001,94.098000
2025-05-15 14:00:00,94.095001,94.10200,93.91000,93.95500
2025-05-15 15:00:00,93.95500,94.0019989,93.71200,93.81500
2025-05-15 16:00:00,93.81100,93.93700,93.68300,93.74400
2025-05-15 17:00:00,93.74000,93.80400,93.58800,93.64700
2025-05-15 18:00:00,93.64500,93.71800,93.54400,93.58300
2025-05-15 19:00:00,93.58300,93.68100,93.57000,93.65400
2025-05-15 20:00:00,93.64900,93.66200,93.46700,93.51400
2025-05-15 21:00:00,93.51000,93.62900,93.43600,93.62000
2025-05-15 22:00:00,93.62000,93.65100,93.36200,93.54500
2025-05-15 23:00:00,93.54000,93.59900,93.31000,93.38800
2025-05-16 00:00:00,93.38600,93.44900,93.22500,93.38400
2025-05-16 01:00:00,93.37300,93.38800,93.13600,93.21100
2025-05-16 02:00:00,93.21500,93.27000,93.11400,93.23900
2025-05-16 03:00:00,93.23800,93.31900,93.23700,93.28600
2025-05-16 04:00:00,93.29300,93.32200,93.22600,93.31500
2025-05-16 05:00:00,93.31400,93.32000,93.19400,93.27500
2025-05-16 06:00:00,93.27600,93.33800,93.25800,93.28400
2025-05-16 07:00:00,93.24400,93.30800,93.13100,93.19000
2025-05-16 08:00:00,93.21400,93.28900,93.14900,93.15000
2025-05-16 09:00:00,93.16500,93.28500,93.12300,93.22700
2025-05-16 10:00:00,93.22400,93.24700,92.73800,92.83000
2025-05-16 11:00:00,92.82900,93.043999,92.82100,93.028000
2025-05-16 12:00:00,93.031998,93.34700,92.95000,93.32700
2025-05-16 13:00:00,93.32700,93.36200,93.23200,93.28100
2025-05-16 14:00:00,93.27600,93.46300,93.23600,93.36600
2025-05-16 15:00:00,93.36400,93.47400,93.31900,93.43300
2025-05-16 16:00:00,93.43400,93.49300,93.18600,93.20600
2025-05-16 17:00:00,93.21400,93.37400,93.11700,93.35800
2025-05-16 18:00:00,93.36200,93.43700,93.27400,93.39600
2025-05-16 19:00:00,93.39300,93.49700,93.35700,93.44300
2025-05-16 20:00:00,93.44100,93.45700,93.36500,93.43200
2025-05-16 21:00:00,93.43800,93.46700,93.36600,93.46200
2025-05-16 22:00:00,93.46400,93.47700,93.30300,93.32800
2025-05-16 23:00:00,93.33300,93.38300,93.25200,93.37200
2025-05-17 00:00:00,93.36800,93.50100,93.29300,93.36600
2025-05-17 01:00:00,93.36500,93.38600,93.26000,93.35400
2025-05-17 02:00:00,93.35400,93.40200,93.31000,93.38900
2025-05-17 03:00:00,93.38500,93.46100,93.36000,93.38000
2025-05-17 04:00:00,93.375,93.46200,93.34300,93.44600
2025-05-17 05:00:00,93.44600,93.5,93.40900,93.49700
2025-05-17 06:00:00,93.49700,93.50500,93.20300,93.26100
2025-05-17 07:00:00,93.23800,93.23800,93.23800,93.23800
2025-05-19 09:00:00,93,93.22600,92.99000,93.082001
2025-05-19 10:00:00,93.081001,93.10900,92.89100,92.94100
2025-05-19 11:00:00,92.94000,93.017998,92.86900,92.95000
2025-05-19 12:00:00,92.94900,93.19200,92.92900,93.16800
2025-05-19 13:00:00,93.16500,93.16800,93.098000,93.13000
2025-05-19 14:00:00,93.12700,93.15400,93.071999,93.091003
2025-05-19 15:00:00,93.085999,93.11700,92.91700,92.92300
2025-05-19 16:00:00,92.92800,93.069000,92.89500,92.96400
2025-05-19 17:00:00,92.96600,93.13600,92.92700,93.077003
2025-05-19 18:00:00,93.077003,93.21800,93.043999,93.21600
2025-05-19 19:00:00,93.21300,93.35900,93.15200,93.35500
2025-05-19 20:00:00,93.35600,93.37200,93.25900,93.31800
2025-05-19 21:00:00,93.31800,93.49300,93.30900,93.44200
2025-05-19 22:00:00,93.44500,93.45900,93.33700,93.38300
2025-05-19 23:00:00,93.38200,93.52600,93.29700,93.45200
2025-05-20 00:00:00,93.44200,93.63100,93.42500,93.55500
2025-05-20 01:00:00,93.55700,93.67900,93.53000,93.61900
2025-05-20 02:00:00,93.62000,93.67000,93.58900,93.60000
2025-05-20 03:00:00,93.59900,93.66600,93.55300,93.55900
2025-05-20 04:00:00,93.56000,93.56700,93.51500,93.53600
2025-05-20 05:00:00,93.53600,93.54500,93.47200,93.52300
2025-05-20 06:00:00,93.52200,93.55900,93.48900,93.50900
2025-05-20 07:00:00,93.48700,93.57000,93.44600,93.51200
2025-05-20 08:00:00,93.53900,93.60500,93.49700,93.56000
2025-05-20 09:00:00,93.56200,93.59800,93.50600,93.57300
2025-05-20 10:00:00,93.56800,93.84800,93.56100,93.65000
2025-05-20 11:00:00,93.65100,93.65100,93.32100,93.34100
2025-05-20 12:00:00,93.34200,93.57900,93.25700,93.54000
2025-05-20 13:00:00,93.53800,93.57400,93.34800,93.36200
2025-05-20 14:00:00,93.36000,93.36800,92.96300,93.010002
2025-05-20 15:00:00,93.0090027,93.12100,92.52600,92.61700
2025-05-20 16:00:00,92.61600,92.83500,92.56400,92.69100
2025-05-20 17:00:00,92.69200,92.74700,92.53900,92.58600
2025-05-20 18:00:00,92.58600,92.74900,92.55500,92.73200
2025-05-20 19:00:00,92.73600,92.83000,92.65700,92.72800
2025-05-20 20:00:00,92.72700,92.75300,92.66900,92.73000
2025-05-20 21:00:00,92.73100,92.78900,92.64500,92.71500
2025-05-20 22:00:00,92.71300,92.73100,92.54300,92.63300
2025-05-20 23:00:00,92.63800,92.80900,92.62800,92.71300
2025-05-21 00:00:00,92.70700,92.71400,92.51700,92.56200
2025-05-21 01:00:00,92.56600,92.69700,92.49200,92.67600
2025-05-21 02:00:00,92.67600,92.94600,92.62100,92.92300
2025-05-21 03:00:00,92.92700,92.99800,92.86100,92.87200
2025-05-21 04:00:00,92.87200,92.88500,92.67300,92.72100
2025-05-21 05:00:00,92.71500,92.78800,92.65700,92.77900
2025-05-21 06:00:00,92.77900,92.84300,92.76300,92.80700
2025-05-21 07:00:00,92.78400,92.87800,92.65400,92.72500
2025-05-21 08:00:00,92.75500,92.83100,92.54700,92.73300
2025-05-21 09:00:00,92.72500,92.77200,92.69100,92.72800
2025-05-21 10:00:00,92.72900,92.90700,92.62800,92.83200
2025-05-21 11:00:00,92.83000,92.88200,92.75200,92.78900
2025-05-21 12:00:00,92.79100,92.86300,92.63800,92.66200
2025-05-21 13:00:00,92.66000,92.81500,92.64900,92.72400
2025-05-21 14:00:00,92.72000,92.75200,92.61800,92.73300
2025-05-21 15:00:00,92.73300,92.78500,92.60500,92.61500
2025-05-21 16:00:00,92.61600,92.73600,92.58200,92.72100
2025-05-21 17:00:00,92.72500,92.81400,92.62700,92.79700
2025-05-21 18:00:00,92.79800,92.85500,92.75200,92.80700
2025-05-21 19:00:00,92.80100,92.88200,92.67400,92.70100
2025-05-21 20:00:00,92.70100,92.71300,92.52700,92.59500
2025-05-21 21:00:00,92.59500,92.70500,92.56700,92.63700
2025-05-21 22:00:00,92.63600,92.73500,92.57000,92.60700
2025-05-21 23:00:00,92.60600,92.69900,92.58000,92.64600
2025-05-22 00:00:00,92.64600,92.80000,92.64300,92.78400
2025-05-22 01:00:00,92.78600,92.91800,92.77000,92.90900
2025-05-22 02:00:00,92.90800,92.93700,92.83300,92.85200
2025-05-22 03:00:00,92.85200,92.87700,92.37300,92.50100
2025-05-22 04:00:00,92.50100,92.58000,92.44000,92.51600
2025-05-22 05:00:00,92.51600,92.57500,92.38200,92.42100
2025-05-22 06:00:00,92.42100,92.49000,92.40500,92.42600
2025-05-22 07:00:00,92.41200,92.48700,92.29800,92.43100
2025-05-22 08:00:00,92.43100,92.84400,92.38500,92.66300
2025-05-22 09:00:00,92.65800,92.69600,92.41400,92.43100
2025-05-22 10:00:00,92.42900,92.49500,92.19400,92.38900
2025-05-22 11:00:00,92.39000,92.48800,92.12700,92.16200
2025-05-22 12:00:00,92.16200,92.29600,92.13800,92.22800
2025-05-22 13:00:00,92.23000,92.35700,92.18900,92.33200
2025-05-22 14:00:00,92.33000,92.47800,92.28900,92.45100
2025-05-22 15:00:00,92.44900,92.46700,92.35800,92.43200
2025-05-22 16:00:00,92.42700,92.43400,92.21900,92.29700
2025-05-22 17:00:00,92.29600,92.38400,92.14500,92.25300
2025-05-22 18:00:00,92.25400,92.37400,92.19400,92.22900
2025-05-22 19:00:00,92.22800,92.25200,92.11700,92.16200
2025-05-22 20:00:00,92.16400,92.25400,92.044998,92.17200
2025-05-22 21:00:00,92.16800,92.32200,92.028999,92.059998
2025-05-22 22:00:00,92.058998,92.21200,91.98800,92.18500
2025-05-22 23:00:00,92.18400,92.29400,92.039001,92.25300
2025-05-23 00:00:00,92.25500,92.35100,92.15700,92.21600
2025-05-23 01:00:00,92.21900,92.33900,92.18700,92.32300
2025-05-23 02:00:00,92.32300,92.44900,92.29100,92.31500
2025-05-23 03:00:00,92.31300,92.50600,92.29000,92.48400
2025-05-23 04:00:00,92.49100,92.52000,92.42400,92.44700
2025-05-23 05:00:00,92.44600,92.45500,92.23500,92.28400
2025-05-23 06:00:00,92.28300,92.32400,92.22000,92.29500
2025-05-23 07:00:00,92.28400,92.42900,92.22700,92.31400
2025-05-23 08:00:00,92.32700,92.35400,92.19500,92.21000
2025-05-23 09:00:00,92.20800,92.26400,92.15300,92.19100
2025-05-23 10:00:00,92.19800,92.34800,92.17600,92.33200
2025-05-23 11:00:00,92.32500,92.44800,92.29100,92.30800
2025-05-23 12:00:00,92.30800,92.38400,92.29900,92.33900
2025-05-23 13:00:00,92.33800,92.40100,92.27800,92.28100
2025-05-23 14:00:00,92.28500,92.34500,92.26200,92.30800
2025-05-23 15:00:00,92.31200,92.37400,92.28900,92.31800
2025-05-23 16:00:00,92.31600,92.34000,92.21000,92.24200
2025-05-23 17:00:00,92.24200,92.50800,92.23500,92.47000
2025-05-23 18:00:00,92.47400,92.53000,92.44800,92.48800
2025-05-23 19:00:00,92.48600,92.63400,92.42000,92.61900
2025-05-23 20:00:00,92.61300,92.69200,92.58800,92.64400
2025-05-23 21:00:00,92.64700,92.68300,91.80100,91.89100
2025-05-23 22:00:00,91.89300,92.11500,91.64700,92.10300
2025-05-23 23:00:00,92.10500,92.21900,91.96700,92.11400
2025-05-24 00:00:00,92.11700,92.49400,92.11100,92.34600
2025-05-24 01:00:00,92.34500,92.46100,92.29700,92.35100
2025-05-24 02:00:00,92.35000,92.58000,92.34400,92.54200
2025-05-24 03:00:00,92.53700,92.68300,92.52100,92.62400
2025-05-24 04:00:00,92.625,92.65600,92.50500,92.57400
2025-05-24 05:00:00,92.57000,92.61600,92.53700,92.55400
2025-05-24 06:00:00,92.56000,92.63500,92.52000,92.58900
2025-05-24 07:00:00,92.58900,92.58900,92.58900,92.58900
2025-05-26 09:00:00,92.82400,92.96900,92.79900,92.86400
2025-05-26 10:00:00,92.86000,92.89000,92.73200,92.73900
2025-05-26 11:00:00,92.74000,93.071999,92.69100,92.98400
2025-05-26 12:00:00,92.98400,93.0090027,92.86900,92.87800
2025-05-26 13:00:00,92.87700,92.96700,92.85800,92.90100
2025-05-26 14:00:00,92.89800,93.017998,92.88300,92.97600
2025-05-26 15:00:00,92.97200,93.078003,92.95800,93
2025-05-26 16:00:00,92.99300,93.19700,92.98600,93.12000
2025-05-26 17:00:00,93.11700,93.13500,92.98900,93.040001
2025-05-26 18:00:00,93.039001,93.080002,92.96400,93.054001
2025-05-26 19:00:00,93.055000,93.060997,92.88500,92.90700
2025-05-26 20:00:00,92.91200,93.037003,92.89300,92.98500
2025-05-26 21:00:00,92.98300,93.045998,92.95900,93.040001
2025-05-26 22:00:00,93.042999,93.050003,92.95400,92.97300
2025-05-26 23:00:00,92.97200,92.97800,92.89000,92.89300
2025-05-27 00:00:00,92.89400,92.90800,92.76700,92.81800
2025-05-27 01:00:00,92.81700,92.85700,92.75400,92.76700
2025-05-27 02:00:00,92.76700,92.79000,92.61300,92.61900
2025-05-27 03:00:00,92.62200,92.63300,92.56900,92.58000
2025-05-27 04:00:00,92.58100,92.60200,92.54400,92.55300
2025-05-27 05:00:00,92.54900,92.59400,92.53000,92.58800
2025-05-27 06:00:00,92.58500,92.68800,92.58000,92.61400
2025-05-27 07:00:00,92.56800,92.70900,92.51900,92.59900
2025-05-27 08:00:00,92.60800,92.61100,92.46500,92.50400
2025-05-27 09:00:00,92.50900,92.54400,92.41900,92.42200
2025-05-27 10:00:00,92.42400,92.45900,92.26500,92.37300
2025-05-27 11:00:00,92.37300,92.37800,92.23800,92.27200
2025-05-27 12:00:00,92.27200,92.28700,92.13300,92.27600
2025-05-27 13:00:00,92.28000,92.35800,92.22300,92.27300
2025-05-27 14:00:00,92.27700,92.45900,92.26900,92.44900
2025-05-27 15:00:00,92.44300,92.82600,92.44300,92.80800
2025-05-27 16:00:00,92.80700,92.87300,92.72500,92.81000
2025-05-27 17:00:00,92.80900,92.875,92.63300,92.66900
2025-05-27 18:00:00,92.67000,92.78000,92.66100,92.77200
2025-05-27 19:00:00,92.77700,92.89400,92.73000,92.82700
2025-05-27 20:00:00,92.82100,92.98400,92.77500,92.88100
2025-05-27 21:00:00,92.87700,92.97900,92.83100,92.87300
2025-05-27 22:00:00,92.86900,93.0080032,92.83600,92.97100
2025-05-27 23:00:00,92.96900,93.021004,92.84600,92.93100
2025-05-28 00:00:00,92.93300,93.098999,92.92400,93.012001
2025-05-28 01:00:00,93.012001,93.016998,92.87400,92.91900
2025-05-28 02:00:00,92.91600,93.052002,92.89900,93.017998
2025-05-28 03:00:00,93.015999,93.018997,92.93100,92.99900
2025-05-28 04:00:00,92.99700,93.029999,92.95600,92.99300
2025-05-28 05:00:00,92.99300,93.0039978,92.94800,92.98000
2025-05-28 06:00:00,92.98100,93.037003,92.94000,92.95900
2025-05-28 07:00:00,92.96300,93.063004,92.86600,92.94600
2025-05-28 08:00:00,92.97100,92.99500,92.91900,92.96300
2025-05-28 09:00:00,92.95000,93.0059967,92.91600,92.93500
2025-05-28 10:00:00,92.93400,92.96000,92.79900,92.94000
2025-05-28 11:00:00,92.94000,93.23000,92.73400,92.79200
2025-05-28 12:00:00,92.79500,93.10700,92.74400,93.078003
2025-05-28 13:00:00,93.077003,93.18400,92.98800,93.026001
2025-05-28 14:00:00,93.023003,93.027000,92.76900,92.81000
2025-05-28 15:00:00,92.80700,93.035004,92.78600,92.83400
2025-05-28 16:00:00,92.83600,92.94400,92.75100,92.92000
2025-05-28 17:00:00,92.91400,92.95900,92.75,92.83100
2025-05-28 18:00:00,92.83200,92.94000,92.79400,92.86000
2025-05-28 19:00:00,92.85900,92.97600,92.82800,92.92300
2025-05-28 20:00:00,92.92500,92.93500,92.85400,92.93000
2025-05-28 21:00:00,92.93000,92.96800,92.82900,92.96100
2025-05-28 22:00:00,92.96300,93.0080032,92.78800,92.79600
2025-05-28 23:00:00,92.79900,92.98100,92.76800,92.92200
2025-05-29 00:00:00,92.92900,93.049004,92.83000,93.043999
2025-05-29 01:00:00,93.043999,93.092003,92.99800,93.063004
2025-05-29 02:00:00,93.064003,93.13900,93.042999,93.065002
2025-05-29 03:00:00,93.067001,93.13800,93.057999,93.098999
2025-05-29 04:00:00,93.098999,93.14600,92.99500,93.063004
2025-05-29 05:00:00,93.064003,93.12200,93.038002,93.093002
2025-05-29 06:00:00,93.095001,93.13000,93.012001,93.015999
2025-05-29 07:00:00,93.015999,93.078003,92.90100,92.98000
2025-05-29 08:00:00,93.012001,93.22900,92.99200,93.21300
2025-05-29 09:00:00,93.18900,93.69800,93.16600,93.58800
2025-05-29 10:00:00,93.58800,93.80100,93.57300,93.79800
2025-05-29 11:00:00,93.80100,93.85300,93.48000,93.60100
2025-05-29 12:00:00,93.60100,93.61400,93.43200,93.56400
2025-05-29 13:00:00,93.56700,93.64500,93.47300,93.63100
2025-05-29 14:00:00,93.62900,93.73400,93.57000,93.71600
2025-05-29 15:00:00,93.71600,93.78400,93.59800,93.72600
2025-05-29 16:00:00,93.72600,93.84100,93.60000,93.63500
2025-05-29 17:00:00,93.63500,93.69900,93.54600,93.67000
2025-05-29 18:00:00,93.67200,93.68500,93.48200,93.50400
2025-05-29 19:00:00,93.50400,93.57100,93.43700,93.54900
2025-05-29 20:00:00,93.55200,93.55700,93.36400,93.42800
2025-05-29 21:00:00,93.42700,93.43300,93.28500,93.34300
2025-05-29 22:00:00,93.34200,93.36100,93.19500,93.24400
2025-05-29 23:00:00,93.24100,93.25900,92.88600,92.91600
2025-05-30 00:00:00,92.90800,93.060997,92.84700,93.038002
2025-05-30 01:00:00,93.039001,93.052002,92.77300,92.82200
2025-05-30 02:00:00,92.82000,92.96900,92.78600,92.94900
2025-05-30 03:00:00,92.95300,92.96600,92.86100,92.875
2025-05-30 04:00:00,92.87300,92.92000,92.85000,92.88200
2025-05-30 05:00:00,92.88100,92.93900,92.84900,92.93700
2025-05-30 06:00:00,92.93300,92.95300,92.83200,92.85700
2025-05-30 07:00:00,92.78200,93.025002,92.75,92.76800
2025-05-30 08:00:00,92.82000,92.89000,92.74200,92.80200
2025-05-30 09:00:00,92.78400,92.85500,92.62800,92.63500
2025-05-30 10:00:00,92.63400,92.77300,92.47700,92.68100
2025-05-30 11:00:00,92.67900,92.71500,92.38700,92.49500
2025-05-30 12:00:00,92.49400,92.52500,92.38300,92.48100
2025-05-30 13:00:00,92.48800,92.55500,92.42100,92.44900
2025-05-30 14:00:00,92.45000,92.48700,92.36000,92.44300
2025-05-30 15:00:00,92.44800,92.66900,92.44500,92.56200
2025-05-30 16:00:00,92.55300,92.68300,92.38200,92.39200
2025-05-30 17:00:00,92.39800,92.51200,92.26600,92.43300
2025-05-30 18:00:00,92.44400,92.48000,92.38200,92.40700
2025-05-30 19:00:00,92.40900,92.48900,92.36500,92.43500
2025-05-30 20:00:00,92.43300,92.46000,92.33300,92.40100
2025-05-30 21:00:00,92.39500,92.48900,92.33800,92.36700
2025-05-30 22:00:00,92.36700,92.40500,92.0090027,92.30600
2025-05-30 23:00:00,92.30100,92.41000,92.25700,92.29000
2025-05-31 00:00:00,92.29900,92.90700,92.27000,92.83200
2025-05-31 01:00:00,92.83100,92.87200,92.69500,92.75100
2025-05-31 02:00:00,92.74600,92.78400,92.40300,92.44700
2025-05-31 03:00:00,92.44400,92.62600,92.43100,92.59800
2025-05-31 04:00:00,92.59900,92.73200,92.59800,92.68800
2025-05-31 05:00:00,92.68600,92.77500,92.67400,92.70700
2025-05-31 06:00:00,92.70800,92.77100,92.54700,92.58000
2025-05-31 07:00:00,92.64800,92.64800,92.64800,92.64800
2025-06-02 09:00:00,92.71600,92.75600,92.63500,92.64100
2025-06-02 10:00:00,92.64400,92.74100,92.63000,92.66600
2025-06-02 11:00:00,92.66800,92.85100,92.61200,92.63700
2025-06-02 12:00:00,92.63200,92.83100,92.61200,92.67900
2025-06-02 13:00:00,92.67000,92.69800,92.55600,92.58400
2025-06-02 14:00:00,92.59200,92.68100,92.56300,92.65400
2025-06-02 15:00:00,92.65500,92.70000,92.54300,92.58600
2025-06-02 16:00:00,92.58900,92.66200,92.52100,92.62400
2025-06-02 17:00:00,92.625,92.77900,92.61000,92.62600
2025-06-02 18:00:00,92.62100,92.68700,92.52600,92.58500
2025-06-02 19:00:00,92.58700,92.66100,92.54200,92.66000
2025-06-02 20:00:00,92.66000,92.66400,92.54800,92.57200
2025-06-02 21:00:00,92.57300,92.60500,92.45200,92.49700
2025-06-02 22:00:00,92.49300,92.69200,92.49300,92.67100
2025-06-02 23:00:00,92.67100,92.69900,92.46300,92.56000
2025-06-03 00:00:00,92.56100,92.71400,92.375,92.69600
2025-06-03 01:00:00,92.69600,92.75100,92.63700,92.69800
2025-06-03 02:00:00,92.69500,92.74100,92.66300,92.70200
2025-06-03 03:00:00,92.70700,92.73100,92.64900,92.69600
2025-06-03 04:00:00,92.69100,92.73100,92.62600,92.71700
2025-06-03 05:00:00,92.71800,92.73400,92.63800,92.71100
2025-06-03 06:00:00,92.71200,92.75500,92.63500,92.65000
2025-06-03 07:00:00,92.62400,92.68900,92.49800,92.56000
2025-06-03 08:00:00,92.56300,92.64200,92.53900,92.54500
2025-06-03 09:00:00,92.55000,92.60300,92.47800,92.55500
2025-06-03 10:00:00,92.55100,92.70600,92.54900,92.66100
2025-06-03 11:00:00,92.65800,92.86000,92.64200,92.75100
2025-06-03 12:00:00,92.74600,92.81500,92.52700,92.54200
2025-06-03 13:00:00,92.53600,92.64200,92.49100,92.56300
2025-06-03 14:00:00,92.56200,92.57900,92.40700,92.43700
2025-06-03 15:00:00,92.43500,92.48400,92.21600,92.38900
2025-06-03 16:00:00,92.39100,92.40300,92.23600,92.35300
2025-06-03 17:00:00,92.35200,92.36800,92.054001,92.24400
2025-06-03 18:00:00,92.24900,92.25400,92.091003,92.18300
2025-06-03 19:00:00,92.18100,92.30500,92.14300,92.26900
2025-06-03 20:00:00,92.26900,92.39100,92.23800,92.37000
2025-06-03 21:00:00,92.37000,92.44000,92.34200,92.38800
2025-06-03 22:00:00,92.38300,92.54800,92.36800,92.53800
2025-06-03 23:00:00,92.53700,92.70200,92.52300,92.60700
2025-06-04 00:00:00,92.63900,93.049004,92.58300,92.98700
2025-06-04 01:00:00,92.98700,93.056999,92.94300,93
2025-06-04 02:00:00,93,93.079002,92.98800,92.99900
2025-06-04 03:00:00,93.00099945,93.10600,92.98700,93.043999
2025-06-04 04:00:00,93.043999,93.089996,92.97400,93.081001
2025-06-04 05:00:00,93.080002,93.13400,93.060997,93.12200
2025-06-04 06:00:00,93.12300,93.12400,92.99100,93.041000
2025-06-04 07:00:00,92.95400,93.13700,92.81300,93.030998
2025-06-04 08:00:00,93.030998,93.13600,92.96600,93.044998
2025-06-04 09:00:00,93.040001,93.079002,92.95800,92.96800
2025-06-04 10:00:00,92.96900,93.065002,92.89000,93.028000
2025-06-04 11:00:00,93.025002,93.13800,92.81000,93.051003
2025-06-04 12:00:00,93.047997,93.17200,92.99900,93.025002
2025-06-04 13:00:00,93.025002,93.13100,92.97500,93.11200
2025-06-04 14:00:00,93.11600,93.16100,93.081001,93.13400
2025-06-04 15:00:00,93.12600,93.16000,93.069000,93.10300
2025-06-04 16:00:00,93.10200,93.14700,92.96800,93.038002
2025-06-04 17:00:00,93.042000,93.15200,92.94400,93.11000
2025-06-04 18:00:00,93.10800,93.21800,93.091003,93.16300
2025-06-04 19:00:00,93.16200,93.32000,93.13400,93.29200
2025-06-04 20:00:00,93.29700,93.44500,93.26200,93.42000
2025-06-04 21:00:00,93.42000,93.59500,93.35500,93.53200
2025-06-04 22:00:00,93.53200,93.55800,93.14600,93.19900
2025-06-04 23:00:00,93.19700,93.35600,93.17500,93.22100
2025-06-05 00:00:00,93.22400,93.22700,92.93300,93.043999
2025-06-05 01:00:00,93.042999,93.056999,92.76000,92.85800
2025-06-05 02:00:00,92.86000,92.86300,92.71900,92.76300
2025-06-05 03:00:00,92.76300,92.84200,92.74100,92.82900
2025-06-05 04:00:00,92.83100,92.83900,92.78300,92.80100
2025-06-05 05:00:00,92.80300,92.83100,92.74900,92.76200
2025-06-05 06:00:00,92.76200,92.77200,92.63500,92.63500
2025-06-05 07:00:00,92.63500,92.73300,92.52300,92.56900
2025-06-05 08:00:00,92.61600,92.72500,92.59200,92.67200
2025-06-05 09:00:00,92.67100,92.71300,92.54700,92.61600
2025-06-05 10:00:00,92.61500,92.84600,92.60100,92.73800
2025-06-05 11:00:00,92.74400,92.91500,92.73900,92.86600
2025-06-05 12:00:00,92.87000,92.88500,92.75800,92.81500
2025-06-05 13:00:00,92.81100,92.81600,92.68200,92.76100
2025-06-05 14:00:00,92.76100,92.87200,92.73500,92.85600
2025-06-05 15:00:00,92.85800,92.94500,92.79100,92.89100
2025-06-05 16:00:00,92.89000,93.0090027,92.84000,93.0049973
2025-06-05 17:00:00,92.99800,93.23200,92.98400,93.17400
2025-06-05 18:00:00,93.17300,93.20900,93.12600,93.19500
2025-06-05 19:00:00,93.19400,93.26400,93.16700,93.22000
2025-06-05 20:00:00,93.22400,93.23600,93.13200,93.17900
2025-06-05 21:00:00,93.17900,93.29700,93.15300,93.24300
2025-06-05 22:00:00,93.24300,93.60700,93.031998,93.43200
2025-06-05 23:00:00,93.43800,93.53900,93.26800,93.33100
2025-06-06 00:00:00,93.33400,93.70400,93.27500,93.58200
2025-06-06 01:00:00,93.58000,93.76600,93.56400,93.72700
2025-06-06 02:00:00,93.73000,93.78000,93.46400,93.48800
2025-06-06 03:00:00,93.48500,93.70200,93.46300,93.61900
2025-06-06 04:00:00,93.61900,93.63900,93.41200,93.50200
2025-06-06 05:00:00,93.50100,93.56500,93.33700,93.49000
2025-06-06 06:00:00,93.48900,93.54000,93.32500,93.33900
2025-06-06 07:00:00,93.27500,93.46800,93.21600,93.26600
2025-06-06 08:00:00,93.33300,93.41400,93.27300,93.40000
2025-06-06 09:00:00,93.40700,93.46700,93.34700,93.44600
2025-06-06 10:00:00,93.44100,93.58600,93.44100,93.55200
2025-06-06 11:00:00,93.54800,93.61100,93.40800,93.41900
2025-06-06 12:00:00,93.42200,93.47700,93.35800,93.42300
2025-06-06 13:00:00,93.42300,93.46600,93.38000,93.44500
2025-06-06 14:00:00,93.44300,93.55000,93.43500,93.53700
2025-06-06 15:00:00,93.53600,93.56800,93.48200,93.50600
2025-06-06 16:00:00,93.50400,93.62400,93.44400,93.54600
2025-06-06 17:00:00,93.55100,93.61600,93.47900,93.52200
2025-06-06 18:00:00,93.52200,93.52300,93.40300,93.47600
2025-06-06 19:00:00,93.47400,93.59500,93.45400,93.54300
2025-06-06 20:00:00,93.54000,93.56800,93.48300,93.54700
2025-06-06 21:00:00,93.54600,93.64300,93.53600,93.56900
2025-06-06 22:00:00,93.56900,93.94100,93.53500,93.88500
2025-06-06 23:00:00,93.88700,94.10500,93.85200,94.039001
2025-06-07 00:00:00,94.043999,94.11400,93.95300,93.97700
2025-06-07 01:00:00,93.97700,94.10300,93.91800,94.094002
2025-06-07 02:00:00,94.091003,94.13100,94.0090027,94.046997
2025-06-07 03:00:00,94.050003,94.10600,94.023003,94.068001
2025-06-07 04:00:00,94.066002,94.11900,94.058998,94.096001
2025-06-07 05:00:00,94.098000,94.11100,94.031998,94.047997
2025-06-07 06:00:00,94.046997,94.12300,93.97500,93.98700
2025-06-07 07:00:00,93.98600,94.033997,93.98600,94.033997
2025-06-09 09:00:00,94.028999,94.054001,93.98400,94.026001
2025-06-09 10:00:00,94.028000,94.21900,93.96700,94.18900
2025-06-09 11:00:00,94.19100,94.24000,94.083000,94.13700
2025-06-09 12:00:00,94.13800,94.14600,94.015999,94.056000
2025-06-09 13:00:00,94.054001,94.12800,93.98200,94.087997
2025-06-09 14:00:00,94.088997,94.094002,94.025002,94.055000
2025-06-09 15:00:00,94.050003,94.17400,94.012001,94.059998
2025-06-09 16:00:00,94.058998,94.077003,93.92300,93.98200
2025-06-09 17:00:00,93.98600,94.047997,93.90600,93.96300
2025-06-09 18:00:00,93.96400,94.12000,93.94100,94.087997
2025-06-09 19:00:00,94.084999,94.10200,94.0059967,94.061996
2025-06-09 20:00:00,94.063004,94.10500,94.011002,94.053001
2025-06-09 21:00:00,94.051003,94.22800,94.042000,94.19200
2025-06-09 22:00:00,94.19300,94.21500,94.12100,94.19300
2025-06-09 23:00:00,94.19300,94.21300,94.10300,94.16600
2025-06-10 00:00:00,94.16000,94.29700,94.14800,94.26500
2025-06-10 01:00:00,94.27000,94.27700,94.18200,94.20000
2025-06-10 02:00:00,94.20000,94.22000,94.16300,94.17900
2025-06-10 03:00:00,94.17700,94.22000,94.16200,94.21300
2025-06-10 04:00:00,94.21300,94.33900,94.18400,94.32200
2025-06-10 05:00:00,94.32200,94.32400,94.22600,94.23800
2025-06-10 06:00:00,94.24100,94.26400,94.12900,94.16100
2025-06-10 07:00:00,94.11700,94.23600,94.072998,94.18500
2025-06-10 08:00:00,94.13900,94.25,94.13900,94.22000
2025-06-10 09:00:00,94.23800,94.25,94.16600,94.20400
2025-06-10 10:00:00,94.21000,94.27900,94.15300,94.19500
2025-06-10 11:00:00,94.19400,94.45200,94.18500,94.41900
2025-06-10 12:00:00,94.42200,94.53400,94.38600,94.47000
2025-06-10 13:00:00,94.47600,94.56600,94.39800,94.54500
2025-06-10 14:00:00,94.54400,94.60200,94.47700,94.51200
2025-06-10 15:00:00,94.51500,94.52900,93.98300,94.085999
2025-06-10 16:00:00,94.086998,94.13400,93.94100,93.96700
2025-06-10 17:00:00,93.96700,94.10900,93.88900,94.091003
2025-06-10 18:00:00,94.092003,94.23400,93.99800,94.22900
2025-06-10 19:00:00,94.23000,94.32300,94.16600,94.27600
2025-06-10 20:00:00,94.28300,94.35100,94.18000,94.19300
2025-06-10 21:00:00,94.18700,94.27200,94.15000,94.26400
2025-06-10 22:00:00,94.26300,94.28700,94.19100,94.25600
2025-06-10 23:00:00,94.26100,94.42000,94.25500,94.40000
2025-06-11 00:00:00,94.40200,94.54300,94.38700,94.49800
2025-06-11 01:00:00,94.49700,94.54600,94.33700,94.49200
2025-06-11 02:00:00,94.49200,94.55100,94.45700,94.53700
2025-06-11 03:00:00,94.53500,94.54300,94.47100,94.47800
2025-06-11 04:00:00,94.47900,94.52100,94.41400,94.50500
2025-06-11 05:00:00,94.50600,94.57300,94.44700,94.53500
2025-06-11 06:00:00,94.53300,94.55500,94.42500,94.42500
2025-06-11 07:00:00,94.42300,94.52400,94.38300,94.49200
2025-06-11 08:00:00,94.5,94.59400,94.43400,94.58900
2025-06-11 09:00:00,94.59700,94.75100,94.50200,94.57000
2025-06-11 10:00:00,94.56900,94.57600,94.32000,94.40100
2025-06-11 11:00:00,94.40100,94.50100,94.26900,94.28900
2025-06-11 12:00:00,94.29200,94.41700,94.23200,94.27100
2025-06-11 13:00:00,94.27100,94.47200,94.19100,94.46900
2025-06-11 14:00:00,94.46300,94.49900,94.39800,94.43300
2025-06-11 15:00:00,94.43500,94.52800,94.43200,94.47800
2025-06-11 16:00:00,94.48000,94.59100,94.43300,94.52400
2025-06-11 17:00:00,94.52300,94.58000,94.47700,94.5
2025-06-11 18:00:00,94.49200,94.52100,94.40000,94.43600
2025-06-11 19:00:00,94.43600,94.51400,94.35400,94.49500
2025-06-11 20:00:00,94.5,94.52600,94.43400,94.47900
2025-06-11 21:00:00,94.47800,94.54000,94.42900,94.51800
2025-06-11 22:00:00,94.51700,94.71900,94.33100,94.49300
2025-06-11 23:00:00,94.48800,94.56000,94.29000,94.55000
2025-06-12 00:00:00,94.54700,94.59000,94.35800,94.39300
2025-06-12 01:00:00,94.38600,94.43400,94.18600,94.20800
2025-06-12 02:00:00,94.20000,94.33400,94.14800,94.32000
2025-06-12 03:00:00,94.31800,94.38000,94.21000,94.21900
2025-06-12 04:00:00,94.21600,94.22400,93.87600,94.042000
2025-06-12 05:00:00,94.042999,94.057999,93.90800,94.0039978
2025-06-12 06:00:00,94.0049973,94.050003,93.93400,93.93400
2025-06-12 07:00:00,93.87100,94.060997,93.84100,93.95200
2025-06-12 08:00:00,93.97000,93.97100,93.83700,93.86500
2025-06-12 09:00:00,93.87200,93.91300,93.78200,93.84400
2025-06-12 10:00:00,93.83800,93.92400,93.63000,93.67300
2025-06-12 11:00:00,93.67300,93.71500,93.30100,93.47500
2025-06-12 12:00:00,93.48000,93.52000,93.35600,93.45700
2025-06-12 13:00:00,93.45800,93.64000,93.44900,93.56400
2025-06-12 14:00:00,93.56400,93.61400,93.47800,93.48600
2025-06-12 15:00:00,93.48300,93.57400,93.40100,93.47300
2025-06-12 16:00:00,93.46700,93.52000,93.38500,93.40300
2025-06-12 17:00:00,93.40300,93.55300,93.25200,93.26200
2025-06-12 18:00:00,93.25900,93.5,93.23300,93.48400
2025-06-12 19:00:00,93.48800,93.56000,93.34800,93.38800
2025-06-12 20:00:00,93.38600,93.56500,93.35700,93.54300
2025-06-12 21:00:00,93.54000,93.66900,93.45400,93.55900
2025-06-12 22:00:00,93.56700,93.66900,93.46700,93.51800
2025-06-12 23:00:00,93.51700,93.56700,93.43400,93.51900
2025-06-13 00:00:00,93.51500,93.82600,93.51200,93.82000
2025-06-13 01:00:00,93.82000,93.90800,93.67100,93.70300
2025-06-13 02:00:00,93.70400,93.80400,93.68200,93.74100
2025-06-13 03:00:00,93.74100,93.77100,93.68700,93.69800
2025-06-13 04:00:00,93.70100,93.74200,93.65200,93.71100
2025-06-13 05:00:00,93.70600,93.74900,93.66300,93.72600
2025-06-13 06:00:00,93.72700,93.76400,93.67100,93.68900
2025-06-13 07:00:00,93.69300,93.75800,93.58700,93.66600
2025-06-13 08:00:00,93.69700,93.74800,93.65000,93.70800
2025-06-13 09:00:00,93.68400,93.69200,93.38400,93.39500
2025-06-13 10:00:00,93.39700,93.44600,92.37600,92.64600
2025-06-13 11:00:00,92.64400,92.91300,92.31100,92.81200
2025-06-13 12:00:00,92.81400,93.0090027,92.56400,92.70000
2025-06-13 13:00:00,92.69900,93.15900,92.69500,92.99500
2025-06-13 14:00:00,93.00099945,93.045998,92.90800,92.93900
2025-06-13 15:00:00,92.94000,93.11600,92.87100,92.91000
2025-06-13 16:00:00,92.91100,93.060997,92.85600,93.012001
2025-06-13 17:00:00,93.011002,93.29500,92.93700,93.20800
2025-06-13 18:00:00,93.20400,93.37100,93.18800,93.30900
2025-06-13 19:00:00,93.30400,93.43500,93.29400,93.41700
2025-06-13 20:00:00,93.41500,93.43400,93.27000,93.35300
2025-06-13 21:00:00,93.35500,93.50800,93.31300,93.32500
2025-06-13 22:00:00,93.32700,93.49300,93.30900,93.48000
2025-06-13 23:00:00,93.48600,93.55900,93.38000,93.43300
2025-06-14 00:00:00,93.41700,93.75500,93.37900,93.67000
2025-06-14 01:00:00,93.66600,93.87000,93.62800,93.78800
2025-06-14 02:00:00,93.78800,93.875,93.75500,93.80400
2025-06-14 03:00:00,93.80900,93.81400,93.66000,93.68600
2025-06-14 04:00:00,93.68500,93.72500,93.28500,93.43300
2025-06-14 05:00:00,93.43000,93.47600,93.32700,93.46700
2025-06-14 06:00:00,93.46500,93.53100,93.40300,93.44700
2025-06-14 07:00:00,93.5,93.5,93.5,93.5
2025-06-16 09:00:00,93.71900,93.88800,93.69600,93.85400
2025-06-16 10:00:00,93.85100,93.85500,93.68900,93.70000
2025-06-16 11:00:00,93.70200,93.70900,93.41400,93.55400
2025-06-16 12:00:00,93.55400,93.66900,93.50300,93.54600
2025-06-16 13:00:00,93.53900,93.57300,93.41400,93.53000
2025-06-16 14:00:00,93.53100,93.58600,93.48500,93.52400
2025-06-16 15:00:00,93.52300,93.62800,93.50400,93.62000
2025-06-16 16:00:00,93.62100,93.85500,93.55000,93.80300
2025-06-16 17:00:00,93.79800,94.012001,93.77000,93.82200
2025-06-16 18:00:00,93.81700,93.96200,93.80700,93.95200
2025-06-16 19:00:00,93.95300,93.99500,93.85800,93.90000
2025-06-16 20:00:00,93.89600,93.94900,93.84600,93.86400
2025-06-16 21:00:00,93.86400,94.051003,93.83200,94.018997
2025-06-16 22:00:00,94.025002,94.13900,94.0059967,94.057999
2025-06-16 23:00:00,94.055000,94.13400,93.93700,94.085999
2025-06-17 00:00:00,94.086998,94.22200,94.028999,94.20600
2025-06-17 01:00:00,94.21000,94.22600,94.11600,94.18400
2025-06-17 02:00:00,94.19100,94.41600,94.17400,94.37000
2025-06-17 03:00:00,94.36800,94.47700,94.33000,94.40500
2025-06-17 04:00:00,94.40600,94.52500,94.39300,94.51700
2025-06-17 05:00:00,94.51300,94.55100,94.43700,94.48500
2025-06-17 06:00:00,94.48100,94.51400,94.35900,94.39200
2025-06-17 07:00:00,94.34200,94.51300,94.26300,94.43800
2025-06-17 08:00:00,94.43800,94.47300,94.22600,94.25100
2025-06-17 09:00:00,94.25400,94.41700,94.17100,94.22000
2025-06-17 10:00:00,94.22000,94.50900,94.16500,94.48500
2025-06-17 11:00:00,94.48800,94.52000,94.30900,94.50800
2025-06-17 12:00:00,94.50800,94.66700,94.42600,94.64100
2025-06-17 13:00:00,94.63500,94.64500,94.44700,94.48400
2025-06-17 14:00:00,94.48100,94.50600,94.33800,94.48800
2025-06-17 15:00:00,94.48900,94.54400,94.41100,94.47600
2025-06-17 16:00:00,94.47200,94.75300,94.45800,94.71600
2025-06-17 17:00:00,94.71700,94.84000,94.42600,94.48800
2025-06-17 18:00:00,94.49500,94.72200,94.44300,94.67100
2025-06-17 19:00:00,94.67400,94.79300,94.52800,94.54100
2025-06-17 20:00:00,94.54000,94.62000,94.52400,94.56800
2025-06-17 21:00:00,94.56700,94.62200,94.45300,94.53200
2025-06-17 22:00:00,94.53100,94.61700,94.34500,94.47500
2025-06-17 23:00:00,94.46500,94.73900,94.45000,94.67400
2025-06-18 00:00:00,94.67500,94.72800,94.43300,94.48700
2025-06-18 01:00:00,94.48700,94.50900,94.32500,94.46500
2025-06-18 02:00:00,94.46600,94.52100,94.27800,94.30000
2025-06-18 03:00:00,94.29700,94.35400,94.014000,94.056000
2025-06-18 04:00:00,94.057999,94.096001,93.93800,94.070999
2025-06-18 05:00:00,94.070999,94.11800,94.0059967,94.014999
2025-06-18 06:00:00,94.016998,94.096001,93.99600,94.0019989
2025-06-18 07:00:00,94.059998,94.15600,93.95800,94.067001
2025-06-18 08:00:00,94.051003,94.070999,93.98400,94.044998
2025-06-18 09:00:00,94.042999,94.22300,94.0090027,94.21500
2025-06-18 10:00:00,94.21800,94.29000,94.11900,94.20300
2025-06-18 11:00:00,94.20500,94.30700,94.13400,94.15500
2025-06-18 12:00:00,94.14700,94.24600,94.087997,94.15700
2025-06-18 13:00:00,94.15900,94.21600,94.12100,94.17300
2025-06-18 14:00:00,94.16700,94.31900,94.13200,94.31600
2025-06-18 15:00:00,94.31400,94.34000,94.21800,94.28800
2025-06-18 16:00:00,94.28600,94.41500,94.26400,94.28100
2025-06-18 17:00:00,94.28200,94.34400,94.16200,94.18200
2025-06-18 18:00:00,94.18800,94.31600,94.16200,94.19500
2025-06-18 19:00:00,94.18900,94.25500,94.14300,94.20000
2025-06-18 20:00:00,94.20400,94.23600,93.94100,93.96000
2025-06-18 21:00:00,93.96100,94.18400,93.95300,94.16100
2025-06-18 22:00:00,94.15700,94.20700,94.10600,94.16900
2025-06-18 23:00:00,94.16300,94.22400,94.023003,94.15100
2025-06-19 00:00:00,94.15100,94.39800,94.096001,94.34700
2025-06-19 01:00:00,94.34700,94.37400,94.23300,94.23300
2025-06-19 02:00:00,94.23900,94.31200,94.21800,94.25500
2025-06-19 03:00:00,94.25300,94.31400,94.21200,94.25600
2025-06-19 04:00:00,94.27600,94.42100,94.20200,94.27700
2025-06-19 05:00:00,94.27900,94.44000,94.26800,94.38900
2025-06-19 06:00:00,94.38600,94.49200,94.38200,94.41900
2025-06-19 07:00:00,94.41700,94.46000,94.23000,94.35200
2025-06-19 08:00:00,94.38300,94.45700,94.30400,94.35700
2025-06-19 09:00:00,94.35500,94.40500,94.30300,94.31200
2025-06-19 10:00:00,94.30900,94.34400,94.12900,94.14500
2025-06-19 11:00:00,94.14400,94.18200,93.80000,94.098000
2025-06-19 12:00:00,94.097000,94.16000,93.99500,94.10600
2025-06-19 13:00:00,94.10600,94.23300,94.098000,94.18500
2025-06-19 14:00:00,94.18500,94.19400,94.083000,94.11100
2025-06-19 15:00:00,94.11100,94.12600,93.82600,93.84300
2025-06-19 16:00:00,93.84200,94.0070038,93.82100,94.00099945
2025-06-19 17:00:00,94,94.11400,93.92700,93.97900
2025-06-19 18:00:00,93.97800,94.12800,93.92700,94.070999
2025-06-19 19:00:00,94.066002,94.11100,93.98300,94.031998
2025-06-19 20:00:00,94.032997,94.24400,94.0070038,94.17600
2025-06-19 21:00:00,94.17600,94.26700,94.099998,94.21300
2025-06-19 22:00:00,94.21800,94.24800,94.021004,94.053001
2025-06-19 23:00:00,94.052002,94.097000,93.88100,93.92200
2025-06-20 00:00:00,93.92000,94.064003,93.84900,94.031998
2025-06-20 01:00:00,94.028999,94.096001,93.96900,93.99900
2025-06-20 02:00:00,93.99700,94.052002,93.96700,94.021004
2025-06-20 03:00:00,94.023003,94.17100,94.011002,94.16200
2025-06-20 04:00:00,94.16700,94.19800,94.12900,94.17100
2025-06-20 05:00:00,94.17100,94.20900,94.13000,94.20100
2025-06-20 06:00:00,94.20200,94.27500,94.15600,94.24400
2025-06-20 07:00:00,94.16000,94.29400,93.97100,94.17300
2025-06-20 08:00:00,94.15400,94.34600,94.13000,94.29900
2025-06-20 09:00:00,94.29700,94.32100,94.15500,94.19100
2025-06-20 10:00:00,94.18900,94.31000,94.14400,94.22600
2025-06-20 11:00:00,94.22400,94.28400,94.063004,94.11800
2025-06-20 12:00:00,94.11800,94.19800,94.099998,94.18800
2025-06-20 13:00:00,94.18500,94.33300,94.17200,94.30900
2025-06-20 14:00:00,94.31200,94.42000,94.27200,94.36000
2025-06-20 15:00:00,94.35900,94.42900,94.34100,94.42200
2025-06-20 16:00:00,94.42500,94.44100,94.11800,94.14800
2025-06-20 17:00:00,94.14700,94.32400,94.096001,94.30600
2025-06-20 18:00:00,94.30400,94.32000,94.20000,94.27600
2025-06-20 19:00:00,94.28100,94.40600,94.26100,94.36600
2025-06-20 20:00:00,94.36700,94.37600,94.27700,94.36300
2025-06-20 21:00:00,94.36300,94.51400,94.31200,94.46400
2025-06-20 22:00:00,94.46600,94.54200,94.42500,94.48200
2025-06-20 23:00:00,94.48100,94.55400,94.30300,94.34600
2025-06-21 00:00:00,94.34300,94.43800,94.17800,94.34800
2025-06-21 01:00:00,94.34900,94.34900,94.15700,94.17500
2025-06-21 02:00:00,94.17500,94.24300,94.15600,94.19300
2025-06-21 03:00:00,94.19300,94.23100,94.094002,94.19400
2025-06-21 04:00:00,94.19300,94.26500,94.15500,94.21300
2025-06-21 05:00:00,94.21400,94.29900,94.19300,94.26900
2025-06-21 06:00:00,94.27400,94.30600,94.15000,94.22400
2025-06-21 07:00:00,94.24200,94.24200,94.24200,94.24200
2025-06-23 09:00:00,94.25300,94.32700,94.21900,94.24500
2025-06-23 10:00:00,94.24200,94.28200,94.097000,94.26300
2025-06-23 11:00:00,94.26300,94.34700,94.17000,94.25500
2025-06-23 12:00:00,94.25500,94.27800,93.96100,93.98300
2025-06-23 13:00:00,93.98000,94.029999,93.84400,93.93100
2025-06-23 14:00:00,93.93200,94.15900,93.92900,94.13700
2025-06-23 15:00:00,94.14100,94.36800,94.13200,94.32600
2025-06-23 16:00:00,94.32500,94.51000,94.30000,94.49200
2025-06-23 17:00:00,94.49300,94.62400,94.42900,94.62200
2025-06-23 18:00:00,94.61700,94.68300,94.47800,94.50300
2025-06-23 19:00:00,94.50300,94.54200,94.28900,94.34000
2025-06-23 20:00:00,94.33800,94.44700,94.28200,94.40300
2025-06-23 21:00:00,94.40000,94.43700,94.12100,94.26800
2025-06-23 22:00:00,94.27100,94.30900,94.099998,94.21500
2025-06-23 23:00:00,94.21400,94.35000,94.12700,94.33000
2025-06-24 00:00:00,94.33300,94.38400,94.22600,94.24500
2025-06-24 01:00:00,94.24400,94.28900,94.042000,94.047997
2025-06-24 02:00:00,94.047997,94.12400,93.85600,93.98500
2025-06-24 03:00:00,93.98300,94.38200,93.95500,94.31400
2025-06-24 04:00:00,94.31100,94.35600,94.23300,94.34700
2025-06-24 05:00:00,94.35000,94.37000,94.27800,94.35600
2025-06-24 06:00:00,94.35700,94.43600,94.31100,94.35000
2025-06-24 07:00:00,94.30400,94.41900,94.17100,94.35100
2025-06-24 08:00:00,94.35100,94.48000,94.28800,94.47600
2025-06-24 09:00:00,94.45800,94.56100,94.40100,94.51000
2025-06-24 10:00:00,94.50800,94.53300,94.31200,94.35400
2025-06-24 11:00:00,94.35400,94.45100,94.25600,94.40500
2025-06-24 12:00:00,94.40000,94.47400,94.29900,94.46400
2025-06-24 13:00:00,94.46200,94.48200,94.30600,94.38100
2025-06-24 14:00:00,94.38500,94.48200,94.34300,94.46000
2025-06-24 15:00:00,94.45400,94.47800,94.35300,94.38900
2025-06-24 16:00:00,94.39500,94.52900,94.33400,94.52200
2025-06-24 17:00:00,94.52300,94.55300,94.27100,94.35500
2025-06-24 18:00:00,94.35700,94.39900,94.22500,94.35400
2025-06-24 19:00:00,94.35300,94.52200,94.33800,94.37000
2025-06-24 20:00:00,94.36400,94.46300,94.32100,94.43400
2025-06-24 21:00:00,94.43300,94.48000,94.33100,94.35300
2025-06-24 22:00:00,94.35300,94.41700,94.26200,94.28800
2025-06-24 23:00:00,94.29200,94.34800,94.10600,94.13500
2025-06-25 00:00:00,94.13400,94.24200,94.078003,94.17800
2025-06-25 01:00:00,94.17900,94.28700,94.10600,94.15000
2025-06-25 02:00:00,94.14500,94.18900,94.092003,94.13500
2025-06-25 03:00:00,94.13200,94.20500,94.072998,94.18200
2025-06-25 04:00:00,94.17900,94.19300,94.087997,94.11400
2025-06-25 05:00:00,94.11300,94.13200,94.056000,94.069000
2025-06-25 06:00:00,94.068001,94.11000,93.96500,93.99800
2025-06-25 07:00:00,93.97600,94.10300,93.89200,93.95100
2025-06-25 08:00:00,93.94900,94.064003,93.90400,94.042000
2025-06-25 09:00:00,94.039001,94.14200,93.96600,94.13300
2025-06-25 10:00:00,94.13600,94.25300,94.044998,94.14700
2025-06-25 11:00:00,94.14700,94.18500,94.056999,94.091003
2025-06-25 12:00:00,94.087997,94.19600,94.017998,94.19600
2025-06-25 13:00:00,94.19000,94.28100,94.14000,94.20400
2025-06-25 14:00:00,94.20400,94.23400,94.10600,94.19900
2025-06-25 15:00:00,94.20000,94.30100,94.14800,94.25500
2025-06-25 16:00:00,94.25400,94.42900,94.21700,94.39700
2025-06-25 17:00:00,94.39600,94.52300,94.36100,94.40000
2025-06-25 18:00:00,94.40700,94.54900,94.34500,94.51800
2025-06-25 19:00:00,94.51800,94.60800,94.46600,94.58600
2025-06-25 20:00:00,94.58700,94.66700,94.52300,94.65700
2025-06-25 21:00:00,94.65700,94.72100,94.62200,94.69400
2025-06-25 22:00:00,94.69300,94.71700,94.59000,94.68800
2025-06-25 23:00:00,94.68600,94.75200,94.59800,94.60200
2025-06-26 00:00:00,94.60400,94.62200,94.49400,94.60700
2025-06-26 01:00:00,94.60400,94.62100,94.46100,94.50300
2025-06-26 02:00:00,94.50200,94.59600,94.48400,94.58000
2025-06-26 03:00:00,94.58200,94.58900,94.48900,94.55000
2025-06-26 04:00:00,94.55000,94.57500,94.48100,94.48800
2025-06-26 05:00:00,94.48900,94.57100,94.48500,94.56000
2025-06-26 06:00:00,94.55700,94.62100,94.53500,94.57400
2025-06-26 07:00:00,94.48300,94.56100,94.40300,94.46600
2025-06-26 08:00:00,94.46200,94.58900,94.42800,94.58100
2025-06-26 09:00:00,94.58800,94.59100,94.48000,94.49800
2025-06-26 10:00:00,94.49400,94.53900,94.32600,94.33700
2025-06-26 11:00:00,94.33600,94.42200,94.23200,94.37000
2025-06-26 12:00:00,94.36300,94.53600,94.30900,94.47700
2025-06-26 13:00:00,94.47500,94.59000,94.46500,94.58200
2025-06-26 14:00:00,94.58300,94.61000,94.39200,94.43400
2025-06-26 15:00:00,94.43500,94.47200,94.35500,94.41100
2025-06-26 16:00:00,94.40500,94.42500,94.21200,94.25900
2025-06-26 17:00:00,94.25900,94.26000,94.057999,94.12400
2025-06-26 18:00:00,94.125,94.25500,94.064003,94.19200
2025-06-26 19:00:00,94.19300,94.24100,94.056000,94.20300
2025-06-26 20:00:00,94.19600,94.30100,94.18200,94.27800
2025-06-26 21:00:00,94.27600,94.34800,94.23700,94.31500
2025-06-26 22:00:00,94.31800,94.44800,94.20600,94.38800
2025-06-26 23:00:00,94.39300,94.49900,94.36500,94.47800
2025-06-27 00:00:00,94.47300,94.63600,94.47000,94.55300
2025-06-27 01:00:00,94.55300,94.63600,94.50300,94.58400
2025-06-27 02:00:00,94.58400,94.60400,94.49700,94.55300
2025-06-27 03:00:00,94.55700,94.62800,94.52300,94.60400
2025-06-27 04:00:00,94.60500,94.63400,94.55100,94.57600
2025-06-27 05:00:00,94.57700,94.59400,94.51200,94.57300
2025-06-27 06:00:00,94.56900,94.57800,94.47700,94.47900
2025-06-27 07:00:00,94.47600,94.58000,94.34500,94.47800
2025-06-27 08:00:00,94.48000,94.67800,94.44400,94.63600
2025-06-27 09:00:00,94.61900,94.74600,94.55000,94.71300
2025-06-27 10:00:00,94.71700,94.85300,94.68900,94.80300
2025-06-27 11:00:00,94.80600,94.82800,94.58500,94.61000
2025-06-27 12:00:00,94.60900,94.65900,94.53500,94.60100
2025-06-27 13:00:00,94.60000,94.67500,94.57500,94.59300
2025-06-27 14:00:00,94.58900,94.61600,94.51600,94.56300
2025-06-27 15:00:00,94.56400,94.60600,94.47100,94.49000
2025-06-27 16:00:00,94.48600,94.56700,94.45300,94.53100
2025-06-27 17:00:00,94.52800,94.74900,94.50200,94.62300
2025-06-27 18:00:00,94.62300,94.64700,94.54600,94.61000
2025-06-27 19:00:00,94.61000,94.62000,94.45000,94.52000
2025-06-27 20:00:00,94.51700,94.54400,94.42100,94.43500
2025-06-27 21:00:00,94.43500,94.53200,94.41200,94.46900
2025-06-27 22:00:00,94.46800,94.57400,94.40100,94.53900
2025-06-27 23:00:00,94.54000,94.62100,94.45300,94.45700
2025-06-28 00:00:00,94.45500,94.61600,94.38400,94.56700
2025-06-28 01:00:00,94.56700,94.60500,94.49200,94.55800
2025-06-28 02:00:00,94.56000,94.56300,94.47200,94.52100
2025-06-28 03:00:00,94.52000,94.57600,94.26500,94.35700
2025-06-28 04:00:00,94.35800,94.38000,94.22300,94.31000
2025-06-28 05:00:00,94.31000,94.46600,94.29800,94.44700
2025-06-28 06:00:00,94.44600,94.5,94.36000,94.38100
2025-06-28 07:00:00,94.45900,94.45900,94.45900,94.45900
2025-06-30 09:00:00,94.40400,94.44400,94.36500,94.38700
2025-06-30 10:00:00,94.38800,94.54600,94.37600,94.43300
2025-06-30 11:00:00,94.43200,94.50300,94.26700,94.29700
2025-06-30 12:00:00,94.29200,94.30300,94.14100,94.25400
2025-06-30 13:00:00,94.25800,94.26900,94.19300,94.21000
2025-06-30 14:00:00,94.21000,94.22700,94.14300,94.18000
2025-06-30 15:00:00,94.18500,94.27400,94.14400,94.26400
2025-06-30 16:00:00,94.26000,94.27500,94.14100,94.19300
2025-06-30 17:00:00,94.18600,94.19300,93.98600,94.16700
2025-06-30 18:00:00,94.16300,94.25200,94.10800,94.21800
2025-06-30 19:00:00,94.21700,94.27900,94.11900,94.13000
2025-06-30 20:00:00,94.12900,94.18100,94.083000,94.15700
2025-06-30 21:00:00,94.15800,94.28300,94.14900,94.26600
2025-06-30 22:00:00,94.26700,94.38200,94.21900,94.35500
2025-06-30 23:00:00,94.35400,94.49300,94.31600,94.47600
2025-07-01 00:00:00,94.47400,94.68400,94.40000,94.65400
2025-07-01 01:00:00,94.65800,94.75900,94.53200,94.74800
2025-07-01 02:00:00,94.75200,94.80000,94.71800,94.78600
2025-07-01 03:00:00,94.79100,94.84000,94.70800,94.77300
2025-07-01 04:00:00,94.77200,94.87700,94.75400,94.86300
2025-07-01 05:00:00,94.86200,94.89100,94.76700,94.79100
2025-07-01 06:00:00,94.78600,94.79600,94.72500,94.73300
2025-07-01 07:00:00,94.73100,94.81500,94.58300,94.69500
2025-07-01 08:00:00,94.73000,94.77500,94.68600,94.72000
2025-07-01 09:00:00,94.72400,94.73300,94.55300,94.56500
2025-07-01 10:00:00,94.56900,94.57500,94.38700,94.40300
2025-07-01 11:00:00,94.40400,94.41000,94.22500,94.31300
2025-07-01 12:00:00,94.31400,94.39700,94.22800,94.39500
2025-07-01 13:00:00,94.39400,94.49800,94.32200,94.49800
2025-07-01 14:00:00,94.49800,94.60100,94.45700,94.48100
2025-07-01 15:00:00,94.48200,94.52900,94.42300,94.45600
2025-07-01 16:00:00,94.45300,94.53200,94.38000,94.49400
2025-07-01 17:00:00,94.49400,94.54100,94.20700,94.24300
2025-07-01 18:00:00,94.24300,94.26500,94.10400,94.21600
2025-07-01 19:00:00,94.21400,94.24400,94.071999,94.11300
2025-07-01 20:00:00,94.11200,94.18700,94.089996,94.15300
2025-07-01 21:00:00,94.15200,94.16000,93.97100,93.99600
2025-07-01 22:00:00,93.99300,94.098000,93.96000,94.042000
2025-07-01 23:00:00,94.042999,94.17000,93.98900,94.040001
2025-07-02 00:00:00,94.053001,94.33200,94.018997,94.27200
2025-07-02 01:00:00,94.27300,94.35500,94.19800,94.33700
2025-07-02 02:00:00,94.33900,94.44000,94.33400,94.36500
2025-07-02 03:00:00,94.36900,94.45600,94.34900,94.44000
2025-07-02 04:00:00,94.44600,94.50600,94.43500,94.47700
2025-07-02 05:00:00,94.47600,94.56100,94.38000,94.54600
2025-07-02 06:00:00,94.54500,94.55000,94.35200,94.36300
2025-07-02 07:00:00,94.34800,94.36800,94.22300,94.29400
2025-07-02 08:00:00,94.31700,94.41500,94.29400,94.37400
2025-07-02 09:00:00,94.37200,94.41500,94.32100,94.33100
2025-07-02 10:00:00,94.32600,94.53400,94.30700,94.43300
2025-07-02 11:00:00,94.42600,94.48900,94.30900,94.37400
2025-07-02 12:00:00,94.36800,94.38800,94.31500,94.36000
2025-07-02 13:00:00,94.35500,94.44900,94.32900,94.44300
2025-07-02 14:00:00,94.44000,94.52300,94.40100,94.46500
2025-07-02 15:00:00,94.46600,94.60500,94.44600,94.53500
2025-07-02 16:00:00,94.53500,94.55700,94.47700,94.49000
2025-07-02 17:00:00,94.48500,94.58300,94.42100,94.43000
2025-07-02 18:00:00,94.42700,94.49900,94.36000,94.49200
2025-07-02 19:00:00,94.49800,94.68100,94.48900,94.61800
2025-07-02 20:00:00,94.61500,94.62900,94.45100,94.47400
2025-07-02 21:00:00,94.48000,94.57200,94.45400,94.49000
2025-07-02 22:00:00,94.49000,94.50800,94.11700,94.25
2025-07-02 23:00:00,94.24900,94.41200,94.24600,94.32100
2025-07-03 00:00:00,94.31800,94.53900,94.22900,94.52300
2025-07-03 01:00:00,94.52200,94.57000,94.40700,94.46000
2025-07-03 02:00:00,94.45800,94.53100,94.42000,94.49200
2025-07-03 03:00:00,94.49000,94.54800,94.47400,94.49600
2025-07-03 04:00:00,94.49800,94.54700,94.48500,94.53900
2025-07-03 05:00:00,94.53700,94.61600,94.53200,94.61400
2025-07-03 06:00:00,94.61600,94.63800,94.49100,94.49100
2025-07-03 07:00:00,94.49000,94.64300,94.46800,94.55400
2025-07-03 08:00:00,94.55200,94.60600,94.50600,94.58600
2025-07-03 09:00:00,94.59200,94.59600,94.46000,94.46700
2025-07-03 10:00:00,94.46100,94.52000,94.34100,94.47500
2025-07-03 11:00:00,94.47200,94.5,94.32900,94.40100
2025-07-03 12:00:00,94.40100,94.42700,94.33300,94.40100
2025-07-03 13:00:00,94.40100,94.48500,94.39000,94.46500
2025-07-03 14:00:00,94.46300,94.50300,94.42100,94.49700
2025-07-03 15:00:00,94.5,94.54000,94.43900,94.52200
2025-07-03 16:00:00,94.52600,94.65700,94.49100,94.57700
2025-07-03 17:00:00,94.57600,94.64400,94.51000,94.62900
2025-07-03 18:00:00,94.62200,94.68300,94.58200,94.63300
2025-07-03 19:00:00,94.63700,94.66200,94.54700,94.58400
2025-07-03 20:00:00,94.58100,94.58900,94.53200,94.56100
2025-07-03 21:00:00,94.55800,94.63000,94.55000,94.56400
2025-07-03 22:00:00,94.56200,94.98800,94.45000,94.92600
2025-07-03 23:00:00,94.92500,95.18800,94.86500,95.080002
2025-07-04 00:00:00,95.097000,95.30900,95.043999,95.21400
2025-07-04 01:00:00,95.21500,95.29600,95.16200,95.28200
2025-07-04 02:00:00,95.28400,95.36800,95.27000,95.31700
2025-07-04 03:00:00,95.31700,95.35900,95.27700,95.31900
2025-07-04 04:00:00,95.31900,95.33300,95.27700,95.31900
2025-07-04 05:00:00,95.32000,95.32300,95.23600,95.27200
2025-07-04 06:00:00,95.26900,95.29300,95.18400,95.20400
2025-07-04 07:00:00,95.14000,95.25900,95.11200,95.20900
2025-07-04 08:00:00,95.20900,95.25,95.18500,95.21000
2025-07-04 09:00:00,95.20500,95.25300,95.15600,95.16200
2025-07-04 10:00:00,95.16500,95.22600,95.019997,95.088997
2025-07-04 11:00:00,95.088997,95.14800,95.029999,95.044998
2025-07-04 12:00:00,95.043999,95.078003,94.99000,95.011002
2025-07-04 13:00:00,95.010002,95.021004,94.86600,94.94600
2025-07-04 14:00:00,94.94700,94.95400,94.77100,94.87100
2025-07-04 15:00:00,94.86800,94.96800,94.82200,94.84000
2025-07-04 16:00:00,94.83800,94.87700,94.76500,94.78300
2025-07-04 17:00:00,94.78500,94.86900,94.56400,94.65500
2025-07-04 18:00:00,94.65200,94.70200,94.60500,94.65900
2025-07-04 19:00:00,94.66100,94.70100,94.58300,94.63300
2025-07-04 20:00:00,94.63600,94.70100,94.61000,94.64100
2025-07-04 21:00:00,94.64000,94.70600,94.63000,94.70300
2025-07-04 22:00:00,94.70200,94.70800,94.58700,94.60800
2025-07-04 23:00:00,94.60800,94.68300,94.60300,94.64700
2025-07-05 00:00:00,94.64300,94.67700,94.60600,94.65200
2025-07-05 01:00:00,94.65400,94.69000,94.62200,94.67100
2025-07-05 02:00:00,94.66500,94.67900,94.63400,94.65100
2025-07-05 03:00:00,94.65100,94.67300,94.58800,94.63400
2025-07-05 04:00:00,94.62900,94.67600,94.62200,94.63700
2025-07-05 05:00:00,94.64200,94.72400,94.60400,94.69500
2025-07-05 06:00:00,94.69200,94.73300,94.55200,94.68200
2025-07-05 07:00:00,94.67500,94.67500,94.67500,94.67500
2025-07-07 09:00:00,94.64500,94.74900,94.59900,94.63900
2025-07-07 10:00:00,94.64100,94.64800,94.34700,94.40300
2025-07-07 11:00:00,94.39800,94.40200,94.22900,94.34700
2025-07-07 12:00:00,94.35100,94.48700,94.33000,94.42800
2025-07-07 13:00:00,94.43300,94.45500,94.30300,94.36300
2025-07-07 14:00:00,94.36500,94.40000,94.27800,94.30000
2025-07-07 15:00:00,94.29700,94.40700,94.26900,94.38100
2025-07-07 16:00:00,94.38400,94.42600,94.29500,94.38900
2025-07-07 17:00:00,94.38400,94.48500,94.35300,94.44300
2025-07-07 18:00:00,94.44200,94.49500,94.29400,94.33800
2025-07-07 19:00:00,94.33700,94.49600,94.27600,94.48500
2025-07-07 20:00:00,94.48100,94.53000,94.45800,94.48200
2025-07-07 21:00:00,94.48500,94.59900,94.46700,94.56800
2025-07-07 22:00:00,94.56700,94.69500,94.53900,94.66000
2025-07-07 23:00:00,94.66300,94.95200,94.64500,94.92500
2025-07-08 00:00:00,94.92600,95.025002,94.87800,94.97100
2025-07-08 01:00:00,94.97400,95.025002,94.93600,94.97900
2025-07-08 02:00:00,94.98100,95.046997,94.78600,94.84400
2025-07-08 03:00:00,94.84200,95.042999,94.80600,94.85400
2025-07-08 04:00:00,94.85200,95.025002,94.80400,95.012001
2025-07-08 05:00:00,95.010002,95.022003,94.875,94.92500
2025-07-08 06:00:00,94.92400,94.92500,94.74900,94.74900
2025-07-08 07:00:00,94.75400,94.90000,94.71500,94.74200
2025-07-08 08:00:00,94.77600,94.84200,94.71300,94.79800
2025-07-08 09:00:00,94.80000,94.97300,94.79200,94.91500
2025-07-08 10:00:00,94.91400,95.23100,94.89600,95.18600
2025-07-08 11:00:00,95.18800,95.32900,95.098999,95.17800
2025-07-08 12:00:00,95.17900,95.25,95.12200,95.16000
2025-07-08 13:00:00,95.16000,95.23900,95.13300,95.13900
2025-07-08 14:00:00,95.13700,95.70000,95.035004,95.48600
2025-07-08 15:00:00,95.48100,95.58200,95.30700,95.52500
2025-07-08 16:00:00,95.52700,95.68900,95.45100,95.51400
2025-07-08 17:00:00,95.51300,95.61600,95.44400,95.55700
2025-07-08 18:00:00,95.55700,95.66900,95.52300,95.62300
2025-07-08 19:00:00,95.63000,95.68800,95.56500,95.61500
2025-07-08 20:00:00,95.61800,95.74900,95.60500,95.73800
2025-07-08 21:00:00,95.73900,95.96200,95.73700,95.86900
2025-07-08 22:00:00,95.86800,95.95200,95.74900,95.94100
2025-07-08 23:00:00,95.94100,95.95500,95.69800,95.76800
2025-07-09 00:00:00,95.76400,95.78700,95.60600,95.73100
2025-07-09 01:00:00,95.73000,95.86900,95.72000,95.76500
2025-07-09 02:00:00,95.76600,95.79800,95.62000,95.75500
2025-07-09 03:00:00,95.75300,95.89200,95.73000,95.81400
2025-07-09 04:00:00,95.81500,95.83000,95.73900,95.75900
2025-07-09 05:00:00,95.76100,95.77100,95.67700,95.68800
2025-07-09 06:00:00,95.68000,95.71000,95.66100,95.68800
2025-07-09 07:00:00,95.68100,95.73300,95.47600,95.58900
2025-07-09 08:00:00,95.61700,95.73800,95.59100,95.71800
2025-07-09 09:00:00,95.71600,95.85900,95.71100,95.81700
2025-07-09 10:00:00,95.81600,95.875,95.72900,95.80200
2025-07-09 11:00:00,95.80500,95.94100,95.77600,95.90900
2025-07-09 12:00:00,95.91300,96.0080032,95.79900,95.87100
2025-07-09 13:00:00,95.87000,95.96000,95.78700,95.94600
2025-07-09 14:00:00,95.94600,96.19700,95.93000,96.10100
2025-07-09 15:00:00,96.10100,96.21400,96.016998,96.041000
2025-07-09 16:00:00,96.037003,96.093002,95.90000,96.045998
2025-07-09 17:00:00,96.046997,96.082001,95.74300,95.82100
2025-07-09 18:00:00,95.81800,95.83300,95.71700,95.78200
2025-07-09 19:00:00,95.78400,95.81100,95.73000,95.78600
2025-07-09 20:00:00,95.78900,95.79000,95.62200,95.65700
2025-07-09 21:00:00,95.65700,95.73300,95.625,95.63600
2025-07-09 22:00:00,95.63400,95.76000,95.59100,95.70200
2025-07-09 23:00:00,95.70800,95.83300,95.63700,95.77400
2025-07-10 00:00:00,95.77500,95.78700,95.64200,95.66800
2025-07-10 01:00:00,95.67100,95.71000,95.62300,95.68800
2025-07-10 02:00:00,95.68700,95.72000,95.60100,95.64700
2025-07-10 03:00:00,95.65100,95.69800,95.61000,95.64200
2025-07-10 04:00:00,95.64200,95.69300,95.62900,95.66200
2025-07-10 05:00:00,95.66100,95.70800,95.64200,95.69400
2025-07-10 06:00:00,95.69700,95.75100,95.56800,95.59200
2025-07-10 07:00:00,95.58100,95.67900,95.46900,95.59000
2025-07-10 08:00:00,95.61500,95.65000,95.54200,95.60300
2025-07-10 09:00:00,95.59900,95.64300,95.48400,95.49200
2025-07-10 10:00:00,95.49100,95.55200,95.38700,95.41600
2025-07-10 11:00:00,95.41800,95.47500,95.39200,95.45700
2025-07-10 12:00:00,95.45600,95.69900,95.45300,95.69100
2025-07-10 13:00:00,95.69000,95.76100,95.67600,95.70700
2025-07-10 14:00:00,95.70700,95.75,95.63500,95.69800
2025-07-10 15:00:00,95.69200,95.78900,95.68900,95.77300
2025-07-10 16:00:00,95.77600,95.92900,95.75600,95.82300
2025-07-10 17:00:00,95.82200,96.0080032,95.77900,95.88400
2025-07-10 18:00:00,95.89200,95.96800,95.87900,95.96100
2025-07-10 19:00:00,95.96100,96.033997,95.88400,95.89200
2025-07-10 20:00:00,95.88600,95.95100,95.86900,95.92700
2025-07-10 21:00:00,95.92600,95.96500,95.80100,95.81400
2025-07-10 22:00:00,95.81400,95.96100,95.77300,95.93100
2025-07-10 23:00:00,95.92900,95.96800,95.87700,95.93900
2025-07-11 00:00:00,95.93900,96.14800,95.93400,96.082001
2025-07-11 01:00:00,96.082001,96.28100,96.061996,96.23700
2025-07-11 02:00:00,96.23700,96.31800,96.21400,96.27100
2025-07-11 03:00:00,96.27300,96.28700,96.21300,96.21900
2025-07-11 04:00:00,96.21900,96.28700,96.18600,96.28000
2025-07-11 05:00:00,96.27300,96.37700,96.27100,96.35900
2025-07-11 06:00:00,96.35900,96.38600,96.27200,96.29300
2025-07-11 07:00:00,96.29700,96.33200,96.078003,96.28200
2025-07-11 08:00:00,96.28300,96.40400,96.24400,96.39100
2025-07-11 09:00:00,96.39800,96.45600,96.35200,96.44100
2025-07-11 10:00:00,96.44200,96.47900,95.97400,96.24600
2025-07-11 11:00:00,96.24500,96.75700,96.20900,96.63900
2025-07-11 12:00:00,96.64000,96.81300,96.62700,96.69400
2025-07-11 13:00:00,96.69800,96.80800,96.64900,96.77600
2025-07-11 14:00:00,96.77000,96.79200,96.66400,96.72200
2025-07-11 15:00:00,96.72200,96.78100,96.60200,96.62700
2025-07-11 16:00:00,96.62200,96.73500,96.58300,96.73100
2025-07-11 17:00:00,96.73500,96.76000,96.64400,96.69500
2025-07-11 18:00:00,96.69900,96.74300,96.53700,96.60200
2025-07-11 19:00:00,96.60200,96.73700,96.57400,96.67900
2025-07-11 20:00:00,96.68600,96.77400,96.65500,96.70500
2025-07-11 21:00:00,96.70600,96.77600,96.67600,96.73600
2025-07-11 22:00:00,96.73000,96.74900,96.54800,96.69600
2025-07-11 23:00:00,96.69800,96.85800,96.66500,96.83100
2025-07-12 00:00:00,96.83000,97.038002,96.81600,96.85600
2025-07-12 01:00:00,96.85600,96.95200,96.84300,96.87700
2025-07-12 02:00:00,96.87300,96.98800,96.80600,96.95500
2025-07-12 03:00:00,96.95600,96.99600,96.93200,96.98600
2025-07-12 04:00:00,96.98600,97.055000,96.97100,97.022003
2025-07-12 05:00:00,97.021004,97.021004,96.91300,96.92500
2025-07-12 06:00:00,96.92500,96.97500,96.86500,96.88100
2025-07-12 07:00:00,96.99800,96.99800,96.99800,96.99800
2025-07-14 09:00:00,96.86300,96.90600,96.77700,96.85100
2025-07-14 10:00:00,96.84800,96.92800,96.67400,96.71000
2025-07-14 11:00:00,96.70600,96.79300,96.44500,96.60300
2025-07-14 12:00:00,96.59800,96.68300,96.53900,96.65800
2025-07-14 13:00:00,96.65600,96.78500,96.61600,96.74500
2025-07-14 14:00:00,96.75,96.77100,96.63400,96.70100
2025-07-14 15:00:00,96.70100,96.81900,96.66300,96.68300
2025-07-14 16:00:00,96.67900,96.71800,96.56100,96.60300
2025-07-14 17:00:00,96.60200,96.86900,96.55700,96.85100
2025-07-14 18:00:00,96.85700,96.87000,96.69700,96.72700
2025-07-14 19:00:00,96.72700,96.76000,96.65500,96.74300
2025-07-14 20:00:00,96.74200,96.77000,96.66200,96.68500
2025-07-14 21:00:00,96.68500,96.82400,96.68100,96.78800
2025-07-14 22:00:00,96.78700,96.78700,96.59700,96.65500
2025-07-14 23:00:00,96.65800,96.71600,96.61000,96.69100
2025-07-15 00:00:00,96.69200,96.70300,96.62000,96.65500
2025-07-15 01:00:00,96.66800,96.82000,96.65200,96.71800
2025-07-15 02:00:00,96.71700,96.75700,96.67400,96.71300
2025-07-15 03:00:00,96.71500,96.75600,96.65800,96.68100
2025-07-15 04:00:00,96.68600,96.76200,96.68200,96.75400
2025-07-15 05:00:00,96.75400,96.77100,96.68300,96.71500
2025-07-15 06:00:00,96.71300,96.74300,96.63500,96.63700
2025-07-15 07:00:00,96.63700,96.75500,96.59800,96.68500
2025-07-15 08:00:00,96.68700,96.72900,96.64900,96.70700
2025-07-15 09:00:00,96.70700,96.75300,96.68400,96.70700
2025-07-15 10:00:00,96.70300,96.81300,96.63400,96.65100
2025-07-15 11:00:00,96.64500,96.85900,96.59000,96.79700
2025-07-15 12:00:00,96.79600,96.83100,96.57500,96.59600
2025-07-15 13:00:00,96.59700,96.69600,96.53900,96.66900
2025-07-15 14:00:00,96.67400,96.68800,96.59000,96.63000
2025-07-15 15:00:00,96.63100,96.74600,96.60200,96.72400
2025-07-15 16:00:00,96.71700,96.81600,96.69000,96.75800
2025-07-15 17:00:00,96.75500,97.018997,96.71100,97.016998
2025-07-15 18:00:00,97.013000,97.081001,96.89100,96.95400
2025-07-15 19:00:00,96.95900,97.015999,96.90400,96.96600
2025-07-15 20:00:00,96.97000,97.063004,96.95000,97.038002
2025-07-15 21:00:00,97.039001,97.11700,97.027000,97.045998
2025-07-15 22:00:00,97.041000,97.25200,96.98100,97.18300
2025-07-15 23:00:00,97.17800,97.43200,97.14500,97.21300
2025-07-16 00:00:00,97.20700,97.26500,96.98900,97.017998
2025-07-16 01:00:00,97.016998,97.044998,96.95200,96.97900
2025-07-16 02:00:00,96.98300,97.017998,96.90600,96.91700
2025-07-16 03:00:00,96.92000,97.042000,96.91000,97.016998
2025-07-16 04:00:00,97.024002,97.056000,96.98700,97.0039978
2025-07-16 05:00:00,97,97.046997,96.94400,96.95800
2025-07-16 06:00:00,96.96400,96.97500,96.91100,96.92300
2025-07-16 07:00:00,96.92800,97.061996,96.88000,96.93300
2025-07-16 08:00:00,96.93400,96.99900,96.90200,96.97200
2025-07-16 09:00:00,96.97400,97.043999,96.94900,96.98100
2025-07-16 10:00:00,96.98300,97.28000,96.92800,97.23100
2025-07-16 11:00:00,97.23200,97.26200,97.089996,97.15600
2025-07-16 12:00:00,97.16100,97.16900,97.065002,97.11000
2025-07-16 13:00:00,97.11000,97.24000,97.10200,97.21500
2025-07-16 14:00:00,97.21400,97.32100,97.16000,97.19400
2025-07-16 15:00:00,97.18900,97.22100,97.10400,97.11700
2025-07-16 16:00:00,97.11600,97.19200,96.98200,97.023003
2025-07-16 17:00:00,97.022003,97.16100,96.97200,97.15300
2025-07-16 18:00:00,97.14900,97.17100,97.016998,97.065002
2025-07-16 19:00:00,97.064003,97.083000,96.89200,96.99800
2025-07-16 20:00:00,96.99900,97.014999,96.93700,96.99000
2025-07-16 21:00:00,96.99100,97.0059967,96.91900,96.99400
2025-07-16 22:00:00,96.99500,97.00099945,96.89500,96.92700
2025-07-16 23:00:00,96.92800,96.97400,96.71100,96.73000
2025-07-17 00:00:00,96.72900,96.75500,96.52900,96.60600
2025-07-17 01:00:00,96.60700,96.66400,96.096001,96.58000
2025-07-17 02:00:00,96.57800,96.68500,96.54200,96.60300
2025-07-17 03:00:00,96.60400,96.63700,96.35300,96.37600
2025-07-17 04:00:00,96.36900,96.46200,96.31500,96.45700
2025-07-17 05:00:00,96.45700,96.52900,96.43500,96.49700
2025-07-17 06:00:00,96.50100,96.56200,96.44200,96.46000
2025-07-17 07:00:00,96.46000,96.62000,96.38000,96.40600
2025-07-17 08:00:00,96.42600,96.55700,96.40000,96.48100
2025-07-17 09:00:00,96.47000,96.59900,96.40400,96.53000
2025-07-17 10:00:00,96.53000,96.65700,96.51400,96.65700
2025-07-17 11:00:00,96.66000,96.77200,96.28600,96.38200
2025-07-17 12:00:00,96.38100,96.38800,96.11800,96.16300
2025-07-17 13:00:00,96.16800,96.39500,96.098000,96.36400
2025-07-17 14:00:00,96.36800,96.37000,96.29700,96.33500
2025-07-17 15:00:00,96.33600,96.38500,96.31300,96.34600
2025-07-17 16:00:00,96.34800,96.38500,96.16000,96.18900
2025-07-17 17:00:00,96.19000,96.19400,96.035004,96.14100
2025-07-17 18:00:00,96.14000,96.25700,96.13300,96.17400
2025-07-17 19:00:00,96.17000,96.26500,96.12100,96.19000
2025-07-17 20:00:00,96.18400,96.22000,96.071999,96.094002
2025-07-17 21:00:00,96.097000,96.097000,95.98900,96.072998
2025-07-17 22:00:00,96.072998,96.25900,96.046997,96.20500
2025-07-17 23:00:00,96.20500,96.23700,96.026001,96.18500
2025-07-18 00:00:00,96.18400,96.21500,96.077003,96.18200
2025-07-18 01:00:00,96.18300,96.34100,96.16900,96.30900
2025-07-18 02:00:00,96.31100,96.36200,96.29500,96.34400
2025-07-18 03:00:00,96.33800,96.41200,96.33100,96.38600
2025-07-18 04:00:00,96.39300,96.48800,96.38200,96.48100
2025-07-18 05:00:00,96.47600,96.50300,96.40000,96.44600
2025-07-18 06:00:00,96.44400,96.46600,96.36200,96.37800
2025-07-18 07:00:00,96.27900,96.41700,96.21000,96.31500
2025-07-18 08:00:00,96.31700,96.43500,96.25500,96.34200
2025-07-18 09:00:00,96.34700,96.46400,96.33600,96.45400
2025-07-18 10:00:00,96.45600,96.67100,96.38400,96.66900
2025-07-18 11:00:00,96.66900,96.70900,96.54000,96.56500
2025-07-18 12:00:00,96.56700,96.68800,96.52800,96.67700
2025-07-18 13:00:00,96.68100,96.74000,96.64200,96.67400
2025-07-18 14:00:00,96.66800,96.68000,96.60400,96.61400
2025-07-18 15:00:00,96.62100,96.74400,96.61400,96.72600
2025-07-18 16:00:00,96.71900,96.81400,96.65500,96.79400
2025-07-18 17:00:00,96.79500,96.90300,96.74400,96.88800
2025-07-18 18:00:00,96.88800,96.91200,96.80900,96.85400
2025-07-18 19:00:00,96.84800,96.96000,96.83700,96.94600
2025-07-18 20:00:00,96.94800,96.95400,96.80900,96.87300
2025-07-18 21:00:00,96.875,96.91200,96.83100,96.85800
2025-07-18 22:00:00,96.86400,96.96200,96.83900,96.90700
2025-07-18 23:00:00,96.90800,96.96200,96.88500,96.91500
2025-07-19 00:00:00,96.91400,96.96400,96.83400,96.87100
2025-07-19 01:00:00,96.86900,96.95000,96.81000,96.94400
2025-07-19 02:00:00,96.94400,96.96100,96.81700,96.82800
2025-07-19 03:00:00,96.83000,96.84500,96.77100,96.80900
2025-07-19 04:00:00,96.80800,96.83500,96.77000,96.79100
2025-07-19 05:00:00,96.79200,96.80800,96.74600,96.79100
2025-07-19 06:00:00,96.79300,96.87300,96.75600,96.80500
2025-07-19 07:00:00,96.86200,96.86200,96.86200,96.86200
2025-07-21 09:00:00,96.68900,96.75500,96.58300,96.67200
2025-07-21 10:00:00,96.67700,96.67800,96.46300,96.53000
2025-07-21 11:00:00,96.52700,96.66500,96.52600,96.60000
2025-07-21 12:00:00,96.59500,96.61500,96.51600,96.58800
2025-07-21 13:00:00,96.58300,96.65000,96.55700,96.61000
2025-07-21 14:00:00,96.61600,96.66500,96.59800,96.61500
2025-07-21 15:00:00,96.61700,96.63600,96.52500,96.58600
2025-07-21 16:00:00,96.58200,96.59300,96.30700,96.39400
2025-07-21 17:00:00,96.39500,96.52700,96.38100,96.39800
2025-07-21 18:00:00,96.39700,96.42000,96.26200,96.37800
2025-07-21 19:00:00,96.38000,96.39000,96.29000,96.31800
2025-07-21 20:00:00,96.31700,96.33100,96.21400,96.23400
2025-07-21 21:00:00,96.23400,96.27700,96.20400,96.24800
2025-07-21 22:00:00,96.24900,96.25300,96.13500,96.19900
2025-07-21 23:00:00,96.20100,96.27100,96.13300,96.14500
2025-07-22 00:00:00,96.14400,96.24200,96.12100,96.20200
2025-07-22 01:00:00,96.20100,96.27100,96.14800,96.16400
2025-07-22 02:00:00,96.16200,96.20000,96.042000,96.11900
2025-07-22 03:00:00,96.11700,96.16900,96.079002,96.096001
2025-07-22 04:00:00,96.096001,96.17500,96.074997,96.16000
2025-07-22 05:00:00,96.15700,96.16800,96.093002,96.12100
2025-07-22 06:00:00,96.12100,96.19700,96.10200,96.11400
2025-07-22 07:00:00,96.093002,96.21100,95.93000,96.070999
2025-07-22 08:00:00,96.072998,96.16200,96.040001,96.14900
2025-07-22 09:00:00,96.15400,96.30200,96.14800,96.21000
2025-07-22 10:00:00,96.21100,96.37300,96.063004,96.13200
2025-07-22 11:00:00,96.12600,96.23100,96.11200,96.17000
2025-07-22 12:00:00,96.17000,96.22500,96.15100,96.20500
2025-07-22 13:00:00,96.20500,96.23900,96.12300,96.21500
2025-07-22 14:00:00,96.21600,96.27700,96.16700,96.21800
2025-07-22 15:00:00,96.21500,96.30700,96.16700,96.25300
2025-07-22 16:00:00,96.25700,96.35300,96.21700,96.24300
2025-07-22 17:00:00,96.23900,96.38000,96.068001,96.091003
2025-07-22 18:00:00,96.088997,96.22900,96.039001,96.10900
2025-07-22 19:00:00,96.10900,96.14500,96.028999,96.093002
2025-07-22 20:00:00,96.097000,96.13300,96.050003,96.053001
2025-07-22 21:00:00,96.055000,96.088997,95.89200,95.95600
2025-07-22 22:00:00,95.95800,96.014999,95.76500,95.80600
2025-07-22 23:00:00,95.80500,95.94900,95.67600,95.71400
2025-07-23 00:00:00,95.71400,95.86200,95.62400,95.85800
2025-07-23 01:00:00,95.86300,95.97800,95.83000,95.93800
2025-07-23 02:00:00,95.94500,96.0090027,95.92200,95.94900
2025-07-23 03:00:00,95.94300,96.018997,95.94300,95.97900
2025-07-23 04:00:00,95.97400,96.014999,95.92700,96.0059967
2025-07-23 05:00:00,96,96.070999,95.97900,96.042000
2025-07-23 06:00:00,96.042000,96.15500,96.037003,96.050003
2025-07-23 07:00:00,96.039001,96.12900,95.90300,96.011002
2025-07-23 08:00:00,96.033997,96.15200,95.96900,96.10400
2025-07-23 09:00:00,96.094002,96.27700,95.89900,96.17200
2025-07-23 10:00:00,96.17400,96.19800,95.83800,96.023003
2025-07-23 11:00:00,96.021004,96.19800,95.98500,96.19100
2025-07-23 12:00:00,96.19200,96.55400,96.095001,96.33100
2025-07-23 13:00:00,96.33000,96.45800,96.27000,96.41300
2025-07-23 14:00:00,96.40600,96.55300,96.40600,96.49600
2025-07-23 15:00:00,96.49700,96.66300,96.44000,96.62900
2025-07-23 16:00:00,96.62900,96.67500,96.29800,96.47700
2025-07-23 17:00:00,96.47300,96.55900,96.42600,96.53900
2025-07-23 18:00:00,96.53400,96.69600,96.49000,96.63300
2025-07-23 19:00:00,96.63300,96.67600,96.44600,96.49600
2025-07-23 20:00:00,96.49500,96.55900,96.40900,96.47900
2025-07-23 21:00:00,96.48700,96.51600,96.37900,96.46600
2025-07-23 22:00:00,96.47100,96.57900,96.43900,96.45600
2025-07-23 23:00:00,96.46100,96.64100,96.42600,96.51400
2025-07-24 00:00:00,96.51300,96.51900,96.37200,96.44700
2025-07-24 01:00:00,96.44500,96.64400,96.33500,96.57400
2025-07-24 02:00:00,96.57000,96.66200,96.43300,96.49000
2025-07-24 03:00:00,96.49200,96.57500,96.43600,96.53500
2025-07-24 04:00:00,96.54300,96.63600,96.50500,96.63500
2025-07-24 05:00:00,96.63500,96.73300,96.62600,96.71900
2025-07-24 06:00:00,96.72000,96.74300,96.64000,96.65600
2025-07-24 07:00:00,96.60700,96.71000,96.52100,96.58900
2025-07-24 08:00:00,96.63600,96.71700,96.57000,96.67300
2025-07-24 09:00:00,96.67100,96.68500,96.55900,96.61100
2025-07-24 10:00:00,96.61300,96.68300,96.53000,96.65600
2025-07-24 11:00:00,96.65700,96.66800,96.39100,96.43200
2025-07-24 12:00:00,96.43300,96.56200,96.42400,96.54000
2025-07-24 13:00:00,96.54100,96.65900,96.48200,96.58400
2025-07-24 14:00:00,96.58300,96.66400,96.53000,96.65300
2025-07-24 15:00:00,96.64700,96.74800,96.62300,96.67200
2025-07-24 16:00:00,96.67000,96.77000,96.65400,96.70700
2025-07-24 17:00:00,96.70900,96.81500,96.67000,96.80100
2025-07-24 18:00:00,96.79900,97.041000,96.73200,97.016998
2025-07-24 19:00:00,97.014000,97.028999,96.93500,96.97800
2025-07-24 20:00:00,96.97700,96.98700,96.83800,96.85300
2025-07-24 21:00:00,96.85300,96.93100,96.82000,96.90600
2025-07-24 22:00:00,96.90300,97.043999,96.88700,96.96800
2025-07-24 23:00:00,96.96600,97.023003,96.78900,96.82200
2025-07-25 00:00:00,96.81900,97.010002,96.76500,96.98600
2025-07-25 01:00:00,96.98300,97.024002,96.89900,96.95900
2025-07-25 02:00:00,96.95900,96.97700,96.83400,96.90000
2025-07-25 03:00:00,96.90100,96.91100,96.84500,96.90300
2025-07-25 04:00:00,96.90400,96.98600,96.89100,96.96600
2025-07-25 05:00:00,96.97200,96.97200,96.86700,96.88200
2025-07-25 06:00:00,96.88100,96.88400,96.79800,96.85000
2025-07-25 07:00:00,96.84400,96.94100,96.77900,96.90800
2025-07-25 08:00:00,96.90900,96.99000,96.88900,96.93800
2025-07-25 09:00:00,96.94200,97.0029984,96.91300,96.94100
2025-07-25 10:00:00,96.94500,97.13800,96.94000,97.075996
2025-07-25 11:00:00,97.074997,97.10700,97.027000,97.053001
2025-07-25 12:00:00,97.056999,97.093002,97.013000,97.031998
2025-07-25 13:00:00,97.031998,97.060997,96.91300,96.93400
2025-07-25 14:00:00,96.93200,96.97500,96.67500,96.68900
2025-07-25 15:00:00,96.68400,96.82400,96.61400,96.65900
2025-07-25 16:00:00,96.66100,96.78400,96.63700,96.75600
2025-07-25 17:00:00,96.75800,96.88800,96.74100,96.85700
2025-07-25 18:00:00,96.85600,97.11500,96.84400,97.046997
2025-07-25 19:00:00,97.047997,97.078003,96.96000,97.040001
2025-07-25 20:00:00,97.040001,97.042999,96.95200,97.0080032
2025-07-25 21:00:00,97.0049973,97.049004,96.97400,96.98700
2025-07-25 22:00:00,96.98300,97.021004,96.92200,96.98300
2025-07-25 23:00:00,96.98000,96.98700,96.82300,96.85100
2025-07-26 00:00:00,96.84800,96.95900,96.80900,96.90200
2025-07-26 01:00:00,96.90300,96.92300,96.81800,96.86300
2025-07-26 02:00:00,96.86300,96.94200,96.83100,96.93000
2025-07-26 03:00:00,96.93500,96.95000,96.89300,96.90300
2025-07-26 04:00:00,96.90200,96.90600,96.84300,96.85900
2025-07-26 05:00:00,96.86400,96.90000,96.83800,96.89600
2025-07-26 06:00:00,96.89700,96.96200,96.87800,96.88400
2025-07-26 07:00:00,96.96400,96.96400,96.96400,96.96400
2025-07-28 09:00:00,97.14500,97.19400,97.092003,97.10200
2025-07-28 10:00:00,97.10300,97.21300,97.093002,97.14200
2025-07-28 11:00:00,97.14500,97.18100,97.073997,97.13200
2025-07-28 12:00:00,97.13700,97.28800,97.10600,97.18100
2025-07-28 13:00:00,97.18600,97.20000,97.0019989,97.013000
2025-07-28 14:00:00,97.017998,97.030998,96.93800,97.011002
2025-07-28 15:00:00,97.016998,97.056000,96.96900,97.046997
2025-07-28 16:00:00,97.043999,97.097000,96.93700,96.94500
2025-07-28 17:00:00,96.94600,96.95600,96.68300,96.74600
2025-07-28 18:00:00,96.74600,96.75100,96.60000,96.71200
2025-07-28 19:00:00,96.71200,96.82700,96.68100,96.82600
2025-07-28 20:00:00,96.82500,96.92400,96.77600,96.85400
2025-07-28 21:00:00,96.85800,96.90200,96.68600,96.72400
2025-07-28 22:00:00,96.72100,96.76400,96.66500,96.73300
2025-07-28 23:00:00,96.73300,96.74700,96.55800,96.64400
2025-07-29 00:00:00,96.64600,96.80600,96.62800,96.79400
2025-07-29 01:00:00,96.79300,96.84300,96.73800,96.75400
2025-07-29 02:00:00,96.75400,96.79200,96.72000,96.76300
2025-07-29 03:00:00,96.76300,96.78500,96.67900,96.75
2025-07-29 04:00:00,96.75100,96.82300,96.73400,96.80500
2025-07-29 05:00:00,96.80300,96.87800,96.76600,96.875
2025-07-29 06:00:00,96.86800,96.88100,96.77300,96.80900
2025-07-29 07:00:00,96.77300,96.92100,96.67300,96.88500
2025-07-29 08:00:00,96.90600,96.92300,96.84500,96.89800
2025-07-29 09:00:00,96.88700,96.94300,96.81500,96.81500
2025-07-29 10:00:00,96.82400,96.84700,96.70200,96.84000
2025-07-29 11:00:00,96.84400,96.94400,96.76500,96.90100
2025-07-29 12:00:00,96.90200,96.93600,96.75400,96.84300
2025-07-29 13:00:00,96.84200,96.85700,96.67200,96.72600
2025-07-29 14:00:00,96.72600,96.82400,96.72000,96.77000
2025-07-29 15:00:00,96.77400,96.79100,96.64700,96.72000
2025-07-29 16:00:00,96.72600,96.77200,96.58200,96.60800
2025-07-29 17:00:00,96.60600,96.70500,96.58400,96.63200
2025-07-29 18:00:00,96.63600,96.78300,96.57700,96.76700
2025-07-29 19:00:00,96.77100,96.85100,96.71800,96.75800
2025-07-29 20:00:00,96.76100,96.78600,96.66700,96.70100
2025-07-29 21:00:00,96.70200,96.72700,96.61200,96.64900
2025-07-29 22:00:00,96.64700,96.66200,96.56500,96.63300
2025-07-29 23:00:00,96.63000,96.72900,96.58000,96.69700
2025-07-30 00:00:00,96.68800,96.71200,96.55800,96.61600
2025-07-30 01:00:00,96.61900,96.71000,96.56600,96.68200
2025-07-30 02:00:00,96.67800,96.72700,96.65300,96.71400
2025-07-30 03:00:00,96.71200,96.73700,96.65700,96.69800
2025-07-30 04:00:00,96.69900,96.78900,96.68700,96.71800
2025-07-30 05:00:00,96.71600,96.73100,96.64700,96.71700
2025-07-30 06:00:00,96.72200,96.73900,96.59000,96.59600
2025-07-30 07:00:00,96.57600,96.70900,96.51800,96.66900
2025-07-30 08:00:00,96.67000,96.71100,96.63400,96.68100
2025-07-30 09:00:00,96.68700,96.71800,96.63000,96.66700
2025-07-30 10:00:00,96.66900,96.75,96.59700,96.61400
2025-07-30 11:00:00,96.61200,96.65800,96.29600,96.53600
2025-07-30 12:00:00,96.53700,96.55400,96.46000,96.51200
2025-07-30 13:00:00,96.50900,96.51300,96.38400,96.46100
2025-07-30 14:00:00,96.46000,96.48800,96.42300,96.46500
2025-07-30 15:00:00,96.46600,96.46900,96.28700,96.39800
2025-07-30 16:00:00,96.39500,96.45400,96.25900,96.28900
2025-07-30 17:00:00,96.28300,96.31200,96.23600,96.28400
2025-07-30 18:00:00,96.28100,96.30700,96.14200,96.19300
2025-07-30 19:00:00,96.19400,96.22400,96.13200,96.22300
2025-07-30 20:00:00,96.22200,96.28700,96.17500,96.17500
2025-07-30 21:00:00,96.17900,96.23000,96.12600,96.22200
2025-07-30 22:00:00,96.21800,96.33500,96.12700,96.25900
2025-07-30 23:00:00,96.25700,96.29200,96.14500,96.20700
2025-07-31 00:00:00,96.21100,96.25800,96.11400,96.21100
2025-07-31 01:00:00,96.21000,96.23600,96.10300,96.16400
2025-07-31 02:00:00,96.16300,96.20900,96.14100,96.15400
2025-07-31 03:00:00,96.15300,96.23100,96.073997,96.073997
2025-07-31 04:00:00,96.15100,96.24200,95.99800,96.043999
2025-07-31 05:00:00,96.045998,96.10700,95.95500,96.093002
2025-07-31 06:00:00,96.094002,96.25400,96.078003,96.15800
2025-07-31 07:00:00,96.14500,96.22400,96.038002,96.18000
2025-07-31 08:00:00,96.18500,96.27700,96.15300,96.23900
2025-07-31 09:00:00,96.23100,96.28900,96.16600,96.16900
2025-07-31 10:00:00,96.17400,96.25700,96.12300,96.18400
2025-07-31 11:00:00,96.18300,96.23700,96.025002,96.11000
2025-07-31 12:00:00,96.10100,96.13300,95.91800,96.039001
2025-07-31 13:00:00,96.040001,96.061996,95.85700,96.035004
2025-07-31 14:00:00,96.024002,96.29900,96.023003,96.28800
2025-07-31 15:00:00,96.28700,96.31300,96.20000,96.22600
2025-07-31 16:00:00,96.22700,96.41900,96.18800,96.34600
2025-07-31 17:00:00,96.34600,96.74900,96.30400,96.58100
2025-07-31 18:00:00,96.57300,96.65200,96.47600,96.61400
2025-07-31 19:00:00,96.62100,96.69600,96.56800,96.68500
2025-07-31 20:00:00,96.68600,96.71100,96.50500,96.53600
2025-07-31 21:00:00,96.53800,96.69200,96.49100,96.60400
2025-07-31 22:00:00,96.59900,96.75900,96.54300,96.69800
2025-07-31 23:00:00,96.71000,96.90500,96.67700,96.87600
2025-08-01 00:00:00,96.87300,96.97500,96.78800,96.86800
2025-08-01 01:00:00,96.86900,96.93600,96.69300,96.81500
2025-08-01 02:00:00,96.80500,96.96600,96.79000,96.90500
2025-08-01 03:00:00,96.90500,96.91700,96.71600,96.80100
2025-08-01 04:00:00,96.80500,96.99200,96.79600,96.95800
2025-08-01 05:00:00,96.95600,96.99900,96.86900,96.89700
2025-08-01 06:00:00,96.88900,96.95400,96.79500,96.81400
2025-08-01 07:00:00,96.79500,96.92100,96.74100,96.81200
2025-08-01 08:00:00,96.82000,96.91000,96.77400,96.84900
2025-08-01 09:00:00,96.85800,96.97300,96.82000,96.93100
2025-08-01 10:00:00,96.92000,96.96200,96.79100,96.93800
2025-08-01 11:00:00,96.93700,97.071999,96.88800,97.00099945
2025-08-01 12:00:00,97.00099945,97.043999,96.87100,96.93000
2025-08-01 13:00:00,96.92000,97.033997,96.90200,96.90500
2025-08-01 14:00:00,96.89900,96.97000,96.875,96.91100
2025-08-01 15:00:00,96.91300,96.96300,96.79200,96.82600
2025-08-01 16:00:00,96.81900,96.92000,96.78300,96.87600
2025-08-01 17:00:00,96.875,96.89200,96.71000,96.78100
2025-08-01 18:00:00,96.77900,96.86500,96.70900,96.73300
2025-08-01 19:00:00,96.72500,96.74300,96.56100,96.64000
2025-08-01 20:00:00,96.63200,96.66800,96.56900,96.59300
2025-08-01 21:00:00,96.60100,96.69500,96.58700,96.67100
2025-08-01 22:00:00,96.67700,96.69100,96.31900,96.31900
2025-08-01 23:00:00,96.31900,96.33300,95.67100,95.76000
2025-08-02 00:00:00,95.76300,95.91000,95.49700,95.69200
2025-08-02 01:00:00,95.68600,95.78000,95.53000,95.73800
2025-08-02 02:00:00,95.73700,95.76000,95.37400,95.40400
2025-08-02 03:00:00,95.39300,95.44000,95.13300,95.31400
2025-08-02 04:00:00,95.32200,95.37400,95.18300,95.21100
2025-08-02 05:00:00,95.21200,95.25100,95.093002,95.20000
2025-08-02 06:00:00,95.19900,95.42300,95.17600,95.35400
2025-08-02 07:00:00,95.40900,95.40900,95.40900,95.40900
2025-08-04 09:00:00,95.20700,95.34300,95.16900,95.31900
2025-08-04 10:00:00,95.31900,95.58600,95.28300,95.58600
2025-08-04 11:00:00,95.58600,95.82000,95.55800,95.79100
2025-08-04 12:00:00,95.79200,95.80600,95.63500,95.71900
2025-08-04 13:00:00,95.71500,95.75400,95.65300,95.72700
2025-08-04 14:00:00,95.72500,95.75800,95.65200,95.72700
2025-08-04 15:00:00,95.72900,95.84500,95.71500,95.77500
2025-08-04 16:00:00,95.78000,95.79600,95.62900,95.68600
2025-08-04 17:00:00,95.68800,95.86300,95.67200,95.73500
2025-08-04 18:00:00,95.73800,95.84500,95.71300,95.80500
2025-08-04 19:00:00,95.79900,95.85400,95.70900,95.72900
2025-08-04 20:00:00,95.73000,95.74200,95.59700,95.61200
2025-08-04 21:00:00,95.61000,95.61200,95.50100,95.50300
2025-08-04 22:00:00,95.50600,95.54700,95.34900,95.39300
2025-08-04 23:00:00,95.39500,95.52900,95.30100,95.34300
2025-08-05 00:00:00,95.34400,95.42300,95.21900,95.27100
2025-08-05 01:00:00,95.27700,95.35000,95.091003,95.097000
2025-08-05 02:00:00,95.094002,95.17300,95.029999,95.049004
2025-08-05 03:00:00,95.050003,95.069000,94.96300,94.97500
2025-08-05 04:00:00,94.97300,95.0070038,94.90000,94.92900
2025-08-05 05:00:00,94.92800,95.050003,94.91700,95.045998
2025-08-05 06:00:00,95.050003,95.14100,95.042000,95.081001
2025-08-05 07:00:00,95.054001,95.21500,94.95300,95.099998
2025-08-05 08:00:00,95.095001,95.12900,95.017998,95.071999
2025-08-05 09:00:00,95.065002,95.098999,94.94100,95.029999
2025-08-05 10:00:00,95.029999,95.21400,94.96700,95.089996
2025-08-05 11:00:00,95.092003,95.16600,95.012001,95.064003
2025-08-05 12:00:00,95.067001,95.098999,95.017998,95.096001
2025-08-05 13:00:00,95.092003,95.11100,95.012001,95.028000
2025-08-05 14:00:00,95.024002,95.089996,94.99400,95.074997
2025-08-05 15:00:00,95.079002,95.10100,95.00099945,95.068001
2025-08-05 16:00:00,95.066002,95.24600,94.99400,95.18700
2025-08-05 17:00:00,95.18600,95.28100,95.13900,95.20400
2025-08-05 18:00:00,95.20500,95.26200,95.14200,95.23300
2025-08-05 19:00:00,95.23200,95.35900,95.20500,95.33800
2025-08-05 20:00:00,95.33700,95.41200,95.31100,95.32500
2025-08-05 21:00:00,95.32300,95.37000,95.28300,95.36400
2025-08-05 22:00:00,95.36300,95.49600,95.34300,95.46700
2025-08-05 23:00:00,95.47200,95.54300,95.44200,95.49500
2025-08-06 00:00:00,95.49500,95.52100,95.17000,95.27700
2025-08-06 01:00:00,95.27500,95.43800,95.24200,95.43200
2025-08-06 02:00:00,95.43300,95.55000,95.41000,95.53900
2025-08-06 03:00:00,95.53800,95.60400,95.51000,95.58400
2025-08-06 04:00:00,95.58500,95.59600,95.46300,95.47900
2025-08-06 05:00:00,95.48000,95.53400,95.46300,95.48000
2025-08-06 06:00:00,95.48600,95.53600,95.45100,95.50200
2025-08-06 07:00:00,95.50300,95.52700,95.28200,95.43600
2025-08-06 08:00:00,95.46900,95.51200,95.44000,95.47600
2025-08-06 09:00:00,95.47300,95.58200,95.45900,95.47600
2025-08-06 10:00:00,95.47500,95.61800,95.46100,95.58600
2025-08-06 11:00:00,95.58700,95.69200,95.56300,95.68200
2025-08-06 12:00:00,95.68300,95.76400,95.64500,95.65600
2025-08-06 13:00:00,95.65700,95.68600,95.61000,95.63500
2025-08-06 14:00:00,95.64200,95.72300,95.63400,95.67000
2025-08-06 15:00:00,95.67500,95.71000,95.63600,95.64200
2025-08-06 16:00:00,95.63400,95.76800,95.61200,95.75900
2025-08-06 17:00:00,95.76200,95.89800,95.73100,95.83400
2025-08-06 18:00:00,95.83000,95.96100,95.80500,95.94100
2025-08-06 19:00:00,95.94300,95.99200,95.92200,95.97000
2025-08-06 20:00:00,95.97400,96.023003,95.91500,95.99300
2025-08-06 21:00:00,95.99300,96.018997,95.90000,95.96800
2025-08-06 22:00:00,95.96400,95.98200,95.83900,95.89100
2025-08-06 23:00:00,95.89000,95.90100,95.71600,95.72400
2025-08-07 00:00:00,95.72500,95.79600,95.59700,95.70800
2025-08-07 01:00:00,95.70800,95.83400,95.66300,95.75400
2025-08-07 02:00:00,95.75500,95.80600,95.73300,95.75400
2025-08-07 03:00:00,95.75200,95.83400,95.74600,95.75500
2025-08-07 04:00:00,95.76000,95.78600,95.63700,95.65800
2025-08-07 05:00:00,95.65900,95.73100,95.65300,95.71800
2025-08-07 06:00:00,95.71800,95.95400,95.70100,95.79500
2025-08-07 07:00:00,95.78500,95.91100,95.69500,95.78300
2025-08-07 08:00:00,95.78000,95.83000,95.71800,95.76100
2025-08-07 09:00:00,95.75300,95.78900,95.65300,95.67100
2025-08-07 10:00:00,95.67400,95.90200,95.65100,95.87900
2025-08-07 11:00:00,95.87900,96.096001,95.85700,96.018997
2025-08-07 12:00:00,96.021004,96.081001,95.95300,96.0029984
2025-08-07 13:00:00,96.00099945,96.077003,95.98700,96.045998
2025-08-07 14:00:00,96.046997,96.079002,95.95300,95.99500
2025-08-07 15:00:00,95.99500,96.0019989,95.90700,95.98600
2025-08-07 16:00:00,95.98500,96.025002,95.76400,95.79800
2025-08-07 17:00:00,95.79900,95.98900,95.76700,95.96500
2025-08-07 18:00:00,95.96900,96.13800,95.95100,96.086998
2025-08-07 19:00:00,96.089996,96.17500,96.085999,96.13100
2025-08-07 20:00:00,96.13400,96.19700,96.10600,96.16500
2025-08-07 21:00:00,96.16600,96.21000,96.056000,96.065002
2025-08-07 22:00:00,96.070000,96.13300,95.95100,96.10500
2025-08-07 23:00:00,96.10200,96.13900,95.95300,95.97800
2025-08-08 00:00:00,95.97900,95.99300,95.79100,95.80300
2025-08-08 01:00:00,95.80600,95.83600,95.74900,95.78600
2025-08-08 02:00:00,95.79000,95.85800,95.74100,95.79400
2025-08-08 03:00:00,95.79800,95.88300,95.78000,95.85100
2025-08-08 04:00:00,95.85200,95.89100,95.81300,95.88900
2025-08-08 05:00:00,95.89000,95.89200,95.72100,95.83900
2025-08-08 06:00:00,95.83800,95.99800,95.83000,95.94000
2025-08-08 07:00:00,95.85800,95.93700,95.75200,95.87400
2025-08-08 08:00:00,95.86500,95.95100,95.79800,95.87200
2025-08-08 09:00:00,95.87100,95.88400,95.78400,95.79100
2025-08-08 10:00:00,95.78800,95.98700,95.74700,95.95800
2025-08-08 11:00:00,95.96100,96.0090027,95.92800,95.97500
2025-08-08 12:00:00,95.97500,96.063004,95.95800,96.0080032
2025-08-08 13:00:00,96.013000,96.027000,95.95900,95.98800
2025-08-08 14:00:00,95.98600,96.024002,95.94800,95.97400
2025-08-08 15:00:00,95.97600,96.10600,95.93800,96.079002
2025-08-08 16:00:00,96.078003,96.16600,96.053001,96.12100
2025-08-08 17:00:00,96.12000,96.25400,96.087997,96.20100
2025-08-08 18:00:00,96.19800,96.27100,96.14100,96.25400
2025-08-08 19:00:00,96.25900,96.35900,96.20100,96.35800
2025-08-08 20:00:00,96.35600,96.46600,96.31200,96.43900
2025-08-08 21:00:00,96.44000,96.46500,96.36000,96.40300
2025-08-08 22:00:00,96.40600,96.43300,96.28800,96.34900
2025-08-08 23:00:00,96.34700,96.52300,96.33600,96.49600
2025-08-09 00:00:00,96.49500,96.49900,96.37600,96.44300
2025-08-09 01:00:00,96.44000,96.48400,96.34300,96.40400
2025-08-09 02:00:00,96.39700,96.45800,96.37900,96.40000
2025-08-09 03:00:00,96.39500,96.46800,96.36400,96.43100
2025-08-09 04:00:00,96.43200,96.44100,96.38200,96.40900
2025-08-09 05:00:00,96.40300,96.42000,96.33200,96.37000
2025-08-09 06:00:00,96.37300,96.39500,96.27200,96.32800
2025-08-09 07:00:00,96.42200,96.42200,96.42200,96.42200
2025-08-11 09:00:00,96.34300,96.34800,96.21200,96.21900
2025-08-11 10:00:00,96.21600,96.26700,96.17600,96.21500
2025-08-11 11:00:00,96.21900,96.30600,96.17000,96.26700
2025-08-11 12:00:00,96.26700,96.28800,96.22200,96.25200
2025-08-11 13:00:00,96.25300,96.28000,96.19600,96.24500
2025-08-11 14:00:00,96.23800,96.26700,96.18600,96.21500
2025-08-11 15:00:00,96.21900,96.26100,96.18500,96.25900
2025-08-11 16:00:00,96.25600,96.31500,96.22900,96.28900
2025-08-11 17:00:00,96.28600,96.31000,95.99800,96.025002
2025-08-11 18:00:00,96.024002,96.21500,95.99100,96.18900
2025-08-11 19:00:00,96.18400,96.27800,96.15600,96.26700
2025-08-11 20:00:00,96.26300,96.35100,96.26100,96.33800
2025-08-11 21:00:00,96.33700,96.38300,96.23300,96.28100
2025-08-11 22:00:00,96.28200,96.30200,96.14200,96.16800
2025-08-11 23:00:00,96.17000,96.31800,96.15100,96.29300
2025-08-12 00:00:00,96.29400,96.35700,96.20900,96.30600
2025-08-12 01:00:00,96.30100,96.38300,96.27400,96.375
2025-08-12 02:00:00,96.38000,96.41100,96.34000,96.36700
2025-08-12 03:00:00,96.36900,96.41500,96.33900,96.39300
2025-08-12 04:00:00,96.39700,96.53400,96.38600,96.50800
2025-08-12 05:00:00,96.51200,96.51600,96.45000,96.51000
2025-08-12 06:00:00,96.51200,96.52700,96.43200,96.45600
2025-08-12 07:00:00,96.41000,96.50300,96.31700,96.44700
2025-08-12 08:00:00,96.43200,96.53200,96.39900,96.51700
2025-08-12 09:00:00,96.51700,96.56000,96.47800,96.49400
2025-08-12 10:00:00,96.49600,96.75700,96.48500,96.72600
2025-08-12 11:00:00,96.71900,96.72100,96.57200,96.63200
2025-08-12 12:00:00,96.63500,96.74800,96.61200,96.72700
2025-08-12 13:00:00,96.72300,96.83500,96.72000,96.74400
2025-08-12 14:00:00,96.74500,96.75200,96.48100,96.65300
2025-08-12 15:00:00,96.65200,96.67000,96.32100,96.37300
2025-08-12 16:00:00,96.37700,96.46700,96.29000,96.34000
2025-08-12 17:00:00,96.33900,96.46900,96.33700,96.40100
2025-08-12 18:00:00,96.39500,96.42800,96.28200,96.36900
2025-08-12 19:00:00,96.35800,96.40200,96.31400,96.36500
2025-08-12 20:00:00,96.35900,96.40500,96.32400,96.33400
2025-08-12 21:00:00,96.33500,96.34400,96.23000,96.28000
2025-08-12 22:00:00,96.27800,96.39700,96.20700,96.29600
2025-08-12 23:00:00,96.29800,96.48500,96.20600,96.38100
2025-08-13 00:00:00,96.37300,96.55600,96.31800,96.54300
2025-08-13 01:00:00,96.54200,96.69200,96.49900,96.53600
2025-08-13 02:00:00,96.53300,96.54900,96.46600,96.46900
2025-08-13 03:00:00,96.46700,96.50500,96.42300,96.49800
2025-08-13 04:00:00,96.5,96.53100,96.43800,96.46600
2025-08-13 05:00:00,96.46500,96.48400,96.44200,96.47600
2025-08-13 06:00:00,96.47500,96.55300,96.46400,96.49200
2025-08-13 07:00:00,96.47700,96.52000,96.32900,96.50400
2025-08-13 08:00:00,96.51100,96.55300,96.46400,96.48700
2025-08-13 09:00:00,96.48300,96.52900,96.46400,96.48600
2025-08-13 10:00:00,96.48400,96.52700,96.38900,96.44100
2025-08-13 11:00:00,96.44800,96.55900,96.39100,96.53300
2025-08-13 12:00:00,96.53200,96.70600,96.51500,96.65600
2025-08-13 13:00:00,96.65300,96.68200,96.60500,96.61600
2025-08-13 14:00:00,96.61600,96.73200,96.59700,96.62200
2025-08-13 15:00:00,96.61500,96.64900,96.58300,96.61900
2025-08-13 16:00:00,96.62000,96.73500,96.55100,96.70700
2025-08-13 17:00:00,96.70200,96.75100,96.58300,96.63500
2025-08-13 18:00:00,96.63500,96.65400,96.41200,96.46800
2025-08-13 19:00:00,96.46800,96.61000,96.41800,96.60500
2025-08-13 20:00:00,96.60200,96.64000,96.54300,96.62200
2025-08-13 21:00:00,96.62600,96.66200,96.53100,96.54300
2025-08-13 22:00:00,96.53800,96.55500,96.44900,96.47900
2025-08-13 23:00:00,96.47600,96.49100,96.39300,96.40400
2025-08-14 00:00:00,96.40400,96.51500,96.34200,96.42000
2025-08-14 01:00:00,96.41900,96.43700,96.31000,96.35700
2025-08-14 02:00:00,96.36000,96.43600,96.35700,96.41500
2025-08-14 03:00:00,96.41400,96.44400,96.38400,96.39400
2025-08-14 04:00:00,96.40000,96.47300,96.39300,96.43200
2025-08-14 05:00:00,96.43300,96.49600,96.42600,96.47500
2025-08-14 06:00:00,96.47600,96.49700,96.42300,96.44700
2025-08-14 07:00:00,96.38600,96.48800,96.27800,96.33600
2025-08-14 08:00:00,96.37100,96.41500,96.33500,96.40000
2025-08-14 09:00:00,96.39500,96.41900,96.36200,96.37000
2025-08-14 10:00:00,96.37600,96.37800,96.046997,96.12900
2025-08-14 11:00:00,96.12700,96.24000,95.94600,96.17900
2025-08-14 12:00:00,96.17500,96.23600,96.091003,96.20400
2025-08-14 13:00:00,96.20300,96.20400,95.95000,95.95500
2025-08-14 14:00:00,95.95300,95.96700,95.87000,95.89300
2025-08-14 15:00:00,95.89700,96.0059967,95.85800,95.92400
2025-08-14 16:00:00,95.92100,95.93500,95.71300,95.75300
2025-08-14 17:00:00,95.75300,95.79500,95.65300,95.73700
2025-08-14 18:00:00,95.73700,95.79400,95.625,95.63100
2025-08-14 19:00:00,95.63300,95.73700,95.59800,95.72000
2025-08-14 20:00:00,95.72200,95.73500,95.62300,95.63700
2025-08-14 21:00:00,95.64000,95.67100,95.57400,95.58400
2025-08-14 22:00:00,95.58300,95.71000,95.51600,95.59800
2025-08-14 23:00:00,95.60200,95.75100,95.55500,95.69200
2025-08-15 00:00:00,95.69200,95.96000,95.68900,95.89000
2025-08-15 01:00:00,95.89600,95.98500,95.82000,95.82500
2025-08-15 02:00:00,95.82400,95.93300,95.82100,95.92300
2025-08-15 03:00:00,95.92200,96.0049973,95.90800,96.0019989
2025-08-15 04:00:00,96.0029984,96.051003,95.99600,96.038002
2025-08-15 05:00:00,96.042999,96.061996,96.016998,96.023003
2025-08-15 06:00:00,96.024002,96.024002,95.88800,95.92200
2025-08-15 07:00:00,95.92600,96.060997,95.79800,96.0070038
2025-08-15 08:00:00,96.0080032,96.052002,95.97300,96.030998
2025-08-15 09:00:00,96.018997,96.073997,95.93900,95.95000
2025-08-15 10:00:00,95.95500,95.98400,95.82200,95.83300
2025-08-15 11:00:00,95.82600,95.88400,95.64500,95.69200
2025-08-15 12:00:00,95.68700,95.72000,95.57900,95.69100
2025-08-15 13:00:00,95.69200,95.76300,95.67700,95.73400
2025-08-15 14:00:00,95.73200,95.74100,95.62100,95.64800
2025-08-15 15:00:00,95.65300,95.71800,95.59300,95.70300
2025-08-15 16:00:00,95.69900,95.76700,95.64100,95.72300
2025-08-15 17:00:00,95.72400,95.84700,95.70200,95.75200
2025-08-15 18:00:00,95.74700,95.75500,95.58600,95.59100
2025-08-15 19:00:00,95.59300,95.61300,95.51500,95.57400
2025-08-15 20:00:00,95.56700,95.71700,95.52800,95.70300
2025-08-15 21:00:00,95.69900,95.76700,95.69200,95.73200
2025-08-15 22:00:00,95.73200,95.81600,95.65400,95.70900
2025-08-15 23:00:00,95.70700,95.83100,95.66700,95.81000
2025-08-16 00:00:00,95.80900,95.82800,95.66100,95.75300
2025-08-16 01:00:00,95.75200,95.85100,95.69900,95.75
2025-08-16 02:00:00,95.75100,95.86500,95.74200,95.84900
2025-08-16 03:00:00,95.84600,95.88100,95.78100,95.81700
2025-08-16 04:00:00,95.81600,95.81800,95.75300,95.76700
2025-08-16 05:00:00,95.76700,95.82900,95.75200,95.82100
2025-08-16 06:00:00,95.82000,95.84400,95.61900,95.75500
2025-08-16 07:00:00,95.77600,95.77600,95.77600,95.77600
2025-08-18 09:00:00,95.83500,95.93200,95.83300,95.88300
2025-08-18 10:00:00,95.88100,96.051003,95.87200,96.017998
2025-08-18 11:00:00,96.022003,96.15600,96.017998,96.069000
2025-08-18 12:00:00,96.068001,96.097000,96.029999,96.069000
2025-08-18 13:00:00,96.064003,96.10200,96.040001,96.091003
2025-08-18 14:00:00,96.092003,96.16000,96.082001,96.098999
2025-08-18 15:00:00,96.098000,96.16800,96.056999,96.071999
2025-08-18 16:00:00,96.069000,96.083000,95.94700,95.96900
2025-08-18 17:00:00,95.96600,96.028000,95.86500,96.019997
2025-08-18 18:00:00,96.016998,96.033997,95.93000,96
2025-08-18 19:00:00,95.99400,96.060997,95.95200,96.0039978
2025-08-18 20:00:00,95.99900,96.043999,95.97300,95.98200
2025-08-18 21:00:00,95.98100,96.054001,95.96600,96.039001
2025-08-18 22:00:00,96.036003,96.15700,96.028000,96.13100
2025-08-18 23:00:00,96.13200,96.20100,96.085999,96.093002
2025-08-19 00:00:00,96.089996,96.12100,95.90500,95.97000
2025-08-19 01:00:00,95.96300,95.98200,95.89900,95.93300
2025-08-19 02:00:00,95.93700,95.96200,95.87000,95.89700
2025-08-19 03:00:00,95.89800,95.95400,95.86100,95.91900
2025-08-19 04:00:00,95.92100,95.96800,95.88000,95.96800
2025-08-19 05:00:00,95.96700,96.044998,95.95500,96.0059967
2025-08-19 06:00:00,96.0059967,96.055000,95.94000,95.95400
2025-08-19 07:00:00,95.87300,96.044998,95.83900,95.94200
2025-08-19 08:00:00,95.93600,96.051003,95.93600,96.019997
2025-08-19 09:00:00,96.027000,96.10400,96.012001,96.064003
2025-08-19 10:00:00,96.059998,96.10300,95.94400,95.96100
2025-08-19 11:00:00,95.96400,96.066002,95.79700,95.86000
2025-08-19 12:00:00,95.86800,95.94900,95.81200,95.94200
2025-08-19 13:00:00,95.94700,95.97900,95.88700,95.89300
2025-08-19 14:00:00,95.89300,95.93200,95.85500,95.88100
2025-08-19 15:00:00,95.87700,95.91700,95.66100,95.66300
2025-08-19 16:00:00,95.66600,95.80700,95.62900,95.80300
2025-08-19 17:00:00,95.79700,95.86100,95.73500,95.79200
2025-08-19 18:00:00,95.79200,95.83800,95.71600,95.74900
2025-08-19 19:00:00,95.74400,95.90300,95.73500,95.88400
2025-08-19 20:00:00,95.88500,95.90200,95.82700,95.85800
2025-08-19 21:00:00,95.86200,95.93000,95.84000,95.90500
2025-08-19 22:00:00,95.90500,95.96000,95.80300,95.82600
2025-08-19 23:00:00,95.82600,95.84300,95.62800,95.64800
2025-08-20 00:00:00,95.64600,95.65900,95.49300,95.50900
2025-08-20 01:00:00,95.51200,95.51700,95.39600,95.40200
2025-08-20 02:00:00,95.39800,95.41400,95.29500,95.31300
2025-08-20 03:00:00,95.31300,95.32200,95.19200,95.23700
2025-08-20 04:00:00,95.23700,95.24000,95.14100,95.17300
2025-08-20 05:00:00,95.16900,95.23900,95.12000,95.23100
2025-08-20 06:00:00,95.23400,95.30600,95.22900,95.26300
2025-08-20 07:00:00,95.19700,95.36400,95.14800,95.21100
2025-08-20 08:00:00,95.21100,95.29500,95.21100,95.27000
2025-08-20 09:00:00,95.26100,95.35800,95.25800,95.34300
2025-08-20 10:00:00,95.33900,95.36600,95.16000,95.19200
2025-08-20 11:00:00,95.19800,95.26000,95.041000,95.10900
2025-08-20 12:00:00,95.098999,95.11300,94.85800,94.96900
2025-08-20 13:00:00,94.96700,95.052002,94.88400,94.89600
2025-08-20 14:00:00,94.89800,95.12800,94.88400,95.097000
2025-08-20 15:00:00,95.091003,95.098000,94.98900,95.082001
2025-08-20 16:00:00,95.088997,95.10500,94.75400,94.95400
2025-08-20 17:00:00,94.95500,95.095001,94.92200,95.092003
2025-08-20 18:00:00,95.087997,95.10300,94.80400,94.95000
2025-08-20 19:00:00,94.95200,94.96500,94.84100,94.92300
2025-08-20 20:00:00,94.92000,94.92500,94.83400,94.86800
2025-08-20 21:00:00,94.86800,94.93300,94.83800,94.87600
2025-08-20 22:00:00,94.87600,95.011002,94.86200,94.89300
2025-08-20 23:00:00,94.89300,94.95000,94.53700,94.59300
2025-08-21 00:00:00,94.59200,94.69600,94.39700,94.51500
2025-08-21 01:00:00,94.51800,94.75300,94.48600,94.59900
2025-08-21 02:00:00,94.59900,94.72800,94.59400,94.66400
2025-08-21 03:00:00,94.66700,94.70300,94.62400,94.64700
2025-08-21 04:00:00,94.63900,94.76300,94.62700,94.69500
2025-08-21 05:00:00,94.70000,94.80900,94.69500,94.78000
2025-08-21 06:00:00,94.78000,94.83800,94.71900,94.75800
2025-08-21 07:00:00,94.75800,94.81100,94.62700,94.72700
2025-08-21 08:00:00,94.73300,94.81400,94.72600,94.79600
2025-08-21 09:00:00,94.79000,94.85000,94.76300,94.78900
2025-08-21 10:00:00,94.78800,94.90800,94.67800,94.73100
2025-08-21 11:00:00,94.73700,94.83700,94.66500,94.80900
2025-08-21 12:00:00,94.80900,94.83400,94.57700,94.58500
2025-08-21 13:00:00,94.58100,94.68700,94.57700,94.66900
2025-08-21 14:00:00,94.66700,94.68800,94.59400,94.61700
2025-08-21 15:00:00,94.61900,94.77100,94.56900,94.72800
2025-08-21 16:00:00,94.72800,94.79700,94.64400,94.75800
2025-08-21 17:00:00,94.75800,94.80700,94.70500,94.79200
2025-08-21 18:00:00,94.79400,94.82700,94.72100,94.80800
2025-08-21 19:00:00,94.80800,94.93000,94.79100,94.86600
2025-08-21 20:00:00,94.86700,95.050003,94.85900,95.047997
2025-08-21 21:00:00,95.047997,95.10900,95.0049973,95.014000
2025-08-21 22:00:00,95.010002,95.013000,94.84200,94.85700
2025-08-21 23:00:00,94.86300,94.97300,94.82600,94.89100
2025-08-22 00:00:00,94.88500,95.21100,94.87600,95.19700
2025-08-22 01:00:00,95.19700,95.28700,95.16000,95.24000
2025-08-22 02:00:00,95.23700,95.26700,95.17300,95.22800
2025-08-22 03:00:00,95.22800,95.32700,95.17000,95.28000
2025-08-22 04:00:00,95.28000,95.34200,95.25500,95.30700
2025-08-22 05:00:00,95.31100,95.33300,95.25600,95.27500
2025-08-22 06:00:00,95.28200,95.29700,95.20500,95.22600
2025-08-22 07:00:00,95.22600,95.29300,95.10300,95.24100
2025-08-22 08:00:00,95.21800,95.32400,95.21300,95.27600
2025-08-22 09:00:00,95.28100,95.36000,95.24700,95.34300
2025-08-22 10:00:00,95.33600,95.46000,95.23800,95.39100
2025-08-22 11:00:00,95.38600,95.46000,95.33600,95.39600
2025-08-22 12:00:00,95.39100,95.49500,95.35000,95.41400
2025-08-22 13:00:00,95.41400,95.51800,95.37400,95.49000
2025-08-22 14:00:00,95.48300,95.52200,95.44000,95.47200
2025-08-22 15:00:00,95.47500,95.48800,95.35500,95.38100
2025-08-22 16:00:00,95.38400,95.42900,95.23600,95.31900
2025-08-22 17:00:00,95.31900,95.47400,95.27500,95.44900
2025-08-22 18:00:00,95.44900,95.58800,95.43100,95.57400
2025-08-22 19:00:00,95.57400,95.59700,95.43900,95.46100
2025-08-22 20:00:00,95.45600,95.47600,95.37000,95.39100
2025-08-22 21:00:00,95.38800,95.50600,95.37600,95.49600
2025-08-22 22:00:00,95.49700,95.53300,95.45600,95.48800
2025-08-22 23:00:00,95.49400,95.55300,95.43900,95.50100
2025-08-23 00:00:00,95.49600,95.57000,95.20600,95.35200
2025-08-23 01:00:00,95.34800,95.36500,95.15300,95.19500
2025-08-23 02:00:00,95.18800,95.25900,95.13700,95.18700
2025-08-23 03:00:00,95.18000,95.26500,95.17300,95.24000
2025-08-23 04:00:00,95.24000,95.32600,95.22400,95.29300
2025-08-23 05:00:00,95.29400,95.36600,95.25700,95.35000
2025-08-23 06:00:00,95.35000,95.40900,95.27300,95.27300
2025-08-23 07:00:00,95.36500,95.36500,95.36500,95.36500
2025-08-25 09:00:00,95.41300,95.56000,95.39600,95.49300
2025-08-25 10:00:00,95.49400,95.63400,95.48800,95.55700
2025-08-25 11:00:00,95.55700,95.56900,95.38800,95.40000
2025-08-25 12:00:00,95.40000,95.56100,95.39900,95.54800
2025-08-25 13:00:00,95.55000,95.61400,95.52000,95.57500
2025-08-25 14:00:00,95.57500,95.61700,95.51000,95.54200
2025-08-25 15:00:00,95.54600,95.70000,95.54500,95.63300
2025-08-25 16:00:00,95.63600,95.72700,95.61700,95.66000
2025-08-25 17:00:00,95.66000,95.72800,95.55800,95.57000
2025-08-25 18:00:00,95.56600,95.71900,95.56400,95.67000
2025-08-25 19:00:00,95.66800,95.67200,95.57300,95.61300
2025-08-25 20:00:00,95.61300,95.69500,95.59500,95.68700
2025-08-25 21:00:00,95.68500,95.74700,95.67400,95.74100
2025-08-25 22:00:00,95.73700,95.75700,95.67200,95.67500
2025-08-25 23:00:00,95.67500,95.83400,95.66800,95.71400
2025-08-26 00:00:00,95.72400,95.91700,95.70100,95.86300
2025-08-26 01:00:00,95.86300,95.95200,95.80600,95.92400
2025-08-26 02:00:00,95.92000,95.92400,95.82900,95.84400
2025-08-26 03:00:00,95.84300,95.84700,95.76600,95.78400
2025-08-26 04:00:00,95.78400,95.84300,95.77200,95.82100
2025-08-26 05:00:00,95.81500,95.84700,95.76800,95.77500
2025-08-26 06:00:00,95.77400,95.81200,95.69700,95.74700
2025-08-26 07:00:00,95.75600,95.79100,95.61700,95.68100
2025-08-26 08:00:00,95.67100,95.82200,95.62100,95.77900
2025-08-26 09:00:00,95.76900,95.82500,95.75400,95.80600
2025-08-26 10:00:00,95.80200,95.82200,95.39300,95.47500
2025-08-26 11:00:00,95.47600,95.58900,95.36000,95.39100
2025-08-26 12:00:00,95.39300,95.66400,95.38500,95.59700
2025-08-26 13:00:00,95.59800,95.67400,95.54000,95.66500
2025-08-26 14:00:00,95.66500,95.76000,95.62200,95.74300
2025-08-26 15:00:00,95.74800,95.81400,95.67400,95.73000
2025-08-26 16:00:00,95.72500,95.78200,95.61000,95.76000
2025-08-26 17:00:00,95.75700,95.81300,95.60900,95.60900
2025-08-26 18:00:00,95.60900,95.64600,95.53600,95.57100
2025-08-26 19:00:00,95.57100,95.72000,95.56800,95.69200
2025-08-26 20:00:00,95.69100,95.75,95.65000,95.70000
2025-08-26 21:00:00,95.70000,95.75800,95.65000,95.70700
2025-08-26 22:00:00,95.70200,95.71200,95.62700,95.69900
2025-08-26 23:00:00,95.69200,95.74500,95.64300,95.70500
2025-08-27 00:00:00,95.71800,95.84400,95.70500,95.79000
2025-08-27 01:00:00,95.79000,95.80500,95.68300,95.71300
2025-08-27 02:00:00,95.71300,95.72500,95.59300,95.68800
2025-08-27 03:00:00,95.68800,95.72600,95.67200,95.72000
2025-08-27 04:00:00,95.71800,95.79500,95.69400,95.70800
2025-08-27 05:00:00,95.70800,95.74300,95.66100,95.73000
2025-08-27 06:00:00,95.73200,95.78800,95.65400,95.68700
2025-08-27 07:00:00,95.65200,95.75300,95.51700,95.65700
2025-08-27 08:00:00,95.65700,95.80600,95.62100,95.79000
2025-08-27 09:00:00,95.77500,95.81100,95.73800,95.78400
2025-08-27 10:00:00,95.78200,95.83900,95.74100,95.82200
2025-08-27 11:00:00,95.82100,96.0039978,95.78700,95.90000
2025-08-27 12:00:00,95.90500,95.97000,95.82100,95.89100
2025-08-27 13:00:00,95.88500,95.95900,95.87900,95.91600
2025-08-27 14:00:00,95.91500,95.98200,95.88600,95.93300
2025-08-27 15:00:00,95.93300,95.95300,95.86000,95.87000
2025-08-27 16:00:00,95.86500,95.92600,95.78600,95.83100
2025-08-27 17:00:00,95.83100,95.88600,95.69600,95.71900
2025-08-27 18:00:00,95.71900,95.75900,95.61800,95.71100
2025-08-27 19:00:00,95.71100,95.79700,95.67400,95.79600
2025-08-27 20:00:00,95.79600,95.80900,95.71700,95.77200
2025-08-27 21:00:00,95.77200,95.80400,95.72500,95.78900
2025-08-27 22:00:00,95.78900,95.85500,95.76500,95.82400
2025-08-27 23:00:00,95.82100,95.91600,95.76700,95.89000
2025-08-28 00:00:00,95.88700,95.92100,95.78200,95.89800
2025-08-28 01:00:00,95.89800,95.96200,95.87800,95.95500
2025-08-28 02:00:00,95.95500,95.99100,95.875,95.91000
2025-08-28 03:00:00,95.91000,95.98500,95.89200,95.95700
2025-08-28 04:00:00,95.95700,96.0070038,95.92600,95.95300
2025-08-28 05:00:00,95.95300,96.0019989,95.93900,95.98600
2025-08-28 06:00:00,95.98600,95.99500,95.84900,95.84900
2025-08-28 07:00:00,95.79300,95.90600,95.73400,95.80600
2025-08-28 08:00:00,95.83600,95.89800,95.81000,95.85100
2025-08-28 09:00:00,95.86000,95.95800,95.83000,95.95100
2025-08-28 10:00:00,95.95100,96.066002,95.91000,95.92400
2025-08-28 11:00:00,95.92400,96.011002,95.88000,95.95400
2025-08-28 12:00:00,95.95200,96.037003,95.93100,95.99700
2025-08-28 13:00:00,95.99200,96.035004,95.80200,95.82000
2025-08-28 14:00:00,95.82500,95.86700,95.77600,95.81100
2025-08-28 15:00:00,95.81100,95.83500,95.70200,95.77200
2025-08-28 16:00:00,95.73900,95.94100,95.71200,95.92600
2025-08-28 17:00:00,95.92400,95.96900,95.86500,95.87400
2025-08-28 18:00:00,95.87200,95.98300,95.82600,95.95300
2025-08-28 19:00:00,95.95500,95.97100,95.89200,95.93300
2025-08-28 20:00:00,95.93400,96,95.90100,95.91100
2025-08-28 21:00:00,95.91100,95.91800,95.82900,95.90200
2025-08-28 22:00:00,95.90200,96.059998,95.87300,96.032997
2025-08-28 23:00:00,96.032997,96.086998,95.89500,95.94400
2025-08-29 00:00:00,95.94500,96.0070038,95.86000,95.89900
2025-08-29 01:00:00,95.89900,96.0090027,95.89600,95.98500
2025-08-29 02:00:00,95.98500,95.99600,95.95700,95.97700
