date,open,high,low,close
2024-11-06 21:00:00,0.65850002,0.65965003,0.65805000,0.65829998
2024-11-06 22:00:00,0.65815002,0.65829998,0.65515000,0.65555000
2024-11-06 23:00:00,0.65549999,0.65689999,0.65520000,0.65684998
2024-11-07 00:00:00,0.65670002,0.65700001,0.65520000,0.65574998
2024-11-07 01:00:00,0.65560001,0.65630001,0.65469998,0.65525001
2024-11-07 02:00:00,0.65530002,0.65810001,0.65530002,0.65735000
2024-11-07 03:00:00,0.65745002,0.65799999,0.65630001,0.65735000
2024-11-07 04:00:00,0.65724999,0.65780002,0.65630001,0.65695000
2024-11-07 05:00:00,0.65689999,0.65930003,0.65689999,0.65894997
2024-11-07 06:00:00,0.65910000,0.65910000,0.65789998,0.65829998
2024-11-07 07:00:00,0.65829998,0.65864998,0.65714997,0.65714997
2024-11-07 08:00:00,0.65719998,0.65730000,0.65630001,0.65705001
2024-11-07 09:00:00,0.65700001,0.65714997,0.65670002,0.65689999
2024-11-07 10:00:00,0.65689999,0.65730000,0.65660000,0.65670002
2024-11-07 11:00:00,0.65665001,0.65735000,0.65640002,0.65689999
2024-11-07 12:00:00,0.65689999,0.65840000,0.65684998,0.65815002
2024-11-07 13:00:00,0.65820003,0.66145003,0.65820003,0.66125000
2024-11-07 14:00:00,0.66125000,0.66229999,0.66074997,0.66200000
2024-11-07 15:00:00,0.66219997,0.66250002,0.66159999,0.66215003
2024-11-07 16:00:00,0.66215003,0.66285002,0.66180003,0.66219997
2024-11-07 17:00:00,0.66229999,0.66275001,0.66175002,0.66254997
2024-11-07 18:00:00,0.66250002,0.66374999,0.66219997,0.66235000
2024-11-07 19:00:00,0.66229999,0.66385001,0.66215003,0.66339999
2024-11-07 20:00:00,0.66355002,0.66374999,0.66289997,0.66294998
2024-11-07 21:00:00,0.66294998,0.66329998,0.66240001,0.66315001
2024-11-07 22:00:00,0.66310000,0.66329998,0.66250002,0.66310000
2024-11-07 23:00:00,0.66310000,0.66474998,0.66310000,0.66474998
2024-11-08 00:00:00,0.66469997,0.66635001,0.66469997,0.66635001
2024-11-08 01:00:00,0.66635001,0.66790003,0.66570002,0.66775000
2024-11-08 02:00:00,0.66759998,0.66874999,0.66740000,0.66860002
2024-11-08 03:00:00,0.66860002,0.66869998,0.66649997,0.66680002
2024-11-08 04:00:00,0.66670001,0.66775000,0.66640002,0.66769999
2024-11-08 05:00:00,0.66759998,0.66790003,0.66670001,0.66720003
2024-11-08 06:00:00,0.66720003,0.66759998,0.66530001,0.66680002
2024-11-08 07:00:00,0.66670001,0.66850001,0.66659999,0.66769999
2024-11-08 08:00:00,0.66769999,0.66810000,0.66750002,0.66799998
2024-11-08 09:00:00,0.66794997,0.66820002,0.66740000,0.66769999
2024-11-08 10:00:00,0.66780001,0.66799998,0.66715002,0.66750002
2024-11-08 11:00:00,0.66740000,0.66755003,0.66659999,0.66670001
2024-11-08 12:00:00,0.66675001,0.66684997,0.66560000,0.66610003
2024-11-08 13:00:00,0.66619998,0.66645002,0.66549999,0.66560000
2024-11-08 14:00:00,0.66565001,0.66600001,0.66450000,0.66469997
2024-11-08 15:00:00,0.66479999,0.66554999,0.66450000,0.66540003
2024-11-08 16:00:00,0.66544998,0.66575003,0.66490000,0.66554999
2024-11-08 17:00:00,0.66544998,0.66565001,0.66469997,0.66565001
2024-11-08 18:00:00,0.66554999,0.66575003,0.66460001,0.66520000
2024-11-08 19:00:00,0.66530001,0.66540003,0.66229999,0.66444999
2024-11-08 20:00:00,0.66439998,0.66520000,0.66404998,0.66425002
2024-11-08 21:00:00,0.66430002,0.66434997,0.66329998,0.66385001
2024-11-08 22:00:00,0.66390002,0.66430002,0.66320002,0.66329998
2024-11-08 23:00:00,0.66334999,0.66339999,0.66210002,0.66254997
2024-11-09 00:00:00,0.66240001,0.66264999,0.66049999,0.66070002
2024-11-09 01:00:00,0.66074997,0.66149998,0.66049999,0.66084999
2024-11-09 02:00:00,0.66070002,0.66109997,0.65969998,0.66000003
2024-11-09 03:00:00,0.66004997,0.66009998,0.65710002,0.65710002
2024-11-09 04:00:00,0.65705001,0.65764999,0.65584999,0.65764999
2024-11-09 05:00:00,0.65764999,0.65845001,0.65670002,0.65724999
2024-11-09 06:00:00,0.65724999,0.65810001,0.65705001,0.65799999
2024-11-09 07:00:00,0.65789998,0.65829998,0.65740001,0.65810001
2024-11-09 08:00:00,0.65820003,0.65869999,0.65810001,0.65845001
2024-11-11 09:00:00,0.65829998,0.65910000,0.65754998,0.65810001
2024-11-11 10:00:00,0.65810001,0.65869999,0.65789998,0.65840000
2024-11-11 11:00:00,0.65829998,0.65944999,0.65820003,0.65910000
2024-11-11 12:00:00,0.65899998,0.65990001,0.65885001,0.65910000
2024-11-11 13:00:00,0.65899998,0.65944999,0.65840000,0.65920001
2024-11-11 14:00:00,0.65904999,0.65939999,0.65885001,0.65930003
2024-11-11 15:00:00,0.65939999,0.65950000,0.65859997,0.65934998
2024-11-11 16:00:00,0.65930003,0.65979999,0.65904999,0.65915000
2024-11-11 17:00:00,0.65899998,0.65950000,0.65869999,0.65930003
2024-11-11 18:00:00,0.65930003,0.65950000,0.65740001,0.65834999
2024-11-11 19:00:00,0.65824997,0.65845001,0.65740001,0.65810001
2024-11-11 20:00:00,0.65815002,0.65850002,0.65750003,0.65834999
2024-11-11 21:00:00,0.65829998,0.65899998,0.65815002,0.65829998
2024-11-11 22:00:00,0.65829998,0.65875000,0.65789998,0.65855002
2024-11-11 23:00:00,0.65859997,0.65875000,0.65805000,0.65810001
2024-11-12 00:00:00,0.65815002,0.65829998,0.65649998,0.65730000
2024-11-12 01:00:00,0.65730000,0.65820003,0.65649998,0.65705001
2024-11-12 02:00:00,0.65705001,0.65745002,0.65649998,0.65695000
2024-11-12 03:00:00,0.65700001,0.65754998,0.65670002,0.65714997
2024-11-12 04:00:00,0.65710002,0.65740001,0.65649998,0.65679997
2024-11-12 05:00:00,0.65670002,0.65719998,0.65619999,0.65705001
2024-11-12 06:00:00,0.65710002,0.65730000,0.65679997,0.65689999
2024-11-12 07:00:00,0.65684998,0.65730000,0.65684998,0.65719998
2024-11-12 08:00:00,0.65724999,0.65754998,0.65714997,0.65745002
2024-11-12 09:00:00,0.65745002,0.65780002,0.65719998,0.65750003
2024-11-12 10:00:00,0.65740001,0.65789998,0.65719998,0.65780002
2024-11-12 11:00:00,0.65785003,0.65789998,0.65684998,0.65730000
2024-11-12 12:00:00,0.65735000,0.65820003,0.65605003,0.65679997
2024-11-12 13:00:00,0.65675002,0.65675002,0.65520000,0.65555000
2024-11-12 14:00:00,0.65549999,0.65640002,0.65504998,0.65525001
2024-11-12 15:00:00,0.65515000,0.65549999,0.65495002,0.65539998
2024-11-12 16:00:00,0.65549999,0.65590000,0.65495002,0.65515000
2024-11-12 17:00:00,0.65495002,0.65565002,0.65460002,0.65544999
2024-11-12 18:00:00,0.65544999,0.65590000,0.65450001,0.65499997
2024-11-12 19:00:00,0.65504998,0.65544999,0.65380001,0.65499997
2024-11-12 20:00:00,0.65499997,0.65499997,0.65369999,0.65425003
2024-11-12 21:00:00,0.65420002,0.65445000,0.65340000,0.65399998
2024-11-12 22:00:00,0.65399998,0.65460002,0.65385002,0.65429997
2024-11-12 23:00:00,0.65439999,0.65535003,0.65390003,0.65525001
2024-11-13 00:00:00,0.65520000,0.65579998,0.65429997,0.65520000
2024-11-13 01:00:00,0.65520000,0.65520000,0.65385002,0.65404999
2024-11-13 02:00:00,0.65399998,0.65455002,0.65340000,0.65425003
2024-11-13 03:00:00,0.65420002,0.65450001,0.65214998,0.65214998
2024-11-13 04:00:00,0.65219998,0.65230000,0.65135002,0.65165001
2024-11-13 05:00:00,0.65170002,0.65319997,0.65160000,0.65310001
2024-11-13 06:00:00,0.65310001,0.65350002,0.65305001,0.65329999
2024-11-13 07:00:00,0.65319997,0.65399998,0.65310001,0.65355003
2024-11-13 08:00:00,0.65359998,0.65399998,0.65319997,0.65335000
2024-11-13 09:00:00,0.65345001,0.65369999,0.65294999,0.65315002
2024-11-13 10:00:00,0.65310001,0.65319997,0.65259999,0.65289998
2024-11-13 11:00:00,0.65294999,0.65310001,0.65160000,0.65235001
2024-11-13 12:00:00,0.65240002,0.65380001,0.65230000,0.65369999
2024-11-13 13:00:00,0.65380001,0.65399998,0.65315002,0.65375000
2024-11-13 14:00:00,0.65385002,0.65399998,0.65315002,0.65335000
2024-11-13 15:00:00,0.65335000,0.65380001,0.65319997,0.65364999
2024-11-13 16:00:00,0.65364999,0.65364999,0.65289998,0.65319997
2024-11-13 17:00:00,0.65324998,0.65355003,0.65224999,0.65259999
2024-11-13 18:00:00,0.65254998,0.65300000,0.65205002,0.65224999
2024-11-13 19:00:00,0.65219998,0.65259999,0.65175003,0.65249997
2024-11-13 20:00:00,0.65240002,0.65355003,0.65179998,0.65315002
2024-11-13 21:00:00,0.65324998,0.65324998,0.65230000,0.65249997
2024-11-13 22:00:00,0.65249997,0.65300000,0.65195000,0.65280002
2024-11-13 23:00:00,0.65280002,0.65319997,0.65230000,0.65245003
2024-11-14 00:00:00,0.65240002,0.65455002,0.65175003,0.65305001
2024-11-14 01:00:00,0.65310001,0.65329999,0.64980000,0.64995003
2024-11-14 02:00:00,0.64990002,0.65030003,0.64805001,0.64995003
2024-11-14 03:00:00,0.64999998,0.65009999,0.64819998,0.64850003
2024-11-14 04:00:00,0.64850003,0.64924997,0.64819998,0.64889997
2024-11-14 05:00:00,0.64889997,0.64910001,0.64829999,0.64880002
2024-11-14 06:00:00,0.64880002,0.64955002,0.64840001,0.64840001
2024-11-14 07:00:00,0.64845002,0.64889997,0.64810002,0.64815003
2024-11-14 08:00:00,0.64815003,0.64880002,0.64815003,0.64854997
2024-11-14 09:00:00,0.64889997,0.64980000,0.64850003,0.64969999
2024-11-14 10:00:00,0.64950001,0.64980000,0.64899999,0.64929998
2024-11-14 11:00:00,0.64940000,0.64960003,0.64819998,0.64924997
2024-11-14 12:00:00,0.64920002,0.64920002,0.64815003,0.64840001
2024-11-14 13:00:00,0.64850003,0.64850003,0.64709997,0.64735001
2024-11-14 14:00:00,0.64725000,0.64819998,0.64660001,0.64695001
2024-11-14 15:00:00,0.64700001,0.64730000,0.64639997,0.64700001
2024-11-14 16:00:00,0.64705002,0.64705002,0.64595002,0.64644998
2024-11-14 17:00:00,0.64639997,0.64725000,0.64630002,0.64649999
2024-11-14 18:00:00,0.64655000,0.64800000,0.64620000,0.64725000
2024-11-14 19:00:00,0.64735001,0.64789999,0.64700001,0.64719999
2024-11-14 20:00:00,0.64719999,0.64770001,0.64620000,0.64639997
2024-11-14 21:00:00,0.64630002,0.64644998,0.64534998,0.64600003
2024-11-14 22:00:00,0.64600003,0.64700001,0.64529997,0.64684999
2024-11-14 23:00:00,0.64690000,0.64735001,0.64630002,0.64670002
2024-11-15 00:00:00,0.64670002,0.64780003,0.64545000,0.64639997
2024-11-15 01:00:00,0.64644998,0.64829999,0.64644998,0.64730000
2024-11-15 02:00:00,0.64719999,0.64870000,0.64679998,0.64805001
2024-11-15 03:00:00,0.64810002,0.64889997,0.64705002,0.64730000
2024-11-15 04:00:00,0.64719999,0.64780003,0.64690000,0.64765000
2024-11-15 05:00:00,0.64789999,0.64800000,0.64674997,0.64700001
2024-11-15 06:00:00,0.64684999,0.64749998,0.64684999,0.64705002
2024-11-15 07:00:00,0.64705002,0.64705002,0.64410001,0.64494997
2024-11-15 08:00:00,0.64494997,0.64555001,0.64475000,0.64539999
2024-11-15 09:00:00,0.64534998,0.64579999,0.64529997,0.64539999
2024-11-15 10:00:00,0.64539999,0.64555001,0.64480001,0.64550000
2024-11-15 11:00:00,0.64555001,0.64555001,0.64450002,0.64485002
2024-11-15 12:00:00,0.64494997,0.64579999,0.64480001,0.64534998
2024-11-15 13:00:00,0.64539999,0.64655000,0.64539999,0.64635003
2024-11-15 14:00:00,0.64635003,0.64679998,0.64620000,0.64625001
2024-11-15 15:00:00,0.64620000,0.64690000,0.64620000,0.64655000
2024-11-15 16:00:00,0.64655000,0.64690000,0.64620000,0.64625001
2024-11-15 17:00:00,0.64620000,0.64679998,0.64539999,0.64655000
2024-11-15 18:00:00,0.64639997,0.64709997,0.64620000,0.64644998
2024-11-15 19:00:00,0.64639997,0.64709997,0.64565003,0.64700001
2024-11-15 20:00:00,0.64700001,0.64754999,0.64649999,0.64670002
2024-11-15 21:00:00,0.64649999,0.64740002,0.64620000,0.64719999
2024-11-15 22:00:00,0.64709997,0.64800000,0.64660001,0.64749998
2024-11-15 23:00:00,0.64754999,0.64770001,0.64665002,0.64754999
2024-11-16 00:00:00,0.64770001,0.64819998,0.64585000,0.64630002
2024-11-16 01:00:00,0.64620000,0.64660001,0.64429998,0.64490002
2024-11-16 02:00:00,0.64480001,0.64609998,0.64429998,0.64609998
2024-11-16 03:00:00,0.64600003,0.64649999,0.64555001,0.64604998
2024-11-16 04:00:00,0.64620000,0.64690000,0.64600003,0.64630002
2024-11-16 05:00:00,0.64620000,0.64660001,0.64560002,0.64635003
2024-11-16 06:00:00,0.64639997,0.64644998,0.64539999,0.64555001
2024-11-16 07:00:00,0.64569998,0.64569998,0.64504999,0.64560002
2024-11-16 08:00:00,0.64550000,0.64644998,0.64539999,0.64625001
2024-11-18 09:00:00,0.64635003,0.64644998,0.64579999,0.64585000
2024-11-18 10:00:00,0.64590001,0.64649999,0.64579999,0.64644998
2024-11-18 11:00:00,0.64649999,0.64770001,0.64609998,0.64765000
2024-11-18 12:00:00,0.64760000,0.64789999,0.64684999,0.64719999
2024-11-18 13:00:00,0.64719999,0.64800000,0.64684999,0.64725000
2024-11-18 14:00:00,0.64725000,0.64770001,0.64620000,0.64649999
2024-11-18 15:00:00,0.64649999,0.64744997,0.64630002,0.64725000
2024-11-18 16:00:00,0.64714998,0.64719999,0.64620000,0.64649999
2024-11-18 17:00:00,0.64649999,0.64690000,0.64614999,0.64644998
2024-11-18 18:00:00,0.64620000,0.64635003,0.64539999,0.64569998
2024-11-18 19:00:00,0.64569998,0.64620000,0.64520001,0.64545000
2024-11-18 20:00:00,0.64545000,0.64635003,0.64504999,0.64595002
2024-11-18 21:00:00,0.64595002,0.64600003,0.64539999,0.64590001
2024-11-18 22:00:00,0.64585000,0.64585000,0.64480001,0.64525002
2024-11-18 23:00:00,0.64525002,0.64550000,0.64485002,0.64520001
2024-11-19 00:00:00,0.64520001,0.64655000,0.64490002,0.64639997
2024-11-19 01:00:00,0.64644998,0.64730000,0.64620000,0.64719999
2024-11-19 02:00:00,0.64719999,0.64880002,0.64709997,0.64835000
2024-11-19 03:00:00,0.64840001,0.64969999,0.64829999,0.64955002
2024-11-19 04:00:00,0.64964998,0.65065002,0.64920002,0.65050000
2024-11-19 05:00:00,0.65044999,0.65100002,0.65020001,0.65090001
2024-11-19 06:00:00,0.65095001,0.65120000,0.65030003,0.65044999
2024-11-19 07:00:00,0.65044999,0.65090001,0.65020001,0.65069997
2024-11-19 08:00:00,0.65060002,0.65100002,0.65055001,0.65074998
2024-11-19 09:00:00,0.65065002,0.65090001,0.65034997,0.65065002
2024-11-19 10:00:00,0.65069997,0.65079999,0.65020001,0.65055001
2024-11-19 11:00:00,0.65060002,0.65060002,0.64964998,0.64985001
2024-11-19 12:00:00,0.64990002,0.65109998,0.64960003,0.65085000
2024-11-19 13:00:00,0.65079999,0.65140003,0.65050000,0.65085000
2024-11-19 14:00:00,0.65085000,0.65219998,0.65079999,0.65214998
2024-11-19 15:00:00,0.65214998,0.65245003,0.65069997,0.65074998
2024-11-19 16:00:00,0.65074998,0.65090001,0.65020001,0.65060002
2024-11-19 17:00:00,0.65065002,0.65179998,0.65065002,0.65154999
2024-11-19 18:00:00,0.65160000,0.65165001,0.65060002,0.65104997
2024-11-19 19:00:00,0.65100002,0.65179998,0.64985001,0.65020001
2024-11-19 20:00:00,0.65015000,0.65055001,0.64819998,0.64894998
2024-11-19 21:00:00,0.64910001,0.65020001,0.64885002,0.64974999
2024-11-19 22:00:00,0.64980000,0.64999998,0.64920002,0.64929998
2024-11-19 23:00:00,0.64934999,0.65020001,0.64920002,0.65020001
2024-11-20 00:00:00,0.65015000,0.65165001,0.65004998,0.65020001
2024-11-20 01:00:00,0.65025002,0.65160000,0.64980000,0.65055001
2024-11-20 02:00:00,0.65050000,0.65219998,0.65020001,0.65219998
2024-11-20 03:00:00,0.65205002,0.65275002,0.65175003,0.65224999
2024-11-20 04:00:00,0.65219998,0.65280002,0.65210003,0.65219998
2024-11-20 05:00:00,0.65205002,0.65310001,0.65140003,0.65294999
2024-11-20 06:00:00,0.65294999,0.65319997,0.65249997,0.65305001
2024-11-20 07:00:00,0.65305001,0.65335000,0.65275002,0.65310001
2024-11-20 08:00:00,0.65315002,0.65340000,0.65305001,0.65319997
2024-11-20 09:00:00,0.65324998,0.65329999,0.65265000,0.65329999
2024-11-20 10:00:00,0.65319997,0.65420002,0.65319997,0.65415001
2024-11-20 11:00:00,0.65420002,0.65439999,0.65329999,0.65350002
2024-11-20 12:00:00,0.65350002,0.65359998,0.65289998,0.65355003
2024-11-20 13:00:00,0.65359998,0.65390003,0.65319997,0.65319997
2024-11-20 14:00:00,0.65315002,0.65340000,0.65219998,0.65249997
2024-11-20 15:00:00,0.65259999,0.65289998,0.65235001,0.65280002
2024-11-20 16:00:00,0.65275002,0.65300000,0.65219998,0.65224999
2024-11-20 17:00:00,0.65224999,0.65319997,0.65210003,0.65254998
2024-11-20 18:00:00,0.65249997,0.65310001,0.65195000,0.65205002
2024-11-20 19:00:00,0.65210003,0.65224999,0.65140003,0.65140003
2024-11-20 20:00:00,0.65160000,0.65200001,0.65085000,0.65125000
2024-11-20 21:00:00,0.65114999,0.65144998,0.65020001,0.65034997
2024-11-20 22:00:00,0.65034997,0.65050000,0.64974999,0.65020001
2024-11-20 23:00:00,0.65020001,0.65100002,0.65004998,0.65074998
2024-11-21 00:00:00,0.65090001,0.65120000,0.65009999,0.65025002
2024-11-21 01:00:00,0.65030003,0.65034997,0.64850003,0.64864999
2024-11-21 02:00:00,0.64864999,0.64955002,0.64850003,0.64905000
2024-11-21 03:00:00,0.64910001,0.64955002,0.64840001,0.64920002
2024-11-21 04:00:00,0.64924997,0.65034997,0.64905000,0.64985001
2024-11-21 05:00:00,0.64985001,0.64999998,0.64910001,0.64950001
2024-11-21 06:00:00,0.64969999,0.64999998,0.64929998,0.64950001
2024-11-21 07:00:00,0.64950001,0.65020001,0.64940000,0.65015000
2024-11-21 08:00:00,0.65025002,0.65069997,0.65015000,0.65065002
2024-11-21 09:00:00,0.65055001,0.65079999,0.65015000,0.65065002
2024-11-21 10:00:00,0.65069997,0.65125000,0.65060002,0.65120000
2024-11-21 11:00:00,0.65120000,0.65140003,0.65060002,0.65120000
2024-11-21 12:00:00,0.65130001,0.65189999,0.65104997,0.65149999
2024-11-21 13:00:00,0.65154999,0.65189999,0.65120000,0.65130001
2024-11-21 14:00:00,0.65140003,0.65235001,0.65109998,0.65230000
2024-11-21 15:00:00,0.65230000,0.65240002,0.65149999,0.65160000
2024-11-21 16:00:00,0.65165001,0.65189999,0.65109998,0.65120000
2024-11-21 17:00:00,0.65114999,0.65219998,0.65109998,0.65160000
2024-11-21 18:00:00,0.65154999,0.65189999,0.65095001,0.65125000
2024-11-21 19:00:00,0.65130001,0.65219998,0.65120000,0.65200001
2024-11-21 20:00:00,0.65200001,0.65219998,0.65060002,0.65100002
2024-11-21 21:00:00,0.65095001,0.65165001,0.65085000,0.65114999
2024-11-21 22:00:00,0.65120000,0.65254998,0.65109998,0.65175003
2024-11-21 23:00:00,0.65184999,0.65300000,0.65160000,0.65249997
2024-11-22 00:00:00,0.65245003,0.65300000,0.65160000,0.65249997
2024-11-22 01:00:00,0.65265000,0.65289998,0.65170002,0.65275002
2024-11-22 02:00:00,0.65289998,0.65324998,0.65130001,0.65154999
2024-11-22 03:00:00,0.65154999,0.65165001,0.65004998,0.65020001
2024-11-22 04:00:00,0.65009999,0.65179998,0.64974999,0.65170002
2024-11-22 05:00:00,0.65170002,0.65210003,0.65130001,0.65175003
2024-11-22 06:00:00,0.65175003,0.65179998,0.65090001,0.65154999
2024-11-22 07:00:00,0.65154999,0.65179998,0.65120000,0.65130001
2024-11-22 08:00:00,0.65140003,0.65144998,0.65090001,0.65104997
2024-11-22 09:00:00,0.65114999,0.65179998,0.65104997,0.65120000
2024-11-22 10:00:00,0.65109998,0.65125000,0.65079999,0.65090001
2024-11-22 11:00:00,0.65095001,0.65165001,0.65090001,0.65165001
2024-11-22 12:00:00,0.65170002,0.65219998,0.65149999,0.65154999
2024-11-22 13:00:00,0.65149999,0.65189999,0.65120000,0.65179998
2024-11-22 14:00:00,0.65179998,0.65200001,0.65109998,0.65120000
2024-11-22 15:00:00,0.65120000,0.65130001,0.65030003,0.65055001
2024-11-22 16:00:00,0.65055001,0.65055001,0.64870000,0.64889997
2024-11-22 17:00:00,0.64894998,0.64940000,0.64875001,0.64920002
2024-11-22 18:00:00,0.64924997,0.65055001,0.64889997,0.65030003
2024-11-22 19:00:00,0.65050000,0.65189999,0.65039998,0.65050000
2024-11-22 20:00:00,0.65050000,0.65050000,0.64714998,0.64880002
2024-11-22 21:00:00,0.64885002,0.65055001,0.64819998,0.65030003
2024-11-22 22:00:00,0.65020001,0.65034997,0.64964998,0.65030003
2024-11-22 23:00:00,0.65020001,0.65055001,0.64929998,0.64974999
2024-11-23 00:00:00,0.64990002,0.65090001,0.64969999,0.65039998
2024-11-23 01:00:00,0.65039998,0.65090001,0.64940000,0.64974999
2024-11-23 02:00:00,0.64990002,0.65050000,0.64915001,0.64940000
2024-11-23 03:00:00,0.64945000,0.64945000,0.64819998,0.64940000
2024-11-23 04:00:00,0.64940000,0.65025002,0.64929998,0.65020001
2024-11-23 05:00:00,0.65015000,0.65060002,0.64969999,0.64980000
2024-11-23 06:00:00,0.64980000,0.64999998,0.64950001,0.64974999
2024-11-23 07:00:00,0.64974999,0.64999998,0.64940000,0.64985001
2024-11-23 08:00:00,0.64990002,0.65030003,0.64980000,0.65015000
2024-11-25 09:00:00,0.65390003,0.65399998,0.65259999,0.65345001
2024-11-25 10:00:00,0.65340000,0.65490001,0.65319997,0.65404999
2024-11-25 11:00:00,0.65394998,0.65509999,0.65380001,0.65445000
2024-11-25 12:00:00,0.65450001,0.65490001,0.65340000,0.65359998
2024-11-25 13:00:00,0.65350002,0.65399998,0.65310001,0.65315002
2024-11-25 14:00:00,0.65310001,0.65359998,0.65219998,0.65240002
2024-11-25 15:00:00,0.65245003,0.65289998,0.65189999,0.65249997
2024-11-25 16:00:00,0.65245003,0.65249997,0.65160000,0.65200001
2024-11-25 17:00:00,0.65200001,0.65230000,0.65130001,0.65230000
2024-11-25 18:00:00,0.65230000,0.65230000,0.65050000,0.65065002
2024-11-25 19:00:00,0.65065002,0.65100002,0.64985001,0.65020001
2024-11-25 20:00:00,0.65025002,0.65189999,0.65025002,0.65144998
2024-11-25 21:00:00,0.65149999,0.65179998,0.65100002,0.65104997
2024-11-25 22:00:00,0.65100002,0.65135002,0.65039998,0.65050000
2024-11-25 23:00:00,0.65050000,0.65109998,0.64969999,0.65090001
2024-11-26 00:00:00,0.65095001,0.65275002,0.65095001,0.65254998
2024-11-26 01:00:00,0.65249997,0.65265000,0.65095001,0.65109998
2024-11-26 02:00:00,0.65114999,0.65165001,0.65009999,0.65015000
2024-11-26 03:00:00,0.65025002,0.65044999,0.64875001,0.64915001
2024-11-26 04:00:00,0.64910001,0.64934999,0.64885002,0.64915001
2024-11-26 05:00:00,0.64915001,0.65034997,0.64910001,0.65030003
2024-11-26 06:00:00,0.65030003,0.65050000,0.65015000,0.65034997
2024-11-26 07:00:00,0.65039998,0.65060002,0.64999998,0.65009999
2024-11-26 08:00:00,0.65015000,0.65055001,0.64999998,0.65034997
2024-11-26 09:00:00,0.65039998,0.65050000,0.65009999,0.65025002
2024-11-26 10:00:00,0.65030003,0.65074998,0.64550000,0.64630002
2024-11-26 11:00:00,0.64649999,0.64690000,0.64415002,0.64420003
2024-11-26 12:00:00,0.64420003,0.64754999,0.64340001,0.64674997
2024-11-26 13:00:00,0.64674997,0.64789999,0.64639997,0.64765000
2024-11-26 14:00:00,0.64760000,0.64920002,0.64749998,0.64915001
2024-11-26 15:00:00,0.64910001,0.65020001,0.64859998,0.64929998
2024-11-26 16:00:00,0.64929998,0.64955002,0.64870000,0.64894998
2024-11-26 17:00:00,0.64894998,0.64980000,0.64829999,0.64854997
2024-11-26 18:00:00,0.64840001,0.64875001,0.64749998,0.64749998
2024-11-26 19:00:00,0.64754999,0.64835000,0.64740002,0.64794999
2024-11-26 20:00:00,0.64794999,0.64924997,0.64794999,0.64850003
2024-11-26 21:00:00,0.64850003,0.64955002,0.64850003,0.64934999
2024-11-26 22:00:00,0.64934999,0.64969999,0.64829999,0.64934999
2024-11-26 23:00:00,0.64924997,0.65074998,0.64880002,0.64999998
2024-11-27 00:00:00,0.64999998,0.65025002,0.64819998,0.64829999
2024-11-27 01:00:00,0.64829999,0.64840001,0.64649999,0.64679998
2024-11-27 02:00:00,0.64709997,0.64740002,0.64604998,0.64655000
2024-11-27 03:00:00,0.64665002,0.64690000,0.64529997,0.64590001
2024-11-27 04:00:00,0.64590001,0.64600003,0.64510000,0.64555001
2024-11-27 05:00:00,0.64550000,0.64569998,0.64480001,0.64539999
2024-11-27 06:00:00,0.64539999,0.64630002,0.64485002,0.64595002
2024-11-27 07:00:00,0.64595002,0.64635003,0.64579999,0.64614999
2024-11-27 08:00:00,0.64620000,0.64754999,0.64609998,0.64740002
2024-11-27 09:00:00,0.64744997,0.64770001,0.64695001,0.64760000
2024-11-27 10:00:00,0.64749998,0.64789999,0.64730000,0.64749998
2024-11-27 11:00:00,0.64744997,0.64770001,0.64630002,0.64730000
2024-11-27 12:00:00,0.64730000,0.64850003,0.64709997,0.64730000
2024-11-27 13:00:00,0.64725000,0.64749998,0.64639997,0.64725000
2024-11-27 14:00:00,0.64735001,0.64835000,0.64709997,0.64800000
2024-11-27 15:00:00,0.64810002,0.64810002,0.64749998,0.64754999
2024-11-27 16:00:00,0.64754999,0.64789999,0.64714998,0.64719999
2024-11-27 17:00:00,0.64730000,0.64810002,0.64719999,0.64770001
2024-11-27 18:00:00,0.64789999,0.64920002,0.64789999,0.64864999
2024-11-27 19:00:00,0.64859998,0.65009999,0.64829999,0.64870000
2024-11-27 20:00:00,0.64870000,0.64899999,0.64829999,0.64875001
2024-11-27 21:00:00,0.64875001,0.64920002,0.64819998,0.64864999
2024-11-27 22:00:00,0.64864999,0.64870000,0.64730000,0.64810002
2024-11-27 23:00:00,0.64800000,0.64824998,0.64740002,0.64810002
2024-11-28 00:00:00,0.64829999,0.64969999,0.64784998,0.64960003
2024-11-28 01:00:00,0.64969999,0.64999998,0.64894998,0.64920002
2024-11-28 02:00:00,0.64940000,0.64955002,0.64794999,0.64934999
2024-11-28 03:00:00,0.64920002,0.64999998,0.64875001,0.64915001
2024-11-28 04:00:00,0.64910001,0.64999998,0.64840001,0.64940000
2024-11-28 05:00:00,0.64929998,0.65004998,0.64920002,0.64964998
2024-11-28 06:00:00,0.64969999,0.64999998,0.64940000,0.64960003
2024-11-28 07:00:00,0.64964998,0.64999998,0.64940000,0.64980000
2024-11-28 08:00:00,0.64980000,0.64999998,0.64964998,0.64969999
2024-11-28 09:00:00,0.64969999,0.64999998,0.64924997,0.64974999
2024-11-28 10:00:00,0.64999998,0.65034997,0.64950001,0.64974999
2024-11-28 11:00:00,0.64969999,0.65020001,0.64929998,0.64980000
2024-11-28 12:00:00,0.64969999,0.65100002,0.64950001,0.65030003
2024-11-28 13:00:00,0.65039998,0.65069997,0.64950001,0.64999998
2024-11-28 14:00:00,0.65004998,0.65020001,0.64859998,0.64885002
2024-11-28 15:00:00,0.64885002,0.64920002,0.64840001,0.64910001
2024-11-28 16:00:00,0.64915001,0.64924997,0.64885002,0.64899999
2024-11-28 17:00:00,0.64889997,0.64899999,0.64819998,0.64854997
2024-11-28 18:00:00,0.64854997,0.64920002,0.64810002,0.64819998
2024-11-28 19:00:00,0.64819998,0.64990002,0.64775002,0.64985001
2024-11-28 20:00:00,0.64985001,0.65009999,0.64920002,0.64974999
2024-11-28 21:00:00,0.64969999,0.64999998,0.64929998,0.64990002
2024-11-28 22:00:00,0.64995003,0.65055001,0.64940000,0.64980000
2024-11-28 23:00:00,0.64990002,0.64999998,0.64940000,0.64940000
2024-11-29 00:00:00,0.64955002,0.65020001,0.64920002,0.64999998
2024-11-29 01:00:00,0.65020001,0.65025002,0.64964998,0.65015000
2024-11-29 02:00:00,0.65004998,0.65044999,0.64910001,0.65009999
2024-11-29 03:00:00,0.64995003,0.65044999,0.64974999,0.65039998
2024-11-29 04:00:00,0.65039998,0.65044999,0.64999998,0.65020001
2024-11-29 05:00:00,0.65025002,0.65034997,0.64999998,0.65025002
2024-11-29 06:00:00,0.65025002,0.65030003,0.65004998,0.65025002
2024-11-29 07:00:00,0.65025002,0.65034997,0.64999998,0.65009999
2024-11-29 08:00:00,0.65009999,0.65020001,0.64985001,0.64990002
2024-11-29 09:00:00,0.64990002,0.65030003,0.64924997,0.65015000
2024-11-29 10:00:00,0.65020001,0.65079999,0.64990002,0.65079999
2024-11-29 11:00:00,0.65069997,0.65109998,0.65020001,0.65065002
2024-11-29 12:00:00,0.65050000,0.65149999,0.65030003,0.65079999
2024-11-29 13:00:00,0.65069997,0.65100002,0.65020001,0.65085000
2024-11-29 14:00:00,0.65100002,0.65210003,0.65060002,0.65210003
2024-11-29 15:00:00,0.65210003,0.65240002,0.65160000,0.65165001
2024-11-29 16:00:00,0.65165001,0.65200001,0.65120000,0.65140003
2024-11-29 17:00:00,0.65149999,0.65219998,0.65109998,0.65219998
2024-11-29 18:00:00,0.65214998,0.65289998,0.65140003,0.65165001
2024-11-29 19:00:00,0.65160000,0.65179998,0.65085000,0.65104997
2024-11-29 20:00:00,0.65095001,0.65175003,0.65020001,0.65079999
2024-11-29 21:00:00,0.65085000,0.65100002,0.65020001,0.65020001
2024-11-29 22:00:00,0.65020001,0.65114999,0.64999998,0.65079999
2024-11-29 23:00:00,0.65069997,0.65090001,0.64969999,0.65030003
2024-11-30 00:00:00,0.65025002,0.65055001,0.64985001,0.65039998
2024-11-30 01:00:00,0.65044999,0.65154999,0.64960003,0.65154999
2024-11-30 02:00:00,0.65140003,0.65179998,0.65050000,0.65130001
2024-11-30 03:00:00,0.65140003,0.65170002,0.65069997,0.65114999
2024-11-30 04:00:00,0.65114999,0.65224999,0.65085000,0.65224999
2024-11-30 05:00:00,0.65224999,0.65265000,0.65200001,0.65214998
2024-11-30 06:00:00,0.65214998,0.65265000,0.65205002,0.65259999
2024-11-30 07:00:00,0.65265000,0.65265000,0.65230000,0.65245003
2024-11-30 08:00:00,0.65245003,0.65245003,0.65120000,0.65120000
2024-12-02 09:00:00,0.65120000,0.65154999,0.65104997,0.65104997
2024-12-02 10:00:00,0.65100002,0.65120000,0.64980000,0.65030003
2024-12-02 11:00:00,0.65020001,0.65034997,0.64929998,0.64950001
2024-12-02 12:00:00,0.64955002,0.65069997,0.64920002,0.65030003
2024-12-02 13:00:00,0.65020001,0.65030003,0.64910001,0.64974999
2024-12-02 14:00:00,0.64980000,0.65020001,0.64950001,0.64980000
2024-12-02 15:00:00,0.64980000,0.65009999,0.64920002,0.64950001
2024-12-02 16:00:00,0.64955002,0.65034997,0.64910001,0.64985001
2024-12-02 17:00:00,0.64980000,0.65109998,0.64969999,0.65090001
2024-12-02 18:00:00,0.65085000,0.65109998,0.64964998,0.64964998
2024-12-02 19:00:00,0.64964998,0.64999998,0.64889997,0.64969999
2024-12-02 20:00:00,0.64969999,0.65034997,0.64920002,0.64945000
2024-12-02 21:00:00,0.64945000,0.64999998,0.64889997,0.64934999
2024-12-02 22:00:00,0.64929998,0.64969999,0.64905000,0.64920002
2024-12-02 23:00:00,0.64920002,0.64955002,0.64730000,0.64784998
2024-12-03 00:00:00,0.64789999,0.64819998,0.64670002,0.64700001
2024-12-03 01:00:00,0.64700001,0.64735001,0.64504999,0.64520001
2024-12-03 02:00:00,0.64510000,0.64569998,0.64450002,0.64480001
2024-12-03 03:00:00,0.64480001,0.64620000,0.64429998,0.64565003
2024-12-03 04:00:00,0.64569998,0.64639997,0.64550000,0.64614999
2024-12-03 05:00:00,0.64614999,0.64679998,0.64590001,0.64670002
2024-12-03 06:00:00,0.64670002,0.64719999,0.64660001,0.64714998
2024-12-03 07:00:00,0.64714998,0.64840001,0.64700001,0.64749998
2024-12-03 08:00:00,0.64754999,0.64784998,0.64730000,0.64765000
2024-12-03 09:00:00,0.64740002,0.64794999,0.64700001,0.64740002
2024-12-03 10:00:00,0.64749998,0.64780003,0.64730000,0.64740002
2024-12-03 11:00:00,0.64744997,0.64780003,0.64660001,0.64740002
2024-12-03 12:00:00,0.64749998,0.64819998,0.64630002,0.64670002
2024-12-03 13:00:00,0.64660001,0.64679998,0.64550000,0.64609998
2024-12-03 14:00:00,0.64609998,0.64730000,0.64609998,0.64684999
2024-12-03 15:00:00,0.64690000,0.64709997,0.64660001,0.64700001
2024-12-03 16:00:00,0.64700001,0.64735001,0.64670002,0.64695001
2024-12-03 17:00:00,0.64700001,0.64770001,0.64660001,0.64700001
2024-12-03 18:00:00,0.64700001,0.64864999,0.64679998,0.64845002
2024-12-03 19:00:00,0.64829999,0.65039998,0.64829999,0.65030003
2024-12-03 20:00:00,0.65030003,0.65044999,0.64920002,0.64960003
2024-12-03 21:00:00,0.64969999,0.64980000,0.64870000,0.64875001
2024-12-03 22:00:00,0.64875001,0.64920002,0.64859998,0.64899999
2024-12-03 23:00:00,0.64905000,0.64910001,0.64780003,0.64805001
2024-12-04 00:00:00,0.64800000,0.64910001,0.64784998,0.64864999
2024-12-04 01:00:00,0.64880002,0.64920002,0.64810002,0.64829999
2024-12-04 02:00:00,0.64829999,0.64829999,0.64620000,0.64770001
2024-12-04 03:00:00,0.64775002,0.64819998,0.64705002,0.64815003
2024-12-04 04:00:00,0.64810002,0.64920002,0.64800000,0.64910001
2024-12-04 05:00:00,0.64905000,0.64940000,0.64899999,0.64920002
2024-12-04 06:00:00,0.64924997,0.64924997,0.64800000,0.64805001
2024-12-04 07:00:00,0.64800000,0.64850003,0.64784998,0.64819998
2024-12-04 08:00:00,0.64835000,0.64870000,0.64819998,0.64864999
2024-12-04 09:00:00,0.64854997,0.64880002,0.64800000,0.64870000
2024-12-04 10:00:00,0.64870000,0.64870000,0.64819998,0.64850003
2024-12-04 11:00:00,0.64850003,0.64889997,0.64630002,0.64649999
2024-12-04 12:00:00,0.64639997,0.64719999,0.64529997,0.64539999
2024-12-04 13:00:00,0.64539999,0.64579999,0.64279997,0.64289999
2024-12-04 14:00:00,0.64289999,0.64300001,0.64090002,0.64139998
2024-12-04 15:00:00,0.64150000,0.64380002,0.64104998,0.64370000
2024-12-04 16:00:00,0.64370000,0.64469999,0.64330000,0.64429998
2024-12-04 17:00:00,0.64424998,0.64520001,0.64359999,0.64429998
2024-12-04 18:00:00,0.64429998,0.64434999,0.64349997,0.64410001
2024-12-04 19:00:00,0.64389998,0.64410001,0.64230001,0.64254999
2024-12-04 20:00:00,0.64230001,0.64260000,0.64165002,0.64200002
2024-12-04 21:00:00,0.64195001,0.64209998,0.64085001,0.64115000
2024-12-04 22:00:00,0.64120001,0.64200002,0.64090002,0.64144999
2024-12-04 23:00:00,0.64130002,0.64134997,0.64010000,0.64029998
2024-12-05 00:00:00,0.64025003,0.64125001,0.63994998,0.64074999
2024-12-05 01:00:00,0.64074999,0.64170003,0.64039999,0.64120001
2024-12-05 02:00:00,0.64209998,0.64380002,0.64115000,0.64335001
2024-12-05 03:00:00,0.64340001,0.64399999,0.64295000,0.64349997
2024-12-05 04:00:00,0.64349997,0.64410001,0.64319998,0.64394999
2024-12-05 05:00:00,0.64394999,0.64420003,0.64349997,0.64349997
2024-12-05 06:00:00,0.64310002,0.64429998,0.64284998,0.64354998
2024-12-05 07:00:00,0.64370000,0.64420003,0.64310002,0.64389998
2024-12-05 08:00:00,0.64394999,0.64410001,0.64295000,0.64305001
2024-12-05 09:00:00,0.64305001,0.64310002,0.64275002,0.64300001
2024-12-05 10:00:00,0.64289999,0.64349997,0.64260000,0.64319998
2024-12-05 11:00:00,0.64314997,0.64324999,0.64209998,0.64230001
2024-12-05 12:00:00,0.64230001,0.64349997,0.64230001,0.64279997
2024-12-05 13:00:00,0.64289999,0.64380002,0.64270002,0.64305001
2024-12-05 14:00:00,0.64314997,0.64354998,0.64310002,0.64354998
2024-12-05 15:00:00,0.64349997,0.64354998,0.64310002,0.64319998
2024-12-05 16:00:00,0.64324999,0.64389998,0.64319998,0.64370000
2024-12-05 17:00:00,0.64365000,0.64399999,0.64340001,0.64389998
2024-12-05 18:00:00,0.64389998,0.64490002,0.64385003,0.64469999
2024-12-05 19:00:00,0.64480001,0.64525002,0.64429998,0.64434999
2024-12-05 20:00:00,0.64445001,0.64464998,0.64370000,0.64385003
2024-12-05 21:00:00,0.64385003,0.64424998,0.64365000,0.64380002
2024-12-05 22:00:00,0.64380002,0.64429998,0.64340001,0.64399999
2024-12-05 23:00:00,0.64385003,0.64399999,0.64279997,0.64335001
2024-12-06 00:00:00,0.64345002,0.64469999,0.64319998,0.64429998
2024-12-06 01:00:00,0.64420003,0.64529997,0.64375001,0.64459997
2024-12-06 02:00:00,0.64455003,0.64459997,0.64230001,0.64345002
2024-12-06 03:00:00,0.64354998,0.64420003,0.64330000,0.64375001
2024-12-06 04:00:00,0.64375001,0.64410001,0.64319998,0.64385003
2024-12-06 05:00:00,0.64380002,0.64420003,0.64260000,0.64415002
2024-12-06 06:00:00,0.64415002,0.64550000,0.64415002,0.64520001
2024-12-06 07:00:00,0.64525002,0.64539999,0.64494997,0.64499998
2024-12-06 08:00:00,0.64504999,0.64545000,0.64490002,0.64525002
2024-12-06 09:00:00,0.64525002,0.64555001,0.64510000,0.64534998
2024-12-06 10:00:00,0.64529997,0.64555001,0.64485002,0.64499998
2024-12-06 11:00:00,0.64510000,0.64520001,0.64394999,0.64399999
2024-12-06 12:00:00,0.64410001,0.64450002,0.64195001,0.64240003
2024-12-06 13:00:00,0.64235002,0.64354998,0.64219999,0.64310002
2024-12-06 14:00:00,0.64310002,0.64420003,0.64310002,0.64359999
2024-12-06 15:00:00,0.64354998,0.64370000,0.64270002,0.64300001
2024-12-06 16:00:00,0.64300001,0.64340001,0.64249998,0.64335001
2024-12-06 17:00:00,0.64324999,0.64324999,0.64260000,0.64275002
2024-12-06 18:00:00,0.64279997,0.64310002,0.64219999,0.64305001
2024-12-06 19:00:00,0.64310002,0.64319998,0.64219999,0.64260000
2024-12-06 20:00:00,0.64249998,0.64300001,0.64230001,0.64265001
2024-12-06 21:00:00,0.64265001,0.64265001,0.64174998,0.64205003
2024-12-06 22:00:00,0.64219999,0.64244998,0.64139998,0.64165002
2024-12-06 23:00:00,0.64165002,0.64230001,0.64139998,0.64144999
2024-12-07 00:00:00,0.64144999,0.64450002,0.64090002,0.64349997
2024-12-07 01:00:00,0.64345002,0.64359999,0.64109999,0.64125001
2024-12-07 02:00:00,0.64130002,0.64139998,0.63830000,0.63910002
2024-12-07 03:00:00,0.63900000,0.63924998,0.63810003,0.63814998
2024-12-07 04:00:00,0.63814998,0.63819999,0.63720000,0.63800001
2024-12-07 05:00:00,0.63789999,0.63880002,0.63779998,0.63795000
2024-12-07 06:00:00,0.63795000,0.63859999,0.63739997,0.63845003
2024-12-07 07:00:00,0.63849998,0.63910002,0.63840002,0.63910002
2024-12-07 08:00:00,0.63900000,0.63924998,0.63884997,0.63894999
2024-12-09 09:00:00,0.63919997,0.63980001,0.63905001,0.63959998
2024-12-09 10:00:00,0.63970000,0.64020002,0.63940001,0.64010000
2024-12-09 11:00:00,0.63990003,0.63990003,0.63889998,0.63940001
2024-12-09 12:00:00,0.63959998,0.64010000,0.63919997,0.63970000
2024-12-09 13:00:00,0.63964999,0.64034998,0.63919997,0.63980001
2024-12-09 14:00:00,0.63975000,0.63990003,0.63840002,0.63845003
2024-12-09 15:00:00,0.63840002,0.63889998,0.63800001,0.63814998
2024-12-09 16:00:00,0.63814998,0.63854998,0.63805002,0.63845003
2024-12-09 17:00:00,0.63854998,0.63900000,0.63830000,0.63884997
2024-12-09 18:00:00,0.63880002,0.64240003,0.63830000,0.64235002
2024-12-09 19:00:00,0.64235002,0.64370000,0.64200002,0.64359999
2024-12-09 20:00:00,0.64370000,0.64464998,0.64349997,0.64410001
2024-12-09 21:00:00,0.64410001,0.64499998,0.64394999,0.64459997
2024-12-09 22:00:00,0.64455003,0.64510000,0.64410001,0.64410001
2024-12-09 23:00:00,0.64415002,0.64499998,0.64394999,0.64464998
2024-12-10 00:00:00,0.64464998,0.64670002,0.64459997,0.64644998
2024-12-10 01:00:00,0.64644998,0.64665002,0.64539999,0.64600003
2024-12-10 02:00:00,0.64600003,0.64719999,0.64585000,0.64670002
2024-12-10 03:00:00,0.64670002,0.64719999,0.64579999,0.64609998
2024-12-10 04:00:00,0.64595002,0.64655000,0.64539999,0.64545000
2024-12-10 05:00:00,0.64545000,0.64560002,0.64494997,0.64520001
2024-12-10 06:00:00,0.64510000,0.64515001,0.64405000,0.64440000
2024-12-10 07:00:00,0.64445001,0.64455003,0.64340001,0.64375001
2024-12-10 08:00:00,0.64375001,0.64420003,0.64359999,0.64394999
2024-12-10 09:00:00,0.64399999,0.64429998,0.64345002,0.64405000
2024-12-10 10:00:00,0.64420003,0.64420003,0.64359999,0.64385003
2024-12-10 11:00:00,0.64375001,0.64389998,0.64270002,0.64300001
2024-12-10 12:00:00,0.64300001,0.64310002,0.64170003,0.64240003
2024-12-10 13:00:00,0.64240003,0.64324999,0.64160001,0.64179999
2024-12-10 14:00:00,0.64179999,0.64190000,0.63805002,0.63929999
2024-12-10 15:00:00,0.63935000,0.64050001,0.63830000,0.63845003
2024-12-10 16:00:00,0.63830000,0.64010000,0.63830000,0.63964999
2024-12-10 17:00:00,0.63964999,0.64034998,0.63919997,0.64004999
2024-12-10 18:00:00,0.63999999,0.64025003,0.63810003,0.63824999
2024-12-10 19:00:00,0.63819999,0.63959998,0.63810003,0.63929999
2024-12-10 20:00:00,0.63919997,0.63990003,0.63910002,0.63929999
2024-12-10 21:00:00,0.63940001,0.64034998,0.63929999,0.63985002
2024-12-10 22:00:00,0.63970000,0.64010000,0.63919997,0.63985002
2024-12-10 23:00:00,0.63985002,0.64010000,0.63875002,0.63994998
2024-12-11 00:00:00,0.63990003,0.64010000,0.63910002,0.63935000
2024-12-11 01:00:00,0.63940001,0.63999999,0.63819999,0.63830000
2024-12-11 02:00:00,0.63845003,0.63854998,0.63674998,0.63695002
2024-12-11 03:00:00,0.63700002,0.63770002,0.63650000,0.63749999
2024-12-11 04:00:00,0.63760000,0.63789999,0.63709998,0.63735002
2024-12-11 05:00:00,0.63735002,0.63824999,0.63725001,0.63814998
2024-12-11 06:00:00,0.63805002,0.63845003,0.63789999,0.63814998
2024-12-11 07:00:00,0.63814998,0.63840002,0.63789999,0.63795000
2024-12-11 08:00:00,0.63795000,0.63814998,0.63770002,0.63775003
2024-12-11 09:00:00,0.63779998,0.63819999,0.63770002,0.63795000
2024-12-11 10:00:00,0.63789999,0.63819999,0.63749999,0.63755000
2024-12-11 11:00:00,0.63749999,0.63819999,0.63690001,0.63744998
2024-12-11 12:00:00,0.63749999,0.63819999,0.63739997,0.63810003
2024-12-11 13:00:00,0.63810003,0.63859999,0.63779998,0.63810003
2024-12-11 14:00:00,0.63819999,0.63900000,0.63810003,0.63830000
2024-12-11 15:00:00,0.63830000,0.63840002,0.63709998,0.63735002
2024-12-11 16:00:00,0.63739997,0.63755000,0.63679999,0.63714999
2024-12-11 17:00:00,0.63714999,0.63749999,0.63690001,0.63725001
2024-12-11 18:00:00,0.63730001,0.63739997,0.63410002,0.63499999
2024-12-11 19:00:00,0.63505000,0.63644999,0.63470000,0.63585001
2024-12-11 20:00:00,0.63580000,0.63599998,0.63400000,0.63480002
2024-12-11 21:00:00,0.63470000,0.63499999,0.63370001,0.63464999
2024-12-11 22:00:00,0.63464999,0.63524997,0.63419998,0.63520002
2024-12-11 23:00:00,0.63520002,0.63639998,0.63510001,0.63559997
2024-12-12 00:00:00,0.63580000,0.63770002,0.63564998,0.63685000
2024-12-12 01:00:00,0.63700002,0.63735002,0.63575000,0.63634998
2024-12-12 02:00:00,0.63639998,0.63720000,0.63555002,0.63655001
2024-12-12 03:00:00,0.63650000,0.63784999,0.63620001,0.63765001
2024-12-12 04:00:00,0.63765001,0.63779998,0.63630003,0.63650000
2024-12-12 05:00:00,0.63650000,0.63770002,0.63630003,0.63630003
2024-12-12 06:00:00,0.63630003,0.63744998,0.63630003,0.63704997
2024-12-12 07:00:00,0.63704997,0.63735002,0.63690001,0.63714999
2024-12-12 08:00:00,0.63714999,0.63735002,0.63679999,0.63690001
2024-12-12 09:00:00,0.63709998,0.63730001,0.63669997,0.63730001
2024-12-12 10:00:00,0.63730001,0.63840002,0.63709998,0.63819999
2024-12-12 11:00:00,0.63830000,0.64139998,0.63770002,0.64039999
2024-12-12 12:00:00,0.64029998,0.64125001,0.64010000,0.64099997
2024-12-12 13:00:00,0.64109999,0.64125001,0.64029998,0.64050001
2024-12-12 14:00:00,0.64064997,0.64179999,0.64060003,0.64179999
2024-12-12 15:00:00,0.64165002,0.64190000,0.64109999,0.64160001
2024-12-12 16:00:00,0.64170003,0.64209998,0.64120001,0.64170003
2024-12-12 17:00:00,0.64174998,0.64214998,0.64165002,0.64205003
2024-12-12 18:00:00,0.64214998,0.64300001,0.64139998,0.64160001
2024-12-12 19:00:00,0.64139998,0.64190000,0.64010000,0.64050001
2024-12-12 20:00:00,0.64045000,0.64179999,0.64020002,0.64144999
2024-12-12 21:00:00,0.64144999,0.64200002,0.64039999,0.64045000
2024-12-12 22:00:00,0.64039999,0.64179999,0.63964999,0.64029998
2024-12-12 23:00:00,0.64029998,0.64045000,0.63929999,0.63945001
2024-12-13 00:00:00,0.63945001,0.64045000,0.63884997,0.63985002
2024-12-13 01:00:00,0.63980001,0.64029998,0.63810003,0.63975000
2024-12-13 02:00:00,0.63990003,0.63999999,0.63685000,0.63800001
2024-12-13 03:00:00,0.63805002,0.63884997,0.63795000,0.63865000
2024-12-13 04:00:00,0.63865000,0.63924998,0.63760000,0.63810003
2024-12-13 05:00:00,0.63805002,0.63810003,0.63704997,0.63714999
2024-12-13 06:00:00,0.63709998,0.63744998,0.63630003,0.63634998
2024-12-13 07:00:00,0.63639998,0.63690001,0.63609999,0.63634998
2024-12-13 08:00:00,0.63634998,0.63700002,0.63620001,0.63674998
2024-12-13 09:00:00,0.63709998,0.63749999,0.63630003,0.63665003
2024-12-13 10:00:00,0.63669997,0.63725001,0.63630003,0.63709998
2024-12-13 11:00:00,0.63709998,0.63720000,0.63650000,0.63685000
2024-12-13 12:00:00,0.63674998,0.63709998,0.63595003,0.63620001
2024-12-13 13:00:00,0.63625002,0.63630003,0.63540000,0.63590002
2024-12-13 14:00:00,0.63590002,0.63655001,0.63585001,0.63620001
2024-12-13 15:00:00,0.63620001,0.63679999,0.63609999,0.63669997
2024-12-13 16:00:00,0.63674998,0.63690001,0.63595003,0.63630003
2024-12-13 17:00:00,0.63630003,0.63669997,0.63540000,0.63660002
2024-12-13 18:00:00,0.63660002,0.63709998,0.63599998,0.63690001
2024-12-13 19:00:00,0.63690001,0.63714999,0.63580000,0.63655001
2024-12-13 20:00:00,0.63660002,0.63725001,0.63609999,0.63665003
2024-12-13 21:00:00,0.63665003,0.63760000,0.63650000,0.63704997
2024-12-13 22:00:00,0.63714999,0.63744998,0.63700002,0.63714999
2024-12-13 23:00:00,0.63709998,0.63824999,0.63690001,0.63805002
2024-12-14 00:00:00,0.63824999,0.63830000,0.63770002,0.63800001
2024-12-14 01:00:00,0.63805002,0.63805002,0.63639998,0.63655001
2024-12-14 02:00:00,0.63655001,0.63655001,0.63520002,0.63595003
2024-12-14 03:00:00,0.63590002,0.63615000,0.63529998,0.63569999
2024-12-14 04:00:00,0.63580000,0.63599998,0.63529998,0.63569999
2024-12-14 05:00:00,0.63575000,0.63609999,0.63555002,0.63590002
2024-12-14 06:00:00,0.63580000,0.63609999,0.63550001,0.63564998
2024-12-14 07:00:00,0.63580000,0.63590002,0.63529998,0.63564998
2024-12-14 08:00:00,0.63575000,0.63634998,0.63559997,0.63615000
2024-12-16 09:00:00,0.63534999,0.63609999,0.63524997,0.63599998
2024-12-16 10:00:00,0.63590002,0.63690001,0.63569999,0.63679999
2024-12-16 11:00:00,0.63669997,0.63720000,0.63639998,0.63650000
2024-12-16 12:00:00,0.63650000,0.63730001,0.63644999,0.63714999
2024-12-16 13:00:00,0.63709998,0.63739997,0.63620001,0.63650000
2024-12-16 14:00:00,0.63650000,0.63739997,0.63630003,0.63739997
2024-12-16 15:00:00,0.63739997,0.63830000,0.63730001,0.63760000
2024-12-16 16:00:00,0.63760000,0.63789999,0.63720000,0.63739997
2024-12-16 17:00:00,0.63739997,0.63779998,0.63665003,0.63695002
2024-12-16 18:00:00,0.63690001,0.63744998,0.63665003,0.63700002
2024-12-16 19:00:00,0.63700002,0.63760000,0.63660002,0.63679999
2024-12-16 20:00:00,0.63690001,0.63744998,0.63639998,0.63650000
2024-12-16 21:00:00,0.63655001,0.63669997,0.63520002,0.63534999
2024-12-16 22:00:00,0.63520002,0.63559997,0.63499999,0.63534999
2024-12-16 23:00:00,0.63540000,0.63599998,0.63510001,0.63569999
2024-12-17 00:00:00,0.63590002,0.63620001,0.63559997,0.63604999
2024-12-17 01:00:00,0.63604999,0.63625002,0.63450003,0.63520002
2024-12-17 02:00:00,0.63529998,0.63709998,0.63485003,0.63704997
2024-12-17 03:00:00,0.63704997,0.63739997,0.63639998,0.63714999
2024-12-17 04:00:00,0.63704997,0.63779998,0.63685000,0.63730001
2024-12-17 05:00:00,0.63725001,0.63755000,0.63674998,0.63744998
2024-12-17 06:00:00,0.63744998,0.63755000,0.63639998,0.63685000
2024-12-17 07:00:00,0.63685000,0.63700002,0.63669997,0.63685000
2024-12-17 08:00:00,0.63685000,0.63714999,0.63669997,0.63704997
2024-12-17 09:00:00,0.63685000,0.63735002,0.63655001,0.63709998
2024-12-17 10:00:00,0.63700002,0.63779998,0.63700002,0.63779998
2024-12-17 11:00:00,0.63770002,0.63789999,0.63700002,0.63709998
2024-12-17 12:00:00,0.63709998,0.63749999,0.63669997,0.63720000
2024-12-17 13:00:00,0.63735002,0.63749999,0.63650000,0.63669997
2024-12-17 14:00:00,0.63665003,0.63690001,0.63599998,0.63620001
2024-12-17 15:00:00,0.63620001,0.63655001,0.63559997,0.63564998
2024-12-17 16:00:00,0.63559997,0.63569999,0.63505000,0.63510001
2024-12-17 17:00:00,0.63505000,0.63545001,0.63440001,0.63485003
2024-12-17 18:00:00,0.63480002,0.63580000,0.63480002,0.63505000
2024-12-17 19:00:00,0.63505000,0.63515002,0.63419998,0.63440001
2024-12-17 20:00:00,0.63435000,0.63480002,0.63400000,0.63419998
2024-12-17 21:00:00,0.63424999,0.63435000,0.63370001,0.63405001
2024-12-17 22:00:00,0.63415003,0.63454998,0.63375002,0.63435000
2024-12-17 23:00:00,0.63435000,0.63480002,0.63410002,0.63459998
2024-12-18 00:00:00,0.63459998,0.63524997,0.63410002,0.63520002
2024-12-18 01:00:00,0.63515002,0.63559997,0.63395000,0.63435000
2024-12-18 02:00:00,0.63435000,0.63454998,0.63365000,0.63419998
2024-12-18 03:00:00,0.63415003,0.63424999,0.63319999,0.63389999
2024-12-18 04:00:00,0.63375002,0.63435000,0.63354999,0.63419998
2024-12-18 05:00:00,0.63410002,0.63429999,0.63375002,0.63395000
2024-12-18 06:00:00,0.63400000,0.63415003,0.63354999,0.63354999
2024-12-18 07:00:00,0.63354999,0.63370001,0.63309997,0.63344997
2024-12-18 08:00:00,0.63344997,0.63389999,0.63330001,0.63380003
2024-12-18 09:00:00,0.63384998,0.63410002,0.63340002,0.63384998
2024-12-18 10:00:00,0.63380003,0.63400000,0.63349998,0.63400000
2024-12-18 11:00:00,0.63389999,0.63389999,0.63309997,0.63330001
2024-12-18 12:00:00,0.63325000,0.63349998,0.63249999,0.63290000
2024-12-18 13:00:00,0.63295001,0.63309997,0.63180000,0.63260001
2024-12-18 14:00:00,0.63270003,0.63270003,0.63169998,0.63180000
2024-12-18 15:00:00,0.63174999,0.63190001,0.63129997,0.63129997
2024-12-18 16:00:00,0.63129997,0.63160002,0.63099998,0.63129997
2024-12-18 17:00:00,0.63134998,0.63235003,0.63110000,0.63214999
2024-12-18 18:00:00,0.63214999,0.63235003,0.63129997,0.63160002
2024-12-18 19:00:00,0.63139999,0.63160002,0.63099998,0.63125002
2024-12-18 20:00:00,0.63129997,0.63169998,0.63050002,0.63080001
2024-12-18 21:00:00,0.63069999,0.63145000,0.63064998,0.63145000
2024-12-18 22:00:00,0.63145000,0.63169998,0.63110000,0.63145000
2024-12-18 23:00:00,0.63145000,0.63214999,0.63139999,0.63204998
2024-12-19 00:00:00,0.63204998,0.63265002,0.63190001,0.63230002
2024-12-19 01:00:00,0.63230002,0.63279998,0.63195002,0.63255000
2024-12-19 02:00:00,0.63255000,0.63255000,0.63050002,0.63055003
2024-12-19 03:00:00,0.63059998,0.63069999,0.63000000,0.63000000
2024-12-19 04:00:00,0.63015002,0.63064998,0.62994999,0.63024998
2024-12-19 05:00:00,0.63029999,0.63080001,0.63010001,0.63055003
2024-12-19 06:00:00,0.63059998,0.63059998,0.62400001,0.62400001
2024-12-19 07:00:00,0.62410003,0.62440002,0.62220001,0.62255001
2024-12-19 08:00:00,0.62269998,0.62300003,0.62145001,0.62185001
2024-12-19 09:00:00,0.62175000,0.62225002,0.62145001,0.62145001
2024-12-19 10:00:00,0.62159997,0.62210000,0.62000000,0.62059999
2024-12-19 11:00:00,0.62050003,0.62215000,0.61995000,0.62190002
2024-12-19 12:00:00,0.62199998,0.62279999,0.62194997,0.62250000
2024-12-19 13:00:00,0.62250000,0.62325001,0.62210000,0.62314999
2024-12-19 14:00:00,0.62314999,0.62349999,0.62239999,0.62300003
2024-12-19 15:00:00,0.62290001,0.62300003,0.62210000,0.62255001
2024-12-19 16:00:00,0.62255001,0.62260002,0.62145001,0.62169999
2024-12-19 17:00:00,0.62169999,0.62335002,0.62155002,0.62314999
2024-12-19 18:00:00,0.62304997,0.62400001,0.62304997,0.62379998
2024-12-19 19:00:00,0.62370002,0.62480003,0.62320000,0.62414998
2024-12-19 20:00:00,0.62424999,0.62440002,0.62365001,0.62435001
2024-12-19 21:00:00,0.62435001,0.625,0.62395000,0.62459999
2024-12-19 22:00:00,0.62470001,0.62515002,0.62454998,0.62494999
2024-12-19 23:00:00,0.62494999,0.62524998,0.62465000,0.62510002
2024-12-20 00:00:00,0.62489998,0.62589997,0.62459999,0.62524998
2024-12-20 01:00:00,0.62524998,0.62655002,0.62519997,0.62615001
2024-12-20 02:00:00,0.62615001,0.62650001,0.62519997,0.62519997
2024-12-20 03:00:00,0.62535000,0.62625003,0.625,0.62510002
2024-12-20 04:00:00,0.625,0.62580001,0.62470001,0.62470001
2024-12-20 05:00:00,0.62470001,0.62535000,0.62400001,0.62524998
2024-12-20 06:00:00,0.62510002,0.62550002,0.62419999,0.62424999
2024-12-20 07:00:00,0.62424999,0.62459999,0.62400001,0.62410003
2024-12-20 08:00:00,0.62414998,0.62419999,0.62370002,0.62395000
2024-12-20 09:00:00,0.62400001,0.62410003,0.62344998,0.62349999
2024-12-20 10:00:00,0.62360001,0.62370002,0.62295002,0.62309998
2024-12-20 11:00:00,0.62309998,0.62360001,0.62250000,0.62260002
2024-12-20 12:00:00,0.62260002,0.62335002,0.62199998,0.62300003
2024-12-20 13:00:00,0.62300003,0.62309998,0.62220001,0.62269998
2024-12-20 14:00:00,0.62279999,0.62300003,0.62150002,0.62215000
2024-12-20 15:00:00,0.62220001,0.62269998,0.62199998,0.62255001
2024-12-20 16:00:00,0.62250000,0.62274998,0.62210000,0.62250000
2024-12-20 17:00:00,0.62244999,0.62449998,0.62220001,0.62435001
2024-12-20 18:00:00,0.62435001,0.62470001,0.62330002,0.62459999
2024-12-20 19:00:00,0.62465000,0.625,0.62365001,0.62379998
2024-12-20 20:00:00,0.62384999,0.62400001,0.62295002,0.62320000
2024-12-20 21:00:00,0.62335002,0.62370002,0.62274998,0.62304997
2024-12-20 22:00:00,0.62300003,0.62300003,0.62250000,0.62265003
2024-12-20 23:00:00,0.62265003,0.62390000,0.62265003,0.62339997
2024-12-21 00:00:00,0.62339997,0.62480003,0.62300003,0.62360001
2024-12-21 01:00:00,0.62360001,0.62414998,0.62300003,0.62379998
2024-12-21 02:00:00,0.62390000,0.62570000,0.62370002,0.62465000
2024-12-21 03:00:00,0.62465000,0.62680000,0.62440002,0.62650001
2024-12-21 04:00:00,0.62650001,0.62744999,0.62639999,0.62650001
2024-12-21 05:00:00,0.62639999,0.62669998,0.62594998,0.62620002
2024-12-21 06:00:00,0.62620002,0.62704998,0.62610000,0.62669998
2024-12-21 07:00:00,0.62669998,0.62690002,0.62529999,0.62529999
2024-12-21 08:00:00,0.62540001,0.62580001,0.62494999,0.62505001
2024-12-23 09:00:00,0.62564999,0.62589997,0.62484998,0.62510002
2024-12-23 10:00:00,0.625,0.62589997,0.625,0.62535000
2024-12-23 11:00:00,0.62540001,0.62570000,0.62480003,0.62484998
2024-12-23 12:00:00,0.62489998,0.62589997,0.62440002,0.62545002
2024-12-23 13:00:00,0.62540001,0.62599999,0.62529999,0.62580001
2024-12-23 14:00:00,0.62585002,0.62599999,0.625,0.62510002
2024-12-23 15:00:00,0.62505001,0.62599999,0.62475002,0.62589997
2024-12-23 16:00:00,0.62599999,0.62615001,0.62564999,0.62610000
2024-12-23 17:00:00,0.62605000,0.62639999,0.62559998,0.62580001
2024-12-23 18:00:00,0.62585002,0.62585002,0.62465000,0.62489998
2024-12-23 19:00:00,0.62489998,0.62580001,0.62480003,0.62575001
2024-12-23 20:00:00,0.62570000,0.62655002,0.62564999,0.62599999
2024-12-23 21:00:00,0.62585002,0.62599999,0.62489998,0.625
2024-12-23 22:00:00,0.62489998,0.62545002,0.62410003,0.62454998
2024-12-23 23:00:00,0.62445003,0.62459999,0.62355000,0.62400001
2024-12-24 00:00:00,0.62410003,0.62410003,0.62290001,0.62304997
2024-12-24 01:00:00,0.62295002,0.62335002,0.62269998,0.62300003
2024-12-24 02:00:00,0.62300003,0.62330002,0.62190002,0.62309998
2024-12-24 03:00:00,0.62309998,0.62435001,0.62255001,0.62430000
2024-12-24 04:00:00,0.62424999,0.62489998,0.62424999,0.62445003
2024-12-24 05:00:00,0.62449998,0.62515002,0.62440002,0.62484998
2024-12-24 06:00:00,0.62480003,0.625,0.62430000,0.62484998
2024-12-24 07:00:00,0.625,0.62524998,0.62440002,0.62494999
2024-12-24 08:00:00,0.62494999,0.62515002,0.62475002,0.62484998
2024-12-24 09:00:00,0.62489998,0.62535000,0.62449998,0.62449998
2024-12-24 10:00:00,0.62449998,0.62489998,0.62430000,0.62440002
2024-12-24 11:00:00,0.62435001,0.62459999,0.62384999,0.62400001
2024-12-24 12:00:00,0.62405002,0.62410003,0.62320000,0.62374997
2024-12-24 13:00:00,0.62370002,0.62449998,0.62300003,0.62300003
2024-12-24 14:00:00,0.62314999,0.62379998,0.62239999,0.62374997
2024-12-24 15:00:00,0.62390000,0.62405002,0.62330002,0.62395000
2024-12-24 16:00:00,0.62400001,0.62430000,0.62360001,0.62414998
2024-12-24 17:00:00,0.62414998,0.62480003,0.62374997,0.62470001
2024-12-24 18:00:00,0.62465000,0.62489998,0.62400001,0.62410003
2024-12-24 19:00:00,0.62400001,0.62454998,0.62374997,0.62424999
2024-12-24 20:00:00,0.62414998,0.62424999,0.62355000,0.62365001
2024-12-24 21:00:00,0.62360001,0.62390000,0.62320000,0.62339997
2024-12-24 22:00:00,0.62339997,0.62370002,0.62309998,0.62314999
2024-12-24 23:00:00,0.62325001,0.62335002,0.62269998,0.62285000
2024-12-26 04:00:00,0.62400001,0.62400001,0.62400001,0.62400001
2024-12-26 05:00:00,0.62424999,0.62459999,0.62410003,0.62410003
2024-12-26 06:00:00,0.62410003,0.62410003,0.62410003,0.62410003
2024-12-26 07:00:00,0.62424999,0.62449998,0.62374997,0.62449998
2024-12-26 08:00:00,0.62475002,0.62475002,0.62365001,0.62400001
2024-12-26 09:00:00,0.62400001,0.62480003,0.62379998,0.62410003
2024-12-26 10:00:00,0.62390000,0.62480003,0.62330002,0.62440002
2024-12-26 11:00:00,0.62435001,0.62470001,0.62390000,0.62414998
2024-12-26 12:00:00,0.62414998,0.62445003,0.62384999,0.62424999
2024-12-26 13:00:00,0.62430000,0.62505001,0.62419999,0.62484998
2024-12-26 14:00:00,0.62484998,0.62545002,0.62470001,0.62489998
2024-12-26 15:00:00,0.62489998,0.62489998,0.62384999,0.62395000
2024-12-26 16:00:00,0.62395000,0.62470001,0.62379998,0.62384999
2024-12-26 17:00:00,0.62370002,0.62400001,0.62339997,0.62349999
2024-12-26 18:00:00,0.62355000,0.62384999,0.62300003,0.62374997
2024-12-26 19:00:00,0.62370002,0.62384999,0.62255001,0.62274998
2024-12-26 20:00:00,0.62265003,0.62285000,0.62220001,0.62260002
2024-12-26 21:00:00,0.62265003,0.62344998,0.62255001,0.62320000
2024-12-26 22:00:00,0.62320000,0.62360001,0.62300003,0.62355000
2024-12-26 23:00:00,0.62339997,0.62349999,0.62220001,0.62250000
2024-12-27 00:00:00,0.62250000,0.62325001,0.62239999,0.62265003
2024-12-27 01:00:00,0.62250000,0.62300003,0.62194997,0.62234998
2024-12-27 02:00:00,0.62225002,0.62230003,0.62159997,0.62159997
2024-12-27 03:00:00,0.62169999,0.62260002,0.62159997,0.62250000
2024-12-27 04:00:00,0.62244999,0.62274998,0.62175000,0.62204999
2024-12-27 05:00:00,0.62199998,0.62300003,0.62199998,0.62250000
2024-12-27 06:00:00,0.62239999,0.62250000,0.62199998,0.62215000
2024-12-27 07:00:00,0.62215000,0.62220001,0.62194997,0.62220001
2024-12-27 08:00:00,0.62220001,0.62225002,0.62199998,0.62210000
2024-12-27 09:00:00,0.62204999,0.62285000,0.62159997,0.62169999
2024-12-27 10:00:00,0.62159997,0.62239999,0.62159997,0.62220001
2024-12-27 11:00:00,0.62220001,0.62260002,0.62190002,0.62230003
2024-12-27 12:00:00,0.62220001,0.62230003,0.62169999,0.62199998
2024-12-27 13:00:00,0.62199998,0.62220001,0.62159997,0.62190002
2024-12-27 14:00:00,0.62190002,0.62190002,0.62120003,0.62169999
2024-12-27 15:00:00,0.62169999,0.62190002,0.62099999,0.62105000
2024-12-27 16:00:00,0.62094998,0.62124997,0.62050003,0.62054998
2024-12-27 17:00:00,0.62050003,0.62194997,0.62050003,0.62190002
2024-12-27 18:00:00,0.62185001,0.62220001,0.62145001,0.62210000
2024-12-27 19:00:00,0.62210000,0.62265003,0.62150002,0.62180001
2024-12-27 20:00:00,0.62180001,0.62190002,0.62075001,0.62094998
2024-12-27 21:00:00,0.62094998,0.62115002,0.62054998,0.62105000
2024-12-27 22:00:00,0.62110001,0.62199998,0.62099999,0.62185001
2024-12-27 23:00:00,0.62185001,0.62260002,0.62155002,0.62210000
2024-12-28 00:00:00,0.62199998,0.62220001,0.62140000,0.62190002
2024-12-28 01:00:00,0.62194997,0.62215000,0.62099999,0.62105000
2024-12-28 02:00:00,0.62110001,0.62180001,0.62010002,0.62124997
2024-12-28 03:00:00,0.62129998,0.62180001,0.62064999,0.62070000
2024-12-28 04:00:00,0.62064999,0.62089998,0.62000000,0.62070000
2024-12-28 05:00:00,0.62080002,0.62150002,0.62064999,0.62145001
2024-12-28 06:00:00,0.62145001,0.62199998,0.62120003,0.62199998
2024-12-28 07:00:00,0.62190002,0.62199998,0.62110001,0.62159997
2024-12-28 08:00:00,0.62159997,0.62190002,0.62145001,0.62180001
2024-12-30 09:00:00,0.62185001,0.62279999,0.62140000,0.62269998
2024-12-30 10:00:00,0.62269998,0.62349999,0.62239999,0.62250000
2024-12-30 11:00:00,0.62255001,0.62300003,0.62199998,0.62274998
2024-12-30 12:00:00,0.62269998,0.62335002,0.62220001,0.62309998
2024-12-30 13:00:00,0.62320000,0.62349999,0.62290001,0.62339997
2024-12-30 14:00:00,0.62339997,0.62430000,0.62320000,0.62419999
2024-12-30 15:00:00,0.62419999,0.62430000,0.62379998,0.62400001
2024-12-30 16:00:00,0.62400001,0.62465000,0.62400001,0.62419999
2024-12-30 17:00:00,0.62424999,0.62470001,0.62400001,0.62410003
2024-12-30 18:00:00,0.62400001,0.62419999,0.62355000,0.62379998
2024-12-30 19:00:00,0.62379998,0.62379998,0.62210000,0.62225002
2024-12-30 20:00:00,0.62215000,0.62290001,0.62199998,0.62244999
2024-12-30 21:00:00,0.62230003,0.62360001,0.62220001,0.62335002
2024-12-30 22:00:00,0.62335002,0.62435001,0.62330002,0.62410003
2024-12-30 23:00:00,0.62410003,0.62435001,0.62355000,0.62370002
2024-12-31 00:00:00,0.62374997,0.62400001,0.62159997,0.62180001
2024-12-31 01:00:00,0.62169999,0.62260002,0.62124997,0.62215000
2024-12-31 02:00:00,0.62210000,0.62225002,0.62019998,0.62164998
2024-12-31 03:00:00,0.62164998,0.62204999,0.62120003,0.62169999
2024-12-31 04:00:00,0.62190002,0.62265003,0.62159997,0.62260002
2024-12-31 05:00:00,0.62260002,0.62335002,0.62239999,0.62309998
2024-12-31 06:00:00,0.62314999,0.62325001,0.62234998,0.62234998
2024-12-31 07:00:00,0.62230003,0.62300003,0.62210000,0.62210000
2024-12-31 08:00:00,0.62210000,0.62220001,0.62190002,0.62215000
2024-12-31 09:00:00,0.62204999,0.62290001,0.62169999,0.62185001
2024-12-31 10:00:00,0.62190002,0.62199998,0.62129998,0.62194997
2024-12-31 11:00:00,0.62185001,0.62190002,0.62115002,0.62180001
2024-12-31 12:00:00,0.62185001,0.62314999,0.62164998,0.62279999
2024-12-31 13:00:00,0.62290001,0.62300003,0.62199998,0.62210000
2024-12-31 14:00:00,0.62199998,0.62220001,0.62099999,0.62129998
2024-12-31 15:00:00,0.62134999,0.62180001,0.62120003,0.62159997
2024-12-31 16:00:00,0.62164998,0.62204999,0.62145001,0.62164998
2024-12-31 17:00:00,0.62159997,0.62180001,0.62080002,0.62124997
2024-12-31 18:00:00,0.62120003,0.62260002,0.62089998,0.62215000
2024-12-31 19:00:00,0.62215000,0.62215000,0.62115002,0.62155002
2024-12-31 20:00:00,0.62150002,0.62215000,0.62115002,0.62190002
2024-12-31 21:00:00,0.62180001,0.62185001,0.62099999,0.62145001
2024-12-31 22:00:00,0.62140000,0.62169999,0.62089998,0.62099999
2024-12-31 23:00:00,0.62110001,0.62124997,0.62000000,0.62010002
2025-01-02 05:00:00,0.61919999,0.61919999,0.61919999,0.61919999
2025-01-02 06:00:00,0.61919999,0.61919999,0.61870003,0.61879998
2025-01-02 07:00:00,0.61919999,0.61930001,0.61919999,0.61919999
2025-01-02 08:00:00,0.61930001,0.61930001,0.61909997,0.61909997
2025-01-02 09:00:00,0.61870003,0.61900002,0.61860001,0.61879998
2025-01-02 10:00:00,0.61870003,0.61949998,0.61830002,0.61940002
2025-01-02 11:00:00,0.61919999,0.62029999,0.61890000,0.62010002
2025-01-02 12:00:00,0.62000000,0.62169999,0.61989999,0.62120003
2025-01-02 13:00:00,0.62120003,0.62230003,0.62099999,0.62230003
2025-01-02 14:00:00,0.62210000,0.62220001,0.62129998,0.62159997
2025-01-02 15:00:00,0.62159997,0.62199998,0.62150002,0.62180001
2025-01-02 16:00:00,0.62169999,0.62190002,0.62129998,0.62169999
2025-01-02 17:00:00,0.62159997,0.62169999,0.62099999,0.62140000
2025-01-02 18:00:00,0.62129998,0.62169999,0.62040001,0.62040001
2025-01-02 19:00:00,0.62040001,0.62140000,0.62010002,0.62129998
2025-01-02 20:00:00,0.62140000,0.62199998,0.62099999,0.62180001
2025-01-02 21:00:00,0.62180001,0.62199998,0.62080002,0.62099999
2025-01-02 22:00:00,0.62099999,0.62180001,0.62080002,0.62150002
2025-01-02 23:00:00,0.62159997,0.62180001,0.62070000,0.62089998
2025-01-03 00:00:00,0.62099999,0.62169999,0.62040001,0.62159997
2025-01-03 01:00:00,0.62159997,0.62210000,0.62110001,0.62129998
2025-01-03 02:00:00,0.62129998,0.62169999,0.62050003,0.62099999
2025-01-03 03:00:00,0.62099999,0.62110001,0.61970001,0.62080002
2025-01-03 04:00:00,0.62059999,0.62129998,0.61979997,0.62029999
2025-01-03 05:00:00,0.62019998,0.62029999,0.61919999,0.61970001
2025-01-03 06:00:00,0.61970001,0.62010002,0.61919999,0.61930001
2025-01-03 07:00:00,0.61930001,0.62070000,0.61930001,0.62029999
2025-01-03 08:00:00,0.62029999,0.62040001,0.62010002,0.62040001
2025-01-03 09:00:00,0.61979997,0.62089998,0.61970001,0.62029999
2025-01-03 10:00:00,0.62040001,0.62040001,0.62000000,0.62010002
2025-01-03 11:00:00,0.62010002,0.62169999,0.62010002,0.62169999
2025-01-03 12:00:00,0.62159997,0.62180001,0.62070000,0.62120003
2025-01-03 13:00:00,0.62120003,0.62180001,0.62099999,0.62129998
2025-01-03 14:00:00,0.62129998,0.62159997,0.62099999,0.62120003
2025-01-03 15:00:00,0.62129998,0.62159997,0.62089998,0.62150002
2025-01-03 16:00:00,0.62159997,0.62220001,0.62150002,0.62169999
2025-01-03 17:00:00,0.62169999,0.62210000,0.62150002,0.62190002
2025-01-03 18:00:00,0.62180001,0.62199998,0.62019998,0.62120003
2025-01-03 19:00:00,0.62120003,0.62169999,0.62040001,0.62089998
2025-01-03 20:00:00,0.62089998,0.62210000,0.62089998,0.62140000
2025-01-03 21:00:00,0.62140000,0.62169999,0.62120003,0.62159997
2025-01-03 22:00:00,0.62159997,0.62260002,0.62150002,0.62210000
2025-01-03 23:00:00,0.62210000,0.62220001,0.62169999,0.62199998
2025-01-04 00:00:00,0.62199998,0.62230003,0.62159997,0.62169999
2025-01-04 01:00:00,0.62180001,0.62199998,0.62120003,0.62199998
2025-01-04 02:00:00,0.62159997,0.62169999,0.61979997,0.62059999
2025-01-04 03:00:00,0.62050003,0.62099999,0.62019998,0.62080002
2025-01-04 04:00:00,0.62089998,0.62190002,0.62089998,0.62110001
2025-01-04 05:00:00,0.62110001,0.62180001,0.62089998,0.62140000
2025-01-04 06:00:00,0.62129998,0.62210000,0.62120003,0.62159997
2025-01-04 07:00:00,0.62169999,0.62210000,0.62150002,0.62180001
2025-01-04 08:00:00,0.62180001,0.62199998,0.62150002,0.62150002
2025-01-06 09:00:00,0.62150002,0.62150002,0.62070000,0.62089998
2025-01-06 10:00:00,0.62099999,0.62250000,0.62099999,0.62210000
2025-01-06 11:00:00,0.62210000,0.62330002,0.62190002,0.62320000
2025-01-06 12:00:00,0.62320000,0.62400001,0.62239999,0.62269998
2025-01-06 13:00:00,0.62279999,0.62339997,0.62239999,0.62309998
2025-01-06 14:00:00,0.62300003,0.62309998,0.62190002,0.62230003
2025-01-06 15:00:00,0.62230003,0.62250000,0.62199998,0.62230003
2025-01-06 16:00:00,0.62220001,0.62309998,0.62210000,0.62300003
2025-01-06 17:00:00,0.62290001,0.62330002,0.62239999,0.62309998
2025-01-06 18:00:00,0.62309998,0.62370002,0.62290001,0.62300003
2025-01-06 19:00:00,0.62300003,0.62510002,0.62290001,0.62510002
2025-01-06 20:00:00,0.62510002,0.62529999,0.62430000,0.62449998
2025-01-06 21:00:00,0.62459999,0.62459999,0.62400001,0.62400001
2025-01-06 22:00:00,0.62400001,0.62889999,0.62349999,0.62860000
2025-01-06 23:00:00,0.62849998,0.62900001,0.62739998,0.62879997
2025-01-07 00:00:00,0.62889999,0.63020003,0.62860000,0.62900001
2025-01-07 01:00:00,0.62900001,0.62959999,0.62470001,0.62639999
2025-01-07 02:00:00,0.62639999,0.62690002,0.62419999,0.62459999
2025-01-07 03:00:00,0.62470001,0.62529999,0.62400001,0.625
2025-01-07 04:00:00,0.62489998,0.625,0.62370002,0.62419999
2025-01-07 05:00:00,0.62419999,0.62440002,0.62360001,0.62370002
2025-01-07 06:00:00,0.62360001,0.62430000,0.62349999,0.62419999
2025-01-07 07:00:00,0.62410003,0.62440002,0.62400001,0.62440002
2025-01-07 08:00:00,0.62430000,0.62480003,0.62410003,0.62459999
2025-01-07 09:00:00,0.62400001,0.62470001,0.62400001,0.62419999
2025-01-07 10:00:00,0.62430000,0.62430000,0.62379998,0.62390000
2025-01-07 11:00:00,0.62390000,0.62510002,0.62379998,0.625
2025-01-07 12:00:00,0.625,0.62540001,0.62419999,0.62510002
2025-01-07 13:00:00,0.62510002,0.62540001,0.62480003,0.62510002
2025-01-07 14:00:00,0.625,0.62620002,0.62470001,0.62610000
2025-01-07 15:00:00,0.62610000,0.62629998,0.62570000,0.62580001
2025-01-07 16:00:00,0.62580001,0.62699997,0.62580001,0.62690002
2025-01-07 17:00:00,0.62680000,0.62699997,0.62629998,0.62639999
2025-01-07 18:00:00,0.62639999,0.62760001,0.62629998,0.62750000
2025-01-07 19:00:00,0.62769997,0.62830001,0.62720001,0.62819999
2025-01-07 20:00:00,0.62830001,0.62879997,0.62790000,0.62840003
2025-01-07 21:00:00,0.62840003,0.62889999,0.62809998,0.62840003
2025-01-07 22:00:00,0.62849998,0.62849998,0.62739998,0.62769997
2025-01-07 23:00:00,0.62769997,0.62800002,0.62709999,0.62760001
2025-01-08 00:00:00,0.62750000,0.62840003,0.62709999,0.62709999
2025-01-08 01:00:00,0.62709999,0.62709999,0.62620002,0.62690002
2025-01-08 02:00:00,0.62599999,0.62639999,0.62400001,0.62480003
2025-01-08 03:00:00,0.62480003,0.625,0.62370002,0.62430000
2025-01-08 04:00:00,0.62430000,0.62519997,0.62400001,0.62459999
2025-01-08 05:00:00,0.62449998,0.62480003,0.62339997,0.62390000
2025-01-08 06:00:00,0.62379998,0.62419999,0.62360001,0.62400001
2025-01-08 07:00:00,0.62400001,0.62400001,0.62279999,0.62300003
2025-01-08 08:00:00,0.62309998,0.62330002,0.62300003,0.62309998
2025-01-08 09:00:00,0.62300003,0.62330002,0.62290001,0.62320000
2025-01-08 10:00:00,0.62320000,0.62360001,0.62300003,0.62339997
2025-01-08 11:00:00,0.62339997,0.62419999,0.62210000,0.62230003
2025-01-08 12:00:00,0.62239999,0.62250000,0.62120003,0.62230003
2025-01-08 13:00:00,0.62230003,0.62300003,0.62210000,0.62300003
2025-01-08 14:00:00,0.62290001,0.62349999,0.62279999,0.62320000
2025-01-08 15:00:00,0.62320000,0.62360001,0.62269998,0.62300003
2025-01-08 16:00:00,0.62300003,0.62330002,0.62260002,0.62330002
2025-01-08 17:00:00,0.62330002,0.62370002,0.62300003,0.62320000
2025-01-08 18:00:00,0.62320000,0.62330002,0.62220001,0.62269998
2025-01-08 19:00:00,0.62269998,0.62320000,0.62159997,0.62169999
2025-01-08 20:00:00,0.62169999,0.62260002,0.62169999,0.62210000
2025-01-08 21:00:00,0.62210000,0.62210000,0.62099999,0.62140000
2025-01-08 22:00:00,0.62150002,0.62159997,0.61900002,0.62010002
2025-01-08 23:00:00,0.62010002,0.62040001,0.61879998,0.61909997
2025-01-09 00:00:00,0.61930001,0.62040001,0.61919999,0.62040001
2025-01-09 01:00:00,0.62050003,0.62099999,0.61970001,0.61989999
2025-01-09 02:00:00,0.61989999,0.62140000,0.61989999,0.62089998
2025-01-09 03:00:00,0.62089998,0.62169999,0.62029999,0.62159997
2025-01-09 04:00:00,0.62150002,0.62180001,0.62000000,0.62070000
2025-01-09 05:00:00,0.62080002,0.62169999,0.62059999,0.62089998
2025-01-09 06:00:00,0.62080002,0.62199998,0.62070000,0.62110001
2025-01-09 07:00:00,0.62110001,0.62190002,0.62089998,0.62169999
2025-01-09 08:00:00,0.62169999,0.62190002,0.62140000,0.62150002
2025-01-09 09:00:00,0.62110001,0.62180001,0.62040001,0.62129998
2025-01-09 10:00:00,0.62129998,0.62150002,0.62099999,0.62110001
2025-01-09 11:00:00,0.62120003,0.62129998,0.61979997,0.62019998
2025-01-09 12:00:00,0.62040001,0.62059999,0.61989999,0.62019998
2025-01-09 13:00:00,0.62010002,0.62080002,0.62010002,0.62019998
2025-01-09 14:00:00,0.62019998,0.62089998,0.62000000,0.62000000
2025-01-09 15:00:00,0.61989999,0.62019998,0.61940002,0.62000000
2025-01-09 16:00:00,0.61989999,0.62029999,0.61960000,0.62010002
2025-01-09 17:00:00,0.62000000,0.62019998,0.61930001,0.61970001
2025-01-09 18:00:00,0.61970001,0.62000000,0.61799997,0.61809999
2025-01-09 19:00:00,0.61820000,0.61949998,0.61720002,0.61949998
2025-01-09 20:00:00,0.61949998,0.61989999,0.61900002,0.61909997
2025-01-09 21:00:00,0.61919999,0.62000000,0.61900002,0.61979997
2025-01-09 22:00:00,0.61979997,0.62040001,0.61949998,0.62010002
2025-01-09 23:00:00,0.62000000,0.62040001,0.61949998,0.61960000
2025-01-10 00:00:00,0.61960000,0.62040001,0.61930001,0.61979997
2025-01-10 01:00:00,0.61989999,0.62019998,0.61970001,0.62000000
2025-01-10 02:00:00,0.62000000,0.62000000,0.61909997,0.61919999
2025-01-10 03:00:00,0.61930001,0.61960000,0.61900002,0.61949998
2025-01-10 04:00:00,0.61949998,0.61970001,0.61940002,0.61960000
2025-01-10 05:00:00,0.61949998,0.61979997,0.61930001,0.61979997
2025-01-10 06:00:00,0.61979997,0.62000000,0.61960000,0.61970001
2025-01-10 07:00:00,0.61979997,0.62000000,0.61970001,0.61979997
2025-01-10 08:00:00,0.61979997,0.61979997,0.61949998,0.61960000
2025-01-10 09:00:00,0.62010002,0.62010002,0.61940002,0.61979997
2025-01-10 10:00:00,0.61989999,0.62000000,0.61890000,0.61900002
2025-01-10 11:00:00,0.61900002,0.61949998,0.61879998,0.61919999
2025-01-10 12:00:00,0.61909997,0.62070000,0.61900002,0.62010002
2025-01-10 13:00:00,0.62000000,0.62010002,0.61960000,0.61979997
2025-01-10 14:00:00,0.61979997,0.62010002,0.61940002,0.61960000
2025-01-10 15:00:00,0.61960000,0.61989999,0.61890000,0.61930001
2025-01-10 16:00:00,0.61940002,0.62000000,0.61909997,0.61930001
2025-01-10 17:00:00,0.61919999,0.61930001,0.61870003,0.61879998
2025-01-10 18:00:00,0.61870003,0.61979997,0.61870003,0.61940002
2025-01-10 19:00:00,0.61930001,0.61970001,0.61860001,0.61879998
2025-01-10 20:00:00,0.61870003,0.61879998,0.61820000,0.61830002
2025-01-10 21:00:00,0.61839998,0.61879998,0.61809999,0.61870003
2025-01-10 22:00:00,0.61870003,0.61919999,0.61870003,0.61879998
2025-01-10 23:00:00,0.61890000,0.61919999,0.61860001,0.61900002
2025-01-11 00:00:00,0.61900002,0.61909997,0.61400002,0.61530000
2025-01-11 01:00:00,0.61519998,0.61720002,0.61479998,0.61650002
2025-01-11 02:00:00,0.61619997,0.61720002,0.61530000,0.61559999
2025-01-11 03:00:00,0.61549997,0.61559999,0.61409998,0.61460000
2025-01-11 04:00:00,0.61440003,0.61570001,0.61400002,0.61549997
2025-01-11 05:00:00,0.61559999,0.61570001,0.61489999,0.61570001
2025-01-11 06:00:00,0.61559999,0.61559999,0.61460000,0.61479998
2025-01-11 07:00:00,0.61479998,0.61479998,0.61420000,0.61460000
2025-01-11 08:00:00,0.61460000,0.61470002,0.61420000,0.61470002
2025-01-13 09:00:00,0.61489999,0.61510003,0.61440003,0.61460000
2025-01-13 10:00:00,0.61460000,0.61589998,0.61420000,0.61530000
2025-01-13 11:00:00,0.61540002,0.61580002,0.61500001,0.61549997
2025-01-13 12:00:00,0.61559999,0.61619997,0.61519998,0.61580002
2025-01-13 13:00:00,0.61589998,0.61629999,0.61559999,0.61589998
2025-01-13 14:00:00,0.61589998,0.61610001,0.61409998,0.61430001
2025-01-13 15:00:00,0.61430001,0.61470002,0.61309999,0.61330003
2025-01-13 16:00:00,0.61320001,0.61420000,0.61309999,0.61390001
2025-01-13 17:00:00,0.61390001,0.61430001,0.61379999,0.61430001
2025-01-13 18:00:00,0.61409998,0.61489999,0.61369997,0.61470002
2025-01-13 19:00:00,0.61460000,0.61570001,0.61449999,0.61479998
2025-01-13 20:00:00,0.61489999,0.61510003,0.61369997,0.61390001
2025-01-13 21:00:00,0.61390001,0.61479998,0.61379999,0.61449999
2025-01-13 22:00:00,0.61449999,0.61500001,0.61420000,0.61449999
2025-01-13 23:00:00,0.61460000,0.61540002,0.61390001,0.61530000
2025-01-14 00:00:00,0.61530000,0.61589998,0.61479998,0.61500001
2025-01-14 01:00:00,0.61500001,0.61580002,0.61440003,0.61580002
2025-01-14 02:00:00,0.61570001,0.61570001,0.61460000,0.61489999
2025-01-14 03:00:00,0.61500001,0.61600000,0.61449999,0.61540002
2025-01-14 04:00:00,0.61540002,0.61600000,0.61530000,0.61600000
2025-01-14 05:00:00,0.61600000,0.61619997,0.61549997,0.61589998
2025-01-14 06:00:00,0.61600000,0.61600000,0.61549997,0.61559999
2025-01-14 07:00:00,0.61549997,0.61619997,0.61540002,0.61610001
2025-01-14 08:00:00,0.61610001,0.61780000,0.61610001,0.61769998
2025-01-14 09:00:00,0.61739999,0.61989999,0.61710000,0.61879998
2025-01-14 10:00:00,0.61879998,0.62029999,0.61830002,0.61900002
2025-01-14 11:00:00,0.61909997,0.61909997,0.61809999,0.61849999
2025-01-14 12:00:00,0.61860001,0.61900002,0.61790001,0.61900002
2025-01-14 13:00:00,0.61890000,0.61900002,0.61790001,0.61870003
2025-01-14 14:00:00,0.61860001,0.61930001,0.61839998,0.61870003
2025-01-14 15:00:00,0.61860001,0.61919999,0.61839998,0.61879998
2025-01-14 16:00:00,0.61879998,0.61890000,0.61809999,0.61839998
2025-01-14 17:00:00,0.61839998,0.61919999,0.61820000,0.61919999
2025-01-14 18:00:00,0.61909997,0.61979997,0.61890000,0.61979997
2025-01-14 19:00:00,0.61970001,0.62080002,0.61960000,0.61979997
2025-01-14 20:00:00,0.61989999,0.62000000,0.61879998,0.61900002
2025-01-14 21:00:00,0.61900002,0.61930001,0.61839998,0.61879998
2025-01-14 22:00:00,0.61870003,0.61879998,0.61809999,0.61809999
2025-01-14 23:00:00,0.61799997,0.61820000,0.61669999,0.61729997
2025-01-15 00:00:00,0.61729997,0.61960000,0.61669999,0.61750001
2025-01-15 01:00:00,0.61750001,0.61879998,0.61690003,0.61790001
2025-01-15 02:00:00,0.61799997,0.61979997,0.61790001,0.61960000
2025-01-15 03:00:00,0.61949998,0.61989999,0.61799997,0.61820000
2025-01-15 04:00:00,0.61820000,0.61860001,0.61769998,0.61839998
2025-01-15 05:00:00,0.61830002,0.61900002,0.61820000,0.61900002
2025-01-15 06:00:00,0.61890000,0.61940002,0.61849999,0.61860001
2025-01-15 07:00:00,0.61870003,0.61919999,0.61839998,0.61890000
2025-01-15 08:00:00,0.61890000,0.61949998,0.61890000,0.61949998
2025-01-15 09:00:00,0.61949998,0.61979997,0.61930001,0.61949998
2025-01-15 10:00:00,0.61949998,0.61960000,0.61890000,0.61909997
2025-01-15 11:00:00,0.61909997,0.61919999,0.61820000,0.61820000
2025-01-15 12:00:00,0.61820000,0.61909997,0.61809999,0.61879998
2025-01-15 13:00:00,0.61870003,0.61900002,0.61820000,0.61890000
2025-01-15 14:00:00,0.61879998,0.61949998,0.61870003,0.61949998
2025-01-15 15:00:00,0.61940002,0.61960000,0.61919999,0.61940002
2025-01-15 16:00:00,0.61949998,0.61960000,0.61870003,0.61879998
2025-01-15 17:00:00,0.61879998,0.61940002,0.61860001,0.61909997
2025-01-15 18:00:00,0.61909997,0.62059999,0.61900002,0.62040001
2025-01-15 19:00:00,0.62029999,0.62120003,0.61949998,0.61970001
2025-01-15 20:00:00,0.61960000,0.62080002,0.61960000,0.62059999
2025-01-15 21:00:00,0.62070000,0.62089998,0.62000000,0.62040001
2025-01-15 22:00:00,0.62040001,0.62080002,0.62010002,0.62029999
2025-01-15 23:00:00,0.62019998,0.62050003,0.61940002,0.61979997
2025-01-16 00:00:00,0.61970001,0.62470001,0.61960000,0.62430000
2025-01-16 01:00:00,0.62440002,0.62459999,0.62330002,0.62370002
2025-01-16 02:00:00,0.62360001,0.62390000,0.62180001,0.62260002
2025-01-16 03:00:00,0.62269998,0.62290001,0.62089998,0.62169999
2025-01-16 04:00:00,0.62169999,0.62239999,0.62169999,0.62210000
2025-01-16 05:00:00,0.62210000,0.62239999,0.62190002,0.62239999
2025-01-16 06:00:00,0.62250000,0.62300003,0.62230003,0.62290001
2025-01-16 07:00:00,0.62279999,0.62309998,0.62260002,0.62300003
2025-01-16 08:00:00,0.62290001,0.62309998,0.62239999,0.62269998
2025-01-16 09:00:00,0.62290001,0.62290001,0.62210000,0.62269998
2025-01-16 10:00:00,0.62269998,0.62370002,0.62260002,0.62360001
2025-01-16 11:00:00,0.62349999,0.62470001,0.62250000,0.62379998
2025-01-16 12:00:00,0.62390000,0.62390000,0.62210000,0.62230003
2025-01-16 13:00:00,0.62239999,0.62260002,0.62140000,0.62159997
2025-01-16 14:00:00,0.62150002,0.62169999,0.62089998,0.62110001
2025-01-16 15:00:00,0.62120003,0.62150002,0.62040001,0.62059999
2025-01-16 16:00:00,0.62059999,0.62059999,0.61960000,0.62000000
2025-01-16 17:00:00,0.62000000,0.62099999,0.62000000,0.62099999
2025-01-16 18:00:00,0.62089998,0.62199998,0.62059999,0.62180001
2025-01-16 19:00:00,0.62180001,0.62199998,0.62099999,0.62190002
2025-01-16 20:00:00,0.62190002,0.62199998,0.62129998,0.62129998
2025-01-16 21:00:00,0.62129998,0.62159997,0.62089998,0.62129998
2025-01-16 22:00:00,0.62120003,0.62150002,0.62089998,0.62129998
2025-01-16 23:00:00,0.62120003,0.62129998,0.61949998,0.62000000
2025-01-17 00:00:00,0.62010002,0.62089998,0.61930001,0.62070000
2025-01-17 01:00:00,0.62070000,0.62089998,0.62010002,0.62059999
2025-01-17 02:00:00,0.62059999,0.62250000,0.62029999,0.62199998
2025-01-17 03:00:00,0.62210000,0.62290001,0.62140000,0.62199998
2025-01-17 04:00:00,0.62190002,0.62300003,0.62159997,0.62169999
2025-01-17 05:00:00,0.62169999,0.62210000,0.62110001,0.62129998
2025-01-17 06:00:00,0.62129998,0.62169999,0.62120003,0.62120003
2025-01-17 07:00:00,0.62120003,0.62140000,0.62089998,0.62099999
2025-01-17 08:00:00,0.62089998,0.62140000,0.62080002,0.62129998
2025-01-17 09:00:00,0.62099999,0.62140000,0.62099999,0.62120003
2025-01-17 10:00:00,0.62129998,0.62129998,0.62059999,0.62099999
2025-01-17 11:00:00,0.62099999,0.62140000,0.62070000,0.62110001
2025-01-17 12:00:00,0.62110001,0.62150002,0.62070000,0.62120003
2025-01-17 13:00:00,0.62129998,0.62199998,0.62110001,0.62129998
2025-01-17 14:00:00,0.62120003,0.62159997,0.62089998,0.62129998
2025-01-17 15:00:00,0.62129998,0.62140000,0.61949998,0.62000000
2025-01-17 16:00:00,0.62000000,0.62040001,0.61979997,0.62019998
2025-01-17 17:00:00,0.62029999,0.62050003,0.61960000,0.62040001
2025-01-17 18:00:00,0.62040001,0.62110001,0.62000000,0.62080002
2025-01-17 19:00:00,0.62089998,0.62129998,0.62080002,0.62089998
2025-01-17 20:00:00,0.62099999,0.62140000,0.62010002,0.62029999
2025-01-17 21:00:00,0.62029999,0.62070000,0.62019998,0.62029999
2025-01-17 22:00:00,0.62019998,0.62059999,0.61960000,0.61979997
2025-01-17 23:00:00,0.61979997,0.62000000,0.61839998,0.61860001
2025-01-18 00:00:00,0.61870003,0.61890000,0.61739999,0.61780000
2025-01-18 01:00:00,0.61769998,0.62089998,0.61640000,0.62059999
2025-01-18 02:00:00,0.62070000,0.62279999,0.62040001,0.62190002
2025-01-18 03:00:00,0.62180001,0.62199998,0.62050003,0.62080002
2025-01-18 04:00:00,0.62089998,0.62110001,0.62040001,0.62050003
2025-01-18 05:00:00,0.62040001,0.62070000,0.61989999,0.62040001
2025-01-18 06:00:00,0.62029999,0.62059999,0.61960000,0.62000000
2025-01-18 07:00:00,0.61989999,0.62010002,0.61930001,0.61970001
2025-01-18 08:00:00,0.61970001,0.61970001,0.61900002,0.61909997
2025-01-20 09:00:00,0.62000000,0.62010002,0.61960000,0.61970001
2025-01-20 10:00:00,0.61979997,0.62000000,0.61900002,0.61979997
2025-01-20 11:00:00,0.61970001,0.62040001,0.61970001,0.62029999
2025-01-20 12:00:00,0.62019998,0.62099999,0.61979997,0.62089998
2025-01-20 13:00:00,0.62080002,0.62099999,0.62040001,0.62099999
2025-01-20 14:00:00,0.62099999,0.62180001,0.62080002,0.62180001
2025-01-20 15:00:00,0.62180001,0.62190002,0.62120003,0.62129998
2025-01-20 16:00:00,0.62140000,0.62159997,0.62070000,0.62080002
2025-01-20 17:00:00,0.62070000,0.62169999,0.62019998,0.62129998
2025-01-20 18:00:00,0.62129998,0.62230003,0.62110001,0.62220001
2025-01-20 19:00:00,0.62220001,0.62230003,0.62089998,0.62110001
2025-01-20 20:00:00,0.62110001,0.62110001,0.61970001,0.61989999
2025-01-20 21:00:00,0.62000000,0.62059999,0.61989999,0.62000000
2025-01-20 22:00:00,0.62000000,0.62080002,0.61989999,0.62040001
2025-01-20 23:00:00,0.62050003,0.62089998,0.62000000,0.62080002
2025-01-21 00:00:00,0.62089998,0.62690002,0.62029999,0.62650001
2025-01-21 01:00:00,0.62650001,0.62870002,0.62529999,0.62760001
2025-01-21 02:00:00,0.62760001,0.62840003,0.625,0.62580001
2025-01-21 03:00:00,0.62580001,0.62660003,0.62540001,0.62589997
2025-01-21 04:00:00,0.62599999,0.62669998,0.62320000,0.62540001
2025-01-21 05:00:00,0.62540001,0.62629998,0.62510002,0.62629998
2025-01-21 06:00:00,0.62629998,0.62779999,0.62580001,0.62739998
2025-01-21 07:00:00,0.62730002,0.62840003,0.62699997,0.62730002
2025-01-21 08:00:00,0.62720001,0.62760001,0.62699997,0.62750000
2025-01-21 09:00:00,0.62699997,0.62790000,0.62629998,0.62680000
2025-01-21 10:00:00,0.62669998,0.62830001,0.62669998,0.62809998
2025-01-21 11:00:00,0.62809998,0.62889999,0.62089998,0.62210000
2025-01-21 12:00:00,0.62199998,0.62550002,0.62129998,0.62320000
2025-01-21 13:00:00,0.62320000,0.62519997,0.62320000,0.62459999
2025-01-21 14:00:00,0.62449998,0.62610000,0.62449998,0.62489998
2025-01-21 15:00:00,0.625,0.62559998,0.62459999,0.62480003
2025-01-21 16:00:00,0.62480003,0.62510002,0.62309998,0.62330002
2025-01-21 17:00:00,0.62320000,0.62410003,0.62309998,0.62330002
2025-01-21 18:00:00,0.62330002,0.62430000,0.62300003,0.62360001
2025-01-21 19:00:00,0.62360001,0.62390000,0.62279999,0.62339997
2025-01-21 20:00:00,0.62339997,0.62400001,0.62239999,0.62320000
2025-01-21 21:00:00,0.62320000,0.62339997,0.62210000,0.62239999
2025-01-21 22:00:00,0.62239999,0.62239999,0.62140000,0.62199998
2025-01-21 23:00:00,0.62199998,0.62269998,0.62159997,0.62239999
2025-01-22 00:00:00,0.62250000,0.62410003,0.62220001,0.62379998
2025-01-22 01:00:00,0.62390000,0.62529999,0.62349999,0.62470001
2025-01-22 02:00:00,0.62470001,0.62620002,0.62430000,0.62589997
2025-01-22 03:00:00,0.62589997,0.62709999,0.62570000,0.62709999
2025-01-22 04:00:00,0.62699997,0.62750000,0.62669998,0.62680000
2025-01-22 05:00:00,0.62669998,0.62760001,0.62650001,0.62709999
2025-01-22 06:00:00,0.62709999,0.62730002,0.62629998,0.62650001
2025-01-22 07:00:00,0.62639999,0.62709999,0.62639999,0.62699997
2025-01-22 08:00:00,0.62709999,0.62769997,0.62690002,0.62750000
2025-01-22 09:00:00,0.62739998,0.62760001,0.62699997,0.62720001
2025-01-22 10:00:00,0.62709999,0.62739998,0.62559998,0.62620002
2025-01-22 11:00:00,0.62620002,0.62779999,0.62620002,0.62750000
2025-01-22 12:00:00,0.62739998,0.62739998,0.62620002,0.62639999
2025-01-22 13:00:00,0.62629998,0.62699997,0.62610000,0.62690002
2025-01-22 14:00:00,0.62680000,0.62699997,0.62629998,0.62639999
2025-01-22 15:00:00,0.62639999,0.62699997,0.62629998,0.62650001
2025-01-22 16:00:00,0.62639999,0.62669998,0.62599999,0.62650001
2025-01-22 17:00:00,0.62639999,0.62660003,0.62529999,0.62559998
2025-01-22 18:00:00,0.62559998,0.62629998,0.62540001,0.62589997
2025-01-22 19:00:00,0.62589997,0.62739998,0.62589997,0.62739998
2025-01-22 20:00:00,0.62739998,0.62849998,0.62720001,0.62840003
2025-01-22 21:00:00,0.62849998,0.62940001,0.62830001,0.62879997
2025-01-22 22:00:00,0.62870002,0.62959999,0.62809998,0.62840003
2025-01-22 23:00:00,0.62830001,0.62870002,0.62760001,0.62860000
2025-01-23 00:00:00,0.62849998,0.62910002,0.62769997,0.62830001
2025-01-23 01:00:00,0.62840003,0.62840003,0.62699997,0.62750000
2025-01-23 02:00:00,0.62739998,0.62739998,0.62669998,0.62720001
2025-01-23 03:00:00,0.62720001,0.62760001,0.62639999,0.62750000
2025-01-23 04:00:00,0.62739998,0.62779999,0.62730002,0.62769997
2025-01-23 05:00:00,0.62769997,0.62819999,0.62739998,0.62779999
2025-01-23 06:00:00,0.62779999,0.62819999,0.62760001,0.62779999
2025-01-23 07:00:00,0.62779999,0.62809998,0.62730002,0.62739998
2025-01-23 08:00:00,0.62739998,0.62739998,0.62709999,0.62730002
2025-01-23 09:00:00,0.62699997,0.62739998,0.62690002,0.62709999
2025-01-23 10:00:00,0.62709999,0.62739998,0.62660003,0.62730002
2025-01-23 11:00:00,0.62730002,0.62760001,0.62709999,0.62739998
2025-01-23 12:00:00,0.62730002,0.62819999,0.62720001,0.62739998
2025-01-23 13:00:00,0.62730002,0.62779999,0.62680000,0.62720001
2025-01-23 14:00:00,0.62720001,0.62760001,0.62699997,0.62730002
2025-01-23 15:00:00,0.62739998,0.62769997,0.62730002,0.62739998
2025-01-23 16:00:00,0.62739998,0.62769997,0.62699997,0.62709999
2025-01-23 17:00:00,0.62720001,0.62739998,0.62650001,0.62650001
2025-01-23 18:00:00,0.62650001,0.62699997,0.62610000,0.62669998
2025-01-23 19:00:00,0.62680000,0.62680000,0.62559998,0.62559998
2025-01-23 20:00:00,0.62559998,0.62650001,0.62559998,0.62639999
2025-01-23 21:00:00,0.62650001,0.62709999,0.62639999,0.62660003
2025-01-23 22:00:00,0.62660003,0.62730002,0.62629998,0.62650001
2025-01-23 23:00:00,0.62650001,0.62709999,0.62599999,0.62699997
2025-01-24 00:00:00,0.62699997,0.62750000,0.62650001,0.62720001
2025-01-24 01:00:00,0.62730002,0.62790000,0.62709999,0.62769997
2025-01-24 02:00:00,0.62769997,0.62779999,0.62669998,0.62730002
2025-01-24 03:00:00,0.62720001,0.62949997,0.62550002,0.62870002
2025-01-24 04:00:00,0.62860000,0.63000000,0.62840003,0.62980002
2025-01-24 05:00:00,0.62980002,0.62989998,0.62870002,0.62879997
2025-01-24 06:00:00,0.62879997,0.62910002,0.62849998,0.62889999
2025-01-24 07:00:00,0.62879997,0.62930000,0.62840003,0.62849998
2025-01-24 08:00:00,0.62840003,0.62870002,0.62830001,0.62860000
2025-01-24 09:00:00,0.62849998,0.62879997,0.62840003,0.62840003
2025-01-24 10:00:00,0.62840003,0.62870002,0.62819999,0.62830001
2025-01-24 11:00:00,0.62830001,0.62870002,0.62800002,0.62840003
2025-01-24 12:00:00,0.62830001,0.62840003,0.62790000,0.62830001
2025-01-24 13:00:00,0.62840003,0.63200003,0.62830001,0.63190001
2025-01-24 14:00:00,0.63190001,0.63209999,0.63059998,0.63200003
2025-01-24 15:00:00,0.63200003,0.63239998,0.63120002,0.63150001
2025-01-24 16:00:00,0.63150001,0.63239998,0.63150001,0.63230002
2025-01-24 17:00:00,0.63239998,0.63309997,0.63190001,0.63209999
2025-01-24 18:00:00,0.63209999,0.63230002,0.63120002,0.63150001
2025-01-24 19:00:00,0.63139999,0.63279998,0.63120002,0.63220000
2025-01-24 20:00:00,0.63230002,0.63309997,0.63190001,0.63239998
2025-01-24 21:00:00,0.63239998,0.63249999,0.63180000,0.63200003
2025-01-24 22:00:00,0.63200003,0.63230002,0.63120002,0.63139999
2025-01-24 23:00:00,0.63129997,0.63180000,0.63080001,0.63099998
2025-01-25 00:00:00,0.63090003,0.63129997,0.63040000,0.63050002
2025-01-25 01:00:00,0.63050002,0.63200003,0.63020003,0.63099998
2025-01-25 02:00:00,0.63099998,0.63249999,0.63090003,0.63230002
2025-01-25 03:00:00,0.63239998,0.63249999,0.63180000,0.63220000
2025-01-25 04:00:00,0.63209999,0.63270003,0.63190001,0.63190001
2025-01-25 05:00:00,0.63190001,0.63209999,0.63129997,0.63150001
2025-01-25 06:00:00,0.63139999,0.63160002,0.63120002,0.63139999
2025-01-25 07:00:00,0.63139999,0.63160002,0.63110000,0.63129997
2025-01-25 08:00:00,0.63139999,0.63169998,0.63129997,0.63139999
2025-01-27 09:00:00,0.63040000,0.63069999,0.63000000,0.63010001
2025-01-27 10:00:00,0.63020003,0.63040000,0.62910002,0.62930000
2025-01-27 11:00:00,0.62930000,0.62989998,0.62900001,0.62940001
2025-01-27 12:00:00,0.62949997,0.63029999,0.62849998,0.62879997
2025-01-27 13:00:00,0.62879997,0.62910002,0.62830001,0.62870002
2025-01-27 14:00:00,0.62870002,0.63020003,0.62860000,0.62959999
2025-01-27 15:00:00,0.62959999,0.62980002,0.62879997,0.62930000
2025-01-27 16:00:00,0.62910002,0.62919998,0.62849998,0.62910002
2025-01-27 17:00:00,0.62910002,0.62930000,0.62809998,0.62849998
2025-01-27 18:00:00,0.62840003,0.62879997,0.62779999,0.62790000
2025-01-27 19:00:00,0.62790000,0.62949997,0.62779999,0.62940001
2025-01-27 20:00:00,0.62940001,0.62980002,0.62879997,0.62930000
2025-01-27 21:00:00,0.62930000,0.63029999,0.62930000,0.62980002
2025-01-27 22:00:00,0.62970001,0.63029999,0.62949997,0.63000000
2025-01-27 23:00:00,0.63000000,0.63080001,0.62989998,0.63040000
2025-01-28 00:00:00,0.63029999,0.63069999,0.62889999,0.62930000
2025-01-28 01:00:00,0.62919998,0.62940001,0.62830001,0.62870002
2025-01-28 02:00:00,0.62870002,0.62870002,0.62750000,0.62840003
2025-01-28 03:00:00,0.62840003,0.62849998,0.62779999,0.62779999
2025-01-28 04:00:00,0.62790000,0.62819999,0.62750000,0.62769997
2025-01-28 05:00:00,0.62769997,0.62819999,0.62750000,0.62779999
2025-01-28 06:00:00,0.62790000,0.62849998,0.62760001,0.62840003
2025-01-28 07:00:00,0.62840003,0.62910002,0.62819999,0.62910002
2025-01-28 08:00:00,0.62910002,0.62970001,0.62910002,0.62919998
2025-01-28 09:00:00,0.62930000,0.62940001,0.62910002,0.62930000
2025-01-28 10:00:00,0.62930000,0.62940001,0.62570000,0.62599999
2025-01-28 11:00:00,0.62599999,0.62699997,0.62540001,0.62660003
2025-01-28 12:00:00,0.62660003,0.62739998,0.62540001,0.62580001
2025-01-28 13:00:00,0.62570000,0.62650001,0.62519997,0.62589997
2025-01-28 14:00:00,0.62580001,0.62610000,0.62519997,0.62519997
2025-01-28 15:00:00,0.62519997,0.62540001,0.62459999,0.62529999
2025-01-28 16:00:00,0.62529999,0.62550002,0.62510002,0.62529999
2025-01-28 17:00:00,0.62540001,0.62570000,0.62489998,0.62510002
2025-01-28 18:00:00,0.625,0.62589997,0.62480003,0.62519997
2025-01-28 19:00:00,0.62529999,0.62529999,0.62430000,0.625
2025-01-28 20:00:00,0.625,0.62580001,0.62480003,0.62529999
2025-01-28 21:00:00,0.62540001,0.62580001,0.62470001,0.62470001
2025-01-28 22:00:00,0.62470001,0.62510002,0.62459999,0.62480003
2025-01-28 23:00:00,0.62480003,0.62480003,0.62400001,0.62419999
2025-01-29 00:00:00,0.62419999,0.62459999,0.62379998,0.62390000
2025-01-29 01:00:00,0.62400001,0.62540001,0.62400001,0.62459999
2025-01-29 02:00:00,0.62459999,0.62550002,0.62430000,0.62440002
2025-01-29 03:00:00,0.62440002,0.62510002,0.62419999,0.62449998
2025-01-29 04:00:00,0.62440002,0.625,0.62430000,0.62480003
2025-01-29 05:00:00,0.62489998,0.62550002,0.62449998,0.62480003
2025-01-29 06:00:00,0.62480003,0.62570000,0.62440002,0.62540001
2025-01-29 07:00:00,0.62540001,0.62570000,0.62519997,0.62550002
2025-01-29 08:00:00,0.62540001,0.62550002,0.62519997,0.62529999
2025-01-29 09:00:00,0.62540001,0.62550002,0.62489998,0.62540001
2025-01-29 10:00:00,0.62540001,0.62550002,0.62510002,0.62519997
2025-01-29 11:00:00,0.62510002,0.62559998,0.62269998,0.62339997
2025-01-29 12:00:00,0.62339997,0.62370002,0.62279999,0.62320000
2025-01-29 13:00:00,0.62320000,0.62410003,0.62309998,0.62360001
2025-01-29 14:00:00,0.62349999,0.62370002,0.62309998,0.62349999
2025-01-29 15:00:00,0.62349999,0.62400001,0.62339997,0.62379998
2025-01-29 16:00:00,0.62370002,0.62470001,0.62360001,0.62470001
2025-01-29 17:00:00,0.62470001,0.625,0.62440002,0.62440002
2025-01-29 18:00:00,0.62449998,0.62459999,0.62349999,0.62370002
2025-01-29 19:00:00,0.62379998,0.62410003,0.62349999,0.62370002
2025-01-29 20:00:00,0.62370002,0.62379998,0.62250000,0.62269998
2025-01-29 21:00:00,0.62269998,0.62300003,0.62230003,0.62269998
2025-01-29 22:00:00,0.62279999,0.62309998,0.62230003,0.62260002
2025-01-29 23:00:00,0.62260002,0.62269998,0.62190002,0.62230003
2025-01-30 00:00:00,0.62239999,0.62260002,0.62099999,0.62140000
2025-01-30 01:00:00,0.62140000,0.62220001,0.62140000,0.62210000
2025-01-30 02:00:00,0.62199998,0.62300003,0.62169999,0.62279999
2025-01-30 03:00:00,0.62279999,0.62320000,0.62230003,0.62260002
2025-01-30 04:00:00,0.62260002,0.62370002,0.62260002,0.62309998
2025-01-30 05:00:00,0.62309998,0.62349999,0.62269998,0.62330002
2025-01-30 06:00:00,0.62330002,0.62390000,0.62140000,0.62320000
2025-01-30 07:00:00,0.62309998,0.62400001,0.62239999,0.62290001
2025-01-30 08:00:00,0.62290001,0.62320000,0.62250000,0.62300003
2025-01-30 09:00:00,0.62239999,0.62349999,0.62239999,0.62339997
2025-01-30 10:00:00,0.62339997,0.62410003,0.62330002,0.62400001
2025-01-30 11:00:00,0.62390000,0.62440002,0.62370002,0.62390000
2025-01-30 12:00:00,0.62379998,0.62410003,0.62349999,0.62379998
2025-01-30 13:00:00,0.62379998,0.62430000,0.62339997,0.62349999
2025-01-30 14:00:00,0.62360001,0.62400001,0.62309998,0.62320000
2025-01-30 15:00:00,0.62330002,0.62339997,0.62220001,0.62250000
2025-01-30 16:00:00,0.62239999,0.62260002,0.62190002,0.62210000
2025-01-30 17:00:00,0.62199998,0.62210000,0.62159997,0.62199998
2025-01-30 18:00:00,0.62190002,0.62239999,0.62150002,0.62230003
2025-01-30 19:00:00,0.62239999,0.62339997,0.62220001,0.62339997
2025-01-30 20:00:00,0.62349999,0.62349999,0.62250000,0.62279999
2025-01-30 21:00:00,0.62279999,0.62300003,0.62239999,0.62269998
2025-01-30 22:00:00,0.62260002,0.62279999,0.62230003,0.62269998
2025-01-30 23:00:00,0.62269998,0.62300003,0.62210000,0.62279999
2025-01-31 00:00:00,0.62279999,0.62370002,0.62220001,0.62349999
2025-01-31 01:00:00,0.62339997,0.62379998,0.62279999,0.62290001
2025-01-31 02:00:00,0.62290001,0.62400001,0.62279999,0.62339997
2025-01-31 03:00:00,0.62339997,0.62370002,0.62309998,0.62309998
2025-01-31 04:00:00,0.62309998,0.62320000,0.62239999,0.62300003
2025-01-31 05:00:00,0.62309998,0.62370002,0.62300003,0.62360001
2025-01-31 06:00:00,0.62349999,0.62400001,0.62339997,0.62379998
2025-01-31 07:00:00,0.62379998,0.62400001,0.61989999,0.62180001
2025-01-31 08:00:00,0.62190002,0.62230003,0.62050003,0.62089998
2025-01-31 09:00:00,0.62120003,0.62120003,0.62040001,0.62070000
2025-01-31 10:00:00,0.62070000,0.62159997,0.62050003,0.62140000
2025-01-31 11:00:00,0.62140000,0.62180001,0.62050003,0.62070000
2025-01-31 12:00:00,0.62059999,0.62169999,0.62040001,0.62150002
2025-01-31 13:00:00,0.62150002,0.62239999,0.62129998,0.62210000
2025-01-31 14:00:00,0.62210000,0.62239999,0.62180001,0.62199998
2025-01-31 15:00:00,0.62210000,0.62260002,0.62180001,0.62239999
2025-01-31 16:00:00,0.62239999,0.62309998,0.62190002,0.62239999
2025-01-31 17:00:00,0.62239999,0.62309998,0.62230003,0.62279999
2025-01-31 18:00:00,0.62269998,0.62360001,0.62260002,0.62339997
2025-01-31 19:00:00,0.62349999,0.62379998,0.62210000,0.62220001
2025-01-31 20:00:00,0.62210000,0.62269998,0.62199998,0.62239999
2025-01-31 21:00:00,0.62230003,0.62250000,0.62150002,0.62159997
2025-01-31 22:00:00,0.62150002,0.62169999,0.62099999,0.62129998
2025-01-31 23:00:00,0.62129998,0.62180001,0.62129998,0.62169999
2025-02-01 00:00:00,0.62169999,0.62239999,0.62159997,0.62199998
2025-02-01 01:00:00,0.62210000,0.62210000,0.62110001,0.62180001
2025-02-01 02:00:00,0.62169999,0.62400001,0.62150002,0.62379998
2025-02-01 03:00:00,0.62370002,0.62440002,0.62309998,0.62410003
2025-02-01 04:00:00,0.62400001,0.62629998,0.62320000,0.62559998
2025-02-01 05:00:00,0.62550002,0.62570000,0.62120003,0.62190002
2025-02-01 06:00:00,0.62190002,0.62210000,0.62080002,0.62150002
2025-02-01 07:00:00,0.62140000,0.62220001,0.62099999,0.62140000
2025-02-01 08:00:00,0.62140000,0.62230003,0.62070000,0.62110001
2025-02-03 09:00:00,0.61540002,0.61669999,0.61530000,0.61540002
2025-02-03 10:00:00,0.61540002,0.61640000,0.61379999,0.61420000
2025-02-03 11:00:00,0.61409998,0.61530000,0.61140001,0.61189997
2025-02-03 12:00:00,0.61180001,0.61360002,0.61140001,0.61159998
2025-02-03 13:00:00,0.61159998,0.61170000,0.60879999,0.60960001
2025-02-03 14:00:00,0.60970002,0.61000001,0.60879999,0.60979998
2025-02-03 15:00:00,0.60979998,0.61269999,0.60979998,0.61170000
2025-02-03 16:00:00,0.61159998,0.61229998,0.61140001,0.61210001
2025-02-03 17:00:00,0.61199999,0.61409998,0.61199999,0.61379999
2025-02-03 18:00:00,0.61390001,0.61430001,0.61330003,0.61360002
2025-02-03 19:00:00,0.61350000,0.61479998,0.61330003,0.61390001
2025-02-03 20:00:00,0.61400002,0.61500001,0.61379999,0.61420000
2025-02-03 21:00:00,0.61420000,0.61500001,0.61409998,0.61460000
2025-02-03 22:00:00,0.61440003,0.61489999,0.61360002,0.61489999
2025-02-03 23:00:00,0.61479998,0.61570001,0.61470002,0.61549997
2025-02-04 00:00:00,0.61549997,0.61739999,0.61540002,0.61610001
2025-02-04 01:00:00,0.61610001,0.61669999,0.61479998,0.61510003
2025-02-04 02:00:00,0.61460000,0.61970001,0.61420000,0.61949998
2025-02-04 03:00:00,0.61949998,0.61979997,0.61729997,0.61760002
2025-02-04 04:00:00,0.61769998,0.61940002,0.61659998,0.61790001
2025-02-04 05:00:00,0.61790001,0.61839998,0.61729997,0.61780000
2025-02-04 06:00:00,0.61780000,0.61890000,0.61780000,0.61830002
2025-02-04 07:00:00,0.61830002,0.61909997,0.61820000,0.61839998
2025-02-04 08:00:00,0.61849999,0.62379998,0.61830002,0.62279999
2025-02-04 09:00:00,0.62220001,0.62279999,0.62199998,0.62239999
2025-02-04 10:00:00,0.62239999,0.62339997,0.62169999,0.62180001
2025-02-04 11:00:00,0.62180001,0.62220001,0.62099999,0.62110001
2025-02-04 12:00:00,0.62110001,0.62110001,0.61989999,0.62089998
2025-02-04 13:00:00,0.62099999,0.62140000,0.62059999,0.62120003
2025-02-04 14:00:00,0.62120003,0.62140000,0.62010002,0.62019998
2025-02-04 15:00:00,0.62029999,0.62029999,0.61940002,0.61960000
2025-02-04 16:00:00,0.61940002,0.61940002,0.61699998,0.61860001
2025-02-04 17:00:00,0.61860001,0.62000000,0.61839998,0.61989999
2025-02-04 18:00:00,0.61989999,0.62089998,0.61949998,0.62070000
2025-02-04 19:00:00,0.62080002,0.62099999,0.61979997,0.62029999
2025-02-04 20:00:00,0.62040001,0.62120003,0.62029999,0.62080002
2025-02-04 21:00:00,0.62059999,0.62159997,0.62040001,0.62159997
2025-02-04 22:00:00,0.62150002,0.62159997,0.62059999,0.62059999
2025-02-04 23:00:00,0.62070000,0.62129998,0.62040001,0.62110001
2025-02-05 00:00:00,0.62120003,0.62180001,0.62099999,0.62169999
2025-02-05 01:00:00,0.62169999,0.62320000,0.62169999,0.62300003
2025-02-05 02:00:00,0.62349999,0.62540001,0.62330002,0.62489998
2025-02-05 03:00:00,0.62489998,0.62599999,0.62480003,0.62540001
2025-02-05 04:00:00,0.62540001,0.62570000,0.62430000,0.62519997
2025-02-05 05:00:00,0.62519997,0.62589997,0.625,0.62559998
2025-02-05 06:00:00,0.62559998,0.62620002,0.62550002,0.62599999
2025-02-05 07:00:00,0.62610000,0.62610000,0.62570000,0.62610000
2025-02-05 08:00:00,0.62620002,0.62620002,0.62540001,0.62540001
2025-02-05 09:00:00,0.62529999,0.62550002,0.62519997,0.62519997
2025-02-05 10:00:00,0.62529999,0.62570000,0.62489998,0.625
2025-02-05 11:00:00,0.625,0.62580001,0.62470001,0.62540001
2025-02-05 12:00:00,0.62540001,0.62610000,0.62419999,0.62430000
2025-02-05 13:00:00,0.62430000,0.62559998,0.62400001,0.62519997
2025-02-05 14:00:00,0.62529999,0.62570000,0.625,0.625
2025-02-05 15:00:00,0.62510002,0.62519997,0.62459999,0.62480003
2025-02-05 16:00:00,0.62489998,0.62529999,0.62470001,0.62529999
2025-02-05 17:00:00,0.62529999,0.62629998,0.62489998,0.62559998
2025-02-05 18:00:00,0.62550002,0.62739998,0.62519997,0.62699997
2025-02-05 19:00:00,0.62690002,0.62830001,0.62690002,0.62800002
2025-02-05 20:00:00,0.62800002,0.62840003,0.62779999,0.62790000
2025-02-05 21:00:00,0.62800002,0.62910002,0.62779999,0.62860000
2025-02-05 22:00:00,0.62870002,0.62879997,0.62800002,0.62819999
2025-02-05 23:00:00,0.62809998,0.62840003,0.62800002,0.62830001
2025-02-06 00:00:00,0.62840003,0.62870002,0.62760001,0.62779999
2025-02-06 01:00:00,0.62790000,0.62860000,0.62750000,0.62809998
2025-02-06 02:00:00,0.62900001,0.62970001,0.62809998,0.62940001
2025-02-06 03:00:00,0.62940001,0.62959999,0.62860000,0.62930000
2025-02-06 04:00:00,0.62940001,0.62980002,0.62870002,0.62930000
2025-02-06 05:00:00,0.62919998,0.62940001,0.62879997,0.62889999
2025-02-06 06:00:00,0.62889999,0.62900001,0.62840003,0.62860000
2025-02-06 07:00:00,0.62849998,0.62879997,0.62819999,0.62870002
2025-02-06 08:00:00,0.62870002,0.62879997,0.62840003,0.62840003
2025-02-06 09:00:00,0.62840003,0.62849998,0.62819999,0.62819999
2025-02-06 10:00:00,0.62830001,0.62870002,0.62819999,0.62830001
2025-02-06 11:00:00,0.62840003,0.62889999,0.62800002,0.62809998
2025-02-06 12:00:00,0.62800002,0.62860000,0.62790000,0.62849998
2025-02-06 13:00:00,0.62840003,0.62840003,0.62699997,0.62730002
2025-02-06 14:00:00,0.62739998,0.62750000,0.62620002,0.62639999
2025-02-06 15:00:00,0.62650001,0.62690002,0.62620002,0.62629998
2025-02-06 16:00:00,0.62620002,0.62690002,0.62610000,0.62629998
2025-02-06 17:00:00,0.62629998,0.62720001,0.62620002,0.62680000
2025-02-06 18:00:00,0.62669998,0.62699997,0.62610000,0.62629998
2025-02-06 19:00:00,0.62639999,0.62660003,0.62550002,0.62589997
2025-02-06 20:00:00,0.62599999,0.62629998,0.62559998,0.62610000
2025-02-06 21:00:00,0.62620002,0.62680000,0.62610000,0.62639999
2025-02-06 22:00:00,0.62639999,0.62690002,0.62610000,0.62650001
2025-02-06 23:00:00,0.62650001,0.62699997,0.62620002,0.62650001
2025-02-07 00:00:00,0.62660003,0.62669998,0.62580001,0.62639999
2025-02-07 01:00:00,0.62639999,0.62720001,0.62610000,0.62620002
2025-02-07 02:00:00,0.62620002,0.62809998,0.62599999,0.62800002
2025-02-07 03:00:00,0.62800002,0.62870002,0.62769997,0.62769997
2025-02-07 04:00:00,0.62760001,0.62860000,0.62760001,0.62849998
2025-02-07 05:00:00,0.62849998,0.62879997,0.62819999,0.62849998
2025-02-07 06:00:00,0.62840003,0.62849998,0.62790000,0.62800002
2025-02-07 07:00:00,0.62800002,0.62860000,0.62800002,0.62849998
2025-02-07 08:00:00,0.62849998,0.62849998,0.62830001,0.62830001
2025-02-07 09:00:00,0.62790000,0.62830001,0.62730002,0.62800002
2025-02-07 10:00:00,0.62809998,0.62840003,0.62790000,0.62809998
2025-02-07 11:00:00,0.62809998,0.62870002,0.62800002,0.62830001
2025-02-07 12:00:00,0.62830001,0.62919998,0.62830001,0.62900001
2025-02-07 13:00:00,0.62910002,0.62959999,0.62900001,0.62919998
2025-02-07 14:00:00,0.62919998,0.62930000,0.62860000,0.62870002
2025-02-07 15:00:00,0.62879997,0.62879997,0.62809998,0.62840003
2025-02-07 16:00:00,0.62830001,0.62860000,0.62790000,0.62800002
2025-02-07 17:00:00,0.62800002,0.62840003,0.62779999,0.62830001
2025-02-07 18:00:00,0.62830001,0.62900001,0.62819999,0.62879997
2025-02-07 19:00:00,0.62870002,0.62980002,0.62860000,0.62959999
2025-02-07 20:00:00,0.62970001,0.62980002,0.62930000,0.62930000
2025-02-07 21:00:00,0.62940001,0.62949997,0.62840003,0.62849998
2025-02-07 22:00:00,0.62849998,0.62870002,0.62809998,0.62819999
2025-02-07 23:00:00,0.62819999,0.62830001,0.62769997,0.62809998
2025-02-08 00:00:00,0.62800002,0.63020003,0.62660003,0.62769997
2025-02-08 01:00:00,0.62769997,0.62989998,0.62730002,0.62930000
2025-02-08 02:00:00,0.62910002,0.62949997,0.62599999,0.62739998
2025-02-08 03:00:00,0.62760001,0.62779999,0.62589997,0.62610000
2025-02-08 04:00:00,0.62620002,0.62760001,0.62540001,0.62690002
2025-02-08 05:00:00,0.62680000,0.62790000,0.62680000,0.62699997
2025-02-08 06:00:00,0.62690002,0.62760001,0.62690002,0.62720001
2025-02-08 07:00:00,0.62720001,0.62739998,0.62669998,0.62709999
2025-02-08 08:00:00,0.62720001,0.62750000,0.62680000,0.62730002
2025-02-10 09:00:00,0.62379998,0.62519997,0.62349999,0.62480003
2025-02-10 10:00:00,0.62489998,0.62610000,0.62449998,0.62589997
2025-02-10 11:00:00,0.62580001,0.62650001,0.62580001,0.62639999
2025-02-10 12:00:00,0.62650001,0.62690002,0.62519997,0.62550002
2025-02-10 13:00:00,0.62540001,0.62589997,0.62540001,0.62570000
2025-02-10 14:00:00,0.62580001,0.62690002,0.62580001,0.62690002
2025-02-10 15:00:00,0.62690002,0.62730002,0.62680000,0.62720001
2025-02-10 16:00:00,0.62720001,0.62779999,0.62699997,0.62709999
2025-02-10 17:00:00,0.62720001,0.62790000,0.62690002,0.62779999
2025-02-10 18:00:00,0.62790000,0.62800002,0.62699997,0.62730002
2025-02-10 19:00:00,0.62730002,0.62760001,0.62669998,0.62730002
2025-02-10 20:00:00,0.62730002,0.62830001,0.62720001,0.62790000
2025-02-10 21:00:00,0.62779999,0.62840003,0.62769997,0.62800002
2025-02-10 22:00:00,0.62800002,0.62840003,0.62730002,0.62739998
2025-02-10 23:00:00,0.62739998,0.62750000,0.62690002,0.62720001
2025-02-11 00:00:00,0.62730002,0.62840003,0.62709999,0.62819999
2025-02-11 01:00:00,0.62830001,0.62840003,0.62779999,0.62809998
2025-02-11 02:00:00,0.62809998,0.62879997,0.62809998,0.62830001
2025-02-11 03:00:00,0.62849998,0.62870002,0.62739998,0.62779999
2025-02-11 04:00:00,0.62790000,0.62800002,0.62730002,0.62769997
2025-02-11 05:00:00,0.62769997,0.62809998,0.62739998,0.62769997
2025-02-11 06:00:00,0.62769997,0.62819999,0.62750000,0.62800002
2025-02-11 07:00:00,0.62790000,0.62809998,0.62769997,0.62790000
2025-02-11 08:00:00,0.62779999,0.62800002,0.62769997,0.62769997
2025-02-11 09:00:00,0.62750000,0.62849998,0.62720001,0.62809998
2025-02-11 10:00:00,0.62800002,0.62809998,0.62639999,0.62699997
2025-02-11 11:00:00,0.62699997,0.62739998,0.62660003,0.62739998
2025-02-11 12:00:00,0.62730002,0.62750000,0.62709999,0.62730002
2025-02-11 13:00:00,0.62720001,0.62750000,0.62610000,0.62629998
2025-02-11 14:00:00,0.62629998,0.62699997,0.62599999,0.62699997
2025-02-11 15:00:00,0.62699997,0.62739998,0.62699997,0.62739998
2025-02-11 16:00:00,0.62739998,0.62769997,0.62730002,0.62760001
2025-02-11 17:00:00,0.62760001,0.62830001,0.62739998,0.62800002
2025-02-11 18:00:00,0.62790000,0.62840003,0.62739998,0.62800002
2025-02-11 19:00:00,0.62809998,0.62879997,0.62790000,0.62809998
2025-02-11 20:00:00,0.62819999,0.62849998,0.62769997,0.62769997
2025-02-11 21:00:00,0.62779999,0.62830001,0.62690002,0.62709999
2025-02-11 22:00:00,0.62709999,0.62750000,0.62699997,0.62730002
2025-02-11 23:00:00,0.62739998,0.62840003,0.62709999,0.62819999
2025-02-12 00:00:00,0.62819999,0.62819999,0.62730002,0.62790000
2025-02-12 01:00:00,0.62790000,0.62889999,0.62790000,0.62840003
2025-02-12 02:00:00,0.62849998,0.62900001,0.62809998,0.62889999
2025-02-12 03:00:00,0.62879997,0.62970001,0.62879997,0.62930000
2025-02-12 04:00:00,0.62930000,0.62959999,0.62910002,0.62919998
2025-02-12 05:00:00,0.62910002,0.62930000,0.62879997,0.62889999
2025-02-12 06:00:00,0.62889999,0.63010001,0.62870002,0.62940001
2025-02-12 07:00:00,0.62930000,0.63000000,0.62930000,0.62980002
2025-02-12 08:00:00,0.62970001,0.62980002,0.62919998,0.62949997
2025-02-12 09:00:00,0.62959999,0.62970001,0.62910002,0.62930000
2025-02-12 10:00:00,0.62940001,0.62980002,0.62919998,0.62970001
2025-02-12 11:00:00,0.62980002,0.62980002,0.62910002,0.62930000
2025-02-12 12:00:00,0.62940001,0.63020003,0.62879997,0.63020003
2025-02-12 13:00:00,0.63020003,0.63099998,0.63010001,0.63050002
2025-02-12 14:00:00,0.63050002,0.63069999,0.62949997,0.63000000
2025-02-12 15:00:00,0.62989998,0.63010001,0.62900001,0.62900001
2025-02-12 16:00:00,0.62900001,0.62930000,0.62889999,0.62919998
2025-02-12 17:00:00,0.62930000,0.62940001,0.62879997,0.62900001
2025-02-12 18:00:00,0.62900001,0.62940001,0.62870002,0.62879997
2025-02-12 19:00:00,0.62879997,0.62919998,0.62800002,0.62809998
2025-02-12 20:00:00,0.62809998,0.62830001,0.62769997,0.62790000
2025-02-12 21:00:00,0.62779999,0.62790000,0.62720001,0.62779999
2025-02-12 22:00:00,0.62769997,0.62830001,0.62769997,0.62790000
2025-02-12 23:00:00,0.62790000,0.62809998,0.62750000,0.62790000
2025-02-13 00:00:00,0.62790000,0.62800002,0.62379998,0.62440002
2025-02-13 01:00:00,0.62419999,0.62589997,0.62349999,0.62570000
2025-02-13 02:00:00,0.62580001,0.62779999,0.62519997,0.62739998
2025-02-13 03:00:00,0.62750000,0.62849998,0.62610000,0.62840003
2025-02-13 04:00:00,0.62840003,0.63059998,0.62840003,0.63029999
2025-02-13 05:00:00,0.63040000,0.63059998,0.62849998,0.62849998
2025-02-13 06:00:00,0.62860000,0.62879997,0.62840003,0.62860000
2025-02-13 07:00:00,0.62860000,0.62900001,0.62830001,0.62830001
2025-02-13 08:00:00,0.62840003,0.62840003,0.62779999,0.62800002
2025-02-13 09:00:00,0.62870002,0.62870002,0.62769997,0.62779999
2025-02-13 10:00:00,0.62790000,0.62819999,0.62790000,0.62819999
2025-02-13 11:00:00,0.62819999,0.62870002,0.62779999,0.62800002
2025-02-13 12:00:00,0.62790000,0.62840003,0.62739998,0.62819999
2025-02-13 13:00:00,0.62830001,0.62830001,0.62769997,0.62769997
2025-02-13 14:00:00,0.62779999,0.62910002,0.62760001,0.62900001
2025-02-13 15:00:00,0.62889999,0.63000000,0.62889999,0.62940001
2025-02-13 16:00:00,0.62940001,0.63000000,0.62919998,0.62970001
2025-02-13 17:00:00,0.62970001,0.62970001,0.62870002,0.62879997
2025-02-13 18:00:00,0.62879997,0.62919998,0.62800002,0.62840003
2025-02-13 19:00:00,0.62840003,0.62840003,0.62680000,0.62699997
2025-02-13 20:00:00,0.62690002,0.62709999,0.62639999,0.62669998
2025-02-13 21:00:00,0.62680000,0.62720001,0.62669998,0.62680000
2025-02-13 22:00:00,0.62680000,0.62720001,0.62589997,0.62629998
2025-02-13 23:00:00,0.62639999,0.62639999,0.62580001,0.62610000
2025-02-14 00:00:00,0.62610000,0.62709999,0.62559998,0.62629998
2025-02-14 01:00:00,0.62629998,0.62709999,0.62550002,0.62709999
2025-02-14 02:00:00,0.62709999,0.62989998,0.62699997,0.62980002
2025-02-14 03:00:00,0.62970001,0.63040000,0.62889999,0.62910002
2025-02-14 04:00:00,0.62910002,0.62970001,0.62879997,0.62889999
2025-02-14 05:00:00,0.62879997,0.62919998,0.62709999,0.62889999
2025-02-14 06:00:00,0.62879997,0.63090003,0.62879997,0.63020003
2025-02-14 07:00:00,0.63020003,0.63230002,0.63010001,0.63200003
2025-02-14 08:00:00,0.63200003,0.63209999,0.63160002,0.63180000
2025-02-14 09:00:00,0.63180000,0.63209999,0.63139999,0.63160002
2025-02-14 10:00:00,0.63160002,0.63190001,0.63110000,0.63169998
2025-02-14 11:00:00,0.63160002,0.63190001,0.63099998,0.63129997
2025-02-14 12:00:00,0.63150001,0.63249999,0.63139999,0.63220000
2025-02-14 13:00:00,0.63220000,0.63279998,0.63200003,0.63249999
2025-02-14 14:00:00,0.63260001,0.63260001,0.63200003,0.63220000
2025-02-14 15:00:00,0.63230002,0.63249999,0.63180000,0.63200003
2025-02-14 16:00:00,0.63209999,0.63220000,0.63160002,0.63200003
2025-02-14 17:00:00,0.63190001,0.63249999,0.63180000,0.63209999
2025-02-14 18:00:00,0.63220000,0.63319999,0.63209999,0.63290000
2025-02-14 19:00:00,0.63279998,0.63400000,0.63279998,0.63340002
2025-02-14 20:00:00,0.63330001,0.63450003,0.63330001,0.63410002
2025-02-14 21:00:00,0.63410002,0.63429999,0.63319999,0.63330001
2025-02-14 22:00:00,0.63330001,0.63400000,0.63319999,0.63400000
2025-02-14 23:00:00,0.63389999,0.63450003,0.63340002,0.63429999
2025-02-15 00:00:00,0.63440001,0.63590002,0.63429999,0.63529998
2025-02-15 01:00:00,0.63540000,0.63679999,0.63520002,0.63660002
2025-02-15 02:00:00,0.63650000,0.63660002,0.63529998,0.63620001
2025-02-15 03:00:00,0.63620001,0.63650000,0.63550001,0.63580000
2025-02-15 04:00:00,0.63580000,0.63609999,0.63529998,0.63590002
2025-02-15 05:00:00,0.63590002,0.63599998,0.63550001,0.63569999
2025-02-15 06:00:00,0.63580000,0.63599998,0.63550001,0.63590002
2025-02-15 07:00:00,0.63580000,0.63590002,0.63540000,0.63569999
2025-02-15 08:00:00,0.63559997,0.63580000,0.63510001,0.63510001
2025-02-17 09:00:00,0.63480002,0.63529998,0.63470000,0.63499999
2025-02-17 10:00:00,0.63499999,0.63569999,0.63489997,0.63569999
2025-02-17 11:00:00,0.63559997,0.63620001,0.63550001,0.63559997
2025-02-17 12:00:00,0.63559997,0.63720000,0.63529998,0.63679999
2025-02-17 13:00:00,0.63690001,0.63690001,0.63590002,0.63639998
2025-02-17 14:00:00,0.63630003,0.63679999,0.63599998,0.63639998
2025-02-17 15:00:00,0.63650000,0.63700002,0.63609999,0.63679999
2025-02-17 16:00:00,0.63679999,0.63739997,0.63650000,0.63679999
2025-02-17 17:00:00,0.63679999,0.63730001,0.63650000,0.63690001
2025-02-17 18:00:00,0.63690001,0.63720000,0.63609999,0.63630003
2025-02-17 19:00:00,0.63630003,0.63639998,0.63569999,0.63590002
2025-02-17 20:00:00,0.63599998,0.63679999,0.63590002,0.63669997
2025-02-17 21:00:00,0.63669997,0.63679999,0.63630003,0.63639998
2025-02-17 22:00:00,0.63660002,0.63679999,0.63599998,0.63669997
2025-02-17 23:00:00,0.63669997,0.63669997,0.63609999,0.63620001
2025-02-18 00:00:00,0.63639998,0.63669997,0.63630003,0.63650000
2025-02-18 01:00:00,0.63660002,0.63690001,0.63639998,0.63669997
2025-02-18 02:00:00,0.63669997,0.63700002,0.63630003,0.63650000
2025-02-18 03:00:00,0.63660002,0.63700002,0.63630003,0.63650000
2025-02-18 04:00:00,0.63650000,0.63669997,0.63630003,0.63639998
2025-02-18 05:00:00,0.63650000,0.63650000,0.63599998,0.63609999
2025-02-18 06:00:00,0.63599998,0.63599998,0.63550001,0.63599998
2025-02-18 07:00:00,0.63590002,0.63620001,0.63590002,0.63609999
2025-02-18 08:00:00,0.63609999,0.63609999,0.63559997,0.63569999
2025-02-18 09:00:00,0.63529998,0.63580000,0.63520002,0.63520002
2025-02-18 10:00:00,0.63520002,0.63559997,0.63510001,0.63550001
2025-02-18 11:00:00,0.63550001,0.63569999,0.63470000,0.63480002
2025-02-18 12:00:00,0.63470000,0.63480002,0.63360000,0.63410002
2025-02-18 13:00:00,0.63410002,0.63510001,0.63410002,0.63459998
2025-02-18 14:00:00,0.63459998,0.63679999,0.63349998,0.63499999
2025-02-18 15:00:00,0.63510001,0.63599998,0.63410002,0.63529998
2025-02-18 16:00:00,0.63529998,0.63599998,0.63510001,0.63559997
2025-02-18 17:00:00,0.63569999,0.63599998,0.63489997,0.63580000
2025-02-18 18:00:00,0.63569999,0.63650000,0.63510001,0.63550001
2025-02-18 19:00:00,0.63550001,0.63630003,0.63529998,0.63559997
2025-02-18 20:00:00,0.63550001,0.63620001,0.63540000,0.63609999
2025-02-18 21:00:00,0.63620001,0.63630003,0.63540000,0.63550001
2025-02-18 22:00:00,0.63559997,0.63599998,0.63540000,0.63569999
2025-02-18 23:00:00,0.63580000,0.63599998,0.63450003,0.63470000
2025-02-19 00:00:00,0.63459998,0.63480002,0.63419998,0.63440001
2025-02-19 01:00:00,0.63440001,0.63499999,0.63429999,0.63489997
2025-02-19 02:00:00,0.63489997,0.63569999,0.63480002,0.63529998
2025-02-19 03:00:00,0.63520002,0.63550001,0.63480002,0.63520002
2025-02-19 04:00:00,0.63520002,0.63520002,0.63450003,0.63459998
2025-02-19 05:00:00,0.63470000,0.63480002,0.63440001,0.63480002
2025-02-19 06:00:00,0.63470000,0.63510001,0.63450003,0.63489997
2025-02-19 07:00:00,0.63489997,0.63529998,0.63480002,0.63529998
2025-02-19 08:00:00,0.63520002,0.63550001,0.63510001,0.63529998
2025-02-19 09:00:00,0.63529998,0.63569999,0.63499999,0.63540000
2025-02-19 10:00:00,0.63540000,0.63550001,0.63510001,0.63520002
2025-02-19 11:00:00,0.63520002,0.63540000,0.63459998,0.63470000
2025-02-19 12:00:00,0.63480002,0.63520002,0.63419998,0.63510001
2025-02-19 13:00:00,0.63520002,0.63650000,0.63450003,0.63630003
2025-02-19 14:00:00,0.63620001,0.63669997,0.63590002,0.63620001
2025-02-19 15:00:00,0.63620001,0.63639998,0.63580000,0.63639998
2025-02-19 16:00:00,0.63639998,0.63679999,0.63620001,0.63679999
2025-02-19 17:00:00,0.63660002,0.63709998,0.63650000,0.63660002
2025-02-19 18:00:00,0.63650000,0.63690001,0.63609999,0.63630003
2025-02-19 19:00:00,0.63639998,0.63650000,0.63590002,0.63599998
2025-02-19 20:00:00,0.63599998,0.63639998,0.63569999,0.63569999
2025-02-19 21:00:00,0.63580000,0.63580000,0.63510001,0.63520002
2025-02-19 22:00:00,0.63529998,0.63550001,0.63450003,0.63489997
2025-02-19 23:00:00,0.63480002,0.63529998,0.63459998,0.63520002
2025-02-20 00:00:00,0.63510001,0.63569999,0.63480002,0.63510001
2025-02-20 01:00:00,0.63499999,0.63520002,0.63450003,0.63489997
2025-02-20 02:00:00,0.63480002,0.63660002,0.63459998,0.63499999
2025-02-20 03:00:00,0.63489997,0.63510001,0.63389999,0.63400000
2025-02-20 04:00:00,0.63400000,0.63440001,0.63370001,0.63410002
2025-02-20 05:00:00,0.63419998,0.63459998,0.63370001,0.63440001
2025-02-20 06:00:00,0.63429999,0.63529998,0.63419998,0.63480002
2025-02-20 07:00:00,0.63480002,0.63499999,0.63450003,0.63489997
2025-02-20 08:00:00,0.63480002,0.63499999,0.63450003,0.63450003
2025-02-20 09:00:00,0.63470000,0.63499999,0.63440001,0.63450003
2025-02-20 10:00:00,0.63450003,0.63459998,0.63380003,0.63410002
2025-02-20 11:00:00,0.63410002,0.63540000,0.63340002,0.63520002
2025-02-20 12:00:00,0.63529998,0.63559997,0.63279998,0.63340002
2025-02-20 13:00:00,0.63319999,0.63540000,0.63309997,0.63529998
2025-02-20 14:00:00,0.63540000,0.63620001,0.63450003,0.63599998
2025-02-20 15:00:00,0.63590002,0.63650000,0.63580000,0.63620001
2025-02-20 16:00:00,0.63620001,0.63669997,0.63620001,0.63630003
2025-02-20 17:00:00,0.63620001,0.63720000,0.63620001,0.63650000
2025-02-20 18:00:00,0.63639998,0.63679999,0.63620001,0.63650000
2025-02-20 19:00:00,0.63660002,0.63800001,0.63650000,0.63749999
2025-02-20 20:00:00,0.63739997,0.63789999,0.63720000,0.63760000
2025-02-20 21:00:00,0.63749999,0.63810003,0.63739997,0.63789999
2025-02-20 22:00:00,0.63789999,0.63819999,0.63679999,0.63709998
2025-02-20 23:00:00,0.63709998,0.63779998,0.63700002,0.63709998
2025-02-21 00:00:00,0.63709998,0.63840002,0.63700002,0.63749999
2025-02-21 01:00:00,0.63760000,0.63900000,0.63720000,0.63830000
2025-02-21 02:00:00,0.63830000,0.63950002,0.63770002,0.63950002
2025-02-21 03:00:00,0.63940001,0.63970000,0.63910002,0.63919997
2025-02-21 04:00:00,0.63929999,0.64029998,0.63910002,0.63970000
2025-02-21 05:00:00,0.63959998,0.64039999,0.63950002,0.64029998
2025-02-21 06:00:00,0.64029998,0.64039999,0.63950002,0.64029998
2025-02-21 07:00:00,0.64020002,0.64039999,0.63999999,0.64039999
2025-02-21 08:00:00,0.64029998,0.64050001,0.64010000,0.64010000
2025-02-21 09:00:00,0.63950002,0.63999999,0.63940001,0.63999999
2025-02-21 10:00:00,0.63999999,0.64090002,0.63990003,0.64029998
2025-02-21 11:00:00,0.64020002,0.64050001,0.63950002,0.63990003
2025-02-21 12:00:00,0.63980001,0.64010000,0.63910002,0.63919997
2025-02-21 13:00:00,0.63929999,0.64080000,0.63919997,0.64050001
2025-02-21 14:00:00,0.64050001,0.64050001,0.63990003,0.64020002
2025-02-21 15:00:00,0.64010000,0.64029998,0.63950002,0.63959998
2025-02-21 16:00:00,0.63970000,0.63980001,0.63870001,0.63889998
2025-02-21 17:00:00,0.63889998,0.63919997,0.63849998,0.63849998
2025-02-21 18:00:00,0.63859999,0.63929999,0.63849998,0.63910002
2025-02-21 19:00:00,0.63900000,0.63940001,0.63840002,0.63849998
2025-02-21 20:00:00,0.63840002,0.63880002,0.63819999,0.63859999
2025-02-21 21:00:00,0.63870001,0.63900000,0.63849998,0.63859999
2025-02-21 22:00:00,0.63849998,0.63910002,0.63849998,0.63870001
2025-02-21 23:00:00,0.63880002,0.63900000,0.63830000,0.63840002
2025-02-22 00:00:00,0.63840002,0.63859999,0.63800001,0.63840002
2025-02-22 01:00:00,0.63849998,0.63929999,0.63810003,0.63870001
2025-02-22 02:00:00,0.63849998,0.63889998,0.63709998,0.63749999
2025-02-22 03:00:00,0.63739997,0.63779998,0.63709998,0.63749999
2025-02-22 04:00:00,0.63749999,0.63779998,0.63700002,0.63720000
2025-02-22 05:00:00,0.63709998,0.63720000,0.63569999,0.63599998
2025-02-22 06:00:00,0.63599998,0.63620001,0.63520002,0.63540000
2025-02-22 07:00:00,0.63529998,0.63590002,0.63529998,0.63590002
2025-02-22 08:00:00,0.63580000,0.63590002,0.63540000,0.63569999
2025-02-24 09:00:00,0.63660002,0.63730001,0.63609999,0.63669997
2025-02-24 10:00:00,0.63660002,0.63739997,0.63650000,0.63690001
2025-02-24 11:00:00,0.63690001,0.63770002,0.63679999,0.63720000
2025-02-24 12:00:00,0.63709998,0.63730001,0.63609999,0.63700002
2025-02-24 13:00:00,0.63700002,0.63919997,0.63679999,0.63880002
2025-02-24 14:00:00,0.63870001,0.63929999,0.63810003,0.63830000
2025-02-24 15:00:00,0.63840002,0.63849998,0.63779998,0.63810003
2025-02-24 16:00:00,0.63810003,0.63819999,0.63770002,0.63770002
2025-02-24 17:00:00,0.63760000,0.63800001,0.63720000,0.63789999
2025-02-24 18:00:00,0.63800001,0.63819999,0.63660002,0.63709998
2025-02-24 19:00:00,0.63720000,0.63730001,0.63609999,0.63700002
2025-02-24 20:00:00,0.63690001,0.63739997,0.63650000,0.63650000
2025-02-24 21:00:00,0.63660002,0.63669997,0.63609999,0.63660002
2025-02-24 22:00:00,0.63650000,0.63700002,0.63639998,0.63669997
2025-02-24 23:00:00,0.63660002,0.63700002,0.63630003,0.63690001
2025-02-25 00:00:00,0.63690001,0.63720000,0.63679999,0.63690001
2025-02-25 01:00:00,0.63679999,0.63720000,0.63440001,0.63470000
2025-02-25 02:00:00,0.63480002,0.63559997,0.63450003,0.63550001
2025-02-25 03:00:00,0.63540000,0.63620001,0.63520002,0.63599998
2025-02-25 04:00:00,0.63599998,0.63639998,0.63550001,0.63580000
2025-02-25 05:00:00,0.63580000,0.63650000,0.63580000,0.63620001
2025-02-25 06:00:00,0.63620001,0.63639998,0.63559997,0.63569999
2025-02-25 07:00:00,0.63580000,0.63590002,0.63450003,0.63459998
2025-02-25 08:00:00,0.63459998,0.63499999,0.63450003,0.63499999
2025-02-25 09:00:00,0.63529998,0.63529998,0.63459998,0.63470000
2025-02-25 10:00:00,0.63459998,0.63470000,0.63370001,0.63389999
2025-02-25 11:00:00,0.63389999,0.63450003,0.63380003,0.63419998
2025-02-25 12:00:00,0.63419998,0.63450003,0.63389999,0.63450003
2025-02-25 13:00:00,0.63440001,0.63550001,0.63419998,0.63540000
2025-02-25 14:00:00,0.63540000,0.63569999,0.63520002,0.63520002
2025-02-25 15:00:00,0.63529998,0.63569999,0.63489997,0.63510001
2025-02-25 16:00:00,0.63499999,0.63569999,0.63499999,0.63550001
2025-02-25 17:00:00,0.63559997,0.63569999,0.63480002,0.63510001
2025-02-25 18:00:00,0.63499999,0.63510001,0.63370001,0.63380003
2025-02-25 19:00:00,0.63370001,0.63450003,0.63340002,0.63389999
2025-02-25 20:00:00,0.63389999,0.63419998,0.63319999,0.63319999
2025-02-25 21:00:00,0.63330001,0.63330001,0.63260001,0.63270003
2025-02-25 22:00:00,0.63270003,0.63450003,0.63260001,0.63450003
2025-02-25 23:00:00,0.63450003,0.63480002,0.63389999,0.63440001
2025-02-26 00:00:00,0.63440001,0.63520002,0.63410002,0.63459998
2025-02-26 01:00:00,0.63470000,0.63470000,0.63370001,0.63380003
2025-02-26 02:00:00,0.63380003,0.63389999,0.63260001,0.63330001
2025-02-26 03:00:00,0.63330001,0.63360000,0.63270003,0.63330001
2025-02-26 04:00:00,0.63319999,0.63349998,0.63220000,0.63349998
2025-02-26 05:00:00,0.63360000,0.63459998,0.63349998,0.63410002
2025-02-26 06:00:00,0.63410002,0.63440001,0.63389999,0.63429999
2025-02-26 07:00:00,0.63429999,0.63489997,0.63419998,0.63429999
2025-02-26 08:00:00,0.63429999,0.63470000,0.63429999,0.63440001
2025-02-26 09:00:00,0.63429999,0.63499999,0.63410002,0.63480002
2025-02-26 10:00:00,0.63489997,0.63540000,0.63470000,0.63520002
2025-02-26 11:00:00,0.63520002,0.63529998,0.63429999,0.63429999
2025-02-26 12:00:00,0.63440001,0.63440001,0.63300002,0.63389999
2025-02-26 13:00:00,0.63389999,0.63410002,0.63239998,0.63319999
2025-02-26 14:00:00,0.63319999,0.63349998,0.63249999,0.63270003
2025-02-26 15:00:00,0.63260001,0.63319999,0.63249999,0.63270003
2025-02-26 16:00:00,0.63270003,0.63290000,0.63200003,0.63230002
2025-02-26 17:00:00,0.63239998,0.63330001,0.63220000,0.63309997
2025-02-26 18:00:00,0.63300002,0.63400000,0.63260001,0.63270003
2025-02-26 19:00:00,0.63270003,0.63349998,0.63260001,0.63309997
2025-02-26 20:00:00,0.63309997,0.63309997,0.63230002,0.63239998
2025-02-26 21:00:00,0.63239998,0.63260001,0.63180000,0.63180000
2025-02-26 22:00:00,0.63169998,0.63180000,0.63120002,0.63139999
2025-02-26 23:00:00,0.63129997,0.63169998,0.63050002,0.63069999
2025-02-27 00:00:00,0.63080001,0.63150001,0.63050002,0.63050002
2025-02-27 01:00:00,0.63050002,0.63090003,0.63000000,0.63069999
2025-02-27 02:00:00,0.63069999,0.63200003,0.63020003,0.63169998
2025-02-27 03:00:00,0.63169998,0.63249999,0.63169998,0.63220000
2025-02-27 04:00:00,0.63209999,0.63360000,0.63139999,0.63160002
2025-02-27 05:00:00,0.63160002,0.63220000,0.63050002,0.63069999
2025-02-27 06:00:00,0.63069999,0.63129997,0.63020003,0.63080001
2025-02-27 07:00:00,0.63090003,0.63090003,0.62980002,0.63010001
2025-02-27 08:00:00,0.63010001,0.63059998,0.62959999,0.63059998
2025-02-27 09:00:00,0.63029999,0.63129997,0.63029999,0.63069999
2025-02-27 10:00:00,0.63080001,0.63150001,0.63069999,0.63090003
2025-02-27 11:00:00,0.63090003,0.63090003,0.63010001,0.63010001
2025-02-27 12:00:00,0.63010001,0.63110000,0.62970001,0.63069999
2025-02-27 13:00:00,0.63069999,0.63110000,0.63000000,0.63020003
2025-02-27 14:00:00,0.63029999,0.63050002,0.62919998,0.62930000
2025-02-27 15:00:00,0.62940001,0.62949997,0.62849998,0.62879997
2025-02-27 16:00:00,0.62879997,0.62930000,0.62860000,0.62919998
2025-02-27 17:00:00,0.62930000,0.62980002,0.62919998,0.62959999
2025-02-27 18:00:00,0.62959999,0.63040000,0.62919998,0.62980002
2025-02-27 19:00:00,0.62980002,0.63040000,0.62949997,0.63000000
2025-02-27 20:00:00,0.63010001,0.63029999,0.62959999,0.63020003
2025-02-27 21:00:00,0.63029999,0.63040000,0.62949997,0.63000000
2025-02-27 22:00:00,0.63000000,0.63050002,0.62989998,0.62989998
2025-02-27 23:00:00,0.63000000,0.63040000,0.62949997,0.62949997
2025-02-28 00:00:00,0.62959999,0.62989998,0.62650001,0.62680000
2025-02-28 01:00:00,0.62669998,0.62739998,0.62510002,0.62540001
2025-02-28 02:00:00,0.62529999,0.62599999,0.625,0.62559998
2025-02-28 03:00:00,0.62550002,0.62580001,0.625,0.62540001
2025-02-28 04:00:00,0.62540001,0.62570000,0.62440002,0.62470001
2025-02-28 05:00:00,0.62470001,0.62540001,0.62470001,0.62540001
2025-02-28 06:00:00,0.62540001,0.62550002,0.62400001,0.62440002
2025-02-28 07:00:00,0.62430000,0.62440002,0.62349999,0.62379998
2025-02-28 08:00:00,0.62370002,0.62370002,0.62320000,0.62360001
2025-02-28 09:00:00,0.62370002,0.62390000,0.62309998,0.62320000
2025-02-28 10:00:00,0.62330002,0.62390000,0.62309998,0.62320000
2025-02-28 11:00:00,0.62320000,0.62360001,0.62290001,0.62320000
2025-02-28 12:00:00,0.62320000,0.62379998,0.62210000,0.62220001
2025-02-28 13:00:00,0.62210000,0.62260002,0.62129998,0.62140000
2025-02-28 14:00:00,0.62140000,0.62169999,0.62099999,0.62120003
2025-02-28 15:00:00,0.62129998,0.62150002,0.62099999,0.62129998
2025-02-28 16:00:00,0.62120003,0.62180001,0.62120003,0.62140000
2025-02-28 17:00:00,0.62150002,0.62180001,0.62099999,0.62120003
2025-02-28 18:00:00,0.62110001,0.62150002,0.62089998,0.62129998
2025-02-28 19:00:00,0.62129998,0.62180001,0.62110001,0.62169999
2025-02-28 20:00:00,0.62180001,0.62210000,0.62129998,0.62150002
2025-02-28 21:00:00,0.62140000,0.62180001,0.62110001,0.62140000
2025-02-28 22:00:00,0.62140000,0.62190002,0.62120003,0.62180001
2025-02-28 23:00:00,0.62190002,0.62230003,0.62150002,0.62169999
2025-03-01 00:00:00,0.62169999,0.62210000,0.62120003,0.62129998
2025-03-01 01:00:00,0.62140000,0.62150002,0.62059999,0.62099999
2025-03-01 02:00:00,0.62089998,0.62210000,0.62089998,0.62190002
2025-03-01 03:00:00,0.62180001,0.62190002,0.62059999,0.62110001
2025-03-01 04:00:00,0.62099999,0.62159997,0.62050003,0.62059999
2025-03-01 05:00:00,0.62050003,0.62080002,0.61940002,0.61960000
2025-03-01 06:00:00,0.61949998,0.62010002,0.61930001,0.61989999
2025-03-01 07:00:00,0.61979997,0.62070000,0.61970001,0.62059999
2025-03-01 08:00:00,0.62050003,0.62099999,0.62029999,0.62089998
2025-03-03 09:00:00,0.62169999,0.62190002,0.62089998,0.62089998
2025-03-03 10:00:00,0.62099999,0.62239999,0.62099999,0.62210000
2025-03-03 11:00:00,0.62199998,0.62250000,0.62140000,0.62190002
2025-03-03 12:00:00,0.62199998,0.62309998,0.62190002,0.62269998
2025-03-03 13:00:00,0.62269998,0.62309998,0.62190002,0.62210000
2025-03-03 14:00:00,0.62199998,0.62210000,0.62110001,0.62190002
2025-03-03 15:00:00,0.62180001,0.62239999,0.62180001,0.62199998
2025-03-03 16:00:00,0.62190002,0.62220001,0.62150002,0.62180001
2025-03-03 17:00:00,0.62169999,0.62180001,0.62089998,0.62159997
2025-03-03 18:00:00,0.62169999,0.62210000,0.62140000,0.62169999
2025-03-03 19:00:00,0.62169999,0.62199998,0.62110001,0.62180001
2025-03-03 20:00:00,0.62190002,0.62260002,0.62169999,0.62239999
2025-03-03 21:00:00,0.62239999,0.62269998,0.62199998,0.62230003
2025-03-03 22:00:00,0.62230003,0.62269998,0.62199998,0.62230003
2025-03-03 23:00:00,0.62230003,0.62309998,0.62230003,0.62279999
2025-03-04 00:00:00,0.62279999,0.62339997,0.62239999,0.62339997
2025-03-04 01:00:00,0.62330002,0.62489998,0.62330002,0.62430000
2025-03-04 02:00:00,0.62430000,0.62550002,0.62390000,0.62410003
2025-03-04 03:00:00,0.62410003,0.62489998,0.62390000,0.62470001
2025-03-04 04:00:00,0.62470001,0.625,0.62440002,0.62480003
2025-03-04 05:00:00,0.62470001,0.625,0.62349999,0.62370002
2025-03-04 06:00:00,0.62349999,0.62390000,0.62210000,0.62230003
2025-03-04 07:00:00,0.62220001,0.62260002,0.62040001,0.62210000
2025-03-04 08:00:00,0.62199998,0.62279999,0.62199998,0.62239999
2025-03-04 09:00:00,0.62230003,0.62260002,0.62190002,0.62199998
2025-03-04 10:00:00,0.62199998,0.62239999,0.62129998,0.62159997
2025-03-04 11:00:00,0.62159997,0.62190002,0.62059999,0.62159997
2025-03-04 12:00:00,0.62159997,0.62199998,0.62080002,0.62099999
2025-03-04 13:00:00,0.62110001,0.62129998,0.62000000,0.62010002
2025-03-04 14:00:00,0.62010002,0.62099999,0.61979997,0.62010002
2025-03-04 15:00:00,0.62000000,0.62010002,0.61900002,0.61960000
2025-03-04 16:00:00,0.61949998,0.62019998,0.61870003,0.62019998
2025-03-04 17:00:00,0.62019998,0.62120003,0.62010002,0.62110001
2025-03-04 18:00:00,0.62099999,0.62140000,0.62040001,0.62070000
2025-03-04 19:00:00,0.62059999,0.62120003,0.61979997,0.62110001
2025-03-04 20:00:00,0.62110001,0.62300003,0.62110001,0.62220001
2025-03-04 21:00:00,0.62220001,0.62269998,0.62169999,0.62230003
2025-03-04 22:00:00,0.62230003,0.62379998,0.62210000,0.62370002
2025-03-04 23:00:00,0.62360001,0.62440002,0.62330002,0.62379998
2025-03-05 00:00:00,0.62379998,0.62410003,0.62199998,0.62260002
2025-03-05 01:00:00,0.62250000,0.62309998,0.62050003,0.62050003
2025-03-05 02:00:00,0.62040001,0.62120003,0.61970001,0.62070000
2025-03-05 03:00:00,0.62070000,0.62140000,0.61989999,0.62110001
2025-03-05 04:00:00,0.62110001,0.62210000,0.62099999,0.62159997
2025-03-05 05:00:00,0.62150002,0.62309998,0.62140000,0.62300003
2025-03-05 06:00:00,0.62309998,0.62470001,0.62309998,0.62459999
2025-03-05 07:00:00,0.62470001,0.62629998,0.62459999,0.625
2025-03-05 08:00:00,0.62510002,0.62730002,0.62489998,0.62720001
2025-03-05 09:00:00,0.62720001,0.62720001,0.62570000,0.62690002
2025-03-05 10:00:00,0.62699997,0.62800002,0.62669998,0.62680000
2025-03-05 11:00:00,0.62680000,0.62690002,0.62540001,0.62570000
2025-03-05 12:00:00,0.62559998,0.62650001,0.625,0.625
2025-03-05 13:00:00,0.625,0.62519997,0.62390000,0.62390000
2025-03-05 14:00:00,0.62379998,0.62510002,0.62339997,0.625
2025-03-05 15:00:00,0.62510002,0.62570000,0.62480003,0.62489998
2025-03-05 16:00:00,0.625,0.62570000,0.62470001,0.62540001
2025-03-05 17:00:00,0.62550002,0.62650001,0.62519997,0.62639999
2025-03-05 18:00:00,0.62639999,0.62800002,0.62639999,0.62730002
2025-03-05 19:00:00,0.62730002,0.62840003,0.62680000,0.62840003
2025-03-05 20:00:00,0.62840003,0.62910002,0.62819999,0.62840003
2025-03-05 21:00:00,0.62840003,0.62849998,0.62760001,0.62840003
2025-03-05 22:00:00,0.62840003,0.62860000,0.62769997,0.62790000
2025-03-05 23:00:00,0.62800002,0.62910002,0.62769997,0.62779999
2025-03-06 00:00:00,0.62790000,0.62949997,0.62709999,0.62940001
2025-03-06 01:00:00,0.62949997,0.63190001,0.62930000,0.63169998
2025-03-06 02:00:00,0.63160002,0.63209999,0.63010001,0.63050002
2025-03-06 03:00:00,0.63050002,0.63200003,0.63010001,0.63099998
2025-03-06 04:00:00,0.63110000,0.63249999,0.63080001,0.63239998
2025-03-06 05:00:00,0.63239998,0.63279998,0.63139999,0.63249999
2025-03-06 06:00:00,0.63239998,0.63419998,0.63239998,0.63389999
2025-03-06 07:00:00,0.63389999,0.63429999,0.63360000,0.63400000
2025-03-06 08:00:00,0.63400000,0.63400000,0.63349998,0.63360000
2025-03-06 09:00:00,0.63349998,0.63400000,0.63270003,0.63330001
2025-03-06 10:00:00,0.63330001,0.63400000,0.63330001,0.63370001
2025-03-06 11:00:00,0.63370001,0.63389999,0.63290000,0.63309997
2025-03-06 12:00:00,0.63309997,0.63540000,0.63300002,0.63520002
2025-03-06 13:00:00,0.63510001,0.63569999,0.63389999,0.63429999
2025-03-06 14:00:00,0.63440001,0.63440001,0.63370001,0.63389999
2025-03-06 15:00:00,0.63400000,0.63480002,0.63380003,0.63480002
2025-03-06 16:00:00,0.63470000,0.63480002,0.63340002,0.63380003
2025-03-06 17:00:00,0.63389999,0.63450003,0.63370001,0.63410002
2025-03-06 18:00:00,0.63419998,0.63499999,0.63319999,0.63330001
2025-03-06 19:00:00,0.63319999,0.63450003,0.63290000,0.63360000
2025-03-06 20:00:00,0.63349998,0.63400000,0.63239998,0.63330001
2025-03-06 21:00:00,0.63319999,0.63349998,0.63270003,0.63279998
2025-03-06 22:00:00,0.63279998,0.63370001,0.63220000,0.63349998
2025-03-06 23:00:00,0.63360000,0.63400000,0.63309997,0.63340002
2025-03-07 00:00:00,0.63340002,0.63450003,0.63300002,0.63330001
2025-03-07 01:00:00,0.63330001,0.63410002,0.63290000,0.63389999
2025-03-07 02:00:00,0.63380003,0.63559997,0.63380003,0.63510001
2025-03-07 03:00:00,0.63510001,0.63639998,0.63470000,0.63470000
2025-03-07 04:00:00,0.63470000,0.63510001,0.63349998,0.63389999
2025-03-07 05:00:00,0.63400000,0.63470000,0.63349998,0.63380003
2025-03-07 06:00:00,0.63380003,0.63440001,0.63290000,0.63360000
2025-03-07 07:00:00,0.63349998,0.63400000,0.63309997,0.63309997
2025-03-07 08:00:00,0.63309997,0.63340002,0.63300002,0.63330001
2025-03-07 09:00:00,0.63270003,0.63360000,0.63270003,0.63330001
2025-03-07 10:00:00,0.63330001,0.63380003,0.63309997,0.63319999
2025-03-07 11:00:00,0.63319999,0.63380003,0.63239998,0.63270003
2025-03-07 12:00:00,0.63279998,0.63290000,0.63139999,0.63200003
2025-03-07 13:00:00,0.63190001,0.63220000,0.63129997,0.63150001
2025-03-07 14:00:00,0.63150001,0.63150001,0.63000000,0.63029999
2025-03-07 15:00:00,0.63029999,0.63080001,0.63020003,0.63059998
2025-03-07 16:00:00,0.63059998,0.63080001,0.63000000,0.63010001
2025-03-07 17:00:00,0.63020003,0.63050002,0.62970001,0.63040000
2025-03-07 18:00:00,0.63029999,0.63129997,0.63020003,0.63090003
2025-03-07 19:00:00,0.63090003,0.63209999,0.63080001,0.63169998
2025-03-07 20:00:00,0.63169998,0.63220000,0.63129997,0.63139999
2025-03-07 21:00:00,0.63129997,0.63139999,0.63040000,0.63090003
2025-03-07 22:00:00,0.63080001,0.63099998,0.62940001,0.62949997
2025-03-07 23:00:00,0.62959999,0.63000000,0.62879997,0.62919998
2025-03-08 00:00:00,0.62910002,0.63120002,0.62849998,0.62849998
2025-03-08 01:00:00,0.62860000,0.63080001,0.62819999,0.63050002
2025-03-08 02:00:00,0.63069999,0.63169998,0.63000000,0.63129997
2025-03-08 03:00:00,0.63120002,0.63139999,0.62940001,0.62989998
2025-03-08 04:00:00,0.63000000,0.63029999,0.62840003,0.62930000
2025-03-08 05:00:00,0.62930000,0.63010001,0.62900001,0.63000000
2025-03-08 06:00:00,0.63000000,0.63099998,0.63000000,0.63090003
2025-03-08 07:00:00,0.63080001,0.63120002,0.63080001,0.63110000
2025-03-08 08:00:00,0.63099998,0.63129997,0.63059998,0.63069999
2025-03-10 09:00:00,0.63069999,0.63099998,0.63000000,0.63020003
2025-03-10 10:00:00,0.63010001,0.63080001,0.62959999,0.63029999
2025-03-10 11:00:00,0.63040000,0.63150001,0.63000000,0.63110000
2025-03-10 12:00:00,0.63110000,0.63200003,0.63110000,0.63169998
2025-03-10 13:00:00,0.63160002,0.63200003,0.63080001,0.63080001
2025-03-10 14:00:00,0.63080001,0.63110000,0.63020003,0.63050002
2025-03-10 15:00:00,0.63059998,0.63099998,0.63050002,0.63069999
2025-03-10 16:00:00,0.63059998,0.63169998,0.63040000,0.63169998
2025-03-10 17:00:00,0.63180000,0.63239998,0.63150001,0.63190001
2025-03-10 18:00:00,0.63190001,0.63230002,0.63160002,0.63230002
2025-03-10 19:00:00,0.63230002,0.63230002,0.63099998,0.63129997
2025-03-10 20:00:00,0.63129997,0.63300002,0.63120002,0.63270003
2025-03-10 21:00:00,0.63270003,0.63300002,0.63220000,0.63220000
2025-03-10 22:00:00,0.63230002,0.63290000,0.63160002,0.63239998
2025-03-10 23:00:00,0.63249999,0.63309997,0.63230002,0.63260001
2025-03-11 00:00:00,0.63249999,0.63290000,0.63169998,0.63169998
2025-03-11 01:00:00,0.63169998,0.63180000,0.63040000,0.63090003
2025-03-11 02:00:00,0.63080001,0.63150001,0.63029999,0.63069999
2025-03-11 03:00:00,0.63059998,0.63080001,0.62989998,0.63000000
2025-03-11 04:00:00,0.63000000,0.63010001,0.62870002,0.62870002
2025-03-11 05:00:00,0.62860000,0.62870002,0.62680000,0.62699997
2025-03-11 06:00:00,0.62690002,0.62840003,0.62639999,0.62830001
2025-03-11 07:00:00,0.62819999,0.62849998,0.62730002,0.62790000
2025-03-11 08:00:00,0.62790000,0.62809998,0.62750000,0.62800002
2025-03-11 09:00:00,0.62779999,0.62800002,0.62720001,0.62720001
2025-03-11 10:00:00,0.62720001,0.62809998,0.62709999,0.62800002
2025-03-11 11:00:00,0.62800002,0.62849998,0.62730002,0.62769997
2025-03-11 12:00:00,0.62779999,0.62779999,0.62589997,0.62739998
2025-03-11 13:00:00,0.62739998,0.62889999,0.62720001,0.62790000
2025-03-11 14:00:00,0.62800002,0.62840003,0.62699997,0.62739998
2025-03-11 15:00:00,0.62739998,0.62819999,0.62720001,0.62779999
2025-03-11 16:00:00,0.62769997,0.62779999,0.62629998,0.62680000
2025-03-11 17:00:00,0.62680000,0.62779999,0.62629998,0.62690002
2025-03-11 18:00:00,0.62690002,0.62889999,0.62669998,0.62849998
2025-03-11 19:00:00,0.62840003,0.62930000,0.62819999,0.62910002
2025-03-11 20:00:00,0.62919998,0.62980002,0.62870002,0.62919998
2025-03-11 21:00:00,0.62910002,0.62919998,0.62809998,0.62840003
2025-03-11 22:00:00,0.62840003,0.62910002,0.62800002,0.62900001
2025-03-11 23:00:00,0.62910002,0.62980002,0.62889999,0.62910002
2025-03-12 00:00:00,0.62910002,0.62989998,0.62870002,0.62940001
2025-03-12 01:00:00,0.62930000,0.62970001,0.62660003,0.62699997
2025-03-12 02:00:00,0.62690002,0.62910002,0.62680000,0.62840003
2025-03-12 03:00:00,0.62840003,0.62889999,0.62800002,0.62840003
2025-03-12 04:00:00,0.62840003,0.62889999,0.62769997,0.62870002
2025-03-12 05:00:00,0.62879997,0.63120002,0.62870002,0.63069999
2025-03-12 06:00:00,0.63080001,0.63110000,0.62980002,0.62980002
2025-03-12 07:00:00,0.62980002,0.63000000,0.62930000,0.62980002
2025-03-12 08:00:00,0.62989998,0.62989998,0.62870002,0.62940001
2025-03-12 09:00:00,0.62940001,0.63000000,0.62940001,0.62989998
2025-03-12 10:00:00,0.62989998,0.63000000,0.62940001,0.62959999
2025-03-12 11:00:00,0.62949997,0.62989998,0.62879997,0.62930000
2025-03-12 12:00:00,0.62940001,0.62959999,0.62900001,0.62919998
2025-03-12 13:00:00,0.62910002,0.62980002,0.62879997,0.62889999
2025-03-12 14:00:00,0.62900001,0.62930000,0.62840003,0.62840003
2025-03-12 15:00:00,0.62840003,0.62919998,0.62819999,0.62889999
2025-03-12 16:00:00,0.62900001,0.62930000,0.62870002,0.62930000
2025-03-12 17:00:00,0.62930000,0.62940001,0.62779999,0.62790000
2025-03-12 18:00:00,0.62790000,0.62910002,0.62769997,0.62879997
2025-03-12 19:00:00,0.62870002,0.63000000,0.62860000,0.62980002
2025-03-12 20:00:00,0.62989998,0.63010001,0.62879997,0.62889999
2025-03-12 21:00:00,0.62879997,0.62910002,0.62860000,0.62889999
2025-03-12 22:00:00,0.62879997,0.62940001,0.62849998,0.62870002
2025-03-12 23:00:00,0.62860000,0.63209999,0.62779999,0.62849998
2025-03-13 00:00:00,0.62840003,0.63010001,0.62840003,0.62889999
2025-03-13 01:00:00,0.62889999,0.62970001,0.62809998,0.62940001
2025-03-13 02:00:00,0.62949997,0.63069999,0.62919998,0.63050002
2025-03-13 03:00:00,0.63050002,0.63150001,0.63050002,0.63090003
2025-03-13 04:00:00,0.63099998,0.63190001,0.63069999,0.63080001
2025-03-13 05:00:00,0.63090003,0.63180000,0.63080001,0.63160002
2025-03-13 06:00:00,0.63150001,0.63200003,0.63120002,0.63169998
2025-03-13 07:00:00,0.63169998,0.63230002,0.63160002,0.63209999
2025-03-13 08:00:00,0.63209999,0.63220000,0.63169998,0.63190001
2025-03-13 09:00:00,0.63209999,0.63249999,0.63200003,0.63239998
2025-03-13 10:00:00,0.63249999,0.63290000,0.63230002,0.63290000
2025-03-13 11:00:00,0.63290000,0.63340002,0.63249999,0.63279998
2025-03-13 12:00:00,0.63279998,0.63309997,0.63200003,0.63230002
2025-03-13 13:00:00,0.63230002,0.63279998,0.63209999,0.63230002
2025-03-13 14:00:00,0.63239998,0.63239998,0.63150001,0.63150001
2025-03-13 15:00:00,0.63139999,0.63180000,0.63080001,0.63099998
2025-03-13 16:00:00,0.63099998,0.63099998,0.63000000,0.63069999
2025-03-13 17:00:00,0.63059998,0.63069999,0.62930000,0.62980002
2025-03-13 18:00:00,0.62970001,0.63010001,0.62879997,0.62959999
2025-03-13 19:00:00,0.62940001,0.63010001,0.62910002,0.62919998
2025-03-13 20:00:00,0.62919998,0.62930000,0.62849998,0.62910002
2025-03-13 21:00:00,0.62900001,0.62919998,0.62870002,0.62889999
2025-03-13 22:00:00,0.62889999,0.62910002,0.62840003,0.62870002
2025-03-13 23:00:00,0.62860000,0.63050002,0.62720001,0.62769997
2025-03-14 00:00:00,0.62769997,0.62809998,0.62690002,0.62790000
2025-03-14 01:00:00,0.62779999,0.62959999,0.62779999,0.62949997
2025-03-14 02:00:00,0.62959999,0.62980002,0.62860000,0.62870002
2025-03-14 03:00:00,0.62879997,0.62959999,0.62849998,0.62910002
2025-03-14 04:00:00,0.62910002,0.62910002,0.62760001,0.62769997
2025-03-14 05:00:00,0.62769997,0.62879997,0.62760001,0.62870002
2025-03-14 06:00:00,0.62870002,0.62889999,0.62830001,0.62840003
2025-03-14 07:00:00,0.62840003,0.62870002,0.62800002,0.62840003
2025-03-14 08:00:00,0.62849998,0.62879997,0.62800002,0.62809998
2025-03-14 09:00:00,0.62840003,0.62889999,0.62809998,0.62849998
2025-03-14 10:00:00,0.62860000,0.62900001,0.62840003,0.62870002
2025-03-14 11:00:00,0.62860000,0.62900001,0.62779999,0.62849998
2025-03-14 12:00:00,0.62849998,0.62930000,0.62830001,0.62889999
2025-03-14 13:00:00,0.62889999,0.62900001,0.62800002,0.62849998
2025-03-14 14:00:00,0.62840003,0.62930000,0.62840003,0.62910002
2025-03-14 15:00:00,0.62919998,0.62949997,0.62879997,0.62940001
2025-03-14 16:00:00,0.62940001,0.62970001,0.62900001,0.62959999
2025-03-14 17:00:00,0.62940001,0.63010001,0.62940001,0.62959999
2025-03-14 18:00:00,0.62959999,0.63069999,0.62940001,0.63040000
2025-03-14 19:00:00,0.63029999,0.63110000,0.63000000,0.63110000
2025-03-14 20:00:00,0.63099998,0.63099998,0.63010001,0.63020003
2025-03-14 21:00:00,0.63020003,0.63099998,0.62980002,0.63040000
2025-03-14 22:00:00,0.63040000,0.63099998,0.63020003,0.63059998
2025-03-14 23:00:00,0.63069999,0.63249999,0.63050002,0.63209999
2025-03-15 00:00:00,0.63200003,0.63230002,0.63150001,0.63200003
2025-03-15 01:00:00,0.63190001,0.63230002,0.63120002,0.63220000
2025-03-15 02:00:00,0.63220000,0.63249999,0.63169998,0.63169998
2025-03-15 03:00:00,0.63169998,0.63249999,0.63150001,0.63239998
2025-03-15 04:00:00,0.63239998,0.63270003,0.63209999,0.63230002
2025-03-15 05:00:00,0.63230002,0.63270003,0.63220000,0.63239998
2025-03-15 06:00:00,0.63239998,0.63279998,0.63220000,0.63260001
2025-03-15 07:00:00,0.63249999,0.63319999,0.63239998,0.63279998
2025-03-17 09:00:00,0.63270003,0.63340002,0.63260001,0.63260001
2025-03-17 10:00:00,0.63279998,0.63309997,0.63249999,0.63249999
2025-03-17 11:00:00,0.63249999,0.63319999,0.63220000,0.63300002
2025-03-17 12:00:00,0.63290000,0.63389999,0.63270003,0.63340002
2025-03-17 13:00:00,0.63319999,0.63360000,0.63300002,0.63309997
2025-03-17 14:00:00,0.63309997,0.63309997,0.63249999,0.63279998
2025-03-17 15:00:00,0.63300002,0.63330001,0.63239998,0.63249999
2025-03-17 16:00:00,0.63249999,0.63300002,0.63209999,0.63290000
2025-03-17 17:00:00,0.63279998,0.63319999,0.63249999,0.63309997
2025-03-17 18:00:00,0.63319999,0.63389999,0.63309997,0.63380003
2025-03-17 19:00:00,0.63380003,0.63429999,0.63360000,0.63400000
2025-03-17 20:00:00,0.63410002,0.63480002,0.63389999,0.63470000
2025-03-17 21:00:00,0.63470000,0.63540000,0.63470000,0.63489997
2025-03-17 22:00:00,0.63489997,0.63520002,0.63480002,0.63510001
2025-03-17 23:00:00,0.63510001,0.63529998,0.63419998,0.63470000
2025-03-18 00:00:00,0.63480002,0.63599998,0.63470000,0.63559997
2025-03-18 01:00:00,0.63559997,0.63639998,0.63559997,0.63620001
2025-03-18 02:00:00,0.63620001,0.63749999,0.63620001,0.63739997
2025-03-18 03:00:00,0.63730001,0.63819999,0.63709998,0.63800001
2025-03-18 04:00:00,0.63800001,0.63880002,0.63789999,0.63849998
2025-03-18 05:00:00,0.63849998,0.63910002,0.63849998,0.63910002
2025-03-18 06:00:00,0.63900000,0.63910002,0.63849998,0.63859999
2025-03-18 07:00:00,0.63870001,0.63889998,0.63830000,0.63849998
2025-03-18 08:00:00,0.63849998,0.63849998,0.63830000,0.63840002
2025-03-18 09:00:00,0.63840002,0.63880002,0.63830000,0.63849998
2025-03-18 10:00:00,0.63859999,0.63859999,0.63810003,0.63810003
2025-03-18 11:00:00,0.63810003,0.63849998,0.63789999,0.63819999
2025-03-18 12:00:00,0.63819999,0.63889998,0.63800001,0.63819999
2025-03-18 13:00:00,0.63830000,0.63840002,0.63770002,0.63770002
2025-03-18 14:00:00,0.63770002,0.63779998,0.63669997,0.63700002
2025-03-18 15:00:00,0.63700002,0.63749999,0.63690001,0.63749999
2025-03-18 16:00:00,0.63749999,0.63770002,0.63700002,0.63730001
2025-03-18 17:00:00,0.63730001,0.63779998,0.63669997,0.63770002
2025-03-18 18:00:00,0.63770002,0.63859999,0.63749999,0.63810003
2025-03-18 19:00:00,0.63800001,0.63910002,0.63800001,0.63880002
2025-03-18 20:00:00,0.63880002,0.63889998,0.63800001,0.63810003
2025-03-18 21:00:00,0.63810003,0.63819999,0.63709998,0.63709998
2025-03-18 22:00:00,0.63720000,0.63739997,0.63650000,0.63679999
2025-03-18 23:00:00,0.63690001,0.63730001,0.63620001,0.63650000
2025-03-19 00:00:00,0.63639998,0.63700002,0.63550001,0.63609999
2025-03-19 01:00:00,0.63590002,0.63609999,0.63489997,0.63499999
2025-03-19 02:00:00,0.63499999,0.63590002,0.63440001,0.63550001
2025-03-19 03:00:00,0.63540000,0.63630003,0.63529998,0.63590002
2025-03-19 04:00:00,0.63599998,0.63639998,0.63580000,0.63620001
2025-03-19 05:00:00,0.63630003,0.63630003,0.63559997,0.63609999
2025-03-19 06:00:00,0.63609999,0.63650000,0.63590002,0.63630003
2025-03-19 07:00:00,0.63620001,0.63639998,0.63609999,0.63620001
2025-03-19 08:00:00,0.63620001,0.63630003,0.63590002,0.63609999
2025-03-19 09:00:00,0.63609999,0.63639998,0.63580000,0.63620001
2025-03-19 10:00:00,0.63620001,0.63639998,0.63590002,0.63620001
2025-03-19 11:00:00,0.63620001,0.63650000,0.63590002,0.63620001
2025-03-19 12:00:00,0.63609999,0.63630003,0.63590002,0.63609999
2025-03-19 13:00:00,0.63620001,0.63669997,0.63599998,0.63639998
2025-03-19 14:00:00,0.63639998,0.63660002,0.63580000,0.63599998
2025-03-19 15:00:00,0.63599998,0.63609999,0.63550001,0.63569999
2025-03-19 16:00:00,0.63569999,0.63609999,0.63559997,0.63580000
2025-03-19 17:00:00,0.63569999,0.63609999,0.63480002,0.63499999
2025-03-19 18:00:00,0.63489997,0.63499999,0.63270003,0.63309997
2025-03-19 19:00:00,0.63309997,0.63410002,0.63249999,0.63270003
2025-03-19 20:00:00,0.63270003,0.63340002,0.63220000,0.63319999
2025-03-19 21:00:00,0.63319999,0.63330001,0.63249999,0.63309997
2025-03-19 22:00:00,0.63300002,0.63389999,0.63290000,0.63360000
2025-03-19 23:00:00,0.63370001,0.63400000,0.63319999,0.63340002
2025-03-20 00:00:00,0.63330001,0.63349998,0.63230002,0.63260001
2025-03-20 01:00:00,0.63249999,0.63360000,0.63249999,0.63309997
2025-03-20 02:00:00,0.63300002,0.63340002,0.63279998,0.63309997
2025-03-20 03:00:00,0.63309997,0.63360000,0.63300002,0.63319999
2025-03-20 04:00:00,0.63319999,0.63330001,0.63209999,0.63249999
2025-03-20 05:00:00,0.63249999,0.63590002,0.63220000,0.63590002
2025-03-20 06:00:00,0.63580000,0.63639998,0.63429999,0.63510001
2025-03-20 07:00:00,0.63499999,0.63590002,0.63499999,0.63580000
2025-03-20 08:00:00,0.63580000,0.63599998,0.63559997,0.63590002
2025-03-20 09:00:00,0.63569999,0.63639998,0.63569999,0.63580000
2025-03-20 10:00:00,0.63580000,0.63639998,0.63559997,0.63639998
2025-03-20 11:00:00,0.63630003,0.63639998,0.63290000,0.63440001
2025-03-20 12:00:00,0.63429999,0.63450003,0.63290000,0.63349998
2025-03-20 13:00:00,0.63349998,0.63450003,0.63340002,0.63370001
2025-03-20 14:00:00,0.63380003,0.63489997,0.63360000,0.63450003
2025-03-20 15:00:00,0.63450003,0.63480002,0.63410002,0.63440001
2025-03-20 16:00:00,0.63440001,0.63440001,0.63340002,0.63389999
2025-03-20 17:00:00,0.63389999,0.63419998,0.63300002,0.63309997
2025-03-20 18:00:00,0.63309997,0.63309997,0.63129997,0.63209999
2025-03-20 19:00:00,0.63220000,0.63239998,0.63080001,0.63110000
2025-03-20 20:00:00,0.63110000,0.63139999,0.62910002,0.62940001
2025-03-20 21:00:00,0.62940001,0.62970001,0.62830001,0.62900001
2025-03-20 22:00:00,0.62910002,0.62919998,0.62860000,0.62879997
2025-03-20 23:00:00,0.62879997,0.62900001,0.62840003,0.62870002
2025-03-21 00:00:00,0.62870002,0.62879997,0.62720001,0.62819999
2025-03-21 01:00:00,0.62800002,0.62919998,0.62800002,0.62900001
2025-03-21 02:00:00,0.62910002,0.63000000,0.62879997,0.63000000
2025-03-21 03:00:00,0.62989998,0.63010001,0.62930000,0.62930000
2025-03-21 04:00:00,0.62940001,0.62970001,0.62900001,0.62940001
2025-03-21 05:00:00,0.62940001,0.63040000,0.62940001,0.63010001
2025-03-21 06:00:00,0.63020003,0.63069999,0.63010001,0.63050002
2025-03-21 07:00:00,0.63050002,0.63050002,0.63020003,0.63029999
2025-03-21 08:00:00,0.63029999,0.63029999,0.62980002,0.63000000
2025-03-21 09:00:00,0.62989998,0.63050002,0.62989998,0.63020003
2025-03-21 10:00:00,0.63010001,0.63050002,0.63000000,0.63029999
2025-03-21 11:00:00,0.63020003,0.63069999,0.62989998,0.63020003
2025-03-21 12:00:00,0.63020003,0.63040000,0.62940001,0.63000000
2025-03-21 13:00:00,0.62989998,0.63020003,0.62919998,0.62919998
2025-03-21 14:00:00,0.62930000,0.62959999,0.62860000,0.62919998
2025-03-21 15:00:00,0.62930000,0.62940001,0.62870002,0.62900001
2025-03-21 16:00:00,0.62879997,0.62919998,0.62840003,0.62889999
2025-03-21 17:00:00,0.62889999,0.62980002,0.62879997,0.62959999
2025-03-21 18:00:00,0.62940001,0.63010001,0.62910002,0.62949997
2025-03-21 19:00:00,0.62940001,0.62989998,0.62870002,0.62930000
2025-03-21 20:00:00,0.62930000,0.62940001,0.62840003,0.62849998
2025-03-21 21:00:00,0.62860000,0.62910002,0.62849998,0.62900001
2025-03-21 22:00:00,0.62889999,0.62940001,0.62879997,0.62930000
2025-03-21 23:00:00,0.62930000,0.62989998,0.62849998,0.62849998
2025-03-22 00:00:00,0.62840003,0.62849998,0.62709999,0.62760001
2025-03-22 01:00:00,0.62760001,0.62790000,0.62709999,0.62769997
2025-03-22 02:00:00,0.62779999,0.62790000,0.62580001,0.62639999
2025-03-22 03:00:00,0.62629998,0.62760001,0.62599999,0.62750000
2025-03-22 04:00:00,0.62739998,0.62800002,0.62709999,0.62739998
2025-03-22 05:00:00,0.62760001,0.62790000,0.62730002,0.62760001
2025-03-22 06:00:00,0.62760001,0.62760001,0.62709999,0.62750000
2025-03-22 07:00:00,0.62739998,0.62750000,0.62709999,0.62720001
2025-03-24 09:00:00,0.62730002,0.62870002,0.62730002,0.62790000
2025-03-24 10:00:00,0.62790000,0.62889999,0.62779999,0.62889999
2025-03-24 11:00:00,0.62900001,0.62949997,0.62849998,0.62930000
2025-03-24 12:00:00,0.62930000,0.62940001,0.62819999,0.62840003
2025-03-24 13:00:00,0.62840003,0.62889999,0.62790000,0.62790000
2025-03-24 14:00:00,0.62800002,0.62860000,0.62760001,0.62769997
2025-03-24 15:00:00,0.62769997,0.62800002,0.62730002,0.62790000
2025-03-24 16:00:00,0.62790000,0.62819999,0.62739998,0.62809998
2025-03-24 17:00:00,0.62809998,0.62910002,0.62809998,0.62879997
2025-03-24 18:00:00,0.62889999,0.62949997,0.62870002,0.62919998
2025-03-24 19:00:00,0.62919998,0.63000000,0.62919998,0.62940001
2025-03-24 20:00:00,0.62959999,0.63000000,0.62930000,0.62970001
2025-03-24 21:00:00,0.62970001,0.63050002,0.62959999,0.63010001
2025-03-24 22:00:00,0.63010001,0.63020003,0.62930000,0.62930000
2025-03-24 23:00:00,0.62919998,0.62940001,0.62819999,0.62840003
2025-03-25 00:00:00,0.62849998,0.62930000,0.62800002,0.62800002
2025-03-25 01:00:00,0.62809998,0.62980002,0.62790000,0.62889999
2025-03-25 02:00:00,0.62889999,0.62900001,0.62790000,0.62790000
2025-03-25 03:00:00,0.62790000,0.62840003,0.62680000,0.62720001
2025-03-25 04:00:00,0.62720001,0.62750000,0.62699997,0.62730002
2025-03-25 05:00:00,0.62730002,0.62889999,0.62699997,0.62830001
2025-03-25 06:00:00,0.62840003,0.62870002,0.62800002,0.62830001
2025-03-25 07:00:00,0.62830001,0.62879997,0.62819999,0.62860000
2025-03-25 08:00:00,0.62819999,0.62870002,0.62819999,0.62840003
2025-03-25 09:00:00,0.62849998,0.62870002,0.62809998,0.62840003
2025-03-25 10:00:00,0.62830001,0.62879997,0.62830001,0.62870002
2025-03-25 11:00:00,0.62870002,0.62879997,0.62800002,0.62840003
2025-03-25 12:00:00,0.62849998,0.62949997,0.62840003,0.62889999
2025-03-25 13:00:00,0.62889999,0.62910002,0.62830001,0.62870002
2025-03-25 14:00:00,0.62849998,0.62900001,0.62830001,0.62879997
2025-03-25 15:00:00,0.62900001,0.62910002,0.62849998,0.62870002
2025-03-25 16:00:00,0.62860000,0.62930000,0.62860000,0.62919998
2025-03-25 17:00:00,0.62910002,0.62910002,0.62840003,0.62870002
2025-03-25 18:00:00,0.62870002,0.62900001,0.62790000,0.62830001
2025-03-25 19:00:00,0.62840003,0.62879997,0.62790000,0.62840003
2025-03-25 20:00:00,0.62840003,0.63000000,0.62830001,0.62989998
2025-03-25 21:00:00,0.62980002,0.63169998,0.62970001,0.63169998
2025-03-25 22:00:00,0.63160002,0.63230002,0.63129997,0.63180000
2025-03-25 23:00:00,0.63180000,0.63239998,0.63169998,0.63209999
2025-03-26 00:00:00,0.63200003,0.63249999,0.63169998,0.63190001
2025-03-26 01:00:00,0.63180000,0.63209999,0.63040000,0.63139999
2025-03-26 02:00:00,0.63129997,0.63150001,0.63050002,0.63080001
2025-03-26 03:00:00,0.63080001,0.63099998,0.63040000,0.63050002
2025-03-26 04:00:00,0.63050002,0.63110000,0.63029999,0.63059998
2025-03-26 05:00:00,0.63050002,0.63069999,0.62980002,0.62989998
2025-03-26 06:00:00,0.62989998,0.63020003,0.62959999,0.63020003
2025-03-26 07:00:00,0.63010001,0.63040000,0.63000000,0.63029999
2025-03-26 08:00:00,0.63040000,0.63080001,0.63000000,0.63040000
2025-03-26 09:00:00,0.63029999,0.63050002,0.63010001,0.63029999
2025-03-26 10:00:00,0.63040000,0.63069999,0.63020003,0.63069999
2025-03-26 11:00:00,0.63069999,0.63099998,0.62889999,0.62889999
2025-03-26 12:00:00,0.62900001,0.63040000,0.62790000,0.63029999
2025-03-26 13:00:00,0.63029999,0.63099998,0.62980002,0.63080001
2025-03-26 14:00:00,0.63090003,0.63120002,0.63059998,0.63080001
2025-03-26 15:00:00,0.63090003,0.63110000,0.63050002,0.63110000
2025-03-26 16:00:00,0.63099998,0.63150001,0.63059998,0.63120002
2025-03-26 17:00:00,0.63129997,0.63200003,0.63120002,0.63190001
2025-03-26 18:00:00,0.63180000,0.63239998,0.63160002,0.63190001
2025-03-26 19:00:00,0.63180000,0.63230002,0.63139999,0.63220000
2025-03-26 20:00:00,0.63220000,0.63300002,0.63200003,0.63239998
2025-03-26 21:00:00,0.63230002,0.63309997,0.63220000,0.63279998
2025-03-26 22:00:00,0.63279998,0.63300002,0.63209999,0.63220000
2025-03-26 23:00:00,0.63209999,0.63220000,0.63129997,0.63150001
2025-03-27 00:00:00,0.63160002,0.63190001,0.63069999,0.63069999
2025-03-27 01:00:00,0.63059998,0.63139999,0.63050002,0.63120002
2025-03-27 02:00:00,0.63120002,0.63180000,0.62989998,0.63050002
2025-03-27 03:00:00,0.63050002,0.63090003,0.63000000,0.63040000
2025-03-27 04:00:00,0.63040000,0.63050002,0.62889999,0.62910002
2025-03-27 05:00:00,0.62919998,0.62959999,0.62870002,0.62870002
2025-03-27 06:00:00,0.62879997,0.62919998,0.62840003,0.62900001
2025-03-27 07:00:00,0.62900001,0.62989998,0.62900001,0.62989998
2025-03-27 08:00:00,0.62989998,0.63020003,0.62879997,0.62910002
2025-03-27 09:00:00,0.62919998,0.62980002,0.62819999,0.62830001
2025-03-27 10:00:00,0.62830001,0.62889999,0.62790000,0.62860000
2025-03-27 11:00:00,0.62860000,0.62959999,0.62860000,0.62919998
2025-03-27 12:00:00,0.62930000,0.62989998,0.62900001,0.62959999
2025-03-27 13:00:00,0.62940001,0.63139999,0.62940001,0.63069999
2025-03-27 14:00:00,0.63059998,0.63120002,0.63040000,0.63090003
2025-03-27 15:00:00,0.63099998,0.63190001,0.63080001,0.63129997
2025-03-27 16:00:00,0.63120002,0.63169998,0.62989998,0.63029999
2025-03-27 17:00:00,0.63029999,0.63190001,0.63010001,0.63150001
2025-03-27 18:00:00,0.63150001,0.63150001,0.63050002,0.63050002
2025-03-27 19:00:00,0.63059998,0.63139999,0.63020003,0.63139999
2025-03-27 20:00:00,0.63139999,0.63180000,0.63050002,0.63069999
2025-03-27 21:00:00,0.63069999,0.63099998,0.63040000,0.63090003
2025-03-27 22:00:00,0.63090003,0.63169998,0.63080001,0.63150001
2025-03-27 23:00:00,0.63150001,0.63169998,0.63080001,0.63099998
2025-03-28 00:00:00,0.63099998,0.63110000,0.62949997,0.63020003
2025-03-28 01:00:00,0.63010001,0.63080001,0.62940001,0.63050002
2025-03-28 02:00:00,0.63050002,0.63160002,0.63020003,0.63069999
2025-03-28 03:00:00,0.63069999,0.63129997,0.63029999,0.63029999
2025-03-28 04:00:00,0.63029999,0.63099998,0.63000000,0.63000000
2025-03-28 05:00:00,0.63000000,0.63050002,0.63000000,0.63000000
2025-03-28 06:00:00,0.63000000,0.63050002,0.62989998,0.63010001
2025-03-28 07:00:00,0.63010001,0.63050002,0.63010001,0.63050002
2025-03-28 08:00:00,0.63040000,0.63059998,0.63010001,0.63010001
2025-03-28 09:00:00,0.63020003,0.63029999,0.62989998,0.62989998
2025-03-28 10:00:00,0.62980002,0.63029999,0.62970001,0.63010001
2025-03-28 11:00:00,0.63010001,0.63010001,0.62900001,0.62959999
2025-03-28 12:00:00,0.62949997,0.62980002,0.62919998,0.62919998
2025-03-28 13:00:00,0.62919998,0.62970001,0.62889999,0.62919998
2025-03-28 14:00:00,0.62930000,0.62940001,0.62809998,0.62830001
2025-03-28 15:00:00,0.62830001,0.62870002,0.62809998,0.62830001
2025-03-28 16:00:00,0.62840003,0.62879997,0.62819999,0.62870002
2025-03-28 17:00:00,0.62860000,0.62900001,0.62840003,0.62849998
2025-03-28 18:00:00,0.62870002,0.62980002,0.62840003,0.62940001
2025-03-28 19:00:00,0.62930000,0.63000000,0.62930000,0.62970001
2025-03-28 20:00:00,0.62980002,0.63010001,0.62910002,0.62949997
2025-03-28 21:00:00,0.62959999,0.63000000,0.62919998,0.62930000
2025-03-28 22:00:00,0.62940001,0.62959999,0.62900001,0.62930000
2025-03-28 23:00:00,0.62930000,0.63050002,0.62910002,0.63020003
2025-03-29 00:00:00,0.63029999,0.63129997,0.63010001,0.63090003
2025-03-29 01:00:00,0.63080001,0.63129997,0.62900001,0.62930000
2025-03-29 02:00:00,0.62940001,0.63059998,0.62930000,0.62989998
2025-03-29 03:00:00,0.62989998,0.63010001,0.62900001,0.62919998
2025-03-29 04:00:00,0.62910002,0.62919998,0.62840003,0.62889999
2025-03-29 05:00:00,0.62889999,0.62910002,0.62849998,0.62870002
2025-03-29 06:00:00,0.62870002,0.62900001,0.62840003,0.62879997
2025-03-29 07:00:00,0.62879997,0.62910002,0.62860000,0.62870002
2025-03-31 09:00:00,0.62800002,0.62809998,0.62730002,0.62769997
2025-03-31 10:00:00,0.62760001,0.62840003,0.62699997,0.62830001
2025-03-31 11:00:00,0.62830001,0.62889999,0.62779999,0.62870002
2025-03-31 12:00:00,0.62870002,0.63010001,0.62860000,0.62889999
2025-03-31 13:00:00,0.62900001,0.62940001,0.62860000,0.62870002
2025-03-31 14:00:00,0.62870002,0.62870002,0.62800002,0.62800002
2025-03-31 15:00:00,0.62809998,0.62809998,0.62750000,0.62790000
2025-03-31 16:00:00,0.62790000,0.62860000,0.62779999,0.62830001
2025-03-31 17:00:00,0.62819999,0.62900001,0.62779999,0.62840003
2025-03-31 18:00:00,0.62840003,0.62910002,0.62669998,0.62699997
2025-03-31 19:00:00,0.62699997,0.62699997,0.62540001,0.62580001
2025-03-31 20:00:00,0.62580001,0.62599999,0.62489998,0.62510002
2025-03-31 21:00:00,0.62510002,0.62519997,0.62430000,0.62510002
2025-03-31 22:00:00,0.62519997,0.62559998,0.62489998,0.62510002
2025-03-31 23:00:00,0.625,0.62510002,0.62360001,0.62360001
2025-04-01 00:00:00,0.62370002,0.62419999,0.62260002,0.62300003
2025-04-01 01:00:00,0.62300003,0.62320000,0.62190002,0.62300003
2025-04-01 02:00:00,0.62309998,0.62390000,0.62300003,0.62339997
2025-04-01 03:00:00,0.62349999,0.62480003,0.62339997,0.62410003
2025-04-01 04:00:00,0.62419999,0.62480003,0.62410003,0.62419999
2025-04-01 05:00:00,0.62410003,0.62529999,0.62410003,0.62489998
2025-04-01 06:00:00,0.62489998,0.62540001,0.62480003,0.625
2025-04-01 07:00:00,0.62489998,0.625,0.62459999,0.62480003
2025-04-01 08:00:00,0.62430000,0.62489998,0.62430000,0.62480003
2025-04-01 09:00:00,0.62480003,0.62480003,0.62419999,0.62419999
2025-04-01 10:00:00,0.62419999,0.62440002,0.62379998,0.62410003
2025-04-01 11:00:00,0.62400001,0.62449998,0.62370002,0.62419999
2025-04-01 12:00:00,0.62410003,0.62440002,0.62320000,0.62430000
2025-04-01 13:00:00,0.62419999,0.62559998,0.62419999,0.62540001
2025-04-01 14:00:00,0.62529999,0.62639999,0.62459999,0.62480003
2025-04-01 15:00:00,0.62480003,0.62699997,0.62470001,0.62690002
2025-04-01 16:00:00,0.62680000,0.62690002,0.62540001,0.62540001
2025-04-01 17:00:00,0.62540001,0.62620002,0.625,0.62570000
2025-04-01 18:00:00,0.62559998,0.62570000,0.62430000,0.62480003
2025-04-01 19:00:00,0.62470001,0.62580001,0.62449998,0.62570000
2025-04-01 20:00:00,0.62570000,0.62629998,0.62550002,0.62589997
2025-04-01 21:00:00,0.62589997,0.62610000,0.62470001,0.625
2025-04-01 22:00:00,0.62489998,0.62529999,0.62449998,0.62489998
2025-04-01 23:00:00,0.625,0.62580001,0.62489998,0.62540001
2025-04-02 00:00:00,0.62529999,0.62580001,0.62510002,0.62519997
2025-04-02 01:00:00,0.62529999,0.62760001,0.62510002,0.62739998
2025-04-02 02:00:00,0.62739998,0.62840003,0.62739998,0.62779999
2025-04-02 03:00:00,0.62779999,0.62809998,0.62660003,0.62720001
2025-04-02 04:00:00,0.62720001,0.62760001,0.62690002,0.62690002
2025-04-02 05:00:00,0.62690002,0.62690002,0.62629998,0.62639999
2025-04-02 06:00:00,0.62650001,0.62790000,0.62650001,0.62790000
2025-04-02 07:00:00,0.62779999,0.62819999,0.62760001,0.62790000
2025-04-02 08:00:00,0.62739998,0.62790000,0.62739998,0.62769997
2025-04-02 09:00:00,0.62760001,0.62879997,0.62760001,0.62849998
2025-04-02 10:00:00,0.62860000,0.62910002,0.62809998,0.62879997
2025-04-02 11:00:00,0.62879997,0.62889999,0.62739998,0.62769997
2025-04-02 12:00:00,0.62769997,0.62910002,0.62730002,0.62910002
2025-04-02 13:00:00,0.62910002,0.63020003,0.62900001,0.62970001
2025-04-02 14:00:00,0.62970001,0.63020003,0.62959999,0.62989998
2025-04-02 15:00:00,0.62980002,0.63010001,0.62970001,0.63000000
2025-04-02 16:00:00,0.62989998,0.62989998,0.62930000,0.62940001
2025-04-02 17:00:00,0.62940001,0.63069999,0.62930000,0.62940001
2025-04-02 18:00:00,0.62940001,0.63050002,0.62919998,0.63029999
2025-04-02 19:00:00,0.63029999,0.63080001,0.63020003,0.63080001
2025-04-02 20:00:00,0.63080001,0.63139999,0.63069999,0.63139999
2025-04-02 21:00:00,0.63129997,0.63139999,0.63000000,0.63020003
2025-04-02 22:00:00,0.63029999,0.63080001,0.63000000,0.63069999
2025-04-02 23:00:00,0.63069999,0.63080001,0.62980002,0.63059998
2025-04-03 00:00:00,0.63059998,0.63069999,0.62959999,0.63029999
2025-04-03 01:00:00,0.63020003,0.63080001,0.62930000,0.63020003
2025-04-03 02:00:00,0.63010001,0.63040000,0.62970001,0.63000000
2025-04-03 03:00:00,0.63000000,0.63010001,0.62919998,0.62980002
2025-04-03 04:00:00,0.62970001,0.63050002,0.62940001,0.62959999
2025-04-03 05:00:00,0.62959999,0.62989998,0.62900001,0.62930000
2025-04-03 06:00:00,0.62940001,0.63000000,0.62940001,0.62980002
2025-04-03 07:00:00,0.62970001,0.63410002,0.62589997,0.62980002
2025-04-03 08:00:00,0.62989998,0.62989998,0.62529999,0.62620002
2025-04-03 09:00:00,0.62620002,0.62629998,0.62260002,0.62550002
2025-04-03 10:00:00,0.62559998,0.62739998,0.62480003,0.62639999
2025-04-03 11:00:00,0.62639999,0.62779999,0.62559998,0.62680000
2025-04-03 12:00:00,0.62690002,0.62879997,0.62650001,0.62760001
2025-04-03 13:00:00,0.62739998,0.62819999,0.62690002,0.62809998
2025-04-03 14:00:00,0.62809998,0.62830001,0.62709999,0.62720001
2025-04-03 15:00:00,0.62730002,0.62739998,0.62639999,0.62650001
2025-04-03 16:00:00,0.62660003,0.63020003,0.62660003,0.62889999
2025-04-03 17:00:00,0.62889999,0.63110000,0.62800002,0.63090003
2025-04-03 18:00:00,0.63080001,0.63139999,0.62980002,0.63059998
2025-04-03 19:00:00,0.63069999,0.63410002,0.63059998,0.63360000
2025-04-03 20:00:00,0.63370001,0.63450003,0.63309997,0.63419998
2025-04-03 21:00:00,0.63429999,0.63599998,0.63349998,0.63370001
2025-04-03 22:00:00,0.63370001,0.63650000,0.63349998,0.63599998
2025-04-03 23:00:00,0.63599998,0.63669997,0.63470000,0.63630003
2025-04-04 00:00:00,0.63620001,0.63889998,0.63559997,0.63709998
2025-04-04 01:00:00,0.63749999,0.63849998,0.63650000,0.63730001
2025-04-04 02:00:00,0.63730001,0.63730001,0.63450003,0.63510001
2025-04-04 03:00:00,0.63499999,0.63590002,0.63480002,0.63499999
2025-04-04 04:00:00,0.63499999,0.63499999,0.63410002,0.63429999
2025-04-04 05:00:00,0.63419998,0.63429999,0.63340002,0.63389999
2025-04-04 06:00:00,0.63380003,0.63380003,0.63169998,0.63180000
2025-04-04 07:00:00,0.63180000,0.63300002,0.63160002,0.63290000
2025-04-04 08:00:00,0.63290000,0.63340002,0.63249999,0.63270003
2025-04-04 09:00:00,0.63290000,0.63319999,0.63190001,0.63260001
2025-04-04 10:00:00,0.63249999,0.63290000,0.63169998,0.63249999
2025-04-04 11:00:00,0.63260001,0.63319999,0.63200003,0.63249999
2025-04-04 12:00:00,0.63249999,0.63249999,0.63099998,0.63110000
2025-04-04 13:00:00,0.63120002,0.63120002,0.62699997,0.62720001
2025-04-04 14:00:00,0.62730002,0.62739998,0.62470001,0.62559998
2025-04-04 15:00:00,0.62550002,0.62559998,0.62300003,0.62330002
2025-04-04 16:00:00,0.62339997,0.62510002,0.62320000,0.62489998
2025-04-04 17:00:00,0.62489998,0.62540001,0.62349999,0.62379998
2025-04-04 18:00:00,0.62390000,0.62449998,0.62099999,0.62129998
2025-04-04 19:00:00,0.62120003,0.62180001,0.62010002,0.62059999
2025-04-04 20:00:00,0.62059999,0.62080002,0.61970001,0.62010002
2025-04-04 21:00:00,0.62000000,0.62040001,0.61369997,0.61400002
2025-04-04 22:00:00,0.61409998,0.61559999,0.60509998,0.61140001
2025-04-04 23:00:00,0.61110002,0.61320001,0.61000001,0.61159998
2025-04-05 00:00:00,0.61170000,0.61390001,0.60799998,0.60850000
2025-04-05 01:00:00,0.60839999,0.60979998,0.60259998,0.60589999
2025-04-05 02:00:00,0.60579997,0.60920000,0.60119998,0.60420001
2025-04-05 03:00:00,0.60430002,0.60500002,0.60039997,0.60079998
2025-04-05 04:00:00,0.60089999,0.60360003,0.59869999,0.60320002
2025-04-05 05:00:00,0.60350001,0.60420001,0.60100001,0.60200000
2025-04-05 06:00:00,0.60200000,0.60630000,0.60159999,0.60380000
2025-04-05 07:00:00,0.60380000,0.60460001,0.60280001,0.60399997
2025-04-07 09:00:00,0.59890002,0.60100001,0.59750003,0.59869999
2025-04-07 10:00:00,0.59880000,0.60100001,0.59570003,0.60009998
2025-04-07 11:00:00,0.60009998,0.60219997,0.59869999,0.60119998
2025-04-07 12:00:00,0.60140002,0.60290003,0.60049999,0.60110003
2025-04-07 13:00:00,0.60100001,0.60280001,0.60060000,0.60219997
2025-04-07 14:00:00,0.60240000,0.60299999,0.60100001,0.60159999
2025-04-07 15:00:00,0.60149997,0.60610002,0.60079998,0.60180002
2025-04-07 16:00:00,0.60180002,0.60219997,0.59960002,0.60119998
2025-04-07 17:00:00,0.60130000,0.60299999,0.60030001,0.60089999
2025-04-07 18:00:00,0.60100001,0.60299999,0.59960002,0.60009998
2025-04-07 19:00:00,0.60020000,0.60189998,0.59890002,0.60119998
2025-04-07 20:00:00,0.60140002,0.60610002,0.60140002,0.60390002
2025-04-07 21:00:00,0.60399997,0.60549998,0.60310000,0.60380000
2025-04-07 22:00:00,0.60390002,0.60890001,0.60270000,0.60810000
2025-04-07 23:00:00,0.60799998,0.60799998,0.60399997,0.60579997
2025-04-08 00:00:00,0.60570002,0.61280000,0.60060000,0.60079998
2025-04-08 01:00:00,0.60079998,0.60280001,0.59590000,0.59789997
2025-04-08 02:00:00,0.59789997,0.59789997,0.59450001,0.59490001
2025-04-08 03:00:00,0.59500003,0.60020000,0.59500003,0.60000002
2025-04-08 04:00:00,0.60009998,0.60060000,0.59710002,0.59729999
2025-04-08 05:00:00,0.59719998,0.59930003,0.59660000,0.59770000
2025-04-08 06:00:00,0.59770000,0.59920001,0.59750003,0.59850001
2025-04-08 07:00:00,0.59820002,0.59930003,0.59750003,0.59899998
2025-04-08 08:00:00,0.59909999,0.59960002,0.59869999,0.59930003
2025-04-08 09:00:00,0.59930003,0.60060000,0.59930003,0.59979999
2025-04-08 10:00:00,0.59969997,0.60180002,0.59909999,0.59950000
2025-04-08 11:00:00,0.59939998,0.60189998,0.59780002,0.60149997
2025-04-08 12:00:00,0.60170001,0.60339999,0.60159999,0.60229999
2025-04-08 13:00:00,0.60240000,0.60320002,0.60200000,0.60299999
2025-04-08 14:00:00,0.60290003,0.60619998,0.60280001,0.60600001
2025-04-08 15:00:00,0.60589999,0.60699999,0.60450000,0.60680002
2025-04-08 16:00:00,0.60680002,0.60689998,0.60420001,0.60610002
2025-04-08 17:00:00,0.60600001,0.60750002,0.60509998,0.60519999
2025-04-08 18:00:00,0.60509998,0.60680002,0.60439998,0.60630000
2025-04-08 19:00:00,0.60630000,0.60630000,0.60360003,0.60420001
2025-04-08 20:00:00,0.60409999,0.60530001,0.60380000,0.60390002
2025-04-08 21:00:00,0.60390002,0.60560000,0.60320002,0.60549998
2025-04-08 22:00:00,0.60560000,0.60720003,0.60500002,0.60589999
2025-04-08 23:00:00,0.60579997,0.60860002,0.60560000,0.60720003
2025-04-09 00:00:00,0.60720003,0.60799998,0.60219997,0.60250002
2025-04-09 01:00:00,0.60259998,0.60310000,0.60060000,0.60149997
2025-04-09 02:00:00,0.60140002,0.60180002,0.59820002,0.59840000
2025-04-09 03:00:00,0.59820002,0.59930003,0.59700000,0.59820002
2025-04-09 04:00:00,0.59820002,0.59880000,0.59640002,0.59670001
2025-04-09 05:00:00,0.59649998,0.59759998,0.59509999,0.59619999
2025-04-09 06:00:00,0.59619999,0.59689999,0.59469998,0.59619999
2025-04-09 07:00:00,0.59619999,0.59640002,0.59490001,0.59490001
2025-04-09 08:00:00,0.59490001,0.59600002,0.59410000,0.59520000
2025-04-09 09:00:00,0.59509999,0.59570003,0.59399998,0.59530002
2025-04-09 10:00:00,0.59530002,0.59649998,0.59149998,0.59609997
2025-04-09 11:00:00,0.59619999,0.59960002,0.59590000,0.59899998
2025-04-09 12:00:00,0.59930003,0.60030001,0.59770000,0.59850001
2025-04-09 13:00:00,0.59850001,0.59969997,0.59619999,0.59640002
2025-04-09 14:00:00,0.59649998,0.59820002,0.59520000,0.59759998
2025-04-09 15:00:00,0.59759998,0.59770000,0.59520000,0.59729999
2025-04-09 16:00:00,0.59740001,0.60089999,0.59740001,0.59969997
2025-04-09 17:00:00,0.59950000,0.60280001,0.59859997,0.60280001
2025-04-09 18:00:00,0.60259998,0.60290003,0.59969997,0.60100001
2025-04-09 19:00:00,0.60089999,0.60219997,0.60000002,0.60149997
2025-04-09 20:00:00,0.60149997,0.60470003,0.60089999,0.60350001
2025-04-09 21:00:00,0.60360003,0.60380000,0.59869999,0.60020000
2025-04-09 22:00:00,0.60009998,0.60299999,0.59969997,0.60270000
2025-04-09 23:00:00,0.60280001,0.60579997,0.60159999,0.60549998
2025-04-10 00:00:00,0.60570002,0.60579997,0.59979999,0.59979999
2025-04-10 01:00:00,0.59979999,0.60159999,0.59920001,0.60020000
2025-04-10 02:00:00,0.60030001,0.60280001,0.59990001,0.60250002
2025-04-10 03:00:00,0.60250002,0.61500001,0.60219997,0.61379999
2025-04-10 04:00:00,0.61369997,0.61720002,0.61229998,0.61420000
2025-04-10 05:00:00,0.61420000,0.61760002,0.61369997,0.61430001
2025-04-10 06:00:00,0.61440003,0.61610001,0.61330003,0.61549997
2025-04-10 07:00:00,0.61530000,0.61580002,0.61500001,0.61540002
2025-04-10 08:00:00,0.61549997,0.61720002,0.61479998,0.61500001
2025-04-10 09:00:00,0.61510003,0.61519998,0.61330003,0.61330003
2025-04-10 10:00:00,0.61330003,0.61519998,0.61199999,0.61269999
2025-04-10 11:00:00,0.61290002,0.61400002,0.61170000,0.61280000
2025-04-10 12:00:00,0.61280000,0.61559999,0.61269999,0.61540002
2025-04-10 13:00:00,0.61530000,0.61790001,0.61500001,0.61780000
2025-04-10 14:00:00,0.61760002,0.61879998,0.61669999,0.61849999
2025-04-10 15:00:00,0.61860001,0.62029999,0.61839998,0.61989999
2025-04-10 16:00:00,0.61979997,0.62040001,0.61760002,0.61940002
2025-04-10 17:00:00,0.61930001,0.61970001,0.61430001,0.61629999
2025-04-10 18:00:00,0.61640000,0.61650002,0.61360002,0.61540002
2025-04-10 19:00:00,0.61530000,0.61710000,0.61460000,0.61570001
2025-04-10 20:00:00,0.61580002,0.61940002,0.61570001,0.61809999
2025-04-10 21:00:00,0.61799997,0.61900002,0.61729997,0.61849999
2025-04-10 22:00:00,0.61839998,0.62110001,0.61799997,0.61820000
2025-04-10 23:00:00,0.61830002,0.62050003,0.61760002,0.61870003
2025-04-11 00:00:00,0.61860001,0.62459999,0.61739999,0.62449998
2025-04-11 01:00:00,0.62440002,0.62489998,0.61879998,0.61919999
2025-04-11 02:00:00,0.61909997,0.62059999,0.61710000,0.61989999
2025-04-11 03:00:00,0.61979997,0.62239999,0.61849999,0.62230003
2025-04-11 04:00:00,0.62220001,0.625,0.62199998,0.62330002
2025-04-11 05:00:00,0.62330002,0.62400001,0.61979997,0.62199998
2025-04-11 06:00:00,0.62190002,0.62330002,0.62169999,0.62239999
2025-04-11 07:00:00,0.62230003,0.62360001,0.62230003,0.62239999
2025-04-11 08:00:00,0.62260002,0.62390000,0.62190002,0.62269998
2025-04-11 09:00:00,0.62279999,0.62279999,0.62129998,0.62230003
2025-04-11 10:00:00,0.62230003,0.62430000,0.62040001,0.62150002
2025-04-11 11:00:00,0.62159997,0.62459999,0.62110001,0.62390000
2025-04-11 12:00:00,0.62400001,0.62589997,0.62279999,0.62480003
2025-04-11 13:00:00,0.62489998,0.625,0.62379998,0.62410003
2025-04-11 14:00:00,0.62430000,0.62440002,0.61949998,0.61960000
2025-04-11 15:00:00,0.61970001,0.62059999,0.61809999,0.61979997
2025-04-11 16:00:00,0.61979997,0.62129998,0.61879998,0.62010002
2025-04-11 17:00:00,0.62000000,0.62300003,0.61989999,0.62239999
2025-04-11 18:00:00,0.62239999,0.62239999,0.62010002,0.62190002
2025-04-11 19:00:00,0.62180001,0.62330002,0.62129998,0.62320000
2025-04-11 20:00:00,0.62320000,0.62349999,0.62099999,0.62290001
2025-04-11 21:00:00,0.62290001,0.62459999,0.62260002,0.62400001
2025-04-11 22:00:00,0.62390000,0.62699997,0.62320000,0.62610000
2025-04-11 23:00:00,0.62610000,0.62879997,0.62349999,0.62379998
2025-04-12 00:00:00,0.62379998,0.62540001,0.62239999,0.62360001
2025-04-12 01:00:00,0.62349999,0.62480003,0.62230003,0.62440002
2025-04-12 02:00:00,0.62440002,0.62580001,0.62269998,0.62540001
2025-04-12 03:00:00,0.62550002,0.62779999,0.62480003,0.62699997
2025-04-12 04:00:00,0.62699997,0.62879997,0.62680000,0.62830001
2025-04-12 05:00:00,0.62819999,0.63010001,0.62819999,0.62930000
2025-04-12 06:00:00,0.62919998,0.62959999,0.62830001,0.62908912
2025-04-12 07:00:00,0.62950885,0.62950885,0.62912869,0.62912869
2025-04-14 09:00:00,0.62849599,0.63031828,0.62829858,0.63031828
2025-04-14 10:00:00,0.63109797,0.63173991,0.62928700,0.62928700
2025-04-14 11:00:00,0.62984192,0.63103426,0.62908912,0.62948507
2025-04-14 12:00:00,0.62948507,0.63051707,0.62908912,0.63039780
2025-04-14 13:00:00,0.63035804,0.63035804,0.62881219,0.62922764
2025-04-14 14:00:00,0.62918806,0.63010782,0.62889123,0.62989742
2025-04-14 15:00:00,0.63000858,0.63072783,0.62987763,0.63046533
2025-04-14 16:00:00,0.63043755,0.63345665,0.63007998,0.63337642
2025-04-14 17:00:00,0.63342053,0.63357705,0.63207126,0.63278723
2025-04-14 18:00:00,0.63280725,0.63442922,0.63270718,0.63392651
2025-04-14 19:00:00,0.63402694,0.63455802,0.63255107,0.63264716
2025-04-14 20:00:00,0.63264716,0.63324004,0.63175184,0.63198745
2025-04-14 21:00:00,0.63199937,0.63279527,0.63103426,0.63128924
2025-04-14 22:00:00,0.63152045,0.63152045,0.62988955,0.62992126
2025-04-14 23:00:00,0.62972689,0.63015544,0.62822753,0.62944543
2025-04-15 00:00:00,0.62984192,0.63367742,0.62976259,0.63308769
2025-04-15 01:00:00,0.63305563,0.63318789,0.63123339,0.63138890
2025-04-15 02:00:00,0.63127726,0.63249904,0.63107407,0.63107407
2025-04-15 03:00:00,0.63204736,0.63316786,0.63147259,0.63261914
2025-04-15 04:00:00,0.63268715,0.63432056,0.63263112,0.63427633
2025-04-15 05:00:00,0.63412750,0.63439697,0.63338041,0.63368946
2025-04-15 06:00:00,0.63360918,0.63360918,0.63235104,0.63287133
2025-04-15 07:00:00,0.63283128,0.63291138,0.63247108,0.63251108
2025-04-15 08:00:00,0.63247108,0.63275123,0.63211125,0.63243109
2025-04-15 09:00:00,0.63272721,0.63295949,0.63183165,0.63215119
2025-04-15 10:00:00,0.63231909,0.63368946,0.63227111,0.63287133
2025-04-15 11:00:00,0.63296747,0.63466680,0.63296747,0.63351279
2025-04-15 12:00:00,0.63352889,0.63530785,0.63351279,0.63484001
2025-04-15 13:00:00,0.63485610,0.63580871,0.63451779,0.63556629
2025-04-15 14:00:00,0.63566726,0.63798702,0.63548547,0.63734865
2025-04-15 15:00:00,0.63719833,0.63762903,0.63528770,0.63545722
2025-04-15 16:00:00,0.63539666,0.63657779,0.63515860,0.63632661
2025-04-15 17:00:00,0.63620919,0.63745832,0.63619703,0.63686961
2025-04-15 18:00:00,0.63660616,0.63668722,0.63508195,0.63527960
2025-04-15 19:00:00,0.63509804,0.63633877,0.63467884,0.63495690
2025-04-15 20:00:00,0.63493675,0.63640755,0.63493675,0.63619703
2025-04-15 21:00:00,0.63612825,0.63662636,0.63552588,0.63621730
2025-04-15 22:00:00,0.63615662,0.63766968,0.63600689,0.63735676
2025-04-15 23:00:00,0.63748676,0.63851660,0.63745832,0.63784868
2025-04-16 00:00:00,0.63806027,0.63815802,0.63633472,0.63751930
2025-04-16 01:00:00,0.63755995,0.63778764,0.63568753,0.63584918
2025-04-16 02:00:00,0.63610804,0.63654935,0.63523924,0.63552994
2025-04-16 03:00:00,0.63531995,0.63599879,0.63477957,0.63551784
2025-04-16 04:00:00,0.63527960,0.63527960,0.63431650,0.63492060
2025-04-16 05:00:00,0.63482791,0.63547742,0.63463855,0.63467884
2025-04-16 06:00:00,0.63487631,0.63524735,0.63451779,0.63467884
2025-04-16 07:00:00,0.63475943,0.63552588,0.63387424,0.63387424
2025-04-16 08:00:00,0.63379389,0.63461846,0.63347268,0.63439697
2025-04-16 09:00:00,0.63427633,0.63427633,0.63255107,0.63395464
2025-04-16 10:00:00,0.63431650,0.63484001,0.63343257,0.63375372
2025-04-16 11:00:00,0.63399482,0.63508999,0.63399482,0.63496900
2025-04-16 12:00:00,0.63538861,0.63619703,0.63379389,0.63385016
2025-04-16 13:00:00,0.63407922,0.63479972,0.63399881,0.63479567
2025-04-16 14:00:00,0.63503754,0.63556629,0.63439697,0.63550574
2025-04-16 15:00:00,0.63545722,0.63602710,0.63445741,0.63591790
2025-04-16 16:00:00,0.63581681,0.63581681,0.63435674,0.63532805
2025-04-16 17:00:00,0.63563901,0.63588959,0.63451779,0.63519895
2025-04-16 18:00:00,0.63515049,0.63803995,0.63457817,0.63708872
2025-04-16 19:00:00,0.63698727,0.63798702,0.63682097,0.63718623
2025-04-16 20:00:00,0.63739741,0.63815802,0.63693863,0.63749897
2025-04-16 21:00:00,0.63761687,0.63806844,0.63715774,0.63763720
2025-04-16 22:00:00,0.63749897,0.63786900,0.63625377,0.63651699
2025-04-16 23:00:00,0.63650078,0.63776731,0.63629425,0.63763309
2025-04-17 00:00:00,0.63765746,0.63866746,0.63664669,0.63840652
2025-04-17 01:00:00,0.63853699,0.63936985,0.63806027,0.63889599
2025-04-17 02:00:00,0.63893682,0.63919818,0.63843918,0.63865930
2025-04-17 03:00:00,0.63856554,0.63885927,0.63605142,0.63616872
2025-04-17 04:00:00,0.63649672,0.63722676,0.63609183,0.63701975
2025-04-17 05:00:00,0.63689804,0.63753963,0.63639951,0.63739741
2025-04-17 06:00:00,0.63709688,0.63776731,0.63709688,0.63734865
2025-04-17 07:00:00,0.63718623,0.63747054,0.63702381,0.63734865
2025-04-17 08:00:00,0.63734865,0.63793004,0.63714558,0.63789749
2025-04-17 09:00:00,0.63778764,0.63801956,0.63714558,0.63721865
2025-04-17 10:00:00,0.63715774,0.63759649,0.63629425,0.63637924
2025-04-17 11:00:00,0.63619703,0.63672769,0.63548547,0.63618898
2025-04-17 12:00:00,0.63617682,0.63686562,0.63556629,0.63647652
2025-04-17 13:00:00,0.63666689,0.63685751,0.63552588,0.63554609
2025-04-17 14:00:00,0.63557839,0.63583708,0.63402694,0.63414758
2025-04-17 15:00:00,0.63410735,0.63467884,0.63378590,0.63430852
2025-04-17 16:00:00,0.63424009,0.63467884,0.63366938,0.63401890
2025-04-17 17:00:00,0.63426018,0.63553804,0.63394660,0.63531595
2025-04-17 18:00:00,0.63532805,0.63604736,0.63508195,0.63568753
2025-04-17 19:00:00,0.63571578,0.63604736,0.63549763,0.63556629
2025-04-17 20:00:00,0.63567942,0.63596648,0.63533616,0.63556629
2025-04-17 21:00:00,0.63564712,0.63652915,0.63563901,0.63617277
2025-04-17 22:00:00,0.63629830,0.63841873,0.63629830,0.63832504
2025-04-17 23:00:00,0.63849622,0.63911653,0.63786900,0.63903892
2025-04-18 00:00:00,0.63894904,0.63930035,0.63686156,0.63691831
2025-04-18 01:00:00,0.63703603,0.63850844,0.63703603,0.63831687
2025-04-18 02:00:00,0.63862669,0.63918185,0.63812137,0.63879800
2025-04-18 03:00:00,0.63891637,0.63900626,0.63824356,0.63876945
2025-04-18 04:00:00,0.63890821,0.63958657,0.63854921,0.63937801
2025-04-18 05:00:00,0.63923901,0.63957840,0.63897759,0.63924724
2025-04-18 06:00:00,0.63928807,0.63979936,0.63914102,0.63942707
2025-04-18 07:00:00,0.63901848,0.63922274,0.63893682,0.63905931
2025-04-18 08:00:00,0.63865119,0.63918185,0.63848805,0.63897759
2025-04-18 09:00:00,0.63881433,0.63934529,0.63873273,0.63918185
2025-04-18 10:00:00,0.63918185,0.63954979,0.63889599,0.63926762
2025-04-18 11:00:00,0.63918597,0.63931668,0.63820279,0.63820279
2025-04-18 12:00:00,0.63832504,0.63869196,0.63706440,0.63706440
2025-04-18 13:00:00,0.63698322,0.63832504,0.63698322,0.63779581
2025-04-18 14:00:00,0.63779581,0.63865119,0.63779581,0.63844728
2025-04-18 15:00:00,0.63816208,0.63844728,0.63775510,0.63795853
2025-04-18 16:00:00,0.63791782,0.63832504,0.63791782,0.63828433
2025-04-18 17:00:00,0.63824356,0.63824356,0.63714558,0.63722676
2025-04-18 18:00:00,0.63710499,0.63738924,0.63706440,0.63714558
2025-04-18 19:00:00,0.63726741,0.63779581,0.63710499,0.63751113
2025-04-18 20:00:00,0.63755178,0.63791782,0.63726741,0.63763309
2025-04-18 21:00:00,0.63759243,0.63791782,0.63738924,0.63767380
2025-04-18 22:00:00,0.63787711,0.63787711,0.63751113,0.63759243
2025-04-18 23:00:00,0.63763309,0.63767380,0.63730800,0.63755178
2025-04-19 00:00:00,0.63759243,0.63763309,0.63738924,0.63738924
2025-04-19 01:00:00,0.63738924,0.63763309,0.63734865,0.63763309
2025-04-19 02:00:00,0.63763309,0.63767380,0.63759243,0.63763309
2025-04-19 03:00:00,0.63767380,0.63787711,0.63767380,0.63783646
2025-04-19 04:00:00,0.63783646,0.63787711,0.63783646,0.63783646
2025-04-19 05:00:00,0.63783646,0.63787711,0.63767380,0.63767380
2025-04-19 06:00:00,0.63771445,0.63808066,0.63771445,0.63779581
2025-04-19 07:00:00,0.63783646,0.63783646,0.63783646,0.63783646
2025-04-19 08:00:00,0.63848805,0.63848805,0.63848805,0.63848805
2025-04-21 09:00:00,0.63856959,0.63946795,0.63856959,0.63922274
2025-04-21 10:00:00,0.63954979,0.64016384,0.63881433,0.63881433
2025-04-21 11:00:00,0.63910013,0.63967657,0.63865119,0.63950890
2025-04-21 12:00:00,0.63946795,0.64042628,0.63922274,0.64016384
2025-04-21 13:00:00,0.64033604,0.64300001,0.64012295,0.64275616
2025-04-21 14:00:00,0.64279747,0.64279747,0.64139569,0.64197212
2025-04-21 15:00:00,0.64208752,0.64339715,0.64188975,0.64304549
2025-04-21 16:00:00,0.64331019,0.64340955,0.64184856,0.64230198
2025-04-21 17:00:00,0.64241755,0.64397722,0.64188975,0.64374918
2025-04-21 18:00:00,0.64364976,0.64364976,0.64279747,0.64331019
2025-04-21 19:00:00,0.64328951,0.64416802,0.64263225,0.64283878
2025-04-21 20:00:00,0.64279747,0.64324814,0.64205456,0.64283055
2025-04-21 21:00:00,0.64300001,0.64339715,0.64217830,0.64263225
2025-04-21 22:00:00,0.64300829,0.64329368,0.64172494,0.64329368
2025-04-21 23:00:00,0.64325231,0.64354205,0.64234328,0.64286774
2025-04-22 00:00:00,0.64271069,0.64297932,0.64176613,0.64209580
2025-04-22 01:00:00,0.64193088,0.64197212,0.64106673,0.64136690
2025-04-22 02:00:00,0.64135045,0.64179081,0.64106673,0.64156848
2025-04-22 03:00:00,0.64154792,0.64154792,0.64053291,0.64096808
2025-04-22 04:00:00,0.64095986,0.64179909,0.64057398,0.64172906
2025-04-22 05:00:00,0.64155614,0.64261979,0.64147794,0.64219886
2025-04-22 06:00:00,0.64224017,0.64236802,0.64172494,0.64184856
2025-04-22 07:00:00,0.64156032,0.64184856,0.64135450,0.64156032
2025-04-22 08:00:00,0.64147794,0.64217830,0.64147794,0.64194739
2025-04-22 09:00:00,0.64202988,0.64260745,0.64156032,0.64242584
2025-04-22 10:00:00,0.64245880,0.64245880,0.64049190,0.64114892
2025-04-22 11:00:00,0.64144915,0.64283878,0.64135450,0.64195979
2025-04-22 12:00:00,0.64191860,0.64309919,0.64160144,0.64288008
2025-04-22 13:00:00,0.64280987,0.64428008,0.64275616,0.64357930
2025-04-22 14:00:00,0.64379895,0.64427596,0.64316952,0.64347994
2025-04-22 15:00:00,0.64352959,0.64422613,0.64235568,0.64404768
2025-04-22 16:00:00,0.64400619,0.64422613,0.64246708,0.64265698
2025-04-22 17:00:00,0.64276850,0.64308685,0.64167964,0.64184856
2025-04-22 18:00:00,0.64185679,0.64247942,0.64102566,0.64120650
2025-04-22 19:00:00,0.64111608,0.64137101,0.64017618,0.64045084
2025-04-22 20:00:00,0.64036888,0.64073813,0.64006966,0.64009833
2025-04-22 21:00:00,0.64004916,0.64030731,0.63947618,0.63975435
2025-04-22 22:00:00,0.63968885,0.64008194,0.63893682,0.63928807
2025-04-22 23:00:00,0.63931668,0.63931668,0.63797885,0.63885927
2025-04-23 00:00:00,0.63901031,0.63981575,0.63872868,0.63912874
2025-04-23 01:00:00,0.63923901,0.63970929,0.63856959,0.63922679
2025-04-23 02:00:00,0.63946795,0.64079970,0.63946795,0.63991809
2025-04-23 03:00:00,0.63989764,0.64034832,0.63800740,0.63840652
2025-04-23 04:00:00,0.63842690,0.63887966,0.63752741,0.63763309
2025-04-23 05:00:00,0.63773066,0.63808876,0.63637519,0.63653725
2025-04-23 06:00:00,0.63667911,0.63729990,0.63661832,0.63665879
2025-04-23 07:00:00,0.63726741,0.63889599,0.63686156,0.63734865
2025-04-23 08:00:00,0.63621324,0.63698322,0.63524330,0.63633472
2025-04-23 09:00:00,0.63702381,0.63832915,0.63669932,0.63802773
2025-04-23 10:00:00,0.63794631,0.63986897,0.63794631,0.63986897
2025-04-23 11:00:00,0.63995904,0.64089829,0.63966841,0.64002866
2025-04-23 12:00:00,0.63991809,0.64011884,0.63885516,0.63940668
2025-04-23 13:00:00,0.63950890,0.63977891,0.63827616,0.63959885
2025-04-23 14:00:00,0.63962746,0.63995081,0.63889599,0.63993859
2025-04-23 15:00:00,0.63984847,0.64042628,0.63946795,0.64011884
2025-04-23 16:00:00,0.64023763,0.64272720,0.63991809,0.64236802
2025-04-23 17:00:00,0.64254963,0.64254963,0.64100921,0.64144915
2025-04-23 18:00:00,0.64163852,0.64186913,0.64053291,0.64150679
2025-04-23 19:00:00,0.64164668,0.64227724,0.64156848,0.64186913
2025-04-23 20:00:00,0.64177853,0.64177853,0.64053291,0.64110780
2025-04-23 21:00:00,0.64112842,0.64193916,0.64050829,0.64131343
2025-04-23 22:00:00,0.64136690,0.64194739,0.64077920,0.64188975
2025-04-23 23:00:00,0.64196801,0.64372849,0.64089006,0.64139569
2025-04-24 00:00:00,0.64144915,0.64268595,0.64068067,0.64114892
2025-04-24 01:00:00,0.64127642,0.64127642,0.63755178,0.63782835
2025-04-24 02:00:00,0.63771850,0.63771850,0.63634688,0.63715774
2025-04-24 03:00:00,0.63700759,0.63769817,0.63677639,0.63746649
2025-04-24 04:00:00,0.63730800,0.63755584,0.63625377,0.63680881
2025-04-24 05:00:00,0.63664669,0.63685751,0.63544518,0.63620919
2025-04-24 06:00:00,0.63620919,0.63668722,0.63588959,0.63613230
2025-04-24 07:00:00,0.63722676,0.63742989,0.63629425,0.63657779
2025-04-24 08:00:00,0.63621324,0.63742989,0.63621324,0.63669932
2025-04-24 09:00:00,0.63691831,0.63734049,0.63653725,0.63676828
2025-04-24 10:00:00,0.63665879,0.63720649,0.63597858,0.63689804
2025-04-24 11:00:00,0.63694674,0.63694674,0.63586938,0.63597858
2025-04-24 12:00:00,0.63581681,0.63722676,0.63540477,0.63722676
2025-04-24 13:00:00,0.63710904,0.63715774,0.63583708,0.63618898
2025-04-24 14:00:00,0.63616872,0.63675612,0.63583708,0.63613635
2025-04-24 15:00:00,0.63612825,0.63653725,0.63482791,0.63510615
2025-04-24 16:00:00,0.63525945,0.63748676,0.63512230,0.63726741
2025-04-24 17:00:00,0.63729990,0.63869196,0.63729990,0.63869196
2025-04-24 18:00:00,0.63895720,0.63911653,0.63790560,0.63795853
2025-04-24 19:00:00,0.63793820,0.63898987,0.63784868,0.63876945
2025-04-24 20:00:00,0.63883883,0.63921863,0.63865119,0.63877356
2025-04-24 21:00:00,0.63874906,0.63898987,0.63772660,0.63772660
2025-04-24 22:00:00,0.63776731,0.63873684,0.63776731,0.63845950
2025-04-24 23:00:00,0.63830060,0.63898987,0.63812953,0.63898987
2025-04-25 00:00:00,0.63896948,0.64057398,0.63893682,0.64018846
2025-04-25 01:00:00,0.64026636,0.64078742,0.63896948,0.63959885
2025-04-25 02:00:00,0.63966841,0.64097637,0.63940668,0.64097637
2025-04-25 03:00:00,0.64102566,0.64108729,0.63999999,0.64022946
2025-04-25 04:00:00,0.64017618,0.64068067,0.64005733,0.64064783
2025-04-25 05:00:00,0.64050829,0.64121884,0.64028686,0.64084899
2025-04-25 06:00:00,0.64069712,0.64178669,0.64069712,0.64114892
2025-04-25 07:00:00,0.64077920,0.64147794,0.64040989,0.64102566
2025-04-25 08:00:00,0.64164257,0.64179909,0.64094347,0.64142036
2025-04-25 09:00:00,0.64141625,0.64141625,0.64024585,0.64028686
2025-04-25 10:00:00,0.64038932,0.64085722,0.64020485,0.64045084
2025-04-25 11:00:00,0.64051652,0.64111608,0.63962746,0.63967246
2025-04-25 12:00:00,0.63990581,0.64033604,0.63953751,0.64020485
2025-04-25 13:00:00,0.64021719,0.64194739,0.64021719,0.64176613
2025-04-25 14:00:00,0.64176613,0.64183617,0.64082026,0.64082026
2025-04-25 15:00:00,0.64086956,0.64120650,0.63971341,0.63988942
2025-04-25 16:00:00,0.63975847,0.64073813,0.63897759,0.64070940
2025-04-25 17:00:00,0.64072990,0.64172906,0.63950890,0.64023763
2025-04-25 18:00:00,0.64021719,0.64049602,0.63892865,0.63921863
2025-04-25 19:00:00,0.63927990,0.63932896,0.63771445,0.63778764
2025-04-25 20:00:00,0.63775921,0.63859814,0.63775921,0.63798702
2025-04-25 21:00:00,0.63808876,0.63870829,0.63778764,0.63828838
2025-04-25 22:00:00,0.63824761,0.63875723,0.63799924,0.63832915
2025-04-25 23:00:00,0.63821912,0.63889599,0.63786900,0.63889599
2025-04-26 00:00:00,0.63890821,0.64020896,0.63887966,0.63924724
2025-04-26 01:00:00,0.63912052,0.63980752,0.63881028,0.63967657
2025-04-26 02:00:00,0.63972569,0.64010650,0.63953751,0.63976657
2025-04-26 03:00:00,0.63977891,0.64057803,0.63915730,0.63950890
2025-04-26 04:00:00,0.63946795,0.64059037,0.63946795,0.64050829
2025-04-26 05:00:00,0.64048779,0.64057803,0.64020485,0.64020485
2025-04-26 06:00:00,0.64027041,0.64044678,0.63983625,0.63991809
2025-04-26 07:00:00,0.63979530,0.63979530,0.63979530,0.63979530
2025-04-26 08:00:00,0.63954979,0.63954979,0.63954979,0.63954979
2025-04-28 09:00:00,0.63942707,0.63959062,0.63840652,0.63840652
2025-04-28 10:00:00,0.63820279,0.63905931,0.63816208,0.63893682
2025-04-28 11:00:00,0.63897759,0.63934529,0.63828433,0.63828433
2025-04-28 12:00:00,0.63842690,0.63867563,0.63802773,0.63808066
2025-04-28 13:00:00,0.63787711,0.63918185,0.63757622,0.63873273
2025-04-28 14:00:00,0.63885516,0.64040989,0.63885516,0.64040989
2025-04-28 15:00:00,0.64036888,0.64065605,0.64012295,0.64061499
2025-04-28 16:00:00,0.64057398,0.64061499,0.63832504,0.63869196
2025-04-28 17:00:00,0.63824356,0.63865119,0.63742989,0.63742989
2025-04-28 18:00:00,0.63730800,0.63824356,0.63714558,0.63820690
2025-04-28 19:00:00,0.63817024,0.64047962,0.63817024,0.63983625
2025-04-28 20:00:00,0.63992625,0.64049190,0.63957840,0.63975435
2025-04-28 21:00:00,0.63965613,0.64021719,0.63946795,0.63970929
2025-04-28 22:00:00,0.63968885,0.64079970,0.63959885,0.63971752
2025-04-28 23:00:00,0.63969702,0.64167964,0.63957840,0.64102972
2025-04-29 00:00:00,0.64092702,0.64323986,0.64071763,0.64256614
2025-04-29 01:00:00,0.64240927,0.64264047,0.64110780,0.64131343
2025-04-29 02:00:00,0.64135450,0.64217830,0.64135450,0.64197212
2025-04-29 03:00:00,0.64202988,0.64214939,0.64168787,0.64193088
2025-04-29 04:00:00,0.64189792,0.64288008,0.64189792,0.64279747
2025-04-29 05:00:00,0.64272720,0.64379895,0.64272720,0.64379895
2025-04-29 06:00:00,0.64375746,0.64379060,0.64329368,0.64341784
2025-04-29 07:00:00,0.64304549,0.64348823,0.64304549,0.64316952
2025-04-29 08:00:00,0.64337647,0.64345920,0.64300412,0.64339715
2025-04-29 09:00:00,0.64334744,0.64367872,0.64283878,0.64302063
2025-04-29 10:00:00,0.64297932,0.64313644,0.64246708,0.64293796
2025-04-29 11:00:00,0.64295864,0.64357930,0.64270657,0.64305782
2025-04-29 12:00:00,0.64313644,0.64495325,0.64259094,0.64259094
2025-04-29 13:00:00,0.64277679,0.64277679,0.64147794,0.64180732
2025-04-29 14:00:00,0.64199686,0.64200920,0.64123118,0.64147794
2025-04-29 15:00:00,0.64163029,0.64174962,0.64127231,0.64159733
2025-04-29 16:00:00,0.64174962,0.64309919,0.64164257,0.64226902
2025-04-29 17:00:00,0.64231026,0.64329368,0.64177024,0.64324814
2025-04-29 18:00:00,0.64314884,0.64341784,0.64188975,0.64208752
2025-04-29 19:00:00,0.64205045,0.64221948,0.64113659,0.64127642
2025-04-29 20:00:00,0.64136690,0.64145744,0.64013106,0.64013106
2025-04-29 21:00:00,0.64006966,0.64067656,0.64006966,0.64045084
2025-04-29 22:00:00,0.64046729,0.64183617,0.64046729,0.64147794
2025-04-29 23:00:00,0.64131749,0.64131749,0.63945568,0.63954979
2025-04-30 00:00:00,0.63973796,0.63984847,0.63789749,0.63812137
2025-04-30 01:00:00,0.63826799,0.63930851,0.63826799,0.63869601
2025-04-30 02:00:00,0.63860631,0.63961929,0.63860631,0.63871646
2025-04-30 03:00:00,0.63893682,0.63939846,0.63853699,0.63903069
2025-04-30 04:00:00,0.63906747,0.63923085,0.63820279,0.63878989
2025-04-30 05:00:00,0.63877761,0.63907975,0.63813764,0.63854921
2025-04-30 06:00:00,0.63855737,0.63907975,0.63832504,0.63856959
2025-04-30 07:00:00,0.63885516,0.63893682,0.63856959,0.63889599
2025-04-30 08:00:00,0.63873273,0.63899803,0.63836581,0.63880616
2025-04-30 09:00:00,0.63866746,0.63903892,0.63844728,0.63903892
2025-04-30 10:00:00,0.63901848,0.63944751,0.63812137,0.63853699
2025-04-30 11:00:00,0.63876945,0.64091063,0.63844728,0.64009833
2025-04-30 12:00:00,0.63997954,0.64056987,0.63954979,0.63996726
2025-04-30 13:00:00,0.64002043,0.64048779,0.63971341,0.64004099
2025-04-30 14:00:00,0.64016795,0.64165086,0.64016384,0.64165086
2025-04-30 15:00:00,0.64163852,0.64199686,0.64143682,0.64186913
2025-04-30 16:00:00,0.64170027,0.64198035,0.64090651,0.64123118
2025-04-30 17:00:00,0.64131749,0.64131749,0.63939029,0.63967246
2025-04-30 18:00:00,0.63962746,0.63975847,0.63889599,0.63930440
2025-04-30 19:00:00,0.63927990,0.64011061,0.63927990,0.63979530
2025-04-30 20:00:00,0.63980752,0.63993037,0.63930035,0.63962746
2025-04-30 21:00:00,0.63964796,0.63979936,0.63923901,0.63937801
2025-04-30 22:00:00,0.63934940,0.63966841,0.63686156,0.63754773
2025-04-30 23:00:00,0.63749081,0.63805622,0.63597047,0.63612825
2025-05-01 00:00:00,0.63636714,0.64011884,0.63586938,0.64006966
2025-05-01 01:00:00,0.63991809,0.64042628,0.63919818,0.64002043
2025-05-01 02:00:00,0.63999587,0.63999587,0.63933712,0.63972569
2025-05-01 03:00:00,0.63963568,0.64063960,0.63963157,0.63983625
2025-05-01 04:00:00,0.63983625,0.64152735,0.63971752,0.64052880
2025-05-01 05:00:00,0.64065605,0.64147794,0.64054936,0.64095986
2025-05-01 06:00:00,0.64089829,0.64112020,0.64028686,0.64040989
2025-05-01 07:00:00,0.64004099,0.64069712,0.64004099,0.64036888
2025-05-01 08:00:00,0.64086133,0.64121884,0.64065605,0.64110780
2025-05-01 09:00:00,0.64098459,0.64160967,0.64077920,0.64136690
2025-05-01 10:00:00,0.64135861,0.64175791,0.64119005,0.64157671
2025-05-01 11:00:00,0.64155614,0.64170027,0.64090240,0.64114892
2025-05-01 12:00:00,0.64122707,0.64294624,0.64106673,0.64213705
2025-05-01 13:00:00,0.64224839,0.64224839,0.64069712,0.64090240
2025-05-01 14:00:00,0.64120650,0.64124757,0.64004099,0.64020485
2025-05-01 15:00:00,0.64046729,0.64065605,0.63926357,0.63969702
2025-05-01 16:00:00,0.63960701,0.64057803,0.63946795,0.63996726
2025-05-01 17:00:00,0.63992625,0.63998771,0.63866746,0.63873684
2025-05-01 18:00:00,0.63865930,0.63950890,0.63858998,0.63889599
2025-05-01 19:00:00,0.63914919,0.63948840,0.63771445,0.63784051
2025-05-01 20:00:00,0.63784051,0.63967657,0.63769817,0.63959885
2025-05-01 21:00:00,0.63966841,0.64011061,0.63912874,0.63931668
2025-05-01 22:00:00,0.63919818,0.63968885,0.63877356,0.63885927
2025-05-01 23:00:00,0.63853699,0.63942707,0.63848805,0.63893682
2025-05-02 00:00:00,0.63873684,0.63924724,0.63755178,0.63862669
2025-05-02 01:00:00,0.63867563,0.63928807,0.63700759,0.63748676
2025-05-02 02:00:00,0.63739741,0.63754773,0.63683718,0.63747054
2025-05-02 03:00:00,0.63754773,0.63821912,0.63730800,0.63765746
2025-05-02 04:00:00,0.63755995,0.63944751,0.63734865,0.63880616
2025-05-02 05:00:00,0.63876945,0.63919818,0.63848805,0.63848805
2025-05-02 06:00:00,0.63857776,0.63892865,0.63828433,0.63852882
2025-05-02 07:00:00,0.63848805,0.63881433,0.63824356,0.63852882
2025-05-02 08:00:00,0.63881433,0.63881433,0.63832504,0.63876945
2025-05-02 09:00:00,0.63881844,0.63910013,0.63836581,0.63877356
2025-05-02 10:00:00,0.63882661,0.64110780,0.63850844,0.64095986
2025-05-02 11:00:00,0.64104617,0.64124757,0.64016384,0.64109552
2025-05-02 12:00:00,0.64115715,0.64177024,0.64090240,0.64114892
2025-05-02 13:00:00,0.64107907,0.64227724,0.64020485,0.64207929
2025-05-02 14:00:00,0.64189792,0.64193916,0.64066017,0.64139569
2025-05-02 15:00:00,0.64145744,0.64174962,0.64107907,0.64119828
2025-05-02 16:00:00,0.64102972,0.64258677,0.64071763,0.64139980
2025-05-02 17:00:00,0.64149034,0.64234328,0.64145744,0.64186084
2025-05-02 18:00:00,0.64181972,0.64236802,0.64122707,0.64230615
2025-05-02 19:00:00,0.64233911,0.64473701,0.64193088,0.64438802
2025-05-02 20:00:00,0.64437973,0.64453757,0.64302891,0.64316952
2025-05-02 21:00:00,0.64317781,0.64408088,0.64316952,0.64356691
2025-05-02 22:00:00,0.64353788,0.64524871,0.64312816,0.64479941
2025-05-02 23:00:00,0.64483678,0.64719892,0.64472866,0.64594054
2025-05-03 00:00:00,0.64617848,0.64709002,0.64541113,0.64687240
2025-05-03 01:00:00,0.64678866,0.64684731,0.64434654,0.64466220
2025-05-03 02:00:00,0.64471626,0.64609081,0.64465803,0.64516133
2025-05-03 03:00:00,0.64517796,0.64535695,0.64441293,0.64478689
2025-05-03 04:00:00,0.64495736,0.64535695,0.64412236,0.64445448
2025-05-03 05:00:00,0.64461648,0.64534861,0.64453757,0.64524871
2025-05-03 06:00:00,0.64509058,0.64542776,0.64445448,0.64445448
2025-05-03 07:00:00,0.64464974,0.64464974,0.64462060,0.64462060
2025-05-03 08:00:00,0.64566118,0.64566118,0.64566118,0.64566118
2025-05-05 09:00:00,0.64549440,0.64569032,0.64457911,0.64472866
2025-05-05 10:00:00,0.64472866,0.64484924,0.64366633,0.64484924
2025-05-05 11:00:00,0.64500731,0.64830661,0.64496988,0.64700627
2025-05-05 12:00:00,0.64709842,0.64766836,0.64637065,0.64717799
2025-05-05 13:00:00,0.64714032,0.64714032,0.64628708,0.64660048
2025-05-05 14:00:00,0.64661723,0.64719892,0.64624530,0.64708167
2025-05-05 15:00:00,0.64701051,0.64912724,0.64701051,0.64810914
2025-05-05 16:00:00,0.64794117,0.64831924,0.64674687,0.64740008
2025-05-05 17:00:00,0.64745873,0.64794958,0.64678866,0.64693934
2025-05-05 18:00:00,0.64682633,0.64904720,0.64682633,0.64809656
2025-05-05 19:00:00,0.64836967,0.64946872,0.64829820,0.64946872
2025-05-05 20:00:00,0.64949828,0.64958686,0.64855045,0.64864725
2025-05-05 21:00:00,0.64885771,0.64965016,0.64855045,0.64872724
2025-05-05 22:00:00,0.64867669,0.64959955,0.64859253,0.64903033
2025-05-05 23:00:00,0.64916098,0.64963752,0.64821416,0.64834023
2025-05-06 00:00:00,0.64798737,0.64861780,0.64750063,0.64846641
2025-05-06 01:00:00,0.64842016,0.64842016,0.64695609,0.64738744
2025-05-06 02:00:00,0.64737070,0.64753842,0.64657962,0.64679706
2025-05-06 03:00:00,0.64676780,0.64697701,0.64653778,0.64671761
2025-05-06 04:00:00,0.64673012,0.64716125,0.64641237,0.64702725
2025-05-06 05:00:00,0.64699793,0.64761806,0.64691424,0.64725757
2025-05-06 06:00:00,0.64729947,0.64746714,0.64674687,0.64708167
2025-05-06 07:00:00,0.64699793,0.64716542,0.64657962,0.64674687
2025-05-06 08:00:00,0.64695609,0.64727855,0.64670503,0.64703977
2025-05-06 09:00:00,0.64685982,0.64695609,0.64624530,0.64639568
2025-05-06 10:00:00,0.64643753,0.64656705,0.64470375,0.64518625
2025-05-06 11:00:00,0.64502811,0.64606577,0.64470375,0.64514881
2025-05-06 12:00:00,0.64523625,0.64631629,0.64507806,0.64570284
2025-05-06 13:00:00,0.64609915,0.64645839,0.64524454,0.64642912
2025-05-06 14:00:00,0.64639992,0.64735812,0.64628708,0.64716959
2025-05-06 15:00:00,0.64708585,0.64714032,0.64524454,0.64559865
2025-05-06 16:00:00,0.64539027,0.64614928,0.64466220,0.64614093
2025-05-06 17:00:00,0.64609081,0.64668834,0.64584881,0.64604074
2025-05-06 18:00:00,0.64601988,0.64634556,0.64541948,0.64550692
2025-05-06 19:00:00,0.64542776,0.64542776,0.64401871,0.64474946
2025-05-06 20:00:00,0.64475781,0.64579874,0.64470792,0.64579874
2025-05-06 21:00:00,0.64584881,0.64648759,0.64564866,0.64648759
2025-05-06 22:00:00,0.64645839,0.64720732,0.64605743,0.64712352
2025-05-06 23:00:00,0.64706075,0.64771032,0.64655864,0.64762640
2025-05-07 00:00:00,0.64774811,0.64884084,0.64746714,0.64810914
2025-05-07 01:00:00,0.64802933,0.64905983,0.64795792,0.64892924
2025-05-07 02:00:00,0.64896715,0.64994150,0.64831084,0.64896715
2025-05-07 03:00:00,0.64898819,0.65003020,0.64873981,0.64912724
2025-05-07 04:00:00,0.64916939,0.64994997,0.64895034,0.64994997
2025-05-07 05:00:00,0.64992034,0.65033036,0.64954048,0.65000063
2025-05-07 06:00:00,0.64994997,0.65056729,0.64909780,0.64964598
2025-05-07 07:00:00,0.64981478,0.64981478,0.64930850,0.64930850
2025-05-07 08:00:00,0.65036416,0.65163559,0.65036416,0.65125364
2025-05-07 09:00:00,0.65153795,0.65153795,0.65044880,0.65072817
2025-05-07 10:00:00,0.65071970,0.65107983,0.64930850,0.65038961
2025-05-07 11:00:00,0.65064776,0.65121126,0.64867669,0.64989924
2025-05-07 12:00:00,0.64963752,0.64963752,0.64813018,0.64874822
2025-05-07 13:00:00,0.64876091,0.64919889,0.64817220,0.64889979
2025-05-07 14:00:00,0.64873981,0.64927900,0.64796215,0.64825618
2025-05-07 15:00:00,0.64808816,0.64909780,0.64800411,0.64855045
2025-05-07 16:00:00,0.64879876,0.64928740,0.64829820,0.64893770
2025-05-07 17:00:00,0.64862621,0.64869773,0.64772713,0.64856732
2025-05-07 18:00:00,0.64848739,0.64852947,0.64758456,0.64758867
2025-05-07 19:00:00,0.64747965,0.64771873,0.64662141,0.64709002
2025-05-07 20:00:00,0.64695609,0.64797056,0.64692676,0.64797056
2025-05-07 21:00:00,0.64799571,0.64825618,0.64712775,0.64748806
2025-05-07 22:00:00,0.64756775,0.64764744,0.64697701,0.64720732
2025-05-07 23:00:00,0.64721572,0.64777744,0.64650017,0.64760965
2025-05-08 00:00:00,0.64768940,0.64768940,0.64619935,0.64706075
2025-05-08 01:00:00,0.64696026,0.64702725,0.64595312,0.64637065
2025-05-08 02:00:00,0.64625788,0.64675939,0.64536947,0.64659631
2025-05-08 03:00:00,0.64653778,0.64657539,0.64520288,0.64536947
2025-05-08 04:00:00,0.64561528,0.64693934,0.64457911,0.64557779
2025-05-08 05:00:00,0.64518625,0.64524454,0.64242584,0.64352959
2025-05-08 06:00:00,0.64355862,0.64355862,0.64254963,0.64267766
2025-05-08 07:00:00,0.64254963,0.64325231,0.64254963,0.64296275
2025-05-08 08:00:00,0.64275616,0.64335990,0.64271486,0.64311993
2025-05-08 09:00:00,0.64288008,0.64373678,0.64283878,0.64328951
2025-05-08 10:00:00,0.64335573,0.64498651,0.64331847,0.64446694
2025-05-08 11:00:00,0.64438802,0.64650851,0.64438802,0.64591140
2025-05-08 12:00:00,0.64636648,0.64671761,0.64553612,0.64564866
2025-05-08 13:00:00,0.64566952,0.64664650,0.64566952,0.64595729
2025-05-08 14:00:00,0.64590722,0.64607835,0.64545280,0.64546943
2025-05-08 15:00:00,0.64541948,0.64550692,0.64372021,0.64457911
2025-05-08 16:00:00,0.64462894,0.64462894,0.64114892,0.64137924
2025-05-08 17:00:00,0.64142859,0.64255786,0.64049190,0.64228553
2025-05-08 18:00:00,0.64222777,0.64274788,0.64149034,0.64149034
2025-05-08 19:00:00,0.64153969,0.64209580,0.64106673,0.64137924
2025-05-08 20:00:00,0.64131749,0.64290899,0.64116949,0.64197212
2025-05-08 21:00:00,0.64200920,0.64226902,0.64127642,0.64185679
2025-05-08 22:00:00,0.64179909,0.64248770,0.64156032,0.64198864
2025-05-08 23:00:00,0.64215761,0.64321917,0.64213705,0.64309919
2025-05-09 00:00:00,0.64294624,0.64345920,0.64128870,0.64143682
2025-05-09 01:00:00,0.64142859,0.64277679,0.64115715,0.64167964
2025-05-09 02:00:00,0.64154792,0.64165908,0.64058626,0.64134634
2025-05-09 03:00:00,0.64121884,0.64135861,0.64020485,0.64068890
2025-05-09 04:00:00,0.64062732,0.64098871,0.63979530,0.63991809
2025-05-09 05:00:00,0.63981980,0.64052880,0.63972980,0.64039755
2025-05-09 06:00:00,0.64032787,0.64070940,0.64012700,0.64020485
2025-05-09 07:00:00,0.64065605,0.64069712,0.64008194,0.64024585
2025-05-09 08:00:00,0.64016384,0.64062732,0.63995904,0.64032787
2025-05-09 09:00:00,0.64051652,0.64051652,0.63942707,0.63955790
2025-05-09 10:00:00,0.63963974,0.64015979,0.63896948,0.63930035
2025-05-09 11:00:00,0.63924724,0.63975435,0.63832504,0.63898987
2025-05-09 12:00:00,0.63897759,0.64020896,0.63738924,0.63997543
2025-05-09 13:00:00,0.63999999,0.64089829,0.63997954,0.64089006
2025-05-09 14:00:00,0.64091879,0.64128870,0.64049190,0.64123940
2025-05-09 15:00:00,0.64115715,0.64115715,0.64024585,0.64089829
2025-05-09 16:00:00,0.64079970,0.64110780,0.64020485,0.64023763
2025-05-09 17:00:00,0.64013928,0.64168787,0.63994676,0.64123118
2025-05-09 18:00:00,0.64110780,0.64157671,0.64024585,0.64107907
2025-05-09 19:00:00,0.64100921,0.64103794,0.64000821,0.64016795
2025-05-09 20:00:00,0.64010650,0.64032787,0.63959062,0.64013928
2025-05-09 21:00:00,0.64003688,0.64102566,0.64003688,0.64068890
2025-05-09 22:00:00,0.64073813,0.64114892,0.64044678,0.64111608
2025-05-09 23:00:00,0.64109552,0.64272720,0.64109552,0.64267355
2025-05-10 00:00:00,0.64257854,0.64343852,0.64182788,0.64231855
2025-05-10 01:00:00,0.64233911,0.64254963,0.64163852,0.64252901
2025-05-10 02:00:00,0.64257032,0.64260745,0.64157671,0.64159733
2025-05-10 03:00:00,0.64166731,0.64219064,0.64154792,0.64189792
2025-05-10 04:00:00,0.64191031,0.64209992,0.64137924,0.64156032
2025-05-10 05:00:00,0.64158911,0.64166731,0.64098459,0.64149034
2025-05-10 06:00:00,0.64139980,0.64154792,0.64102566,0.64135450
2025-05-10 07:00:00,0.64139569,0.64139569,0.64139569,0.64139569
2025-05-10 08:00:00,0.64209580,0.64209580,0.64209580,0.64209580
2025-05-12 09:00:00,0.64245880,0.64314884,0.64197212,0.64231855
2025-05-12 10:00:00,0.64228964,0.64277679,0.64139569,0.64248770
2025-05-12 11:00:00,0.64269000,0.64358765,0.64225662,0.64252901
2025-05-12 12:00:00,0.64257032,0.64295864,0.64178669,0.64253724
2025-05-12 13:00:00,0.64258677,0.64337647,0.64250839,0.64330608
2025-05-12 14:00:00,0.64343023,0.64369118,0.64288008,0.64326888
2025-05-12 15:00:00,0.64343023,0.64408922,0.64299583,0.64384872
2025-05-12 16:00:00,0.64402699,0.64440876,0.64317781,0.64317781
2025-05-12 17:00:00,0.64516133,0.64570284,0.63959062,0.64076686
2025-05-12 18:00:00,0.64084083,0.64180732,0.63991809,0.64144915
2025-05-12 19:00:00,0.64131749,0.64180732,0.64053291,0.64108729
2025-05-12 20:00:00,0.64110780,0.64110780,0.63856959,0.63881844
2025-05-12 21:00:00,0.63864708,0.63991809,0.63864708,0.63961929
2025-05-12 22:00:00,0.63966841,0.63966841,0.63880616,0.63893682
2025-05-12 23:00:00,0.63908786,0.64025813,0.63877761,0.63909608
2025-05-13 00:00:00,0.63894904,0.63934940,0.63747054,0.63774699
2025-05-13 01:00:00,0.63771850,0.63799924,0.63661832,0.63695890
2025-05-13 02:00:00,0.63697916,0.63720649,0.63612020,0.63671964
2025-05-13 03:00:00,0.63672769,0.63687778,0.63609183,0.63637924
2025-05-13 04:00:00,0.63641977,0.63704008,0.63589770,0.63699949
2025-05-13 05:00:00,0.63694263,0.63738924,0.63665879,0.63717806
2025-05-13 06:00:00,0.63716996,0.63790560,0.63710499,0.63740957
2025-05-13 07:00:00,0.63751113,0.63751113,0.63633472,0.63722676
2025-05-13 08:00:00,0.63730800,0.63784868,0.63706440,0.63769817
2025-05-13 09:00:00,0.63745832,0.63798702,0.63722676,0.63752741
2025-05-13 10:00:00,0.63759243,0.63808876,0.63673991,0.63682914
2025-05-13 11:00:00,0.63681692,0.63786900,0.63650888,0.63748676
2025-05-13 12:00:00,0.63755995,0.63856959,0.63744611,0.63846767
2025-05-13 13:00:00,0.63835764,0.64016795,0.63832915,0.64011884
2025-05-13 14:00:00,0.64009011,0.64152735,0.64000821,0.64144915
2025-05-13 15:00:00,0.64142859,0.64205873,0.64073813,0.64114892
2025-05-13 16:00:00,0.64129698,0.64217830,0.64050829,0.64163852
2025-05-13 17:00:00,0.64164668,0.64201748,0.64087778,0.64101744
2025-05-13 18:00:00,0.64105856,0.64113659,0.64032787,0.64077920
2025-05-13 19:00:00,0.64080793,0.64170849,0.64057803,0.64145744
2025-05-13 20:00:00,0.64133811,0.64193916,0.64073813,0.64155614
2025-05-13 21:00:00,0.64159733,0.64179909,0.64098871,0.64098871
2025-05-13 22:00:00,0.64102566,0.64318609,0.64072990,0.64318609
2025-05-13 23:00:00,0.64300829,0.64358348,0.64215761,0.64240927
2025-05-14 00:00:00,0.64255786,0.64637899,0.64246708,0.64618689
2025-05-14 01:00:00,0.64608663,0.64753002,0.64567780,0.64743781
2025-05-14 02:00:00,0.64734977,0.64782786,0.64695609,0.64763904
2025-05-14 03:00:00,0.64761806,0.64813852,0.64727014,0.64797896
2025-05-14 04:00:00,0.64805877,0.64805877,0.64742941,0.64792854
2025-05-14 05:00:00,0.64798737,0.64804614,0.64762640,0.64779007
2025-05-14 06:00:00,0.64768940,0.64778584,0.64724922,0.64724922
2025-05-14 07:00:00,0.64699793,0.64754260,0.64674687,0.64708167
2025-05-14 08:00:00,0.64745873,0.64813018,0.64724922,0.64783627
2025-05-14 09:00:00,0.64798737,0.64798737,0.64729112,0.64771873
2025-05-14 10:00:00,0.64767677,0.64784044,0.64716542,0.64742941
2025-05-14 11:00:00,0.64751738,0.64899665,0.64708167,0.64881980
2025-05-14 12:00:00,0.64892083,0.64898819,0.64762640,0.64828980
2025-05-14 13:00:00,0.64827722,0.64842856,0.64771032,0.64787823
2025-05-14 14:00:00,0.64802933,0.64831084,0.64724922,0.64737910
2025-05-14 15:00:00,0.64752579,0.64831924,0.64720732,0.64745033
2025-05-14 16:00:00,0.64737910,0.64823097,0.64671761,0.64767677
2025-05-14 17:00:00,0.64759707,0.64907670,0.64757615,0.64904720
2025-05-14 18:00:00,0.64907670,0.65038115,0.64891660,0.64941812
2025-05-14 19:00:00,0.64938861,0.65011895,0.64829820,0.64829820
2025-05-14 20:00:00,0.64827722,0.64842433,0.64748806,0.64775652
2025-05-14 21:00:00,0.64771873,0.64779848,0.64665908,0.64737910
2025-05-14 22:00:00,0.64748806,0.64783627,0.64641237,0.64680964
2025-05-14 23:00:00,0.64681798,0.64681798,0.64591974,0.64627874
2025-05-15 00:00:00,0.64593637,0.64634973,0.64499485,0.64592808
2025-05-15 01:00:00,0.64581960,0.64581960,0.64410990,0.64478689
2025-05-15 02:00:00,0.64473701,0.64513630,0.64279747,0.64376992
2025-05-15 03:00:00,0.64367872,0.64410579,0.64350063,0.64393985
2025-05-15 04:00:00,0.64397722,0.64403939,0.64275616,0.64298755
2025-05-15 05:00:00,0.64290899,0.64314055,0.64250839,0.64295036
2025-05-15 06:00:00,0.64300829,0.64342612,0.64275616,0.64300829
2025-05-15 07:00:00,0.64379060,0.64403939,0.64263225,0.64321089
2025-05-15 08:00:00,0.64296275,0.64346749,0.64288008,0.64292145
2025-05-15 09:00:00,0.64310747,0.64315712,0.64246708,0.64308685
2025-05-15 10:00:00,0.64307857,0.64392740,0.64296275,0.64356691
2025-05-15 11:00:00,0.64382792,0.64586967,0.64366633,0.64487839
2025-05-15 12:00:00,0.64471626,0.64504892,0.64366633,0.64452922
2025-05-15 13:00:00,0.64446694,0.64497823,0.64416391,0.64437973
2025-05-15 14:00:00,0.64436722,0.64475781,0.64333504,0.64338058
2025-05-15 15:00:00,0.64336818,0.64372849,0.64184856,0.64277679
2025-05-15 16:00:00,0.64283878,0.64433819,0.64283878,0.64432991
2025-05-15 17:00:00,0.64426762,0.64449602,0.64173734,0.64212877
2025-05-15 18:00:00,0.64213705,0.64262807,0.64196801,0.64245880
2025-05-15 19:00:00,0.64241755,0.64242584,0.64188975,0.64191860
2025-05-15 20:00:00,0.64198035,0.64198035,0.64065605,0.64078742
2025-05-15 21:00:00,0.64082849,0.64122707,0.64042628,0.64106673
2025-05-15 22:00:00,0.64119005,0.64212877,0.64059854,0.64184028
2025-05-15 23:00:00,0.64200920,0.64240927,0.64032787,0.64071763
2025-05-16 00:00:00,0.64074636,0.64138740,0.63944751,0.64042628
2025-05-16 01:00:00,0.64046729,0.64053702,0.63932896,0.64041805
2025-05-16 02:00:00,0.64038932,0.64066833,0.63988942,0.64055759
2025-05-16 03:00:00,0.64062732,0.64103794,0.64025813,0.64046729
2025-05-16 04:00:00,0.64047962,0.64089006,0.64012295,0.64077920
2025-05-16 05:00:00,0.64072990,0.64090651,0.64036888,0.64078742
2025-05-16 06:00:00,0.64089829,0.64122707,0.64065605,0.64083672
2025-05-16 07:00:00,0.64069712,0.64086133,0.64012295,0.64069712
2025-05-16 08:00:00,0.64057398,0.64129698,0.64049190,0.64093935
2025-05-16 09:00:00,0.64082849,0.64096808,0.64040989,0.64077920
2025-05-16 10:00:00,0.64074636,0.64141625,0.63975435,0.64016795
2025-05-16 11:00:00,0.64021719,0.64133811,0.64008194,0.64097637
2025-05-16 12:00:00,0.64115715,0.64222777,0.64045084,0.64215761
2025-05-16 13:00:00,0.64223599,0.64288008,0.64160144,0.64243817
2025-05-16 14:00:00,0.64242995,0.64331847,0.64233911,0.64288837
2025-05-16 15:00:00,0.64289665,0.64396888,0.64267355,0.64384872
2025-05-16 16:00:00,0.64374918,0.64374918,0.64262807,0.64283055
2025-05-16 17:00:00,0.64273959,0.64338058,0.64253724,0.64303720
2025-05-16 18:00:00,0.64292556,0.64324814,0.64229786,0.64297932
2025-05-16 19:00:00,0.64284706,0.64306611,0.64217830,0.64217830
2025-05-16 20:00:00,0.64215761,0.64243817,0.64194739,0.64217830
2025-05-16 21:00:00,0.64238864,0.64246708,0.64176613,0.64189792
2025-05-16 22:00:00,0.64192683,0.64192683,0.64102566,0.64162612
2025-05-16 23:00:00,0.64154792,0.64197624,0.64108729,0.64184856
2025-05-17 00:00:00,0.64197624,0.64197624,0.63966841,0.63993859
2025-05-17 01:00:00,0.63985670,0.63998771,0.63904709,0.63951701
2025-05-17 02:00:00,0.63959885,0.64025813,0.63922274,0.64014751
2025-05-17 03:00:00,0.64018846,0.64046729,0.64004099,0.64019668
2025-05-17 04:00:00,0.64017618,0.64082849,0.63995904,0.64077920
2025-05-17 05:00:00,0.64087778,0.64097637,0.64057398,0.64071763
2025-05-17 06:00:00,0.64080793,0.64124757,0.64057398,0.64085722
2025-05-17 07:00:00,0.64049190,0.64049190,0.64049190,0.64049190
2025-05-19 09:00:00,0.64125997,0.64148623,0.64098459,0.64137924
2025-05-19 10:00:00,0.64140803,0.64165908,0.64061499,0.64165908
2025-05-19 11:00:00,0.64165908,0.64170849,0.64049190,0.64080793
2025-05-19 12:00:00,0.64069712,0.64248770,0.64061499,0.64188564
2025-05-19 13:00:00,0.64179909,0.64210820,0.64135450,0.64152735
2025-05-19 14:00:00,0.64148623,0.64148623,0.64073813,0.64089006
2025-05-19 15:00:00,0.64096808,0.64126819,0.64012295,0.64051652
2025-05-19 16:00:00,0.64036888,0.64156848,0.64028686,0.64150679
2025-05-19 17:00:00,0.64145744,0.64309919,0.64119005,0.64278919
2025-05-19 18:00:00,0.64273959,0.64371604,0.64214939,0.64371604
2025-05-19 19:00:00,0.64358765,0.64479941,0.64333504,0.64475781
2025-05-19 20:00:00,0.64483678,0.64510721,0.64435899,0.64467883
2025-05-19 21:00:00,0.64472038,0.64537781,0.64447939,0.64524871
2025-05-19 22:00:00,0.64512801,0.64520288,0.64429665,0.64429665
2025-05-19 23:00:00,0.64418048,0.64526957,0.64387357,0.64475781
2025-05-20 00:00:00,0.64478689,0.64604908,0.64452922,0.64587802
2025-05-20 01:00:00,0.64589882,0.64670503,0.64566118,0.64586967
2025-05-20 02:00:00,0.64591974,0.64605743,0.64557779,0.64581126
2025-05-20 03:00:00,0.64582795,0.64607835,0.64520288,0.64529866
2025-05-20 04:00:00,0.64528620,0.64549440,0.64503646,0.64540696
2025-05-20 05:00:00,0.64542776,0.64599901,0.64529866,0.64592808
2025-05-20 06:00:00,0.64586127,0.64625788,0.64581960,0.64593637
2025-05-20 07:00:00,0.64595312,0.64604908,0.64584881,0.64599484
2025-05-20 08:00:00,0.64595312,0.64615762,0.64574456,0.64574456
2025-05-20 09:00:00,0.64570284,0.64596975,0.64557779,0.64585716
2025-05-20 10:00:00,0.64582795,0.64582795,0.64482850,0.64515716
2025-05-20 11:00:00,0.64519876,0.64540696,0.64436722,0.64446694
2025-05-20 12:00:00,0.64454997,0.64491993,0.64435899,0.64491993
2025-05-20 13:00:00,0.64485759,0.64532781,0.64478689,0.64513630
2025-05-20 14:00:00,0.64510721,0.64516544,0.64256614,0.64275616
2025-05-20 15:00:00,0.64291728,0.64411825,0.64123118,0.64147794
2025-05-20 16:00:00,0.64188975,0.64295864,0.64147794,0.64184028
2025-05-20 17:00:00,0.64178669,0.64284706,0.64172494,0.64264876
2025-05-20 18:00:00,0.64265698,0.64265698,0.64196801,0.64211643
2025-05-20 19:00:00,0.64221543,0.64229786,0.64173734,0.64202988
2025-05-20 20:00:00,0.64193916,0.64207107,0.64126819,0.64150679
2025-05-20 21:00:00,0.64151913,0.64176613,0.64122707,0.64143682
2025-05-20 22:00:00,0.64134634,0.64147794,0.63945979,0.63999587
2025-05-20 23:00:00,0.63985670,0.64075863,0.63985670,0.64027864
2025-05-21 00:00:00,0.64026636,0.64066833,0.63967246,0.64054936
2025-05-21 01:00:00,0.64059854,0.64067656,0.63981980,0.64067656
2025-05-21 02:00:00,0.64066833,0.64198864,0.64043856,0.64191031
2025-05-21 03:00:00,0.64196801,0.64241755,0.64191860,0.64233911
2025-05-21 04:00:00,0.64240927,0.64257854,0.64147794,0.64173734
2025-05-21 05:00:00,0.64164668,0.64220715,0.64146560,0.64215761
2025-05-21 06:00:00,0.64214939,0.64291728,0.64205873,0.64259917
2025-05-21 07:00:00,0.64259094,0.64271486,0.64221948,0.64238453
2025-05-21 08:00:00,0.64259094,0.64276850,0.64209580,0.64226073
2025-05-21 09:00:00,0.64226073,0.64300829,0.64221948,0.64298755
2025-05-21 10:00:00,0.64298755,0.64430916,0.64250839,0.64413899
2025-05-21 11:00:00,0.64420956,0.64440876,0.64324814,0.64368701
2025-05-21 12:00:00,0.64369118,0.64487010,0.64362490,0.64460820
2025-05-21 13:00:00,0.64455831,0.64565700,0.64424688,0.64510721
2025-05-21 14:00:00,0.64511967,0.64556944,0.64437973,0.64531946
2025-05-21 15:00:00,0.64532781,0.64609915,0.64526957,0.64549440
2025-05-21 16:00:00,0.64516133,0.64603657,0.64477855,0.64556944
2025-05-21 17:00:00,0.64555699,0.64555699,0.64416802,0.64499903
2025-05-21 18:00:00,0.64510721,0.64512801,0.64381963,0.64416802
2025-05-21 19:00:00,0.64415556,0.64463729,0.64377820,0.64399791
2025-05-21 20:00:00,0.64404768,0.64562780,0.64386940,0.64474946
2025-05-21 21:00:00,0.64461648,0.64520705,0.64447939,0.64462894
2025-05-21 22:00:00,0.64465803,0.64564031,0.64416802,0.64463729
2025-05-21 23:00:00,0.64477855,0.64495736,0.64391500,0.64490753
2025-05-22 00:00:00,0.64494908,0.64622027,0.64490753,0.64599901
2025-05-22 01:00:00,0.64612001,0.64684731,0.64574456,0.64682633
2025-05-22 02:00:00,0.64674687,0.64711934,0.64640826,0.64662558
2025-05-22 03:00:00,0.64662981,0.64691001,0.64457911,0.64493662
2025-05-22 04:00:00,0.64470792,0.64514881,0.64420539,0.64434654
2025-05-22 05:00:00,0.64431745,0.64461648,0.64354205,0.64355862
2025-05-22 06:00:00,0.64345920,0.64411825,0.64333504,0.64388603
2025-05-22 07:00:00,0.64399791,0.64428842,0.64362490,0.64366633
2025-05-22 08:00:00,0.64370775,0.64370775,0.64321089,0.64333504
2025-05-22 09:00:00,0.64337647,0.64380723,0.64329368,0.64350891
2025-05-22 10:00:00,0.64353788,0.64469957,0.64350063,0.64429665
2025-05-22 11:00:00,0.64432991,0.64478689,0.64308685,0.64327711
2025-05-22 12:00:00,0.64336818,0.64503646,0.64304549,0.64446694
2025-05-22 13:00:00,0.64452094,0.64478689,0.64416391,0.64463729
2025-05-22 14:00:00,0.64464974,0.64568615,0.64432991,0.64561111
2025-05-22 15:00:00,0.64546108,0.64546108,0.64466220,0.64512801
2025-05-22 16:00:00,0.64494908,0.64536947,0.64395648,0.64407670
2025-05-22 17:00:00,0.64417636,0.64517796,0.64387357,0.64509887
2025-05-22 18:00:00,0.64510721,0.64610755,0.64387769,0.64392740
2025-05-22 19:00:00,0.64386111,0.64386111,0.64253724,0.64253724
2025-05-22 20:00:00,0.64250839,0.64250839,0.64168376,0.64184856
2025-05-22 21:00:00,0.64180732,0.64298755,0.64180732,0.64237624
2025-05-22 22:00:00,0.64247942,0.64258677,0.64187735,0.64233911
2025-05-22 23:00:00,0.64257854,0.64290899,0.64129698,0.64148623
2025-05-23 00:00:00,0.64164668,0.64213705,0.64145744,0.64170027
2025-05-23 01:00:00,0.64168787,0.64197624,0.64098459,0.64176613
2025-05-23 02:00:00,0.64185679,0.64213705,0.64117771,0.64119828
2025-05-23 03:00:00,0.64117771,0.64158911,0.64097637,0.64147794
2025-05-23 04:00:00,0.64151913,0.64181972,0.64143682,0.64160967
2025-05-23 05:00:00,0.64153969,0.64185679,0.64098459,0.64119828
2025-05-23 06:00:00,0.64119828,0.64157671,0.64106673,0.64120650
2025-05-23 07:00:00,0.64193088,0.64193088,0.64119005,0.64131343
2025-05-23 08:00:00,0.64147794,0.64177024,0.64127231,0.64135450
2025-05-23 09:00:00,0.64149851,0.64156032,0.64114892,0.64118594
2025-05-23 10:00:00,0.64122707,0.64200920,0.64106673,0.64200920
2025-05-23 11:00:00,0.64205873,0.64323986,0.64180732,0.64306611
2025-05-23 12:00:00,0.64308685,0.64389843,0.64300412,0.64343023
2025-05-23 13:00:00,0.64356691,0.64403939,0.64356691,0.64362907
2025-05-23 14:00:00,0.64367872,0.64405602,0.64350063,0.64367872
2025-05-23 15:00:00,0.64360833,0.64419705,0.64332676,0.64419705
2025-05-23 16:00:00,0.64406848,0.64406848,0.64300829,0.64331847
2025-05-23 17:00:00,0.64329779,0.64595729,0.64329779,0.64549857
2025-05-23 18:00:00,0.64541948,0.64571118,0.64509887,0.64556116
2025-05-23 19:00:00,0.64549029,0.64657962,0.64549029,0.64653778
2025-05-23 20:00:00,0.64649600,0.64671761,0.64629960,0.64642912
2025-05-23 21:00:00,0.64643753,0.64722824,0.64429665,0.64467883
2025-05-23 22:00:00,0.64450020,0.64643753,0.64330608,0.64615762
2025-05-23 23:00:00,0.64611590,0.64628708,0.64477855,0.64534861
2025-05-24 00:00:00,0.64536947,0.64794958,0.64524454,0.64763904
2025-05-24 01:00:00,0.64761806,0.64817220,0.64732879,0.64774811
2025-05-24 02:00:00,0.64777744,0.64916098,0.64764744,0.64895874
2025-05-24 03:00:00,0.64901775,0.65019083,0.64897138,0.64981902
2025-05-24 04:00:00,0.64981055,0.65023732,0.64960372,0.64994997
2025-05-24 05:00:00,0.64981055,0.65017813,0.64960372,0.64984858
2025-05-24 06:00:00,0.64973032,0.65019929,0.64973032,0.64994997
2025-05-24 07:00:00,0.64964598,0.64964598,0.64964598,0.64964598
2025-05-24 08:00:00,0.65063924,0.65063924,0.65063924,0.65063924
2025-05-26 09:00:00,0.65053767,0.65087217,0.65019506,0.65049958
2025-05-26 10:00:00,0.65045726,0.65103740,0.65014011,0.65085095
2025-05-26 11:00:00,0.65086794,0.65352643,0.65061814,0.65352643
2025-05-26 12:00:00,0.65342820,0.65396667,0.65272874,0.65275002
2025-05-26 13:00:00,0.65269893,0.65274155,0.65204775,0.65238810
2025-05-26 14:00:00,0.65232849,0.65275854,0.65195000,0.65243918
2025-05-26 15:00:00,0.65240932,0.65307832,0.65206051,0.65292054
2025-05-26 16:00:00,0.65283954,0.65342820,0.65218806,0.65267760
2025-05-26 17:00:00,0.65272874,0.65277988,0.65128762,0.65133852
2025-05-26 18:00:00,0.65136820,0.65189046,0.65112644,0.65147007
2025-05-26 19:00:00,0.65150827,0.65152949,0.65041918,0.65056729
2025-05-26 20:00:00,0.65065616,0.65131730,0.65049112,0.65108407
2025-05-26 21:00:00,0.65109682,0.65128762,0.65066040,0.65123671
2025-05-26 22:00:00,0.65125787,0.65135974,0.65038961,0.65052921
2025-05-26 23:00:00,0.65047842,0.65114766,0.65028805,0.65057576
2025-05-27 00:00:00,0.65071124,0.65071124,0.65011048,0.65041918
2025-05-27 01:00:00,0.65055037,0.65061814,0.64968818,0.64993727
2025-05-27 02:00:00,0.64992881,0.64997953,0.64918202,0.64945608
2025-05-27 03:00:00,0.64946872,0.64952779,0.64871877,0.64901775
2025-05-27 04:00:00,0.64900929,0.64913988,0.64850843,0.64879876
2025-05-27 05:00:00,0.64878613,0.64893770,0.64850843,0.64871877
2025-05-27 06:00:00,0.64876091,0.64938861,0.64871877,0.64871877
2025-05-27 07:00:00,0.64880294,0.64922416,0.64880294,0.64901352
2025-05-27 08:00:00,0.64888716,0.64919889,0.64846641,0.64869773
2025-05-27 09:00:00,0.64860100,0.64878613,0.64825618,0.64830661
2025-05-27 10:00:00,0.64846641,0.64960372,0.64821416,0.64946032
2025-05-27 11:00:00,0.64947718,0.64978945,0.64863461,0.64869773
2025-05-27 12:00:00,0.64864725,0.64877772,0.64775229,0.64834869
2025-05-27 13:00:00,0.64845800,0.64871877,0.64785719,0.64805037
2025-05-27 14:00:00,0.64805037,0.64879036,0.64730787,0.64734977
2025-05-27 15:00:00,0.64743781,0.64826882,0.64637065,0.64805877
2025-05-27 16:00:00,0.64825618,0.64911038,0.64714032,0.64714032
2025-05-27 17:00:00,0.64737910,0.64749646,0.64482015,0.64488667
2025-05-27 18:00:00,0.64509887,0.64571953,0.64485759,0.64509887
2025-05-27 19:00:00,0.64524871,0.64584881,0.64490753,0.64524454
2025-05-27 20:00:00,0.64523625,0.64524454,0.64454585,0.64462894
2025-05-27 21:00:00,0.64454585,0.64526957,0.64454585,0.64477026
2025-05-27 22:00:00,0.64472866,0.64571118,0.64446694,0.64564031
2025-05-27 23:00:00,0.64571953,0.64627874,0.64481598,0.64487010
2025-05-28 00:00:00,0.64461648,0.64528620,0.64387769,0.64434654
2025-05-28 01:00:00,0.64428842,0.64450842,0.64372849,0.64376992
2025-05-28 02:00:00,0.64377820,0.64464557,0.64370775,0.64448768
2025-05-28 03:00:00,0.64453757,0.64470792,0.64412653,0.64462894
2025-05-28 04:00:00,0.64456666,0.64494079,0.64437139,0.64489919
2025-05-28 05:00:00,0.64479941,0.64496988,0.64432991,0.64440876
2025-05-28 06:00:00,0.64447111,0.64493662,0.64424688,0.64441293
2025-05-28 07:00:00,0.64478689,0.64491165,0.64449602,0.64470375
2025-05-28 08:00:00,0.64482850,0.64528620,0.64470375,0.64495325
2025-05-28 09:00:00,0.64503646,0.64513630,0.64470375,0.64512801
2025-05-28 10:00:00,0.64514047,0.64568615,0.64507806,0.64522791
2025-05-28 11:00:00,0.64526957,0.64565700,0.64308685,0.64312816
2025-05-28 12:00:00,0.64341784,0.64478689,0.64283878,0.64399791
2025-05-28 13:00:00,0.64413899,0.64511967,0.64374918,0.64462060
2025-05-28 14:00:00,0.64475781,0.64485759,0.64288008,0.64291728
2025-05-28 15:00:00,0.64288008,0.64383626,0.64283878,0.64381963
2025-05-28 16:00:00,0.64378649,0.64420956,0.64304549,0.64321917
2025-05-28 17:00:00,0.64318609,0.64469957,0.64318609,0.64417636
2025-05-28 18:00:00,0.64427596,0.64519042,0.64423025,0.64494908
2025-05-28 19:00:00,0.64495736,0.64502811,0.64452922,0.64452922
2025-05-28 20:00:00,0.64445865,0.64503646,0.64416391,0.64421779
2025-05-28 21:00:00,0.64436722,0.64463729,0.64374918,0.64393574
2025-05-28 22:00:00,0.64403939,0.64413899,0.64238864,0.64243817
2025-05-28 23:00:00,0.64227724,0.64259917,0.64123118,0.64147794
2025-05-29 00:00:00,0.64166731,0.64300412,0.64158911,0.64259917
2025-05-29 01:00:00,0.64269829,0.64285946,0.64161789,0.64183617
2025-05-29 02:00:00,0.64184856,0.64244640,0.64184856,0.64241755
2025-05-29 03:00:00,0.64242995,0.64309919,0.64237624,0.64288008
2025-05-29 04:00:00,0.64292973,0.64312816,0.64247942,0.64276850
2025-05-29 05:00:00,0.64275616,0.64288008,0.64248770,0.64274788
2025-05-29 06:00:00,0.64269000,0.64335990,0.64262807,0.64283878
2025-05-29 07:00:00,0.64292145,0.64296275,0.64242584,0.64259094
2025-05-29 08:00:00,0.64275616,0.64347994,0.64275616,0.64347994
2025-05-29 09:00:00,0.64364976,0.64384037,0.64143682,0.64250839
2025-05-29 10:00:00,0.64261979,0.64313644,0.64184856,0.64238864
2025-05-29 11:00:00,0.64236802,0.64266938,0.64123118,0.64241755
2025-05-29 12:00:00,0.64235568,0.64259917,0.64110780,0.64207107
2025-05-29 13:00:00,0.64200920,0.64275616,0.64151913,0.64257854
2025-05-29 14:00:00,0.64261979,0.64334744,0.64214939,0.64329368
2025-05-29 15:00:00,0.64319849,0.64319849,0.64193088,0.64244640
2025-05-29 16:00:00,0.64260745,0.64435065,0.64213705,0.64343023
2025-05-29 17:00:00,0.64343852,0.64519042,0.64343852,0.64519042
2025-05-29 18:00:00,0.64507806,0.64513630,0.64376992,0.64389843
2025-05-29 19:00:00,0.64393985,0.64497823,0.64385694,0.64441293
2025-05-29 20:00:00,0.64447111,0.64489919,0.64408088,0.64451677
2025-05-29 21:00:00,0.64452922,0.64452922,0.64343852,0.64349651
2025-05-29 22:00:00,0.64358765,0.64585716,0.64358765,0.64577794
2025-05-29 23:00:00,0.64591974,0.64615762,0.64370775,0.64384872
2025-05-30 00:00:00,0.64404768,0.64470792,0.64333922,0.64462894
2025-05-30 01:00:00,0.64466637,0.64514047,0.64420956,0.64432991
2025-05-30 02:00:00,0.64432991,0.64531946,0.64424688,0.64505720
2025-05-30 03:00:00,0.64504892,0.64543611,0.64445865,0.64497823
2025-05-30 04:00:00,0.64496988,0.64545697,0.64496988,0.64520705
2025-05-30 05:00:00,0.64524037,0.64533615,0.64482850,0.64506972
2025-05-30 06:00:00,0.64511132,0.64511132,0.64440876,0.64445448
2025-05-30 07:00:00,0.64441293,0.64532781,0.64437139,0.64453757
2025-05-30 08:00:00,0.64457911,0.64514881,0.64457911,0.64487010
2025-05-30 09:00:00,0.64474946,0.64516962,0.64449602,0.64477026
2025-05-30 10:00:00,0.64474946,0.64559865,0.64391917,0.64507806
2025-05-30 11:00:00,0.64527786,0.64539862,0.64288008,0.64297932
2025-05-30 12:00:00,0.64302063,0.64319849,0.64242995,0.64276850
2025-05-30 13:00:00,0.64295864,0.64333922,0.64257854,0.64280570
2025-05-30 14:00:00,0.64289665,0.64338058,0.64278919,0.64321917
2025-05-30 15:00:00,0.64326060,0.64435899,0.64316952,0.64374918
2025-05-30 16:00:00,0.64370775,0.64370775,0.64248770,0.64248770
2025-05-30 17:00:00,0.64236802,0.64236802,0.64099687,0.64189792
2025-05-30 18:00:00,0.64202988,0.64240104,0.64156032,0.64172906
2025-05-30 19:00:00,0.64166731,0.64209992,0.64146560,0.64193916
2025-05-30 20:00:00,0.64196801,0.64275616,0.64196801,0.64218652
2025-05-30 21:00:00,0.64219886,0.64245880,0.64205873,0.64245880
2025-05-30 22:00:00,0.64240927,0.64314884,0.64156032,0.64250839
2025-05-30 23:00:00,0.64246708,0.64248770,0.64112842,0.64137924
2025-05-31 00:00:00,0.64137924,0.64394820,0.64119005,0.64376992
2025-05-31 01:00:00,0.64373678,0.64420956,0.64336818,0.64365804
2025-05-31 02:00:00,0.64359593,0.64430916,0.64240927,0.64266938
2025-05-31 03:00:00,0.64283878,0.64415973,0.64276850,0.64389843
2025-05-31 04:00:00,0.64392740,0.64459985,0.64391500,0.64453757
2025-05-31 05:00:00,0.64452922,0.64484924,0.64428842,0.64479941
2025-05-31 06:00:00,0.64470792,0.64507806,0.64337647,0.64337647
2025-05-31 07:00:00,0.64337647,0.64337647,0.64337647,0.64337647
2025-06-02 09:00:00,0.64507806,0.64534032,0.64457911,0.64461648
2025-06-02 10:00:00,0.64460820,0.64604074,0.64460820,0.64582795
2025-06-02 11:00:00,0.64586967,0.64756775,0.64572787,0.64614928
2025-06-02 12:00:00,0.64613676,0.64686817,0.64582795,0.64596975
2025-06-02 13:00:00,0.64592808,0.64608663,0.64474535,0.64526957
2025-06-02 14:00:00,0.64540696,0.64585716,0.64506972,0.64580709
2025-06-02 15:00:00,0.64575702,0.64646673,0.64556944,0.64607835
2025-06-02 16:00:00,0.64610755,0.64753842,0.64569867,0.64701885
2025-06-02 17:00:00,0.64709002,0.64911884,0.64699793,0.64844954
2025-06-02 18:00:00,0.64842856,0.64871037,0.64796215,0.64805877
2025-06-02 19:00:00,0.64822680,0.64867669,0.64810914,0.64854628
2025-06-02 20:00:00,0.64831924,0.64884502,0.64812595,0.64840752
2025-06-02 21:00:00,0.64835709,0.64888716,0.64792854,0.64813018
2025-06-02 22:00:00,0.64816797,0.64917779,0.64816797,0.64903033
2025-06-02 23:00:00,0.64895034,0.64897138,0.64741683,0.64793700
2025-06-03 00:00:00,0.64815956,0.65017813,0.64795792,0.64999640
2025-06-03 01:00:00,0.64998794,0.65022886,0.64920735,0.64950669
2025-06-03 02:00:00,0.64948982,0.64948982,0.64848739,0.64884925
2025-06-03 03:00:00,0.64881980,0.64896715,0.64834023,0.64863884
2025-06-03 04:00:00,0.64850843,0.64951932,0.64834023,0.64940971
2025-06-03 05:00:00,0.64946872,0.64986974,0.64925790,0.64986974
2025-06-03 06:00:00,0.64980632,0.65033036,0.64980632,0.64981902
2025-06-03 07:00:00,0.64973032,0.64973032,0.64918202,0.64922416
2025-06-03 08:00:00,0.64926630,0.64989924,0.64926630,0.64981902
2025-06-03 09:00:00,0.64968818,0.65030921,0.64956152,0.65015703
2025-06-03 10:00:00,0.65017813,0.65019929,0.64900929,0.64952779
2025-06-03 11:00:00,0.64962906,0.64972615,0.64825618,0.64830661
2025-06-03 12:00:00,0.64836127,0.64839906,0.64683890,0.64694768
2025-06-03 13:00:00,0.64675939,0.64746714,0.64668834,0.64678031
2025-06-03 14:00:00,0.64668834,0.64709002,0.64665067,0.64703977
2025-06-03 15:00:00,0.64704818,0.64715701,0.64545280,0.64657962
2025-06-03 16:00:00,0.64643753,0.64660883,0.64534861,0.64660883
2025-06-03 17:00:00,0.64660883,0.64661723,0.64572787,0.64618689
2025-06-03 18:00:00,0.64597815,0.64619935,0.64549440,0.64577794
2025-06-03 19:00:00,0.64585716,0.64650851,0.64544863,0.64612001
2025-06-03 20:00:00,0.64614928,0.64671761,0.64586967,0.64596975
2025-06-03 21:00:00,0.64604074,0.64629960,0.64566952,0.64595729
2025-06-03 22:00:00,0.64604074,0.64624113,0.64514047,0.64539027
2025-06-03 23:00:00,0.64542776,0.64632887,0.64535695,0.64567780
2025-06-04 00:00:00,0.64537781,0.64730787,0.64503646,0.64696860
2025-06-04 01:00:00,0.64694768,0.64712775,0.64606994,0.64625788
2025-06-04 02:00:00,0.64630795,0.64663810,0.64579040,0.64615762
2025-06-04 03:00:00,0.64617014,0.64724922,0.64614928,0.64703977
2025-06-04 04:00:00,0.64704818,0.64709842,0.64649600,0.64706910
2025-06-04 05:00:00,0.64704818,0.64710683,0.64647931,0.64658797
2025-06-04 06:00:00,0.64655036,0.64721572,0.64638734,0.64638734
2025-06-04 07:00:00,0.64620358,0.64691424,0.64612001,0.64678866
2025-06-04 08:00:00,0.64657962,0.64707744,0.64649600,0.64676780
2025-06-04 09:00:00,0.64668834,0.64689749,0.64645416,0.64669669
2025-06-04 10:00:00,0.64675939,0.64693093,0.64599484,0.64625788
2025-06-04 11:00:00,0.64617014,0.64777744,0.64570284,0.64758867
2025-06-04 12:00:00,0.64758033,0.64834023,0.64649600,0.64660883
2025-06-04 13:00:00,0.64667994,0.64692676,0.64611590,0.64656705
2025-06-04 14:00:00,0.64655864,0.64707744,0.64578629,0.64587802
2025-06-04 15:00:00,0.64584881,0.64625788,0.64536947,0.64598650
2025-06-04 16:00:00,0.64584881,0.64661723,0.64557779,0.64637065
2025-06-04 17:00:00,0.64645416,0.64755934,0.64632887,0.64643753
2025-06-04 18:00:00,0.64633721,0.64783627,0.64612842,0.64771873
2025-06-04 19:00:00,0.64762640,0.64817220,0.64738744,0.64764744
2025-06-04 20:00:00,0.64768940,0.64825618,0.64753002,0.64778584
2025-06-04 21:00:00,0.64777744,0.64884502,0.64764744,0.64848739
2025-06-04 22:00:00,0.64863884,0.64962059,0.64863884,0.64944762
2025-06-04 23:00:00,0.64946872,0.64968818,0.64900088,0.64913988
2025-06-05 00:00:00,0.64944762,0.65039802,0.64922416,0.65031773
2025-06-05 01:00:00,0.65025848,0.65025848,0.64908934,0.64987814
2025-06-05 02:00:00,0.64989084,0.65061814,0.64973879,0.65050805
2025-06-05 03:00:00,0.65041918,0.65070277,0.65026695,0.65040648
2025-06-05 04:00:00,0.65034729,0.65053344,0.65001756,0.65001756
2025-06-05 05:00:00,0.65005982,0.65019506,0.64943922,0.64946872
2025-06-05 06:00:00,0.64938861,0.65000063,0.64930850,0.64943922
2025-06-05 07:00:00,0.64960372,0.64964598,0.64913988,0.64913988
2025-06-05 08:00:00,0.64930850,0.64994997,0.64930850,0.64939284
2025-06-05 09:00:00,0.64957845,0.64984858,0.64918202,0.64927900
2025-06-05 10:00:00,0.64939284,0.65063077,0.64939284,0.65036845
2025-06-05 11:00:00,0.65064776,0.65109682,0.65002596,0.65039802
2025-06-05 12:00:00,0.65034729,0.65034729,0.64935064,0.64986974
2025-06-05 13:00:00,0.64987814,0.65005982,0.64885771,0.64901775
2025-06-05 14:00:00,0.64895874,0.64948982,0.64888716,0.64948982
2025-06-05 15:00:00,0.64949828,0.64970928,0.64911038,0.64922839
2025-06-05 16:00:00,0.64927900,0.65015703,0.64905566,0.64966702
2025-06-05 17:00:00,0.64950669,0.65113914,0.64950669,0.65027964
2025-06-05 18:00:00,0.65030921,0.65076631,0.65002596,0.65065616
2025-06-05 19:00:00,0.65080863,0.65156770,0.65071970,0.65122819
2025-06-05 20:00:00,0.65123671,0.65172052,0.65116888,0.65130883
2025-06-05 21:00:00,0.65126640,0.65155065,0.65083832,0.65110946
2025-06-05 22:00:00,0.65107983,0.65255833,0.65083832,0.65199673
2025-06-05 23:00:00,0.65198827,0.65402222,0.65164834,0.65286082
2025-06-06 00:00:00,0.65284806,0.65325749,0.65198827,0.65257967
2025-06-06 01:00:00,0.65246898,0.65282673,0.65127915,0.65173751
2025-06-06 02:00:00,0.65175879,0.65189046,0.65124947,0.65155917
2025-06-06 03:00:00,0.65149975,0.65197551,0.65132999,0.65180975
2025-06-06 04:00:00,0.65181822,0.65181822,0.65103740,0.65147007
2025-06-06 05:00:00,0.65138942,0.65147007,0.65056729,0.65086794
2025-06-06 06:00:00,0.65094846,0.65136820,0.65072817,0.65072817
2025-06-06 07:00:00,0.65138096,0.65138096,0.65057576,0.65061814
2025-06-06 08:00:00,0.65061814,0.65123671,0.65061814,0.65122819
2025-06-06 09:00:00,0.65130031,0.65139794,0.65091455,0.65131730
2025-06-06 10:00:00,0.65135974,0.65192026,0.65119851,0.65121973
2025-06-06 11:00:00,0.65113914,0.65162706,0.65044880,0.65051651
2025-06-06 12:00:00,0.65057999,0.65057999,0.64947718,0.64978945
2025-06-06 13:00:00,0.64976835,0.65042770,0.64976835,0.65033036
2025-06-06 14:00:00,0.65030074,0.65070277,0.65025002,0.65061814
2025-06-06 15:00:00,0.65057999,0.65057999,0.64987814,0.65031773
2025-06-06 16:00:00,0.65034729,0.65036845,0.64956576,0.64982748
2025-06-06 17:00:00,0.64987814,0.65067738,0.64967972,0.65022039
2025-06-06 18:00:00,0.65007669,0.65007669,0.64901775,0.64920735
2025-06-06 19:00:00,0.64922839,0.64949828,0.64891660,0.64920735
2025-06-06 20:00:00,0.64930850,0.64975995,0.64913988,0.64956152
2025-06-06 21:00:00,0.64962906,0.65009785,0.64936751,0.64936751
2025-06-06 22:00:00,0.64943922,0.65092725,0.64857572,0.64952779
2025-06-06 23:00:00,0.64943081,0.64997953,0.64821833,0.64930850
2025-06-07 00:00:00,0.64922839,0.65049112,0.64855891,0.64872724
2025-06-07 01:00:00,0.64887035,0.64997953,0.64847898,0.64984012
2025-06-07 02:00:00,0.64977682,0.64995837,0.64895034,0.64908934
2025-06-07 03:00:00,0.64909780,0.64981902,0.64909780,0.64967972
2025-06-07 04:00:00,0.64960796,0.65011895,0.64960796,0.64993727
2025-06-07 05:00:00,0.64989924,0.65008938,0.64975572,0.64987814
2025-06-07 06:00:00,0.64985704,0.65029651,0.64945608,0.64945608
2025-06-07 07:00:00,0.64945608,0.64947718,0.64945608,0.64947718
2025-06-09 09:00:00,0.65027118,0.65047842,0.64989924,0.65019083
2025-06-09 10:00:00,0.65020776,0.65062654,0.64961642,0.65012741
2025-06-09 11:00:00,0.65011048,0.65156770,0.65006822,0.65149975
2025-06-09 12:00:00,0.65152097,0.65206051,0.65116036,0.65116036
2025-06-09 13:00:00,0.65116888,0.65167809,0.65108407,0.65139794
2025-06-09 14:00:00,0.65142339,0.65169930,0.65123671,0.65165687
2025-06-09 15:00:00,0.65173751,0.65203077,0.65112644,0.65158886
2025-06-09 16:00:00,0.65153795,0.65212858,0.65125787,0.65195000
2025-06-09 17:00:00,0.65192026,0.65220088,0.65179700,0.65212005
2025-06-09 18:00:00,0.65220088,0.65363753,0.65204775,0.65294611
2025-06-09 19:00:00,0.65293753,0.65345806,0.65286934,0.65298021
2025-06-09 20:00:00,0.65295035,0.65329587,0.65249872,0.65260947
2025-06-09 21:00:00,0.65259665,0.65286934,0.65193295,0.65209877
2025-06-09 22:00:00,0.65210730,0.65211576,0.65121126,0.65151674
2025-06-09 23:00:00,0.65149975,0.65161866,0.65087217,0.65107554
2025-06-10 00:00:00,0.65136820,0.65234977,0.65116888,0.65206903
2025-06-10 01:00:00,0.65207750,0.65282673,0.65198827,0.65267760
2025-06-10 02:00:00,0.65262651,0.65269893,0.65233696,0.65238810
2025-06-10 03:00:00,0.65241784,0.65261370,0.65212858,0.65232849
2025-06-10 04:00:00,0.65229869,0.65291196,0.65226889,0.65266061
2025-06-10 05:00:00,0.65261799,0.65274155,0.65211576,0.65212005
2025-06-10 06:00:00,0.65208602,0.65224767,0.65176302,0.65178853
2025-06-10 07:00:00,0.65167809,0.65210307,0.65159315,0.65189046
2025-06-10 08:00:00,0.65189046,0.65228593,0.65172052,0.65184796
2025-06-10 09:00:00,0.65206051,0.65215832,0.65167809,0.65192872
2025-06-10 10:00:00,0.65189046,0.65260947,0.65176302,0.65198827
2025-06-10 11:00:00,0.65203923,0.65266907,0.65106708,0.65136820
2025-06-10 12:00:00,0.65112644,0.65227741,0.65040648,0.65216684
2025-06-10 13:00:00,0.65209025,0.65310818,0.65183949,0.65300155
2025-06-10 14:00:00,0.65310818,0.65316784,0.65226889,0.65231997
2025-06-10 15:00:00,0.65232849,0.65260094,0.65069848,0.65113914
2025-06-10 16:00:00,0.65098661,0.65172905,0.65022039,0.65023732
2025-06-10 17:00:00,0.65004712,0.65056729,0.64928740,0.65026695
2025-06-10 18:00:00,0.65039802,0.65166956,0.65027964,0.65166956
2025-06-10 19:00:00,0.65167809,0.65202653,0.65116888,0.65192872
2025-06-10 20:00:00,0.65195853,0.65233696,0.65159315,0.65174603
2025-06-10 21:00:00,0.65180552,0.65237957,0.65155065,0.65217960
2025-06-10 22:00:00,0.65234977,0.65252000,0.65186924,0.65192872
2025-06-10 23:00:00,0.65186071,0.65341967,0.65186071,0.65341967
2025-06-11 00:00:00,0.65335560,0.65346664,0.65266907,0.65281820
2025-06-11 01:00:00,0.65265632,0.65275002,0.65181822,0.65226036
2025-06-11 02:00:00,0.65226889,0.65248597,0.65184796,0.65228593
2025-06-11 03:00:00,0.65231997,0.65232849,0.65185648,0.65207750
2025-06-11 04:00:00,0.65184796,0.65214550,0.65169930,0.65211576
2025-06-11 05:00:00,0.65209877,0.65274155,0.65209877,0.65255833
2025-06-11 06:00:00,0.65252852,0.65279692,0.65227318,0.65238810
2025-06-11 07:00:00,0.65257114,0.65278411,0.65244341,0.65261370
2025-06-11 08:00:00,0.65257114,0.65301859,0.65244341,0.65282673
2025-06-11 09:00:00,0.65308678,0.65333855,0.65274155,0.65318066
2025-06-11 10:00:00,0.65320623,0.65331721,0.65152949,0.65155065
2025-06-11 11:00:00,0.65160590,0.65222633,0.65036845,0.65047842
2025-06-11 12:00:00,0.65055883,0.65117729,0.65040648,0.65074933
2025-06-11 13:00:00,0.65064776,0.65183097,0.65006822,0.65183097
2025-06-11 14:00:00,0.65180975,0.65195853,0.65125364,0.65137666
2025-06-11 15:00:00,0.65142763,0.65207750,0.65135974,0.65189898
2025-06-11 16:00:00,0.65189898,0.65197551,0.65104169,0.65155917
2025-06-11 17:00:00,0.65161866,0.65192026,0.65099925,0.65147853
2025-06-11 18:00:00,0.65142763,0.65178001,0.65103740,0.65118581
2025-06-11 19:00:00,0.65120703,0.65219659,0.65110946,0.65155917
2025-06-11 20:00:00,0.65161014,0.65169930,0.65113914,0.65117729
2025-06-11 21:00:00,0.65120703,0.65124947,0.65053767,0.65080863
2025-06-11 22:00:00,0.65074933,0.65488738,0.65039802,0.65310818
2025-06-11 23:00:00,0.65311670,0.65316784,0.65121126,0.65206903
2025-06-12 00:00:00,0.65218806,0.65269893,0.65192026,0.65200949
2025-06-12 01:00:00,0.65209025,0.65241784,0.65189046,0.65229023
2025-06-12 02:00:00,0.65224767,0.65257114,0.65170777,0.65234977
2025-06-12 03:00:00,0.65236682,0.65316784,0.65203923,0.65203923
2025-06-12 04:00:00,0.65215832,0.65220934,0.65057576,0.65079594
2025-06-12 05:00:00,0.65091872,0.65095687,0.64978945,0.65012741
2025-06-12 06:00:00,0.65020776,0.65075785,0.64994150,0.65028805
2025-06-12 07:00:00,0.65040648,0.65108407,0.65036416,0.65044880
2025-06-12 08:00:00,0.65027964,0.65116888,0.65027964,0.65104169
2025-06-12 09:00:00,0.65129608,0.65158886,0.65066040,0.65127063
2025-06-12 10:00:00,0.65122819,0.65136820,0.65053767,0.65064776
2025-06-12 11:00:00,0.65055883,0.65109682,0.64871877,0.64935064
2025-06-12 12:00:00,0.64950669,0.64961642,0.64871877,0.64943922
2025-06-12 13:00:00,0.64944762,0.65089756,0.64930004,0.65044034
2025-06-12 14:00:00,0.65074933,0.65078747,0.64963752,0.64963752
2025-06-12 15:00:00,0.64947718,0.65075785,0.64947718,0.65064776
2025-06-12 16:00:00,0.65044034,0.65071970,0.64980632,0.65004712
2025-06-12 17:00:00,0.64978945,0.65004712,0.64800411,0.64838648
2025-06-12 18:00:00,0.64844954,0.65046996,0.64838231,0.65041918
2025-06-12 19:00:00,0.65036845,0.65085095,0.64977258,0.65015703
2025-06-12 20:00:00,0.64998376,0.65230721,0.64994997,0.65189046
2025-06-12 21:00:00,0.65190750,0.65227741,0.65147853,0.65161866
2025-06-12 22:00:00,0.65175027,0.65362895,0.65158045,0.65299726
2025-06-12 23:00:00,0.65292907,0.65308678,0.65187776,0.65213704
2025-06-13 00:00:00,0.65207750,0.65299726,0.65205628,0.65283954
2025-06-13 01:00:00,0.65288645,0.65321052,0.65238810,0.65243065
2025-06-13 02:00:00,0.65252852,0.65309960,0.65246898,0.65283954
2025-06-13 03:00:00,0.65292054,0.65316784,0.65245616,0.65295887
2025-06-13 04:00:00,0.65291625,0.65308678,0.65281820,0.65307832
2025-06-13 05:00:00,0.65301001,0.65312517,0.65283954,0.65303141
2025-06-13 06:00:00,0.65298873,0.65348804,0.65296745,0.65340686
2025-06-13 07:00:00,0.65359479,0.65376997,0.65308255,0.65316784
2025-06-13 08:00:00,0.65342391,0.65378708,0.65329587,0.65338123
2025-06-13 09:00:00,0.65333003,0.65366739,0.65299726,0.65305698
2025-06-13 10:00:00,0.65310818,0.65310818,0.64737487,0.64779425
2025-06-13 11:00:00,0.64758456,0.64905983,0.64586967,0.64856732
2025-06-13 12:00:00,0.64875668,0.65001756,0.64766836,0.64821416
2025-06-13 13:00:00,0.64817631,0.64908934,0.64742100,0.64831924
2025-06-13 14:00:00,0.64832765,0.64867669,0.64708167,0.64730787
2025-06-13 15:00:00,0.64715701,0.64858836,0.64691424,0.64784878
2025-06-13 16:00:00,0.64764744,0.64883667,0.64691424,0.64786983
2025-06-13 17:00:00,0.64785719,0.64920735,0.64740008,0.64841592
2025-06-13 18:00:00,0.64850003,0.64989084,0.64837807,0.64917779
2025-06-13 19:00:00,0.64919889,0.64946032,0.64813018,0.64839906
2025-06-13 20:00:00,0.64847058,0.64855045,0.64657962,0.64702725
2025-06-13 21:00:00,0.64702725,0.64838231,0.64679706,0.64779007
2025-06-13 22:00:00,0.64783627,0.64827722,0.64753842,0.64806712
2025-06-13 23:00:00,0.64804614,0.64872724,0.64708167,0.64863038
2025-06-14 00:00:00,0.64877772,0.65039802,0.64865983,0.65011895
2025-06-14 01:00:00,0.65007669,0.65175879,0.64989924,0.65132999
2025-06-14 02:00:00,0.65140635,0.65210730,0.65131730,0.65151674
2025-06-14 03:00:00,0.65143609,0.65151674,0.65004712,0.65036845
2025-06-14 04:00:00,0.65043610,0.65064776,0.64855045,0.64925790
2025-06-14 05:00:00,0.64938015,0.64984858,0.64888716,0.64984858
2025-06-14 06:00:00,0.64985704,0.64993727,0.64880294,0.64901352
2025-06-14 07:00:00,0.64901352,0.64901352,0.64901352,0.64901352
2025-06-14 08:00:00,0.64897138,0.64897138,0.64897138,0.64897138
2025-06-16 09:00:00,0.64888716,0.64955729,0.64846641,0.64951932
2025-06-16 10:00:00,0.64952779,0.64987814,0.64909780,0.64939284
2025-06-16 11:00:00,0.64922839,0.64922839,0.64785719,0.64838231
2025-06-16 12:00:00,0.64860940,0.64890826,0.64797896,0.64805037
2025-06-16 13:00:00,0.64804614,0.64842856,0.64697701,0.64763063
2025-06-16 14:00:00,0.64784878,0.64872724,0.64775229,0.64850003
2025-06-16 15:00:00,0.64864725,0.65031773,0.64859253,0.65021616
2025-06-16 16:00:00,0.65012741,0.65102047,0.64935064,0.65067738
2025-06-16 17:00:00,0.65082979,0.65158886,0.65040648,0.65095687
2025-06-16 18:00:00,0.65099925,0.65172905,0.65073663,0.65142339
2025-06-16 19:00:00,0.65144879,0.65186924,0.65126640,0.65184796
2025-06-16 20:00:00,0.65183949,0.65237957,0.65161866,0.65186924
2025-06-16 21:00:00,0.65183949,0.65275002,0.65169930,0.65263927
2025-06-16 22:00:00,0.65267760,0.65313798,0.65223062,0.65301001
2025-06-16 23:00:00,0.65296745,0.65458733,0.65277988,0.65445024
2025-06-17 00:00:00,0.65450591,0.65538961,0.65376568,0.65426612
2025-06-17 01:00:00,0.65421903,0.65446740,0.65342820,0.65372723
2025-06-17 02:00:00,0.65379989,0.65500754,0.65374863,0.65470731
2025-06-17 03:00:00,0.65472883,0.65484881,0.65412062,0.65412921
2025-06-17 04:00:00,0.65406930,0.65424901,0.65376568,0.65383834
2025-06-17 05:00:00,0.65379989,0.65385121,0.65237957,0.65237957
2025-06-17 06:00:00,0.65244764,0.65310818,0.65243918,0.65261370
2025-06-17 07:00:00,0.65380841,0.65380841,0.65227318,0.65282673
2025-06-17 08:00:00,0.65265632,0.65291625,0.65184796,0.65229869
2025-06-17 09:00:00,0.65229869,0.65281820,0.65112644,0.65151674
2025-06-17 10:00:00,0.65139794,0.65163559,0.65078747,0.65163559
2025-06-17 11:00:00,0.65161014,0.65278834,0.65129608,0.65261799
2025-06-17 12:00:00,0.65254557,0.65316784,0.65189046,0.65316784
2025-06-17 13:00:00,0.65316784,0.65348804,0.65265632,0.65333855
2025-06-17 14:00:00,0.65344101,0.65397948,0.65324038,0.65376568
2025-06-17 15:00:00,0.65372723,0.65402651,0.65321052,0.65329587
2025-06-17 16:00:00,0.65327024,0.65454876,0.65295035,0.65385121
2025-06-17 17:00:00,0.65400940,0.65438604,0.65333855,0.65410781
2025-06-17 18:00:00,0.65397090,0.65436888,0.65350932,0.65361613
2025-06-17 19:00:00,0.65372723,0.65427041,0.65298021,0.65310818
2025-06-17 20:00:00,0.65307832,0.65392816,0.65307832,0.65388966
2025-06-17 21:00:00,0.65379989,0.65445024,0.65349650,0.65388966
2025-06-17 22:00:00,0.65388966,0.65427899,0.65224767,0.65234125
2025-06-17 23:00:00,0.65249872,0.65398800,0.65240085,0.65361613
2025-06-18 00:00:00,0.65373576,0.65373576,0.65075785,0.65105015
2025-06-18 01:00:00,0.65099078,0.65150827,0.65049112,0.65149975
2025-06-18 02:00:00,0.65171629,0.65210730,0.64939284,0.64962906
2025-06-18 03:00:00,0.64972615,0.64998794,0.64753002,0.64784044
2025-06-18 04:00:00,0.64780682,0.64808816,0.64684731,0.64737910
2025-06-18 05:00:00,0.64730787,0.64797056,0.64720732,0.64766836
2025-06-18 06:00:00,0.64779848,0.64823097,0.64737487,0.64779425
2025-06-18 07:00:00,0.64771032,0.64892924,0.64771032,0.64792013
2025-06-18 08:00:00,0.64779425,0.64802933,0.64708167,0.64708167
2025-06-18 09:00:00,0.64737910,0.64855891,0.64708167,0.64825618
2025-06-18 10:00:00,0.64857572,0.64914829,0.64808816,0.64855045
2025-06-18 11:00:00,0.64879876,0.64962906,0.64856732,0.64880294
2025-06-18 12:00:00,0.64877772,0.64938861,0.64839906,0.64911884
2025-06-18 13:00:00,0.64908934,0.64957845,0.64908934,0.64942658
2025-06-18 14:00:00,0.64944762,0.65085948,0.64922416,0.65069848
2025-06-18 15:00:00,0.65077895,0.65099078,0.65019506,0.65053767
2025-06-18 16:00:00,0.65046996,0.65141910,0.65023732,0.65083832
2025-06-18 17:00:00,0.65084672,0.65127915,0.64984012,0.64996684
2025-06-18 18:00:00,0.64992881,0.65053767,0.64955729,0.65011048
2025-06-18 19:00:00,0.65007669,0.65044880,0.64973032,0.65016973
2025-06-18 20:00:00,0.65015703,0.65032190,0.64895874,0.64903033
2025-06-18 21:00:00,0.64913988,0.65035993,0.64901352,0.65027964
2025-06-18 22:00:00,0.65014011,0.65075785,0.64997953,0.65015703
2025-06-18 23:00:00,0.65000063,0.65072817,0.64962906,0.65009785
2025-06-19 00:00:00,0.65000910,0.65241784,0.64998794,0.65173751
2025-06-19 01:00:00,0.65165687,0.65244341,0.65165687,0.65199673
2025-06-19 02:00:00,0.65208602,0.65257114,0.65167809,0.65172052
2025-06-19 03:00:00,0.65171629,0.65202653,0.65108407,0.65159315
2025-06-19 04:00:00,0.65313798,0.65313798,0.65026695,0.65040648
2025-06-19 05:00:00,0.65019929,0.65139794,0.64977258,0.65070701
2025-06-19 06:00:00,0.65073663,0.65145731,0.65061814,0.65108407
2025-06-19 07:00:00,0.65112644,0.65112644,0.65049112,0.65099925
2025-06-19 08:00:00,0.65108407,0.65153795,0.65082979,0.65121973
2025-06-19 09:00:00,0.65110105,0.65152949,0.65078747,0.65082979
2025-06-19 10:00:00,0.65095687,0.65108407,0.64989924,0.65014857
2025-06-19 11:00:00,0.65019083,0.65019083,0.64855045,0.64858836
2025-06-19 12:00:00,0.64857996,0.64901352,0.64775229,0.64839906
2025-06-19 13:00:00,0.64842856,0.64962906,0.64838648,0.64944762
2025-06-19 14:00:00,0.64942658,0.64956152,0.64874822,0.64908934
2025-06-19 15:00:00,0.64913988,0.64913988,0.64661723,0.64694768
2025-06-19 16:00:00,0.64676780,0.64737910,0.64630795,0.64734977
2025-06-19 17:00:00,0.64729947,0.64814693,0.64638734,0.64656705
2025-06-19 18:00:00,0.64665908,0.64801675,0.64652944,0.64772713
2025-06-19 19:00:00,0.64770615,0.64808816,0.64678866,0.64680547
2025-06-19 20:00:00,0.64669669,0.64754260,0.64657962,0.64658797
2025-06-19 21:00:00,0.64652103,0.64755934,0.64595312,0.64703977
2025-06-19 22:00:00,0.64701885,0.64729112,0.64605743,0.64641237
2025-06-19 23:00:00,0.64653778,0.64724922,0.64599484,0.64620358
2025-06-20 00:00:00,0.64609915,0.64655036,0.64491165,0.64570284
2025-06-20 01:00:00,0.64560694,0.64603657,0.64553612,0.64566118
2025-06-20 02:00:00,0.64580709,0.64580709,0.64536947,0.64560694
2025-06-20 03:00:00,0.64558613,0.64760965,0.64553612,0.64752579
2025-06-20 04:00:00,0.64745033,0.64787823,0.64720732,0.64779007
2025-06-20 05:00:00,0.64776909,0.64836967,0.64745873,0.64827722
2025-06-20 06:00:00,0.64822680,0.64846641,0.64766836,0.64838231
2025-06-20 07:00:00,0.64842433,0.64842433,0.64754260,0.64787823
2025-06-20 08:00:00,0.64846641,0.64867669,0.64813018,0.64838231
2025-06-20 09:00:00,0.64877772,0.64894611,0.64842433,0.64888716
2025-06-20 10:00:00,0.64889979,0.64975995,0.64871877,0.64908934
2025-06-20 11:00:00,0.64897984,0.64929581,0.64779007,0.64785719
2025-06-20 12:00:00,0.64779007,0.64877772,0.64772713,0.64868093
2025-06-20 13:00:00,0.64866829,0.64951932,0.64863884,0.64940971
2025-06-20 14:00:00,0.64925790,0.64968818,0.64921993,0.64943498
2025-06-20 15:00:00,0.64946872,0.64961642,0.64892924,0.64943498
2025-06-20 16:00:00,0.64974725,0.64974725,0.64778584,0.64783627
2025-06-20 17:00:00,0.64776909,0.64876926,0.64756775,0.64876091
2025-06-20 18:00:00,0.64875668,0.64919889,0.64830661,0.64897138
2025-06-20 19:00:00,0.64901775,0.64966702,0.64890826,0.64954048
2025-06-20 20:00:00,0.64950669,0.64962059,0.64873981,0.64907670
2025-06-20 21:00:00,0.64897984,0.64956999,0.64840752,0.64910614
2025-06-20 22:00:00,0.64907670,0.64986128,0.64879036,0.64913988
2025-06-20 23:00:00,0.64919889,0.64930850,0.64737487,0.64746714
2025-06-21 00:00:00,0.64766836,0.64779848,0.64612842,0.64679706
2025-06-21 01:00:00,0.64673853,0.64712775,0.64545280,0.64563614
2025-06-21 02:00:00,0.64569032,0.64640826,0.64561945,0.64609081
2025-06-21 03:00:00,0.64614928,0.64628708,0.64541948,0.64587802
2025-06-21 04:00:00,0.64589882,0.64620775,0.64566118,0.64569032
2025-06-21 05:00:00,0.64562780,0.64581960,0.64503646,0.64521956
2025-06-21 06:00:00,0.64522791,0.64557779,0.64511967,0.64516133
2025-06-21 07:00:00,0.64524454,0.64524454,0.64524454,0.64524454
2025-06-23 09:00:00,0.64452922,0.64510721,0.64424688,0.64478689
2025-06-23 10:00:00,0.64492828,0.64510721,0.64312816,0.64387357
2025-06-23 11:00:00,0.64441711,0.64441711,0.64224839,0.64275616
2025-06-23 12:00:00,0.64302891,0.64336818,0.64135450,0.64153558
2025-06-23 13:00:00,0.64150679,0.64172906,0.64008194,0.64057803
2025-06-23 14:00:00,0.64059854,0.64110780,0.64028686,0.64075047
2025-06-23 15:00:00,0.64077920,0.64142859,0.64043856,0.64142859
2025-06-23 16:00:00,0.64153558,0.64240927,0.64131343,0.64229786
2025-06-23 17:00:00,0.64273959,0.64292973,0.64205456,0.64238864
2025-06-23 18:00:00,0.64209580,0.64233088,0.64041805,0.64045084
2025-06-23 19:00:00,0.64043856,0.64055759,0.63823950,0.63823950
2025-06-23 20:00:00,0.63793004,0.63875723,0.63793004,0.63819873
2025-06-23 21:00:00,0.63823950,0.63901848,0.63753557,0.63897759
2025-06-23 22:00:00,0.63904709,0.63937801,0.63831687,0.63937801
2025-06-23 23:00:00,0.63928807,0.64087778,0.63873684,0.64065605
2025-06-24 00:00:00,0.64059037,0.64353788,0.64059037,0.64325231
2025-06-24 01:00:00,0.64329779,0.64411825,0.64230198,0.64230198
2025-06-24 02:00:00,0.64237624,0.64360833,0.64110780,0.64238453
2025-06-24 03:00:00,0.64217830,0.64559031,0.64217830,0.64532781
2025-06-24 04:00:00,0.64537781,0.64591140,0.64502811,0.64570284
2025-06-24 05:00:00,0.64588636,0.64600730,0.64553612,0.64586967
2025-06-24 06:00:00,0.64576954,0.64665908,0.64568615,0.64616179
2025-06-24 07:00:00,0.64595312,0.64627033,0.64591140,0.64607835
2025-06-24 08:00:00,0.64599484,0.64779425,0.64599484,0.64750063
2025-06-24 09:00:00,0.64720732,0.64895874,0.64720732,0.64803773
2025-06-24 10:00:00,0.64821833,0.64861780,0.64745873,0.64835709
2025-06-24 11:00:00,0.64815956,0.64892083,0.64783627,0.64828980
2025-06-24 12:00:00,0.64834023,0.64954889,0.64783627,0.64943498
2025-06-24 13:00:00,0.64946872,0.64984858,0.64897138,0.64935905
2025-06-24 14:00:00,0.64931697,0.65003020,0.64884502,0.64984858
2025-06-24 15:00:00,0.64967972,0.65001756,0.64935064,0.64988661
2025-06-24 16:00:00,0.64996684,0.65165687,0.64964598,0.65126640
2025-06-24 17:00:00,0.65130883,0.65140635,0.64909780,0.64984858
2025-06-24 18:00:00,0.64974725,0.65074509,0.64956152,0.65049112
2025-06-24 19:00:00,0.65047842,0.65173751,0.65047842,0.65121126
2025-06-24 20:00:00,0.65109682,0.65126640,0.65085948,0.65108407
2025-06-24 21:00:00,0.65105015,0.65176302,0.65089756,0.65108407
2025-06-24 22:00:00,0.65100777,0.65138096,0.65037692,0.65057576
2025-06-24 23:00:00,0.65059692,0.65080017,0.64889979,0.64918202
2025-06-25 00:00:00,0.64940971,0.65218806,0.64939284,0.65095687
2025-06-25 01:00:00,0.65097809,0.65180552,0.64994574,0.65002596
2025-06-25 02:00:00,0.64994574,0.65081710,0.64960796,0.65081710
2025-06-25 03:00:00,0.65082133,0.65122819,0.65058845,0.65100777
2025-06-25 04:00:00,0.65104592,0.65109682,0.65057576,0.65083832
2025-06-25 05:00:00,0.65088910,0.65094846,0.64998376,0.65003866
2025-06-25 06:00:00,0.64996684,0.65019506,0.64905566,0.64913988
2025-06-25 07:00:00,0.64926630,0.64956999,0.64918202,0.64918202
2025-06-25 08:00:00,0.64922416,0.64946872,0.64901352,0.64937598
2025-06-25 09:00:00,0.64934647,0.64985704,0.64909780,0.64985704
2025-06-25 10:00:00,0.64982748,0.65025848,0.64938015,0.65004712
2025-06-25 11:00:00,0.65001756,0.65096962,0.64998376,0.65064776
2025-06-25 12:00:00,0.65049958,0.65074509,0.65000910,0.65074509
2025-06-25 13:00:00,0.65072817,0.65096962,0.65006822,0.65006822
2025-06-25 14:00:00,0.65031773,0.65041918,0.64963752,0.65015280
2025-06-25 15:00:00,0.65008092,0.65023732,0.64947718,0.65015280
2025-06-25 16:00:00,0.65004712,0.65041918,0.64968818,0.64989924
2025-06-25 17:00:00,0.64990771,0.65087217,0.64958686,0.64985704
2025-06-25 18:00:00,0.64992881,0.65010625,0.64951932,0.64989924
2025-06-25 19:00:00,0.64990771,0.64990771,0.64913988,0.64973032
2025-06-25 20:00:00,0.64985704,0.64985704,0.64936751,0.64977258
2025-06-25 21:00:00,0.64972615,0.65015703,0.64953625,0.64986974
2025-06-25 22:00:00,0.64987814,0.64989924,0.64908934,0.64933801
2025-06-25 23:00:00,0.64933801,0.64965016,0.64868933,0.64879036
2025-06-26 00:00:00,0.64887869,0.64994997,0.64877772,0.64946032
2025-06-26 01:00:00,0.64946872,0.64964598,0.64908093,0.64927053
2025-06-26 02:00:00,0.64931697,0.65057576,0.64931697,0.65043610
2025-06-26 03:00:00,0.65042770,0.65080863,0.64994574,0.65064776
2025-06-26 04:00:00,0.65069008,0.65125787,0.65044880,0.65120703
2025-06-26 05:00:00,0.65131730,0.65169084,0.65119004,0.65125787
2025-06-26 06:00:00,0.65138942,0.65180975,0.65102893,0.65150827
2025-06-26 07:00:00,0.65138096,0.65142339,0.65087217,0.65099925
2025-06-26 08:00:00,0.65133852,0.65176731,0.65112644,0.65176731
2025-06-26 09:00:00,0.65179700,0.65262651,0.65161014,0.65235829
2025-06-26 10:00:00,0.65235829,0.65266907,0.65218806,0.65218806
2025-06-26 11:00:00,0.65212005,0.65240932,0.65124947,0.65231574
2025-06-26 12:00:00,0.65238810,0.65346664,0.65202653,0.65312517
2025-06-26 13:00:00,0.65324038,0.65402651,0.65303993,0.65350932
2025-06-26 14:00:00,0.65354776,0.65354776,0.65232849,0.65244341
2025-06-26 15:00:00,0.65239662,0.65299726,0.65206903,0.65295464
2025-06-26 16:00:00,0.65276706,0.65340686,0.65240085,0.65338123
2025-06-26 17:00:00,0.65339833,0.65403932,0.65287787,0.65353924
2025-06-26 18:00:00,0.65357769,0.65536815,0.65339833,0.65470731
2025-06-26 19:00:00,0.65462589,0.65472019,0.65312946,0.65409923
2025-06-26 20:00:00,0.65404791,0.65457880,0.65359908,0.65397948
2025-06-26 21:00:00,0.65401793,0.65403080,0.65312946,0.65340686
2025-06-26 22:00:00,0.65343678,0.65466875,0.65330869,0.65436459
2025-06-26 23:00:00,0.65454024,0.65539390,0.65378708,0.65526932
2025-06-27 00:00:00,0.65520924,0.65603882,0.65469021,0.65497750
2025-06-27 01:00:00,0.65502900,0.65554857,0.65465593,0.65551853
2025-06-27 02:00:00,0.65545833,0.65649968,0.65527791,0.65573770
2025-06-27 03:00:00,0.65575922,0.65655571,0.65575057,0.65629715
2025-06-27 04:00:00,0.65626705,0.65642643,0.65578926,0.65608191
2025-06-27 05:00:00,0.65593982,0.65612495,0.65499896,0.65530801
2025-06-27 06:00:00,0.65520924,0.65544116,0.65475023,0.65483600
2025-06-27 07:00:00,0.65483600,0.65523070,0.65462160,0.65475023
2025-06-27 08:00:00,0.65470731,0.65526932,0.65449309,0.65497750
2025-06-27 09:00:00,0.65482742,0.65526932,0.65482742,0.65497750
2025-06-27 10:00:00,0.65502900,0.65573770,0.65502900,0.65573770
2025-06-27 11:00:00,0.65566033,0.65619814,0.65475023,0.65604746
2025-06-27 12:00:00,0.65612918,0.65626705,0.65552276,0.65576780
2025-06-27 13:00:00,0.65575922,0.65633595,0.65496892,0.65505904
2025-06-27 14:00:00,0.65496892,0.65505904,0.65443742,0.65446740
2025-06-27 15:00:00,0.65451878,0.65481877,0.65419340,0.65458733
2025-06-27 16:00:00,0.65439034,0.65560013,0.65422761,0.65560013
2025-06-27 17:00:00,0.65569901,0.65631866,0.65500754,0.65513629
2025-06-27 18:00:00,0.65521783,0.65586668,0.65491748,0.65532947
2025-06-27 19:00:00,0.65530801,0.65530801,0.65424901,0.65442890
2025-06-27 20:00:00,0.65445882,0.65447593,0.65323609,0.65363753
2025-06-27 21:00:00,0.65373576,0.65414631,0.65350932,0.65402222
2025-06-27 22:00:00,0.65406930,0.65517920,0.65361613,0.65466446
2025-06-27 23:00:00,0.65478879,0.65490031,0.65287787,0.65303993
2025-06-28 00:00:00,0.65287787,0.65377849,0.65254134,0.65299726
2025-06-28 01:00:00,0.65304840,0.65402651,0.65269041,0.65359479
2025-06-28 02:00:00,0.65348804,0.65407783,0.65333855,0.65368021
2025-06-28 03:00:00,0.65368873,0.65372294,0.65152949,0.65206051
2025-06-28 04:00:00,0.65241784,0.65241784,0.65104169,0.65197551
2025-06-28 05:00:00,0.65219659,0.65287787,0.65216684,0.65269893
2025-06-28 06:00:00,0.65286934,0.65347946,0.65269893,0.65325320
2025-06-28 07:00:00,0.65325320,0.65325320,0.65325320,0.65325320
2025-06-28 08:00:00,0.65372294,0.65372294,0.65372294,0.65372294
2025-06-30 09:00:00,0.65380841,0.65430039,0.65342391,0.65353066
2025-06-30 10:00:00,0.65361613,0.65408641,0.65301001,0.65318924
2025-06-30 11:00:00,0.65316784,0.65452737,0.65307832,0.65355635
2025-06-30 12:00:00,0.65360755,0.65436888,0.65327877,0.65353924
2025-06-30 13:00:00,0.65348804,0.65380841,0.65329587,0.65348804
2025-06-30 14:00:00,0.65357769,0.65467733,0.65350932,0.65454024
2025-06-30 15:00:00,0.65458733,0.65547556,0.65454024,0.65529937
2025-06-30 16:00:00,0.65505904,0.65522212,0.65445024,0.65484881
2025-06-30 17:00:00,0.65473735,0.65485740,0.65343678,0.65357769
2025-06-30 18:00:00,0.65369731,0.65407783,0.65353924,0.65398800
2025-06-30 19:00:00,0.65394950,0.65419340,0.65269893,0.65269893
2025-06-30 20:00:00,0.65258819,0.65330869,0.65252000,0.65327877
2025-06-30 21:00:00,0.65332574,0.65374863,0.65324038,0.65337700
2025-06-30 22:00:00,0.65341967,0.65349650,0.65292054,0.65335560
2025-06-30 23:00:00,0.65345806,0.65457880,0.65329587,0.65457880
2025-07-01 00:00:00,0.65463877,0.65586668,0.65415913,0.65556574
2025-07-01 01:00:00,0.65560871,0.65742761,0.65515774,0.65741897
2025-07-01 02:00:00,0.65742761,0.65743625,0.65662897,0.65741897
2025-07-01 03:00:00,0.65749675,0.65786010,0.65711653,0.65724611
2025-07-01 04:00:00,0.65725046,0.65818918,0.65720296,0.65811121
2025-07-01 05:00:00,0.65805060,0.65846658,0.65799862,0.65837115
2025-07-01 06:00:00,0.65829748,0.65876585,0.65824121,0.65828454
2025-07-01 07:00:00,0.65798134,0.65851855,0.65767843,0.65819788
2025-07-01 08:00:00,0.65837115,0.65889609,0.65828454,0.65868777
2025-07-01 09:00:00,0.65857935,0.65867037,0.65785146,0.65800732
2025-07-01 10:00:00,0.65802890,0.65826720,0.65773028,0.65780818
2025-07-01 11:00:00,0.65774763,0.65774763,0.65602595,0.65621966
2025-07-01 12:00:00,0.65618950,0.65698707,0.65565169,0.65698707
2025-07-01 13:00:00,0.65695685,0.65761787,0.65674543,0.65698707
2025-07-01 14:00:00,0.65705615,0.65781683,0.65672821,0.65750110
2025-07-01 15:00:00,0.65755731,0.65827584,0.65741897,0.65811121
2025-07-01 16:00:00,0.65809822,0.65810686,0.65734118,0.65792936
2025-07-01 17:00:00,0.65784711,0.65897858,0.65780818,0.65894818
2025-07-01 18:00:00,0.65893948,0.65949577,0.65803760,0.65906543
2025-07-01 19:00:00,0.65893948,0.65920013,0.65826720,0.65867472
2025-07-01 20:00:00,0.65861833,0.65916103,0.65861833,0.65880495
2025-07-01 21:00:00,0.65868777,0.65889174,0.65824121,0.65876150
2025-07-01 22:00:00,0.65867907,0.65894818,0.65750974,0.65759188
2025-07-01 23:00:00,0.65756595,0.65804625,0.65692663,0.65759188
2025-07-02 00:00:00,0.65692663,0.65828019,0.65672821,0.65748817
2025-07-02 01:00:00,0.65745783,0.65747952,0.65649968,0.65720725
2025-07-02 02:00:00,0.65727639,0.65743625,0.65675837,0.65687919
2025-07-02 03:00:00,0.65700001,0.65780818,0.65681875,0.65776926
2025-07-02 04:00:00,0.65779090,0.65783846,0.65734982,0.65760916
2025-07-02 05:00:00,0.65739739,0.65789908,0.65705615,0.65783846
2025-07-02 06:00:00,0.65792072,0.65881795,0.65789044,0.65854460
2025-07-02 07:00:00,0.65724611,0.65860099,0.65724611,0.65806788
2025-07-02 08:00:00,0.65828454,0.65864003,0.65815455,0.65842754
2025-07-02 09:00:00,0.65839720,0.65851855,0.65811121,0.65828019
2025-07-02 10:00:00,0.65843624,0.65845788,0.65798134,0.65841454
2025-07-02 11:00:00,0.65839720,0.65859663,0.65690076,0.65715975
2025-07-02 12:00:00,0.65725911,0.65770870,0.65677130,0.65760058
2025-07-02 13:00:00,0.65764809,0.65824121,0.65746218,0.65824121
2025-07-02 14:00:00,0.65828019,0.65858799,0.65808958,0.65828454
2025-07-02 15:00:00,0.65831053,0.65834951,0.65779948,0.65785146
2025-07-02 16:00:00,0.65787739,0.65818918,0.65710795,0.65741897
2025-07-02 17:00:00,0.65723747,0.65744925,0.65646946,0.65646946
2025-07-02 18:00:00,0.65637904,0.65681010,0.65621102,0.65659881
2025-07-02 19:00:00,0.65665060,0.65677559,0.65635747,0.65659881
2025-07-02 20:00:00,0.65665060,0.65722024,0.65653849,0.65668505
2025-07-02 21:00:00,0.65657729,0.65711653,0.65548837,0.65553999
2025-07-02 22:00:00,0.65551853,0.65728933,0.65462589,0.65533805
2025-07-02 23:00:00,0.65530801,0.65670663,0.65481019,0.65512770
2025-07-03 00:00:00,0.65529084,0.65659881,0.65488738,0.65651691
2025-07-03 01:00:00,0.65657729,0.65747082,0.65645659,0.65728933
2025-07-03 02:00:00,0.65731961,0.65773898,0.65707338,0.65764809
2025-07-03 03:00:00,0.65770000,0.65825850,0.65767843,0.65789044
2025-07-03 04:00:00,0.65786880,0.65849692,0.65785146,0.65847957
2025-07-03 05:00:00,0.65845788,0.65910888,0.65844923,0.65902632
2025-07-03 06:00:00,0.65896994,0.65916103,0.65852726,0.65863132
2025-07-03 07:00:00,0.65858799,0.65863132,0.65837115,0.65858799
2025-07-03 08:00:00,0.65876150,0.65913057,0.65871811,0.65905672
2025-07-03 09:00:00,0.65905672,0.65916967,0.65845788,0.65845788
2025-07-03 10:00:00,0.65853596,0.65896994,0.65776491,0.65815455
2025-07-03 11:00:00,0.65828884,0.65828884,0.65758759,0.65785146
2025-07-03 12:00:00,0.65794665,0.65794665,0.65674543,0.65724611
2025-07-03 13:00:00,0.65728933,0.65756595,0.65679723,0.65690076
2025-07-03 14:00:00,0.65698707,0.65728933,0.65674108,0.65715975
2025-07-03 15:00:00,0.65723747,0.65733254,0.65655136,0.65728933
2025-07-03 16:00:00,0.65735847,0.65811121,0.65726775,0.65803760
2025-07-03 17:00:00,0.65799862,0.65837115,0.65759188,0.65799862
2025-07-03 18:00:00,0.65800732,0.65863568,0.65787739,0.65798134
2025-07-03 19:00:00,0.65794665,0.65811121,0.65747082,0.65772164
2025-07-03 20:00:00,0.65771735,0.65811121,0.65753567,0.65763515
2025-07-03 21:00:00,0.65770000,0.65815020,0.65748817,0.65754002
2025-07-03 22:00:00,0.65754002,0.65785581,0.65400940,0.65502042
2025-07-03 23:00:00,0.65478021,0.65797698,0.65445882,0.65731961
2025-07-04 00:00:00,0.65802890,0.65802890,0.65628856,0.65643930
2025-07-04 01:00:00,0.65644795,0.65774763,0.65635747,0.65747952
2025-07-04 02:00:00,0.65760058,0.65760058,0.65678859,0.65738004
2025-07-04 03:00:00,0.65745783,0.65760058,0.65720296,0.65724611
2025-07-04 04:00:00,0.65720725,0.65737575,0.65715975,0.65717703
2025-07-04 05:00:00,0.65706909,0.65728933,0.65685761,0.65714681
2025-07-04 06:00:00,0.65700865,0.65764809,0.65700865,0.65733254
2025-07-04 07:00:00,0.65741897,0.65741897,0.65690076,0.65737575
2025-07-04 08:00:00,0.65728933,0.65770870,0.65724611,0.65765679
2025-07-04 09:00:00,0.65751839,0.65805060,0.65746218,0.65794665
2025-07-04 10:00:00,0.65793806,0.65811992,0.65737575,0.65772164
2025-07-04 11:00:00,0.65784711,0.65811121,0.65678859,0.65685761
2025-07-04 12:00:00,0.65677559,0.65744925,0.65668076,0.65707338
2025-07-04 13:00:00,0.65703881,0.65728933,0.65662032,0.65715975
2025-07-04 14:00:00,0.65715975,0.65750539,0.65652984,0.65733254
2025-07-04 15:00:00,0.65742761,0.65804625,0.65728933,0.65728933
2025-07-04 16:00:00,0.65729803,0.65776491,0.65666777,0.65735847
2025-07-04 17:00:00,0.65730661,0.65763515,0.65517062,0.65570760
2025-07-04 18:00:00,0.65579790,0.65624976,0.65576780,0.65604746
2025-07-04 19:00:00,0.65607756,0.65631014,0.65569472,0.65605605
2025-07-04 20:00:00,0.65602595,0.65639621,0.65573770,0.65592694
2025-07-04 21:00:00,0.65592694,0.65623689,0.65591836,0.65611631
2025-07-04 22:00:00,0.65612918,0.65618950,0.65526503,0.65526503
2025-07-04 23:00:00,0.65538961,0.65573770,0.65511906,0.65549701
2025-07-05 00:00:00,0.65543687,0.65570760,0.65483600,0.65526932
2025-07-05 01:00:00,0.65518779,0.65552706,0.65496463,0.65552706
2025-07-05 02:00:00,0.65539819,0.65569043,0.65513629,0.65552706
2025-07-05 03:00:00,0.65550989,0.65560013,0.65500754,0.65526503
2025-07-05 04:00:00,0.65551853,0.65578926,0.65522212,0.65557003
2025-07-05 05:00:00,0.65560013,0.65569901,0.65522212,0.65526503
2025-07-05 06:00:00,0.65551853,0.65577644,0.65513629,0.65556574
2025-07-05 07:00:00,0.65552276,0.65552276,0.65552276,0.65552276
2025-07-07 09:00:00,0.65560013,0.65575922,0.65500754,0.65532088
2025-07-07 10:00:00,0.65526074,0.65558726,0.65389395,0.65433890
2025-07-07 11:00:00,0.65408641,0.65418053,0.65286082,0.65301001
2025-07-07 12:00:00,0.65313798,0.65352643,0.65210307,0.65230721
2025-07-07 13:00:00,0.65233696,0.65252000,0.65145731,0.65176731
2025-07-07 14:00:00,0.65176731,0.65197974,0.65053344,0.65066040
2025-07-07 15:00:00,0.65056729,0.65139794,0.65032190,0.65133852
2025-07-07 16:00:00,0.65135974,0.65148699,0.65023732,0.65092725
2025-07-07 17:00:00,0.65108830,0.65173751,0.65067738,0.65067738
2025-07-07 18:00:00,0.65073663,0.65082979,0.64933801,0.64936751
2025-07-07 19:00:00,0.64938015,0.64992034,0.64886612,0.64992034
2025-07-07 20:00:00,0.64992881,0.65005982,0.64969659,0.64987814
2025-07-07 21:00:00,0.64984858,0.65070277,0.64970928,0.65019929
2025-07-07 22:00:00,0.65024585,0.65062654,0.64975572,0.65041918
2025-07-07 23:00:00,0.65038961,0.65168655,0.65030921,0.65159738
2025-07-08 00:00:00,0.65158045,0.65210307,0.65137666,0.65155917
2025-07-08 01:00:00,0.65167809,0.65176302,0.65107983,0.65134698
2025-07-08 02:00:00,0.65138942,0.65168655,0.64926630,0.64955729
2025-07-08 03:00:00,0.64965856,0.65041071,0.64913988,0.64959109
2025-07-08 04:00:00,0.64962059,0.65035993,0.64879876,0.65028805
2025-07-08 05:00:00,0.65018660,0.65056729,0.64998376,0.65011048
2025-07-08 06:00:00,0.65022039,0.65022039,0.64909780,0.64917779
2025-07-08 07:00:00,0.64943498,0.65002596,0.64922416,0.64930850
2025-07-08 08:00:00,0.64960372,0.65037692,0.64951932,0.65019506
2025-07-08 09:00:00,0.65049112,0.65113914,0.64994150,0.65099925
2025-07-08 10:00:00,0.65106708,0.65182674,0.65095687,0.65151674
2025-07-08 11:00:00,0.65161014,0.65193725,0.65091872,0.65108830
2025-07-08 12:00:00,0.65102047,0.65217960,0.65095687,0.65158045
2025-07-08 13:00:00,0.65161866,0.65209877,0.65140635,0.65154648
2025-07-08 14:00:00,0.65141064,0.65513629,0.65132999,0.65423620
2025-07-08 15:00:00,0.65419769,0.65457880,0.65299726,0.65436029
2025-07-08 16:00:00,0.65436029,0.65488738,0.65329587,0.65331721
2025-07-08 17:00:00,0.65333003,0.65475023,0.65333003,0.65454024
2025-07-08 18:00:00,0.65430897,0.65457880,0.65389395,0.65448880
2025-07-08 19:00:00,0.65434748,0.65478879,0.65406501,0.65408641
2025-07-08 20:00:00,0.65416765,0.65451020,0.65392816,0.65420622
2025-07-08 21:00:00,0.65416765,0.65496892,0.65416765,0.65425760
2025-07-08 22:00:00,0.65422761,0.65470731,0.65352643,0.65445882
2025-07-08 23:00:00,0.65436029,0.65447593,0.65193725,0.65285653
2025-07-09 00:00:00,0.65252852,0.65266907,0.65109682,0.65186924
2025-07-09 01:00:00,0.65183949,0.65295887,0.65175027,0.65246898
2025-07-09 02:00:00,0.65240932,0.65312517,0.65178853,0.65283954
2025-07-09 03:00:00,0.65283954,0.65359479,0.65270740,0.65336847
2025-07-09 04:00:00,0.65341967,0.65347946,0.65273726,0.65316784
2025-07-09 05:00:00,0.65326601,0.65340686,0.65268612,0.65292907
2025-07-09 06:00:00,0.65293753,0.65356910,0.65291196,0.65313798
2025-07-09 07:00:00,0.65274155,0.65338123,0.65274155,0.65278411
2025-07-09 08:00:00,0.65312517,0.65357769,0.65291196,0.65350932
2025-07-09 09:00:00,0.65348804,0.65355635,0.65261370,0.65289068
2025-07-09 10:00:00,0.65284806,0.65336847,0.65226889,0.65292907
2025-07-09 11:00:00,0.65291625,0.65378708,0.65243065,0.65354776
2025-07-09 12:00:00,0.65374863,0.65416765,0.65178001,0.65219659
2025-07-09 13:00:00,0.65223914,0.65248597,0.65127915,0.65248597
2025-07-09 14:00:00,0.65247750,0.65417624,0.65238810,0.65378708
2025-07-09 15:00:00,0.65382975,0.65460020,0.65356910,0.65359908
2025-07-09 16:00:00,0.65368873,0.65454024,0.65266907,0.65446740
2025-07-09 17:00:00,0.65449739,0.65467733,0.65238810,0.65281820
2025-07-09 18:00:00,0.65272021,0.65368873,0.65231997,0.65322763
2025-07-09 19:00:00,0.65325749,0.65363753,0.65307832,0.65351790
2025-07-09 20:00:00,0.65346664,0.65372723,0.65243918,0.65243918
2025-07-09 21:00:00,0.65249020,0.65276706,0.65183949,0.65183949
2025-07-09 22:00:00,0.65182674,0.65380841,0.65172905,0.65357769
2025-07-09 23:00:00,0.65352643,0.65449309,0.65328735,0.65406930
2025-07-10 00:00:00,0.65419769,0.65492600,0.65331721,0.65337700
2025-07-10 01:00:00,0.65337700,0.65355206,0.65291196,0.65324891
2025-07-10 02:00:00,0.65320623,0.65376997,0.65320623,0.65353924
2025-07-10 03:00:00,0.65350932,0.65424901,0.65344959,0.65400088
2025-07-10 04:00:00,0.65403932,0.65442032,0.65361613,0.65390676
2025-07-10 05:00:00,0.65398800,0.65442890,0.65389395,0.65423620
2025-07-10 06:00:00,0.65427899,0.65428752,0.65348804,0.65363753
2025-07-10 07:00:00,0.65380841,0.65389395,0.65329587,0.65385121
2025-07-10 08:00:00,0.65389395,0.65431756,0.65389395,0.65413773
2025-07-10 09:00:00,0.65409923,0.65421903,0.65376568,0.65421903
2025-07-10 10:00:00,0.65409923,0.65506762,0.65363753,0.65463018
2025-07-10 11:00:00,0.65448880,0.65483600,0.65415913,0.65453595
2025-07-10 12:00:00,0.65460879,0.65527791,0.65460879,0.65526503
2025-07-10 13:00:00,0.65520924,0.65535957,0.65465593,0.65465593
2025-07-10 14:00:00,0.65452737,0.65475881,0.65413773,0.65468591
2025-07-10 15:00:00,0.65469873,0.65514910,0.65451020,0.65505904
2025-07-10 16:00:00,0.65514058,0.65590972,0.65514058,0.65586668
2025-07-10 17:00:00,0.65596998,0.65651262,0.65554857,0.65570760
2025-07-10 18:00:00,0.65578926,0.65603024,0.65560871,0.65590972
2025-07-10 19:00:00,0.65592694,0.65659016,0.65588826,0.65620673
2025-07-10 20:00:00,0.65615940,0.65677130,0.65600872,0.65666777
2025-07-10 21:00:00,0.65656000,0.65674973,0.65518779,0.65538096
2025-07-10 22:00:00,0.65535092,0.65569472,0.65469873,0.65529084
2025-07-10 23:00:00,0.65541965,0.65572912,0.65437746,0.65472019
2025-07-11 00:00:00,0.65469873,0.65604746,0.65455735,0.65604746
2025-07-11 01:00:00,0.65607756,0.65738004,0.65605605,0.65731090
2025-07-11 02:00:00,0.65728068,0.65789473,0.65720296,0.65758759
2025-07-11 03:00:00,0.65752709,0.65801162,0.65746218,0.65780818
2025-07-11 04:00:00,0.65780818,0.65867472,0.65780818,0.65858799
2025-07-11 05:00:00,0.65858799,0.65926969,0.65858799,0.65920013
2025-07-11 06:00:00,0.65915668,0.65964800,0.65897858,0.65915233
2025-07-11 07:00:00,0.65889174,0.65933919,0.65703022,0.65884835
2025-07-11 08:00:00,0.65928268,0.65990919,0.65919578,0.65950012
2025-07-11 09:00:00,0.65956968,0.65982646,0.65936965,0.65958709
2025-07-11 10:00:00,0.65956098,0.65958709,0.65597856,0.65715110
2025-07-11 11:00:00,0.65688777,0.65976989,0.65629715,0.65865743
2025-07-11 12:00:00,0.65868777,0.65904808,0.65798134,0.65811992
2025-07-11 13:00:00,0.65796834,0.65913928,0.65785146,0.65882659
2025-07-11 14:00:00,0.65877891,0.65881795,0.65752709,0.65800732
2025-07-11 15:00:00,0.65808958,0.65883964,0.65789473,0.65831053
2025-07-11 16:00:00,0.65811992,0.65901762,0.65780818,0.65861833
2025-07-11 17:00:00,0.65877020,0.65930009,0.65832782,0.65870082
2025-07-11 18:00:00,0.65870941,0.65870941,0.65732825,0.65744060
2025-07-11 19:00:00,0.65748817,0.65824980,0.65739739,0.65792072
2025-07-11 20:00:00,0.65801597,0.65914798,0.65785146,0.65893948
2025-07-11 21:00:00,0.65882659,0.65926099,0.65819788,0.65819788
2025-07-11 22:00:00,0.65819788,0.65893513,0.65730661,0.65808958
2025-07-11 23:00:00,0.65811121,0.65915233,0.65768701,0.65768701
2025-07-12 00:00:00,0.65773898,0.65850127,0.65738869,0.65759188
2025-07-12 01:00:00,0.65757895,0.65822816,0.65750974,0.65789044
2025-07-12 02:00:00,0.65786880,0.65834087,0.65725911,0.65818053
2025-07-12 03:00:00,0.65818918,0.65841019,0.65798134,0.65828454
2025-07-12 04:00:00,0.65835822,0.65867037,0.65822816,0.65822816
2025-07-12 05:00:00,0.65818918,0.65837115,0.65785146,0.65796834
2025-07-12 06:00:00,0.65795964,0.65821087,0.65741897,0.65821087
2025-07-12 07:00:00,0.65819788,0.65819788,0.65819788,0.65819788
2025-07-12 08:00:00,0.65698707,0.65698707,0.65698707,0.65698707
2025-07-14 09:00:00,0.65715975,0.65803760,0.65690076,0.65785146
2025-07-14 10:00:00,0.65805060,0.65899599,0.65789473,0.65827584
2025-07-14 11:00:00,0.65841019,0.65857935,0.65632731,0.65672821
2025-07-14 12:00:00,0.65681010,0.65694392,0.65606034,0.65649968
2025-07-14 13:00:00,0.65643072,0.65754002,0.65637904,0.65704751
2025-07-14 14:00:00,0.65691805,0.65696114,0.65642643,0.65656865
2025-07-14 15:00:00,0.65647811,0.65698707,0.65612066,0.65631014
2025-07-14 16:00:00,0.65626705,0.65668076,0.65590972,0.65622824
2025-07-14 17:00:00,0.65619814,0.65772164,0.65575922,0.65752709
2025-07-14 18:00:00,0.65753132,0.65767843,0.65680587,0.65685761
2025-07-14 19:00:00,0.65670663,0.65715975,0.65646946,0.65707767
2025-07-14 20:00:00,0.65710795,0.65756166,0.65675837,0.65701729
2025-07-14 21:00:00,0.65707767,0.65731961,0.65671092,0.65681875
2025-07-14 22:00:00,0.65673679,0.65715975,0.65565604,0.65598720
2025-07-14 23:00:00,0.65596998,0.65651262,0.65563881,0.65642643
2025-07-15 00:00:00,0.65633160,0.65634888,0.65561736,0.65569472
2025-07-15 01:00:00,0.65572912,0.65682739,0.65513629,0.65513629
2025-07-15 02:00:00,0.65512770,0.65535957,0.65479738,0.65496463
2025-07-15 03:00:00,0.65490890,0.65522212,0.65467733,0.65475023
2025-07-15 04:00:00,0.65481019,0.65517920,0.65481019,0.65505046
2025-07-15 05:00:00,0.65497750,0.65522212,0.65466017,0.65496463
2025-07-15 06:00:00,0.65494746,0.65500754,0.65457880,0.65470731
2025-07-15 07:00:00,0.65492171,0.65526503,0.65487885,0.65505046
2025-07-15 08:00:00,0.65518779,0.65518779,0.65470731,0.65496033
2025-07-15 09:00:00,0.65472883,0.65484881,0.65423620,0.65466875
2025-07-15 10:00:00,0.65465593,0.65564740,0.65465593,0.65505046
2025-07-15 11:00:00,0.65503752,0.65567750,0.65418053,0.65526503
2025-07-15 12:00:00,0.65520924,0.65527791,0.65454024,0.65457880
2025-07-15 13:00:00,0.65460020,0.65499896,0.65440744,0.65484881
2025-07-15 14:00:00,0.65484881,0.65496463,0.65427899,0.65455735
2025-07-15 15:00:00,0.65460879,0.65575922,0.65459591,0.65569901
2025-07-15 16:00:00,0.65550560,0.65586668,0.65517062,0.65533805
2025-07-15 17:00:00,0.65524787,0.65694821,0.65497750,0.65690076
2025-07-15 18:00:00,0.65691805,0.65736711,0.65643930,0.65681446
2025-07-15 19:00:00,0.65677559,0.65728933,0.65656865,0.65672821
2025-07-15 20:00:00,0.65674543,0.65715975,0.65674543,0.65711653
2025-07-15 21:00:00,0.65712088,0.65728933,0.65624976,0.65629715
2025-07-15 22:00:00,0.65625840,0.65794665,0.65609044,0.65733254
2025-07-15 23:00:00,0.65738869,0.65754867,0.65436029,0.65445024
2025-07-16 00:00:00,0.65443742,0.65443742,0.65189898,0.65218806
2025-07-16 01:00:00,0.65225619,0.65225619,0.65113068,0.65220088
2025-07-16 02:00:00,0.65237957,0.65238810,0.65099925,0.65107983
2025-07-16 03:00:00,0.65131730,0.65167809,0.65104592,0.65161866
2025-07-16 04:00:00,0.65165687,0.65224767,0.65150827,0.65190750
2025-07-16 05:00:00,0.65190750,0.65197974,0.65162706,0.65163988
2025-07-16 06:00:00,0.65161014,0.65193725,0.65146583,0.65159315
2025-07-16 07:00:00,0.65214550,0.65214550,0.65155065,0.65155065
2025-07-16 08:00:00,0.65159315,0.65186924,0.65142339,0.65159315
2025-07-16 09:00:00,0.65189898,0.65266907,0.65150827,0.65217960
2025-07-16 10:00:00,0.65243918,0.65366739,0.65187776,0.65289921
2025-07-16 11:00:00,0.65295035,0.65341967,0.65277988,0.65308678
2025-07-16 12:00:00,0.65304840,0.65304840,0.65197551,0.65235829
2025-07-16 13:00:00,0.65237105,0.65303993,0.65234977,0.65252852
2025-07-16 14:00:00,0.65252852,0.65286934,0.65229869,0.65286934
2025-07-16 15:00:00,0.65289068,0.65309107,0.65258819,0.65282673
2025-07-16 16:00:00,0.65280968,0.65337700,0.65233696,0.65291196
2025-07-16 17:00:00,0.65292907,0.65309960,0.65234977,0.65272874
2025-07-16 18:00:00,0.65274155,0.65298873,0.65222633,0.65235829
2025-07-16 19:00:00,0.65234977,0.65240085,0.65179700,0.65238810
2025-07-16 20:00:00,0.65249872,0.65261370,0.65214980,0.65241784
2025-07-16 21:00:00,0.65237957,0.65269041,0.65198827,0.65215832
2025-07-16 22:00:00,0.65220934,0.65298021,0.65172052,0.65204775
2025-07-16 23:00:00,0.65196699,0.65231574,0.64995837,0.65017813
2025-07-17 00:00:00,0.65025002,0.65172905,0.64974725,0.65117729
2025-07-17 01:00:00,0.65144879,0.65572912,0.65087217,0.65210307
2025-07-17 02:00:00,0.65214550,0.65363753,0.65200949,0.65280968
2025-07-17 03:00:00,0.65296745,0.65389824,0.65259665,0.65286934
2025-07-17 04:00:00,0.65290773,0.65290773,0.65212005,0.65218806
2025-07-17 05:00:00,0.65235829,0.65311670,0.65209877,0.65301001
2025-07-17 06:00:00,0.65298873,0.65333855,0.65282673,0.65303993
2025-07-17 07:00:00,0.65363753,0.65363753,0.65286934,0.65299726
2025-07-17 08:00:00,0.65308255,0.65336847,0.65261370,0.65261370
2025-07-17 09:00:00,0.65290773,0.65295035,0.65240085,0.65244341
2025-07-17 10:00:00,0.65259665,0.65259665,0.65116888,0.65155065
2025-07-17 11:00:00,0.65167809,0.65233696,0.64927900,0.64994150
2025-07-17 12:00:00,0.64980632,0.64984012,0.64779007,0.64803773
2025-07-17 13:00:00,0.64797896,0.64900929,0.64758456,0.64900088
2025-07-17 14:00:00,0.64897984,0.64932954,0.64846641,0.64925790
2025-07-17 15:00:00,0.64927900,0.64973879,0.64913988,0.64914829
2025-07-17 16:00:00,0.64919889,0.64919889,0.64688909,0.64732879
2025-07-17 17:00:00,0.64720732,0.64720732,0.64637899,0.64668834
2025-07-17 18:00:00,0.64672595,0.64767677,0.64653778,0.64737070
2025-07-17 19:00:00,0.64756775,0.64758867,0.64674687,0.64683890
2025-07-17 20:00:00,0.64681798,0.64717799,0.64658797,0.64672595
2025-07-17 21:00:00,0.64666736,0.64667577,0.64574039,0.64601988
2025-07-17 22:00:00,0.64600730,0.64741683,0.64582795,0.64717799
2025-07-17 23:00:00,0.64722824,0.64784878,0.64645839,0.64758033
2025-07-18 00:00:00,0.64760965,0.64800411,0.64727855,0.64794958
2025-07-18 01:00:00,0.64788657,0.64897138,0.64788657,0.64853787
2025-07-18 02:00:00,0.64856732,0.64901775,0.64813018,0.64842433
2025-07-18 03:00:00,0.64839906,0.64880294,0.64839906,0.64863461
2025-07-18 04:00:00,0.64856732,0.64897138,0.64851683,0.64892924
2025-07-18 05:00:00,0.64887035,0.64946872,0.64887035,0.64935064
2025-07-18 06:00:00,0.64938015,0.64952779,0.64895874,0.64905566
2025-07-18 07:00:00,0.64834023,0.64905566,0.64834023,0.64888716
2025-07-18 08:00:00,0.64922416,0.65015703,0.64918202,0.64985704
2025-07-18 09:00:00,0.65014857,0.65023732,0.64981478,0.65008938
2025-07-18 10:00:00,0.65015703,0.65111798,0.64994997,0.65077895
2025-07-18 11:00:00,0.65088910,0.65113068,0.65053767,0.65053767
2025-07-18 12:00:00,0.65077049,0.65126640,0.65030921,0.65116888
2025-07-18 13:00:00,0.65114766,0.65125787,0.65036845,0.65047842
2025-07-18 14:00:00,0.65042770,0.65046996,0.65002596,0.65012741
2025-07-18 15:00:00,0.65007669,0.65049958,0.64999640,0.65044034
2025-07-18 16:00:00,0.65036845,0.65109682,0.65002596,0.65102893
2025-07-18 17:00:00,0.65110946,0.65144032,0.65066040,0.65144032
2025-07-18 18:00:00,0.65162706,0.65221786,0.65162706,0.65204775
2025-07-18 19:00:00,0.65214133,0.65241784,0.65197122,0.65218806
2025-07-18 20:00:00,0.65217108,0.65257114,0.65192872,0.65250725
2025-07-18 21:00:00,0.65259665,0.65279692,0.65230721,0.65248597
2025-07-18 22:00:00,0.65246898,0.65342391,0.65243918,0.65342391
2025-07-18 23:00:00,0.65342820,0.65418911,0.65317643,0.65380841
2025-07-19 00:00:00,0.65410781,0.65422761,0.65260947,0.65265632
2025-07-19 01:00:00,0.65269893,0.65298021,0.65255833,0.65278411
2025-07-19 02:00:00,0.65283102,0.65291196,0.65142339,0.65142339
2025-07-19 03:00:00,0.65147853,0.65158045,0.65080863,0.65122819
2025-07-19 04:00:00,0.65119851,0.65125787,0.65078747,0.65093994
2025-07-19 05:00:00,0.65095687,0.65106708,0.65057576,0.65105861
2025-07-19 06:00:00,0.65095687,0.65123671,0.65074509,0.65082979
2025-07-19 07:00:00,0.65121126,0.65121126,0.65121126,0.65121126
2025-07-19 08:00:00,0.65095687,0.65095687,0.65095687,0.65095687
2025-07-21 09:00:00,0.65134698,0.65149975,0.65087217,0.65149975
2025-07-21 10:00:00,0.65162706,0.65166956,0.65046996,0.65071970
2025-07-21 11:00:00,0.65063077,0.65147007,0.65034729,0.65065616
2025-07-21 12:00:00,0.65053767,0.65078747,0.65006822,0.65061814
2025-07-21 13:00:00,0.65061814,0.65112644,0.65061814,0.65100777
2025-07-21 14:00:00,0.65094846,0.65130883,0.65085948,0.65110946
2025-07-21 15:00:00,0.65102047,0.65164834,0.65097809,0.65154648
2025-07-21 16:00:00,0.65151674,0.65210307,0.65133852,0.65183949
2025-07-21 17:00:00,0.65190750,0.65198827,0.65083832,0.65108830
2025-07-21 18:00:00,0.65110946,0.65217960,0.65101624,0.65189898
2025-07-21 19:00:00,0.65188622,0.65188622,0.65129608,0.65140635
2025-07-21 20:00:00,0.65145731,0.65157616,0.65112644,0.65149975
2025-07-21 21:00:00,0.65165687,0.65261370,0.65147853,0.65257114
2025-07-21 22:00:00,0.65252852,0.65296745,0.65235829,0.65244764
2025-07-21 23:00:00,0.65238810,0.65252852,0.65178001,0.65193295
2025-07-22 00:00:00,0.65189898,0.65331721,0.65189898,0.65278411
2025-07-22 01:00:00,0.65270740,0.65390676,0.65270740,0.65316784
2025-07-22 02:00:00,0.65318066,0.65345806,0.65304840,0.65333855
2025-07-22 03:00:00,0.65334707,0.65339833,0.65274155,0.65278834
2025-07-22 04:00:00,0.65277135,0.65304840,0.65260947,0.65286934
2025-07-22 05:00:00,0.65286082,0.65299726,0.65248597,0.65259665
2025-07-22 06:00:00,0.65263081,0.65289921,0.65257114,0.65269893
2025-07-22 07:00:00,0.65299726,0.65299726,0.65244341,0.65244341
2025-07-22 08:00:00,0.65252852,0.65274155,0.65235829,0.65263927
2025-07-22 09:00:00,0.65255833,0.65326601,0.65252852,0.65297592
2025-07-22 10:00:00,0.65302712,0.65302712,0.65192026,0.65195853
2025-07-22 11:00:00,0.65201801,0.65243918,0.65158886,0.65182674
2025-07-22 12:00:00,0.65181822,0.65278411,0.65181822,0.65260947
2025-07-22 13:00:00,0.65261799,0.65265632,0.65192872,0.65223062
2025-07-22 14:00:00,0.65216684,0.65244341,0.65176731,0.65210730
2025-07-22 15:00:00,0.65190750,0.65210730,0.65138942,0.65156770
2025-07-22 16:00:00,0.65147007,0.65189046,0.65109682,0.65124947
2025-07-22 17:00:00,0.65142763,0.65172052,0.65063924,0.65074933
2025-07-22 18:00:00,0.65063077,0.65162706,0.65063077,0.65129608
2025-07-22 19:00:00,0.65130031,0.65201801,0.65126640,0.65201801
2025-07-22 20:00:00,0.65197122,0.65227318,0.65121973,0.65133852
2025-07-22 21:00:00,0.65124947,0.65219659,0.65121973,0.65208602
2025-07-22 22:00:00,0.65217960,0.65308255,0.65210730,0.65275854
2025-07-22 23:00:00,0.65282673,0.65393674,0.65282673,0.65324891
2025-07-23 00:00:00,0.65319771,0.65490890,0.65249872,0.65475881
2025-07-23 01:00:00,0.65462589,0.65571618,0.65451020,0.65565604
2025-07-23 02:00:00,0.65557003,0.65592694,0.65535957,0.65542823
2025-07-23 03:00:00,0.65538961,0.65556574,0.65500754,0.65505904
2025-07-23 04:00:00,0.65496892,0.65535092,0.65495610,0.65521783
2025-07-23 05:00:00,0.65520924,0.65560871,0.65508908,0.65550989
2025-07-23 06:00:00,0.65544969,0.65588826,0.65539390,0.65578073
2025-07-23 07:00:00,0.65582377,0.65582377,0.65509337,0.65530801
2025-07-23 08:00:00,0.65556574,0.65560013,0.65526503,0.65538961
2025-07-23 09:00:00,0.65540677,0.65615940,0.65539390,0.65557867
2025-07-23 10:00:00,0.65566033,0.65599579,0.65530801,0.65593982
2025-07-23 11:00:00,0.65594846,0.65655571,0.65566891,0.65631866
2025-07-23 12:00:00,0.65637040,0.65665919,0.65561736,0.65582800
2025-07-23 13:00:00,0.65579790,0.65704751,0.65579790,0.65642643
2025-07-23 14:00:00,0.65639621,0.65707338,0.65637040,0.65690076
2025-07-23 15:00:00,0.65688777,0.65718138,0.65668505,0.65684032
2025-07-23 16:00:00,0.65690076,0.65715975,0.65635747,0.65707767
2025-07-23 17:00:00,0.65710795,0.65819788,0.65710795,0.65802461
2025-07-23 18:00:00,0.65803760,0.65863132,0.65794665,0.65845788
2025-07-23 19:00:00,0.65851855,0.65893513,0.65818918,0.65887004
2025-07-23 20:00:00,0.65885705,0.65967411,0.65872681,0.65923929
2025-07-23 21:00:00,0.65920013,0.66024029,0.65907848,0.66000932
2025-07-23 22:00:00,0.65997887,0.66024029,0.65892649,0.65900034
2025-07-23 23:00:00,0.65907848,0.65950012,0.65836686,0.65880930
2025-07-24 00:00:00,0.65873986,0.65941745,0.65838856,0.65893948
2025-07-24 01:00:00,0.65890908,0.65966976,0.65818918,0.65926969
2025-07-24 02:00:00,0.65921748,0.65959579,0.65825850,0.65846658
2025-07-24 03:00:00,0.65857935,0.65910888,0.65845788,0.65903938
2025-07-24 04:00:00,0.65907848,0.66008776,0.65903938,0.66002244
2025-07-24 05:00:00,0.66017932,0.66037112,0.66004854,0.66028827
2025-07-24 06:00:00,0.66029704,0.66072893,0.66023165,0.66045839
2025-07-24 07:00:00,0.66028392,0.66034931,0.66006601,0.66006601
2025-07-24 08:00:00,0.66024029,0.66062850,0.66010958,0.66048014
2025-07-24 09:00:00,0.66048014,0.66076821,0.66024029,0.66032749
2025-07-24 10:00:00,0.66037989,0.66037989,0.65988743,0.66028392
2025-07-24 11:00:00,0.66025776,0.66145003,0.66025776,0.66111767
2025-07-24 12:00:00,0.66099972,0.66133195,0.66061980,0.66124886
2025-07-24 13:00:00,0.66120070,0.66212010,0.66109145,0.66174769
2025-07-24 14:00:00,0.66157693,0.66212010,0.66128820,0.66212010
2025-07-24 15:00:00,0.66213763,0.66270810,0.66194481,0.66232622
2025-07-24 16:00:00,0.66226918,0.66244906,0.66124886,0.66134071
2025-07-24 17:00:00,0.66127944,0.66180897,0.66107833,0.66126198
2025-07-24 18:00:00,0.66141945,0.66235691,0.66097784,0.66220778
2025-07-24 19:00:00,0.66210699,0.66220778,0.66157693,0.66187912
2025-07-24 20:00:00,0.66194040,0.66194040,0.66074640,0.66096038
2025-07-24 21:00:00,0.66092980,0.66176957,0.66085988,0.66172141
2025-07-24 22:00:00,0.66176957,0.66212010,0.66066778,0.66072893
2025-07-24 23:00:00,0.66058052,0.66134071,0.66041911,0.66089481
2025-07-25 00:00:00,0.66096038,0.66176957,0.66061980,0.66093850
2025-07-25 01:00:00,0.66096038,0.66096038,0.66007912,0.66014010
2025-07-25 02:00:00,0.66010958,0.66029704,0.65943921,0.65983951
2025-07-25 03:00:00,0.65984827,0.66041476,0.65979600,0.66024029
2025-07-25 04:00:00,0.66021854,0.66037112,0.65998757,0.66031879
2025-07-25 05:00:00,0.66019672,0.66037112,0.65952617,0.65952617
2025-07-25 06:00:00,0.65953928,0.65954792,0.65882659,0.65923929
2025-07-25 07:00:00,0.65941310,0.65963060,0.65897858,0.65928268
2025-07-25 08:00:00,0.65893513,0.65968716,0.65893513,0.65967846
2025-07-25 09:00:00,0.65959579,0.65982646,0.65945661,0.65973938
2025-07-25 10:00:00,0.65976989,0.66010958,0.65936965,0.65960884
2025-07-25 11:00:00,0.65963930,0.65983951,0.65850127,0.65878755
2025-07-25 12:00:00,0.65880930,0.65884835,0.65807658,0.65833652
2025-07-25 13:00:00,0.65835822,0.65871811,0.65818053,0.65859663
2025-07-25 14:00:00,0.65872681,0.65897858,0.65690076,0.65736711
2025-07-25 15:00:00,0.65728933,0.65842754,0.65728933,0.65816754
2025-07-25 16:00:00,0.65815890,0.65854895,0.65781683,0.65810686
2025-07-25 17:00:00,0.65819788,0.65825850,0.65720725,0.65741897
2025-07-25 18:00:00,0.65739739,0.65754867,0.65662032,0.65696979
2025-07-25 19:00:00,0.65697843,0.65703022,0.65609908,0.65644795
2025-07-25 20:00:00,0.65632731,0.65672821,0.65617657,0.65662897
2025-07-25 21:00:00,0.65659881,0.65703022,0.65601730,0.65693957
2025-07-25 22:00:00,0.65676701,0.65700865,0.65581083,0.65616798
2025-07-25 23:00:00,0.65610772,0.65672821,0.65539819,0.65608191
2025-07-26 00:00:00,0.65618950,0.65681446,0.65585816,0.65621102
2025-07-26 01:00:00,0.65613782,0.65621102,0.65552276,0.65564740
2025-07-26 02:00:00,0.65563023,0.65629715,0.65541106,0.65620673
2025-07-26 03:00:00,0.65623689,0.65664196,0.65615076,0.65646088
2025-07-26 04:00:00,0.65638763,0.65676701,0.65635747,0.65671957
2025-07-26 05:00:00,0.65665919,0.65688777,0.65646946,0.65666777
2025-07-26 06:00:00,0.65656865,0.65687919,0.65642643,0.65685761
2025-07-26 07:00:00,0.65685761,0.65685761,0.65685761,0.65685761
2025-07-28 09:00:00,0.65747952,0.65773028,0.65726775,0.65733689
2025-07-28 10:00:00,0.65747952,0.65828454,0.65738869,0.65827149
2025-07-28 11:00:00,0.65842754,0.65868777,0.65700865,0.65713817
2025-07-28 12:00:00,0.65702593,0.65792936,0.65690941,0.65762651
2025-07-28 13:00:00,0.65746653,0.65771735,0.65681010,0.65696979
2025-07-28 14:00:00,0.65694821,0.65707338,0.65645659,0.65681875
2025-07-28 15:00:00,0.65681010,0.65693092,0.65625840,0.65659016
2025-07-28 16:00:00,0.65646946,0.65660745,0.65490890,0.65514910
2025-07-28 17:00:00,0.65517062,0.65547985,0.65249872,0.65261799
2025-07-28 18:00:00,0.65256685,0.65299726,0.65179700,0.65240932
2025-07-28 19:00:00,0.65241784,0.65303993,0.65223062,0.65267760
2025-07-28 20:00:00,0.65275854,0.65355206,0.65261799,0.65284806
2025-07-28 21:00:00,0.65276706,0.65323609,0.65244764,0.65310818
2025-07-28 22:00:00,0.65322763,0.65350932,0.65275854,0.65350932
2025-07-28 23:00:00,0.65357769,0.65385121,0.65183097,0.65195000
2025-07-29 00:00:00,0.65186071,0.65333855,0.65186071,0.65299726
2025-07-29 01:00:00,0.65288645,0.65299726,0.65181822,0.65189898
2025-07-29 02:00:00,0.65193725,0.65202653,0.65149975,0.65189046
2025-07-29 03:00:00,0.65188622,0.65206903,0.65153795,0.65162706
2025-07-29 04:00:00,0.65165687,0.65201801,0.65151674,0.65181822
2025-07-29 05:00:00,0.65186924,0.65232849,0.65167809,0.65232849
2025-07-29 06:00:00,0.65235829,0.65256685,0.65210730,0.65221786
2025-07-29 07:00:00,0.65240085,0.65265632,0.65193295,0.65261370
2025-07-29 08:00:00,0.65240085,0.65284806,0.65240085,0.65283954
2025-07-29 09:00:00,0.65289068,0.65292054,0.65231574,0.65244764
2025-07-29 10:00:00,0.65226889,0.65226889,0.65134698,0.65152949
2025-07-29 11:00:00,0.65155065,0.65273726,0.65155065,0.65235829
2025-07-29 12:00:00,0.65227741,0.65316784,0.65227741,0.65306979
2025-07-29 13:00:00,0.65297592,0.65308255,0.65189898,0.65217108
2025-07-29 14:00:00,0.65215832,0.65261370,0.65189898,0.65248168
2025-07-29 15:00:00,0.65249020,0.65286934,0.65234125,0.65270740
2025-07-29 16:00:00,0.65264779,0.65308255,0.65067738,0.65067738
2025-07-29 17:00:00,0.65072817,0.65099925,0.65012741,0.65057999
2025-07-29 18:00:00,0.65049958,0.65172052,0.65018660,0.65161866
2025-07-29 19:00:00,0.65180975,0.65214550,0.65147007,0.65151674
2025-07-29 20:00:00,0.65142763,0.65197551,0.65112644,0.65116036
2025-07-29 21:00:00,0.65105861,0.65114766,0.64991611,0.65001756
2025-07-29 22:00:00,0.64996684,0.65042770,0.64979792,0.65009785
2025-07-29 23:00:00,0.65007669,0.65116888,0.64989924,0.65107983
2025-07-30 00:00:00,0.65134698,0.65134698,0.64992881,0.65091872
2025-07-30 01:00:00,0.65074933,0.65124947,0.65054613,0.65090609
2025-07-30 02:00:00,0.65093994,0.65150827,0.65077895,0.65117729
2025-07-30 03:00:00,0.65109682,0.65200096,0.65109682,0.65141910
2025-07-30 04:00:00,0.65144032,0.65180975,0.65123671,0.65175879
2025-07-30 05:00:00,0.65180975,0.65193295,0.65141064,0.65147853
2025-07-30 06:00:00,0.65152097,0.65169930,0.65113068,0.65121126
2025-07-30 07:00:00,0.65112644,0.65173751,0.65112644,0.65150827
2025-07-30 08:00:00,0.65164834,0.65180129,0.65138096,0.65159738
2025-07-30 09:00:00,0.65159738,0.65159738,0.65121126,0.65155917
2025-07-30 10:00:00,0.65161014,0.65278411,0.65148699,0.65272874
2025-07-30 11:00:00,0.65281820,0.65303564,0.65074509,0.65186924
2025-07-30 12:00:00,0.65178853,0.65223062,0.65156770,0.65207750
2025-07-30 13:00:00,0.65209025,0.65243918,0.65167809,0.65203923
2025-07-30 14:00:00,0.65212858,0.65212858,0.65120703,0.65126640
2025-07-30 15:00:00,0.65119004,0.65185648,0.65094846,0.65147007
2025-07-30 16:00:00,0.65142763,0.65163988,0.65093148,0.65122819
2025-07-30 17:00:00,0.65110946,0.65148699,0.65036845,0.65036845
2025-07-30 18:00:00,0.65053767,0.65069848,0.64984012,0.65041918
2025-07-30 19:00:00,0.65038961,0.65053344,0.64977682,0.65017813
2025-07-30 20:00:00,0.65018660,0.65022886,0.64926630,0.64933801
2025-07-30 21:00:00,0.64927053,0.64935905,0.64869773,0.64897984
2025-07-30 22:00:00,0.64898819,0.64905566,0.64678866,0.64692676
2025-07-30 23:00:00,0.64680964,0.64683890,0.64513630,0.64567780
2025-07-31 00:00:00,0.64584047,0.64630795,0.64564031,0.64620775
2025-07-31 01:00:00,0.64623696,0.64628708,0.64502811,0.64522791
2025-07-31 02:00:00,0.64528620,0.64582795,0.64516962,0.64582795
2025-07-31 03:00:00,0.64583629,0.64676780,0.64581960,0.64661723
2025-07-31 04:00:00,0.64695609,0.64722824,0.64344686,0.64344686
2025-07-31 05:00:00,0.64334744,0.64367872,0.64283878,0.64324814
2025-07-31 06:00:00,0.64331847,0.64408922,0.64331847,0.64358348
2025-07-31 07:00:00,0.64366633,0.64412653,0.64362490,0.64387357
2025-07-31 08:00:00,0.64403939,0.64502811,0.64403939,0.64502811
2025-07-31 09:00:00,0.64465803,0.64522791,0.64445448,0.64488667
2025-07-31 10:00:00,0.64475781,0.64487010,0.64432991,0.64447939
2025-07-31 11:00:00,0.64449602,0.64539862,0.64353788,0.64539862
2025-07-31 12:00:00,0.64538610,0.64578629,0.64494908,0.64550692
2025-07-31 13:00:00,0.64561945,0.64586967,0.64511967,0.64582795
2025-07-31 14:00:00,0.64586967,0.64698958,0.64545280,0.64698958
2025-07-31 15:00:00,0.64701885,0.64716959,0.64650017,0.64698958
2025-07-31 16:00:00,0.64697701,0.64779425,0.64691842,0.64740008
2025-07-31 17:00:00,0.64740008,0.64740008,0.64617014,0.64666736
2025-07-31 18:00:00,0.64660048,0.64662141,0.64559031,0.64594895
2025-07-31 19:00:00,0.64593637,0.64593637,0.64499903,0.64501977
2025-07-31 20:00:00,0.64514047,0.64520288,0.64384872,0.64406848
2025-07-31 21:00:00,0.64402699,0.64493662,0.64397722,0.64481598
2025-07-31 22:00:00,0.64473701,0.64499485,0.64375746,0.64418048
2025-07-31 23:00:00,0.64406848,0.64451677,0.64323986,0.64358765
2025-08-01 00:00:00,0.64372849,0.64445448,0.64343852,0.64409751
2025-08-01 01:00:00,0.64408922,0.64425105,0.64304549,0.64314884
2025-08-01 02:00:00,0.64307857,0.64366633,0.64289665,0.64342612
2025-08-01 03:00:00,0.64336818,0.64354205,0.64263636,0.64276850
2025-08-01 04:00:00,0.64282638,0.64354205,0.64261979,0.64334744
2025-08-01 05:00:00,0.64343023,0.64366633,0.64279747,0.64289665
2025-08-01 06:00:00,0.64276850,0.64314884,0.64262807,0.64262807
2025-08-01 07:00:00,0.64279747,0.64321089,0.64254963,0.64283878
2025-08-01 08:00:00,0.64267355,0.64335990,0.64238453,0.64279747
2025-08-01 09:00:00,0.64292145,0.64351720,0.64279747,0.64297932
2025-08-01 10:00:00,0.64291728,0.64361662,0.64246708,0.64334744
2025-08-01 11:00:00,0.64326888,0.64408922,0.64283878,0.64312816
2025-08-01 12:00:00,0.64317781,0.64340955,0.64286774,0.64310747
2025-08-01 13:00:00,0.64315712,0.64424688,0.64315712,0.64378649
2025-08-01 14:00:00,0.64367872,0.64403939,0.64363730,0.64376992
2025-08-01 15:00:00,0.64364976,0.64404768,0.64356691,0.64367872
2025-08-01 16:00:00,0.64374918,0.64401871,0.64300001,0.64348823
2025-08-01 17:00:00,0.64355862,0.64358348,0.64286774,0.64311993
2025-08-01 18:00:00,0.64312816,0.64341784,0.64246708,0.64247942
2025-08-01 19:00:00,0.64247942,0.64272720,0.64209992,0.64229786
2025-08-01 20:00:00,0.64228964,0.64308685,0.64224839,0.64269000
2025-08-01 21:00:00,0.64267766,0.64350891,0.64256614,0.64256614
2025-08-01 22:00:00,0.64250010,0.64896715,0.64213705,0.64863884
2025-08-01 23:00:00,0.64882821,0.64960796,0.64638734,0.64702725
2025-08-02 00:00:00,0.64745873,0.64813018,0.64612001,0.64637899
2025-08-02 01:00:00,0.64631629,0.64720732,0.64545697,0.64691842
2025-08-02 02:00:00,0.64676780,0.64692676,0.64557779,0.64569032
2025-08-02 03:00:00,0.64564866,0.64564866,0.64397722,0.64487839
2025-08-02 04:00:00,0.64494908,0.64584881,0.64426762,0.64426762
2025-08-02 05:00:00,0.64428842,0.64650851,0.64421779,0.64599901
2025-08-02 06:00:00,0.64600730,0.64799994,0.64600730,0.64716542
2025-08-02 07:00:00,0.64741683,0.64741683,0.64741683,0.64741683
2025-08-04 09:00:00,0.64688909,0.64760965,0.64660048,0.64715701
2025-08-04 10:00:00,0.64719892,0.64771032,0.64647090,0.64745873
2025-08-04 11:00:00,0.64747965,0.64855045,0.64700627,0.64847058
2025-08-04 12:00:00,0.64856732,0.64856732,0.64779848,0.64792013
2025-08-04 13:00:00,0.64795792,0.64855045,0.64795792,0.64842433
2025-08-04 14:00:00,0.64830661,0.64884502,0.64830661,0.64839071
2025-08-04 15:00:00,0.64829820,0.64863461,0.64809656,0.64834023
2025-08-04 16:00:00,0.64818054,0.64873981,0.64762640,0.64829820
2025-08-04 17:00:00,0.64826882,0.64871877,0.64733714,0.64766836
2025-08-04 18:00:00,0.64758867,0.64796215,0.64711094,0.64796215
2025-08-04 19:00:00,0.64797056,0.64884502,0.64773971,0.64787823
2025-08-04 20:00:00,0.64784878,0.64821416,0.64720732,0.64808816
2025-08-04 21:00:00,0.64807975,0.64851683,0.64784044,0.64834869
2025-08-04 22:00:00,0.64842016,0.64892924,0.64810079,0.64831924
2025-08-04 23:00:00,0.64818895,0.64913988,0.64818895,0.64836544
2025-08-05 00:00:00,0.64842016,0.64895034,0.64727855,0.64736646
2025-08-05 01:00:00,0.64733714,0.64750063,0.64644587,0.64665908
2025-08-05 02:00:00,0.64671761,0.64691424,0.64628708,0.64660048
2025-08-05 03:00:00,0.64656705,0.64670503,0.64619935,0.64638734
2025-08-05 04:00:00,0.64642912,0.64674687,0.64612842,0.64615762
2025-08-05 05:00:00,0.64626616,0.64680964,0.64614928,0.64662981
2025-08-05 06:00:00,0.64663810,0.64737910,0.64655864,0.64695609
2025-08-05 07:00:00,0.64691424,0.64800411,0.64666325,0.64699793
2025-08-05 08:00:00,0.64708167,0.64756775,0.64708167,0.64745033
2025-08-05 09:00:00,0.64753842,0.64777744,0.64720732,0.64765996
2025-08-05 10:00:00,0.64771873,0.64813018,0.64701885,0.64741683
2025-08-05 11:00:00,0.64746714,0.64762640,0.64658797,0.64667994
2025-08-05 12:00:00,0.64665908,0.64665908,0.64599901,0.64628708
2025-08-05 13:00:00,0.64625788,0.64645416,0.64557779,0.64574456
2025-08-05 14:00:00,0.64554030,0.64678866,0.64554030,0.64666325
2025-08-05 15:00:00,0.64657962,0.64657962,0.64594895,0.64616179
2025-08-05 16:00:00,0.64606577,0.64729947,0.64599901,0.64628708
2025-08-05 17:00:00,0.64619935,0.64733297,0.64560694,0.64613676
2025-08-05 18:00:00,0.64612001,0.64616597,0.64525706,0.64546943
2025-08-05 19:00:00,0.64547777,0.64632887,0.64540696,0.64597815
2025-08-05 20:00:00,0.64592808,0.64632052,0.64572787,0.64593637
2025-08-05 21:00:00,0.64580709,0.64620775,0.64550692,0.64614928
2025-08-05 22:00:00,0.64613676,0.64695609,0.64597815,0.64666736
2025-08-05 23:00:00,0.64674687,0.64762640,0.64635807,0.64674687
2025-08-06 00:00:00,0.64742100,0.64742100,0.64569867,0.64631629
2025-08-06 01:00:00,0.64632052,0.64724922,0.64632052,0.64720732
2025-08-06 02:00:00,0.64722824,0.64800411,0.64708167,0.64773136
2025-08-06 03:00:00,0.64763904,0.64804614,0.64758033,0.64775229
2025-08-06 04:00:00,0.64771032,0.64775229,0.64689749,0.64699793
2025-08-06 05:00:00,0.64703977,0.64725757,0.64683050,0.64709842
2025-08-06 06:00:00,0.64706910,0.64771032,0.64704818,0.64745873
2025-08-06 07:00:00,0.64741683,0.64745873,0.64653778,0.64716542
2025-08-06 08:00:00,0.64733297,0.64745873,0.64703977,0.64740843
2025-08-06 09:00:00,0.64737910,0.64776909,0.64716542,0.64741683
2025-08-06 10:00:00,0.64742941,0.64838231,0.64742941,0.64800411
2025-08-06 11:00:00,0.64797896,0.64813852,0.64734977,0.64804614
2025-08-06 12:00:00,0.64800835,0.64871037,0.64788657,0.64850843
2025-08-06 13:00:00,0.64853787,0.64928740,0.64853787,0.64905566
2025-08-06 14:00:00,0.64905143,0.64973032,0.64905143,0.64949828
2025-08-06 15:00:00,0.64956152,0.64956152,0.64865983,0.64885771
2025-08-06 16:00:00,0.64883667,0.64944762,0.64883667,0.64925790
2025-08-06 17:00:00,0.64911884,0.64974725,0.64891660,0.64965016
2025-08-06 18:00:00,0.64957845,0.64960372,0.64892924,0.64925790
2025-08-06 19:00:00,0.64927900,0.64968818,0.64924943,0.64944762
2025-08-06 20:00:00,0.64934647,0.65082979,0.64927900,0.65064776
2025-08-06 21:00:00,0.65057999,0.65092725,0.65019929,0.65063924
2025-08-06 22:00:00,0.65074933,0.65074933,0.64976835,0.65051651
2025-08-06 23:00:00,0.65052921,0.65095687,0.65014011,0.65025848
2025-08-07 00:00:00,0.65011895,0.65027964,0.64911884,0.64953625
2025-08-07 01:00:00,0.64949828,0.65057576,0.64938861,0.65049112
2025-08-07 02:00:00,0.65045726,0.65061814,0.64994574,0.65002596
2025-08-07 03:00:00,0.65009785,0.65087217,0.65009785,0.65057576
2025-08-07 04:00:00,0.65055883,0.65103740,0.65055883,0.65070277
2025-08-07 05:00:00,0.65069008,0.65078747,0.65046996,0.65053344
2025-08-07 06:00:00,0.65055883,0.65071970,0.65023732,0.65053344
2025-08-07 07:00:00,0.65049112,0.65074509,0.65023732,0.65032190
2025-08-07 08:00:00,0.65057576,0.65091872,0.65049112,0.65081710
2025-08-07 09:00:00,0.65066886,0.65090609,0.65015280,0.65022886
2025-08-07 10:00:00,0.65023732,0.65036845,0.64985704,0.64985704
2025-08-07 11:00:00,0.64984858,0.65159738,0.64977682,0.65119851
2025-08-07 12:00:00,0.65120703,0.65150827,0.65065616,0.65078747
2025-08-07 13:00:00,0.65073663,0.65135974,0.65047842,0.65131730
2025-08-07 14:00:00,0.65132999,0.65193295,0.65128762,0.65184796
2025-08-07 15:00:00,0.65181822,0.65193295,0.65134698,0.65187776
2025-08-07 16:00:00,0.65193725,0.65286934,0.65183097,0.65252000
2025-08-07 17:00:00,0.65246898,0.65393674,0.65237105,0.65389824
2025-08-07 18:00:00,0.65394098,0.65427041,0.65292907,0.65325749
2025-08-07 19:00:00,0.65334707,0.65334707,0.65257537,0.65258819
2025-08-07 20:00:00,0.65256685,0.65295887,0.65241784,0.65295464
2025-08-07 21:00:00,0.65292907,0.65334707,0.65195000,0.65240085
2025-08-07 22:00:00,0.65235829,0.65303993,0.65220088,0.65269893
2025-08-07 23:00:00,0.65267760,0.65318066,0.65178001,0.65189046
2025-08-08 00:00:00,0.65180975,0.65196699,0.64972615,0.64977258
2025-08-08 01:00:00,0.64976835,0.65036845,0.64927900,0.65023732
2025-08-08 02:00:00,0.65025002,0.65061814,0.64994997,0.65033883
2025-08-08 03:00:00,0.65038961,0.65061814,0.65002596,0.65036845
2025-08-08 04:00:00,0.65037692,0.65057576,0.64977258,0.65003866
2025-08-08 05:00:00,0.65006822,0.65179700,0.64985704,0.65179700
2025-08-08 06:00:00,0.65201801,0.65295035,0.65201801,0.65261370
2025-08-08 07:00:00,0.65244341,0.65244341,0.65155065,0.65235829
2025-08-08 08:00:00,0.65269893,0.65301001,0.65252852,0.65283102
2025-08-08 09:00:00,0.65264779,0.65312093,0.65264779,0.65275854
2025-08-08 10:00:00,0.65276706,0.65283954,0.65204775,0.65234977
2025-08-08 11:00:00,0.65243918,0.65257114,0.65135974,0.65184796
2025-08-08 12:00:00,0.65202653,0.65261370,0.65179700,0.65248597
2025-08-08 13:00:00,0.65237957,0.65246040,0.65195853,0.65232849
2025-08-08 14:00:00,0.65229869,0.65260947,0.65221786,0.65240085
2025-08-08 15:00:00,0.65243918,0.65252852,0.65180975,0.65201801
2025-08-08 16:00:00,0.65197974,0.65278411,0.65197974,0.65265632
2025-08-08 17:00:00,0.65267760,0.65359479,0.65267760,0.65321052
2025-08-08 18:00:00,0.65313798,0.65368021,0.65192872,0.65218806
2025-08-08 19:00:00,0.65214980,0.65262651,0.65193725,0.65257114
2025-08-08 20:00:00,0.65246040,0.65286934,0.65229869,0.65269893
2025-08-08 21:00:00,0.65265632,0.65283102,0.65232849,0.65240085
2025-08-08 22:00:00,0.65237957,0.65257114,0.65161866,0.65187776
2025-08-08 23:00:00,0.65189898,0.65299726,0.65189898,0.65278834
2025-08-09 00:00:00,0.65266907,0.65301001,0.65231997,0.65260094
2025-08-09 01:00:00,0.65256685,0.65329587,0.65256685,0.65287787
2025-08-09 02:00:00,0.65287787,0.65312946,0.65255833,0.65272021
2025-08-09 03:00:00,0.65271592,0.65342391,0.65254986,0.65299726
2025-08-09 04:00:00,0.65284806,0.65328735,0.65269893,0.65309107
2025-08-09 05:00:00,0.65307832,0.65307832,0.65223914,0.65243918
2025-08-09 06:00:00,0.65247750,0.65255833,0.65214550,0.65235829
2025-08-09 07:00:00,0.65286934,0.65286934,0.65286934,0.65286934
2025-08-11 09:00:00,0.65252000,0.65252000,0.65189046,0.65190750
2025-08-11 10:00:00,0.65185648,0.65215832,0.65156770,0.65182674
2025-08-11 11:00:00,0.65176731,0.65252852,0.65155917,0.65232849
2025-08-11 12:00:00,0.65252852,0.65269893,0.65226036,0.65252000
2025-08-11 13:00:00,0.65257114,0.65291196,0.65216684,0.65277988
2025-08-11 14:00:00,0.65282673,0.65304840,0.65256685,0.65266907
2025-08-11 15:00:00,0.65259665,0.65278411,0.65235829,0.65266907
2025-08-11 16:00:00,0.65269893,0.65300155,0.65252000,0.65257967
2025-08-11 17:00:00,0.65254986,0.65254986,0.65156770,0.65176731
2025-08-11 18:00:00,0.65170777,0.65249872,0.65162706,0.65227741
2025-08-11 19:00:00,0.65221786,0.65240085,0.65175879,0.65200949
2025-08-11 20:00:00,0.65206051,0.65248597,0.65196699,0.65231997
2025-08-11 21:00:00,0.65220934,0.65227318,0.65093994,0.65130883
2025-08-11 22:00:00,0.65145731,0.65150827,0.65033883,0.65081710
2025-08-11 23:00:00,0.65082979,0.65150827,0.65061814,0.65119851
2025-08-12 00:00:00,0.65134698,0.65134698,0.65030921,0.65069848
2025-08-12 01:00:00,0.65068585,0.65150827,0.65045726,0.65132999
2025-08-12 02:00:00,0.65141910,0.65184796,0.65119851,0.65138942
2025-08-12 03:00:00,0.65139794,0.65159315,0.65087640,0.65155917
2025-08-12 04:00:00,0.65153795,0.65180552,0.65138942,0.65167809
2025-08-12 05:00:00,0.65165687,0.65167809,0.65097809,0.65127063
2025-08-12 06:00:00,0.65125787,0.65189046,0.65122819,0.65144879
2025-08-12 07:00:00,0.65129608,0.65167809,0.65129608,0.65150827
2025-08-12 08:00:00,0.65167809,0.65172905,0.65138096,0.65155065
2025-08-12 09:00:00,0.65161014,0.65179700,0.65155065,0.65158886
2025-08-12 10:00:00,0.65161014,0.65235829,0.65159315,0.65196699
2025-08-12 11:00:00,0.65189898,0.65214980,0.65122819,0.65178853
2025-08-12 12:00:00,0.65184796,0.65252852,0.65182674,0.65247750
2025-08-12 13:00:00,0.65252000,0.65274155,0.65209025,0.65209025
2025-08-12 14:00:00,0.65187776,0.65210307,0.65071547,0.65171629
2025-08-12 15:00:00,0.65183949,0.65184796,0.64966702,0.64996684
2025-08-12 16:00:00,0.65014857,0.65061814,0.64975572,0.64989924
2025-08-12 17:00:00,0.64989924,0.65061814,0.64989924,0.65038115
2025-08-12 18:00:00,0.65036845,0.65042770,0.64917779,0.64943922
2025-08-12 19:00:00,0.64954048,0.64973032,0.64903879,0.64921576
2025-08-12 20:00:00,0.64915675,0.64973032,0.64907670,0.64907670
2025-08-12 21:00:00,0.64905983,0.64909780,0.64837807,0.64872724
2025-08-12 22:00:00,0.64886612,0.65135974,0.64869773,0.65073663
2025-08-12 23:00:00,0.65050805,0.65163136,0.64930850,0.65055883
2025-08-13 00:00:00,0.65070701,0.65189046,0.65044880,0.65178853
2025-08-13 01:00:00,0.65178853,0.65433890,0.65177572,0.65338975
2025-08-13 02:00:00,0.65327877,0.65372294,0.65291625,0.65331721
2025-08-13 03:00:00,0.65301001,0.65333855,0.65289921,0.65326601
2025-08-13 04:00:00,0.65316784,0.65359908,0.65302712,0.65313798
2025-08-13 05:00:00,0.65322763,0.65338123,0.65293753,0.65313798
2025-08-13 06:00:00,0.65316784,0.65337700,0.65306550,0.65325749
2025-08-13 07:00:00,0.65299726,0.65329587,0.65265632,0.65308255
2025-08-13 08:00:00,0.65325320,0.65337700,0.65295464,0.65321052
2025-08-13 09:00:00,0.65309960,0.65347946,0.65308255,0.65320623
2025-08-13 10:00:00,0.65321052,0.65330869,0.65260947,0.65272021
2025-08-13 11:00:00,0.65290773,0.65299726,0.65189898,0.65217960
2025-08-13 12:00:00,0.65220934,0.65338123,0.65209025,0.65309960
2025-08-13 13:00:00,0.65301859,0.65327024,0.65290773,0.65307832
2025-08-13 14:00:00,0.65306979,0.65362042,0.65294611,0.65334707
2025-08-13 15:00:00,0.65336847,0.65338123,0.65298021,0.65323609
2025-08-13 16:00:00,0.65333855,0.65483600,0.65310818,0.65454876
2025-08-13 17:00:00,0.65452737,0.65565169,0.65452737,0.65526932
2025-08-13 18:00:00,0.65514910,0.65565169,0.65499896,0.65515774
2025-08-13 19:00:00,0.65520924,0.65641779,0.65520924,0.65634024
2025-08-13 20:00:00,0.65643072,0.65646946,0.65563023,0.65572912
2025-08-13 21:00:00,0.65560871,0.65578926,0.65511906,0.65569901
2025-08-13 22:00:00,0.65569043,0.65582377,0.65440744,0.65466875
2025-08-13 23:00:00,0.65471590,0.65517920,0.65439034,0.65514058
2025-08-14 00:00:00,0.65502042,0.65603882,0.65475023,0.65546691
2025-08-14 01:00:00,0.65542823,0.65544969,0.65445024,0.65460020
2025-08-14 02:00:00,0.65454876,0.65505046,0.65452737,0.65457022
2025-08-14 03:00:00,0.65462160,0.65467733,0.65423620,0.65424901
2025-08-14 04:00:00,0.65418911,0.65436459,0.65408641,0.65428752
2025-08-14 05:00:00,0.65430897,0.65464735,0.65419769,0.65455735
2025-08-14 06:00:00,0.65460879,0.65503752,0.65458733,0.65470731
2025-08-14 07:00:00,0.65479308,0.65487885,0.65449309,0.65466446
2025-08-14 08:00:00,0.65462160,0.65488738,0.65449309,0.65483600
2025-08-14 09:00:00,0.65491748,0.65543687,0.65483600,0.65532947
2025-08-14 10:00:00,0.65533805,0.65575922,0.65520066,0.65553999
2025-08-14 11:00:00,0.65549701,0.65698707,0.65547985,0.65672821
2025-08-14 12:00:00,0.65668941,0.65672821,0.65553564,0.65595275
2025-08-14 13:00:00,0.65587962,0.65587962,0.65493888,0.65498608
2025-08-14 14:00:00,0.65498608,0.65550131,0.65477592,0.65530801
2025-08-14 15:00:00,0.65526932,0.65552276,0.65478879,0.65508044
2025-08-14 16:00:00,0.65511906,0.65535092,0.65382129,0.65382129
2025-08-14 17:00:00,0.65386826,0.65449309,0.65309960,0.65337700
2025-08-14 18:00:00,0.65350932,0.65399659,0.65270740,0.65272874
2025-08-14 19:00:00,0.65266907,0.65355206,0.65266907,0.65295887
2025-08-14 20:00:00,0.65299726,0.65338123,0.65273726,0.65287787
2025-08-14 21:00:00,0.65293753,0.65315080,0.65237957,0.65258819
2025-08-14 22:00:00,0.65268612,0.65275002,0.65053767,0.65071970
2025-08-14 23:00:00,0.65064776,0.65069008,0.64935905,0.64935905
2025-08-15 00:00:00,0.64946872,0.65082979,0.64912724,0.65034729
2025-08-15 01:00:00,0.65041918,0.65044880,0.64871877,0.64903033
2025-08-15 02:00:00,0.64897984,0.64922416,0.64850003,0.64895874
2025-08-15 03:00:00,0.64901775,0.64964598,0.64901775,0.64941812
2025-08-15 04:00:00,0.64943922,0.64977258,0.64919889,0.64965016
2025-08-15 05:00:00,0.64970082,0.65015703,0.64968818,0.65011895
2025-08-15 06:00:00,0.64999640,0.65026695,0.64970082,0.64970082
2025-08-15 07:00:00,0.64897138,0.65019506,0.64897138,0.65019506
2025-08-15 08:00:00,0.64989924,0.65042770,0.64985704,0.65002596
2025-08-15 09:00:00,0.65014857,0.65020776,0.64985704,0.65000063
2025-08-15 10:00:00,0.64995837,0.65011895,0.64953625,0.64994574
2025-08-15 11:00:00,0.64987814,0.65032190,0.64938015,0.64985704
2025-08-15 12:00:00,0.64998376,0.65006822,0.64897984,0.64993727
2025-08-15 13:00:00,0.64994997,0.65066886,0.64994997,0.65040648
2025-08-15 14:00:00,0.65042770,0.65054613,0.65001756,0.65025848
2025-08-15 15:00:00,0.65021616,0.65061814,0.65017813,0.65055037
2025-08-15 16:00:00,0.65048689,0.65112644,0.65014857,0.65091032
2025-08-15 17:00:00,0.65088063,0.65155065,0.65088063,0.65152097
2025-08-15 18:00:00,0.65155917,0.65163559,0.65107983,0.65111798
2025-08-15 19:00:00,0.65116036,0.65130883,0.65060961,0.65081710
2025-08-15 20:00:00,0.65078747,0.65155065,0.65075785,0.65145731
2025-08-15 21:00:00,0.65155065,0.65180552,0.65127063,0.65151674
2025-08-15 22:00:00,0.65141910,0.65201801,0.65084672,0.65176731
2025-08-15 23:00:00,0.65183949,0.65231574,0.65134698,0.65206051
2025-08-16 00:00:00,0.65223914,0.65240932,0.65170777,0.65221786
2025-08-16 01:00:00,0.65220934,0.65244341,0.65144879,0.65147007
2025-08-16 02:00:00,0.65148699,0.65163559,0.65111798,0.65130883
2025-08-16 03:00:00,0.65128762,0.65129608,0.65072817,0.65093994
2025-08-16 04:00:00,0.65089756,0.65099925,0.65049958,0.65078747
2025-08-16 05:00:00,0.65069008,0.65107131,0.65059692,0.65100777
2025-08-16 06:00:00,0.65095687,0.65141910,0.65094846,0.65110946
2025-08-16 07:00:00,0.65091455,0.65091455,0.65091455,0.65091455
2025-08-16 08:00:00,0.65146583,0.65146583,0.65146583,0.65146583
2025-08-18 09:00:00,0.65146583,0.65146583,0.65112644,0.65146583
2025-08-18 10:00:00,0.65129608,0.65193295,0.65129608,0.65150827
2025-08-18 11:00:00,0.65167809,0.65231574,0.65155065,0.65231574
2025-08-18 12:00:00,0.65227318,0.65227318,0.65146583,0.65167809
2025-08-18 13:00:00,0.65172052,0.65223062,0.65172052,0.65223062
2025-08-18 14:00:00,0.65244341,0.65244341,0.65206051,0.65227318
2025-08-18 15:00:00,0.65231574,0.65248597,0.65206051,0.65214550
2025-08-18 16:00:00,0.65223062,0.65223062,0.65129608,0.65138096
2025-08-18 17:00:00,0.65146583,0.65189046,0.65138096,0.65146583
2025-08-18 18:00:00,0.65125364,0.65201801,0.65091455,0.65176302
2025-08-18 19:00:00,0.65180552,0.65197551,0.65138096,0.65146583
2025-08-18 20:00:00,0.65150827,0.65167809,0.65129608,0.65133852
2025-08-18 21:00:00,0.65129608,0.65150827,0.65112644,0.65112644
2025-08-18 22:00:00,0.65112644,0.65133852,0.65082979,0.65095687
2025-08-18 23:00:00,0.65095687,0.65095687,0.65032190,0.65032190
2025-08-19 00:00:00,0.65019506,0.65049112,0.64863461,0.64892924
2025-08-19 01:00:00,0.64884502,0.64956152,0.64842433,0.64947718
2025-08-19 02:00:00,0.64939284,0.64964598,0.64909780,0.64913988
2025-08-19 03:00:00,0.64930850,0.64956152,0.64913988,0.64926630
2025-08-19 04:00:00,0.64909780,0.64939284,0.64909780,0.64926630
2025-08-19 05:00:00,0.64930850,0.64973032,0.64930850,0.64968818
2025-08-19 06:00:00,0.64973032,0.64973032,0.64935064,0.64935064
2025-08-19 07:00:00,0.64968818,0.64998376,0.64947718,0.64947718
2025-08-19 08:00:00,0.64951932,0.64981478,0.64951932,0.64960372
2025-08-19 09:00:00,0.64951932,0.64973032,0.64922416,0.64964598
2025-08-19 10:00:00,0.64973032,0.64985704,0.64939284,0.64947718
2025-08-19 11:00:00,0.64964598,0.64973032,0.64880294,0.64918202
2025-08-19 12:00:00,0.64897138,0.64935064,0.64888716,0.64926630
2025-08-19 13:00:00,0.64943498,0.64956152,0.64897138,0.64897138
2025-08-19 14:00:00,0.64897138,0.64918202,0.64888716,0.64909780
2025-08-19 15:00:00,0.64926630,0.64939284,0.64834023,0.64834023
2025-08-19 16:00:00,0.64792013,0.64922416,0.64792013,0.64922416
2025-08-19 17:00:00,0.64939284,0.64977258,0.64855045,0.64880294
2025-08-19 18:00:00,0.64888716,0.64888716,0.64829820,0.64867669
2025-08-19 19:00:00,0.64876091,0.64918202,0.64876091,0.64909780
2025-08-19 20:00:00,0.64918202,0.64968818,0.64905566,0.64913988
2025-08-19 21:00:00,0.64926630,0.64956152,0.64905566,0.64951932
2025-08-19 22:00:00,0.64951932,0.64964598,0.64863461,0.64871877
2025-08-19 23:00:00,0.64863461,0.64863461,0.64779425,0.64804614
2025-08-20 00:00:00,0.64808816,0.64813018,0.64666325,0.64678866
2025-08-20 01:00:00,0.64657962,0.64670503,0.64612001,0.64612001
2025-08-20 02:00:00,0.64624530,0.64649600,0.64582795,0.64591140
2025-08-20 03:00:00,0.64578629,0.64620358,0.64574456,0.64607835
2025-08-20 04:00:00,0.64595312,0.64595312,0.64524454,0.64536947
2025-08-20 05:00:00,0.64532781,0.64561945,0.64520288,0.64549440
2025-08-20 06:00:00,0.64557779,0.64561945,0.64549440,0.64557779
2025-08-20 07:00:00,0.64616179,0.64616179,0.64570284,0.64570284
2025-08-20 08:00:00,0.64557779,0.64578629,0.64557779,0.64566118
2025-08-20 09:00:00,0.64561945,0.64566118,0.64532781,0.64557779
2025-08-20 10:00:00,0.64553612,0.64557779,0.64478689,0.64536947
2025-08-20 11:00:00,0.64557779,0.64557779,0.64466220,0.64495325
2025-08-20 12:00:00,0.64449602,0.64478689,0.64325231,0.64383209
2025-08-20 13:00:00,0.64383209,0.64432991,0.64345920,0.64345920
2025-08-20 14:00:00,0.64354205,0.64470375,0.64354205,0.64457911
2025-08-20 15:00:00,0.64449602,0.64507806,0.64432991,0.64507806
2025-08-20 16:00:00,0.64491165,0.64491165,0.64412236,0.64453757
2025-08-20 17:00:00,0.64474535,0.64474535,0.64387357,0.64428842
2025-08-20 18:00:00,0.64441293,0.64441293,0.64279747,0.64358348
2025-08-20 19:00:00,0.64370775,0.64387357,0.64341784,0.64387357
2025-08-20 20:00:00,0.64379060,0.64387357,0.64350063,0.64362490
2025-08-20 21:00:00,0.64362490,0.64387357,0.64337647,0.64337647
2025-08-20 22:00:00,0.64358348,0.64499485,0.64358348,0.64462060
2025-08-20 23:00:00,0.64453757,0.64457911,0.64296275,0.64296275
2025-08-21 00:00:00,0.64325231,0.64341784,0.64263225,0.64321089
2025-08-21 01:00:00,0.64325231,0.64408088,0.64283878,0.64292145
2025-08-21 02:00:00,0.64304549,0.64379060,0.64304549,0.64366633
2025-08-21 03:00:00,0.64374918,0.64408088,0.64370775,0.64408088
2025-08-21 04:00:00,0.64387357,0.64387357,0.64321089,0.64337647
2025-08-21 05:00:00,0.64333504,0.64387357,0.64333504,0.64354205
2025-08-21 06:00:00,0.64345920,0.64366633,0.64321089,0.64354205
2025-08-21 07:00:00,0.64341784,0.64366633,0.64325231,0.64350063
2025-08-21 08:00:00,0.64366633,0.64374918,0.64350063,0.64358348
2025-08-21 09:00:00,0.64366633,0.64374918,0.64337647,0.64374918
2025-08-21 10:00:00,0.64374918,0.64383209,0.64279747,0.64296275
2025-08-21 11:00:00,0.64300412,0.64362490,0.64254963,0.64337647
2025-08-21 12:00:00,0.64333504,0.64337647,0.64217830,0.64217830
2025-08-21 13:00:00,0.64238453,0.64254963,0.64213705,0.64238453
2025-08-21 14:00:00,0.64230198,0.64263225,0.64217830,0.64217830
2025-08-21 15:00:00,0.64221948,0.64279747,0.64176613,0.64275616
2025-08-21 16:00:00,0.64283878,0.64292145,0.64217830,0.64238453
2025-08-21 17:00:00,0.64209580,0.64259094,0.64193088,0.64242584
2025-08-21 18:00:00,0.64242584,0.64271486,0.64217830,0.64263225
2025-08-21 19:00:00,0.64259094,0.64312816,0.64259094,0.64267355
2025-08-21 20:00:00,0.64263225,0.64308685,0.64263225,0.64308685
2025-08-21 21:00:00,0.64333504,0.64341784,0.64259094,0.64259094
2025-08-21 22:00:00,0.64234328,0.64325231,0.64213705,0.64226073
2025-08-21 23:00:00,0.64230198,0.64296275,0.64188975,0.64221948
2025-08-22 00:00:00,0.64230198,0.64325231,0.64230198,0.64275616
2025-08-22 01:00:00,0.64279747,0.64296275,0.64193088,0.64221948
2025-08-22 02:00:00,0.64193088,0.64246708,0.64180732,0.64242584
2025-08-22 03:00:00,0.64250839,0.64308685,0.64246708,0.64296275
2025-08-22 04:00:00,0.64279747,0.64312816,0.64275616,0.64279747
2025-08-22 05:00:00,0.64267355,0.64271486,0.64221948,0.64230198
2025-08-22 06:00:00,0.64242584,0.64242584,0.64213705,0.64226073
2025-08-22 07:00:00,0.64230198,0.64259094,0.64213705,0.64221948
2025-08-22 08:00:00,0.64238453,0.64275616,0.64238453,0.64259094
2025-08-22 09:00:00,0.64254963,0.64279747,0.64238453,0.64271486
2025-08-22 10:00:00,0.64300412,0.64312816,0.64242584,0.64271486
2025-08-22 11:00:00,0.64271486,0.64271486,0.64221948,0.64238453
2025-08-22 12:00:00,0.64238453,0.64321089,0.64238453,0.64288008
2025-08-22 13:00:00,0.64275616,0.64304549,0.64246708,0.64246708
2025-08-22 14:00:00,0.64254963,0.64259094,0.64205456,0.64213705
2025-08-22 15:00:00,0.64197212,0.64209580,0.64180732,0.64184856
2025-08-22 16:00:00,0.64176613,0.64238453,0.64176613,0.64205456
2025-08-22 17:00:00,0.64221948,0.64275616,0.64201337,0.64259094
2025-08-22 18:00:00,0.64263225,0.64329368,0.64254963,0.64321089
2025-08-22 19:00:00,0.64325231,0.64329368,0.64213705,0.64217830
2025-08-22 20:00:00,0.64221948,0.64226073,0.64180732,0.64201337
2025-08-22 21:00:00,0.64205456,0.64242584,0.64197212,0.64242584
2025-08-22 22:00:00,0.64250839,0.64275616,0.64242584,0.64242584
2025-08-22 23:00:00,0.64238453,0.64337647,0.64238453,0.64292145
2025-08-23 00:00:00,0.64678866,0.64960372,0.64641237,0.64947718
2025-08-23 01:00:00,0.64964598,0.65019506,0.64863461,0.64863461
2025-08-23 02:00:00,0.64884502,0.64939284,0.64871877,0.64901352
2025-08-23 03:00:00,0.64913988,0.64998376,0.64913988,0.64964598
2025-08-23 04:00:00,0.64977258,0.64985704,0.64909780,0.64909780
2025-08-23 05:00:00,0.64905566,0.64909780,0.64871877,0.64897138
2025-08-23 06:00:00,0.64901352,0.64956152,0.64901352,0.64935064
2025-08-23 07:00:00,0.64922416,0.64922416,0.64922416,0.64922416
2025-08-23 08:00:00,0.64901352,0.64901352,0.64901352,0.64901352
2025-08-25 09:00:00,0.64909780,0.64909780,0.64863461,0.64867669
2025-08-25 10:00:00,0.64871877,0.64876091,0.64825618,0.64850843
2025-08-25 11:00:00,0.64867669,0.64867669,0.64745873,0.64750063
2025-08-25 12:00:00,0.64750063,0.64829820,0.64750063,0.64829820
2025-08-25 13:00:00,0.64838231,0.64905566,0.64838231,0.64892924
2025-08-25 14:00:00,0.64892924,0.64943498,0.64892924,0.64926630
2025-08-25 15:00:00,0.64922416,0.64968818,0.64918202,0.64951932
2025-08-25 16:00:00,0.64964598,0.65066040,0.64964598,0.65040648
2025-08-25 17:00:00,0.65023732,0.65023732,0.64897138,0.64897138
2025-08-25 18:00:00,0.64913988,0.65002596,0.64913988,0.64985704
2025-08-25 19:00:00,0.64977258,0.64977258,0.64892924,0.64905566
2025-08-25 20:00:00,0.64918202,0.64935064,0.64888716,0.64922416
2025-08-25 21:00:00,0.64926630,0.65006822,0.64926630,0.65006822
2025-08-25 22:00:00,0.65011048,0.65015280,0.64943498,0.64951932
2025-08-25 23:00:00,0.64943498,0.65023732,0.64926630,0.64989924
2025-08-26 00:00:00,0.64994150,0.65061814,0.64989924,0.65023732
2025-08-26 01:00:00,0.65015280,0.65053344,0.64981478,0.64998376
2025-08-26 02:00:00,0.64994150,0.65015280,0.64977258,0.64977258
2025-08-26 03:00:00,0.64981478,0.64985704,0.64930850,0.64930850
2025-08-26 04:00:00,0.64935064,0.64939284,0.64850843,0.64850843
2025-08-26 05:00:00,0.64855045,0.64859253,0.64804614,0.64817220
2025-08-26 06:00:00,0.64817220,0.64867669,0.64817220,0.64855045
2025-08-26 07:00:00,0.64817220,0.64850843,0.64817220,0.64834023
2025-08-26 08:00:00,0.64850843,0.64859253,0.64842433,0.64855045
2025-08-26 09:00:00,0.64859253,0.64859253,0.64821416,0.64834023
2025-08-26 10:00:00,0.64825618,0.64956152,0.64817220,0.64918202
2025-08-26 11:00:00,0.64901352,0.64935064,0.64771032,0.64771032
2025-08-26 12:00:00,0.64792013,0.64867669,0.64792013,0.64829820
2025-08-26 13:00:00,0.64813018,0.64813018,0.64737487,0.64750063
2025-08-26 14:00:00,0.64745873,0.64817220,0.64745873,0.64808816
2025-08-26 15:00:00,0.64813018,0.64842433,0.64804614,0.64842433
2025-08-26 16:00:00,0.64829820,0.64859253,0.64737487,0.64821416
2025-08-26 17:00:00,0.64821416,0.64829820,0.64741683,0.64766836
2025-08-26 18:00:00,0.64758456,0.64817220,0.64758456,0.64792013
2025-08-26 19:00:00,0.64792013,0.64888716,0.64792013,0.64876091
2025-08-26 20:00:00,0.64876091,0.64901352,0.64838231,0.64863461
2025-08-26 21:00:00,0.64863461,0.64939284,0.64863461,0.64935064
2025-08-26 22:00:00,0.64935064,0.64951932,0.64876091,0.64888716
2025-08-26 23:00:00,0.64880294,0.64897138,0.64838231,0.64884502
2025-08-27 00:00:00,0.64876091,0.64973032,0.64876091,0.64964598
2025-08-27 01:00:00,0.64960372,0.65002596,0.64960372,0.64994150
2025-08-27 02:00:00,0.65002596,0.65019506,0.64977258,0.64977258
2025-08-27 03:00:00,0.64977258,0.64998376,0.64964598,0.64968818
2025-08-27 04:00:00,0.64968818,0.64977258,0.64943498,0.64973032
2025-08-27 05:00:00,0.64964598,0.64989924,0.64951932,0.64951932
2025-08-27 06:00:00,0.64956152,0.64973032,0.64943498,0.64964598
2025-08-27 07:00:00,0.64951932,0.64968818,0.64922416,0.64947718
2025-08-27 08:00:00,0.64977258,0.64989924,0.64968818,0.64985704
2025-08-27 09:00:00,0.64985704,0.64994150,0.64968818,0.64968818
2025-08-27 10:00:00,0.64973032,0.64981478,0.64939284,0.64951932
2025-08-27 11:00:00,0.64964598,0.65053344,0.64922416,0.65002596
2025-08-27 12:00:00,0.64994150,0.64994150,0.64905566,0.64930850
2025-08-27 13:00:00,0.64939284,0.64956152,0.64901352,0.64905566
2025-08-27 14:00:00,0.64901352,0.64905566,0.64859253,0.64859253
2025-08-27 15:00:00,0.64867669,0.64892924,0.64855045,0.64880294
2025-08-27 16:00:00,0.64880294,0.64922416,0.64876091,0.64892924
2025-08-27 17:00:00,0.64909780,0.64909780,0.64779425,0.64808816
2025-08-27 18:00:00,0.64800411,0.64800411,0.64666325,0.64724922
2025-08-27 19:00:00,0.64729112,0.64758456,0.64695609,0.64737487
2025-08-27 20:00:00,0.64724922,0.64724922,0.64670503,0.64687240
2025-08-27 21:00:00,0.64678866,0.64708167,0.64649600,0.64691424
2025-08-27 22:00:00,0.64699793,0.64762640,0.64687240,0.64737487
2025-08-27 23:00:00,0.64729112,0.64804614,0.64720732,0.64792013
2025-08-28 00:00:00,0.64779425,0.64871877,0.64754260,0.64871877
2025-08-28 01:00:00,0.64884502,0.64968818,0.64884502,0.64968818
2025-08-28 02:00:00,0.64973032,0.65116888,0.64968818,0.65112644
2025-08-28 03:00:00,0.65104169,0.65150827,0.65104169,0.65142339
2025-08-28 04:00:00,0.65142339,0.65142339,0.65091455,0.65121126
2025-08-28 05:00:00,0.65104169,0.65121126,0.65082979,0.65121126
2025-08-28 06:00:00,0.65116888,0.65116888,0.65070277,0.65078747
2025-08-28 07:00:00,0.65057576,0.65070277,0.65049112,0.65053344
2025-08-28 08:00:00,0.65082979,0.65112644,0.65074509,0.65104169
2025-08-28 09:00:00,0.65108407,0.65138096,0.65104169,0.65138096
2025-08-28 10:00:00,0.65146583,0.65167809,0.65129608,0.65133852
2025-08-28 11:00:00,0.65142339,0.65189046,0.65125364,0.65133852
2025-08-28 12:00:00,0.65150827,0.65214550,0.65150827,0.65214550
2025-08-28 13:00:00,0.65214550,0.65235829,0.65150827,0.65172052
2025-08-28 14:00:00,0.65159315,0.65159315,0.65121126,0.65125364
2025-08-28 15:00:00,0.65125364,0.65129608,0.65078747,0.65104169
2025-08-28 16:00:00,0.65116888,0.65163559,0.65116888,0.65142339
2025-08-28 17:00:00,0.65142339,0.65163559,0.65108407,0.65159315
2025-08-28 18:00:00,0.65167809,0.65218806,0.65108407,0.65210307
2025-08-28 19:00:00,0.65214550,0.65252852,0.65206051,0.65231574
2025-08-28 20:00:00,0.65218806,0.65321052,0.65210307,0.65299726
2025-08-28 21:00:00,0.65303993,0.65321052,0.65269893,0.65295464
2025-08-28 22:00:00,0.65295464,0.65359479,0.65269893,0.65299726
2025-08-28 23:00:00,0.65299726,0.65312517,0.65227318,0.65261370
2025-08-29 00:00:00,0.65248597,0.65350932,0.65248597,0.65278411
2025-08-29 01:00:00,0.65282673,0.65329587,0.65265632,0.65329587
2025-08-29 02:00:00,0.65321052,0.65350932,0.65321052,0.65342391
