date,open,high,low,close
2024-11-06 13:00:00,110.12000,110.72000,110.080002,110.69000
2024-11-06 14:00:00,110.67000,110.81000,110.42000,110.52000
2024-11-06 15:00:00,110.53000,110.67000,110.39000,110.44000
2024-11-06 16:00:00,110.45000,110.5,110.20000,110.48000
2024-11-06 17:00:00,110.47000,110.77000,110.41100,110.59000
2024-11-06 18:00:00,110.61000,110.77000,110.44000,110.53000
2024-11-06 19:00:00,110.56000,110.86100,110.53000,110.76900
2024-11-06 20:00:00,110.78000,110.81000,110.67000,110.78000
2024-11-06 21:00:00,110.76550,110.89000,110.73800,110.86000
2024-11-06 22:00:00,110.86000,110.97000,110.75,110.80250
2024-11-06 23:00:00,110.81000,111.029999,110.77800,110.94000
2024-11-07 00:00:00,110.95000,110.95000,110.59000,110.72000
2024-11-07 01:00:00,110.70000,110.75,110.58000,110.67000
2024-11-07 02:00:00,110.66100,110.88000,110.53900,110.88000
2024-11-07 03:00:00,110.87400,111.029999,110.77000,110.97000
2024-11-07 04:00:00,110.95000,111,110.87700,110.94000
2024-11-07 05:00:00,110.94450,110.98000,110.78000,110.83000
2024-11-07 06:00:00,110.83000,110.89000,110.80000,110.85500
2024-11-07 07:00:00,110.86000,110.93000,110.82850,110.89000
2024-11-07 08:00:00,110.90000,110.97000,110.86550,110.93000
2024-11-07 09:00:00,110.94000,110.95900,110.83000,110.85000
2024-11-07 10:00:00,110.84000,110.85000,110.63100,110.65000
2024-11-07 11:00:00,110.65000,110.98000,110.62000,110.89000
2024-11-07 12:00:00,110.90150,110.97000,110.76800,110.92000
2024-11-07 13:00:00,110.90700,111.14000,110.83000,111.11000
2024-11-07 14:00:00,111.11000,111.19000,111.029999,111.11000
2024-11-07 15:00:00,111.089996,111.11000,110.83000,110.97000
2024-11-07 16:00:00,110.95950,111.059998,110.86800,110.91000
2024-11-07 17:00:00,110.87100,111.029999,110.86000,110.88000
2024-11-07 18:00:00,110.86000,110.91000,110.72850,110.89000
2024-11-07 19:00:00,110.92000,111.029999,110.89000,111.019997
2024-11-07 20:00:00,111.019997,111.050003,110.79800,110.83000
2024-11-07 21:00:00,110.83000,110.94000,110.78000,110.94000
2024-11-07 22:00:00,110.94000,110.97000,110.85250,110.91000
2024-11-07 23:00:00,110.92000,110.94000,110.66950,110.70850
2024-11-08 00:00:00,110.72000,110.81000,110.53750,110.61000
2024-11-08 01:00:00,110.59000,110.67000,110.47000,110.56000
2024-11-08 02:00:00,110.58000,110.58850,110.25,110.31850
2024-11-08 03:00:00,110.33000,110.47000,110.27000,110.45000
2024-11-08 04:00:00,110.44000,110.50150,110.40800,110.5
2024-11-08 05:00:00,110.48000,110.5,110.30150,110.36000
2024-11-08 06:00:00,110.35000,110.64000,110.32000,110.45000
2024-11-08 07:00:00,110.44700,110.47000,110.23500,110.28000
2024-11-08 08:00:00,110.29000,110.36000,110.23650,110.36000
2024-11-08 09:00:00,110.35100,110.35100,110.28000,110.29950
2024-11-08 10:00:00,110.31000,110.47000,110.29550,110.46850
2024-11-08 11:00:00,110.44000,110.5,110.26350,110.38000
2024-11-08 12:00:00,110.39000,110.53000,110.30000,110.34000
2024-11-08 13:00:00,110.33000,110.38000,110.23000,110.31000
2024-11-08 14:00:00,110.30500,110.30500,110.019997,110.075500
2024-11-08 15:00:00,110.059998,110.080002,109.91450,110.016502
2024-11-08 16:00:00,110.029999,110.16000,110,110.089996
2024-11-08 17:00:00,110.080002,110.14000,109.97000,110.050003
2024-11-08 18:00:00,110.029999,110.089996,109.90550,109.91000
2024-11-08 19:00:00,109.92000,109.95000,109.66350,109.67000
2024-11-08 20:00:00,109.69000,109.78000,109.64000,109.66000
2024-11-08 21:00:00,109.64000,109.70000,109.51800,109.55000
2024-11-08 22:00:00,109.54600,109.73000,109.53000,109.67000
2024-11-08 23:00:00,109.67000,109.73100,109.55000,109.55000
2024-11-09 00:00:00,109.53000,109.86000,109.5,109.77000
2024-11-09 01:00:00,109.78000,109.89000,109.69000,109.86000
2024-11-09 02:00:00,109.86000,109.92300,109.62000,109.69000
2024-11-09 03:00:00,109.67000,109.80000,109.58000,109.59000
2024-11-09 04:00:00,109.58000,109.75,109.58000,109.69000
2024-11-09 05:00:00,109.69000,109.75,109.61000,109.68000
2024-11-09 06:00:00,109.68400,109.78000,109.67000,109.73000
2024-11-09 07:00:00,109.75,109.78000,109.60000,109.61000
2024-11-09 08:00:00,109.60000,109.75,109.59000,109.72000
2024-11-11 09:00:00,109.80100,109.96000,109.71150,109.76000
2024-11-11 10:00:00,109.77000,109.98000,109.76200,109.93000
2024-11-11 11:00:00,109.94000,110.089996,109.91000,110.080002
2024-11-11 12:00:00,110.082497,110.12000,110.010002,110.12000
2024-11-11 13:00:00,110.11300,110.23000,110.059998,110.22000
2024-11-11 14:00:00,110.22000,110.25350,110.17000,110.23300
2024-11-11 15:00:00,110.25,110.36000,110.23000,110.31000
2024-11-11 16:00:00,110.30650,110.39000,110.27982,110.31000
2024-11-11 17:00:00,110.31000,110.38000,110.25,110.27000
2024-11-11 18:00:00,110.25,110.39000,110.17000,110.34000
2024-11-11 19:00:00,110.34000,110.52000,110.33000,110.43000
2024-11-11 20:00:00,110.42000,110.47000,110.25,110.30750
2024-11-11 21:00:00,110.31000,110.42000,110.27000,110.32200
2024-11-11 22:00:00,110.32000,110.42000,110.29950,110.39700
2024-11-11 23:00:00,110.42000,110.44000,110.34000,110.34000
2024-11-12 00:00:00,110.36000,110.41000,110.27000,110.28000
2024-11-12 01:00:00,110.27000,110.42000,110.17000,110.39000
2024-11-12 02:00:00,110.41000,110.48000,110.39950,110.44000
2024-11-12 03:00:00,110.45450,110.55000,110.44000,110.52150
2024-11-12 04:00:00,110.52000,110.56000,110.49000,110.51250
2024-11-12 05:00:00,110.51200,110.51200,110.37900,110.44000
2024-11-12 06:00:00,110.44200,110.44500,110.39000,110.41850
2024-11-12 07:00:00,110.42200,110.44000,110.31000,110.35000
2024-11-12 08:00:00,110.34000,110.41000,110.31000,110.39000
2024-11-12 09:00:00,110.39150,110.42000,110.30900,110.40650
2024-11-12 10:00:00,110.41000,110.43000,110.24000,110.29000
2024-11-12 11:00:00,110.30000,110.47000,110.27000,110.45000
2024-11-12 12:00:00,110.44000,110.56000,110.44000,110.52000
2024-11-12 13:00:00,110.5,110.52000,110.28000,110.32000
2024-11-12 14:00:00,110.32000,110.33000,110.17000,110.19000
2024-11-12 15:00:00,110.17000,110.19000,110.059998,110.086502
2024-11-12 16:00:00,110.080002,110.14000,110,110.14000
2024-11-12 17:00:00,110.14000,110.28000,110.12000,110.27000
2024-11-12 18:00:00,110.27000,110.30000,110.17000,110.23000
2024-11-12 19:00:00,110.23000,110.34000,110.16150,110.34000
2024-11-12 20:00:00,110.34000,110.47000,110.28000,110.38000
2024-11-12 21:00:00,110.39000,110.39000,110.28000,110.33000
2024-11-12 22:00:00,110.34000,110.44000,110.27900,110.38000
2024-11-12 23:00:00,110.41000,110.53000,110.39000,110.52150
2024-11-13 00:00:00,110.55000,110.88000,110.53000,110.88000
2024-11-13 01:00:00,110.88000,110.91000,110.67000,110.78000
2024-11-13 02:00:00,110.77000,110.86000,110.73000,110.84000
2024-11-13 03:00:00,110.84700,110.92650,110.77000,110.88000
2024-11-13 04:00:00,110.86000,111.080002,110.85400,110.94850
2024-11-13 05:00:00,110.93000,110.97000,110.89000,110.94000
2024-11-13 06:00:00,110.93400,110.97600,110.92000,110.95000
2024-11-13 07:00:00,110.96150,111,110.87000,110.87400
2024-11-13 08:00:00,110.90000,110.92450,110.84000,110.89000
2024-11-13 09:00:00,110.85200,110.91250,110.79000,110.80550
2024-11-13 10:00:00,110.81000,110.91000,110.75,110.89700
2024-11-13 11:00:00,110.92000,111.080002,110.90400,111.080002
2024-11-13 12:00:00,111.080002,111.11000,110.86000,110.88000
2024-11-13 13:00:00,110.86000,111,110.81000,110.95000
2024-11-13 14:00:00,110.94000,111,110.89000,110.95000
2024-11-13 15:00:00,110.94000,111.019997,110.90900,110.98250
2024-11-13 16:00:00,110.97000,111.029999,110.92000,111
2024-11-13 17:00:00,111.0025024,111.16000,111,111.089996
2024-11-13 18:00:00,111.080002,111.14000,111,111.12000
2024-11-13 19:00:00,111.11000,111.20000,111.029999,111.080002
2024-11-13 20:00:00,111.059998,111.11000,110.97000,111.051682
2024-11-13 21:00:00,111.050003,111.080002,110.97000,111.045998
2024-11-13 22:00:00,111.059998,111.059998,110.94700,110.97000
2024-11-13 23:00:00,110.98000,111.029999,110.92000,110.99450
2024-11-14 00:00:00,111.0035019,111.14000,110.73000,110.78000
2024-11-14 01:00:00,110.80000,110.81000,110.58000,110.72000
2024-11-14 02:00:00,110.69000,110.97000,110.69000,110.95000
2024-11-14 03:00:00,110.94450,111.11000,110.94450,111.033501
2024-11-14 04:00:00,111.030502,111.19000,111.023499,111.14000
2024-11-14 05:00:00,111.16000,111.28000,111.13000,111.27000
2024-11-14 06:00:00,111.28000,111.28000,111.089996,111.10587
2024-11-14 07:00:00,111.089996,111.16000,111.089996,111.14100
2024-11-14 08:00:00,111.14000,111.15000,111.010002,111.029999
2024-11-14 09:00:00,111.068497,111.12700,110.82650,111.059998
2024-11-14 10:00:00,111.059998,111.12000,110.99850,111.089996
2024-11-14 11:00:00,111.080002,111.34000,111.080002,111.31100
2024-11-14 12:00:00,111.33000,111.41000,111.26700,111.31900
2024-11-14 13:00:00,111.33000,111.42000,111.30450,111.39000
2024-11-14 14:00:00,111.38000,111.38000,111.23000,111.32000
2024-11-14 15:00:00,111.30500,111.42000,111.28000,111.38000
2024-11-14 16:00:00,111.36000,111.41000,111.27000,111.34000
2024-11-14 17:00:00,111.36000,111.36000,111.20000,111.28000
2024-11-14 18:00:00,111.26000,111.36000,111.21000,111.32350
2024-11-14 19:00:00,111.34000,111.42000,111.28950,111.41000
2024-11-14 20:00:00,111.41000,111.53000,111.37250,111.48000
2024-11-14 21:00:00,111.47000,111.5,111.37850,111.39000
2024-11-14 22:00:00,111.36000,111.42000,111.30700,111.34350
2024-11-14 23:00:00,111.34000,111.39000,111.27000,111.33000
2024-11-15 00:00:00,111.31000,111.42000,111.23800,111.36000
2024-11-15 01:00:00,111.33000,111.36000,110.99250,111.080002
2024-11-15 02:00:00,111.059998,111.34000,110.98000,111.30000
2024-11-15 03:00:00,111.31000,111.34000,111.14550,111.22000
2024-11-15 04:00:00,111.20000,111.25,110.95400,111.029999
2024-11-15 05:00:00,111.029999,111.11000,111,111.080002
2024-11-15 06:00:00,111.059998,111.14000,111.041496,111.089996
2024-11-15 07:00:00,111.12000,111.33000,111.070000,111.18000
2024-11-15 08:00:00,111.19000,111.25,111.12000,111.16000
2024-11-15 09:00:00,111.16000,111.22000,111.12750,111.17000
2024-11-15 10:00:00,111.18000,111.31000,111.11600,111.29000
2024-11-15 11:00:00,111.28000,111.44000,111.23000,111.38000
2024-11-15 12:00:00,111.36000,111.39000,111.18650,111.30000
2024-11-15 13:00:00,111.29750,111.31050,111.19000,111.26300
2024-11-15 14:00:00,111.26550,111.33000,111.17000,111.32850
2024-11-15 15:00:00,111.32100,111.36000,111.16000,111.17000
2024-11-15 16:00:00,111.19000,111.25,111.17000,111.24400
2024-11-15 17:00:00,111.25,111.30000,111.029999,111.080002
2024-11-15 18:00:00,111.070000,111.12000,110.78000,110.81000
2024-11-15 19:00:00,110.78000,110.78000,110.59000,110.69000
2024-11-15 20:00:00,110.72000,110.86000,110.53000,110.59000
2024-11-15 21:00:00,110.58850,110.66150,110.52900,110.59450
2024-11-15 22:00:00,110.60350,110.78000,110.54500,110.76150
2024-11-15 23:00:00,110.76100,110.83000,110.64000,110.66000
2024-11-16 00:00:00,110.64000,110.81000,110.44000,110.47000
2024-11-16 01:00:00,110.45000,110.64000,110.31000,110.44000
2024-11-16 02:00:00,110.44000,110.47000,109.81000,110.050003
2024-11-16 03:00:00,110.080002,110.12000,109.78000,109.84000
2024-11-16 04:00:00,109.82650,109.88000,109.5,109.56000
2024-11-16 05:00:00,109.56950,109.58000,109.25,109.26950
2024-11-16 06:00:00,109.28000,109.53000,109.28000,109.44000
2024-11-16 07:00:00,109.44000,109.54000,109.39000,109.52000
2024-11-16 08:00:00,109.52000,109.60100,109.5,109.55400
2024-11-18 09:00:00,109.52900,109.73000,109.52000,109.73000
2024-11-18 10:00:00,109.70000,109.87000,109.62550,109.79000
2024-11-18 11:00:00,109.78000,109.80000,109.27000,109.58950
2024-11-18 12:00:00,109.58000,110.22000,109.53450,109.84000
2024-11-18 13:00:00,109.83000,110.059998,109.83000,109.92000
2024-11-18 14:00:00,109.93350,109.98000,109.78000,109.79800
2024-11-18 15:00:00,109.81000,109.86000,109.64600,109.86000
2024-11-18 16:00:00,109.86000,109.91000,109.64000,109.74000
2024-11-18 17:00:00,109.75,109.77000,109.56000,109.75200
2024-11-18 18:00:00,109.77000,109.81000,109.60500,109.64000
2024-11-18 19:00:00,109.67000,109.91000,109.64000,109.89000
2024-11-18 20:00:00,109.92000,109.92000,109.67000,109.88000
2024-11-18 21:00:00,109.86000,110.050003,109.86000,110.019997
2024-11-18 22:00:00,110,110.080002,109.92000,109.98000
2024-11-18 23:00:00,110,110.20250,109.98000,110.18000
2024-11-19 00:00:00,110.18000,110.22000,109.95000,110
2024-11-19 01:00:00,110,110.11000,109.84000,109.98000
2024-11-19 02:00:00,110,110.36000,109.97000,110.31000
2024-11-19 03:00:00,110.33000,110.47000,110.25,110.33000
2024-11-19 04:00:00,110.33000,110.42000,110.31000,110.39600
2024-11-19 05:00:00,110.39350,110.45000,110.32950,110.41000
2024-11-19 06:00:00,110.39000,110.42000,110.28900,110.39000
2024-11-19 07:00:00,110.38000,110.39000,110.28000,110.32000
2024-11-19 08:00:00,110.31000,110.38000,110.28000,110.36000
2024-11-19 09:00:00,110.36150,110.38000,110.29950,110.33000
2024-11-19 10:00:00,110.33000,110.33000,110.16000,110.27000
2024-11-19 11:00:00,110.27000,110.27000,110.029999,110.059998
2024-11-19 12:00:00,110.063057,110.11000,109.85350,109.93000
2024-11-19 13:00:00,109.94000,110,109.84000,109.93100
2024-11-19 14:00:00,109.94000,110.050003,109.83000,110.018997
2024-11-19 15:00:00,110.023499,110.20000,110.0094986,110.14000
2024-11-19 16:00:00,110.14000,110.19000,110.040001,110.14000
2024-11-19 17:00:00,110.14000,110.28000,110.089996,110.25
2024-11-19 18:00:00,110.23000,110.33000,110.17000,110.22000
2024-11-19 19:00:00,110.22000,110.30000,109.32000,109.66000
2024-11-19 20:00:00,109.67000,109.88000,109.25,109.61000
2024-11-19 21:00:00,109.59000,109.72000,109.41000,109.69000
2024-11-19 22:00:00,109.69000,109.92000,109.67000,109.91000
2024-11-19 23:00:00,109.91000,110,109.82800,109.84000
2024-11-20 00:00:00,109.83000,110.059998,109.56000,109.58000
2024-11-20 01:00:00,109.58000,110.20000,109.56000,110.050003
2024-11-20 02:00:00,110.059998,110.23200,109.97000,110.16000
2024-11-20 03:00:00,110.16000,110.52000,110.11000,110.40250
2024-11-20 04:00:00,110.42000,110.72000,110.37800,110.66800
2024-11-20 05:00:00,110.69000,110.72100,110.59000,110.67000
2024-11-20 06:00:00,110.66300,110.78000,110.66050,110.78000
2024-11-20 07:00:00,110.77000,110.81000,110.71050,110.78000
2024-11-20 08:00:00,110.78000,110.84000,110.76900,110.81000
2024-11-20 09:00:00,110.82000,110.84000,110.71800,110.75
2024-11-20 10:00:00,110.75,110.92000,110.73700,110.88000
2024-11-20 11:00:00,110.88000,111.029999,110.81000,111.019997
2024-11-20 12:00:00,111,111.029999,110.81000,110.86850
2024-11-20 13:00:00,110.87150,110.97600,110.84000,110.94250
2024-11-20 14:00:00,110.92000,110.98000,110.91000,110.95000
2024-11-20 15:00:00,110.97000,111.11000,110.95000,111.089996
2024-11-20 16:00:00,111.11000,111.17000,111.050003,111.17000
2024-11-20 17:00:00,111.16000,111.42000,111.14000,111.32000
2024-11-20 18:00:00,111.32000,111.48000,111.31000,111.48000
2024-11-20 19:00:00,111.46500,111.55000,111.39000,111.41000
2024-11-20 20:00:00,111.39000,111.56000,111.36000,111.41850
2024-11-20 21:00:00,111.44000,111.44000,111.32200,111.32200
2024-11-20 22:00:00,111.31000,111.38000,111.27150,111.38000
2024-11-20 23:00:00,111.36000,111.47000,111.33000,111.39000
2024-11-21 00:00:00,111.39000,111.39000,111.28000,111.33000
2024-11-21 01:00:00,111.34000,111.42000,111.029999,111.11000
2024-11-21 02:00:00,111.089996,111.11000,110.67000,111.059998
2024-11-21 03:00:00,111.050003,111.11900,110.84000,111.019997
2024-11-21 04:00:00,111,111.050003,110.89000,110.95000
2024-11-21 05:00:00,110.95500,111.080002,110.94000,111.059998
2024-11-21 06:00:00,111.059998,111.11000,110.97000,111.11000
2024-11-21 07:00:00,111.10200,111.22000,111.080002,111.21000
2024-11-21 08:00:00,111.22000,111.27000,111.14000,111.23000
2024-11-21 09:00:00,111.23000,111.24150,111.14000,111.14800
2024-11-21 10:00:00,111.16000,111.21000,111.12000,111.17000
2024-11-21 11:00:00,111.17000,111.19000,110.92000,111.029999
2024-11-21 12:00:00,111.029999,111.050003,110.88050,110.98000
2024-11-21 13:00:00,110.98000,111.029999,110.85900,110.92000
2024-11-21 14:00:00,110.92000,110.97000,110.86950,110.91000
2024-11-21 15:00:00,110.92000,111.059998,110.88000,111.050003
2024-11-21 16:00:00,111.041000,111.17000,111.019997,111.089996
2024-11-21 17:00:00,111.080002,111.080002,110.70000,110.80000
2024-11-21 18:00:00,110.81000,111,110.67000,110.95000
2024-11-21 19:00:00,110.97000,111.059998,110.59000,110.66000
2024-11-21 20:00:00,110.67000,110.67000,110.28000,110.48000
2024-11-21 21:00:00,110.5,110.55000,110.35950,110.55000
2024-11-21 22:00:00,110.53000,110.72000,110.47000,110.67000
2024-11-21 23:00:00,110.67000,110.81000,110.55400,110.64000
2024-11-22 00:00:00,110.64000,110.71000,110.39000,110.48000
2024-11-22 01:00:00,110.52000,110.70250,110.24400,110.48000
2024-11-22 02:00:00,110.5,110.75,110.42000,110.67000
2024-11-22 03:00:00,110.67000,110.80000,110.60950,110.78000
2024-11-22 04:00:00,110.77300,110.78000,110.64650,110.65900
2024-11-22 05:00:00,110.68000,110.84000,110.65700,110.72000
2024-11-22 06:00:00,110.70650,110.75,110.62000,110.67000
2024-11-22 07:00:00,110.66000,110.67050,110.59000,110.62000
2024-11-22 08:00:00,110.62000,110.65000,110.56000,110.58000
2024-11-22 09:00:00,110.59000,110.62000,110.54900,110.59000
2024-11-22 10:00:00,110.56000,110.57000,110.23000,110.24000
2024-11-22 11:00:00,110.23000,110.53000,110.16000,110.48000
2024-11-22 12:00:00,110.45000,110.58000,110.41800,110.56000
2024-11-22 13:00:00,110.55000,110.58000,110.46900,110.53000
2024-11-22 14:00:00,110.5,110.59000,110.38000,110.42000
2024-11-22 15:00:00,110.44000,110.53000,110.41350,110.5
2024-11-22 16:00:00,110.5,110.64000,110.48000,110.64000
2024-11-22 17:00:00,110.62000,110.83000,110.61000,110.78000
2024-11-22 18:00:00,110.76000,110.86000,110.69000,110.75550
2024-11-22 19:00:00,110.77000,110.89000,110.54000,110.56000
2024-11-22 20:00:00,110.56000,110.58000,110.14000,110.31800
2024-11-22 21:00:00,110.33000,110.38000,110.16950,110.33000
2024-11-22 22:00:00,110.33000,110.42000,110.25,110.27000
2024-11-22 23:00:00,110.28000,110.5,110.26300,110.48000
2024-11-23 00:00:00,110.48000,110.53100,110.28000,110.41000
2024-11-23 01:00:00,110.42000,110.91000,110.41000,110.77000
2024-11-23 02:00:00,110.75,110.83000,110.59000,110.81000
2024-11-23 03:00:00,110.83000,110.83000,110.61000,110.64000
2024-11-23 04:00:00,110.62000,110.78000,110.62000,110.72000
2024-11-23 05:00:00,110.72000,110.78000,110.67000,110.69000
2024-11-23 06:00:00,110.70900,110.75,110.63900,110.73000
2024-11-23 07:00:00,110.72000,110.80000,110.67000,110.78000
2024-11-23 08:00:00,110.78000,110.79000,110.67000,110.72000
2024-11-25 09:00:00,110.49000,110.68000,110.47000,110.61000
2024-11-25 10:00:00,110.56000,110.73000,110.54000,110.64000
2024-11-25 11:00:00,110.62000,110.69000,110.42000,110.66000
2024-11-25 12:00:00,110.67000,110.70000,110.25,110.33000
2024-11-25 13:00:00,110.31550,110.36000,110.20000,110.33000
2024-11-25 14:00:00,110.31000,110.42000,110.24900,110.40950
2024-11-25 15:00:00,110.42000,110.53000,110.40900,110.48000
2024-11-25 16:00:00,110.5,110.70000,110.48000,110.62000
2024-11-25 17:00:00,110.61000,110.81000,110.55600,110.68450
2024-11-25 18:00:00,110.68000,110.68000,110.44000,110.65050
2024-11-25 19:00:00,110.66000,110.77000,110.56000,110.75
2024-11-25 20:00:00,110.75,110.81000,110.64000,110.66000
2024-11-25 21:00:00,110.64950,110.69000,110.59000,110.61000
2024-11-25 22:00:00,110.62000,110.62000,110.53000,110.57050
2024-11-25 23:00:00,110.58000,110.59050,110.39000,110.43450
2024-11-26 00:00:00,110.44000,110.44000,110.17000,110.30000
2024-11-26 01:00:00,110.31000,110.31000,109.97000,110.040001
2024-11-26 02:00:00,109.98150,110.38000,109.92000,110.36000
2024-11-26 03:00:00,110.36000,110.39600,110.18550,110.19000
2024-11-26 04:00:00,110.19000,110.30000,110.17000,110.28000
2024-11-26 05:00:00,110.28000,110.31000,110.23000,110.25650
2024-11-26 06:00:00,110.27000,110.33000,110.20000,110.28000
2024-11-26 07:00:00,110.28000,110.32000,110.21000,110.27000
2024-11-26 08:00:00,110.25,110.31000,110.21400,110.31000
2024-11-26 09:00:00,110.28400,110.33000,110.14000,110.16000
2024-11-26 10:00:00,110.17000,110.19000,109.28000,109.5
2024-11-26 11:00:00,109.5,109.56000,108.73000,108.75
2024-11-26 12:00:00,108.77000,109.029999,108.61000,108.97000
2024-11-26 13:00:00,108.98000,109.14000,108.94000,109.11000
2024-11-26 14:00:00,109.11000,109.19000,109.016502,109.029999
2024-11-26 15:00:00,109.050003,109.22000,109.019997,109.089996
2024-11-26 16:00:00,109.092499,109.11050,108.83000,108.97000
2024-11-26 17:00:00,108.97000,109.23000,108.90200,109.23000
2024-11-26 18:00:00,109.22000,109.23000,109.059998,109.059998
2024-11-26 19:00:00,109.059998,109.080002,108.73900,109
2024-11-26 20:00:00,109,109.27000,109,109.20650
2024-11-26 21:00:00,109.20450,109.23000,109.10400,109.14000
2024-11-26 22:00:00,109.14000,109.23000,109.088501,109.17000
2024-11-26 23:00:00,109.15900,109.17000,108.65500,108.75
2024-11-27 00:00:00,108.75,108.77000,108.57300,108.69000
2024-11-27 01:00:00,108.69000,109.029999,108.64000,109.010002
2024-11-27 02:00:00,108.99450,109.27000,108.92000,109.17000
2024-11-27 03:00:00,109.16000,109.22000,109.089996,109.17000
2024-11-27 04:00:00,109.17000,109.17000,108.83000,108.89000
2024-11-27 05:00:00,108.89050,109.029999,108.86000,109
2024-11-27 06:00:00,109.019997,109.029999,108.83000,108.89000
2024-11-27 07:00:00,108.89000,108.92000,108.77600,108.81000
2024-11-27 08:00:00,108.82000,108.97000,108.80000,108.93000
2024-11-27 09:00:00,108.92650,108.95600,108.84475,108.89000
2024-11-27 10:00:00,108.88000,109.029999,108.83000,108.83000
2024-11-27 11:00:00,108.83000,108.89000,108.72000,108.84000
2024-11-27 12:00:00,108.82000,108.91000,108.47000,108.48500
2024-11-27 13:00:00,108.48000,108.62000,108.47000,108.56000
2024-11-27 14:00:00,108.56000,108.56000,108.34000,108.41000
2024-11-27 15:00:00,108.39000,108.41000,108.22000,108.23600
2024-11-27 16:00:00,108.23800,108.34000,108.16000,108.31000
2024-11-27 17:00:00,108.31000,108.31600,108.080002,108.089996
2024-11-27 18:00:00,108.080002,108.19000,108.019997,108.11000
2024-11-27 19:00:00,108.080002,108.080002,107.83000,108
2024-11-27 20:00:00,108.0039978,108.050003,107.73000,107.81150
2024-11-27 21:00:00,107.82000,107.83000,107.66000,107.75800
2024-11-27 22:00:00,107.76700,107.84850,107.73000,107.78250
2024-11-27 23:00:00,107.81000,107.83000,107.64000,107.77000
2024-11-28 00:00:00,107.78000,107.92000,107.72000,107.76250
2024-11-28 01:00:00,107.78000,107.86000,107.40500,107.84000
2024-11-28 02:00:00,107.81000,108.050003,107.64000,107.72000
2024-11-28 03:00:00,107.72000,107.91000,107.33000,107.42000
2024-11-28 04:00:00,107.42000,107.55000,107.33000,107.48000
2024-11-28 05:00:00,107.47000,107.55000,107.42000,107.55000
2024-11-28 06:00:00,107.53000,107.67000,107.52350,107.64000
2024-11-28 07:00:00,107.64000,107.76200,107.64000,107.74000
2024-11-28 08:00:00,107.74000,107.78050,107.69000,107.71000
2024-11-28 09:00:00,107.70000,107.76000,107.62000,107.63000
2024-11-28 10:00:00,107.62000,107.93000,107.61650,107.91000
2024-11-28 11:00:00,107.91000,108.27000,107.86000,108.25
2024-11-28 12:00:00,108.25,108.28000,108.059998,108.067497
2024-11-28 13:00:00,108.079002,108.19000,108.029999,108.080002
2024-11-28 14:00:00,108.080002,108.22000,108.050003,108.12450
2024-11-28 15:00:00,108.14000,108.16000,108.059998,108.11850
2024-11-28 16:00:00,108.14000,108.17000,108,108.080002
2024-11-28 17:00:00,108.059998,108.17000,107.92000,108.080002
2024-11-28 18:00:00,108.089996,108.22000,108.072998,108.20000
2024-11-28 19:00:00,108.19000,108.41000,108.14950,108.39000
2024-11-28 20:00:00,108.38550,108.45000,108.35300,108.43050
2024-11-28 21:00:00,108.44000,108.53000,108.41000,108.42800
2024-11-28 22:00:00,108.44000,108.47000,108.38400,108.41000
2024-11-28 23:00:00,108.38600,108.39000,108.23250,108.31350
2024-11-29 00:00:00,108.32200,108.39000,108.19000,108.20000
2024-11-29 01:00:00,108.20000,108.25,108.089996,108.16000
2024-11-29 02:00:00,108.16000,108.17000,108.029999,108.16500
2024-11-29 03:00:00,108.16000,108.20000,108.11000,108.14200
2024-11-29 04:00:00,108.14000,108.20000,108.13100,108.15150
2024-11-29 05:00:00,108.17000,108.19000,108.11900,108.17800
2024-11-29 06:00:00,108.17050,108.19000,108.13300,108.15000
2024-11-29 07:00:00,108.14000,108.16000,108.089996,108.089996
2024-11-29 08:00:00,108.070000,108.17000,108.059998,108.059998
2024-11-29 09:00:00,108.13000,108.21000,108.089996,108.15050
2024-11-29 10:00:00,108.15000,108.16000,107.77850,107.93000
2024-11-29 11:00:00,107.92000,107.94000,107.47000,107.52000
2024-11-29 12:00:00,107.48000,107.53000,107.043503,107.11000
2024-11-29 13:00:00,107.11000,107.46000,107.099998,107.31650
2024-11-29 14:00:00,107.31000,107.47000,107.27000,107.34000
2024-11-29 15:00:00,107.31000,107.33000,107.11000,107.25
2024-11-29 16:00:00,107.25,107.38000,107.17000,107.27000
2024-11-29 17:00:00,107.25,107.36000,107.23000,107.27000
2024-11-29 18:00:00,107.25,107.25,106.90850,107.12000
2024-11-29 19:00:00,107.14000,107.36000,107.11000,107.19000
2024-11-29 20:00:00,107.17000,107.36000,107.059998,107.27100
2024-11-29 21:00:00,107.25,107.39200,107.059998,107.080002
2024-11-29 22:00:00,107.069504,107.22000,107,107.17000
2024-11-29 23:00:00,107.16000,107.20000,107.10050,107.17000
2024-11-30 00:00:00,107.17000,107.25,106.84000,106.91000
2024-11-30 01:00:00,106.92000,107.0039978,106.78000,106.94000
2024-11-30 02:00:00,106.92000,107.34000,106.92000,107.23000
2024-11-30 03:00:00,107.22000,107.44000,107.21250,107.33000
2024-11-30 04:00:00,107.32000,107.38000,106.83000,106.86000
2024-11-30 05:00:00,106.88000,106.92000,106.78000,106.89000
2024-11-30 06:00:00,106.87150,106.94000,106.81000,106.91000
2024-11-30 07:00:00,106.92000,106.97000,106.85800,106.88000
2024-11-30 08:00:00,106.87000,106.97850,106.83350,106.91900
2024-12-02 09:00:00,106.98000,107.027740,106.85000,106.92000
2024-12-02 10:00:00,106.87000,107.080002,106.84000,106.94000
2024-12-02 11:00:00,106.94000,107.17000,106.91000,107.080002
2024-12-02 12:00:00,107.080002,107.30000,107.029999,107.28000
2024-12-02 13:00:00,107.28000,107.36000,107.22000,107.28000
2024-12-02 14:00:00,107.28100,107.39000,107.25,107.27000
2024-12-02 15:00:00,107.25,107.36000,107.19000,107.29950
2024-12-02 16:00:00,107.30000,107.45050,107.25700,107.41050
2024-12-02 17:00:00,107.42000,107.42000,107.16950,107.22000
2024-12-02 18:00:00,107.22000,107.30000,106.89000,107.019997
2024-12-02 19:00:00,107,107.080002,106.89000,107
2024-12-02 20:00:00,107.00050354,107.20000,106.91000,107.16000
2024-12-02 21:00:00,107.16000,107.23100,106.97000,106.97000
2024-12-02 22:00:00,106.98000,107.093498,106.97000,106.99500
2024-12-02 23:00:00,106.99250,107.029999,106.78000,106.92000
2024-12-03 00:00:00,106.92000,107.080002,106.88000,106.92050
2024-12-03 01:00:00,106.92000,106.95000,106.56000,106.62000
2024-12-03 02:00:00,106.62000,106.72000,106.37700,106.44000
2024-12-03 03:00:00,106.47000,106.5,105.97000,106.063499
2024-12-03 04:00:00,106.089996,106.44000,106.050003,106.44000
2024-12-03 05:00:00,106.43400,106.58000,106.40150,106.55000
2024-12-03 06:00:00,106.53000,106.56000,106.44000,106.45000
2024-12-03 07:00:00,106.44000,106.52000,106.29000,106.48000
2024-12-03 08:00:00,106.47000,106.54000,106.45450,106.47000
2024-12-03 09:00:00,106.51000,106.84000,106.41000,106.45750
2024-12-03 10:00:00,106.5,106.69000,106.41950,106.45000
2024-12-03 11:00:00,106.44000,106.73300,106.44000,106.69000
2024-12-03 12:00:00,106.69000,106.70000,106.55350,106.64000
2024-12-03 13:00:00,106.66000,106.69000,106.56000,106.62000
2024-12-03 14:00:00,106.61000,106.88000,106.61000,106.84000
2024-12-03 15:00:00,106.83400,106.92000,106.81000,106.84000
2024-12-03 16:00:00,106.84400,106.91000,106.78000,106.83000
2024-12-03 17:00:00,106.82000,106.92000,106.80850,106.89000
2024-12-03 18:00:00,106.88000,106.89000,106.78000,106.86000
2024-12-03 19:00:00,106.86000,107.12000,106.83000,106.97000
2024-12-03 20:00:00,106.98000,106.98000,106.83000,106.86000
2024-12-03 21:00:00,106.86000,106.97000,106.81000,106.90000
2024-12-03 22:00:00,106.91000,106.92000,106.62000,106.66000
2024-12-03 23:00:00,106.64000,106.73100,106.58000,106.61000
2024-12-04 00:00:00,106.59650,106.66000,106,106.029999
2024-12-04 01:00:00,106.029999,106.22000,105.88000,106
2024-12-04 02:00:00,105.98000,106.14000,105.78000,106.050003
2024-12-04 03:00:00,106.059998,106.31000,105.92000,106.019997
2024-12-04 04:00:00,106,106.31000,106,106.18000
2024-12-04 05:00:00,106.17000,106.19000,106.029999,106.075500
2024-12-04 06:00:00,106.072998,106.30000,105.99500,106.27000
2024-12-04 07:00:00,106.25,106.30000,106.18450,106.24000
2024-12-04 08:00:00,106.26000,106.34000,106.22000,106.34000
2024-12-04 09:00:00,106.36000,106.39650,106.32600,106.35000
2024-12-04 10:00:00,106.36000,106.42000,106.32100,106.38000
2024-12-04 11:00:00,106.38000,106.52000,106.32300,106.5
2024-12-04 12:00:00,106.48000,106.61000,106.39000,106.54150
2024-12-04 13:00:00,106.56000,106.58000,106.34000,106.41000
2024-12-04 14:00:00,106.39000,106.5,106.27000,106.5
2024-12-04 15:00:00,106.5,106.72000,106.5,106.64000
2024-12-04 16:00:00,106.64000,106.73400,106.56000,106.73000
2024-12-04 17:00:00,106.75,106.78000,106.58000,106.70000
2024-12-04 18:00:00,106.69000,106.97000,106.69000,106.95000
2024-12-04 19:00:00,106.97000,107.059998,106.77000,106.86000
2024-12-04 20:00:00,106.88000,107.12000,106.86000,107.070000
2024-12-04 21:00:00,107.080002,107.27000,107.059998,107.27000
2024-12-04 22:00:00,107.25950,107.41000,107.21000,107.35000
2024-12-04 23:00:00,107.36000,107.52000,107.29000,107.48000
2024-12-05 00:00:00,107.48000,107.51000,107.24000,107.39000
2024-12-05 01:00:00,107.41000,107.43000,107.21000,107.23000
2024-12-05 02:00:00,107.11000,107.22450,106.84000,106.97000
2024-12-05 03:00:00,106.94000,106.97000,106.62850,106.74000
2024-12-05 04:00:00,106.74000,106.80000,106.62000,106.76000
2024-12-05 05:00:00,106.76000,106.89000,106.69000,106.88000
2024-12-05 06:00:00,106.93000,107.059998,106.80300,106.96000
2024-12-05 07:00:00,106.98000,107.15000,106.96750,107.029999
2024-12-05 08:00:00,107.029999,107.089996,107,107.028503
2024-12-05 09:00:00,107.029999,107.040001,106.88650,106.97000
2024-12-05 10:00:00,106.98000,107.14000,106.94500,106.99000
2024-12-05 11:00:00,106.99000,106.99000,106.72000,106.74000
2024-12-05 12:00:00,106.74000,107.089996,106.72400,106.98500
2024-12-05 13:00:00,106.99000,107,106.77650,106.86000
2024-12-05 14:00:00,106.86000,106.86000,106.75,106.83000
2024-12-05 15:00:00,106.83000,106.90000,106.80000,106.87000
2024-12-05 16:00:00,106.87000,106.88000,106.47800,106.59000
2024-12-05 17:00:00,106.58000,106.58850,106.38300,106.47000
2024-12-05 18:00:00,106.47000,106.64000,106.45950,106.54000
2024-12-05 19:00:00,106.53000,106.83000,106.45000,106.82000
2024-12-05 20:00:00,106.83000,106.92000,106.77850,106.91000
2024-12-05 21:00:00,106.91000,106.96000,106.78000,106.78000
2024-12-05 22:00:00,106.79000,106.88000,106.75,106.86000
2024-12-05 23:00:00,106.85000,107.059998,106.82550,107.019997
2024-12-06 00:00:00,107.010002,107.35000,106.97000,107.32000
2024-12-06 01:00:00,107.31000,107.45000,107.19000,107.30000
2024-12-06 02:00:00,107.29000,107.31000,107.018501,107.070000
2024-12-06 03:00:00,107.059998,107.13000,106.95650,107.019997
2024-12-06 04:00:00,107.019997,107.029999,106.76000,106.84000
2024-12-06 05:00:00,106.84000,107.010002,106.80650,106.91000
2024-12-06 06:00:00,106.91000,106.96000,106.79700,106.93800
2024-12-06 07:00:00,106.95000,107.050003,106.93200,107
2024-12-06 08:00:00,107,107.080002,106.97599,107.015999
2024-12-06 09:00:00,107.011002,107.059998,106.99000,107.029999
2024-12-06 10:00:00,107.029999,107.14000,107.010002,107.089996
2024-12-06 11:00:00,107.080002,107.15000,106.83000,106.99000
2024-12-06 12:00:00,106.98000,107.019997,106.86000,106.87000
2024-12-06 13:00:00,106.86000,106.91000,106.76000,106.77000
2024-12-06 14:00:00,106.77000,106.86000,106.73000,106.83000
2024-12-06 15:00:00,106.83000,106.90000,106.78000,106.88000
2024-12-06 16:00:00,106.87000,106.93000,106.81000,106.86000
2024-12-06 17:00:00,106.85000,106.89000,106.73000,106.79000
2024-12-06 18:00:00,106.78000,106.97000,106.74000,106.97000
2024-12-06 19:00:00,106.97000,107.18000,106.97000,107.14000
2024-12-06 20:00:00,107.13000,107.28000,107.11000,107.26000
2024-12-06 21:00:00,107.26000,107.32000,107.22000,107.25
2024-12-06 22:00:00,107.24000,107.27000,107.14000,107.18000
2024-12-06 23:00:00,107.16500,107.27000,106.98900,107
2024-12-07 00:00:00,106.98000,107.080002,106.21000,106.21000
2024-12-07 01:00:00,106.21000,106.29000,105.89000,105.93000
2024-12-07 02:00:00,105.92000,106.11000,105.82250,106.010002
2024-12-07 03:00:00,106,106.14000,105.83600,105.90000
2024-12-07 04:00:00,105.90000,106.029999,105.84000,105.94000
2024-12-07 05:00:00,105.96000,106.040001,105.92000,105.95000
2024-12-07 06:00:00,105.95000,106.019997,105.92000,105.92000
2024-12-07 07:00:00,105.92000,106.050003,105.90000,105.98000
2024-12-07 08:00:00,105.98000,106,105.92250,105.98350
2024-12-09 09:00:00,105.96500,106.068497,105.87800,105.91000
2024-12-09 10:00:00,105.91000,106.029999,105.84000,105.95000
2024-12-09 11:00:00,105.94000,105.98000,105.76000,105.87000
2024-12-09 12:00:00,105.86000,106.040001,105.84000,105.93000
2024-12-09 13:00:00,105.93000,106.019997,105.87900,105.92000
2024-12-09 14:00:00,105.93000,105.98000,105.87000,105.88000
2024-12-09 15:00:00,105.88000,105.89000,105.77000,105.81000
2024-12-09 16:00:00,105.81000,105.86000,105.79000,105.85000
2024-12-09 17:00:00,105.84000,106,105.82000,105.97000
2024-12-09 18:00:00,105.96000,106.21000,105.94850,106.20000
2024-12-09 19:00:00,106.20000,106.33000,106.16000,106.33000
2024-12-09 20:00:00,106.32000,106.41000,106.29000,106.36000
2024-12-09 21:00:00,106.35000,106.45000,106.35000,106.44000
2024-12-09 22:00:00,106.44000,106.49000,106.40000,106.47000
2024-12-09 23:00:00,106.48000,106.77000,106.44850,106.76000
2024-12-10 00:00:00,106.75,107.059998,106.75,106.99000
2024-12-10 01:00:00,107,107,106.78000,106.98000
2024-12-10 02:00:00,106.99000,107.13000,106.95000,107.010002
2024-12-10 03:00:00,107.010002,107.12000,106.92000,107.099998
2024-12-10 04:00:00,107.089996,107.17000,107.039001,107.059998
2024-12-10 05:00:00,107.050003,107.070000,106.91300,106.96000
2024-12-10 06:00:00,106.96000,106.97000,106.79000,106.82000
2024-12-10 07:00:00,106.82000,106.84000,106.67000,106.70000
2024-12-10 08:00:00,106.70000,106.75,106.67000,106.70000
2024-12-10 09:00:00,106.71000,106.83300,106.66000,106.72700
2024-12-10 10:00:00,106.72000,106.84000,106.70000,106.81000
2024-12-10 11:00:00,106.81000,106.88000,106.69000,106.86000
2024-12-10 12:00:00,106.86000,106.91000,106.71000,106.76000
2024-12-10 13:00:00,106.75,106.75,106.55000,106.63000
2024-12-10 14:00:00,106.62000,106.65000,106.49000,106.53000
2024-12-10 15:00:00,106.52000,106.59000,106.47000,106.56000
2024-12-10 16:00:00,106.56000,106.69000,106.45000,106.48000
2024-12-10 17:00:00,106.48000,106.76000,106.46000,106.74000
2024-12-10 18:00:00,106.75,106.87000,106.68000,106.86000
2024-12-10 19:00:00,106.85000,106.96000,106.79000,106.91000
2024-12-10 20:00:00,106.93000,106.95000,106.80000,106.94000
2024-12-10 21:00:00,106.94000,107.010002,106.89000,107.010002
2024-12-10 22:00:00,107.010002,107.11000,106.96900,107.11000
2024-12-10 23:00:00,107.11000,107.21000,106.93600,107.20000
2024-12-11 00:00:00,107.20000,107.23000,106.99000,107.089996
2024-12-11 01:00:00,107.099998,107.14000,106.93000,107.059998
2024-12-11 02:00:00,107.080002,107.37000,107.010002,107.37000
2024-12-11 03:00:00,107.36000,107.44000,107.30450,107.36150
2024-12-11 04:00:00,107.37000,107.42000,107.31750,107.36000
2024-12-11 05:00:00,107.36000,107.37000,107.28000,107.32000
2024-12-11 06:00:00,107.31000,107.32000,107.22000,107.25
2024-12-11 07:00:00,107.26000,107.28000,107.15000,107.21000
2024-12-11 08:00:00,107.20000,107.23000,107.15150,107.16950
2024-12-11 09:00:00,107.16500,107.23800,107.13000,107.17000
2024-12-11 10:00:00,107.17000,107.19000,107.068245,107.11250
2024-12-11 11:00:00,107.12000,107.14000,107.039001,107.059998
2024-12-11 12:00:00,107.059998,107.16000,107.050003,107.099998
2024-12-11 13:00:00,107.099998,107.11000,106.94000,106.94000
2024-12-11 14:00:00,106.94000,107.089996,106.90950,107.010002
2024-12-11 15:00:00,107,107.040001,106.94450,106.98000
2024-12-11 16:00:00,106.99000,107.14000,106.97000,107.13000
2024-12-11 17:00:00,107.13000,107.16000,107.040001,107.14000
2024-12-11 18:00:00,107.14000,107.16000,106.75950,106.89000
2024-12-11 19:00:00,106.89000,106.96000,106.81950,106.92250
2024-12-11 20:00:00,106.93000,107.69000,106.51000,107.64000
2024-12-11 21:00:00,107.65000,107.68000,107.47000,107.55000
2024-12-11 22:00:00,107.55000,107.65000,107.53000,107.57000
2024-12-11 23:00:00,107.57000,107.70000,107.55000,107.62000
2024-12-12 00:00:00,107.63000,107.83000,107.36300,107.49000
2024-12-12 01:00:00,107.48000,107.72000,107.12000,107.71000
2024-12-12 02:00:00,107.72000,107.87000,107.66250,107.82000
2024-12-12 03:00:00,107.82000,107.89000,107.76000,107.85000
2024-12-12 04:00:00,107.85000,107.91000,107.69000,107.70000
2024-12-12 05:00:00,107.71000,107.80000,107.63000,107.77000
2024-12-12 06:00:00,107.77000,107.82200,107.74000,107.80000
2024-12-12 07:00:00,107.79000,107.80000,107.71200,107.75
2024-12-12 08:00:00,107.74000,107.76000,107.66850,107.68600
2024-12-12 09:00:00,107.67600,107.69000,107.61000,107.68000
2024-12-12 10:00:00,107.69000,107.69000,107.59000,107.60550
2024-12-12 11:00:00,107.61000,107.75,107.52850,107.62000
2024-12-12 12:00:00,107.62000,107.62000,107.40850,107.44000
2024-12-12 13:00:00,107.43000,107.66000,107.40200,107.66000
2024-12-12 14:00:00,107.67000,107.73000,107.59000,107.67900
2024-12-12 15:00:00,107.70000,107.71000,107.57150,107.58300
2024-12-12 16:00:00,107.60000,107.87000,107.57500,107.82000
2024-12-12 17:00:00,107.82000,108.010002,107.78650,107.83000
2024-12-12 18:00:00,107.83000,107.89000,107.72700,107.84900
2024-12-12 19:00:00,107.86000,107.92000,107.76400,107.88000
2024-12-12 20:00:00,107.87000,107.97000,107.81000,107.90000
2024-12-12 21:00:00,107.90000,107.92000,107.65350,107.70000
2024-12-12 22:00:00,107.71000,107.75,107.52350,107.54000
2024-12-12 23:00:00,107.54000,107.60000,107.41850,107.5
2024-12-13 00:00:00,107.51000,107.52000,107.17000,107.31000
2024-12-13 01:00:00,107.31000,107.55000,107.13800,107.49000
2024-12-13 02:00:00,107.5,107.55000,107.21000,107.38000
2024-12-13 03:00:00,107.38000,107.39000,107.24000,107.26000
2024-12-13 04:00:00,107.26000,107.45000,107.23900,107.31000
2024-12-13 05:00:00,107.30000,107.48000,107.27150,107.42000
2024-12-13 06:00:00,107.41000,107.48000,107.29550,107.38000
2024-12-13 07:00:00,107.38000,107.44000,107.32000,107.33000
2024-12-13 08:00:00,107.33000,107.45000,107.30450,107.35100
2024-12-13 09:00:00,107.33950,107.37000,107.26050,107.36000
2024-12-13 10:00:00,107.36000,107.36000,107.23000,107.35000
2024-12-13 11:00:00,107.33000,107.56000,107.30400,107.46000
2024-12-13 12:00:00,107.46000,107.49000,107.26900,107.34000
2024-12-13 13:00:00,107.32000,107.42000,107.22400,107.39000
2024-12-13 14:00:00,107.39000,107.49000,107.37000,107.38000
2024-12-13 15:00:00,107.38000,107.5,107.36650,107.43400
2024-12-13 16:00:00,107.44000,107.48000,107.37100,107.40000
2024-12-13 17:00:00,107.40000,107.46000,107.30000,107.32000
2024-12-13 18:00:00,107.33000,107.45000,107.30000,107.36000
2024-12-13 19:00:00,107.36000,107.67000,107.35000,107.67000
2024-12-13 20:00:00,107.67000,107.91000,107.63000,107.86000
2024-12-13 21:00:00,107.87000,107.93000,107.84700,107.92000
2024-12-13 22:00:00,107.92000,108.050003,107.90000,108.050003
2024-12-13 23:00:00,108.050003,108.070000,107.88000,107.97000
2024-12-14 00:00:00,107.98000,108,107.81000,107.87000
2024-12-14 01:00:00,107.88000,108.019997,107.84750,107.93000
2024-12-14 02:00:00,107.93000,107.96000,107.79000,107.93000
2024-12-14 03:00:00,107.93000,108.040001,107.90000,107.98000
2024-12-14 04:00:00,107.98000,108.029999,107.95150,107.99000
2024-12-14 05:00:00,108,108.080002,107.97000,108.019997
2024-12-14 06:00:00,108.019997,108.070000,107.98000,107.98000
2024-12-14 07:00:00,107.99000,108.030502,107.92000,107.94000
2024-12-14 08:00:00,107.94000,108.42750,107.88500,108.37150
2024-12-16 09:00:00,107.93500,108,107.86000,107.94000
2024-12-16 10:00:00,107.93000,107.97000,107.86000,107.88000
2024-12-16 11:00:00,107.87000,108.20000,107.81000,108.125
2024-12-16 12:00:00,108.13000,108.26000,108.084999,108.24000
2024-12-16 13:00:00,108.25,108.29000,108.13500,108.16000
2024-12-16 14:00:00,108.15000,108.17000,108.070000,108.12000
2024-12-16 15:00:00,108.12000,108.21000,108.080002,108.089996
2024-12-16 16:00:00,108.089996,108.12000,108.0049973,108.010002
2024-12-16 17:00:00,108.019997,108.089996,107.95000,108.0049973
2024-12-16 18:00:00,108.010002,108.050003,107.89500,107.94000
2024-12-16 19:00:00,107.93000,108.089996,107.88500,108.010002
2024-12-16 20:00:00,108.019997,108.099998,107.98500,108.089996
2024-12-16 21:00:00,108.074997,108.11000,107.93500,108.019997
2024-12-16 22:00:00,108.019997,108.040001,107.95000,108.0049973
2024-12-16 23:00:00,108.010002,108.17000,107.96500,108.11000
2024-12-17 00:00:00,108.11000,108.20000,108.065002,108.089996
2024-12-17 01:00:00,108.099998,108.30000,108.050003,108.30000
2024-12-17 02:00:00,108.30000,108.53000,108.24500,108.39500
2024-12-17 03:00:00,108.40000,108.42000,108.31000,108.35000
2024-12-17 04:00:00,108.34000,108.40000,108.26500,108.34500
2024-12-17 05:00:00,108.34000,108.37000,108.26500,108.27000
2024-12-17 06:00:00,108.28000,108.30000,108.20000,108.25500
2024-12-17 07:00:00,108.26000,108.26000,108.16000,108.18000
2024-12-17 08:00:00,108.18000,108.27000,108.16000,108.24000
2024-12-17 09:00:00,108.24500,108.27000,108.21500,108.26500
2024-12-17 10:00:00,108.26000,108.35000,108.23500,108.26000
2024-12-17 11:00:00,108.25,108.43000,108.22000,108.30000
2024-12-17 12:00:00,108.30000,108.34000,108.125,108.20000
2024-12-17 13:00:00,108.21000,108.22000,107.98000,108.089996
2024-12-17 14:00:00,108.089996,108.12000,107.98000,108.070000
2024-12-17 15:00:00,108.080002,108.18000,108.014999,108.044998
2024-12-17 16:00:00,108.050003,108.17000,108.0049973,108.059998
2024-12-17 17:00:00,108.070000,108.099998,107.93500,108.055000
2024-12-17 18:00:00,108.080002,108.089996,107.89500,107.97500
2024-12-17 19:00:00,107.99000,107.99000,107.67000,107.75
2024-12-17 20:00:00,107.75,107.78000,107.65000,107.72500
2024-12-17 21:00:00,107.72000,107.76000,107.57500,107.71000
2024-12-17 22:00:00,107.71000,107.80000,107.625,107.79000
2024-12-17 23:00:00,107.78000,107.82000,107.59000,107.60500
2024-12-18 00:00:00,107.62000,107.88000,107.59000,107.74000
2024-12-18 01:00:00,107.73000,107.73000,107.41000,107.41000
2024-12-18 02:00:00,107.41000,107.41000,107.17500,107.25500
2024-12-18 03:00:00,107.26000,107.32000,107.15500,107.19000
2024-12-18 04:00:00,107.19000,107.20000,107.080002,107.099998
2024-12-18 05:00:00,107.099998,107.18000,107.035004,107.13000
2024-12-18 06:00:00,107.13000,107.17000,107.089996,107.16500
2024-12-18 07:00:00,107.16000,107.28000,107.14000,107.28000
2024-12-18 08:00:00,107.27000,107.33000,107.24500,107.26000
2024-12-18 09:00:00,107.27000,107.28000,107.20500,107.22000
2024-12-18 10:00:00,107.23000,107.34000,107.18000,107.32000
2024-12-18 11:00:00,107.32000,107.46000,107.28500,107.40000
2024-12-18 12:00:00,107.40000,107.43000,107.29500,107.29500
2024-12-18 13:00:00,107.29000,107.39000,107.25500,107.33500
2024-12-18 14:00:00,107.34000,107.36000,107.22000,107.26000
2024-12-18 15:00:00,107.25,107.28000,107.055000,107.10500
2024-12-18 16:00:00,107.12000,107.12000,107.040001,107.050003
2024-12-18 17:00:00,107.050003,107.15000,107.025002,107.15000
2024-12-18 18:00:00,107.15000,107.22000,107.050003,107.17000
2024-12-18 19:00:00,107.18000,107.28500,107.16000,107.23000
2024-12-18 20:00:00,107.21500,107.37000,107.20000,107.21000
2024-12-18 21:00:00,107.22000,107.29500,107.19500,107.23500
2024-12-18 22:00:00,107.24000,107.33000,107.22000,107.26000
2024-12-18 23:00:00,107.26000,107.46000,107.26000,107.44500
2024-12-19 00:00:00,107.45000,107.62000,107.45000,107.51000
2024-12-19 01:00:00,107.5,107.53500,107.40500,107.46500
2024-12-19 02:00:00,107.46000,107.58500,107.37000,107.52000
2024-12-19 03:00:00,107.53000,107.59000,107.41500,107.42000
2024-12-19 04:00:00,107.42000,107.47500,107.30500,107.32000
2024-12-19 05:00:00,107.32000,107.40000,107.25500,107.35500
2024-12-19 06:00:00,107.35000,107.57000,107.16000,107.27000
2024-12-19 07:00:00,107.27000,107.28000,106.98000,107.17000
2024-12-19 08:00:00,107.17000,107.26500,107.040001,107.15500
2024-12-19 09:00:00,107.15500,107.18000,107.11000,107.13000
2024-12-19 10:00:00,107.12000,107.16000,106.79000,106.95500
2024-12-19 11:00:00,106.96000,107.21000,106.91500,107.13500
2024-12-19 12:00:00,107.16000,107.22000,107.080002,107.16000
2024-12-19 13:00:00,107.16000,107.56000,106.97000,107.45500
2024-12-19 14:00:00,107.46000,107.73000,107.37000,107.57000
2024-12-19 15:00:00,107.58000,107.62000,107.47500,107.59000
2024-12-19 16:00:00,107.60000,107.69500,107.48500,107.51000
2024-12-19 17:00:00,107.51000,108.21000,107.40000,108.17000
2024-12-19 18:00:00,108.18000,108.67000,108.16500,108.51000
2024-12-19 19:00:00,108.51000,109.080002,108.50500,108.98000
2024-12-19 20:00:00,109,109.17000,108.86500,109.12000
2024-12-19 21:00:00,109.11000,109.14000,108.95000,109.070000
2024-12-19 22:00:00,109.070000,109.18500,108.92000,108.96000
2024-12-19 23:00:00,108.96000,109.25500,108.93500,109.18000
2024-12-20 00:00:00,109.19000,109.27000,108.92000,109.15000
2024-12-20 01:00:00,109.15000,109.63000,109.12000,109.49000
2024-12-20 02:00:00,109.5,109.77500,109.47000,109.76000
2024-12-20 03:00:00,109.77000,109.91000,109.70000,109.79000
2024-12-20 04:00:00,109.78000,109.80000,109.60500,109.67500
2024-12-20 05:00:00,109.68000,109.76000,109.59500,109.66000
2024-12-20 06:00:00,109.66000,109.68000,109.36000,109.40500
2024-12-20 07:00:00,109.42000,109.49000,109.31000,109.32000
2024-12-20 08:00:00,109.34000,109.38000,109.30500,109.34500
2024-12-20 09:00:00,109.35500,109.42000,109.30500,109.35000
2024-12-20 10:00:00,109.38000,109.49000,109.34000,109.45500
2024-12-20 11:00:00,109.46000,109.63000,109.39500,109.41000
2024-12-20 12:00:00,109.40000,109.44000,109.010002,109.080002
2024-12-20 13:00:00,109.080002,109.099998,108.74000,108.82000
2024-12-20 14:00:00,108.82000,108.92000,108.69000,108.83000
2024-12-20 15:00:00,108.84000,109.080002,108.84000,109.070000
2024-12-20 16:00:00,109.059998,109.080002,108.89500,108.94000
2024-12-20 17:00:00,108.94000,109.11000,108.83500,109.059998
2024-12-20 18:00:00,109.059998,109.13000,108.93000,109.019997
2024-12-20 19:00:00,109.029999,109.17000,108.98500,109.050003
2024-12-20 20:00:00,109.050003,109.070000,108.87000,108.93500
2024-12-20 21:00:00,108.94000,109.010002,108.88500,108.99500
2024-12-20 22:00:00,108.99000,109,108.90000,108.96000
2024-12-20 23:00:00,108.96000,109.070000,108.90500,108.98500
2024-12-21 00:00:00,109,109.019997,108.69000,108.74500
2024-12-21 01:00:00,108.74000,108.95000,108.67000,108.95000
2024-12-21 02:00:00,108.95000,109.16000,108.89000,108.93000
2024-12-21 03:00:00,108.93000,108.95000,108.72000,108.76000
2024-12-21 04:00:00,108.77000,108.87000,108.72500,108.76500
2024-12-21 05:00:00,108.77000,108.78000,108.63500,108.66000
2024-12-21 06:00:00,108.66000,108.77000,108.61000,108.70000
2024-12-21 07:00:00,108.70000,108.81000,108.66500,108.81000
2024-12-21 08:00:00,108.81000,108.89000,108.76000,108.84500
2024-12-23 09:00:00,108.86500,108.95000,108.81000,108.94000
2024-12-23 10:00:00,108.93000,109.029999,108.87000,109.029999
2024-12-23 11:00:00,109.029999,109.089996,108.90000,109.050003
2024-12-23 12:00:00,109.050003,109.099998,108.89000,108.99000
2024-12-23 13:00:00,108.98000,109.095001,108.92000,109.084999
2024-12-23 14:00:00,109.089996,109.11000,109,109.014999
2024-12-23 15:00:00,109.010002,109.12000,109.0049973,109.080002
2024-12-23 16:00:00,109.089996,109.13000,109.055000,109.084999
2024-12-23 17:00:00,109.080002,109.095001,108.97000,109.025002
2024-12-23 18:00:00,109.019997,109.11000,108.93500,108.97000
2024-12-23 19:00:00,108.97000,108.97000,108.78000,108.89500
2024-12-23 20:00:00,108.90000,109.074997,108.86000,108.94000
2024-12-23 21:00:00,108.94000,109,108.86000,108.89500
2024-12-23 22:00:00,108.91000,108.96000,108.86000,108.92000
2024-12-23 23:00:00,108.91000,109.17000,108.86500,109.099998
2024-12-24 00:00:00,109.089996,109.125,108.93000,108.95000
2024-12-24 01:00:00,108.94000,109.040001,108.88000,109.019997
2024-12-24 02:00:00,109,109.11500,108.90500,109.029999
2024-12-24 03:00:00,109.029999,109.17000,108.98000,109.13000
2024-12-24 04:00:00,109.13000,109.37000,109.12000,109.30000
2024-12-24 05:00:00,109.31000,109.37000,109.25500,109.30000
2024-12-24 06:00:00,109.30000,109.36000,109.26000,109.31000
2024-12-24 07:00:00,109.30500,109.39500,109.26500,109.34500
2024-12-24 08:00:00,109.34500,109.39000,109.33000,109.38000
2024-12-24 09:00:00,109.38000,109.39000,109.31000,109.32000
2024-12-24 10:00:00,109.32000,109.41500,109.29000,109.35000
2024-12-24 11:00:00,109.34000,109.43000,109.31000,109.36000
2024-12-24 12:00:00,109.36000,109.38000,109.21000,109.26000
2024-12-24 13:00:00,109.26000,109.32500,109.19000,109.24000
2024-12-24 14:00:00,109.24000,109.26000,109.18000,109.21000
2024-12-24 15:00:00,109.20000,109.22500,109.099998,109.18000
2024-12-24 16:00:00,109.17000,109.20500,109.059998,109.14000
2024-12-24 17:00:00,109.15500,109.31500,109.080002,109.24000
2024-12-24 18:00:00,109.23000,109.33500,109.19000,109.25
2024-12-24 19:00:00,109.24000,109.28000,109.070000,109.12000
2024-12-24 20:00:00,109.11000,109.14500,109.059998,109.12000
2024-12-24 21:00:00,109.099998,109.15000,109.050003,109.12000
2024-12-24 22:00:00,109.099998,109.18000,109.080002,109.10500
2024-12-24 23:00:00,109.089996,109.11500,108.96000,108.98000
2024-12-26 02:00:00,109.50500,109.59000,109.45000,109.59000
2024-12-26 03:00:00,109.59000,109.59000,109.59000,109.59000
2024-12-26 04:00:00,109.59000,109.59000,109.58500,109.58500
2024-12-26 05:00:00,109.59000,109.59000,109.59000,109.59000
2024-12-26 06:00:00,109.59000,109.59000,109.57000,109.58500
2024-12-26 07:00:00,109.59000,109.59000,109.58500,109.58500
2024-12-26 08:00:00,109.58500,109.625,109.58500,109.58500
2024-12-26 09:00:00,109.58500,109.58500,109.43500,109.48000
2024-12-26 10:00:00,109.49000,109.57000,109.45000,109.46500
2024-12-26 11:00:00,109.48000,109.64000,109.40500,109.60000
2024-12-26 12:00:00,109.58000,109.70000,109.53000,109.65000
2024-12-26 13:00:00,109.65000,109.71000,109.60500,109.67000
2024-12-26 14:00:00,109.66000,109.71000,109.61000,109.64000
2024-12-26 15:00:00,109.64000,109.67000,109.58000,109.61000
2024-12-26 16:00:00,109.61000,109.64500,109.48500,109.53000
2024-12-26 17:00:00,109.52000,109.59000,109.46500,109.47000
2024-12-26 18:00:00,109.49000,109.55000,109.42000,109.42500
2024-12-26 19:00:00,109.44000,109.44000,109.28000,109.29000
2024-12-26 20:00:00,109.29000,109.43500,109.22000,109.37000
2024-12-26 21:00:00,109.38000,109.51500,109.36000,109.46000
2024-12-26 22:00:00,109.48000,109.60500,109.44500,109.56500
2024-12-26 23:00:00,109.58000,109.59000,109.46000,109.51000
2024-12-27 00:00:00,109.51000,109.68000,109.49500,109.66000
2024-12-27 01:00:00,109.66000,109.71000,109.61000,109.67000
2024-12-27 02:00:00,109.67000,109.70000,109.55500,109.69000
2024-12-27 03:00:00,109.69000,109.72000,109.64500,109.71000
2024-12-27 04:00:00,109.70000,109.73000,109.60000,109.63000
2024-12-27 05:00:00,109.63000,109.69000,109.55500,109.57500
2024-12-27 06:00:00,109.59000,109.62000,109.54000,109.61000
2024-12-27 07:00:00,109.61000,109.62000,109.52000,109.62000
2024-12-27 08:00:00,109.62000,109.70000,109.59500,109.68000
2024-12-27 09:00:00,109.67500,109.70500,109.56500,109.59500
2024-12-27 10:00:00,109.62000,109.62000,109.40500,109.52000
2024-12-27 11:00:00,109.52000,109.66000,109.42500,109.58500
2024-12-27 12:00:00,109.62000,109.64000,109.40000,109.44500
2024-12-27 13:00:00,109.49000,109.5,109.26500,109.36500
2024-12-27 14:00:00,109.41000,109.49000,109.375,109.45000
2024-12-27 15:00:00,109.45000,109.47000,109.34500,109.35500
2024-12-27 16:00:00,109.39000,109.53000,109.34000,109.48500
2024-12-27 17:00:00,109.52000,109.60000,109.43000,109.52000
2024-12-27 18:00:00,109.56000,109.62000,109.47000,109.59000
2024-12-27 19:00:00,109.59000,109.69000,109.52500,109.65000
2024-12-27 20:00:00,109.69000,109.70000,109.56500,109.62000
2024-12-27 21:00:00,109.65000,109.65000,109.47000,109.53000
2024-12-27 22:00:00,109.57000,109.59000,109.46500,109.54500
2024-12-27 23:00:00,109.59000,109.77000,109.51500,109.72500
2024-12-28 00:00:00,109.76000,109.81000,109.55500,109.63500
2024-12-28 01:00:00,109.66000,109.71000,109.47500,109.55000
2024-12-28 02:00:00,109.58000,109.58000,109.33500,109.36500
2024-12-28 03:00:00,109.39000,109.42000,109.18500,109.27500
2024-12-28 04:00:00,109.31000,109.37000,109.15500,109.32000
2024-12-28 05:00:00,109.35000,109.48000,109.30500,109.43500
2024-12-28 06:00:00,109.47000,109.64000,109.41500,109.60000
2024-12-28 07:00:00,109.63000,109.64000,109.47000,109.56000
2024-12-28 08:00:00,109.56000,109.59000,109.48500,109.50500
2024-12-30 09:00:00,109.49500,109.5,109.39000,109.40000
2024-12-30 10:00:00,109.42000,109.66000,109.42000,109.62000
2024-12-30 11:00:00,109.67000,109.72000,109.49000,109.66500
2024-12-30 12:00:00,109.69000,109.70000,109.53500,109.58500
2024-12-30 13:00:00,109.58500,109.64000,109.51500,109.59000
2024-12-30 14:00:00,109.62000,109.65000,109.57500,109.61500
2024-12-30 15:00:00,109.61500,109.65000,109.56000,109.58000
2024-12-30 16:00:00,109.62000,109.77000,109.57000,109.67500
2024-12-30 17:00:00,109.71000,109.86000,109.67500,109.74000
2024-12-30 18:00:00,109.74000,109.74000,109.59500,109.66000
2024-12-30 19:00:00,109.70000,109.71000,109.55500,109.58500
2024-12-30 20:00:00,109.62000,109.75,109.57500,109.73000
2024-12-30 21:00:00,109.70000,109.80000,109.66500,109.71000
2024-12-30 22:00:00,109.67500,109.73000,109.60000,109.67000
2024-12-30 23:00:00,109.67000,109.68000,109.48500,109.55000
2024-12-31 00:00:00,109.55000,109.56000,109.29000,109.29000
2024-12-31 01:00:00,109.31000,109.45000,108.89500,109.010002
2024-12-31 02:00:00,109.019997,109.32000,108.65500,109.28000
2024-12-31 03:00:00,109.28000,109.43000,109.11500,109.42000
2024-12-31 04:00:00,109.42000,109.58500,109.39000,109.44500
2024-12-31 05:00:00,109.47000,109.5,109.34500,109.43000
2024-12-31 06:00:00,109.39500,109.44000,109.32000,109.41000
2024-12-31 07:00:00,109.43000,109.43000,109.23000,109.26000
2024-12-31 08:00:00,109.27000,109.34000,109.20000,109.26500
2024-12-31 09:00:00,109.26500,109.37000,109.24000,109.35000
2024-12-31 10:00:00,109.36000,109.45000,109.29500,109.43000
2024-12-31 11:00:00,109.43000,109.46000,109.13500,109.17000
2024-12-31 12:00:00,109.17000,109.21000,108.98500,109.074997
2024-12-31 13:00:00,109.099998,109.13000,109.029999,109.070000
2024-12-31 14:00:00,109.070000,109.099998,108.99000,109.019997
2024-12-31 15:00:00,109.040001,109.070000,108.81500,108.89000
2024-12-31 16:00:00,108.89000,108.92000,108.82000,108.91000
2024-12-31 17:00:00,108.91000,109,108.82500,108.98000
2024-12-31 18:00:00,108.98000,108.98000,108.64500,108.71500
2024-12-31 19:00:00,108.74000,108.74500,108.52000,108.66500
2024-12-31 20:00:00,108.69000,109.050003,108.65500,109.010002
2024-12-31 21:00:00,109.029999,109.22000,108.97000,109.11000
2024-12-31 22:00:00,109.089996,109.13000,108.95000,109.025002
2024-12-31 23:00:00,109.040001,109.12000,108.85000,109.055000
2025-01-02 04:00:00,109.070000,109.070000,109.070000,109.070000
2025-01-02 05:00:00,109.070000,109.089996,109.059998,109.070000
2025-01-02 06:00:00,109.070000,109.070000,109.070000,109.070000
2025-01-02 07:00:00,109.070000,109.070000,109.070000,109.070000
2025-01-02 08:00:00,109.059998,109.070000,109.050003,109.050003
2025-01-02 09:00:00,109.33000,109.36000,109.28000,109.35000
2025-01-02 10:00:00,109.34000,109.77000,109.34000,109.72000
2025-01-02 11:00:00,109.73000,109.75,109.44000,109.5
2025-01-02 12:00:00,109.49000,109.71000,109.49000,109.61000
2025-01-02 13:00:00,109.59000,109.60000,109.44000,109.46000
2025-01-02 14:00:00,109.44000,109.46000,109.32000,109.33000
2025-01-02 15:00:00,109.32000,109.33000,109.22000,109.24000
2025-01-02 16:00:00,109.23000,109.41000,109.20000,109.41000
2025-01-02 17:00:00,109.40000,109.41000,108.97000,108.97000
2025-01-02 18:00:00,108.96000,109,108.68000,108.78000
2025-01-02 19:00:00,108.76000,108.91000,108.56000,108.81000
2025-01-02 20:00:00,108.79000,108.91000,108.78000,108.79000
2025-01-02 21:00:00,108.77000,108.96000,108.77000,108.94000
2025-01-02 22:00:00,108.92000,109.089996,108.89000,109.050003
2025-01-02 23:00:00,109.029999,109.059998,108.92000,108.93000
2025-01-03 00:00:00,108.91000,109.029999,108.69000,108.77000
2025-01-03 01:00:00,108.76000,108.93000,108.61000,108.83000
2025-01-03 02:00:00,108.82000,109,108.62000,108.98000
2025-01-03 03:00:00,108.98000,109.33000,108.96000,109.33000
2025-01-03 04:00:00,109.31000,109.65000,109.31000,109.41000
2025-01-03 05:00:00,109.41000,109.48000,109.27000,109.33000
2025-01-03 06:00:00,109.33000,109.47000,109.30000,109.34000
2025-01-03 07:00:00,109.34000,109.49000,109.34000,109.46000
2025-01-03 08:00:00,109.47000,109.47000,109.36000,109.37000
2025-01-03 09:00:00,109.31000,109.37000,109.28000,109.30000
2025-01-03 10:00:00,109.30000,109.38000,109.24000,109.25
2025-01-03 11:00:00,109.24000,109.34000,109.20000,109.23000
2025-01-03 12:00:00,109.23000,109.36000,109.23000,109.30000
2025-01-03 13:00:00,109.29000,109.39000,109.28000,109.35000
2025-01-03 14:00:00,109.35000,109.48000,109.28000,109.36000
2025-01-03 15:00:00,109.37000,109.40000,109.31000,109.31000
2025-01-03 16:00:00,109.31000,109.36000,109.28000,109.30000
2025-01-03 17:00:00,109.30000,109.32000,109.23000,109.26000
2025-01-03 18:00:00,109.25,109.26000,109.099998,109.15000
2025-01-03 19:00:00,109.14000,109.37000,109.14000,109.27000
2025-01-03 20:00:00,109.26000,109.32000,109.14000,109.28000
2025-01-03 21:00:00,109.28000,109.29000,109.17000,109.28000
2025-01-03 22:00:00,109.27000,109.30000,109.21000,109.25
2025-01-03 23:00:00,109.26000,109.26000,109.089996,109.12000
2025-01-04 00:00:00,109.12000,109.13000,108.98000,109.050003
2025-01-04 01:00:00,109.050003,109.16000,108.94000,109
2025-01-04 02:00:00,108.98000,109.080002,108.91000,109.040001
2025-01-04 03:00:00,109.029999,109.040001,108.73000,108.75
2025-01-04 04:00:00,108.75,108.77000,108.59000,108.73000
2025-01-04 05:00:00,108.72000,108.75,108.66000,108.70000
2025-01-04 06:00:00,108.70000,108.82000,108.69000,108.82000
2025-01-04 07:00:00,108.81000,108.92000,108.79000,108.91000
2025-01-04 08:00:00,108.91000,108.97000,108.81000,108.87000
2025-01-06 09:00:00,108.81000,108.92000,108.79000,108.90000
2025-01-06 10:00:00,108.89000,109.11000,108.89000,109.089996
2025-01-06 11:00:00,109.089996,109.29000,109.080002,109.19000
2025-01-06 12:00:00,109.20000,109.47000,109.14000,109.46000
2025-01-06 13:00:00,109.46000,109.60000,109.39000,109.56000
2025-01-06 14:00:00,109.56000,109.59000,109.44000,109.51000
2025-01-06 15:00:00,109.5,109.53000,109.45000,109.5
2025-01-06 16:00:00,109.5,109.66000,109.48000,109.65000
2025-01-06 17:00:00,109.65000,109.66000,109.48000,109.51000
2025-01-06 18:00:00,109.5,109.60000,109.44000,109.58000
2025-01-06 19:00:00,109.57000,109.81000,109.55000,109.78000
2025-01-06 20:00:00,109.79000,109.79000,109.65000,109.74000
2025-01-06 21:00:00,109.74000,109.89000,109.68000,109.87000
2025-01-06 22:00:00,109.87000,110.019997,109.78000,109.93000
2025-01-06 23:00:00,109.93000,109.94000,109.40000,109.51000
2025-01-07 00:00:00,109.51000,109.54000,109.19000,109.48000
2025-01-07 01:00:00,109.48000,109.80000,109.46000,109.75
2025-01-07 02:00:00,109.77000,109.93000,109.65000,109.69000
2025-01-07 03:00:00,109.69000,109.75,109.53000,109.71000
2025-01-07 04:00:00,109.71000,109.71000,109.60000,109.66000
2025-01-07 05:00:00,109.66000,109.73000,109.57000,109.64000
2025-01-07 06:00:00,109.64000,109.92000,109.61000,109.90000
2025-01-07 07:00:00,109.89000,109.98000,109.86000,109.98000
2025-01-07 08:00:00,109.97000,110.010002,109.97000,109.99000
2025-01-07 09:00:00,109.92000,110,109.89000,109.97000
2025-01-07 10:00:00,109.99000,110.089996,109.98000,109.99000
2025-01-07 11:00:00,110,110.33000,110,110.27000
2025-01-07 12:00:00,110.26000,110.44000,110.22000,110.43000
2025-01-07 13:00:00,110.44000,110.45000,110.32000,110.43000
2025-01-07 14:00:00,110.43000,110.47000,110.37000,110.40000
2025-01-07 15:00:00,110.40000,110.43000,110.34000,110.37000
2025-01-07 16:00:00,110.37000,110.43000,110.25,110.28000
2025-01-07 17:00:00,110.28000,110.28000,110.13000,110.17000
2025-01-07 18:00:00,110.17000,110.21000,110.040001,110.080002
2025-01-07 19:00:00,110.080002,110.17000,109.99000,110.019997
2025-01-07 20:00:00,110.019997,110.24000,109.99000,110.20000
2025-01-07 21:00:00,110.20000,110.29000,110.14000,110.27000
2025-01-07 22:00:00,110.27000,110.33000,110.13000,110.18000
2025-01-07 23:00:00,110.17000,110.27000,110.14000,110.17000
2025-01-08 00:00:00,110.18000,110.25,110.089996,110.099998
2025-01-08 01:00:00,110.099998,110.16000,109.93000,110.099998
2025-01-08 02:00:00,110.099998,110.32000,110,110.11000
2025-01-08 03:00:00,110.099998,110.24000,109.95000,110.059998
2025-01-08 04:00:00,110.059998,110.18000,109.91000,109.94000
2025-01-08 05:00:00,109.94000,110.059998,109.88000,109.99000
2025-01-08 06:00:00,110,110.029999,109.95000,109.97000
2025-01-08 07:00:00,109.98000,109.98000,109.84000,109.94000
2025-01-08 08:00:00,109.94000,110.059998,109.94000,110
2025-01-08 09:00:00,110,110.029999,109.96000,110
2025-01-08 10:00:00,109.99000,110.17000,109.99000,110.14000
2025-01-08 11:00:00,110.15000,110.21000,109.95000,110.21000
2025-01-08 12:00:00,110.22000,110.22000,110.040001,110.089996
2025-01-08 13:00:00,110.089996,110.24000,110.070000,110.21000
2025-01-08 14:00:00,110.21000,110.28000,110.18000,110.24000
2025-01-08 15:00:00,110.24000,110.29000,110.22000,110.27000
2025-01-08 16:00:00,110.26000,110.29000,110.20000,110.29000
2025-01-08 17:00:00,110.29000,110.29000,110.14000,110.16000
2025-01-08 18:00:00,110.15000,110.15000,110.019997,110.099998
2025-01-08 19:00:00,110.11000,110.28000,110.11000,110.16000
2025-01-08 20:00:00,110.15000,110.16000,110.029999,110.11000
2025-01-08 21:00:00,110.11000,110.18000,110.070000,110.17000
2025-01-08 22:00:00,110.18000,110.20000,109.99000,110.059998
2025-01-08 23:00:00,110.059998,110.16000,110.019997,110.16000
2025-01-09 00:00:00,110.16000,110.17000,109.89000,109.92000
2025-01-09 01:00:00,109.92000,110.12000,109.88000,109.95000
2025-01-09 02:00:00,109.94000,110.12000,109.90000,110.080002
2025-01-09 03:00:00,110.089996,110.15000,110.019997,110.13000
2025-01-09 04:00:00,110.13000,110.18000,110.059998,110.070000
2025-01-09 05:00:00,110.070000,110.16000,110.040001,110.12000
2025-01-09 06:00:00,110.099998,110.18000,110.099998,110.14000
2025-01-09 07:00:00,110.13000,110.16000,110.070000,110.11000
2025-01-09 08:00:00,110.11000,110.23000,110.11000,110.15000
2025-01-09 09:00:00,110.080002,110.16000,110.070000,110.15000
2025-01-09 10:00:00,110.15000,110.20000,110.029999,110.040001
2025-01-09 11:00:00,110.050003,110.11000,109.96000,110.070000
2025-01-09 12:00:00,110.070000,110.11000,109.96000,109.98000
2025-01-09 13:00:00,109.98000,110.019997,109.95000,110.010002
2025-01-09 14:00:00,110.010002,110.019997,109.89000,109.90000
2025-01-09 15:00:00,109.89000,109.90000,109.72000,109.86000
2025-01-09 16:00:00,109.86000,110.050003,109.83000,109.98000
2025-01-09 17:00:00,109.98000,110.080002,109.96000,110.010002
2025-01-09 18:00:00,110.019997,110.019997,109.81000,109.88000
2025-01-09 19:00:00,109.87000,109.98000,109.86000,109.95000
2025-01-09 20:00:00,109.95000,109.99000,109.89000,109.91000
2025-01-09 21:00:00,109.91000,109.92000,109.83000,109.84000
2025-01-09 22:00:00,109.84000,109.86000,109.67000,109.70000
2025-01-09 23:00:00,109.71000,109.71000,109.53000,109.62000
2025-01-10 00:00:00,109.62000,109.69000,109.5,109.54000
2025-01-10 01:00:00,109.54000,109.64000,109.53000,109.61000
2025-01-10 02:00:00,109.61000,109.76000,109.61000,109.73000
2025-01-10 03:00:00,109.73000,109.78000,109.67000,109.78000
2025-01-10 04:00:00,109.78000,109.88000,109.76000,109.84000
2025-01-10 05:00:00,109.84000,109.90000,109.83000,109.85000
2025-01-10 06:00:00,109.85000,109.89000,109.84000,109.87000
2025-01-10 07:00:00,109.88000,109.91000,109.86000,109.91000
2025-01-10 08:00:00,109.91000,109.92000,109.85000,109.88000
2025-01-10 09:00:00,109.83000,109.89000,109.83000,109.84000
2025-01-10 10:00:00,109.84000,109.85000,109.73000,109.75
2025-01-10 11:00:00,109.74000,109.90000,109.71000,109.74000
2025-01-10 12:00:00,109.74000,109.86000,109.68000,109.81000
2025-01-10 13:00:00,109.81000,109.88000,109.79000,109.87000
2025-01-10 14:00:00,109.87000,109.87000,109.78000,109.81000
2025-01-10 15:00:00,109.80000,109.92000,109.80000,109.91000
2025-01-10 16:00:00,109.91000,109.95000,109.87000,109.89000
2025-01-10 17:00:00,109.89000,109.90000,109.79000,109.81000
2025-01-10 18:00:00,109.80000,109.98000,109.79000,109.96000
2025-01-10 19:00:00,109.96000,110.040001,109.5,109.52000
2025-01-10 20:00:00,109.52000,109.61000,109.35000,109.60000
2025-01-10 21:00:00,109.60000,109.76000,109.55000,109.73000
2025-01-10 22:00:00,109.73000,109.83000,109.66000,109.66000
2025-01-10 23:00:00,109.66000,109.70000,109.60000,109.70000
2025-01-11 00:00:00,109.69000,110.19000,109.58000,110.089996
2025-01-11 01:00:00,110.099998,110.18000,109.61000,109.77000
2025-01-11 02:00:00,109.86000,109.86000,109.18000,109.24000
2025-01-11 03:00:00,109.25,109.37000,109.15000,109.23000
2025-01-11 04:00:00,109.23000,109.39000,109.22000,109.38000
2025-01-11 05:00:00,109.39000,109.52000,109.36000,109.47000
2025-01-11 06:00:00,109.47000,109.49000,109.37000,109.44000
2025-01-11 07:00:00,109.44000,109.44000,109.33000,109.38000
2025-01-11 08:00:00,109.38000,109.41000,109.30000,109.37000
2025-01-13 09:00:00,109.42000,109.43000,109.35000,109.36000
2025-01-13 10:00:00,109.36000,109.56000,109.36000,109.54000
2025-01-13 11:00:00,109.55000,109.55000,109.41000,109.42000
2025-01-13 12:00:00,109.42000,109.44000,109.040001,109.17000
2025-01-13 13:00:00,109.17000,109.29000,109.13000,109.19000
2025-01-13 14:00:00,109.19000,109.22000,108.99000,108.99000
2025-01-13 15:00:00,109,109.11000,108.99000,109.089996
2025-01-13 16:00:00,109.089996,109.089996,108.94000,109.059998
2025-01-13 17:00:00,109.050003,109.20000,108.97000,109.16000
2025-01-13 18:00:00,109.15000,109.16000,108.93000,109.11000
2025-01-13 19:00:00,109.11000,109.32000,109.080002,109.29000
2025-01-13 20:00:00,109.29000,109.31000,108.78000,108.85000
2025-01-13 21:00:00,108.83000,109.059998,108.76000,109.040001
2025-01-13 22:00:00,109.050003,109.080002,108.93000,109.010002
2025-01-13 23:00:00,109.019997,109.13000,109,109.059998
2025-01-14 00:00:00,109.019997,109.14000,108.97000,109.11000
2025-01-14 01:00:00,109.11000,109.31000,108.91000,109.26000
2025-01-14 02:00:00,109.25,109.33000,109.15000,109.24000
2025-01-14 03:00:00,109.24000,109.43000,109.20000,109.30000
2025-01-14 04:00:00,109.30000,109.34000,109.14000,109.20000
2025-01-14 05:00:00,109.19000,109.35000,109.17000,109.31000
2025-01-14 06:00:00,109.31000,109.52000,109.28000,109.51000
2025-01-14 07:00:00,109.5,109.51000,109.38000,109.5
2025-01-14 08:00:00,109.49000,109.59000,109.42000,109.53000
2025-01-14 09:00:00,109.58000,109.63000,109.45000,109.60000
2025-01-14 10:00:00,109.59000,109.65000,109.49000,109.51000
2025-01-14 11:00:00,109.52000,109.60000,109.40000,109.56000
2025-01-14 12:00:00,109.55000,109.87000,109.39000,109.52000
2025-01-14 13:00:00,109.52000,109.68000,109.46000,109.65000
2025-01-14 14:00:00,109.65000,109.75,109.57000,109.59000
2025-01-14 15:00:00,109.59000,109.64000,109.52000,109.54000
2025-01-14 16:00:00,109.54000,109.64000,109.45000,109.56000
2025-01-14 17:00:00,109.56000,109.68000,109.51000,109.54000
2025-01-14 18:00:00,109.54000,109.61000,109.42000,109.58000
2025-01-14 19:00:00,109.58000,109.79000,109.52000,109.75
2025-01-14 20:00:00,109.75,109.95000,109.74000,109.85000
2025-01-14 21:00:00,109.87000,109.89000,109.75,109.76000
2025-01-14 22:00:00,109.75,109.85000,109.75,109.83000
2025-01-14 23:00:00,109.83000,109.92000,109.68000,109.70000
2025-01-15 00:00:00,109.69000,109.75,109.54000,109.60000
2025-01-15 01:00:00,109.60000,109.71000,109.54000,109.67000
2025-01-15 02:00:00,109.67000,110.16000,109.67000,110.050003
2025-01-15 03:00:00,110.059998,110.11000,109.89000,109.92000
2025-01-15 04:00:00,109.92000,110.080002,109.86000,110.070000
2025-01-15 05:00:00,110.059998,110.11000,109.99000,110.080002
2025-01-15 06:00:00,110.070000,110.11000,109.94000,109.95000
2025-01-15 07:00:00,109.95000,110.040001,109.89000,110.029999
2025-01-15 08:00:00,110.019997,110.12000,110.010002,110.070000
2025-01-15 09:00:00,110.059998,110.18000,110.059998,110.080002
2025-01-15 10:00:00,110.070000,110.14000,110.050003,110.13000
2025-01-15 11:00:00,110.13000,110.15000,110.019997,110.040001
2025-01-15 12:00:00,110.040001,110.13000,109.96000,109.99000
2025-01-15 13:00:00,110,110.040001,109.98000,110.019997
2025-01-15 14:00:00,110.010002,110.040001,109.95000,110.010002
2025-01-15 15:00:00,110.010002,110.040001,109.80000,109.82000
2025-01-15 16:00:00,109.82000,109.82000,109.46000,109.54000
2025-01-15 17:00:00,109.54000,109.66000,109.51000,109.57000
2025-01-15 18:00:00,109.58000,109.58000,109.36000,109.39000
2025-01-15 19:00:00,109.38000,109.56000,109.34000,109.47000
2025-01-15 20:00:00,109.47000,109.5,109.24000,109.34000
2025-01-15 21:00:00,109.34000,109.39000,109.27000,109.31000
2025-01-15 22:00:00,109.31000,109.48000,109.26000,109.46000
2025-01-15 23:00:00,109.46000,109.48000,109.25,109.34000
2025-01-16 00:00:00,109.34000,109.47000,109.20000,109.31000
2025-01-16 01:00:00,109.31000,109.34000,108.99000,109.070000
2025-01-16 02:00:00,109.070000,109.14000,108.92000,108.99000
2025-01-16 03:00:00,108.99000,109.25,108.99000,109.20000
2025-01-16 04:00:00,109.20000,109.22000,109.15000,109.19000
2025-01-16 05:00:00,109.19000,109.21000,109.099998,109.21000
2025-01-16 06:00:00,109.20000,109.25,109.18000,109.20000
2025-01-16 07:00:00,109.20000,109.22000,109.17000,109.21000
2025-01-16 08:00:00,109.19000,109.22000,109.070000,109.089996
2025-01-16 09:00:00,109.080002,109.20000,109,109.089996
2025-01-16 10:00:00,109.089996,109.12000,109.029999,109.070000
2025-01-16 11:00:00,109.070000,109.22000,109.029999,109.050003
2025-01-16 12:00:00,109.040001,109.040001,108.43000,108.48000
2025-01-16 13:00:00,108.47000,108.57000,108.24000,108.53000
2025-01-16 14:00:00,108.52000,108.61000,108.51000,108.55000
2025-01-16 15:00:00,108.55000,108.66000,108.46000,108.66000
2025-01-16 16:00:00,108.65000,108.71000,108.62000,108.68000
2025-01-16 17:00:00,108.68000,108.84000,108.64000,108.73000
2025-01-16 18:00:00,108.73000,108.85000,108.69000,108.81000
2025-01-16 19:00:00,108.81000,108.85000,108.44000,108.48000
2025-01-16 20:00:00,108.48000,108.54000,108.29000,108.34000
2025-01-16 21:00:00,108.34000,108.41000,108.27000,108.33000
2025-01-16 22:00:00,108.32000,108.46000,108.30000,108.40000
2025-01-16 23:00:00,108.40000,108.62000,108.40000,108.57000
2025-01-17 00:00:00,108.57000,108.67000,108.36000,108.43000
2025-01-17 01:00:00,108.43000,108.60000,108.35000,108.53000
2025-01-17 02:00:00,108.53000,108.57000,108,108.040001
2025-01-17 03:00:00,108.040001,108.13000,107.82000,108.11000
2025-01-17 04:00:00,108.11000,108.16000,107.91000,107.94000
2025-01-17 05:00:00,107.94000,108.019997,107.85000,107.96000
2025-01-17 06:00:00,107.96000,107.97000,107.81000,107.89000
2025-01-17 07:00:00,107.89000,107.91000,107.80000,107.81000
2025-01-17 08:00:00,107.80000,107.86000,107.78000,107.84000
2025-01-17 09:00:00,107.94000,107.94000,107.77000,107.78000
2025-01-17 10:00:00,107.78000,107.96000,107.78000,107.93000
2025-01-17 11:00:00,107.93000,108.010002,107.65000,107.79000
2025-01-17 12:00:00,107.79000,107.93000,107.75,107.79000
2025-01-17 13:00:00,107.79000,107.96000,107.76000,107.94000
2025-01-17 14:00:00,107.94000,108.010002,107.91000,107.99000
2025-01-17 15:00:00,107.99000,108.029999,107.88000,107.90000
2025-01-17 16:00:00,107.90000,108.080002,107.88000,108.010002
2025-01-17 17:00:00,108.010002,108.080002,107.97000,108.040001
2025-01-17 18:00:00,108.029999,108.11000,107.96000,108.010002
2025-01-17 19:00:00,108.010002,108.089996,107.87000,108.070000
2025-01-17 20:00:00,108.070000,108.13000,107.90000,108.050003
2025-01-17 21:00:00,108.050003,108.12000,107.99000,108.11000
2025-01-17 22:00:00,108.11000,108.11000,107.99000,108.029999
2025-01-17 23:00:00,108.029999,108.040001,107.83000,107.90000
2025-01-18 00:00:00,107.90000,107.90000,107.77000,107.85000
2025-01-18 01:00:00,107.85000,108.30000,107.70000,108.25
2025-01-18 02:00:00,108.25,108.43000,108.19000,108.40000
2025-01-18 03:00:00,108.39000,108.52000,108.36000,108.39000
2025-01-18 04:00:00,108.38000,108.40000,108.21000,108.22000
2025-01-18 05:00:00,108.23000,108.25,108.050003,108.070000
2025-01-18 06:00:00,108.070000,108.089996,107.97000,107.98000
2025-01-18 07:00:00,107.98000,107.98000,107.90000,107.94000
2025-01-18 08:00:00,107.94000,107.96000,107.88000,107.91000
2025-01-20 09:00:00,108.029999,108.050003,107.98000,107.99000
2025-01-20 10:00:00,107.98000,108.099998,107.93000,108.019997
2025-01-20 11:00:00,108.029999,108.070000,107.86000,107.87000
2025-01-20 12:00:00,107.87000,107.92000,107.77000,107.87000
2025-01-20 13:00:00,107.87000,107.96000,107.85000,107.90000
2025-01-20 14:00:00,107.90000,107.92000,107.77000,107.82000
2025-01-20 15:00:00,107.82000,107.99000,107.81000,107.95000
2025-01-20 16:00:00,107.95000,108,107.90000,108
2025-01-20 17:00:00,108,108.13000,107.95000,108.11000
2025-01-20 18:00:00,108.11000,108.18000,107.96000,107.99000
2025-01-20 19:00:00,107.99000,108.059998,107.90000,107.97000
2025-01-20 20:00:00,107.97000,108.050003,107.94000,107.95000
2025-01-20 21:00:00,107.95000,108.099998,107.95000,108.080002
2025-01-20 22:00:00,108.070000,108.18000,108.059998,108.11000
2025-01-20 23:00:00,108.11000,108.21000,108.070000,108.18000
2025-01-21 00:00:00,108.18000,108.84000,108.089996,108.81000
2025-01-21 01:00:00,108.79000,109.010002,108.62000,108.81000
2025-01-21 02:00:00,108.82000,109.019997,108.51000,108.57000
2025-01-21 03:00:00,108.58000,108.74000,108.54000,108.71000
2025-01-21 04:00:00,108.71000,108.78000,108.5,108.69000
2025-01-21 05:00:00,108.69000,108.73000,108.63000,108.68000
2025-01-21 06:00:00,108.68000,108.88000,108.68000,108.81000
2025-01-21 07:00:00,108.81000,108.88000,108.74000,108.74000
2025-01-21 08:00:00,108.76000,108.80000,108.68000,108.79000
2025-01-21 09:00:00,108.81000,108.82000,108.71000,108.76000
2025-01-21 10:00:00,108.73000,108.78000,108.49000,108.57000
2025-01-21 11:00:00,108.57000,108.58000,107.34000,107.92000
2025-01-21 12:00:00,107.92000,108.31000,107.63000,107.71000
2025-01-21 13:00:00,107.72000,107.74000,107.53000,107.61000
2025-01-21 14:00:00,107.60000,107.72000,107.48000,107.65000
2025-01-21 15:00:00,107.66000,107.66000,107.52000,107.55000
2025-01-21 16:00:00,107.55000,107.69000,107.53000,107.61000
2025-01-21 17:00:00,107.62000,107.74000,107.60000,107.72000
2025-01-21 18:00:00,107.71000,107.82000,107.62000,107.72000
2025-01-21 19:00:00,107.72000,107.95000,107.69000,107.93000
2025-01-21 20:00:00,107.93000,108.11000,107.91000,108.089996
2025-01-21 21:00:00,108.089996,108.13000,107.98000,108.050003
2025-01-21 22:00:00,108.050003,108.050003,107.91000,107.93000
2025-01-21 23:00:00,107.93000,107.94000,107.83000,107.89000
2025-01-22 00:00:00,107.90000,108.019997,107.62000,107.62000
2025-01-22 01:00:00,107.63000,108.019997,107.59000,107.93000
2025-01-22 02:00:00,107.93000,108.21000,107.89000,108.040001
2025-01-22 03:00:00,108.040001,108.52000,108.019997,108.52000
2025-01-22 04:00:00,108.51000,108.59000,108.48000,108.53000
2025-01-22 05:00:00,108.53000,108.56000,108.47000,108.51000
2025-01-22 06:00:00,108.51000,108.54000,108.49000,108.52000
2025-01-22 07:00:00,108.52000,108.54000,108.44000,108.47000
2025-01-22 08:00:00,108.47000,108.67000,108.47000,108.59000
2025-01-22 09:00:00,108.57000,108.61000,108.51000,108.52000
2025-01-22 10:00:00,108.52000,108.66000,108.48000,108.60000
2025-01-22 11:00:00,108.61000,108.67000,108.46000,108.51000
2025-01-22 12:00:00,108.51000,108.63000,108.47000,108.60000
2025-01-22 13:00:00,108.59000,108.70000,108.57000,108.69000
2025-01-22 14:00:00,108.69000,108.79000,108.63000,108.75
2025-01-22 15:00:00,108.75,108.75,108.66000,108.68000
2025-01-22 16:00:00,108.67000,108.74000,108.66000,108.69000
2025-01-22 17:00:00,108.69000,108.73000,108.57000,108.64000
2025-01-22 18:00:00,108.64000,108.89000,108.61000,108.86000
2025-01-22 19:00:00,108.86000,108.95000,108.59000,108.68000
2025-01-22 20:00:00,108.68000,108.76000,108.61000,108.65000
2025-01-22 21:00:00,108.66000,108.87000,108.65000,108.78000
2025-01-22 22:00:00,108.78000,108.93000,108.73000,108.75
2025-01-22 23:00:00,108.75,108.81000,108.64000,108.66000
2025-01-23 00:00:00,108.66000,108.74000,108.52000,108.61000
2025-01-23 01:00:00,108.61000,108.66000,108.52000,108.62000
2025-01-23 02:00:00,108.62000,108.81000,108.47000,108.80000
2025-01-23 03:00:00,108.79000,109.080002,108.78000,109.070000
2025-01-23 04:00:00,109.070000,109.070000,108.98000,109.019997
2025-01-23 05:00:00,109.019997,109.050003,108.94000,109
2025-01-23 06:00:00,109,109.010002,108.90000,108.92000
2025-01-23 07:00:00,108.92000,108.95000,108.79000,108.81000
2025-01-23 08:00:00,108.81000,108.88000,108.79000,108.86000
2025-01-23 09:00:00,108.82000,108.89000,108.77000,108.77000
2025-01-23 10:00:00,108.79000,108.79000,108.61000,108.68000
2025-01-23 11:00:00,108.68000,108.72000,108.63000,108.71000
2025-01-23 12:00:00,108.71000,108.78000,108.64000,108.77000
2025-01-23 13:00:00,108.77000,108.81000,108.67000,108.77000
2025-01-23 14:00:00,108.77000,108.83000,108.75,108.75
2025-01-23 15:00:00,108.75,108.86000,108.74000,108.84000
2025-01-23 16:00:00,108.84000,108.91000,108.84000,108.89000
2025-01-23 17:00:00,108.89000,108.90000,108.76000,108.81000
2025-01-23 18:00:00,108.81000,108.90000,108.73000,108.85000
2025-01-23 19:00:00,108.85000,108.88000,108.71000,108.72000
2025-01-23 20:00:00,108.72000,108.82000,108.66000,108.69000
2025-01-23 21:00:00,108.69000,108.70000,108.56000,108.68000
2025-01-23 22:00:00,108.68000,108.78000,108.65000,108.76000
2025-01-23 23:00:00,108.75,108.78000,108.59000,108.63000
2025-01-24 00:00:00,108.63000,108.64000,108.36000,108.46000
2025-01-24 01:00:00,108.45000,108.81000,108.44000,108.66000
2025-01-24 02:00:00,108.66000,108.84000,108.56000,108.61000
2025-01-24 03:00:00,108.62000,108.68000,108.47000,108.64000
2025-01-24 04:00:00,108.64000,108.79000,108.64000,108.75
2025-01-24 05:00:00,108.75,108.75,108.63000,108.68000
2025-01-24 06:00:00,108.68000,108.71000,108.47000,108.5
2025-01-24 07:00:00,108.5,108.58000,108.39000,108.51000
2025-01-24 08:00:00,108.52000,108.56000,108.49000,108.51000
2025-01-24 09:00:00,108.51000,108.52000,108.48000,108.49000
2025-01-24 10:00:00,108.5,108.63000,108.45000,108.60000
2025-01-24 11:00:00,108.60000,108.71000,108.52000,108.69000
2025-01-24 12:00:00,108.69000,108.75,108.60000,108.74000
2025-01-24 13:00:00,108.75,108.94000,108.74000,108.86000
2025-01-24 14:00:00,108.86000,109.040001,108.39000,108.47000
2025-01-24 15:00:00,108.47000,108.49000,108.080002,108.25
2025-01-24 16:00:00,108.25,108.47000,108.20000,108.41000
2025-01-24 17:00:00,108.41000,108.67000,108.099998,108.41000
2025-01-24 18:00:00,108.42000,108.54000,108.27000,108.33000
2025-01-24 19:00:00,108.32000,108.47000,108.059998,108.44000
2025-01-24 20:00:00,108.44000,108.65000,108.28000,108.61000
2025-01-24 21:00:00,108.61000,108.87000,108.60000,108.82000
2025-01-24 22:00:00,108.83000,108.94000,108.78000,108.90000
2025-01-24 23:00:00,108.90000,109.099998,108.81000,109.089996
2025-01-25 00:00:00,109.089996,109.23000,109.029999,109.14000
2025-01-25 01:00:00,109.14000,109.26000,108.96000,109.029999
2025-01-25 02:00:00,109.019997,109.070000,108.63000,108.69000
2025-01-25 03:00:00,108.69000,108.72000,108.51000,108.56000
2025-01-25 04:00:00,108.56000,108.66000,108.52000,108.63000
2025-01-25 05:00:00,108.63000,108.80000,108.62000,108.73000
2025-01-25 06:00:00,108.73000,108.75,108.62000,108.64000
2025-01-25 07:00:00,108.64000,108.73000,108.63000,108.68000
2025-01-25 08:00:00,108.67000,108.78000,108.67000,108.78000
2025-01-27 09:00:00,108.41000,108.43000,108.36000,108.40000
2025-01-27 10:00:00,108.40000,108.44000,108.19000,108.25
2025-01-27 11:00:00,108.25,108.36000,108.099998,108.19000
2025-01-27 12:00:00,108.20000,108.25,108.040001,108.099998
2025-01-27 13:00:00,108.099998,108.20000,108,108.18000
2025-01-27 14:00:00,108.17000,108.39000,108.16000,108.37000
2025-01-27 15:00:00,108.37000,108.51000,108.36000,108.49000
2025-01-27 16:00:00,108.49000,108.5,108.39000,108.5
2025-01-27 17:00:00,108.5,108.62000,108.46000,108.48000
2025-01-27 18:00:00,108.48000,108.48000,108.20000,108.25
2025-01-27 19:00:00,108.25,108.29000,107.82000,107.90000
2025-01-27 20:00:00,107.89000,107.93000,107.51000,107.60000
2025-01-27 21:00:00,107.60000,107.60000,107.13000,107.25
2025-01-27 22:00:00,107.24000,107.36000,107.080002,107.21000
2025-01-27 23:00:00,107.21000,107.5,107.13000,107.42000
2025-01-28 00:00:00,107.42000,107.58000,107.31000,107.40000
2025-01-28 01:00:00,107.41000,107.44000,107.099998,107.36000
2025-01-28 02:00:00,107.36000,107.5,107.16000,107.30000
2025-01-28 03:00:00,107.30000,107.37000,107.070000,107.18000
2025-01-28 04:00:00,107.18000,107.32000,107.16000,107.17000
2025-01-28 05:00:00,107.17000,107.45000,107.12000,107.36000
2025-01-28 06:00:00,107.36000,107.59000,107.36000,107.5
2025-01-28 07:00:00,107.5,107.64000,107.45000,107.56000
2025-01-28 08:00:00,107.56000,107.61000,107.48000,107.5
2025-01-28 09:00:00,107.52000,107.56000,107.47000,107.55000
2025-01-28 10:00:00,107.55000,107.64000,107.40000,107.54000
2025-01-28 11:00:00,107.54000,107.81000,107.51000,107.81000
2025-01-28 12:00:00,107.81000,108.089996,107.81000,108
2025-01-28 13:00:00,107.99000,108.14000,107.97000,108.070000
2025-01-28 14:00:00,108.070000,108.19000,108.019997,108.16000
2025-01-28 15:00:00,108.16000,108.29000,108.14000,108.23000
2025-01-28 16:00:00,108.22000,108.26000,108.11000,108.14000
2025-01-28 17:00:00,108.14000,108.22000,108.029999,108.18000
2025-01-28 18:00:00,108.18000,108.28000,108.13000,108.21000
2025-01-28 19:00:00,108.21000,108.24000,107.98000,108.11000
2025-01-28 20:00:00,108.11000,108.26000,107.89000,107.97000
2025-01-28 21:00:00,107.97000,108.019997,107.77000,107.88000
2025-01-28 22:00:00,107.88000,107.91000,107.73000,107.83000
2025-01-28 23:00:00,107.83000,107.86000,107.70000,107.71000
2025-01-29 00:00:00,107.71000,108.019997,107.70000,107.97000
2025-01-29 01:00:00,107.97000,108.20000,107.79000,107.98000
2025-01-29 02:00:00,107.96000,108.23000,107.94000,108.20000
2025-01-29 03:00:00,108.20000,108.27000,108.070000,108.16000
2025-01-29 04:00:00,108.16000,108.21000,108.080002,108.089996
2025-01-29 05:00:00,108.089996,108.17000,108,108.11000
2025-01-29 06:00:00,108.11000,108.11000,108.010002,108.050003
2025-01-29 07:00:00,108.050003,108.080002,108,108.029999
2025-01-29 08:00:00,108.019997,108.059998,107.98000,108
2025-01-29 09:00:00,108.080002,108.099998,108.010002,108.029999
2025-01-29 10:00:00,108.019997,108.059998,108,108.010002
2025-01-29 11:00:00,108.010002,108.089996,107.94000,108.040001
2025-01-29 12:00:00,108.050003,108.16000,108.040001,108.12000
2025-01-29 13:00:00,108.12000,108.17000,108.050003,108.089996
2025-01-29 14:00:00,108.089996,108.089996,107.89000,107.97000
2025-01-29 15:00:00,107.97000,107.98000,107.83000,107.87000
2025-01-29 16:00:00,107.87000,107.88000,107.66000,107.67000
2025-01-29 17:00:00,107.68000,107.90000,107.68000,107.81000
2025-01-29 18:00:00,107.81000,107.86000,107.71000,107.74000
2025-01-29 19:00:00,107.75,107.77000,107.55000,107.60000
2025-01-29 20:00:00,107.59000,107.67000,107.55000,107.66000
2025-01-29 21:00:00,107.66000,107.73000,107.66000,107.70000
2025-01-29 22:00:00,107.70000,107.83000,107.65000,107.73000
2025-01-29 23:00:00,107.72000,107.74000,107.60000,107.64000
2025-01-30 00:00:00,107.64000,107.64000,107.38000,107.46000
2025-01-30 01:00:00,107.45000,107.72000,107.39000,107.47000
2025-01-30 02:00:00,107.48000,107.59000,107.27000,107.33000
2025-01-30 03:00:00,107.33000,107.58000,107.32000,107.55000
2025-01-30 04:00:00,107.55000,107.74000,107.5,107.52000
2025-01-30 05:00:00,107.52000,107.59000,107.44000,107.56000
2025-01-30 06:00:00,107.54000,107.79000,107.54000,107.66000
2025-01-30 07:00:00,107.66000,107.72000,107.62000,107.69000
2025-01-30 08:00:00,107.70000,107.71000,107.60000,107.64000
2025-01-30 09:00:00,107.62000,107.68000,107.60000,107.63000
2025-01-30 10:00:00,107.62000,107.81000,107.59000,107.80000
2025-01-30 11:00:00,107.80000,107.80000,107.37000,107.41000
2025-01-30 12:00:00,107.41000,107.41000,107.18000,107.30000
2025-01-30 13:00:00,107.30000,107.31000,107.059998,107.089996
2025-01-30 14:00:00,107.089996,107.23000,107.040001,107.19000
2025-01-30 15:00:00,107.20000,107.27000,107.17000,107.22000
2025-01-30 16:00:00,107.23000,107.24000,107.089996,107.11000
2025-01-30 17:00:00,107.11000,107.24000,106.98000,107.040001
2025-01-30 18:00:00,107.040001,107.25,106.97000,107.17000
2025-01-30 19:00:00,107.23000,107.31000,107.15000,107.23000
2025-01-30 20:00:00,107.23000,107.25,107.13000,107.20000
2025-01-30 21:00:00,107.19000,107.25,107.12000,107.21000
2025-01-30 22:00:00,107.21000,107.30000,107.18000,107.27000
2025-01-30 23:00:00,107.26000,107.26000,106.94000,106.96000
2025-01-31 00:00:00,106.96000,107,106.77000,106.83000
2025-01-31 01:00:00,106.82000,107.050003,106.79000,106.88000
2025-01-31 02:00:00,106.87000,106.99000,106.74000,106.98000
2025-01-31 03:00:00,106.99000,107.19000,106.93000,107.15000
2025-01-31 04:00:00,107.15000,107.16000,107,107.050003
2025-01-31 05:00:00,107.050003,107.28000,107.050003,107.21000
2025-01-31 06:00:00,107.21000,107.21000,106.93000,106.93000
2025-01-31 07:00:00,106.93000,106.98000,105.76000,106.51000
2025-01-31 08:00:00,106.5,106.59000,106.30000,106.48000
2025-01-31 09:00:00,106.46000,106.47000,106.34000,106.42000
2025-01-31 10:00:00,106.47000,106.58000,106.29000,106.32000
2025-01-31 11:00:00,106.33000,106.49000,106.32000,106.45000
2025-01-31 12:00:00,106.44000,106.46000,106.24000,106.40000
2025-01-31 13:00:00,106.40000,106.52000,106.28000,106.5
2025-01-31 14:00:00,106.49000,106.62000,106.44000,106.58000
2025-01-31 15:00:00,106.58000,106.67000,106.53000,106.66000
2025-01-31 16:00:00,106.66000,106.96000,106.66000,106.87000
2025-01-31 17:00:00,106.87000,107.029999,106.83000,106.96000
2025-01-31 18:00:00,106.96000,107.19000,106.91000,107.12000
2025-01-31 19:00:00,107.12000,107.16000,106.84000,106.86000
2025-01-31 20:00:00,106.81000,106.86000,106.66000,106.86000
2025-01-31 21:00:00,106.86000,106.88000,106.77000,106.77000
2025-01-31 22:00:00,106.77000,106.90000,106.66000,106.89000
2025-01-31 23:00:00,106.90000,106.98000,106.88000,106.92000
2025-02-01 00:00:00,106.91000,107.099998,106.82000,106.85000
2025-02-01 01:00:00,106.84000,106.85000,106.45000,106.51000
2025-02-01 02:00:00,106.51000,106.98000,106.46000,106.91000
2025-02-01 03:00:00,106.91000,107.24000,106.87000,107.13000
2025-02-01 04:00:00,107.13000,107.70000,107.010002,107.47000
2025-02-01 05:00:00,107.47000,107.60000,106.84000,106.95000
2025-02-01 06:00:00,106.95000,106.96000,106.75,106.92000
2025-02-01 07:00:00,106.92000,107.050003,106.60000,106.69000
2025-02-01 08:00:00,106.68000,106.89000,106.62000,106.84000
2025-02-03 09:00:00,105.029999,105.34000,105.029999,105.17000
2025-02-03 10:00:00,105.17000,105.67000,105.14000,105.59000
2025-02-03 11:00:00,105.59000,106,105.56000,105.64000
2025-02-03 12:00:00,105.64000,105.90000,105.54000,105.59000
2025-02-03 13:00:00,105.58000,105.69000,105.18000,105.23000
2025-02-03 14:00:00,105.23000,105.37000,105.18000,105.34000
2025-02-03 15:00:00,105.35000,105.61000,105.35000,105.59000
2025-02-03 16:00:00,105.59000,105.65000,105.46000,105.64000
2025-02-03 17:00:00,105.64000,105.71000,105.41000,105.61000
2025-02-03 18:00:00,105.61000,105.91000,105.59000,105.74000
2025-02-03 19:00:00,105.75,105.97000,105.71000,105.79000
2025-02-03 20:00:00,105.79000,105.82000,105.49000,105.5
2025-02-03 21:00:00,105.5,105.69000,105.5,105.60000
2025-02-03 22:00:00,105.60000,105.62000,105.18000,105.36000
2025-02-03 23:00:00,105.37000,105.40000,105.23000,105.36000
2025-02-04 00:00:00,105.36000,105.81000,105.36000,105.44000
2025-02-04 01:00:00,105.44000,105.57000,105.17000,105.29000
2025-02-04 02:00:00,105.39000,106.33000,104.91000,106.19000
2025-02-04 03:00:00,106.19000,106.25,105.67000,105.95000
2025-02-04 04:00:00,105.95000,106.41000,105.69000,106.080002
2025-02-04 05:00:00,106.080002,106.40000,105.95000,106.32000
2025-02-04 06:00:00,106.32000,106.51000,106.25,106.28000
2025-02-04 07:00:00,106.28000,106.33000,106.12000,106.20000
2025-02-04 08:00:00,106.20000,107.52000,106.16000,107.27000
2025-02-04 09:00:00,107.30000,107.5,107.24000,107.44000
2025-02-04 10:00:00,107.45000,107.79000,107.43000,107.67000
2025-02-04 11:00:00,107.67000,107.70000,107.44000,107.53000
2025-02-04 12:00:00,107.53000,107.59000,107.29000,107.36000
2025-02-04 13:00:00,107.36000,107.39000,107.23000,107.31000
2025-02-04 14:00:00,107.31000,107.33000,107.25,107.28000
2025-02-04 15:00:00,107.28000,107.34000,107.21000,107.24000
2025-02-04 16:00:00,107.23000,107.26000,106.79000,107.17000
2025-02-04 17:00:00,107.17000,107.33000,107.13000,107.33000
2025-02-04 18:00:00,107.32000,107.61000,107.32000,107.58000
2025-02-04 19:00:00,107.58000,107.69000,107.31000,107.43000
2025-02-04 20:00:00,107.43000,107.71000,107.36000,107.69000
2025-02-04 21:00:00,107.69000,107.73000,107.58000,107.69000
2025-02-04 22:00:00,107.69000,107.73000,107.56000,107.60000
2025-02-04 23:00:00,107.60000,107.71000,107.57000,107.71000
2025-02-05 00:00:00,107.72000,108,107.69000,107.95000
2025-02-05 01:00:00,107.95000,108.010002,107.77000,107.88000
2025-02-05 02:00:00,107.89000,107.96000,107.64000,107.96000
2025-02-05 03:00:00,107.96000,108.029999,107.83000,107.93000
2025-02-05 04:00:00,107.94000,107.97000,107.52000,107.58000
2025-02-05 05:00:00,107.57000,107.68000,107.48000,107.66000
2025-02-05 06:00:00,107.66000,107.87000,107.61000,107.86000
2025-02-05 07:00:00,107.85000,107.86000,107.74000,107.75
2025-02-05 08:00:00,107.75,107.79000,107.68000,107.79000
2025-02-05 09:00:00,107.79000,107.79000,107.71000,107.75
2025-02-05 10:00:00,107.75,107.83000,107.5,107.5
2025-02-05 11:00:00,107.5,107.69000,107.39000,107.41000
2025-02-05 12:00:00,107.42000,107.42000,107.12000,107.17000
2025-02-05 13:00:00,107.17000,107.18000,106.93000,107.080002
2025-02-05 14:00:00,107.080002,107.12000,106.88000,106.91000
2025-02-05 15:00:00,106.91000,106.99000,106.85000,106.96000
2025-02-05 16:00:00,106.96000,107.080002,106.94000,107.010002
2025-02-05 17:00:00,107.010002,107.070000,106.87000,106.90000
2025-02-05 18:00:00,106.90000,107.16000,106.84000,107.14000
2025-02-05 19:00:00,107.16000,107.35000,107.050003,107.15000
2025-02-05 20:00:00,107.16000,107.22000,106.91000,107
2025-02-05 21:00:00,106.99000,106.99000,106.86000,106.93000
2025-02-05 22:00:00,106.93000,107.010002,106.84000,107
2025-02-05 23:00:00,107,107.059998,106.88000,107.010002
2025-02-06 00:00:00,107.010002,107.24000,107.010002,107.080002
2025-02-06 01:00:00,107.080002,107.30000,106.91000,106.94000
2025-02-06 02:00:00,106.81000,106.89000,106.48000,106.5
2025-02-06 03:00:00,106.5,106.68000,106.48000,106.66000
2025-02-06 04:00:00,106.66000,106.75,106.53000,106.56000
2025-02-06 05:00:00,106.56000,106.65000,106.42000,106.45000
2025-02-06 06:00:00,106.45000,106.58000,106.44000,106.55000
2025-02-06 07:00:00,106.56000,106.70000,106.55000,106.68000
2025-02-06 08:00:00,106.68000,106.74000,106.58000,106.64000
2025-02-06 09:00:00,106.63000,106.63000,106.54000,106.58000
2025-02-06 10:00:00,106.59000,106.70000,106.53000,106.65000
2025-02-06 11:00:00,106.64000,106.64000,106.38000,106.40000
2025-02-06 12:00:00,106.39000,106.42000,106.050003,106.22000
2025-02-06 13:00:00,106.21000,106.30000,106.12000,106.27000
2025-02-06 14:00:00,106.27000,106.28000,106.12000,106.22000
2025-02-06 15:00:00,106.22000,106.27000,106.12000,106.19000
2025-02-06 16:00:00,106.19000,106.36000,106.11000,106.24000
2025-02-06 17:00:00,106.24000,106.38000,106.23000,106.36000
2025-02-06 18:00:00,106.36000,106.44000,106.19000,106.26000
2025-02-06 19:00:00,106.27000,106.37000,106.19000,106.32000
2025-02-06 20:00:00,106.32000,106.47000,106.24000,106.32000
2025-02-06 21:00:00,106.33000,106.37000,106.21000,106.25
2025-02-06 22:00:00,106.26000,106.27000,106.17000,106.18000
2025-02-06 23:00:00,106.17000,106.22000,106.050003,106.22000
2025-02-07 00:00:00,106.22000,106.30000,105.99000,106.040001
2025-02-07 01:00:00,106.050003,106.18000,105.97000,106.040001
2025-02-07 02:00:00,106.040001,106.15000,105.87000,105.93000
2025-02-07 03:00:00,105.93000,106.24000,105.92000,106.21000
2025-02-07 04:00:00,106.21000,106.25,106.12000,106.14000
2025-02-07 05:00:00,106.14000,106.20000,105.76000,105.79000
2025-02-07 06:00:00,105.79000,105.83000,105.65000,105.74000
2025-02-07 07:00:00,105.74000,105.95000,105.74000,105.95000
2025-02-07 08:00:00,105.93000,105.95000,105.80000,105.80000
2025-02-07 09:00:00,105.77000,105.88000,105.77000,105.85000
2025-02-07 10:00:00,105.87000,105.88000,105.65000,105.67000
2025-02-07 11:00:00,105.66000,105.75,105.5,105.63000
2025-02-07 12:00:00,105.64000,106,105.63000,105.96000
2025-02-07 13:00:00,105.96000,106.099998,105.92000,105.98000
2025-02-07 14:00:00,105.98000,106.019997,105.85000,105.88000
2025-02-07 15:00:00,105.88000,105.94000,105.83000,105.93000
2025-02-07 16:00:00,105.93000,105.98000,105.88000,105.92000
2025-02-07 17:00:00,105.92000,106.040001,105.83000,106.040001
2025-02-07 18:00:00,106.040001,106.14000,106,106.080002
2025-02-07 19:00:00,106.070000,106.16000,105.98000,106.070000
2025-02-07 20:00:00,106.070000,106.11000,106.029999,106.089996
2025-02-07 21:00:00,106.089996,106.25,106.080002,106.22000
2025-02-07 22:00:00,106.22000,106.23000,106.12000,106.17000
2025-02-07 23:00:00,106.17000,106.18000,105.98000,106.029999
2025-02-08 00:00:00,106.029999,106.47000,105.87000,106.23000
2025-02-08 01:00:00,106.23000,106.29000,106.019997,106.040001
2025-02-08 02:00:00,106.099998,106.23000,105.57000,105.86000
2025-02-08 03:00:00,105.86000,105.96000,105.39000,105.73000
2025-02-08 04:00:00,105.72000,106.15000,105.69000,106.12000
2025-02-08 05:00:00,106.12000,106.23000,105.85000,105.88000
2025-02-08 06:00:00,105.89000,106.12000,105.85000,105.99000
2025-02-08 07:00:00,105.98000,105.98000,105.85000,105.96000
2025-02-08 08:00:00,105.95000,106,105.91000,105.93000
2025-02-10 09:00:00,105.31000,105.56000,105.23000,105.55000
2025-02-10 10:00:00,105.55000,105.98000,105.55000,105.97000
2025-02-10 11:00:00,105.97000,105.99000,105.82000,105.97000
2025-02-10 12:00:00,105.97000,106.12000,105.94000,105.95000
2025-02-10 13:00:00,105.95000,106.040001,105.88000,105.99000
2025-02-10 14:00:00,105.99000,106.010002,105.83000,105.93000
2025-02-10 15:00:00,105.93000,105.96000,105.86000,105.92000
2025-02-10 16:00:00,105.92000,106.050003,105.92000,105.94000
2025-02-10 17:00:00,105.94000,105.96000,105.82000,105.96000
2025-02-10 18:00:00,105.96000,106.070000,105.88000,106.059998
2025-02-10 19:00:00,106.070000,106.40000,106.059998,106.30000
2025-02-10 20:00:00,106.30000,106.45000,106.24000,106.24000
2025-02-10 21:00:00,106.24000,106.27000,106.11000,106.11000
2025-02-10 22:00:00,106.11000,106.16000,106.059998,106.089996
2025-02-10 23:00:00,106.089996,106.19000,106.029999,106.070000
2025-02-11 00:00:00,106.059998,106.070000,105.87000,105.93000
2025-02-11 01:00:00,105.93000,105.95000,105.72000,105.78000
2025-02-11 02:00:00,105.78000,105.93000,105.73000,105.88000
2025-02-11 03:00:00,105.88000,106,105.85000,105.98000
2025-02-11 04:00:00,105.98000,106.099998,105.95000,106.059998
2025-02-11 05:00:00,106.059998,106.26000,106.050003,106.22000
2025-02-11 06:00:00,106.22000,106.28000,106.20000,106.23000
2025-02-11 07:00:00,106.23000,106.26000,106.19000,106.19000
2025-02-11 08:00:00,106.20000,106.23000,106.16000,106.18000
2025-02-11 09:00:00,106.19000,106.19000,105.96000,106
2025-02-11 10:00:00,106,106.12000,105.85000,105.86000
2025-02-11 11:00:00,105.87000,105.96000,105.81000,105.93000
2025-02-11 12:00:00,105.93000,106.11000,105.92000,106.050003
2025-02-11 13:00:00,106.050003,106.089996,105.96000,105.99000
2025-02-11 14:00:00,105.99000,106.040001,105.95000,106.029999
2025-02-11 15:00:00,106.029999,106.070000,106.029999,106.029999
2025-02-11 16:00:00,106.029999,106.059998,106.010002,106.019997
2025-02-11 17:00:00,106.019997,106.089996,105.94000,106.019997
2025-02-11 18:00:00,106.019997,106.12000,105.93000,106.019997
2025-02-11 19:00:00,106.019997,106.15000,105.82000,105.94000
2025-02-11 20:00:00,105.94000,106.019997,105.92000,106.010002
2025-02-11 21:00:00,106.010002,106.14000,106.010002,106.070000
2025-02-11 22:00:00,106.070000,106.34000,106.070000,106.33000
2025-02-11 23:00:00,106.34000,106.39000,106.22000,106.39000
2025-02-12 00:00:00,106.39000,106.51000,106.31000,106.44000
2025-02-12 01:00:00,106.43000,106.51000,106.34000,106.36000
2025-02-12 02:00:00,106.37000,106.64000,106.31000,106.54000
2025-02-12 03:00:00,106.54000,106.57000,106.41000,106.49000
2025-02-12 04:00:00,106.5,106.57000,106.43000,106.5
2025-02-12 05:00:00,106.51000,106.64000,106.46000,106.58000
2025-02-12 06:00:00,106.58000,106.72000,106.57000,106.68000
2025-02-12 07:00:00,106.69000,106.84000,106.68000,106.78000
2025-02-12 08:00:00,106.78000,106.79000,106.66000,106.73000
2025-02-12 09:00:00,106.71000,106.76000,106.65000,106.72000
2025-02-12 10:00:00,106.72000,106.96000,106.72000,106.93000
2025-02-12 11:00:00,106.92000,107.22000,106.90000,107.19000
2025-02-12 12:00:00,107.20000,107.42000,107.080002,107.42000
2025-02-12 13:00:00,107.42000,107.5,107.35000,107.44000
2025-02-12 14:00:00,107.44000,107.57000,107.44000,107.54000
2025-02-12 15:00:00,107.54000,107.59000,107.45000,107.5
2025-02-12 16:00:00,107.5,107.51000,107.40000,107.40000
2025-02-12 17:00:00,107.40000,107.52000,107.38000,107.44000
2025-02-12 18:00:00,107.45000,107.54000,107.32000,107.54000
2025-02-12 19:00:00,107.54000,107.67000,107.34000,107.37000
2025-02-12 20:00:00,107.38000,107.40000,107.23000,107.30000
2025-02-12 21:00:00,107.30000,107.41000,107.28000,107.35000
2025-02-12 22:00:00,107.35000,107.45000,107.33000,107.42000
2025-02-12 23:00:00,107.42000,107.49000,107.26000,107.38000
2025-02-13 00:00:00,107.38000,107.79000,107.29000,107.77000
2025-02-13 01:00:00,107.77000,107.85000,107.58000,107.85000
2025-02-13 02:00:00,107.85000,108.14000,107.79000,108.040001
2025-02-13 03:00:00,108.040001,108.24000,108.010002,108.22000
2025-02-13 04:00:00,108.22000,108.28000,108.13000,108.23000
2025-02-13 05:00:00,108.23000,108.29000,107.99000,108.070000
2025-02-13 06:00:00,108.070000,108.14000,108.029999,108.11000
2025-02-13 07:00:00,108.11000,108.14000,108.050003,108.12000
2025-02-13 08:00:00,108.11000,108.12000,107.90000,107.98000
2025-02-13 09:00:00,107.93000,107.97000,107.90000,107.96000
2025-02-13 10:00:00,107.97000,108.010002,107.83000,107.87000
2025-02-13 11:00:00,107.87000,108.099998,107.81000,108.099998
2025-02-13 12:00:00,108.099998,108.17000,107.95000,107.98000
2025-02-13 13:00:00,107.97000,108.040001,107.94000,107.98000
2025-02-13 14:00:00,107.98000,108.12000,107.98000,108.11000
2025-02-13 15:00:00,108.12000,108.32000,108.11000,108.24000
2025-02-13 16:00:00,108.24000,108.28000,108.13000,108.14000
2025-02-13 17:00:00,108.15000,108.19000,107.98000,108.029999
2025-02-13 18:00:00,108.029999,108.16000,107.98000,108.13000
2025-02-13 19:00:00,108.12000,108.15000,107.77000,107.77000
2025-02-13 20:00:00,107.77000,107.82000,107.67000,107.76000
2025-02-13 21:00:00,107.76000,107.79000,107.58000,107.64000
2025-02-13 22:00:00,107.64000,107.68000,107.52000,107.64000
2025-02-13 23:00:00,107.64000,107.73000,107.57000,107.72000
2025-02-14 00:00:00,107.72000,107.85000,107.41000,107.49000
2025-02-14 01:00:00,107.48000,107.61000,107.42000,107.61000
2025-02-14 02:00:00,107.62000,108.010002,107.61000,107.69000
2025-02-14 03:00:00,107.69000,107.74000,107.59000,107.65000
2025-02-14 04:00:00,107.65000,107.67000,107.52000,107.55000
2025-02-14 05:00:00,107.55000,107.70000,107.5,107.65000
2025-02-14 06:00:00,107.65000,107.66000,107.36000,107.48000
2025-02-14 07:00:00,107.48000,107.69000,107.47000,107.68000
2025-02-14 08:00:00,107.67000,107.72000,107.60000,107.69000
2025-02-14 09:00:00,107.69000,107.73000,107.62000,107.67000
2025-02-14 10:00:00,107.68000,107.86000,107.66000,107.79000
2025-02-14 11:00:00,107.81000,107.82000,107.48000,107.54000
2025-02-14 12:00:00,107.53000,107.59000,107.45000,107.52000
2025-02-14 13:00:00,107.52000,107.76000,107.5,107.73000
2025-02-14 14:00:00,107.72000,107.84000,107.72000,107.76000
2025-02-14 15:00:00,107.76000,107.83000,107.60000,107.61000
2025-02-14 16:00:00,107.61000,107.64000,107.52000,107.57000
2025-02-14 17:00:00,107.57000,107.66000,107.51000,107.54000
2025-02-14 18:00:00,107.53000,107.82000,107.51000,107.81000
2025-02-14 19:00:00,107.81000,107.88000,107.62000,107.81000
2025-02-14 20:00:00,107.81000,107.86000,107.65000,107.65000
2025-02-14 21:00:00,107.65000,107.68000,107.54000,107.54000
2025-02-14 22:00:00,107.53000,107.72000,107.5,107.67000
2025-02-14 23:00:00,107.67000,107.76000,107.62000,107.76000
2025-02-15 00:00:00,107.76000,107.85000,107.39000,107.43000
2025-02-15 01:00:00,107.43000,107.57000,107.39000,107.56000
2025-02-15 02:00:00,107.57000,107.61000,107.37000,107.39000
2025-02-15 03:00:00,107.39000,107.43000,107.25,107.42000
2025-02-15 04:00:00,107.42000,107.53000,107.38000,107.51000
2025-02-15 05:00:00,107.51000,107.57000,107.51000,107.52000
2025-02-15 06:00:00,107.51000,107.57000,107.43000,107.49000
2025-02-15 07:00:00,107.49000,107.53000,107.48000,107.48000
2025-02-15 08:00:00,107.48000,107.5,107.37000,107.38000
2025-02-17 09:00:00,107.43000,107.45000,107.38000,107.43000
2025-02-17 10:00:00,107.43000,107.45000,107.16000,107.19000
2025-02-17 11:00:00,107.19000,107.29000,107.11000,107.17000
2025-02-17 12:00:00,107.16000,107.28000,107.080002,107.27000
2025-02-17 13:00:00,107.27000,107.29000,106.94000,106.99000
2025-02-17 14:00:00,106.99000,107.070000,106.98000,106.99000
2025-02-17 15:00:00,107,107.11000,106.98000,107.080002
2025-02-17 16:00:00,107.080002,107.080002,106.88000,106.91000
2025-02-17 17:00:00,106.91000,107.089996,106.89000,107.029999
2025-02-17 18:00:00,107.029999,107.099998,106.94000,107.070000
2025-02-17 19:00:00,107.070000,107.11000,106.92000,106.94000
2025-02-17 20:00:00,106.94000,107,106.90000,106.98000
2025-02-17 21:00:00,106.98000,107.019997,106.83000,106.84000
2025-02-17 22:00:00,106.84000,106.91000,106.77000,106.81000
2025-02-17 23:00:00,106.81000,106.82000,106.74000,106.78000
2025-02-18 00:00:00,106.80000,106.82000,106.73000,106.75
2025-02-18 01:00:00,106.75,106.80000,106.72000,106.79000
2025-02-18 02:00:00,106.79000,106.80000,106.67000,106.70000
2025-02-18 03:00:00,106.70000,106.79000,106.68000,106.76000
2025-02-18 04:00:00,106.77000,106.78000,106.71000,106.74000
2025-02-18 05:00:00,106.74000,106.76000,106.72000,106.74000
2025-02-18 06:00:00,106.73000,106.74000,106.70000,106.74000
2025-02-18 07:00:00,106.74000,106.76000,106.73000,106.76000
2025-02-18 08:00:00,106.76000,106.84000,106.76000,106.84000
2025-02-18 09:00:00,106.81000,106.85000,106.77000,106.80000
2025-02-18 10:00:00,106.79000,106.87000,106.60000,106.76000
2025-02-18 11:00:00,106.76000,106.91000,106.75,106.86000
2025-02-18 12:00:00,106.86000,106.93000,106.79000,106.86000
2025-02-18 13:00:00,106.86000,107.019997,106.83000,106.99000
2025-02-18 14:00:00,106.99000,107.13000,106.97000,107.11000
2025-02-18 15:00:00,107.11000,107.15000,107.050003,107.099998
2025-02-18 16:00:00,107.099998,107.15000,106.99000,107.019997
2025-02-18 17:00:00,107.019997,107.070000,106.94000,107.019997
2025-02-18 18:00:00,107.010002,107.13000,107,107.13000
2025-02-18 19:00:00,107.13000,107.19000,107.029999,107.059998
2025-02-18 20:00:00,107.059998,107.089996,106.98000,107
2025-02-18 21:00:00,107,107.010002,106.90000,106.93000
2025-02-18 22:00:00,106.93000,107.019997,106.92000,107
2025-02-18 23:00:00,107,107.029999,106.83000,106.87000
2025-02-19 00:00:00,106.86000,106.89000,106.72000,106.80000
2025-02-19 01:00:00,106.80000,106.97000,106.75,106.93000
2025-02-19 02:00:00,106.94000,106.94000,106.78000,106.89000
2025-02-19 03:00:00,106.89000,107.029999,106.87000,106.98000
2025-02-19 04:00:00,106.97000,107.080002,106.96000,107.050003
2025-02-19 05:00:00,107.050003,107.15000,107.029999,107.14000
2025-02-19 06:00:00,107.14000,107.14000,107.040001,107.080002
2025-02-19 07:00:00,107.089996,107.19000,107.080002,107.15000
2025-02-19 08:00:00,107.15000,107.24000,107.099998,107.11000
2025-02-19 09:00:00,107.11000,107.17000,107.040001,107.13000
2025-02-19 10:00:00,107.13000,107.18000,107.059998,107.070000
2025-02-19 11:00:00,107.070000,107.16000,106.97000,107.13000
2025-02-19 12:00:00,107.12000,107.27000,106.89000,107.26000
2025-02-19 13:00:00,107.26000,107.35000,107.12000,107.21000
2025-02-19 14:00:00,107.21000,107.23000,107.099998,107.12000
2025-02-19 15:00:00,107.12000,107.14000,107.010002,107.029999
2025-02-19 16:00:00,107.029999,107.089996,106.99000,107.029999
2025-02-19 17:00:00,107.019997,107.050003,106.91000,106.94000
2025-02-19 18:00:00,106.93000,107.029999,106.90000,106.92000
2025-02-19 19:00:00,106.92000,107.019997,106.88000,106.90000
2025-02-19 20:00:00,106.90000,106.93000,106.77000,106.81000
2025-02-19 21:00:00,106.81000,106.90000,106.80000,106.83000
2025-02-19 22:00:00,106.83000,106.96000,106.82000,106.86000
2025-02-19 23:00:00,106.86000,106.93000,106.76000,106.91000
2025-02-20 00:00:00,106.91000,106.97000,106.81000,106.84000
2025-02-20 01:00:00,106.84000,106.87000,106.52000,106.53000
2025-02-20 02:00:00,106.54000,106.64000,106.45000,106.48000
2025-02-20 03:00:00,106.48000,106.69000,106.48000,106.54000
2025-02-20 04:00:00,106.54000,106.60000,106.51000,106.57000
2025-02-20 05:00:00,106.57000,106.60000,106.49000,106.5
2025-02-20 06:00:00,106.51000,106.51000,106.41000,106.48000
2025-02-20 07:00:00,106.48000,106.49000,106.39000,106.48000
2025-02-20 08:00:00,106.47000,106.5,106.36000,106.45000
2025-02-20 09:00:00,106.44000,106.44000,106.33000,106.35000
2025-02-20 10:00:00,106.35000,106.36000,106.12000,106.21000
2025-02-20 11:00:00,106.21000,106.23000,106.029999,106.14000
2025-02-20 12:00:00,106.14000,106.15000,105.77000,105.79000
2025-02-20 13:00:00,105.79000,106.010002,105.71000,105.97000
2025-02-20 14:00:00,105.98000,105.98000,105.77000,105.79000
2025-02-20 15:00:00,105.78000,105.81000,105.62000,105.64000
2025-02-20 16:00:00,105.64000,105.75,105.62000,105.74000
2025-02-20 17:00:00,105.74000,105.74000,105.47000,105.49000
2025-02-20 18:00:00,105.49000,105.63000,105.42000,105.57000
2025-02-20 19:00:00,105.57000,105.81000,105.57000,105.78000
2025-02-20 20:00:00,105.78000,105.86000,105.69000,105.79000
2025-02-20 21:00:00,105.78000,105.78000,105.63000,105.66000
2025-02-20 22:00:00,105.66000,105.71000,105.58000,105.70000
2025-02-20 23:00:00,105.70000,105.71000,105.49000,105.55000
2025-02-21 00:00:00,105.55000,105.70000,105.45000,105.67000
2025-02-21 01:00:00,105.66000,105.76000,105.52000,105.52000
2025-02-21 02:00:00,105.52000,105.63000,105.36000,105.38000
2025-02-21 03:00:00,105.39000,105.51000,105.32000,105.42000
2025-02-21 04:00:00,105.42000,105.47000,105.34000,105.38000
2025-02-21 05:00:00,105.38000,105.58000,105.38000,105.56000
2025-02-21 06:00:00,105.56000,105.71000,105.56000,105.68000
2025-02-21 07:00:00,105.69000,105.71000,105.60000,105.61000
2025-02-21 08:00:00,105.61000,105.63000,105.54000,105.58000
2025-02-21 09:00:00,105.58000,105.58000,105.46000,105.47000
2025-02-21 10:00:00,105.48000,105.59000,105.36000,105.46000
2025-02-21 11:00:00,105.45000,105.73000,105.45000,105.67000
2025-02-21 12:00:00,105.67000,106.070000,105.65000,105.99000
2025-02-21 13:00:00,105.99000,106.34000,105.92000,106.19000
2025-02-21 14:00:00,106.19000,106.22000,106.010002,106.070000
2025-02-21 15:00:00,106.070000,106.080002,105.95000,106.070000
2025-02-21 16:00:00,106.070000,106.13000,106.029999,106.050003
2025-02-21 17:00:00,106.059998,106.17000,106.019997,106.14000
2025-02-21 18:00:00,106.14000,106.20000,106.019997,106.14000
2025-02-21 19:00:00,106.14000,106.21000,105.96000,105.99000
2025-02-21 20:00:00,106.010002,106.019997,105.86000,106
2025-02-21 21:00:00,106,106.070000,105.92000,105.93000
2025-02-21 22:00:00,105.93000,105.98000,105.84000,105.87000
2025-02-21 23:00:00,105.86000,106,105.86000,106
2025-02-22 00:00:00,106,106.17000,105.92000,106.12000
2025-02-22 01:00:00,106.12000,106.13000,105.61000,105.64000
2025-02-22 02:00:00,105.61000,105.64000,105.25,105.30000
2025-02-22 03:00:00,105.30000,105.37000,105.17000,105.31000
2025-02-22 04:00:00,105.31000,105.34000,104.94000,104.96000
2025-02-22 05:00:00,104.96000,104.96000,104.72000,104.84000
2025-02-22 06:00:00,104.84000,104.84000,104.67000,104.77000
2025-02-22 07:00:00,104.77000,104.85000,104.73000,104.82000
2025-02-22 08:00:00,104.82000,104.99000,104.80000,104.94000
2025-02-24 09:00:00,104.92000,104.94000,104.89000,104.90000
2025-02-24 10:00:00,104.90000,105.14000,104.89000,105.14000
2025-02-24 11:00:00,105.12000,105.12000,104.83000,104.88000
2025-02-24 12:00:00,104.88000,105.15000,104.88000,105.13000
2025-02-24 13:00:00,105.13000,105.33000,105.13000,105.19000
2025-02-24 14:00:00,105.19000,105.30000,105.12000,105.16000
2025-02-24 15:00:00,105.16000,105.21000,105.13000,105.14000
2025-02-24 16:00:00,105.14000,105.32000,105.13000,105.26000
2025-02-24 17:00:00,105.27000,105.33000,105.21000,105.31000
2025-02-24 18:00:00,105.31000,105.41000,105.18000,105.31000
2025-02-24 19:00:00,105.31000,105.36000,105.050003,105.22000
2025-02-24 20:00:00,105.22000,105.33000,105.17000,105.24000
2025-02-24 21:00:00,105.24000,105.31000,105.22000,105.27000
2025-02-24 22:00:00,105.27000,105.40000,105.25,105.34000
2025-02-24 23:00:00,105.34000,105.41000,105.29000,105.39000
2025-02-25 00:00:00,105.38000,105.46000,105.25,105.35000
2025-02-25 01:00:00,105.36000,105.43000,104.81000,104.84000
2025-02-25 02:00:00,104.83000,105.059998,104.79000,104.88000
2025-02-25 03:00:00,104.89000,105.29000,104.88000,105.15000
2025-02-25 04:00:00,105.16000,105.30000,105.14000,105.16000
2025-02-25 05:00:00,105.16000,105.24000,105.12000,105.22000
2025-02-25 06:00:00,105.22000,105.34000,105.18000,105.20000
2025-02-25 07:00:00,105.20000,105.21000,104.89000,104.98000
2025-02-25 08:00:00,104.98000,105.059998,104.95000,104.99000
2025-02-25 09:00:00,104.96000,105.070000,104.96000,104.99000
2025-02-25 10:00:00,104.99000,105.070000,104.94000,105
2025-02-25 11:00:00,104.99000,105.24000,104.99000,105.21000
2025-02-25 12:00:00,105.22000,105.34000,105.19000,105.21000
2025-02-25 13:00:00,105.21000,105.25,105.15000,105.18000
2025-02-25 14:00:00,105.18000,105.21000,105.019997,105.040001
2025-02-25 15:00:00,105.040001,105.059998,104.90000,104.94000
2025-02-25 16:00:00,104.94000,105.12000,104.91000,105.099998
2025-02-25 17:00:00,105.099998,105.14000,105.029999,105.070000
2025-02-25 18:00:00,105.070000,105.089996,104.60000,104.62000
2025-02-25 19:00:00,104.61000,104.93000,104.55000,104.81000
2025-02-25 20:00:00,104.81000,105.059998,104.80000,104.86000
2025-02-25 21:00:00,104.86000,105.019997,104.85000,104.97000
2025-02-25 22:00:00,104.97000,105.20000,104.95000,105.15000
2025-02-25 23:00:00,105.15000,105.15000,104.85000,104.93000
2025-02-26 00:00:00,104.93000,105.029999,104.73000,104.78000
2025-02-26 01:00:00,104.78000,104.85000,104.55000,104.58000
2025-02-26 02:00:00,104.58000,104.58000,104.010002,104.29000
2025-02-26 03:00:00,104.29000,104.33000,103.95000,104.27000
2025-02-26 04:00:00,104.26000,104.31000,104.11000,104.31000
2025-02-26 05:00:00,104.30000,104.49000,104.30000,104.37000
2025-02-26 06:00:00,104.37000,104.37000,104.22000,104.24000
2025-02-26 07:00:00,104.24000,104.30000,104.070000,104.070000
2025-02-26 08:00:00,104.070000,104.19000,104.059998,104.13000
2025-02-26 09:00:00,104.15000,104.19000,104.089996,104.19000
2025-02-26 10:00:00,104.20000,104.25,104.080002,104.23000
2025-02-26 11:00:00,104.22000,104.24000,103.95000,104.11000
2025-02-26 12:00:00,104.11000,104.34000,103.98000,104.33000
2025-02-26 13:00:00,104.33000,104.41000,104.27000,104.39000
2025-02-26 14:00:00,104.39000,104.43000,104.24000,104.29000
2025-02-26 15:00:00,104.29000,104.40000,104.22000,104.29000
2025-02-26 16:00:00,104.29000,104.43000,104.26000,104.28000
2025-02-26 17:00:00,104.28000,104.44000,104.28000,104.39000
2025-02-26 18:00:00,104.39000,104.42000,104.28000,104.36000
2025-02-26 19:00:00,104.34000,104.40000,104.17000,104.23000
2025-02-26 20:00:00,104.23000,104.29000,104.19000,104.22000
2025-02-26 21:00:00,104.22000,104.25,104.070000,104.24000
2025-02-26 22:00:00,104.24000,104.35000,104.22000,104.27000
2025-02-26 23:00:00,104.27000,104.32000,104.17000,104.27000
2025-02-27 00:00:00,104.27000,104.31000,104.089996,104.20000
2025-02-27 01:00:00,104.19000,104.48000,104.070000,104.40000
2025-02-27 02:00:00,104.39000,104.54000,104.18000,104.18000
2025-02-27 03:00:00,104.18000,104.25,103.93000,103.94000
2025-02-27 04:00:00,103.94000,104.26000,103.87000,104.18000
2025-02-27 05:00:00,104.17000,104.26000,103.80000,103.90000
2025-02-27 06:00:00,103.89000,103.98000,103.80000,103.84000
2025-02-27 07:00:00,103.85000,103.96000,103.78000,103.91000
2025-02-27 08:00:00,103.91000,104.059998,103.78000,103.99000
2025-02-27 09:00:00,103.95000,103.98000,103.90000,103.90000
2025-02-27 10:00:00,103.90000,103.93000,103.76000,103.84000
2025-02-27 11:00:00,103.85000,103.99000,103.74000,103.94000
2025-02-27 12:00:00,103.94000,104.13000,103.88000,104.11000
2025-02-27 13:00:00,104.12000,104.13000,103.96000,104.010002
2025-02-27 14:00:00,104.019997,104.089996,103.94000,103.94000
2025-02-27 15:00:00,103.94000,103.97000,103.83000,103.85000
2025-02-27 16:00:00,103.85000,104.070000,103.85000,104.059998
2025-02-27 17:00:00,104.059998,104.11000,103.97000,104.010002
2025-02-27 18:00:00,104.019997,104.14000,104,104.12000
2025-02-27 19:00:00,104.11000,104.51000,104.040001,104.51000
2025-02-27 20:00:00,104.5,104.68000,104.46000,104.60000
2025-02-27 21:00:00,104.60000,104.66000,104.5,104.52000
2025-02-27 22:00:00,104.53000,104.58000,104.40000,104.47000
2025-02-27 23:00:00,104.46000,104.47000,104.19000,104.23000
2025-02-28 00:00:00,104.23000,104.33000,103.67000,103.81000
2025-02-28 01:00:00,103.80000,104.099998,103.73000,103.79000
2025-02-28 02:00:00,103.80000,104.11000,103.66000,103.94000
2025-02-28 03:00:00,103.94000,104.059998,103.82000,103.90000
2025-02-28 04:00:00,103.90000,103.96000,103.85000,103.95000
2025-02-28 05:00:00,103.95000,104.12000,103.90000,104.11000
2025-02-28 06:00:00,104.11000,104.11000,103.73000,103.78000
2025-02-28 07:00:00,103.78000,103.80000,103.57000,103.67000
2025-02-28 08:00:00,103.67000,103.80000,103.64000,103.74000
2025-02-28 09:00:00,103.80000,103.80000,103.70000,103.73000
2025-02-28 10:00:00,103.74000,103.90000,103.59000,103.90000
2025-02-28 11:00:00,103.90000,103.95000,103.44000,103.47000
2025-02-28 12:00:00,103.48000,103.59000,103.35000,103.37000
2025-02-28 13:00:00,103.37000,103.5,103.21000,103.47000
2025-02-28 14:00:00,103.48000,103.59000,103.42000,103.56000
2025-02-28 15:00:00,103.56000,103.65000,103.48000,103.55000
2025-02-28 16:00:00,103.55000,103.82000,103.54000,103.76000
2025-02-28 17:00:00,103.76000,103.92000,103.74000,103.88000
2025-02-28 18:00:00,103.88000,104.21000,103.78000,104.17000
2025-02-28 19:00:00,104.16000,104.38000,104.050003,104.29000
2025-02-28 20:00:00,104.29000,104.37000,104.040001,104.080002
2025-02-28 21:00:00,104.080002,104.19000,104.059998,104.15000
2025-02-28 22:00:00,104.15000,104.27000,104.089996,104.23000
2025-02-28 23:00:00,104.22000,104.39000,104.17000,104.36000
2025-03-01 00:00:00,104.36000,104.76000,104.36000,104.51000
2025-03-01 01:00:00,104.51000,104.58000,104.12000,104.32000
2025-03-01 02:00:00,104.32000,104.74000,104.18000,104.61000
2025-03-01 03:00:00,104.62000,104.64000,104.13000,104.37000
2025-03-01 04:00:00,104.37000,104.40000,104.12000,104.14000
2025-03-01 05:00:00,104.13000,104.28000,103.96000,103.97000
2025-03-01 06:00:00,103.96000,104.19000,103.96000,104.12000
2025-03-01 07:00:00,104.12000,104.18000,103.99000,104.040001
2025-03-01 08:00:00,104.059998,104.15000,104.010002,104.12000
2025-03-03 09:00:00,104.33000,104.35000,104.28000,104.33000
2025-03-03 10:00:00,104.34000,104.57000,104.31000,104.41000
2025-03-03 11:00:00,104.42000,104.5,104.22000,104.25
2025-03-03 12:00:00,104.26000,104.39000,104.13000,104.21000
2025-03-03 13:00:00,104.20000,104.25,104.12000,104.17000
2025-03-03 14:00:00,104.17000,104.20000,103.97000,104.17000
2025-03-03 15:00:00,104.17000,104.23000,104.099998,104.11000
2025-03-03 16:00:00,104.11000,104.23000,104.099998,104.14000
2025-03-03 17:00:00,104.14000,104.19000,104.029999,104.15000
2025-03-03 18:00:00,104.14000,104.21000,103.99000,104
2025-03-03 19:00:00,104,104.080002,103.87000,104
2025-03-03 20:00:00,104,104.24000,103.86000,104.22000
2025-03-03 21:00:00,104.21000,104.59000,104.19000,104.55000
2025-03-03 22:00:00,104.54000,104.78000,104.51000,104.75
2025-03-03 23:00:00,104.75,104.88000,104.70000,104.83000
2025-03-04 00:00:00,104.83000,104.97000,104.71000,104.76000
2025-03-04 01:00:00,104.76000,104.80000,104.5,104.53000
2025-03-04 02:00:00,104.54000,104.56000,104.15000,104.32000
2025-03-04 03:00:00,104.32000,104.42000,104.19000,104.29000
2025-03-04 04:00:00,104.28000,104.35000,104.14000,104.20000
2025-03-04 05:00:00,104.20000,104.22000,103.86000,103.98000
2025-03-04 06:00:00,103.97000,104.16000,103.58000,103.63000
2025-03-04 07:00:00,103.63000,103.63000,102.55000,102.99000
2025-03-04 08:00:00,102.98000,103.27000,102.98000,103.23000
2025-03-04 09:00:00,103.23000,103.38000,103.19000,103.23000
2025-03-04 10:00:00,103.24000,103.26000,102.92000,103.010002
2025-03-04 11:00:00,103.010002,103.20000,102.75,102.96000
2025-03-04 12:00:00,102.94000,103.019997,102.56000,102.77000
2025-03-04 13:00:00,102.76000,103.070000,102.69000,102.98000
2025-03-04 14:00:00,102.98000,102.98000,102.76000,102.85000
2025-03-04 15:00:00,102.85000,102.86000,102.67000,102.79000
2025-03-04 16:00:00,102.80000,103.11000,102.69000,103.080002
2025-03-04 17:00:00,103.089996,103.28000,103,103.27000
2025-03-04 18:00:00,103.27000,103.32000,102.87000,103.099998
2025-03-04 19:00:00,103.099998,103.42000,102.76000,103.18000
2025-03-04 20:00:00,103.16000,103.42000,103.099998,103.33000
2025-03-04 21:00:00,103.33000,103.33000,103.059998,103.13000
2025-03-04 22:00:00,103.13000,103.22000,102.82000,102.97000
2025-03-04 23:00:00,102.97000,102.97000,102.71000,102.75
2025-03-05 00:00:00,102.74000,102.92000,102.58000,102.58000
2025-03-05 01:00:00,102.59000,102.94000,102.47000,102.47000
2025-03-05 02:00:00,102.47000,102.72000,102.22000,102.33000
2025-03-05 03:00:00,102.33000,102.66000,102.20000,102.52000
2025-03-05 04:00:00,102.52000,102.65000,102.30000,102.39000
2025-03-05 05:00:00,102.39000,102.75,102.36000,102.72000
2025-03-05 06:00:00,102.72000,103.12000,102.70000,103.070000
2025-03-05 07:00:00,103.059998,103.43000,102.91000,103.010002
2025-03-05 08:00:00,103.010002,104.22000,102.99000,104.070000
2025-03-05 09:00:00,104.019997,104.070000,103.98000,104.040001
2025-03-05 10:00:00,104.059998,104.22000,103.92000,104.070000
2025-03-05 11:00:00,104.059998,104.070000,103.74000,104.019997
2025-03-05 12:00:00,104.010002,104.27000,103.82000,103.95000
2025-03-05 13:00:00,103.94000,103.96000,103.67000,103.76000
2025-03-05 14:00:00,103.75,104.010002,103.63000,103.97000
2025-03-05 15:00:00,103.97000,103.98000,103.77000,103.84000
2025-03-05 16:00:00,103.84000,103.93000,103.74000,103.81000
2025-03-05 17:00:00,103.81000,103.87000,103.68000,103.82000
2025-03-05 18:00:00,103.82000,104.040001,103.70000,103.77000
2025-03-05 19:00:00,103.76000,104.029999,103.62000,103.72000
2025-03-05 20:00:00,103.72000,103.92000,103.64000,103.86000
2025-03-05 21:00:00,103.88000,103.99000,103.77000,103.80000
2025-03-05 22:00:00,103.81000,103.99000,103.72000,103.79000
2025-03-05 23:00:00,103.81000,103.87000,103.62000,103.69000
2025-03-06 00:00:00,103.71000,104.029999,103.49000,103.62000
2025-03-06 01:00:00,103.63000,103.65000,103.34000,103.37000
2025-03-06 02:00:00,103.42000,103.95000,103.20000,103.45000
2025-03-06 03:00:00,103.44000,103.73000,103.029999,103.53000
2025-03-06 04:00:00,103.52000,103.71000,103.33000,103.69000
2025-03-06 05:00:00,103.70000,103.90000,103.49000,103.77000
2025-03-06 06:00:00,103.77000,103.96000,103.74000,103.79000
2025-03-06 07:00:00,103.79000,103.88000,103.72000,103.82000
2025-03-06 08:00:00,103.81000,103.90000,103.79000,103.84000
2025-03-06 09:00:00,103.87000,103.91000,103.79000,103.84000
2025-03-06 10:00:00,103.84000,103.91000,103.76000,103.84000
2025-03-06 11:00:00,103.83000,104.099998,103.81000,103.93000
2025-03-06 12:00:00,103.93000,104.15000,103.91000,104.099998
2025-03-06 13:00:00,104.099998,104.21000,104.050003,104.20000
2025-03-06 14:00:00,104.20000,104.24000,104.099998,104.17000
2025-03-06 15:00:00,104.17000,104.20000,104.099998,104.16000
2025-03-06 16:00:00,104.16000,104.16000,103.89000,103.89000
2025-03-06 17:00:00,103.89000,103.92000,103.77000,103.78000
2025-03-06 18:00:00,103.78000,103.80000,103.41000,103.45000
2025-03-06 19:00:00,103.45000,103.46000,103.16000,103.26000
2025-03-06 20:00:00,103.25,103.25,102.97000,103.099998
2025-03-06 21:00:00,103.099998,103.19000,102.95000,103.010002
2025-03-06 22:00:00,103.010002,103.040001,102.91000,102.93000
2025-03-06 23:00:00,102.93000,102.96000,102.70000,102.71000
2025-03-07 00:00:00,102.71000,102.83000,102.61000,102.65000
2025-03-07 01:00:00,102.65000,103.059998,102.59000,102.88000
2025-03-07 02:00:00,102.88000,103.99000,102.88000,103.89000
2025-03-07 03:00:00,103.90000,104.17000,103.59000,103.59000
2025-03-07 04:00:00,103.58000,103.71000,103.17000,103.43000
2025-03-07 05:00:00,103.42000,103.5,103.28000,103.35000
2025-03-07 06:00:00,103.35000,103.52000,103.089996,103.27000
2025-03-07 07:00:00,103.27000,103.42000,103.23000,103.32000
2025-03-07 08:00:00,103.32000,103.55000,103.31000,103.52000
2025-03-07 09:00:00,103.56000,103.56000,103.39000,103.49000
2025-03-07 10:00:00,103.49000,103.65000,103.48000,103.65000
2025-03-07 11:00:00,103.65000,103.66000,103.29000,103.5
2025-03-07 12:00:00,103.5,103.61000,103.42000,103.43000
2025-03-07 13:00:00,103.43000,103.48000,103.18000,103.21000
2025-03-07 14:00:00,103.22000,103.22000,103.089996,103.15000
2025-03-07 15:00:00,103.15000,103.26000,103.099998,103.24000
2025-03-07 16:00:00,103.24000,103.30000,103.029999,103.029999
2025-03-07 17:00:00,103.029999,103.17000,102.99000,103.12000
2025-03-07 18:00:00,103.12000,103.33000,103.099998,103.23000
2025-03-07 19:00:00,103.24000,103.38000,102.98000,103.070000
2025-03-07 20:00:00,103.070000,103.27000,103.040001,103.11000
2025-03-07 21:00:00,103.11000,103.15000,103.019997,103.089996
2025-03-07 22:00:00,103.089996,103.20000,103.029999,103.16000
2025-03-07 23:00:00,103.15000,103.24000,102.96000,103.059998
2025-03-08 00:00:00,103.050003,103.16000,102.42000,102.45000
2025-03-08 01:00:00,102.46000,102.93000,102.33000,102.80000
2025-03-08 02:00:00,102.81000,103.019997,102.48000,102.72000
2025-03-08 03:00:00,102.72000,102.73000,102.12000,102.27000
2025-03-08 04:00:00,102.28000,102.63000,101.92000,102.49000
2025-03-08 05:00:00,102.49000,102.90000,102.48000,102.89000
2025-03-08 06:00:00,102.89000,103.14000,102.84000,103.040001
2025-03-08 07:00:00,103.050003,103.14000,102.92000,102.97000
2025-03-08 08:00:00,102.97000,103.059998,102.87000,103.040001
2025-03-10 09:00:00,102.67000,102.81000,102.59000,102.60000
2025-03-10 10:00:00,102.60000,102.75,102.53000,102.69000
2025-03-10 11:00:00,102.68000,102.71000,102.5,102.55000
2025-03-10 12:00:00,102.55000,102.68000,102.42000,102.64000
2025-03-10 13:00:00,102.63000,102.80000,102.58000,102.75
2025-03-10 14:00:00,102.75,102.86000,102.69000,102.77000
2025-03-10 15:00:00,102.77000,102.82000,102.72000,102.77000
2025-03-10 16:00:00,102.77000,102.90000,102.69000,102.69000
2025-03-10 17:00:00,102.69000,102.86000,102.68000,102.82000
2025-03-10 18:00:00,102.82000,102.90000,102.68000,102.77000
2025-03-10 19:00:00,102.77000,102.82000,102.33000,102.36000
2025-03-10 20:00:00,102.36000,102.65000,102.34000,102.55000
2025-03-10 21:00:00,102.55000,102.61000,102.12000,102.13000
2025-03-10 22:00:00,102.13000,102.30000,102.070000,102.21000
2025-03-10 23:00:00,102.22000,102.27000,101.80000,101.97000
2025-03-11 00:00:00,101.97000,102.099998,101.75,101.99000
2025-03-11 01:00:00,101.98000,101.98000,101.68000,101.80000
2025-03-11 02:00:00,101.81000,102.18000,101.79000,101.97000
2025-03-11 03:00:00,101.97000,102.099998,101.86000,102.029999
2025-03-11 04:00:00,102.029999,102.089996,101.84000,101.89000
2025-03-11 05:00:00,101.89000,102.010002,101.79000,101.80000
2025-03-11 06:00:00,101.80000,102.11000,101.64000,102
2025-03-11 07:00:00,102.019997,102.080002,101.95000,101.99000
2025-03-11 08:00:00,101.99000,102.019997,101.90000,101.95000
2025-03-11 09:00:00,101.95000,101.95000,101.78000,101.78000
2025-03-11 10:00:00,101.78000,101.95000,101.69000,101.95000
2025-03-11 11:00:00,101.95000,101.97000,101.5,101.70000
2025-03-11 12:00:00,101.70000,101.83000,101.53000,101.77000
2025-03-11 13:00:00,101.77000,102.089996,101.72000,101.89000
2025-03-11 14:00:00,101.90000,102.019997,101.83000,101.96000
2025-03-11 15:00:00,101.96000,102.029999,101.83000,101.88000
2025-03-11 16:00:00,101.87000,102,101.80000,101.97000
2025-03-11 17:00:00,101.97000,102.12000,101.92000,101.99000
2025-03-11 18:00:00,102,102.040001,101.78000,101.94000
2025-03-11 19:00:00,101.95000,102.22000,101.85000,102.18000
2025-03-11 20:00:00,102.18000,102.32000,102.089996,102.28000
2025-03-11 21:00:00,102.28000,102.46000,102.24000,102.43000
2025-03-11 22:00:00,102.43000,102.57000,102.35000,102.52000
2025-03-11 23:00:00,102.51000,102.65000,102.28000,102.52000
2025-03-12 00:00:00,102.54000,102.76000,102.41000,102.53000
2025-03-12 01:00:00,102.51000,102.79000,101.48000,101.52000
2025-03-12 02:00:00,101.49000,102.20000,101.45000,101.98000
2025-03-12 03:00:00,101.97000,101.97000,101.65000,101.71000
2025-03-12 04:00:00,101.71000,101.71000,101.38000,101.63000
2025-03-12 05:00:00,101.62000,102.71000,101.61000,102.65000
2025-03-12 06:00:00,102.64000,102.80000,102.47000,102.53000
2025-03-12 07:00:00,102.53000,102.62000,102.38000,102.38000
2025-03-12 08:00:00,102.38000,102.45000,102.29000,102.37000
2025-03-12 09:00:00,102.36000,102.54000,102.36000,102.51000
2025-03-12 10:00:00,102.51000,102.61000,102.43000,102.56000
2025-03-12 11:00:00,102.56000,102.68000,102.49000,102.67000
2025-03-12 12:00:00,102.67000,102.68000,102.43000,102.55000
2025-03-12 13:00:00,102.54000,102.58000,102.43000,102.51000
2025-03-12 14:00:00,102.51000,102.57000,102.41000,102.49000
2025-03-12 15:00:00,102.49000,102.62000,102.48000,102.53000
2025-03-12 16:00:00,102.54000,102.67000,102.5,102.52000
2025-03-12 17:00:00,102.52000,102.61000,102.40000,102.59000
2025-03-12 18:00:00,102.58000,102.85000,102.39000,102.83000
2025-03-12 19:00:00,102.82000,102.87000,102.55000,102.77000
2025-03-12 20:00:00,102.78000,102.98000,102.75,102.93000
2025-03-12 21:00:00,102.93000,103.14000,102.92000,103.099998
2025-03-12 22:00:00,103.099998,103.24000,103.089996,103.21000
2025-03-12 23:00:00,103.20000,103.64000,103.040001,103.59000
2025-03-13 00:00:00,103.59000,103.61000,103.029999,103.15000
2025-03-13 01:00:00,103.14000,103.24000,102.86000,102.97000
2025-03-13 02:00:00,102.97000,103.14000,102.88000,103.019997
2025-03-13 03:00:00,103.019997,103.24000,102.97000,103.059998
2025-03-13 04:00:00,103.059998,103.29000,102.97000,102.97000
2025-03-13 05:00:00,102.97000,103.40000,102.96000,103.29000
2025-03-13 06:00:00,103.28000,103.29000,103.14000,103.20000
2025-03-13 07:00:00,103.19000,103.27000,103.14000,103.16000
2025-03-13 08:00:00,103.16000,103.20000,103.15000,103.17000
2025-03-13 09:00:00,103.17000,103.24000,103.11000,103.20000
2025-03-13 10:00:00,103.20000,103.29000,103.14000,103.29000
2025-03-13 11:00:00,103.29000,103.30000,103.13000,103.14000
2025-03-13 12:00:00,103.13000,103.22000,103.089996,103.089996
2025-03-13 13:00:00,103.089996,103.17000,103.070000,103.089996
2025-03-13 14:00:00,103.089996,103.13000,102.90000,102.91000
2025-03-13 15:00:00,102.91000,102.97000,102.72000,102.77000
2025-03-13 16:00:00,102.77000,102.81000,102.62000,102.63000
2025-03-13 17:00:00,102.64000,102.68000,102.49000,102.67000
2025-03-13 18:00:00,102.68000,102.80000,102.61000,102.67000
2025-03-13 19:00:00,102.68000,102.83000,102.58000,102.82000
2025-03-13 20:00:00,102.82000,103.13000,102.75,103.12000
2025-03-13 21:00:00,103.11000,103.16000,103.010002,103.080002
2025-03-13 22:00:00,103.089996,103.11000,102.82000,102.95000
2025-03-13 23:00:00,102.94000,103.070000,102.73000,102.95000
2025-03-14 00:00:00,102.95000,103.099998,102.83000,102.89000
2025-03-14 01:00:00,102.87000,103.019997,102.73000,102.80000
2025-03-14 02:00:00,102.80000,102.86000,102.51000,102.60000
2025-03-14 03:00:00,102.61000,102.68000,102.30000,102.36000
2025-03-14 04:00:00,102.36000,102.38000,102.050003,102.18000
2025-03-14 05:00:00,102.18000,102.48000,102.17000,102.45000
2025-03-14 06:00:00,102.45000,102.5,102.31000,102.33000
2025-03-14 07:00:00,102.33000,102.44000,102.33000,102.38000
2025-03-14 08:00:00,102.39000,102.39000,102.28000,102.33000
2025-03-14 09:00:00,102.34000,102.57000,102.34000,102.55000
2025-03-14 10:00:00,102.55000,102.57000,102.47000,102.54000
2025-03-14 11:00:00,102.54000,102.81000,102.46000,102.76000
2025-03-14 12:00:00,102.76000,102.81000,102.64000,102.65000
2025-03-14 13:00:00,102.65000,102.72000,102.65000,102.69000
2025-03-14 14:00:00,102.69000,102.83000,102.69000,102.82000
2025-03-14 15:00:00,102.82000,102.94000,102.80000,102.92000
2025-03-14 16:00:00,102.93000,103.019997,102.87000,102.90000
2025-03-14 17:00:00,102.90000,103.12000,102.87000,103.089996
2025-03-14 18:00:00,103.080002,103.31000,103.010002,103.15000
2025-03-14 19:00:00,103.13000,103.31000,103.040001,103.29000
2025-03-14 20:00:00,103.30000,103.37000,103.23000,103.31000
2025-03-14 21:00:00,103.31000,103.33000,103,103.21000
2025-03-14 22:00:00,103.21000,103.23000,103.029999,103.15000
2025-03-14 23:00:00,103.15000,103.21000,103.029999,103.17000
2025-03-15 00:00:00,103.18000,103.43000,103.070000,103.34000
2025-03-15 01:00:00,103.25,103.56000,103.050003,103.18000
2025-03-15 02:00:00,103.18000,103.30000,103.11000,103.29000
2025-03-15 03:00:00,103.30000,103.30000,103.019997,103.22000
2025-03-15 04:00:00,103.21000,103.28000,103.19000,103.26000
2025-03-15 05:00:00,103.26000,103.42000,103.24000,103.34000
2025-03-15 06:00:00,103.33000,103.54000,103.31000,103.49000
2025-03-15 07:00:00,103.49000,103.53000,103.40000,103.42000
2025-03-17 09:00:00,103.56000,103.57000,103.44000,103.44000
2025-03-17 10:00:00,103.44000,103.51000,103.35000,103.39000
2025-03-17 11:00:00,103.39000,103.61000,103.30000,103.55000
2025-03-17 12:00:00,103.55000,103.62000,103.38000,103.40000
2025-03-17 13:00:00,103.38000,103.44000,103.33000,103.41000
2025-03-17 14:00:00,103.41000,103.51000,103.38000,103.47000
2025-03-17 15:00:00,103.47000,103.70000,103.47000,103.70000
2025-03-17 16:00:00,103.69000,103.72000,103.56000,103.64000
2025-03-17 17:00:00,103.63000,103.72000,103.51000,103.71000
2025-03-17 18:00:00,103.71000,103.75,103.60000,103.63000
2025-03-17 19:00:00,103.63000,103.71000,103.52000,103.69000
2025-03-17 20:00:00,103.69000,103.71000,103.5,103.55000
2025-03-17 21:00:00,103.55000,103.58000,103.45000,103.47000
2025-03-17 22:00:00,103.47000,103.54000,103.38000,103.47000
2025-03-17 23:00:00,103.48000,103.86000,103.40000,103.79000
2025-03-18 00:00:00,103.79000,104.21000,103.70000,103.97000
2025-03-18 01:00:00,103.97000,103.97000,103.72000,103.82000
2025-03-18 02:00:00,103.81000,103.95000,103.75,103.90000
2025-03-18 03:00:00,103.89000,104.089996,103.85000,104.059998
2025-03-18 04:00:00,104.059998,104.33000,104.050003,104.30000
2025-03-18 05:00:00,104.30000,104.5,104.27000,104.45000
2025-03-18 06:00:00,104.45000,104.53000,104.41000,104.43000
2025-03-18 07:00:00,104.44000,104.45000,104.34000,104.42000
2025-03-18 08:00:00,104.44000,104.48000,104.35000,104.38000
2025-03-18 09:00:00,104.39000,104.49000,104.37000,104.49000
2025-03-18 10:00:00,104.49000,104.53000,104.46000,104.49000
2025-03-18 11:00:00,104.49000,104.58000,104.42000,104.57000
2025-03-18 12:00:00,104.57000,104.64000,104.5,104.52000
2025-03-18 13:00:00,104.52000,104.69000,104.51000,104.65000
2025-03-18 14:00:00,104.65000,104.68000,104.60000,104.65000
2025-03-18 15:00:00,104.65000,104.69000,104.56000,104.58000
2025-03-18 16:00:00,104.58000,104.69000,104.54000,104.69000
2025-03-18 17:00:00,104.69000,104.82000,104.68000,104.76000
2025-03-18 18:00:00,104.76000,104.86000,104.74000,104.83000
2025-03-18 19:00:00,104.83000,104.99000,104.80000,104.89000
2025-03-18 20:00:00,104.89000,104.97000,104.84000,104.89000
2025-03-18 21:00:00,104.89000,104.91000,104.65000,104.70000
2025-03-18 22:00:00,104.71000,104.86000,104.67000,104.82000
2025-03-18 23:00:00,104.82000,105.010002,104.70000,104.86000
2025-03-19 00:00:00,104.87000,105.029999,104.69000,104.70000
2025-03-19 01:00:00,104.69000,104.76000,104.56000,104.61000
2025-03-19 02:00:00,104.62000,104.63000,104.40000,104.46000
2025-03-19 03:00:00,104.46000,104.62000,104.27000,104.43000
2025-03-19 04:00:00,104.43000,104.43000,104.23000,104.36000
2025-03-19 05:00:00,104.36000,104.36000,104.18000,104.36000
2025-03-19 06:00:00,104.34000,104.45000,104.27000,104.43000
2025-03-19 07:00:00,104.44000,104.5,104.34000,104.35000
2025-03-19 08:00:00,104.39000,104.46000,104.36000,104.38000
2025-03-19 09:00:00,104.37000,104.51000,104.34000,104.5
2025-03-19 10:00:00,104.5,104.55000,104.44000,104.52000
2025-03-19 11:00:00,104.53000,104.67000,104.45000,104.65000
2025-03-19 12:00:00,104.66000,104.66000,104.49000,104.5
2025-03-19 13:00:00,104.5,104.56000,104.32000,104.46000
2025-03-19 14:00:00,104.47000,104.49000,104.36000,104.37000
2025-03-19 15:00:00,104.38000,104.53000,104.36000,104.51000
2025-03-19 16:00:00,104.52000,104.68000,104.52000,104.68000
2025-03-19 17:00:00,104.68000,104.82000,104.54000,104.56000
2025-03-19 18:00:00,104.57000,104.57000,104.099998,104.21000
2025-03-19 19:00:00,104.22000,104.56000,104.22000,104.49000
2025-03-19 20:00:00,104.49000,104.62000,104.42000,104.58000
2025-03-19 21:00:00,104.58000,104.60000,104.45000,104.56000
2025-03-19 22:00:00,104.55000,104.68000,104.55000,104.66000
2025-03-19 23:00:00,104.66000,104.69000,104.48000,104.60000
2025-03-20 00:00:00,104.61000,104.88000,104.56000,104.84000
2025-03-20 01:00:00,104.84000,104.93000,104.60000,104.64000
2025-03-20 02:00:00,104.65000,104.73000,104.56000,104.72000
2025-03-20 03:00:00,104.71000,104.74000,104.59000,104.64000
2025-03-20 04:00:00,104.64000,104.65000,104.5,104.60000
2025-03-20 05:00:00,104.60000,104.60000,103.89000,104.019997
2025-03-20 06:00:00,104.019997,104.16000,103.89000,103.93000
2025-03-20 07:00:00,103.93000,103.98000,103.73000,103.81000
2025-03-20 08:00:00,103.83000,103.93000,103.80000,103.93000
2025-03-20 09:00:00,103.93000,103.97000,103.75,103.77000
2025-03-20 10:00:00,103.77000,103.85000,103.66000,103.66000
2025-03-20 11:00:00,103.67000,103.72000,103.53000,103.56000
2025-03-20 12:00:00,103.56000,103.59000,103.43000,103.48000
2025-03-20 13:00:00,103.48000,103.60000,103.44000,103.60000
2025-03-20 14:00:00,103.60000,103.65000,103.55000,103.59000
2025-03-20 15:00:00,103.60000,103.63000,103.54000,103.57000
2025-03-20 16:00:00,103.57000,103.58000,103.51000,103.53000
2025-03-20 17:00:00,103.52000,103.52000,103.38000,103.42000
2025-03-20 18:00:00,103.41000,103.68000,103.39000,103.63000
2025-03-20 19:00:00,103.63000,103.64000,103.43000,103.5
2025-03-20 20:00:00,103.5,103.57000,103.43000,103.5
2025-03-20 21:00:00,103.49000,103.52000,103.17000,103.37000
2025-03-20 22:00:00,103.38000,103.41000,103.19000,103.29000
2025-03-20 23:00:00,103.28000,103.39000,103.20000,103.29000
2025-03-21 00:00:00,103.29000,103.57000,103.16000,103.54000
2025-03-21 01:00:00,103.57000,103.76000,103.57000,103.61000
2025-03-21 02:00:00,103.60000,103.93000,103.57000,103.91000
2025-03-21 03:00:00,103.90000,104.040001,103.78000,103.80000
2025-03-21 04:00:00,103.80000,103.99000,103.80000,103.85000
2025-03-21 05:00:00,103.85000,103.95000,103.82000,103.87000
2025-03-21 06:00:00,103.86000,103.99000,103.85000,103.95000
2025-03-21 07:00:00,103.94000,103.97000,103.83000,103.86000
2025-03-21 08:00:00,103.88000,103.90000,103.80000,103.88000
2025-03-21 09:00:00,103.87000,103.90000,103.83000,103.83000
2025-03-21 10:00:00,103.83000,103.86000,103.74000,103.75
2025-03-21 11:00:00,103.75,104.070000,103.74000,104.040001
2025-03-21 12:00:00,104.040001,104.18000,103.98000,104.15000
2025-03-21 13:00:00,104.15000,104.15000,104.040001,104.099998
2025-03-21 14:00:00,104.099998,104.18000,104.019997,104.15000
2025-03-21 15:00:00,104.15000,104.32000,104.15000,104.25
2025-03-21 16:00:00,104.25,104.37000,104.25,104.34000
2025-03-21 17:00:00,104.34000,104.44000,104.32000,104.44000
2025-03-21 18:00:00,104.44000,104.5,104.21000,104.25
2025-03-21 19:00:00,104.25,104.39000,104.13000,104.32000
2025-03-21 20:00:00,104.32000,104.33000,104.16000,104.19000
2025-03-21 21:00:00,104.19000,104.29000,104.070000,104.14000
2025-03-21 22:00:00,104.13000,104.14000,103.82000,103.85000
2025-03-21 23:00:00,103.85000,103.89000,103.55000,103.55000
2025-03-22 00:00:00,103.55000,103.74000,103.48000,103.72000
2025-03-22 01:00:00,103.73000,103.89000,103.63000,103.81000
2025-03-22 02:00:00,103.81000,103.83000,103.62000,103.77000
2025-03-22 03:00:00,103.77000,104.089996,103.74000,104.070000
2025-03-22 04:00:00,104.070000,104.16000,103.96000,104.070000
2025-03-22 05:00:00,104.070000,104.099998,103.99000,104.010002
2025-03-22 06:00:00,104.010002,104.14000,103.97000,104.13000
2025-03-22 07:00:00,104.12000,104.17000,103.99000,104.040001
2025-03-24 09:00:00,104.16000,104.39000,104.15000,104.32000
2025-03-24 10:00:00,104.32000,104.45000,104.27000,104.42000
2025-03-24 11:00:00,104.42000,104.51000,104.32000,104.48000
2025-03-24 12:00:00,104.48000,104.57000,104.43000,104.49000
2025-03-24 13:00:00,104.48000,104.5,104.40000,104.45000
2025-03-24 14:00:00,104.45000,104.53000,104.37000,104.42000
2025-03-24 15:00:00,104.42000,104.42000,104.36000,104.41000
2025-03-24 16:00:00,104.41000,104.46000,104.33000,104.36000
2025-03-24 17:00:00,104.36000,104.47000,104.29000,104.39000
2025-03-24 18:00:00,104.39000,104.59000,104.36000,104.42000
2025-03-24 19:00:00,104.42000,104.52000,104.31000,104.39000
2025-03-24 20:00:00,104.38000,104.51000,104.31000,104.39000
2025-03-24 21:00:00,104.38000,104.49000,104.36000,104.47000
2025-03-24 22:00:00,104.47000,104.62000,104.46000,104.54000
2025-03-24 23:00:00,104.53000,104.54000,104.42000,104.52000
2025-03-25 00:00:00,104.52000,104.87000,104.42000,104.85000
2025-03-25 01:00:00,104.86000,105.21000,104.83000,105.18000
2025-03-25 02:00:00,105.18000,105.5,105.12000,105.47000
2025-03-25 03:00:00,105.46000,105.48000,105.13000,105.18000
2025-03-25 04:00:00,105.18000,105.22000,105.059998,105.22000
2025-03-25 05:00:00,105.22000,105.25,105.11000,105.17000
2025-03-25 06:00:00,105.18000,105.24000,105.13000,105.22000
2025-03-25 07:00:00,105.22000,105.32000,105.21000,105.28000
2025-03-25 08:00:00,105.24000,105.26000,105.21000,105.22000
2025-03-25 09:00:00,105.23000,105.30000,105.22000,105.27000
2025-03-25 10:00:00,105.27000,105.37000,105.24000,105.32000
2025-03-25 11:00:00,105.33000,105.41000,105.30000,105.40000
2025-03-25 12:00:00,105.40000,105.42000,105.22000,105.25
2025-03-25 13:00:00,105.25,105.30000,105.18000,105.29000
2025-03-25 14:00:00,105.28000,105.30000,105.20000,105.21000
2025-03-25 15:00:00,105.21000,105.24000,105.099998,105.11000
2025-03-25 16:00:00,105.11000,105.14000,105.070000,105.070000
2025-03-25 17:00:00,105.070000,105.11000,105.010002,105.080002
2025-03-25 18:00:00,105.080002,105.23000,105.080002,105.23000
2025-03-25 19:00:00,105.24000,105.27000,105.099998,105.15000
2025-03-25 20:00:00,105.15000,105.21000,105.050003,105.11000
2025-03-25 21:00:00,105.11000,105.19000,105.050003,105.13000
2025-03-25 22:00:00,105.13000,105.17000,105.029999,105.13000
2025-03-25 23:00:00,105.13000,105.13000,104.90000,105.019997
2025-03-26 00:00:00,105.019997,105.019997,104.82000,104.83000
2025-03-26 01:00:00,104.82000,104.82000,104.62000,104.70000
2025-03-26 02:00:00,104.70000,104.77000,104.53000,104.67000
2025-03-26 03:00:00,104.67000,104.75,104.66000,104.74000
2025-03-26 04:00:00,104.74000,104.82000,104.67000,104.74000
2025-03-26 05:00:00,104.74000,104.85000,104.70000,104.81000
2025-03-26 06:00:00,104.81000,104.99000,104.81000,104.96000
2025-03-26 07:00:00,104.95000,105.040001,104.94000,104.95000
2025-03-26 08:00:00,104.96000,105.029999,104.94000,104.96000
2025-03-26 09:00:00,104.94000,105.070000,104.94000,105.059998
2025-03-26 10:00:00,105.059998,105.089996,105,105.050003
2025-03-26 11:00:00,105.059998,105.15000,104.97000,105.12000
2025-03-26 12:00:00,105.12000,105.21000,105.010002,105.13000
2025-03-26 13:00:00,105.13000,105.30000,105.11000,105.28000
2025-03-26 14:00:00,105.28000,105.43000,105.27000,105.39000
2025-03-26 15:00:00,105.40000,105.47000,105.39000,105.47000
2025-03-26 16:00:00,105.47000,105.52000,105.41000,105.42000
2025-03-26 17:00:00,105.42000,105.51000,105.39000,105.49000
2025-03-26 18:00:00,105.48000,105.65000,105.45000,105.54000
2025-03-26 19:00:00,105.55000,105.56000,105.28000,105.34000
2025-03-26 20:00:00,105.35000,105.42000,105.28000,105.32000
2025-03-26 21:00:00,105.32000,105.45000,105.27000,105.43000
2025-03-26 22:00:00,105.43000,105.45000,105.34000,105.38000
2025-03-26 23:00:00,105.38000,105.48000,105.24000,105.41000
2025-03-27 00:00:00,105.41000,105.68000,105.38000,105.54000
2025-03-27 01:00:00,105.52000,105.67000,105.49000,105.65000
2025-03-27 02:00:00,105.65000,105.87000,105.56000,105.70000
2025-03-27 03:00:00,105.69000,105.69000,105.44000,105.56000
2025-03-27 04:00:00,105.55000,105.65000,105.16000,105.30000
2025-03-27 05:00:00,105.30000,105.47000,105.21000,105.30000
2025-03-27 06:00:00,105.30000,105.44000,105.26000,105.43000
2025-03-27 07:00:00,105.43000,105.57000,105.39000,105.55000
2025-03-27 08:00:00,105.57000,105.58000,105.24000,105.24000
2025-03-27 09:00:00,105.24000,105.48000,105.040001,105.099998
2025-03-27 10:00:00,105.099998,105.28000,105.089996,105.27000
2025-03-27 11:00:00,105.25,105.42000,105.24000,105.34000
2025-03-27 12:00:00,105.34000,105.35000,105.11000,105.14000
2025-03-27 13:00:00,105.14000,105.33000,105.14000,105.27000
2025-03-27 14:00:00,105.27000,105.35000,105.23000,105.26000
2025-03-27 15:00:00,105.26000,105.32000,105.23000,105.30000
2025-03-27 16:00:00,105.30000,105.37000,105.21000,105.26000
2025-03-27 17:00:00,105.26000,105.46000,105.25,105.38000
2025-03-27 18:00:00,105.37000,105.38000,105.18000,105.30000
2025-03-27 19:00:00,105.30000,105.47000,105.26000,105.47000
2025-03-27 20:00:00,105.47000,105.66000,105.46000,105.66000
2025-03-27 21:00:00,105.66000,105.69000,105.59000,105.61000
2025-03-27 22:00:00,105.62000,105.80000,105.58000,105.80000
2025-03-27 23:00:00,105.80000,105.82000,105.43000,105.44000
2025-03-28 00:00:00,105.45000,105.47000,105.12000,105.43000
2025-03-28 01:00:00,105.42000,105.58000,105.29000,105.53000
2025-03-28 02:00:00,105.53000,105.62000,105.37000,105.45000
2025-03-28 03:00:00,105.46000,105.62000,105.41000,105.5
2025-03-28 04:00:00,105.5,105.71000,105.47000,105.55000
2025-03-28 05:00:00,105.55000,105.67000,105.52000,105.54000
2025-03-28 06:00:00,105.55000,105.69000,105.52000,105.56000
2025-03-28 07:00:00,105.56000,105.63000,105.56000,105.61000
2025-03-28 08:00:00,105.61000,105.62000,105.51000,105.59000
2025-03-28 09:00:00,105.58000,105.60000,105.52000,105.56000
2025-03-28 10:00:00,105.56000,105.57000,105.37000,105.44000
2025-03-28 11:00:00,105.44000,105.65000,105.40000,105.5
2025-03-28 12:00:00,105.5,105.51000,105.29000,105.32000
2025-03-28 13:00:00,105.32000,105.42000,105.31000,105.40000
2025-03-28 14:00:00,105.40000,105.43000,105.33000,105.37000
2025-03-28 15:00:00,105.37000,105.48000,105.33000,105.41000
2025-03-28 16:00:00,105.41000,105.45000,105.33000,105.35000
2025-03-28 17:00:00,105.36000,105.40000,105.16000,105.17000
2025-03-28 18:00:00,105.17000,105.17000,104.97000,104.97000
2025-03-28 19:00:00,104.97000,105.14000,104.94000,105.12000
2025-03-28 20:00:00,105.12000,105.18000,105.089996,105.12000
2025-03-28 21:00:00,105.12000,105.25,105.11000,105.17000
2025-03-28 22:00:00,105.17000,105.33000,105.16000,105.31000
2025-03-28 23:00:00,105.31000,105.41000,105.15000,105.26000
2025-03-29 00:00:00,105.27000,105.45000,105.11000,105.14000
2025-03-29 01:00:00,105.14000,105.14000,104.69000,104.79000
2025-03-29 02:00:00,104.80000,105.28000,104.74000,105.20000
2025-03-29 03:00:00,105.20000,105.26000,105,105.010002
2025-03-29 04:00:00,105.010002,105.029999,104.71000,104.85000
2025-03-29 05:00:00,104.85000,104.95000,104.69000,104.76000
2025-03-29 06:00:00,104.75,104.77000,104.59000,104.61000
2025-03-29 07:00:00,104.61000,104.69000,104.53000,104.65000
2025-03-31 09:00:00,104.57000,104.57000,104.35000,104.40000
2025-03-31 10:00:00,104.40000,104.57000,104.24000,104.56000
2025-03-31 11:00:00,104.55000,104.58000,104.15000,104.34000
2025-03-31 12:00:00,104.35000,104.44000,104.17000,104.24000
2025-03-31 13:00:00,104.24000,104.25,103.95000,104.040001
2025-03-31 14:00:00,104.040001,104.059998,103.89000,104.010002
2025-03-31 15:00:00,104.019997,104.18000,103.94000,104.14000
2025-03-31 16:00:00,104.14000,104.28000,104.070000,104.14000
2025-03-31 17:00:00,104.14000,104.17000,103.89000,104.019997
2025-03-31 18:00:00,104.019997,104.080002,103.74000,104.019997
2025-03-31 19:00:00,104.019997,104.13000,103.84000,103.89000
2025-03-31 20:00:00,103.88000,104.059998,103.84000,103.96000
2025-03-31 21:00:00,103.96000,104.099998,103.90000,104
2025-03-31 22:00:00,104.019997,104.12000,103.92000,104.080002
2025-03-31 23:00:00,104.089996,104.12000,103.99000,104.050003
2025-04-01 00:00:00,104.050003,104.20000,103.88000,104.099998
2025-04-01 01:00:00,104.099998,104.26000,103.88000,103.88000
2025-04-01 02:00:00,103.90000,104.32000,103.85000,104.25
2025-04-01 03:00:00,104.26000,104.41000,104.16000,104.28000
2025-04-01 04:00:00,104.27000,104.42000,104.26000,104.28000
2025-04-01 05:00:00,104.28000,104.52000,104.26000,104.43000
2025-04-01 06:00:00,104.43000,104.47000,104.20000,104.23000
2025-04-01 07:00:00,104.23000,104.27000,104.18000,104.24000
2025-04-01 08:00:00,104.28000,104.28000,104.17000,104.18000
2025-04-01 09:00:00,104.20000,104.25,104.12000,104.16000
2025-04-01 10:00:00,104.16000,104.32000,104.15000,104.20000
2025-04-01 11:00:00,104.20000,104.22000,104,104.050003
2025-04-01 12:00:00,104.050003,104.15000,103.93000,104.11000
2025-04-01 13:00:00,104.11000,104.20000,104.070000,104.20000
2025-04-01 14:00:00,104.20000,104.24000,104.070000,104.070000
2025-04-01 15:00:00,104.070000,104.089996,103.99000,104.059998
2025-04-01 16:00:00,104.059998,104.23000,104.040001,104.12000
2025-04-01 17:00:00,104.12000,104.27000,104.040001,104.22000
2025-04-01 18:00:00,104.22000,104.22000,103.88000,103.90000
2025-04-01 19:00:00,103.90000,104.080002,103.84000,104.070000
2025-04-01 20:00:00,104.070000,104.19000,104.010002,104.14000
2025-04-01 21:00:00,104.14000,104.16000,103.84000,103.88000
2025-04-01 22:00:00,103.88000,103.89000,103.55000,103.66000
2025-04-01 23:00:00,103.66000,103.80000,103.58000,103.77000
2025-04-02 00:00:00,103.78000,103.90000,103.64000,103.83000
2025-04-02 01:00:00,103.82000,104.32000,103.5,104.18000
2025-04-02 02:00:00,104.18000,104.47000,104.16000,104.36000
2025-04-02 03:00:00,104.36000,104.60000,104.25,104.41000
2025-04-02 04:00:00,104.42000,104.46000,104.28000,104.32000
2025-04-02 05:00:00,104.33000,104.33000,104.080002,104.22000
2025-04-02 06:00:00,104.22000,104.59000,104.22000,104.58000
2025-04-02 07:00:00,104.57000,104.64000,104.47000,104.61000
2025-04-02 08:00:00,104.56000,104.65000,104.54000,104.65000
2025-04-02 09:00:00,104.64000,104.88000,104.64000,104.85000
2025-04-02 10:00:00,104.84000,104.87000,104.76000,104.77000
2025-04-02 11:00:00,104.77000,104.81000,104.66000,104.72000
2025-04-02 12:00:00,104.72000,104.84000,104.70000,104.81000
2025-04-02 13:00:00,104.81000,104.85000,104.72000,104.73000
2025-04-02 14:00:00,104.73000,104.75,104.69000,104.71000
2025-04-02 15:00:00,104.71000,104.81000,104.70000,104.79000
2025-04-02 16:00:00,104.79000,104.79000,104.69000,104.73000
2025-04-02 17:00:00,104.73000,104.92000,104.68000,104.70000
2025-04-02 18:00:00,104.70000,104.75,104.57000,104.63000
2025-04-02 19:00:00,104.64000,104.64000,104.52000,104.64000
2025-04-02 20:00:00,104.64000,104.66000,104.42000,104.44000
2025-04-02 21:00:00,104.44000,104.47000,104.27000,104.29000
2025-04-02 22:00:00,104.30000,104.30000,104.19000,104.22000
2025-04-02 23:00:00,104.22000,104.27000,104.050003,104.17000
2025-04-03 00:00:00,104.17000,104.45000,104.13000,104.36000
2025-04-03 01:00:00,104.35000,104.76000,104.34000,104.67000
2025-04-03 02:00:00,104.66000,104.88000,104.59000,104.81000
2025-04-03 03:00:00,104.81000,104.93000,104.77000,104.88000
2025-04-03 04:00:00,104.88000,104.95000,104.78000,104.84000
2025-04-03 05:00:00,104.84000,104.90000,104.66000,104.67000
2025-04-03 06:00:00,104.67000,104.87000,104.67000,104.78000
2025-04-03 07:00:00,104.78000,105.46000,104.070000,104.81000
2025-04-03 08:00:00,104.86000,104.92000,104.28000,104.32000
2025-04-03 09:00:00,104.30000,104.31000,103.58000,104.050003
2025-04-03 10:00:00,104.050003,104.070000,103.82000,104.029999
2025-04-03 11:00:00,104.040001,104.17000,103.68000,103.76000
2025-04-03 12:00:00,103.76000,103.94000,103.59000,103.70000
2025-04-03 13:00:00,103.70000,103.81000,103.59000,103.80000
2025-04-03 14:00:00,103.80000,103.80000,103.30000,103.40000
2025-04-03 15:00:00,103.40000,103.55000,103.32000,103.52000
2025-04-03 16:00:00,103.52000,103.64000,103.36000,103.43000
2025-04-03 17:00:00,103.43000,103.87000,103.35000,103.63000
2025-04-03 18:00:00,103.64000,103.99000,103.60000,103.98000
2025-04-03 19:00:00,103.98000,104.17000,103.85000,103.91000
2025-04-03 20:00:00,103.91000,103.91000,103.38000,103.60000
2025-04-03 21:00:00,103.60000,103.89000,103.43000,103.85000
2025-04-03 22:00:00,103.85000,103.94000,103.49000,103.64000
2025-04-03 23:00:00,103.63000,103.83000,103.49000,103.61000
2025-04-04 00:00:00,103.60000,103.96000,103.45000,103.69000
2025-04-04 01:00:00,103.68000,103.96000,103.41000,103.56000
2025-04-04 02:00:00,103.55000,104.059998,103.55000,103.86000
2025-04-04 03:00:00,103.85000,104.24000,103.85000,103.96000
2025-04-04 04:00:00,103.96000,104,103.70000,103.71000
2025-04-04 05:00:00,103.70000,104.059998,103.55000,103.98000
2025-04-04 06:00:00,103.98000,104.080002,103.83000,103.85000
2025-04-04 07:00:00,103.84000,103.87000,103.62000,103.63000
2025-04-04 08:00:00,103.63000,103.68000,103.5,103.57000
2025-04-04 09:00:00,103.58000,103.66000,103.31000,103.44000
2025-04-04 10:00:00,103.44000,103.86000,103.43000,103.85000
2025-04-04 11:00:00,103.86000,104.019997,103.68000,103.79000
2025-04-04 12:00:00,103.79000,104.11000,103.79000,103.89000
2025-04-04 13:00:00,103.89000,103.99000,103.70000,103.72000
2025-04-04 14:00:00,103.72000,103.74000,103.37000,103.45000
2025-04-04 15:00:00,103.45000,103.55000,103.080002,103.13000
2025-04-04 16:00:00,103.13000,103.56000,103.059998,103.53000
2025-04-04 17:00:00,103.54000,103.62000,103.37000,103.44000
2025-04-04 18:00:00,103.45000,103.49000,103.16000,103.40000
2025-04-04 19:00:00,103.40000,103.63000,103.32000,103.61000
2025-04-04 20:00:00,103.63000,103.63000,103.35000,103.39000
2025-04-04 21:00:00,103.39000,103.45000,102.37000,102.45000
2025-04-04 22:00:00,102.47000,102.67000,101.88000,102.51000
2025-04-04 23:00:00,102.48000,102.59000,102.019997,102.48000
2025-04-05 00:00:00,102.49000,102.68000,102.17000,102.45000
2025-04-05 01:00:00,102.44000,102.53000,101.98000,102.33000
2025-04-05 02:00:00,102.32000,103.050003,102.31000,102.80000
2025-04-05 03:00:00,102.81000,103.32000,102.75,103.25
2025-04-05 04:00:00,103.25,103.69000,103,103.58000
2025-04-05 05:00:00,103.60000,103.73000,102.96000,103.19000
2025-04-05 06:00:00,103.19000,103.58000,103.099998,103.20000
2025-04-05 07:00:00,103.20000,103.33000,102.98000,103.32000
2025-04-07 09:00:00,101.89000,102.13000,101.70000,102.12000
2025-04-07 10:00:00,102.12000,102.49000,101.84000,102.47000
2025-04-07 11:00:00,102.48000,102.87000,102.45000,102.73000
2025-04-07 12:00:00,102.73000,103.070000,102.64000,102.92000
2025-04-07 13:00:00,102.92000,102.92000,102.63000,102.75
2025-04-07 14:00:00,102.75,102.89000,102.54000,102.62000
2025-04-07 15:00:00,102.62000,103.010002,102.5,102.53000
2025-04-07 16:00:00,102.5,102.60000,101.89000,102
2025-04-07 17:00:00,102.010002,102.52000,101.87000,102.5
2025-04-07 18:00:00,102.5,102.66000,102.38000,102.61000
2025-04-07 19:00:00,102.61000,102.68000,102.23000,102.38000
2025-04-07 20:00:00,102.38000,102.96000,102.38000,102.57000
2025-04-07 21:00:00,102.57000,102.86000,102.53000,102.67000
2025-04-07 22:00:00,102.67000,103.20000,102.45000,103.18000
2025-04-07 23:00:00,103.15000,103.38000,102.72000,103.34000
2025-04-08 00:00:00,103.34000,104.31000,103.20000,103.74000
2025-04-08 01:00:00,103.74000,104.059998,103.37000,104.010002
2025-04-08 02:00:00,104.019997,104.12000,103.84000,103.98000
2025-04-08 03:00:00,103.99000,104.31000,103.95000,104.27000
2025-04-08 04:00:00,104.26000,104.37000,103.97000,104.13000
2025-04-08 05:00:00,104.14000,104.14000,103.75,103.88000
2025-04-08 06:00:00,103.87000,104.029999,103.73000,103.78000
2025-04-08 07:00:00,103.78000,103.93000,103.71000,103.73000
2025-04-08 08:00:00,103.73000,104.010002,103.71000,103.87000
2025-04-08 09:00:00,103.86000,104.019997,103.76000,103.80000
2025-04-08 10:00:00,103.78000,104.029999,103.64000,103.85000
2025-04-08 11:00:00,103.83000,104.089996,103.72000,104.040001
2025-04-08 12:00:00,104.029999,104.050003,103.92000,103.98000
2025-04-08 13:00:00,103.98000,104.18000,103.94000,104.16000
2025-04-08 14:00:00,104.16000,104.33000,104.14000,104.33000
2025-04-08 15:00:00,104.33000,104.35000,104.12000,104.21000
2025-04-08 16:00:00,104.21000,104.21000,103.94000,103.99000
2025-04-08 17:00:00,103.96000,104.019997,103.63000,103.86000
2025-04-08 18:00:00,103.87000,104.050003,103.66000,103.98000
2025-04-08 19:00:00,103.99000,104,103.66000,103.70000
2025-04-08 20:00:00,103.70000,103.73000,103.45000,103.46000
2025-04-08 21:00:00,103.47000,103.77000,103.40000,103.63000
2025-04-08 22:00:00,103.62000,103.78000,103.51000,103.67000
2025-04-08 23:00:00,103.67000,104.050003,103.48000,104.040001
2025-04-09 00:00:00,104.050003,104.33000,103.67000,103.78000
2025-04-09 01:00:00,103.78000,103.88000,103.31000,103.55000
2025-04-09 02:00:00,103.54000,103.61000,103.17000,103.18000
2025-04-09 03:00:00,103.19000,103.32000,102.93000,103.17000
2025-04-09 04:00:00,103.17000,103.21000,102.78000,102.83000
2025-04-09 05:00:00,102.83000,102.83000,102.37000,102.68000
2025-04-09 06:00:00,102.66000,102.78000,102.5,102.54000
2025-04-09 07:00:00,102.56000,102.64000,102.45000,102.60000
2025-04-09 08:00:00,102.62000,102.63000,102.32000,102.35000
2025-04-09 09:00:00,102.35000,102.37000,102.089996,102.31000
2025-04-09 10:00:00,102.31000,102.37000,101.83000,102.099998
2025-04-09 11:00:00,102.089996,102.49000,102.070000,102.41000
2025-04-09 12:00:00,102.42000,102.63000,102.29000,102.31000
2025-04-09 13:00:00,102.31000,102.48000,101.99000,102.040001
2025-04-09 14:00:00,102.040001,102.099998,101.63000,101.93000
2025-04-09 15:00:00,101.93000,102.17000,101.84000,101.97000
2025-04-09 16:00:00,101.97000,102.38000,101.89000,101.96000
2025-04-09 17:00:00,101.95000,102.52000,101.93000,102.47000
2025-04-09 18:00:00,102.48000,102.65000,102.16000,102.30000
2025-04-09 19:00:00,102.33000,102.44000,102.19000,102.34000
2025-04-09 20:00:00,102.35000,102.55000,102.080002,102.40000
2025-04-09 21:00:00,102.40000,102.40000,101.80000,101.86000
2025-04-09 22:00:00,101.85000,102.010002,101.68000,101.82000
2025-04-09 23:00:00,101.83000,102.56000,101.64000,102.48000
2025-04-10 00:00:00,102.49000,102.67000,101.85000,101.91000
2025-04-10 01:00:00,101.94000,102.32000,101.89000,102.27000
2025-04-10 02:00:00,102.27000,102.46000,102.21000,102.23000
2025-04-10 03:00:00,102.23000,104.53000,102,104.49000
2025-04-10 04:00:00,104.49000,105.080002,104.42000,104.46000
2025-04-10 05:00:00,104.46000,105.050003,104.40000,104.83000
2025-04-10 06:00:00,104.86000,105.040001,104.75,104.93000
2025-04-10 07:00:00,105.029999,105.029999,104.58000,104.62000
2025-04-10 08:00:00,104.63000,104.76000,104.54000,104.59000
2025-04-10 09:00:00,104.59000,104.72000,104.5,104.54000
2025-04-10 10:00:00,104.51000,104.60000,104.040001,104.070000
2025-04-10 11:00:00,104.070000,104.26000,103.98000,104.20000
2025-04-10 12:00:00,104.19000,104.26000,104.070000,104.16000
2025-04-10 13:00:00,104.16000,104.33000,104.089996,104.31000
2025-04-10 14:00:00,104.30000,104.33000,104.070000,104.21000
2025-04-10 15:00:00,104.21000,104.37000,104.14000,104.25
2025-04-10 16:00:00,104.25,104.62000,104.25,104.59000
2025-04-10 17:00:00,104.59000,104.61000,103.99000,104.029999
2025-04-10 18:00:00,104.029999,104.070000,103.75,103.95000
2025-04-10 19:00:00,103.95000,104.019997,103.72000,103.76000
2025-04-10 20:00:00,103.76000,103.79000,103.52000,103.58000
2025-04-10 21:00:00,103.58000,103.64000,103.30000,103.35000
2025-04-10 22:00:00,103.35000,103.43000,103.12000,103.37000
2025-04-10 23:00:00,103.37000,103.45000,103.019997,103.16000
2025-04-11 00:00:00,103.15000,103.42000,103.070000,103.36000
2025-04-11 01:00:00,103.36000,103.37000,102.87000,103.050003
2025-04-11 02:00:00,103.029999,103.34000,102.85000,103.26000
2025-04-11 03:00:00,103.25,103.77000,103.20000,103.72000
2025-04-11 04:00:00,103.71000,103.82000,103.34000,103.39000
2025-04-11 05:00:00,103.40000,103.73000,103.30000,103.52000
2025-04-11 06:00:00,103.5,103.70000,103.27000,103.34000
2025-04-11 07:00:00,103.33000,103.51000,103.30000,103.39000
2025-04-11 08:00:00,103.40000,103.40000,103.099998,103.24000
2025-04-11 09:00:00,103.24000,103.28000,102.95000,103.040001
2025-04-11 10:00:00,103.029999,103.050003,102.65000,102.78000
2025-04-11 11:00:00,102.78000,103.089996,102.70000,103.040001
2025-04-11 12:00:00,103.040001,103.17000,102.86000,103.089996
2025-04-11 13:00:00,103.089996,103.16000,102.64000,102.65000
2025-04-11 14:00:00,102.66000,102.68000,102.32000,102.35000
2025-04-11 15:00:00,102.35000,102.88000,102.35000,102.76000
2025-04-11 16:00:00,102.75,103.15000,102.75,103.070000
2025-04-11 17:00:00,103.059998,103.12000,102.65000,102.78000
2025-04-11 18:00:00,102.80000,102.96000,102.25,102.43000
2025-04-11 19:00:00,102.43000,102.67000,102.37000,102.66000
2025-04-11 20:00:00,102.66000,102.86000,102.55000,102.75
2025-04-11 21:00:00,102.75,102.79000,102.55000,102.76000
2025-04-11 22:00:00,102.77000,103.19000,102.76000,102.86000
2025-04-11 23:00:00,102.86000,103.42000,102.61000,103.16000
2025-04-12 00:00:00,103.17000,103.43000,102.70000,103.34000
2025-04-12 01:00:00,103.34000,103.43000,103.010002,103.32000
2025-04-12 02:00:00,103.32000,103.53000,103.21000,103.42000
2025-04-12 03:00:00,103.43000,103.71000,103.37000,103.67000
2025-04-12 04:00:00,103.67000,103.76000,103.5,103.55000
2025-04-12 05:00:00,103.55000,103.60000,103.33000,103.39000
2025-04-12 06:00:00,103.38000,103.56000,103.35000,103.52000
2025-04-12 07:00:00,103.49500,103.49500,103.49500,103.49500
2025-04-14 09:00:00,103.49000,103.70100,103.43300,103.56600
2025-04-14 10:00:00,103.55700,103.60700,102.99700,103.0049973
2025-04-14 11:00:00,103.0059967,103.091003,102.65000,102.92100
2025-04-14 12:00:00,102.91900,103.21800,102.89100,103.19700
2025-04-14 13:00:00,103.20000,103.30400,103.022003,103.20300
2025-04-14 14:00:00,103.20300,103.32700,102.95100,103.16300
2025-04-14 15:00:00,103.16300,103.26700,102.94600,102.98500
2025-04-14 16:00:00,102.98400,103.051003,102.74800,102.94200
2025-04-14 17:00:00,102.93600,103.43000,102.75600,103.42000
2025-04-14 18:00:00,103.41800,103.45900,103.20200,103.26300
2025-04-14 19:00:00,103.26600,103.36600,103.15000,103.30800
2025-04-14 20:00:00,103.30400,103.41000,103.17400,103.22600
2025-04-14 21:00:00,103.22600,103.38600,103.16800,103.28900
2025-04-14 22:00:00,103.28700,103.52300,103.20800,103.49000
2025-04-14 23:00:00,103.49100,103.66200,103.30300,103.41100
2025-04-15 00:00:00,103.40900,103.62800,103.27600,103.33400
2025-04-15 01:00:00,103.33300,103.37100,102.88100,102.89700
2025-04-15 02:00:00,102.89700,103.053001,102.72000,103
2025-04-15 03:00:00,103.0019989,103.15900,102.80300,103.066002
2025-04-15 04:00:00,103.066002,103.17500,103.00099945,103.069000
2025-04-15 05:00:00,103.070999,103.18000,103.015999,103.098000
2025-04-15 06:00:00,103.098999,103.19700,103.016998,103.036003
2025-04-15 07:00:00,103.11200,103.11800,102.91800,102.96300
2025-04-15 08:00:00,102.96000,103.092003,102.93100,103
2025-04-15 09:00:00,102.99100,103.13500,102.89700,103.017998
2025-04-15 10:00:00,103.018997,103.35100,102.99300,103.28000
2025-04-15 11:00:00,103.28500,103.37900,103.12900,103.24000
2025-04-15 12:00:00,103.23600,103.24700,103.039001,103.11200
2025-04-15 13:00:00,103.11900,103.21300,103.084999,103.16900
2025-04-15 14:00:00,103.16900,103.29700,103.13600,103.23700
2025-04-15 15:00:00,103.23600,103.29100,103.10800,103.14700
2025-04-15 16:00:00,103.14500,103.36900,102.92000,103.30800
2025-04-15 17:00:00,103.30400,103.50600,103.30400,103.39700
2025-04-15 18:00:00,103.39700,103.40900,103.065002,103.13600
2025-04-15 19:00:00,103.13200,103.13600,102.96100,103.10600
2025-04-15 20:00:00,103.10700,103.21200,103.014999,103.026001
2025-04-15 21:00:00,103.030998,103.20600,102.97700,103.0090027
2025-04-15 22:00:00,103.0090027,103.022003,102.44500,102.77900
2025-04-15 23:00:00,102.78000,103.16200,102.77900,103.068001
2025-04-16 00:00:00,103.069000,103.15000,102.56500,102.63000
2025-04-16 01:00:00,102.62900,102.67400,102.46600,102.61600
2025-04-16 02:00:00,102.61300,102.69500,102.41000,102.43000
2025-04-16 03:00:00,102.42700,102.58300,102.38400,102.45900
2025-04-16 04:00:00,102.46400,102.54400,102.39900,102.49700
2025-04-16 05:00:00,102.50100,102.56100,102.46300,102.52100
2025-04-16 06:00:00,102.52100,102.63000,102.50200,102.59700
2025-04-16 07:00:00,102.57000,102.62200,102.46700,102.52200
2025-04-16 08:00:00,102.51800,102.53500,102.34800,102.52800
2025-04-16 09:00:00,102.52100,102.59400,102.48300,102.54300
2025-04-16 10:00:00,102.54700,102.55500,102.31200,102.39800
2025-04-16 11:00:00,102.39900,102.49100,102.30900,102.35900
2025-04-16 12:00:00,102.35800,102.38400,102.26700,102.30900
2025-04-16 13:00:00,102.30900,102.33000,102.18300,102.21900
2025-04-16 14:00:00,102.22000,102.33800,102.18600,102.32200
2025-04-16 15:00:00,102.31900,102.34500,102.030998,102.053001
2025-04-16 16:00:00,102.053001,102.26900,102.016998,102.17200
2025-04-16 17:00:00,102.17800,102.25400,102.044998,102.12000
2025-04-16 18:00:00,102.11600,102.74500,102.093002,102.48900
2025-04-16 19:00:00,102.49500,102.70100,102.42400,102.64900
2025-04-16 20:00:00,102.64900,102.71900,102.51400,102.61100
2025-04-16 21:00:00,102.61000,102.63400,102.42000,102.44800
2025-04-16 22:00:00,102.44600,102.56500,102.25800,102.47300
2025-04-16 23:00:00,102.47400,102.70900,102.27900,102.53400
2025-04-17 00:00:00,102.52400,102.79600,102.46400,102.59200
2025-04-17 01:00:00,102.59100,102.91100,102.58000,102.67300
2025-04-17 02:00:00,102.67300,102.79200,102.65500,102.70200
2025-04-17 03:00:00,102.70000,102.82700,102.39500,102.40500
2025-04-17 04:00:00,102.40200,102.55600,102.34400,102.37200
2025-04-17 05:00:00,102.37900,102.50100,102.085999,102.49500
2025-04-17 06:00:00,102.49400,102.56000,102.28900,102.33600
2025-04-17 07:00:00,102.30700,102.35000,102.14300,102.22300
2025-04-17 08:00:00,102.20000,102.41900,102.19200,102.37300
2025-04-17 09:00:00,102.36100,102.42500,102.18500,102.39200
2025-04-17 10:00:00,102.39600,102.84300,102.33000,102.80600
2025-04-17 11:00:00,102.81100,102.93000,102.70400,102.82300
2025-04-17 12:00:00,102.82400,102.84700,102.64200,102.76000
2025-04-17 13:00:00,102.76100,102.77400,102.65000,102.68500
2025-04-17 14:00:00,102.68600,102.74600,102.66500,102.70600
2025-04-17 15:00:00,102.70400,102.80500,102.59200,102.75300
2025-04-17 16:00:00,102.75900,102.86300,102.70700,102.76700
2025-04-17 17:00:00,102.76800,103.036003,102.72000,103.0080032
2025-04-17 18:00:00,103.0090027,103.11700,102.77900,102.80800
2025-04-17 19:00:00,102.81000,102.90100,102.70400,102.76400
2025-04-17 20:00:00,102.76800,102.80600,102.53200,102.62000
2025-04-17 21:00:00,102.61800,102.63900,102.47900,102.57500
2025-04-17 22:00:00,102.57600,102.77100,102.54600,102.58200
2025-04-17 23:00:00,102.58100,102.64400,102.47900,102.58800
2025-04-18 00:00:00,102.59000,102.62000,102.37400,102.47000
2025-04-18 01:00:00,102.47000,102.71800,102.43800,102.71200
2025-04-18 02:00:00,102.71100,102.97700,102.61000,102.89200
2025-04-18 03:00:00,102.89300,103.045998,102.83300,103.033997
2025-04-18 04:00:00,103.032997,103.15700,102.83500,102.91200
2025-04-18 05:00:00,102.91100,102.91900,102.80300,102.87800
2025-04-18 06:00:00,102.87900,102.98500,102.80800,102.81200
2025-04-18 07:00:00,102.82300,102.90900,102.78000,102.88900
2025-04-18 08:00:00,102.90200,102.93100,102.81800,102.88900
2025-04-18 09:00:00,102.89200,102.92200,102.76800,102.80000
2025-04-18 10:00:00,102.79000,102.85500,102.63100,102.83000
2025-04-18 11:00:00,102.83300,102.86300,102.71900,102.73800
2025-04-18 12:00:00,102.73600,102.78600,102.65300,102.68200
2025-04-18 13:00:00,102.68000,102.75300,102.62100,102.67800
2025-04-18 14:00:00,102.66800,102.69800,102.60800,102.66900
2025-04-18 15:00:00,102.66100,102.71100,102.60900,102.66800
2025-04-18 16:00:00,102.67700,102.74200,102.62800,102.73700
2025-04-18 17:00:00,102.73300,102.82300,102.64400,102.69500
2025-04-18 18:00:00,102.68800,102.71400,102.62600,102.69800
2025-04-18 19:00:00,102.69900,102.76300,102.63600,102.71900
2025-04-18 20:00:00,102.72300,102.81800,102.67700,102.74100
2025-04-18 21:00:00,102.74200,102.76700,102.58600,102.65700
2025-04-18 22:00:00,102.65600,102.78800,102.63200,102.69200
2025-04-18 23:00:00,102.69200,102.72600,102.58900,102.65800
2025-04-19 00:00:00,102.66000,102.79400,102.58100,102.63200
2025-04-19 01:00:00,102.62700,102.71400,102.56800,102.69300
2025-04-19 02:00:00,102.70300,102.72900,102.55900,102.65600
2025-04-19 03:00:00,102.65500,102.76400,102.61600,102.65500
2025-04-19 04:00:00,102.65600,102.68300,102.62700,102.65900
2025-04-19 05:00:00,102.65900,102.68100,102.60700,102.66800
2025-04-19 06:00:00,102.66800,102.73200,102.62100,102.64900
2025-04-19 07:00:00,102.64900,102.64900,102.64900,102.64900
2025-04-21 09:00:00,102.48800,102.52300,102.33500,102.41200
2025-04-21 10:00:00,102.41300,102.41300,102.13600,102.16400
2025-04-21 11:00:00,102.16500,102.17900,102.014999,102.026001
2025-04-21 12:00:00,102.021004,102.10500,101.85000,101.96700
2025-04-21 13:00:00,101.96100,102.046997,101.89500,102.025002
2025-04-21 14:00:00,102.024002,102.15300,102.0029984,102.018997
2025-04-21 15:00:00,102.022003,102.051003,101.93200,101.97900
2025-04-21 16:00:00,101.97700,102.10700,101.93000,102.017998
2025-04-21 17:00:00,102.017998,102.061996,101.84900,101.85600
2025-04-21 18:00:00,101.85600,101.99200,101.82900,101.91200
2025-04-21 19:00:00,101.92000,102.014999,101.89000,101.94500
2025-04-21 20:00:00,101.94100,102.098000,101.92800,102.082001
2025-04-21 21:00:00,102.083000,102.15300,101.92600,101.96400
2025-04-21 22:00:00,101.96300,102.16800,101.87400,102.065002
2025-04-21 23:00:00,102.063004,102.14300,101.96900,102.043999
2025-04-22 00:00:00,102.043999,102.086998,101.83900,102.042999
2025-04-22 01:00:00,102.042000,102.12300,101.87100,101.90400
2025-04-22 02:00:00,101.90700,101.97800,101.73300,101.76700
2025-04-22 03:00:00,101.76700,101.83500,101.58500,101.60800
2025-04-22 04:00:00,101.60900,101.66400,101.51400,101.59200
2025-04-22 05:00:00,101.59000,101.87100,101.58200,101.81500
2025-04-22 06:00:00,101.81300,101.89700,101.65700,101.75700
2025-04-22 07:00:00,101.66800,101.80000,101.65400,101.73000
2025-04-22 08:00:00,101.72600,101.78300,101.66000,101.69400
2025-04-22 09:00:00,101.70000,101.84700,101.63400,101.82900
2025-04-22 10:00:00,101.83000,102.055000,101.75200,101.78200
2025-04-22 11:00:00,101.78300,101.92100,101.74600,101.82000
2025-04-22 12:00:00,101.81500,101.82400,101.66100,101.69400
2025-04-22 13:00:00,101.69600,101.69600,101.40600,101.55100
2025-04-22 14:00:00,101.55200,101.56100,101.45900,101.55200
2025-04-22 15:00:00,101.55000,101.63000,101.38900,101.40700
2025-04-22 16:00:00,101.41000,101.70000,101.35800,101.62400
2025-04-22 17:00:00,101.63000,101.72600,101.54300,101.57000
2025-04-22 18:00:00,101.56900,101.77400,101.51300,101.68900
2025-04-22 19:00:00,101.69000,101.73700,101.44900,101.50400
2025-04-22 20:00:00,101.49900,101.52400,101.34200,101.39000
2025-04-22 21:00:00,101.39100,101.42500,101.24500,101.31500
2025-04-22 22:00:00,101.31600,101.49500,101.24700,101.49200
2025-04-22 23:00:00,101.49000,101.77100,101.46100,101.72900
2025-04-23 00:00:00,101.72900,101.80100,101.61900,101.77700
2025-04-23 01:00:00,101.77600,102.10100,101.73300,102.069000
2025-04-23 02:00:00,102.069000,102.38900,101.95900,102.33900
2025-04-23 03:00:00,102.34000,102.45900,102.069000,102.11600
2025-04-23 04:00:00,102.11700,102.42900,102.11100,102.42000
2025-04-23 05:00:00,102.41900,102.53000,102.31100,102.43600
2025-04-23 06:00:00,102.43500,102.53800,102.40900,102.49800
2025-04-23 07:00:00,102.45100,103.067001,102.36600,103.056000
2025-04-23 08:00:00,103.058998,103.37100,102.92200,103.26200
2025-04-23 09:00:00,103.29300,103.35400,103.012001,103.040001
2025-04-23 10:00:00,103.027000,103.068001,102.71400,102.74700
2025-04-23 11:00:00,102.74300,102.86000,102.46700,102.51700
2025-04-23 12:00:00,102.51800,102.63700,102.49400,102.56700
2025-04-23 13:00:00,102.56400,102.74400,102.48600,102.73400
2025-04-23 14:00:00,102.73500,102.74800,102.56400,102.61600
2025-04-23 15:00:00,102.61400,102.72900,102.48200,102.68100
2025-04-23 16:00:00,102.68200,102.74300,102.51400,102.58600
2025-04-23 17:00:00,102.58700,102.73000,102.40600,102.66900
2025-04-23 18:00:00,102.67100,102.68800,102.54400,102.62600
2025-04-23 19:00:00,102.62400,102.79500,102.56200,102.77800
2025-04-23 20:00:00,102.77900,102.82200,102.61000,102.76400
2025-04-23 21:00:00,102.77100,102.83500,102.45000,102.46700
2025-04-23 22:00:00,102.46800,102.55800,102.37000,102.52800
2025-04-23 23:00:00,102.52600,103.028000,102.42800,103.022003
2025-04-24 00:00:00,103.022003,103.10500,102.62000,103.0019989
2025-04-24 01:00:00,103.0049973,103.061996,102.51700,102.66100
2025-04-24 02:00:00,102.66200,103.0090027,102.59700,102.93500
2025-04-24 03:00:00,102.93400,103.16200,102.86100,103.11000
2025-04-24 04:00:00,103.11100,103.30600,103.11000,103.29000
2025-04-24 05:00:00,103.28400,103.33100,103.15100,103.25900
2025-04-24 06:00:00,103.26100,103.41200,103.22600,103.36500
2025-04-24 07:00:00,103.34800,103.34800,103.0029984,103.082001
2025-04-24 08:00:00,103.082001,103.14600,103.00099945,103.10600
2025-04-24 09:00:00,103.12300,103.28300,103.099998,103.21200
2025-04-24 10:00:00,103.21100,103.29900,103.00099945,103.068001
2025-04-24 11:00:00,103.068001,103.14500,102.88700,102.93400
2025-04-24 12:00:00,102.94200,103.0070038,102.78800,102.99900
2025-04-24 13:00:00,102.99900,103.029999,102.90700,103
2025-04-24 14:00:00,102.99900,103.042000,102.90300,102.94500
2025-04-24 15:00:00,102.94500,103.088997,102.89800,102.93500
2025-04-24 16:00:00,102.93400,103.045998,102.91800,102.99000
2025-04-24 17:00:00,102.98700,103.085999,102.91100,103.022003
2025-04-24 18:00:00,103.018997,103.044998,102.91500,102.99700
2025-04-24 19:00:00,102.99300,103.056000,102.87000,102.90200
2025-04-24 20:00:00,102.90400,102.92600,102.76200,102.89700
2025-04-24 21:00:00,102.89700,102.91100,102.71900,102.86100
2025-04-24 22:00:00,102.85700,102.89400,102.64500,102.74800
2025-04-24 23:00:00,102.74700,102.84200,102.62700,102.81800
2025-04-25 00:00:00,102.82000,102.83900,102.55500,102.65900
2025-04-25 01:00:00,102.66000,102.80600,102.64400,102.71500
2025-04-25 02:00:00,102.71400,102.80600,102.60400,102.78700
2025-04-25 03:00:00,102.78800,102.94500,102.74600,102.94000
2025-04-25 04:00:00,102.94100,102.99200,102.85300,102.97900
2025-04-25 05:00:00,102.97800,103.010002,102.84200,102.98300
2025-04-25 06:00:00,102.98500,103.037003,102.90500,102.96500
2025-04-25 07:00:00,102.96200,103.035004,102.89100,103.014999
2025-04-25 08:00:00,103.030998,103.084999,102.97300,102.99900
2025-04-25 09:00:00,103.0029984,103.14000,102.94800,103.10100
2025-04-25 10:00:00,103.10300,103.26000,103.057999,103.19200
2025-04-25 11:00:00,103.19200,103.21800,103.053001,103.075996
2025-04-25 12:00:00,103.078003,103.11000,103.019997,103.10200
2025-04-25 13:00:00,103.099998,103.57400,103.043999,103.55800
2025-04-25 14:00:00,103.55900,103.65500,103.46700,103.50400
2025-04-25 15:00:00,103.50900,103.59700,103.42600,103.46800
2025-04-25 16:00:00,103.46800,103.61700,103.41600,103.52000
2025-04-25 17:00:00,103.51200,103.66700,103.23400,103.33300
2025-04-25 18:00:00,103.33400,103.42700,103.18200,103.27700
2025-04-25 19:00:00,103.27700,103.40600,103.14700,103.39000
2025-04-25 20:00:00,103.38900,103.5,103.15200,103.19900
2025-04-25 21:00:00,103.19600,103.36400,103.18100,103.35100
2025-04-25 22:00:00,103.34700,103.42100,103.28600,103.38200
2025-04-25 23:00:00,103.38300,103.83600,103.35400,103.75800
2025-04-26 00:00:00,103.76100,103.90000,103.61300,103.87200
2025-04-26 01:00:00,103.87100,103.95100,103.70100,103.73200
2025-04-26 02:00:00,103.72800,103.77200,103.65000,103.76200
2025-04-26 03:00:00,103.76200,103.81800,103.38300,103.47400
2025-04-26 04:00:00,103.47200,103.61800,103.41500,103.58900
2025-04-26 05:00:00,103.59200,103.64200,103.51000,103.63900
2025-04-26 06:00:00,103.64000,103.80400,103.61600,103.70100
2025-04-26 07:00:00,103.66000,103.66700,103.66000,103.66700
2025-04-28 09:00:00,103.66400,103.72900,103.60600,103.70900
2025-04-28 10:00:00,103.70900,103.72200,103.40700,103.42400
2025-04-28 11:00:00,103.42100,103.52800,103.31400,103.52500
2025-04-28 12:00:00,103.52700,103.62200,103.48100,103.51900
2025-04-28 13:00:00,103.52000,103.54000,103.42700,103.48800
2025-04-28 14:00:00,103.48600,103.54100,103.35800,103.36800
2025-04-28 15:00:00,103.36400,103.53800,103.34600,103.50600
2025-04-28 16:00:00,103.50500,103.61800,103.49100,103.60600
2025-04-28 17:00:00,103.60700,103.67700,103.47100,103.47900
2025-04-28 18:00:00,103.48000,103.53300,103.37300,103.39200
2025-04-28 19:00:00,103.38900,103.46100,103.35700,103.44200
2025-04-28 20:00:00,103.44200,103.44900,103.34000,103.38500
2025-04-28 21:00:00,103.38300,103.46900,103.34500,103.40000
2025-04-28 22:00:00,103.39800,103.41800,103.29000,103.36100
2025-04-28 23:00:00,103.36000,103.45600,103.30800,103.32800
2025-04-29 00:00:00,103.32400,103.34600,103.098999,103.26900
2025-04-29 01:00:00,103.26900,103.30500,102.91700,102.97600
2025-04-29 02:00:00,102.97400,102.98400,102.72800,102.79300
2025-04-29 03:00:00,102.79300,102.80600,102.59100,102.77400
2025-04-29 04:00:00,102.77500,102.83100,102.65600,102.67300
2025-04-29 05:00:00,102.67000,102.82500,102.63200,102.81600
2025-04-29 06:00:00,102.81700,102.83600,102.63300,102.64200
2025-04-29 07:00:00,102.67100,102.72700,102.63500,102.68700
2025-04-29 08:00:00,102.70100,102.84000,102.65500,102.83000
2025-04-29 09:00:00,102.80800,102.90300,102.73200,102.78900
2025-04-29 10:00:00,102.78600,102.84200,102.69000,102.80000
2025-04-29 11:00:00,102.80100,102.92200,102.74200,102.91000
2025-04-29 12:00:00,102.90800,103.0080032,102.82400,102.88800
2025-04-29 13:00:00,102.88800,102.89000,102.67300,102.77700
2025-04-29 14:00:00,102.77700,102.87100,102.75300,102.81000
2025-04-29 15:00:00,102.80900,102.82400,102.64100,102.70100
2025-04-29 16:00:00,102.70100,102.96700,102.68400,102.90700
2025-04-29 17:00:00,102.90600,103.046997,102.88100,103.031998
2025-04-29 18:00:00,103.029999,103.11800,102.91700,103.10400
2025-04-29 19:00:00,103.10300,103.13800,103.029999,103.084999
2025-04-29 20:00:00,103.085999,103.12100,103.0049973,103.010002
2025-04-29 21:00:00,103.014999,103.070999,102.95000,103.066002
2025-04-29 22:00:00,103.065002,103.13300,102.85500,102.87400
2025-04-29 23:00:00,102.87300,102.87400,102.63300,102.72600
2025-04-30 00:00:00,102.70300,102.79400,102.50200,102.68700
2025-04-30 01:00:00,102.68600,102.73700,102.56600,102.71000
2025-04-30 02:00:00,102.71100,102.73200,102.50700,102.53100
2025-04-30 03:00:00,102.52700,102.81900,102.48300,102.80900
2025-04-30 04:00:00,102.80900,102.81500,102.71100,102.76400
2025-04-30 05:00:00,102.76800,102.86900,102.70900,102.84900
2025-04-30 06:00:00,102.84900,103.0059967,102.80700,102.84100
2025-04-30 07:00:00,102.84200,102.90000,102.74800,102.88300
2025-04-30 08:00:00,102.88400,102.94500,102.82300,102.86800
2025-04-30 09:00:00,102.86600,102.93100,102.78800,102.89400
2025-04-30 10:00:00,102.89200,103.011002,102.82100,102.97700
2025-04-30 11:00:00,102.97700,103,102.87000,102.91100
2025-04-30 12:00:00,102.91100,103.010002,102.83200,102.90000
2025-04-30 13:00:00,102.89800,102.96700,102.81900,102.95300
2025-04-30 14:00:00,102.95900,103.037003,102.93100,103.017998
2025-04-30 15:00:00,103.018997,103.079002,102.98700,103.059998
2025-04-30 16:00:00,103.065002,103.21100,103.040001,103.16400
2025-04-30 17:00:00,103.16100,103.26500,103.089996,103.23500
2025-04-30 18:00:00,103.24000,103.28300,103.18000,103.23100
2025-04-30 19:00:00,103.23300,103.47300,103.21700,103.44300
2025-04-30 20:00:00,103.44000,103.45300,103.36400,103.42000
2025-04-30 21:00:00,103.42000,103.46300,103.33400,103.39700
2025-04-30 22:00:00,103.39700,103.44800,103.066002,103.11800
2025-04-30 23:00:00,103.11600,103.28600,103.050003,103.075996
2025-05-01 00:00:00,103.075996,103.49700,103.028000,103.24500
2025-05-01 01:00:00,103.24800,103.45200,103.20200,103.29200
2025-05-01 02:00:00,103.29200,103.34200,103.19200,103.31300
2025-05-01 03:00:00,103.31200,103.56800,103.25400,103.52100
2025-05-01 04:00:00,103.52300,103.74900,103.48800,103.57200
2025-05-01 05:00:00,103.57200,103.77200,103.54600,103.67000
2025-05-01 06:00:00,103.67000,103.83700,103.63500,103.65800
2025-05-01 07:00:00,103.65400,103.68500,103.58400,103.66100
2025-05-01 08:00:00,103.65900,103.75100,103.60100,103.72200
2025-05-01 09:00:00,103.74000,103.77100,103.61100,103.69900
2025-05-01 10:00:00,103.70000,103.75600,103.58900,103.72500
2025-05-01 11:00:00,103.73500,103.85800,103.69500,103.84500
2025-05-01 12:00:00,103.84600,103.84800,103.74500,103.81100
2025-05-01 13:00:00,103.81200,104.21500,103.72300,104.16200
2025-05-01 14:00:00,104.16200,104.33600,104.15900,104.31900
2025-05-01 15:00:00,104.32300,104.52500,104.27400,104.39900
2025-05-01 16:00:00,104.39800,104.79200,104.34700,104.78400
2025-05-01 17:00:00,104.78300,104.85200,104.51000,104.53700
2025-05-01 18:00:00,104.53700,104.56000,104.34400,104.40900
2025-05-01 19:00:00,104.40800,104.5,104.34200,104.47400
2025-05-01 20:00:00,104.47400,104.51600,104.39300,104.46200
2025-05-01 21:00:00,104.45800,104.62400,104.37900,104.57900
2025-05-01 22:00:00,104.57800,104.80900,104.36900,104.73200
2025-05-01 23:00:00,104.73100,104.95500,104.60400,104.75100
2025-05-02 00:00:00,104.75800,105.18900,104.75400,105.047997
2025-05-02 01:00:00,105.047997,105.16000,104.97800,105.069000
2025-05-02 02:00:00,105.071999,105.082001,104.93300,104.96800
2025-05-02 03:00:00,104.97000,105.088997,104.92000,105.040001
2025-05-02 04:00:00,105.038002,105.25100,105.012001,105.21900
2025-05-02 05:00:00,105.21900,105.27700,105.10300,105.14400
2025-05-02 06:00:00,105.14900,105.17700,104.91300,104.91700
2025-05-02 07:00:00,104.91200,105.0059967,104.84500,104.85300
2025-05-02 08:00:00,104.86200,104.96700,104.85400,104.96100
2025-05-02 09:00:00,104.94300,105.11700,104.92700,105.0059967
2025-05-02 10:00:00,105.0059967,105.40300,104.97400,105.39600
2025-05-02 11:00:00,105.39800,105.40500,105.097000,105.13300
2025-05-02 12:00:00,105.13400,105.20500,105.077003,105.17700
2025-05-02 13:00:00,105.17900,105.18900,105.028999,105.11500
2025-05-02 14:00:00,105.11500,105.22800,105.060997,105.19500
2025-05-02 15:00:00,105.18900,105.20000,105.030998,105.099998
2025-05-02 16:00:00,105.099998,105.22500,105.0080032,105.15700
2025-05-02 17:00:00,105.15700,105.17400,104.99400,105.043999
2025-05-02 18:00:00,105.040001,105.051003,104.69300,104.72700
2025-05-02 19:00:00,104.72500,104.81200,104.60000,104.69200
2025-05-02 20:00:00,104.69100,104.75200,104.61800,104.62400
2025-05-02 21:00:00,104.625,104.68800,104.43200,104.60100
2025-05-02 22:00:00,104.60300,104.77200,104.38800,104.63500
2025-05-02 23:00:00,104.63500,104.68200,104.26800,104.30400
2025-05-03 00:00:00,104.30500,104.66600,104.25500,104.60300
2025-05-03 01:00:00,104.60400,104.85000,104.56000,104.79900
2025-05-03 02:00:00,104.80100,105.014999,104.75700,104.91000
2025-05-03 03:00:00,104.90900,104.92300,104.76300,104.83900
2025-05-03 04:00:00,104.84200,105.035004,104.79600,105.0070038
2025-05-03 05:00:00,105.0059967,105.050003,104.89300,105.00099945
2025-05-03 06:00:00,105.0049973,105.059998,104.80700,104.89400
2025-05-03 07:00:00,104.88900,104.88900,104.88900,104.88900
2025-05-05 09:00:00,104.70200,104.81100,104.58100,104.63200
2025-05-05 10:00:00,104.63300,104.72700,104.59200,104.66400
2025-05-05 11:00:00,104.65900,104.66500,104.45800,104.48400
2025-05-05 12:00:00,104.48700,104.51800,104.39000,104.47500
2025-05-05 13:00:00,104.47500,104.54000,104.42800,104.51800
2025-05-05 14:00:00,104.52000,104.52200,104.38000,104.47200
2025-05-05 15:00:00,104.47200,104.51300,104.39400,104.44800
2025-05-05 16:00:00,104.44800,104.55000,104.44800,104.49600
2025-05-05 17:00:00,104.49100,104.54200,104.40000,104.49300
2025-05-05 18:00:00,104.49200,104.5,104.24600,104.31500
2025-05-05 19:00:00,104.31100,104.35600,104.22100,104.33500
2025-05-05 20:00:00,104.33500,104.36200,104.25,104.33700
2025-05-05 21:00:00,104.33500,104.35800,104.15400,104.25200
2025-05-05 22:00:00,104.25200,104.26600,103.95300,103.99600
2025-05-05 23:00:00,103.99600,104.071999,103.92000,104.019997
2025-05-06 00:00:00,104.017998,104.22400,103.91600,104.11200
2025-05-06 01:00:00,104.11200,104.26100,103.95100,104.24400
2025-05-06 02:00:00,104.24500,104.41000,104.22300,104.38100
2025-05-06 03:00:00,104.37900,104.38600,104.25500,104.31300
2025-05-06 04:00:00,104.31200,104.33800,104.15700,104.18200
2025-05-06 05:00:00,104.18400,104.20200,104.050003,104.089996
2025-05-06 06:00:00,104.087997,104.096001,103.90700,103.91300
2025-05-06 07:00:00,103.93300,104.0059967,103.87000,103.92800
2025-05-06 08:00:00,103.92600,104.014999,103.89500,103.99500
2025-05-06 09:00:00,103.98700,104.028999,103.86100,103.96000
2025-05-06 10:00:00,103.95800,104.069000,103.93700,104.054001
2025-05-06 11:00:00,104.053001,104.21100,104.030998,104.092003
2025-05-06 12:00:00,104.091003,104.10100,103.86900,103.99700
2025-05-06 13:00:00,103.99600,104.033997,103.93600,104.013000
2025-05-06 14:00:00,104.014000,104.036003,103.94100,104.019997
2025-05-06 15:00:00,104.023003,104.049004,103.97300,104.013000
2025-05-06 16:00:00,104.012001,104.10200,103.91000,103.94200
2025-05-06 17:00:00,103.94200,103.99600,103.66900,103.74400
2025-05-06 18:00:00,103.74500,103.76900,103.43800,103.56800
2025-05-06 19:00:00,103.56800,103.64800,103.49800,103.62600
2025-05-06 20:00:00,103.62600,103.64900,103.50700,103.51900
2025-05-06 21:00:00,103.51700,103.58700,103.33900,103.43400
2025-05-06 22:00:00,103.43100,103.53800,103.24400,103.25900
2025-05-06 23:00:00,103.25900,103.53600,103.24400,103.35400
2025-05-07 00:00:00,103.35800,103.60100,103.30400,103.58200
2025-05-07 01:00:00,103.58100,103.73000,103.53900,103.64300
2025-05-07 02:00:00,103.64400,103.82000,103.53600,103.63800
2025-05-07 03:00:00,103.63600,103.66800,103.36400,103.44200
2025-05-07 04:00:00,103.44300,103.53700,103.35500,103.42600
2025-05-07 05:00:00,103.42600,103.48100,103.37800,103.41100
2025-05-07 06:00:00,103.41000,103.47700,103.31700,103.43900
2025-05-07 07:00:00,103.43700,103.46300,103.35200,103.37600
2025-05-07 08:00:00,103.38400,104.030998,103.35600,103.99400
2025-05-07 09:00:00,104.010002,104.039001,103.83300,103.89800
2025-05-07 10:00:00,103.89600,104.0070038,103.70600,103.79200
2025-05-07 11:00:00,103.79400,103.82100,103.63500,103.71600
2025-05-07 12:00:00,103.71200,103.82600,103.68000,103.74500
2025-05-07 13:00:00,103.75300,103.81600,103.70200,103.76000
2025-05-07 14:00:00,103.76100,103.89100,103.73300,103.85600
2025-05-07 15:00:00,103.85800,103.86700,103.67200,103.72500
2025-05-07 16:00:00,103.72500,103.76900,103.58600,103.61100
2025-05-07 17:00:00,103.61100,103.93800,103.60300,103.86700
2025-05-07 18:00:00,103.86600,104.060997,103.84100,103.90400
2025-05-07 19:00:00,103.90200,103.95600,103.80900,103.83600
2025-05-07 20:00:00,103.83700,103.88400,103.76700,103.87900
2025-05-07 21:00:00,103.87900,103.97000,103.84900,103.95300
2025-05-07 22:00:00,103.95400,103.99700,103.79400,103.86400
2025-05-07 23:00:00,103.86700,103.94400,103.77200,103.93300
2025-05-08 00:00:00,103.93300,104.011002,103.81700,103.99700
2025-05-08 01:00:00,103.99400,104.16400,103.92500,104.15800
2025-05-08 02:00:00,104.15500,104.19900,103.96100,104.029999
2025-05-08 03:00:00,104.027000,104.077003,103.78100,103.84100
2025-05-08 04:00:00,103.82700,104.12100,103.57000,103.95500
2025-05-08 05:00:00,103.95500,104.13400,103.81500,103.97800
2025-05-08 06:00:00,103.97700,104.083000,103.88600,103.89100
2025-05-08 07:00:00,103.92200,103.92400,103.79900,103.89700
2025-05-08 08:00:00,103.89400,104.019997,103.86400,104.013000
2025-05-08 09:00:00,103.98300,104.013000,103.88200,103.98000
2025-05-08 10:00:00,103.97800,104.070000,103.82600,104.051003
2025-05-08 11:00:00,104.052002,104.084000,103.81900,103.87000
2025-05-08 12:00:00,103.86800,103.96900,103.82800,103.92700
2025-05-08 13:00:00,103.92800,103.93500,103.81100,103.86400
2025-05-08 14:00:00,103.86200,103.98000,103.80300,103.97200
2025-05-08 15:00:00,103.97000,104.095001,103.88100,103.98700
2025-05-08 16:00:00,103.98300,104.16100,103.91800,104.092003
2025-05-08 17:00:00,104.095001,104.19400,103.99600,104.11100
2025-05-08 18:00:00,104.11000,104.46800,104.082001,104.44500
2025-05-08 19:00:00,104.44400,104.46900,104.27200,104.30500
2025-05-08 20:00:00,104.30800,104.43800,104.27800,104.35800
2025-05-08 21:00:00,104.35500,104.35500,104.061996,104.15000
2025-05-08 22:00:00,104.15400,104.27100,104.085999,104.18200
2025-05-08 23:00:00,104.17900,104.25200,104.070999,104.20900
2025-05-09 00:00:00,104.20800,104.41500,104.10700,104.34300
2025-05-09 01:00:00,104.34500,104.61000,104.29000,104.55000
2025-05-09 02:00:00,104.54800,104.71900,104.51500,104.69000
2025-05-09 03:00:00,104.69000,104.77700,104.60500,104.63700
2025-05-09 04:00:00,104.63800,104.77900,104.59600,104.75
2025-05-09 05:00:00,104.74700,104.95700,104.69500,104.83600
2025-05-09 06:00:00,104.83400,104.89400,104.72700,104.80000
2025-05-09 07:00:00,104.77500,104.78800,104.68300,104.77300
2025-05-09 08:00:00,104.77700,104.81900,104.69200,104.75200
2025-05-09 09:00:00,104.75700,104.88800,104.72300,104.81600
2025-05-09 10:00:00,104.81700,104.94400,104.59300,104.61600
2025-05-09 11:00:00,104.61600,104.67300,104.54200,104.61000
2025-05-09 12:00:00,104.60700,104.72200,104.58800,104.60600
2025-05-09 13:00:00,104.60600,104.64700,104.49900,104.61600
2025-05-09 14:00:00,104.61800,104.62400,104.50500,104.54700
2025-05-09 15:00:00,104.54600,104.59700,104.49400,104.50800
2025-05-09 16:00:00,104.50800,104.53400,104.30500,104.33300
2025-05-09 17:00:00,104.33400,104.43300,104.24600,104.32700
2025-05-09 18:00:00,104.32500,104.43700,104.26800,104.36000
2025-05-09 19:00:00,104.36000,104.41600,104.26700,104.41200
2025-05-09 20:00:00,104.41300,104.47600,104.36100,104.40500
2025-05-09 21:00:00,104.40300,104.42600,104.15900,104.32300
2025-05-09 22:00:00,104.32000,104.45500,104.29400,104.37900
2025-05-09 23:00:00,104.37700,104.45200,104.15300,104.24200
2025-05-10 00:00:00,104.24000,104.33700,103.98000,104.11500
2025-05-10 01:00:00,104.11300,104.23400,104.045998,104.22400
2025-05-10 02:00:00,104.22500,104.26600,104.11400,104.25500
2025-05-10 03:00:00,104.25500,104.34600,104.22900,104.29500
2025-05-10 04:00:00,104.29700,104.30400,104.21700,104.28400
2025-05-10 05:00:00,104.28400,104.34000,104.26100,104.29500
2025-05-10 06:00:00,104.29500,104.32600,104.24400,104.28300
2025-05-10 07:00:00,104.25700,104.27800,104.25700,104.27800
2025-05-12 09:00:00,104.70800,104.79200,104.62800,104.70500
2025-05-12 10:00:00,104.70600,104.80700,104.65100,104.68900
2025-05-12 11:00:00,104.69000,104.94700,104.66000,104.82200
2025-05-12 12:00:00,104.82400,104.83200,104.54500,104.66500
2025-05-12 13:00:00,104.66400,104.74900,104.62400,104.67000
2025-05-12 14:00:00,104.66700,104.79500,104.66100,104.78500
2025-05-12 15:00:00,104.78600,104.90700,104.75500,104.83000
2025-05-12 16:00:00,104.82900,104.95100,104.80700,104.89800
2025-05-12 17:00:00,104.89700,105.92600,104.87600,105.875
2025-05-12 18:00:00,105.875,106.049004,105.71400,105.86000
2025-05-12 19:00:00,105.85800,106.042000,105.76000,105.99000
2025-05-12 20:00:00,105.99300,106.24900,105.94200,106.10500
2025-05-12 21:00:00,106.10500,106.11700,105.78400,105.80200
2025-05-12 22:00:00,105.80400,105.95300,105.68600,105.79300
2025-05-12 23:00:00,105.75,105.91100,105.65500,105.86600
2025-05-13 00:00:00,105.86700,105.98700,105.77800,105.88300
2025-05-13 01:00:00,105.88500,105.90000,105.69600,105.75
2025-05-13 02:00:00,105.75,106.067001,105.71700,106.042999
2025-05-13 03:00:00,106.042999,106.073997,105.95200,106.0080032
2025-05-13 04:00:00,106.0090027,106.091003,105.95800,105.99900
2025-05-13 05:00:00,105.99700,106.12100,105.95200,106.082001
2025-05-13 06:00:00,106.084000,106.24700,106.079002,106.21200
2025-05-13 07:00:00,106.21700,106.21900,106.064003,106.11500
2025-05-13 08:00:00,106.11100,106.20500,106.086998,106.16500
2025-05-13 09:00:00,106.17200,106.23000,106.066002,106.089996
2025-05-13 10:00:00,106.095001,106.095001,105.68700,105.71000
2025-05-13 11:00:00,105.70900,105.84000,105.68200,105.74400
2025-05-13 12:00:00,105.74000,105.89700,105.71700,105.87400
2025-05-13 13:00:00,105.87600,105.90300,105.78100,105.80500
2025-05-13 14:00:00,105.80400,105.93300,105.79600,105.79700
2025-05-13 15:00:00,105.79700,105.88800,105.74900,105.83600
2025-05-13 16:00:00,105.84100,105.97100,105.81300,105.95000
2025-05-13 17:00:00,105.94700,105.96900,105.70500,105.70500
2025-05-13 18:00:00,105.70600,105.82600,105.65500,105.73900
2025-05-13 19:00:00,105.73600,105.83500,105.68800,105.82800
2025-05-13 20:00:00,105.82900,105.91900,105.79000,105.87300
2025-05-13 21:00:00,105.87300,105.90200,105.78000,105.84300
2025-05-13 22:00:00,105.84500,105.94800,105.70700,105.86300
2025-05-13 23:00:00,105.86100,105.86600,105.46100,105.54400
2025-05-14 00:00:00,105.54100,105.80700,105.52000,105.76100
2025-05-14 01:00:00,105.76000,105.875,105.67000,105.84400
2025-05-14 02:00:00,105.84400,105.84700,105.66700,105.76900
2025-05-14 03:00:00,105.77000,105.90800,105.74600,105.83200
2025-05-14 04:00:00,105.83400,105.83600,105.74600,105.81000
2025-05-14 05:00:00,105.81100,105.87100,105.75400,105.80600
2025-05-14 06:00:00,105.80600,105.82600,105.74100,105.81100
2025-05-14 07:00:00,105.81600,105.82800,105.75800,105.80000
2025-05-14 08:00:00,105.79800,105.82800,105.70200,105.79400
2025-05-14 09:00:00,105.78300,105.89400,105.77100,105.87100
2025-05-14 10:00:00,105.87300,105.94800,105.69500,105.76800
2025-05-14 11:00:00,105.76900,105.77700,105.53300,105.63200
2025-05-14 12:00:00,105.63400,105.74400,105.55000,105.70000
2025-05-14 13:00:00,105.70000,105.74500,105.61300,105.65900
2025-05-14 14:00:00,105.65700,105.71300,105.48200,105.50900
2025-05-14 15:00:00,105.50900,105.59200,105.44700,105.57700
2025-05-14 16:00:00,105.57900,105.64700,105.49200,105.61000
2025-05-14 17:00:00,105.61300,105.68100,105.50700,105.55900
2025-05-14 18:00:00,105.55700,105.57500,105.045998,105.11400
2025-05-14 19:00:00,105.11500,105.17200,104.72100,104.86400
2025-05-14 20:00:00,104.86300,104.89300,104.69800,104.75800
2025-05-14 21:00:00,104.75800,104.88800,104.73300,104.87000
2025-05-14 22:00:00,104.87000,105.018997,104.75200,104.83500
2025-05-14 23:00:00,104.83600,104.98500,104.47800,104.61300
2025-05-15 00:00:00,104.61400,104.84300,104.58100,104.82000
2025-05-15 01:00:00,104.82000,104.96200,104.70800,104.94200
2025-05-15 02:00:00,104.94300,105.21200,104.83900,104.98400
2025-05-15 03:00:00,104.98600,104.99700,104.82500,104.90200
2025-05-15 04:00:00,104.90300,105.046997,104.88300,104.98000
2025-05-15 05:00:00,104.98100,105.11300,104.97500,105.052002
2025-05-15 06:00:00,105.052002,105.083000,104.91200,104.92500
2025-05-15 07:00:00,104.91900,105.015999,104.88400,104.90800
2025-05-15 08:00:00,104.91200,104.94200,104.84200,104.89600
2025-05-15 09:00:00,104.90200,104.92700,104.76700,104.90300
2025-05-15 10:00:00,104.90900,104.99200,104.61500,104.65800
2025-05-15 11:00:00,104.65300,104.75500,104.59300,104.73100
2025-05-15 12:00:00,104.73100,104.79100,104.65300,104.68400
2025-05-15 13:00:00,104.68300,104.71400,104.50500,104.61000
2025-05-15 14:00:00,104.61500,104.63800,104.50700,104.57400
2025-05-15 15:00:00,104.57300,104.59600,104.41600,104.46200
2025-05-15 16:00:00,104.45900,104.50600,104.13600,104.18400
2025-05-15 17:00:00,104.18400,104.34800,104.17400,104.32400
2025-05-15 18:00:00,104.32200,104.39200,104.17300,104.23800
2025-05-15 19:00:00,104.23600,104.39300,104.22300,104.38500
2025-05-15 20:00:00,104.38400,104.39900,104.28700,104.37300
2025-05-15 21:00:00,104.37400,104.47400,104.30900,104.46300
2025-05-15 22:00:00,104.46000,104.51700,104.15700,104.27400
2025-05-15 23:00:00,104.27600,104.28800,104.10900,104.19900
2025-05-16 00:00:00,104.19700,104.31200,103.97100,104.22600
2025-05-16 01:00:00,104.22600,104.23700,104.075996,104.085999
2025-05-16 02:00:00,104.082001,104.15500,103.92900,104.10700
2025-05-16 03:00:00,104.11100,104.32300,104.088997,104.30400
2025-05-16 04:00:00,104.30400,104.33500,104.23200,104.31400
2025-05-16 05:00:00,104.31300,104.35000,104.21800,104.31300
2025-05-16 06:00:00,104.31400,104.36900,104.26600,104.34900
2025-05-16 07:00:00,104.34000,104.35500,104.23700,104.26100
2025-05-16 08:00:00,104.25800,104.33000,104.19800,104.20800
2025-05-16 09:00:00,104.22300,104.37300,104.19900,104.29200
2025-05-16 10:00:00,104.30100,104.32700,103.90400,103.97600
2025-05-16 11:00:00,103.97300,104.088997,103.88700,104.050003
2025-05-16 12:00:00,104.051003,104.26600,104.0080032,104.25500
2025-05-16 13:00:00,104.25500,104.28900,104.12000,104.15600
2025-05-16 14:00:00,104.15700,104.26600,104.10700,104.20500
2025-05-16 15:00:00,104.20800,104.26400,104.11600,104.17600
2025-05-16 16:00:00,104.17600,104.27900,103.97800,104.014000
2025-05-16 17:00:00,104.012001,104.14800,103.87900,104.13300
2025-05-16 18:00:00,104.13200,104.22100,104.057999,104.12700
2025-05-16 19:00:00,104.12600,104.27500,104.092003,104.25300
2025-05-16 20:00:00,104.25100,104.28300,104.17800,104.25700
2025-05-16 21:00:00,104.25600,104.31300,104.17500,104.28200
2025-05-16 22:00:00,104.28200,104.31700,104.18800,104.24100
2025-05-16 23:00:00,104.23900,104.33100,104.17200,104.26900
2025-05-17 00:00:00,104.27600,104.5,104.20600,104.38700
2025-05-17 01:00:00,104.38600,104.41900,104.33100,104.36400
2025-05-17 02:00:00,104.36300,104.39800,104.27100,104.34400
2025-05-17 03:00:00,104.34300,104.40100,104.27800,104.30100
2025-05-17 04:00:00,104.30100,104.33500,104.23100,104.32500
2025-05-17 05:00:00,104.32400,104.39900,104.25400,104.39400
2025-05-17 06:00:00,104.39300,104.49400,104.20400,104.22900
2025-05-17 07:00:00,104.24900,104.24900,104.24900,104.24900
2025-05-19 09:00:00,104.0059967,104.22300,103.96800,104.084000
2025-05-19 10:00:00,104.085999,104.11600,103.78700,103.81100
2025-05-19 11:00:00,103.81200,103.93500,103.73500,103.88800
2025-05-19 12:00:00,103.89100,104.019997,103.85700,103.95800
2025-05-19 13:00:00,103.95700,103.99800,103.88100,103.96500
2025-05-19 14:00:00,103.96800,104.031998,103.94800,104.0070038
2025-05-19 15:00:00,104.0059967,104.014000,103.88800,103.93200
2025-05-19 16:00:00,103.93000,103.97900,103.81800,103.83500
2025-05-19 17:00:00,103.83600,103.97700,103.68100,103.80800
2025-05-19 18:00:00,103.80700,103.92000,103.79900,103.83300
2025-05-19 19:00:00,103.83400,103.92300,103.76800,103.85200
2025-05-19 20:00:00,103.85000,103.86700,103.74100,103.79600
2025-05-19 21:00:00,103.79700,104.0090027,103.78700,103.94400
2025-05-19 22:00:00,103.94500,104.018997,103.86800,104.013000
2025-05-19 23:00:00,104.012001,104.070000,103.88300,103.95800
2025-05-20 00:00:00,103.95800,104.12800,103.94000,104.011002
2025-05-20 01:00:00,104.010002,104.099998,103.92900,103.95800
2025-05-20 02:00:00,103.95800,104.028999,103.90700,103.93100
2025-05-20 03:00:00,103.92900,103.96800,103.84000,103.87000
2025-05-20 04:00:00,103.86900,103.91200,103.83500,103.85900
2025-05-20 05:00:00,103.85800,103.86600,103.75600,103.80200
2025-05-20 06:00:00,103.80300,103.84500,103.74200,103.80200
2025-05-20 07:00:00,103.78900,103.97400,103.78600,103.86600
2025-05-20 08:00:00,103.86800,103.89500,103.78000,103.83100
2025-05-20 09:00:00,103.83000,103.88700,103.76800,103.86500
2025-05-20 10:00:00,103.86500,104.20700,103.85300,104.042999
2025-05-20 11:00:00,104.042999,104.042999,103.68000,103.74800
2025-05-20 12:00:00,103.74100,104.014999,103.65600,103.91700
2025-05-20 13:00:00,103.91200,103.95900,103.70300,103.74500
2025-05-20 14:00:00,103.74700,103.76600,103.62800,103.66700
2025-05-20 15:00:00,103.66500,103.69500,103.39200,103.44400
2025-05-20 16:00:00,103.44200,103.61700,103.41400,103.59800
2025-05-20 17:00:00,103.60000,103.61200,103.38700,103.42400
2025-05-20 18:00:00,103.42200,103.69600,103.41700,103.63000
2025-05-20 19:00:00,103.63200,103.76500,103.58400,103.67100
2025-05-20 20:00:00,103.67300,103.72100,103.59600,103.66200
2025-05-20 21:00:00,103.66300,103.73700,103.56400,103.67500
2025-05-20 22:00:00,103.67700,104.016998,103.62800,103.98100
2025-05-20 23:00:00,103.97900,104.092003,103.92900,104.040001
2025-05-21 00:00:00,104.037003,104.042000,103.63400,103.67400
2025-05-21 01:00:00,103.67400,103.81300,103.61400,103.79500
2025-05-21 02:00:00,103.79400,103.98800,103.69900,103.95900
2025-05-21 03:00:00,103.95700,104.043999,103.88800,103.91100
2025-05-21 04:00:00,103.91600,103.92400,103.69500,103.77100
2025-05-21 05:00:00,103.77000,103.87900,103.70800,103.87800
2025-05-21 06:00:00,103.87600,103.90300,103.80200,103.80600
2025-05-21 07:00:00,103.80800,103.87900,103.72000,103.81000
2025-05-21 08:00:00,103.80600,103.86000,103.61500,103.83400
2025-05-21 09:00:00,103.82300,103.83400,103.72600,103.75800
2025-05-21 10:00:00,103.75600,103.80100,103.64500,103.69700
2025-05-21 11:00:00,103.69700,103.77900,103.61100,103.69300
2025-05-21 12:00:00,103.69400,103.72000,103.49800,103.52800
2025-05-21 13:00:00,103.52500,103.62200,103.46500,103.52000
2025-05-21 14:00:00,103.52200,103.56200,103.41400,103.48400
2025-05-21 15:00:00,103.48400,103.51200,103.34500,103.36900
2025-05-21 16:00:00,103.37000,103.51700,103.34600,103.50300
2025-05-21 17:00:00,103.50600,103.66600,103.43800,103.63500
2025-05-21 18:00:00,103.63500,103.78700,103.59000,103.72300
2025-05-21 19:00:00,103.72200,103.79700,103.63700,103.67400
2025-05-21 20:00:00,103.67500,103.70000,103.40100,103.51100
2025-05-21 21:00:00,103.50700,103.56200,103.43600,103.48800
2025-05-21 22:00:00,103.48800,103.60800,103.45700,103.58800
2025-05-21 23:00:00,103.58700,103.75500,103.53000,103.62300
2025-05-22 00:00:00,103.62300,103.78700,103.52400,103.76100
2025-05-22 01:00:00,103.75900,103.95600,103.72800,103.94800
2025-05-22 02:00:00,103.94700,104.0039978,103.89100,103.95500
2025-05-22 03:00:00,103.95300,103.98000,103.56100,103.71500
2025-05-22 04:00:00,103.71700,103.82600,103.65300,103.77600
2025-05-22 05:00:00,103.77900,103.80400,103.61000,103.65300
2025-05-22 06:00:00,103.64400,103.72600,103.61500,103.64500
2025-05-22 07:00:00,103.69700,103.69700,103.53900,103.63500
2025-05-22 08:00:00,103.62700,104.11100,103.60000,103.90400
2025-05-22 09:00:00,103.90400,103.94800,103.64200,103.67300
2025-05-22 10:00:00,103.67000,103.72400,103.40600,103.53300
2025-05-22 11:00:00,103.53400,103.64300,103.35200,103.47100
2025-05-22 12:00:00,103.47200,103.54100,103.34800,103.39500
2025-05-22 13:00:00,103.39300,103.48800,103.34100,103.46800
2025-05-22 14:00:00,103.46700,103.52300,103.40300,103.49600
2025-05-22 15:00:00,103.49600,103.55200,103.41200,103.54100
2025-05-22 16:00:00,103.54000,103.54100,103.31500,103.44300
2025-05-22 17:00:00,103.44400,103.49500,103.15400,103.25100
2025-05-22 18:00:00,103.24800,103.38800,103.10600,103.27600
2025-05-22 19:00:00,103.27200,103.42800,103.25,103.38500
2025-05-22 20:00:00,103.38600,103.54400,103.30500,103.51800
2025-05-22 21:00:00,103.51800,103.63900,103.36800,103.40700
2025-05-22 22:00:00,103.40500,103.51000,103.28500,103.45000
2025-05-22 23:00:00,103.45100,103.67300,103.37400,103.61500
2025-05-23 00:00:00,103.61700,103.73000,103.51100,103.63800
2025-05-23 01:00:00,103.64100,103.86700,103.61600,103.85100
2025-05-23 02:00:00,103.85200,104.0049973,103.79200,103.87100
2025-05-23 03:00:00,103.87400,104.071999,103.84500,104.049004
2025-05-23 04:00:00,104.054001,104.063004,103.88900,103.96500
2025-05-23 05:00:00,103.96500,103.98400,103.78600,103.87100
2025-05-23 06:00:00,103.86700,103.94200,103.79900,103.91700
2025-05-23 07:00:00,103.91700,104.010002,103.85800,103.89700
2025-05-23 08:00:00,103.91600,103.93700,103.75100,103.77000
2025-05-23 09:00:00,103.76000,103.84200,103.73600,103.79900
2025-05-23 10:00:00,103.80200,103.92400,103.76400,103.86000
2025-05-23 11:00:00,103.85900,103.92900,103.76900,103.78200
2025-05-23 12:00:00,103.78300,103.81500,103.74600,103.76100
2025-05-23 13:00:00,103.76400,103.77500,103.66900,103.69600
2025-05-23 14:00:00,103.69400,103.75700,103.65800,103.74700
2025-05-23 15:00:00,103.74700,103.81000,103.71800,103.73500
2025-05-23 16:00:00,103.73700,103.81000,103.66000,103.71400
2025-05-23 17:00:00,103.71200,103.80100,103.68700,103.73300
2025-05-23 18:00:00,103.73400,103.77100,103.69600,103.72000
2025-05-23 19:00:00,103.71700,103.81100,103.63300,103.79900
2025-05-23 20:00:00,103.79700,103.85100,103.76900,103.80800
2025-05-23 21:00:00,103.80800,103.84000,103.12400,103.19600
2025-05-23 22:00:00,103.20000,103.39300,102.99000,103.35100
2025-05-23 23:00:00,103.35200,103.64500,103.28700,103.58700
2025-05-24 00:00:00,103.58900,103.78900,103.52500,103.71200
2025-05-24 01:00:00,103.71400,103.79500,103.60200,103.65600
2025-05-24 02:00:00,103.65600,103.87900,103.65400,103.85000
2025-05-24 03:00:00,103.85000,103.94100,103.81900,103.87800
2025-05-24 04:00:00,103.88000,103.93300,103.80100,103.85700
2025-05-24 05:00:00,103.85600,103.94300,103.80100,103.81800
2025-05-24 06:00:00,103.81700,103.85000,103.72300,103.79400
2025-05-24 07:00:00,103.74300,103.74300,103.74300,103.74300
2025-05-26 09:00:00,103.98000,104.081001,103.95000,103.97300
2025-05-26 10:00:00,103.97400,104.036003,103.88500,103.91500
2025-05-26 11:00:00,103.91600,104.045998,103.85600,103.94400
2025-05-26 12:00:00,103.94500,103.95900,103.85900,103.90900
2025-05-26 13:00:00,103.91200,104.067001,103.89000,103.97500
2025-05-26 14:00:00,103.97600,104.099998,103.97400,104.022003
2025-05-26 15:00:00,104.016998,104.17100,103.98700,104.0019989
2025-05-26 16:00:00,103.99800,104.29400,103.96400,104.25700
2025-05-26 17:00:00,104.25600,104.28300,104.14500,104.28000
2025-05-26 18:00:00,104.28100,104.29900,104.096001,104.19100
2025-05-26 19:00:00,104.19200,104.26100,104.10900,104.13200
2025-05-26 20:00:00,104.12900,104.20000,104.089996,104.13800
2025-05-26 21:00:00,104.13800,104.22000,104.10300,104.19700
2025-05-26 22:00:00,104.19600,104.23700,104.13100,104.16400
2025-05-26 23:00:00,104.16500,104.18200,103.99700,104.0059967
2025-05-27 00:00:00,103.99800,104.046997,103.96800,104.014999
2025-05-27 01:00:00,104.016998,104.054001,103.95500,104.044998
2025-05-27 02:00:00,104.046997,104.057999,103.90200,103.92000
2025-05-27 03:00:00,103.91900,103.93300,103.88100,103.92600
2025-05-27 04:00:00,103.92500,103.94400,103.87700,103.92900
2025-05-27 05:00:00,103.93000,103.94500,103.88800,103.93900
2025-05-27 06:00:00,103.93800,103.99600,103.89400,103.96800
2025-05-27 07:00:00,103.97100,104.071999,103.875,103.89900
2025-05-27 08:00:00,103.89900,103.92900,103.84200,103.88100
2025-05-27 09:00:00,103.87600,103.91800,103.80400,103.83100
2025-05-27 10:00:00,103.83000,103.83200,103.64500,103.67000
2025-05-27 11:00:00,103.66800,103.69800,103.52100,103.61000
2025-05-27 12:00:00,103.60800,103.66700,103.51300,103.65600
2025-05-27 13:00:00,103.65600,103.70700,103.61400,103.69400
2025-05-27 14:00:00,103.69500,103.94100,103.65900,103.93300
2025-05-27 15:00:00,103.93600,104.32700,103.93100,104.27300
2025-05-27 16:00:00,104.27000,104.40700,104.10100,104.36600
2025-05-27 17:00:00,104.37000,104.52600,104.30200,104.41700
2025-05-27 18:00:00,104.41600,104.53300,104.34200,104.52500
2025-05-27 19:00:00,104.53400,104.64400,104.47100,104.58300
2025-05-27 20:00:00,104.58100,104.77000,104.54700,104.72200
2025-05-27 21:00:00,104.72300,104.72500,104.60100,104.67300
2025-05-27 22:00:00,104.67200,104.72700,104.61200,104.64100
2025-05-27 23:00:00,104.63900,104.74700,104.54400,104.74500
2025-05-28 00:00:00,104.75500,104.97500,104.73900,104.95700
2025-05-28 01:00:00,104.95700,104.96900,104.77700,104.79800
2025-05-28 02:00:00,104.79900,104.84300,104.76500,104.79200
2025-05-28 03:00:00,104.79200,104.79200,104.68400,104.72100
2025-05-28 04:00:00,104.72100,104.73600,104.55200,104.57900
2025-05-28 05:00:00,104.57900,104.60600,104.36700,104.41700
2025-05-28 06:00:00,104.41500,104.55400,104.30600,104.48800
2025-05-28 07:00:00,104.48100,104.54100,104.41900,104.44500
2025-05-28 08:00:00,104.44500,104.49100,104.36100,104.37600
2025-05-28 09:00:00,104.36400,104.45100,104.33500,104.36800
2025-05-28 10:00:00,104.36800,104.40300,104.20900,104.39500
2025-05-28 11:00:00,104.39600,104.75100,104.31900,104.40700
2025-05-28 12:00:00,104.41100,104.61400,104.34500,104.59000
2025-05-28 13:00:00,104.59200,104.68500,104.38300,104.42200
2025-05-28 14:00:00,104.41900,104.48700,104.32700,104.39700
2025-05-28 15:00:00,104.39400,104.61200,104.31100,104.32700
2025-05-28 16:00:00,104.32800,104.48200,104.25700,104.47200
2025-05-28 17:00:00,104.47300,104.51900,104.26900,104.29700
2025-05-28 18:00:00,104.29900,104.32400,104.18500,104.24300
2025-05-28 19:00:00,104.24200,104.39200,104.19300,104.33100
2025-05-28 20:00:00,104.33000,104.42900,104.28400,104.40400
2025-05-28 21:00:00,104.40500,104.44000,104.27900,104.43300
2025-05-28 22:00:00,104.43300,104.50200,104.37000,104.42600
2025-05-28 23:00:00,104.42700,104.81300,104.42500,104.76700
2025-05-29 00:00:00,104.76600,104.89700,104.55000,104.87000
2025-05-29 01:00:00,104.87300,104.97800,104.81900,104.95000
2025-05-29 02:00:00,104.95300,104.96700,104.83400,104.84200
2025-05-29 03:00:00,104.84300,104.875,104.75700,104.77800
2025-05-29 04:00:00,104.77900,104.85500,104.65500,104.72400
2025-05-29 05:00:00,104.72500,104.78800,104.70000,104.71900
2025-05-29 06:00:00,104.72000,104.74900,104.60900,104.60900
2025-05-29 07:00:00,104.64400,104.65900,104.60200,104.64100
2025-05-29 08:00:00,104.66100,104.77600,104.63100,104.76000
2025-05-29 09:00:00,104.74700,105.36000,104.72100,105.19700
2025-05-29 10:00:00,105.19000,105.46100,105.16700,105.45700
2025-05-29 11:00:00,105.45700,105.55900,105.21600,105.28000
2025-05-29 12:00:00,105.28300,105.31600,105.17100,105.27600
2025-05-29 13:00:00,105.27700,105.29900,105.17000,105.24800
2025-05-29 14:00:00,105.25300,105.30800,105.20400,105.29000
2025-05-29 15:00:00,105.29000,105.45800,105.22600,105.36600
2025-05-29 16:00:00,105.36200,105.43200,105.16600,105.24800
2025-05-29 17:00:00,105.24800,105.25500,105.063004,105.11900
2025-05-29 18:00:00,105.125,105.13800,105.0080032,105.027000
2025-05-29 19:00:00,105.026001,105.10500,104.89800,105.078003
2025-05-29 20:00:00,105.080002,105.089996,104.81600,104.89700
2025-05-29 21:00:00,104.89700,104.93800,104.75300,104.92500
2025-05-29 22:00:00,104.92700,104.93400,104.65200,104.70000
2025-05-29 23:00:00,104.70100,104.76700,104.45200,104.47300
2025-05-30 00:00:00,104.47800,104.59200,104.40700,104.58300
2025-05-30 01:00:00,104.58300,104.59200,104.31900,104.35300
2025-05-30 02:00:00,104.35100,104.44200,104.29400,104.42500
2025-05-30 03:00:00,104.42500,104.48300,104.34300,104.35600
2025-05-30 04:00:00,104.35900,104.41500,104.29400,104.34700
2025-05-30 05:00:00,104.34600,104.41800,104.33100,104.38900
2025-05-30 06:00:00,104.38600,104.45700,104.34200,104.44000
2025-05-30 07:00:00,104.43700,104.44200,104.31000,104.34100
2025-05-30 08:00:00,104.30900,104.40100,104.23600,104.31000
2025-05-30 09:00:00,104.29900,104.34400,104.11100,104.11300
2025-05-30 10:00:00,104.11100,104.26400,103.99600,104.10200
2025-05-30 11:00:00,104.099998,104.15600,103.88100,104.13200
2025-05-30 12:00:00,104.13200,104.18400,104.033997,104.10500
2025-05-30 13:00:00,104.10600,104.15300,104.055000,104.070000
2025-05-30 14:00:00,104.070999,104.085999,103.97800,104.026001
2025-05-30 15:00:00,104.029999,104.17300,104.023003,104.12100
2025-05-30 16:00:00,104.12300,104.28900,104.032997,104.084000
2025-05-30 17:00:00,104.084999,104.32300,104.063004,104.23500
2025-05-30 18:00:00,104.23300,104.28600,104.13800,104.24500
2025-05-30 19:00:00,104.24800,104.36700,104.21100,104.23500
2025-05-30 20:00:00,104.23400,104.23900,104.070000,104.19100
2025-05-30 21:00:00,104.19200,104.29900,104.12800,104.17200
2025-05-30 22:00:00,104.17200,104.22900,103.86300,104.19500
2025-05-30 23:00:00,104.18700,104.52200,104.17700,104.35900
2025-05-31 00:00:00,104.35500,105.038002,104.31000,104.92100
2025-05-31 01:00:00,104.92400,104.95100,104.78400,104.87300
2025-05-31 02:00:00,104.87200,104.87700,104.56200,104.60000
2025-05-31 03:00:00,104.60000,104.73400,104.53700,104.71400
2025-05-31 04:00:00,104.71200,104.90300,104.69500,104.89100
2025-05-31 05:00:00,104.88900,104.95000,104.82100,104.82600
2025-05-31 06:00:00,104.82500,104.90400,104.76400,104.81100
2025-05-31 07:00:00,104.81900,104.81900,104.81900,104.81900
2025-06-02 09:00:00,104.79400,104.81000,104.71700,104.76300
2025-06-02 10:00:00,104.76400,104.76500,104.61200,104.63300
2025-06-02 11:00:00,104.63500,104.71500,104.51900,104.57300
2025-06-02 12:00:00,104.57100,104.69000,104.54700,104.62900
2025-06-02 13:00:00,104.62700,104.66300,104.57800,104.58100
2025-06-02 14:00:00,104.58000,104.63900,104.55400,104.59700
2025-06-02 15:00:00,104.59900,104.64100,104.44200,104.49200
2025-06-02 16:00:00,104.49200,104.56100,104.42500,104.53700
2025-06-02 17:00:00,104.53600,104.58900,104.41700,104.44900
2025-06-02 18:00:00,104.45000,104.51100,104.30800,104.36700
2025-06-02 19:00:00,104.36300,104.37000,104.24800,104.37000
2025-06-02 20:00:00,104.37000,104.41100,104.23800,104.27300
2025-06-02 21:00:00,104.26800,104.29600,104.029999,104.15300
2025-06-02 22:00:00,104.15100,104.34100,104.15100,104.28100
2025-06-02 23:00:00,104.28600,104.42000,104.16900,104.27400
2025-06-03 00:00:00,104.27700,104.27700,104.030998,104.13700
2025-06-03 01:00:00,104.13600,104.25800,104.13500,104.21500
2025-06-03 02:00:00,104.21300,104.28400,104.16700,104.24100
2025-06-03 03:00:00,104.24400,104.26200,104.13000,104.21200
2025-06-03 04:00:00,104.21200,104.23300,104.12900,104.15300
2025-06-03 05:00:00,104.15300,104.19200,104.068001,104.14700
2025-06-03 06:00:00,104.14800,104.17400,103.99200,104.013000
2025-06-03 07:00:00,104.032997,104.089996,103.97800,103.99300
2025-06-03 08:00:00,103.99300,104.026001,103.90200,103.91600
2025-06-03 09:00:00,103.91900,103.96800,103.82800,103.87700
2025-06-03 10:00:00,103.88100,104.064003,103.85700,104.010002
2025-06-03 11:00:00,104.010002,104.36400,104.0070038,104.28400
2025-06-03 12:00:00,104.28300,104.36400,104.16100,104.22000
2025-06-03 13:00:00,104.22100,104.30600,104.13500,104.23000
2025-06-03 14:00:00,104.23000,104.26900,104.060997,104.086998
2025-06-03 15:00:00,104.089996,104.18700,104.018997,104.094002
2025-06-03 16:00:00,104.094002,104.16500,104.023003,104.10600
2025-06-03 17:00:00,104.11100,104.12600,103.86000,104.0090027
2025-06-03 18:00:00,104.0090027,104.045998,103.84800,104.0049973
2025-06-03 19:00:00,103.99500,104.11400,103.97300,104.067001
2025-06-03 20:00:00,104.069000,104.17900,104.025002,104.16400
2025-06-03 21:00:00,104.16600,104.23400,104.12700,104.14200
2025-06-03 22:00:00,104.13700,104.48300,104.125,104.45700
2025-06-03 23:00:00,104.45900,104.63500,104.40700,104.52200
2025-06-04 00:00:00,104.52300,104.90700,104.51600,104.89000
2025-06-04 01:00:00,104.88900,104.93200,104.78800,104.89700
2025-06-04 02:00:00,104.89600,104.98700,104.84200,104.90000
2025-06-04 03:00:00,104.89800,104.94200,104.82300,104.85000
2025-06-04 04:00:00,104.84900,104.92600,104.79400,104.92200
2025-06-04 05:00:00,104.92200,105.030998,104.89600,105.011002
2025-06-04 06:00:00,105.011002,105.014000,104.85200,104.90500
2025-06-04 07:00:00,104.84900,105.0049973,104.84900,104.90400
2025-06-04 08:00:00,104.90300,104.99000,104.88500,104.90200
2025-06-04 09:00:00,104.89800,104.98700,104.83400,104.85600
2025-06-04 10:00:00,104.85600,105.013000,104.81700,104.99800
2025-06-04 11:00:00,104.99900,105.16400,104.79300,104.84800
2025-06-04 12:00:00,104.84800,104.95500,104.83000,104.91200
2025-06-04 13:00:00,104.91200,105.019997,104.86000,105.0019989
2025-06-04 14:00:00,104.99800,105.13600,104.96300,105.12200
2025-06-04 15:00:00,105.12100,105.19000,105.025002,105.064003
2025-06-04 16:00:00,105.063004,105.11700,104.81900,104.92800
2025-06-04 17:00:00,104.92500,105.051003,104.81600,105.037003
2025-06-04 18:00:00,105.037003,105.099998,104.93000,104.96300
2025-06-04 19:00:00,104.96000,105.083000,104.92600,105.065002
2025-06-04 20:00:00,105.065002,105.22500,105.0039978,105.19300
2025-06-04 21:00:00,105.19500,105.29800,105.125,105.25400
2025-06-04 22:00:00,105.25600,105.26900,104.70000,104.78400
2025-06-04 23:00:00,104.78500,104.98600,104.75200,104.81600
2025-06-05 00:00:00,104.83100,104.83100,104.53300,104.73100
2025-06-05 01:00:00,104.73000,104.77000,104.43900,104.54400
2025-06-05 02:00:00,104.54500,104.55800,104.39100,104.45600
2025-06-05 03:00:00,104.45600,104.54800,104.43000,104.52000
2025-06-05 04:00:00,104.52000,104.53800,104.42700,104.50800
2025-06-05 05:00:00,104.50500,104.55200,104.40700,104.43300
2025-06-05 06:00:00,104.43500,104.47200,104.30700,104.35000
2025-06-05 07:00:00,104.36900,104.44100,104.32100,104.37800
2025-06-05 08:00:00,104.40300,104.44700,104.35500,104.37300
2025-06-05 09:00:00,104.36500,104.42900,104.24300,104.32700
2025-06-05 10:00:00,104.32900,104.46500,104.27800,104.35300
2025-06-05 11:00:00,104.35300,104.53900,104.26500,104.49700
2025-06-05 12:00:00,104.49700,104.50600,104.39200,104.48200
2025-06-05 13:00:00,104.48300,104.53600,104.37300,104.51100
2025-06-05 14:00:00,104.51100,104.60300,104.45200,104.57300
2025-06-05 15:00:00,104.57400,104.66700,104.53500,104.64100
2025-06-05 16:00:00,104.64000,104.77000,104.59100,104.76400
2025-06-05 17:00:00,104.76700,104.90500,104.69600,104.86100
2025-06-05 18:00:00,104.86100,104.91900,104.80100,104.86500
2025-06-05 19:00:00,104.86200,104.87100,104.74400,104.86700
2025-06-05 20:00:00,104.86800,104.87400,104.72000,104.81400
2025-06-05 21:00:00,104.81700,104.91600,104.72100,104.89100
2025-06-05 22:00:00,104.89000,105.22700,104.59100,105.0029984
2025-06-05 23:00:00,105.0019989,105.11600,104.73800,104.82200
2025-06-06 00:00:00,104.82100,105.17100,104.79800,105.080002
2025-06-06 01:00:00,105.080002,105.34600,105.065002,105.26700
2025-06-06 02:00:00,105.26800,105.33000,104.99600,105.031998
2025-06-06 03:00:00,105.029999,105.31000,104.99800,105.21900
2025-06-06 04:00:00,105.21800,105.23900,105.047997,105.14600
2025-06-06 05:00:00,105.14500,105.18900,104.97400,105.15500
2025-06-06 06:00:00,105.15300,105.21000,104.92700,104.92700
2025-06-06 07:00:00,104.92300,105.039001,104.79200,104.93400
2025-06-06 08:00:00,104.93700,105.0019989,104.89600,104.97300
2025-06-06 09:00:00,104.97700,105.042999,104.91300,105.028999
2025-06-06 10:00:00,105.029999,105.19100,105.021004,105.17200
2025-06-06 11:00:00,105.17200,105.23200,105.12000,105.12900
2025-06-06 12:00:00,105.13000,105.27300,105.095001,105.23700
2025-06-06 13:00:00,105.24100,105.24500,105.16600,105.21200
2025-06-06 14:00:00,105.21000,105.31300,105.18300,105.28800
2025-06-06 15:00:00,105.28400,105.35300,105.25100,105.29200
2025-06-06 16:00:00,105.29200,105.44700,105.22000,105.38300
2025-06-06 17:00:00,105.38400,105.44400,105.21200,105.28700
2025-06-06 18:00:00,105.28600,105.31700,105.22700,105.29600
2025-06-06 19:00:00,105.29600,105.41700,105.26400,105.39100
2025-06-06 20:00:00,105.38900,105.40200,105.30100,105.33600
2025-06-06 21:00:00,105.33900,105.37600,105.28300,105.31400
2025-06-06 22:00:00,105.30900,105.73200,105.28900,105.70600
2025-06-06 23:00:00,105.70400,105.94200,105.64600,105.88200
2025-06-07 00:00:00,105.88300,105.97500,105.77300,105.85200
2025-06-07 01:00:00,105.85200,106.010002,105.76500,105.85500
2025-06-07 02:00:00,105.85500,105.90500,105.77500,105.81800
2025-06-07 03:00:00,105.81400,105.83700,105.74400,105.81400
2025-06-07 04:00:00,105.81300,105.82700,105.72200,105.76300
2025-06-07 05:00:00,105.75800,105.76500,105.65600,105.71300
2025-06-07 06:00:00,105.71200,105.78000,105.68700,105.73300
2025-06-07 07:00:00,105.77200,105.77200,105.77200,105.77200
2025-06-09 09:00:00,105.66200,105.69200,105.58100,105.67000
2025-06-09 10:00:00,105.66900,105.85600,105.58000,105.85000
2025-06-09 11:00:00,105.85000,105.85500,105.60000,105.64900
2025-06-09 12:00:00,105.65000,105.66800,105.50100,105.58800
2025-06-09 13:00:00,105.58500,105.59800,105.47400,105.57300
2025-06-09 14:00:00,105.57700,105.57700,105.47900,105.50500
2025-06-09 15:00:00,105.50700,105.59600,105.48000,105.52100
2025-06-09 16:00:00,105.52400,105.55800,105.38100,105.39400
2025-06-09 17:00:00,105.39900,105.48700,105.30300,105.35200
2025-06-09 18:00:00,105.35300,105.40800,105.28300,105.39200
2025-06-09 19:00:00,105.39300,105.40600,105.26800,105.37800
2025-06-09 20:00:00,105.37900,105.41800,105.32700,105.40600
2025-06-09 21:00:00,105.40500,105.65000,105.39200,105.60500
2025-06-09 22:00:00,105.60800,105.71000,105.54400,105.65900
2025-06-09 23:00:00,105.65900,105.75600,105.54300,105.55800
2025-06-10 00:00:00,105.56000,105.72100,105.44200,105.68700
2025-06-10 01:00:00,105.68900,105.69800,105.52300,105.55700
2025-06-10 02:00:00,105.55800,105.64200,105.54400,105.59700
2025-06-10 03:00:00,105.59800,105.64500,105.52200,105.55700
2025-06-10 04:00:00,105.55900,105.70600,105.51300,105.70000
2025-06-10 05:00:00,105.69900,105.70100,105.59000,105.63000
2025-06-10 06:00:00,105.63000,105.64900,105.37400,105.48800
2025-06-10 07:00:00,105.53300,105.53900,105.46500,105.50300
2025-06-10 08:00:00,105.50300,105.59000,105.47000,105.56700
2025-06-10 09:00:00,105.56300,105.57300,105.47500,105.51400
2025-06-10 10:00:00,105.51500,105.58700,105.42100,105.49600
2025-06-10 11:00:00,105.49600,105.78600,105.44800,105.75100
2025-06-10 12:00:00,105.75900,105.94700,105.70500,105.74500
2025-06-10 13:00:00,105.74600,105.76500,105.63700,105.70300
2025-06-10 14:00:00,105.70400,105.75800,105.65800,105.74300
2025-06-10 15:00:00,105.73900,105.74500,105.33700,105.43600
2025-06-10 16:00:00,105.43500,105.46500,105.32100,105.40800
2025-06-10 17:00:00,105.40400,105.51000,105.39500,105.49400
2025-06-10 18:00:00,105.49200,105.53900,105.38200,105.52800
2025-06-10 19:00:00,105.52900,105.63400,105.48800,105.59700
2025-06-10 20:00:00,105.59800,105.66100,105.50400,105.54700
2025-06-10 21:00:00,105.54700,105.61800,105.48900,105.59200
2025-06-10 22:00:00,105.59100,105.65400,105.50600,105.64300
2025-06-10 23:00:00,105.64600,105.74800,105.52300,105.71000
2025-06-11 00:00:00,105.71100,105.89700,105.69400,105.88200
2025-06-11 01:00:00,105.88200,105.97600,105.82000,105.89900
2025-06-11 02:00:00,105.89900,106.028000,105.89300,105.94500
2025-06-11 03:00:00,105.94300,105.97800,105.86400,105.89200
2025-06-11 04:00:00,105.89000,105.93500,105.82000,105.88800
2025-06-11 05:00:00,105.89100,105.98300,105.78500,105.96900
2025-06-11 06:00:00,105.96800,106.017998,105.91500,105.94200
2025-06-11 07:00:00,105.94100,105.96800,105.88600,105.92900
2025-06-11 08:00:00,105.93700,106.045998,105.89600,106.042000
2025-06-11 09:00:00,106.053001,106.18100,105.92800,105.96300
2025-06-11 10:00:00,105.96000,106.038002,105.82400,105.99700
2025-06-11 11:00:00,105.99200,106.044998,105.93200,106.0080032
2025-06-11 12:00:00,106.0049973,106.10900,105.86900,105.94600
2025-06-11 13:00:00,105.94800,106.032997,105.90800,106.018997
2025-06-11 14:00:00,106.017998,106.047997,105.92200,106.0090027
2025-06-11 15:00:00,106.0090027,106.098000,105.98000,105.99800
2025-06-11 16:00:00,105.99900,106.15600,105.98300,106.084999
2025-06-11 17:00:00,106.088997,106.18200,106.069000,106.11900
2025-06-11 18:00:00,106.11900,106.13300,105.99600,106.024002
2025-06-11 19:00:00,106.024002,106.047997,105.90400,106.036003
2025-06-11 20:00:00,106.033997,106.080002,105.98400,106.064003
2025-06-11 21:00:00,106.063004,106.21900,106.028999,106.19800
2025-06-11 22:00:00,106.19800,106.30400,105.72000,105.92800
2025-06-11 23:00:00,105.92400,106.18700,105.82400,106.14500
2025-06-12 00:00:00,106.14800,106.16600,105.91500,105.94400
2025-06-12 01:00:00,105.93900,105.98100,105.72400,105.74500
2025-06-12 02:00:00,105.74700,105.91600,105.68400,105.89700
2025-06-12 03:00:00,105.89600,105.93500,105.79000,105.80800
2025-06-12 04:00:00,105.81100,105.82000,105.57600,105.76500
2025-06-12 05:00:00,105.76600,105.84500,105.70900,105.83100
2025-06-12 06:00:00,105.82900,105.85300,105.69300,105.71800
2025-06-12 07:00:00,105.71700,105.72700,105.65000,105.68900
2025-06-12 08:00:00,105.70900,105.72100,105.54100,105.57400
2025-06-12 09:00:00,105.57800,105.59500,105.47500,105.50800
2025-06-12 10:00:00,105.51000,105.62300,105.34800,105.42200
2025-06-12 11:00:00,105.42400,105.45100,105.19200,105.36400
2025-06-12 12:00:00,105.36500,105.42200,105.25600,105.31300
2025-06-12 13:00:00,105.31300,105.38300,105.28100,105.35600
2025-06-12 14:00:00,105.35900,105.47400,105.34800,105.41200
2025-06-12 15:00:00,105.41300,105.44200,105.25200,105.31800
2025-06-12 16:00:00,105.32100,105.44000,105.23800,105.29900
2025-06-12 17:00:00,105.30200,105.47700,105.25600,105.28800
2025-06-12 18:00:00,105.28700,105.32700,105.18000,105.30300
2025-06-12 19:00:00,105.30500,105.35200,105.21900,105.29400
2025-06-12 20:00:00,105.28900,105.35400,105.22900,105.28400
2025-06-12 21:00:00,105.28000,105.45400,105.19600,105.33000
2025-06-12 22:00:00,105.32800,105.46500,105.11200,105.22600
2025-06-12 23:00:00,105.22700,105.35300,105.15400,105.32600
2025-06-13 00:00:00,105.32600,105.625,105.32400,105.61500
2025-06-13 01:00:00,105.61500,105.72600,105.45000,105.49700
2025-06-13 02:00:00,105.49800,105.62100,105.49700,105.55100
2025-06-13 03:00:00,105.54700,105.60800,105.45900,105.54700
2025-06-13 04:00:00,105.54400,105.57600,105.46200,105.51800
2025-06-13 05:00:00,105.52000,105.56100,105.46200,105.53400
2025-06-13 06:00:00,105.53600,105.56200,105.45100,105.47800
2025-06-13 07:00:00,105.38300,105.51700,105.38300,105.47000
2025-06-13 08:00:00,105.46400,105.49600,105.40000,105.47400
2025-06-13 09:00:00,105.44600,105.47000,105.23000,105.24500
2025-06-13 10:00:00,105.24000,105.32400,104.78600,104.96200
2025-06-13 11:00:00,104.96300,105.12700,104.80300,105.049004
2025-06-13 12:00:00,105.047997,105.13200,104.89600,105.025002
2025-06-13 13:00:00,105.027000,105.42200,105.0049973,105.25800
2025-06-13 14:00:00,105.25900,105.35500,105.20700,105.24100
2025-06-13 15:00:00,105.24600,105.41100,105.18500,105.20300
2025-06-13 16:00:00,105.20400,105.37900,105.13500,105.34800
2025-06-13 17:00:00,105.34800,105.57600,105.31200,105.57600
2025-06-13 18:00:00,105.57900,105.66900,105.51900,105.60300
2025-06-13 19:00:00,105.60700,105.78900,105.56500,105.75100
2025-06-13 20:00:00,105.75400,105.86500,105.67700,105.83700
2025-06-13 21:00:00,105.83800,105.88600,105.69100,105.71400
2025-06-13 22:00:00,105.71400,105.99600,105.70800,105.97400
2025-06-13 23:00:00,105.95600,106.028999,105.77500,105.79900
2025-06-14 00:00:00,105.79700,106.098000,105.75,106.024002
2025-06-14 01:00:00,106.023003,106.14000,105.99100,106.10100
2025-06-14 02:00:00,106.099998,106.14400,105.96400,106.016998
2025-06-14 03:00:00,106.019997,106.064003,105.96400,106.027000
2025-06-14 04:00:00,106.030998,106.042000,105.79300,105.89700
2025-06-14 05:00:00,105.89700,105.97000,105.78500,105.95300
2025-06-14 06:00:00,105.95300,106.12200,105.90800,106.072998
2025-06-14 07:00:00,106.067001,106.067001,106.067001,106.067001
2025-06-16 09:00:00,106.36400,106.49000,106.33000,106.42800
2025-06-16 10:00:00,106.43100,106.43500,106.20300,106.22400
2025-06-16 11:00:00,106.23100,106.23900,106.068001,106.17200
2025-06-16 12:00:00,106.17200,106.26100,106.12800,106.18000
2025-06-16 13:00:00,106.18400,106.20000,106.13200,106.18300
2025-06-16 14:00:00,106.18600,106.19400,106.070999,106.087997
2025-06-16 15:00:00,106.091003,106.11800,105.99100,106.078003
2025-06-16 16:00:00,106.077003,106.21400,106.0029984,106.20100
2025-06-16 17:00:00,106.20100,106.34300,106.16200,106.21400
2025-06-16 18:00:00,106.21500,106.33700,106.17000,106.29400
2025-06-16 19:00:00,106.28900,106.33500,106.14500,106.18800
2025-06-16 20:00:00,106.18900,106.23900,106.12100,106.14100
2025-06-16 21:00:00,106.13900,106.25800,106.070000,106.23200
2025-06-16 22:00:00,106.22900,106.37100,106.21900,106.26700
2025-06-16 23:00:00,106.26800,106.28200,106.10100,106.12600
2025-06-17 00:00:00,106.12600,106.28900,106.015999,106.23800
2025-06-17 01:00:00,106.23600,106.33700,106.18000,106.31700
2025-06-17 02:00:00,106.31900,106.43300,106.27700,106.36200
2025-06-17 03:00:00,106.35800,106.54200,106.33100,106.49100
2025-06-17 04:00:00,106.49000,106.64800,106.47000,106.63900
2025-06-17 05:00:00,106.63600,106.73500,106.58600,106.68600
2025-06-17 06:00:00,106.68600,106.71900,106.62000,106.62000
2025-06-17 07:00:00,106.63500,106.66200,106.57900,106.63700
2025-06-17 08:00:00,106.63700,106.71300,106.51300,106.55700
2025-06-17 09:00:00,106.56800,106.68700,106.55900,106.60000
2025-06-17 10:00:00,106.60000,106.88500,106.55700,106.85200
2025-06-17 11:00:00,106.85200,106.85500,106.65900,106.70100
2025-06-17 12:00:00,106.70100,106.81900,106.63300,106.78900
2025-06-17 13:00:00,106.78900,106.79700,106.53300,106.57700
2025-06-17 14:00:00,106.57500,106.59500,106.39300,106.53100
2025-06-17 15:00:00,106.53500,106.59800,106.46600,106.54900
2025-06-17 16:00:00,106.55600,106.68800,106.45200,106.68700
2025-06-17 17:00:00,106.68700,106.80100,106.42900,106.51000
2025-06-17 18:00:00,106.51400,106.78900,106.46500,106.78500
2025-06-17 19:00:00,106.79100,106.84300,106.70400,106.77200
2025-06-17 20:00:00,106.77300,106.78900,106.63000,106.66900
2025-06-17 21:00:00,106.67200,106.69500,106.52100,106.63700
2025-06-17 22:00:00,106.63800,106.78300,106.44800,106.65200
2025-06-17 23:00:00,106.64000,106.72000,106.52900,106.67700
2025-06-18 00:00:00,106.68100,106.87100,106.63500,106.81600
2025-06-18 01:00:00,106.81500,106.83100,106.66000,106.74400
2025-06-18 02:00:00,106.74300,106.75,106.56500,106.68100
2025-06-18 03:00:00,106.67800,106.72300,106.51000,106.56500
2025-06-18 04:00:00,106.56400,106.57400,106.44500,106.54200
2025-06-18 05:00:00,106.54300,106.59200,106.39200,106.42100
2025-06-18 06:00:00,106.41900,106.45700,106.063004,106.16500
2025-06-18 07:00:00,106.21000,106.36400,106.11700,106.16800
2025-06-18 08:00:00,106.15800,106.25200,106.13300,106.20700
2025-06-18 09:00:00,106.20400,106.24600,106.15900,106.23900
2025-06-18 10:00:00,106.23500,106.32000,106.14600,106.24700
2025-06-18 11:00:00,106.25400,106.28300,106.15500,106.17300
2025-06-18 12:00:00,106.17500,106.23100,106.14000,106.16800
2025-06-18 13:00:00,106.16700,106.20400,106.13300,106.15900
2025-06-18 14:00:00,106.16400,106.17300,106.054001,106.16700
2025-06-18 15:00:00,106.17000,106.19000,106.077003,106.16800
2025-06-18 16:00:00,106.16800,106.20400,106.054001,106.070000
2025-06-18 17:00:00,106.070999,106.16100,106.069000,106.10200
2025-06-18 18:00:00,106.10300,106.18800,106.056999,106.070000
2025-06-18 19:00:00,106.068001,106.11200,105.99500,106.060997
2025-06-18 20:00:00,106.064003,106.087997,105.92900,105.95300
2025-06-18 21:00:00,105.95400,106.096001,105.94300,106.037003
2025-06-18 22:00:00,106.033997,106.24400,105.99700,106.16300
2025-06-18 23:00:00,106.16200,106.18500,105.86900,106.013000
2025-06-19 00:00:00,106.013000,106.063004,105.71400,105.77500
2025-06-19 01:00:00,105.77400,105.78900,105.62300,105.63800
2025-06-19 02:00:00,105.64200,105.78800,105.63900,105.78300
2025-06-19 03:00:00,105.78200,105.85700,105.76000,105.78300
2025-06-19 04:00:00,105.78200,105.94400,105.66400,105.90700
2025-06-19 05:00:00,105.90600,106.032997,105.89800,105.92000
2025-06-19 06:00:00,105.91800,106.015999,105.91800,105.94400
2025-06-19 07:00:00,105.94200,105.99100,105.90500,105.95600
2025-06-19 08:00:00,105.95900,105.98400,105.80900,105.90700
2025-06-19 09:00:00,105.89600,105.93000,105.79900,105.84000
2025-06-19 10:00:00,105.84300,105.85700,105.71700,105.75700
2025-06-19 11:00:00,105.75600,105.86000,105.60400,105.85100
2025-06-19 12:00:00,105.85100,105.87900,105.76400,105.85100
2025-06-19 13:00:00,105.85300,105.90500,105.77700,105.81700
2025-06-19 14:00:00,105.81600,105.85300,105.76500,105.81600
2025-06-19 15:00:00,105.81700,105.87800,105.74700,105.78200
2025-06-19 16:00:00,105.78400,105.89700,105.77100,105.88700
2025-06-19 17:00:00,105.89000,105.99400,105.87000,105.94400
2025-06-19 18:00:00,105.95000,106.031998,105.87900,105.98900
2025-06-19 19:00:00,105.99100,106.084999,105.95800,106.067001
2025-06-19 20:00:00,106.064003,106.29600,106.030998,106.25600
2025-06-19 21:00:00,106.26300,106.33000,106.20900,106.28400
2025-06-19 22:00:00,106.28400,106.31300,106.056999,106.10300
2025-06-19 23:00:00,106.10300,106.12200,105.88200,105.95200
2025-06-20 00:00:00,105.95600,106.070999,105.86300,106.060997
2025-06-20 01:00:00,106.060997,106.13900,105.96800,106.030998
2025-06-20 02:00:00,106.030998,106.14300,106,106.12400
2025-06-20 03:00:00,106.12400,106.14100,106.026001,106.079002
2025-06-20 04:00:00,106.079002,106.125,106.037003,106.10300
2025-06-20 05:00:00,106.10100,106.17700,106.015999,106.17600
2025-06-20 06:00:00,106.17700,106.19800,106.11100,106.19800
2025-06-20 07:00:00,106.15300,106.15600,106.033997,106.12200
2025-06-20 08:00:00,106.125,106.24200,106.11300,106.18700
2025-06-20 09:00:00,106.19000,106.20600,105.98900,106.040001
2025-06-20 10:00:00,106.040001,106.125,105.98200,106.086998
2025-06-20 11:00:00,106.088997,106.14000,106.0070038,106.082001
2025-06-20 12:00:00,106.084000,106.12000,106.022003,106.040001
2025-06-20 13:00:00,106.039001,106.125,106.019997,106.10800
2025-06-20 14:00:00,106.10700,106.19900,106.081001,106.16600
2025-06-20 15:00:00,106.16700,106.22100,106.11900,106.20500
2025-06-20 16:00:00,106.20400,106.21500,106.044998,106.064003
2025-06-20 17:00:00,106.063004,106.125,105.99500,106.10300
2025-06-20 18:00:00,106.10300,106.13000,106.057999,106.099998
2025-06-20 19:00:00,106.10100,106.14300,106.028999,106.12300
2025-06-20 20:00:00,106.12600,106.15000,106.082001,106.13400
2025-06-20 21:00:00,106.13200,106.25200,106.091003,106.22600
2025-06-20 22:00:00,106.22700,106.24800,106.084000,106.12700
2025-06-20 23:00:00,106.12600,106.29300,106.083000,106.14000
2025-06-21 00:00:00,106.13900,106.30100,106.11100,106.27900
2025-06-21 01:00:00,106.28000,106.30500,106.13900,106.21200
2025-06-21 02:00:00,106.21500,106.27500,106.15500,106.22200
2025-06-21 03:00:00,106.21900,106.29600,106.14900,106.29100
2025-06-21 04:00:00,106.29200,106.37300,106.24800,106.32900
2025-06-21 05:00:00,106.32800,106.42200,106.31100,106.38500
2025-06-21 06:00:00,106.38000,106.40100,106.22900,106.35700
2025-06-21 07:00:00,106.35900,106.35900,106.35900,106.35900
2025-06-23 09:00:00,106.47700,106.51200,106.38500,106.39900
2025-06-23 10:00:00,106.39900,106.50800,106.32800,106.49400
2025-06-23 11:00:00,106.49200,106.64700,106.46800,106.58700
2025-06-23 12:00:00,106.58700,106.61200,106.38400,106.51000
2025-06-23 13:00:00,106.51100,106.59500,106.47100,106.57100
2025-06-23 14:00:00,106.57200,106.84700,106.56000,106.82600
2025-06-23 15:00:00,106.82900,107.035004,106.79700,106.97400
2025-06-23 16:00:00,106.97300,107.10200,106.90400,106.94600
2025-06-23 17:00:00,106.94800,107.12700,106.85900,107.12400
2025-06-23 18:00:00,107.12900,107.15900,107.013000,107.12300
2025-06-23 19:00:00,107.12400,107.25700,107.093002,107.19700
2025-06-23 20:00:00,107.19600,107.32100,107.14700,107.31300
2025-06-23 21:00:00,107.31300,107.34100,107.0029984,107.091003
2025-06-23 22:00:00,107.089996,107.098000,106.89400,106.95200
2025-06-23 23:00:00,106.96000,107.12600,106.90600,107.036003
2025-06-24 00:00:00,107.030998,107.054001,106.65100,106.67200
2025-06-24 01:00:00,106.67600,106.70700,106.33000,106.33500
2025-06-24 02:00:00,106.33100,106.46000,106.22000,106.28200
2025-06-24 03:00:00,106.29100,106.47700,106.25400,106.36000
2025-06-24 04:00:00,106.36200,106.39400,106.27400,106.38500
2025-06-24 05:00:00,106.38500,106.45300,106.34700,106.40400
2025-06-24 06:00:00,106.40500,106.43200,106.31400,106.40900
2025-06-24 07:00:00,106.39600,106.45900,106.34000,106.37000
2025-06-24 08:00:00,106.40400,106.42700,106.15300,106.30200
2025-06-24 09:00:00,106.27700,106.33300,106.15600,106.27400
2025-06-24 10:00:00,106.27200,106.27400,106.039001,106.056000
2025-06-24 11:00:00,106.056000,106.15800,105.98700,106.10600
2025-06-24 12:00:00,106.10600,106.12700,105.95900,106.032997
2025-06-24 13:00:00,106.028999,106.043999,105.89000,105.99000
2025-06-24 14:00:00,105.98700,106.042000,105.92700,105.99900
2025-06-24 15:00:00,106,106.063004,105.88100,105.91800
2025-06-24 16:00:00,105.91800,105.92200,105.76100,105.90300
2025-06-24 17:00:00,105.90000,105.92100,105.69900,105.90000
2025-06-24 18:00:00,105.89700,105.91200,105.66800,105.77700
2025-06-24 19:00:00,105.77900,105.85600,105.63500,105.71800
2025-06-24 20:00:00,105.71800,105.77600,105.65200,105.75600
2025-06-24 21:00:00,105.75500,105.80700,105.64500,105.70100
2025-06-24 22:00:00,105.70100,105.82400,105.63900,105.78100
2025-06-24 23:00:00,105.77700,105.93300,105.68400,105.73800
2025-06-25 00:00:00,105.73500,105.73900,105.49200,105.65900
2025-06-25 01:00:00,105.66000,105.69600,105.55900,105.66900
2025-06-25 02:00:00,105.66700,105.68500,105.50800,105.56100
2025-06-25 03:00:00,105.55800,105.58900,105.44600,105.56600
2025-06-25 04:00:00,105.56300,105.57600,105.39800,105.42600
2025-06-25 05:00:00,105.42700,105.48700,105.39900,105.47600
2025-06-25 06:00:00,105.47400,105.58900,105.46800,105.54800
2025-06-25 07:00:00,105.57900,105.67000,105.49400,105.50400
2025-06-25 08:00:00,105.51000,105.60700,105.48700,105.56000
2025-06-25 09:00:00,105.57400,105.60800,105.48000,105.58700
2025-06-25 10:00:00,105.58800,105.67400,105.48700,105.57400
2025-06-25 11:00:00,105.57500,105.57500,105.39500,105.40900
2025-06-25 12:00:00,105.40800,105.49700,105.35900,105.48100
2025-06-25 13:00:00,105.48700,105.59600,105.45700,105.58600
2025-06-25 14:00:00,105.58600,105.59800,105.47600,105.53900
2025-06-25 15:00:00,105.53900,105.70600,105.53900,105.64700
2025-06-25 16:00:00,105.64500,105.83500,105.61300,105.80100
2025-06-25 17:00:00,105.80100,105.89200,105.76000,105.85200
2025-06-25 18:00:00,105.85200,106.018997,105.78900,106.0070038
2025-06-25 19:00:00,106.0070038,106.093002,105.98000,106.059998
2025-06-25 20:00:00,106.064003,106.13100,105.99700,106.10900
2025-06-25 21:00:00,106.11000,106.17100,106.075996,106.14000
2025-06-25 22:00:00,106.14200,106.17600,106.044998,106.15900
2025-06-25 23:00:00,106.16200,106.23000,106.028000,106.18000
2025-06-26 00:00:00,106.18000,106.19200,105.95900,106.096001
2025-06-26 01:00:00,106.099998,106.11600,105.84200,105.88000
2025-06-26 02:00:00,105.88000,105.94100,105.83200,105.87400
2025-06-26 03:00:00,105.87600,105.91500,105.79700,105.88800
2025-06-26 04:00:00,105.88900,105.89700,105.70800,105.73600
2025-06-26 05:00:00,105.73700,105.87300,105.72100,105.86100
2025-06-26 06:00:00,105.86000,105.88900,105.79400,105.80000
2025-06-26 07:00:00,105.79000,105.83200,105.72400,105.81000
2025-06-26 08:00:00,105.79400,105.85100,105.75300,105.84500
2025-06-26 09:00:00,105.84100,105.84500,105.63600,105.68800
2025-06-26 10:00:00,105.68900,105.73400,105.49200,105.51200
2025-06-26 11:00:00,105.51200,105.64400,105.46400,105.56100
2025-06-26 12:00:00,105.55900,105.65300,105.50300,105.56600
2025-06-26 13:00:00,105.56300,105.64000,105.49000,105.59800
2025-06-26 14:00:00,105.59800,105.66000,105.48200,105.54400
2025-06-26 15:00:00,105.54800,105.62400,105.40300,105.45000
2025-06-26 16:00:00,105.45200,105.47400,105.23500,105.29800
2025-06-26 17:00:00,105.29800,105.29900,105.056999,105.14500
2025-06-26 18:00:00,105.14200,105.20200,105.019997,105.17500
2025-06-26 19:00:00,105.17200,105.29500,105.093002,105.26300
2025-06-26 20:00:00,105.26000,105.42000,105.21000,105.41100
2025-06-26 21:00:00,105.41200,105.53800,105.34800,105.51000
2025-06-26 22:00:00,105.51300,105.62400,105.35700,105.56300
2025-06-26 23:00:00,105.56200,105.79200,105.51600,105.74900
2025-06-27 00:00:00,105.74700,105.96700,105.72900,105.90600
2025-06-27 01:00:00,105.91200,106.0029984,105.81900,105.90400
2025-06-27 02:00:00,105.90200,105.94300,105.76700,105.86000
2025-06-27 03:00:00,105.86000,105.89000,105.79000,105.83700
2025-06-27 04:00:00,105.83800,105.87300,105.79100,105.83000
2025-06-27 05:00:00,105.83400,105.91200,105.76600,105.89200
2025-06-27 06:00:00,105.89400,105.91800,105.81900,105.82200
2025-06-27 07:00:00,105.85000,105.85000,105.72000,105.77000
2025-06-27 08:00:00,105.78500,106.0019989,105.78400,105.98100
2025-06-27 09:00:00,105.96500,106.074997,105.84000,106.044998
2025-06-27 10:00:00,106.042999,106.13400,105.90800,106.038002
2025-06-27 11:00:00,106.033997,106.084000,105.78100,105.78700
2025-06-27 12:00:00,105.78700,105.85700,105.72300,105.83200
2025-06-27 13:00:00,105.83400,105.93500,105.77800,105.89800
2025-06-27 14:00:00,105.89900,105.94300,105.84500,105.88800
2025-06-27 15:00:00,105.88800,105.93800,105.78400,105.84000
2025-06-27 16:00:00,105.84000,105.88300,105.76900,105.81600
2025-06-27 17:00:00,105.81200,106.0039978,105.77600,105.91700
2025-06-27 18:00:00,105.91400,105.93700,105.74600,105.86100
2025-06-27 19:00:00,105.86100,105.87300,105.72100,105.82600
2025-06-27 20:00:00,105.82400,105.89000,105.77800,105.79200
2025-06-27 21:00:00,105.79200,105.95400,105.77000,105.875
2025-06-27 22:00:00,105.87400,105.95100,105.76100,105.87100
2025-06-27 23:00:00,105.87000,106.067001,105.82300,106.041000
2025-06-28 00:00:00,106.042000,106.15500,105.86300,106.068001
2025-06-28 01:00:00,106.065002,106.091003,105.84600,105.90000
2025-06-28 02:00:00,105.90100,105.90900,105.72200,105.78300
2025-06-28 03:00:00,105.78100,105.86900,105.22700,105.37800
2025-06-28 04:00:00,105.37200,105.51700,105.26800,105.50400
2025-06-28 05:00:00,105.50100,105.67400,105.46200,105.65300
2025-06-28 06:00:00,105.65500,105.72800,105.55300,105.70600
2025-06-28 07:00:00,105.69800,105.69800,105.69400,105.69400
2025-06-30 09:00:00,105.57300,105.63600,105.52300,105.60700
2025-06-30 10:00:00,105.61100,105.68300,105.54300,105.59900
2025-06-30 11:00:00,105.59800,105.62100,105.36600,105.39000
2025-06-30 12:00:00,105.38900,105.53900,105.29100,105.52700
2025-06-30 13:00:00,105.52600,105.53600,105.40500,105.41900
2025-06-30 14:00:00,105.41800,105.42900,105.23900,105.27400
2025-06-30 15:00:00,105.27600,105.37000,105.21300,105.35500
2025-06-30 16:00:00,105.35600,105.41200,105.30400,105.35900
2025-06-30 17:00:00,105.36000,105.43500,105.25200,105.39800
2025-06-30 18:00:00,105.39700,105.45000,105.31400,105.37600
2025-06-30 19:00:00,105.37200,105.47700,105.35200,105.45500
2025-06-30 20:00:00,105.45800,105.47800,105.40100,105.45300
2025-06-30 21:00:00,105.45100,105.60100,105.43800,105.58600
2025-06-30 22:00:00,105.58800,105.76700,105.51300,105.70300
2025-06-30 23:00:00,105.70200,105.72400,105.56000,105.60300
2025-07-01 00:00:00,105.60400,105.92300,105.52700,105.85300
2025-07-01 01:00:00,105.85100,105.94200,105.72800,105.84400
2025-07-01 02:00:00,105.84100,105.90500,105.77300,105.83400
2025-07-01 03:00:00,105.83700,105.85900,105.68500,105.74300
2025-07-01 04:00:00,105.74100,105.85700,105.71400,105.83400
2025-07-01 05:00:00,105.83400,105.87000,105.72900,105.73600
2025-07-01 06:00:00,105.73800,105.87300,105.65800,105.78900
2025-07-01 07:00:00,105.79300,105.87100,105.78800,105.79900
2025-07-01 08:00:00,105.80300,105.83600,105.71700,105.75800
2025-07-01 09:00:00,105.75700,105.77200,105.67100,105.68700
2025-07-01 10:00:00,105.68700,105.69000,105.50100,105.53500
2025-07-01 11:00:00,105.53600,105.61600,105.41000,105.60200
2025-07-01 12:00:00,105.60400,105.62700,105.50500,105.58900
2025-07-01 13:00:00,105.59000,105.71200,105.51900,105.70700
2025-07-01 14:00:00,105.70700,105.76000,105.63700,105.64500
2025-07-01 15:00:00,105.64800,105.65200,105.50200,105.51900
2025-07-01 16:00:00,105.51700,105.63600,105.47900,105.60000
2025-07-01 17:00:00,105.60300,105.63000,105.16300,105.20600
2025-07-01 18:00:00,105.21100,105.23600,105.093002,105.18800
2025-07-01 19:00:00,105.18600,105.24100,105.060997,105.12800
2025-07-01 20:00:00,105.12700,105.14700,105.028999,105.10600
2025-07-01 21:00:00,105.10500,105.10700,104.87900,104.89700
2025-07-01 22:00:00,104.89700,105.030998,104.84300,104.98900
2025-07-01 23:00:00,104.99300,105.12800,104.86600,104.92400
2025-07-02 00:00:00,104.90300,105.18400,104.89000,105.035004
2025-07-02 01:00:00,105.037003,105.14500,105.030998,105.11500
2025-07-02 02:00:00,105.11300,105.25200,105.11000,105.18800
2025-07-02 03:00:00,105.19000,105.24000,105.15100,105.22500
2025-07-02 04:00:00,105.22600,105.32700,105.21200,105.27500
2025-07-02 05:00:00,105.27800,105.35900,105.14800,105.35600
2025-07-02 06:00:00,105.35800,105.35900,105.055000,105.063004
2025-07-02 07:00:00,105.10600,105.11300,105.052002,105.065002
2025-07-02 08:00:00,105.087997,105.13200,105.045998,105.10200
2025-07-02 09:00:00,105.10300,105.15400,105.050003,105.087997
2025-07-02 10:00:00,105.088997,105.30900,105.061996,105.19600
2025-07-02 11:00:00,105.19500,105.28700,105.16500,105.26400
2025-07-02 12:00:00,105.26200,105.30600,105.13700,105.19900
2025-07-02 13:00:00,105.20100,105.23400,105.12800,105.18700
2025-07-02 14:00:00,105.18500,105.23900,105.10900,105.19700
2025-07-02 15:00:00,105.19600,105.36700,105.15800,105.31000
2025-07-02 16:00:00,105.30900,105.37100,105.23600,105.34400
2025-07-02 17:00:00,105.34500,105.55000,105.33800,105.43400
2025-07-02 18:00:00,105.43400,105.48500,105.32400,105.48300
2025-07-02 19:00:00,105.48300,105.66500,105.43100,105.61100
2025-07-02 20:00:00,105.61000,105.61800,105.40800,105.48500
2025-07-02 21:00:00,105.48600,105.68200,105.43700,105.66800
2025-07-02 22:00:00,105.66700,105.68300,105.23000,105.41400
2025-07-02 23:00:00,105.41400,105.68100,105.32300,105.51100
2025-07-03 00:00:00,105.51600,105.68800,105.41300,105.62800
2025-07-03 01:00:00,105.62600,105.63500,105.45300,105.55500
2025-07-03 02:00:00,105.55500,105.68400,105.46100,105.65400
2025-07-03 03:00:00,105.65000,105.69600,105.59700,105.69200
2025-07-03 04:00:00,105.69000,105.71300,105.58900,105.65100
2025-07-03 05:00:00,105.65600,105.70400,105.61000,105.70400
2025-07-03 06:00:00,105.70300,105.77700,105.63200,105.66900
2025-07-03 07:00:00,105.66900,105.79200,105.63300,105.65700
2025-07-03 08:00:00,105.65000,105.72100,105.62700,105.68600
2025-07-03 09:00:00,105.69600,105.69600,105.57500,105.61600
2025-07-03 10:00:00,105.61400,105.71800,105.58600,105.71200
2025-07-03 11:00:00,105.71000,105.77400,105.61600,105.68000
2025-07-03 12:00:00,105.68000,105.77400,105.65300,105.71900
2025-07-03 13:00:00,105.72000,105.83000,105.70200,105.80500
2025-07-03 14:00:00,105.80600,105.80900,105.73200,105.77900
2025-07-03 15:00:00,105.78000,105.82000,105.71500,105.77300
2025-07-03 16:00:00,105.77300,105.84000,105.72700,105.75100
2025-07-03 17:00:00,105.75100,105.86700,105.69300,105.83000
2025-07-03 18:00:00,105.83100,105.87800,105.78400,105.87600
2025-07-03 19:00:00,105.88200,105.89500,105.79000,105.83500
2025-07-03 20:00:00,105.83700,105.875,105.76300,105.86300
2025-07-03 21:00:00,105.86200,105.93400,105.83100,105.85500
2025-07-03 22:00:00,105.85700,106.65400,105.78700,106.48600
2025-07-03 23:00:00,106.48500,106.65700,106.44100,106.56100
2025-07-04 00:00:00,106.57900,106.86700,106.56400,106.81700
2025-07-04 01:00:00,106.82000,106.92300,106.72800,106.90300
2025-07-04 02:00:00,106.90300,107.026001,106.88000,106.95200
2025-07-04 03:00:00,106.95200,106.98600,106.91000,106.94000
2025-07-04 04:00:00,106.93700,106.97700,106.88700,106.96400
2025-07-04 05:00:00,106.96500,106.96600,106.70600,106.78900
2025-07-04 06:00:00,106.78900,106.81900,106.64800,106.66200
2025-07-04 07:00:00,106.65900,106.71700,106.61200,106.64800
2025-07-04 08:00:00,106.66500,106.71000,106.62400,106.65500
2025-07-04 09:00:00,106.64800,106.69100,106.57200,106.59300
2025-07-04 10:00:00,106.59300,106.65500,106.49600,106.53800
2025-07-04 11:00:00,106.53700,106.62400,106.48200,106.60100
2025-07-04 12:00:00,106.60300,106.62900,106.47800,106.51800
2025-07-04 13:00:00,106.51900,106.53000,106.38200,106.43500
2025-07-04 14:00:00,106.43600,106.44800,106.29400,106.35300
2025-07-04 15:00:00,106.35400,106.38400,106.32300,106.35800
2025-07-04 16:00:00,106.35500,106.39000,106.24300,106.31300
2025-07-04 17:00:00,106.31200,106.40200,106.19600,106.23300
2025-07-04 18:00:00,106.23600,106.24000,106.13800,106.19800
2025-07-04 19:00:00,106.20000,106.25,106.15100,106.18300
2025-07-04 20:00:00,106.18300,106.21800,106.13400,106.18100
2025-07-04 21:00:00,106.18100,106.25300,106.13900,106.24600
2025-07-04 22:00:00,106.24600,106.27500,106.13100,106.15800
2025-07-04 23:00:00,106.15900,106.22700,106.13900,106.19500
2025-07-05 00:00:00,106.19300,106.23300,106.13900,106.18500
2025-07-05 01:00:00,106.18700,106.24200,106.16000,106.23600
2025-07-05 02:00:00,106.23200,106.24400,106.15200,106.19000
2025-07-05 03:00:00,106.18700,106.20000,106.086998,106.11600
2025-07-05 04:00:00,106.12000,106.22300,106.10200,106.18700
2025-07-05 05:00:00,106.20700,106.27500,106.14000,106.23900
2025-07-05 06:00:00,106.23700,106.27000,106.14300,106.20200
2025-07-05 07:00:00,106.18500,106.18500,106.18500,106.18500
2025-07-07 09:00:00,106.19600,106.27300,106.17100,106.20700
2025-07-07 10:00:00,106.21000,106.22200,106.028999,106.073997
2025-07-07 11:00:00,106.072998,106.19700,105.94200,106.15500
2025-07-07 12:00:00,106.15800,106.33800,106.12200,106.31100
2025-07-07 13:00:00,106.31000,106.32200,106.19900,106.29000
2025-07-07 14:00:00,106.29100,106.34900,106.21200,106.33300
2025-07-07 15:00:00,106.33400,106.38900,106.28000,106.32900
2025-07-07 16:00:00,106.33000,106.42900,106.27100,106.28000
2025-07-07 17:00:00,106.27900,106.30500,106.20600,106.24400
2025-07-07 18:00:00,106.24400,106.29900,106.11400,106.21600
2025-07-07 19:00:00,106.21700,106.37300,106.16700,106.35300
2025-07-07 20:00:00,106.35300,106.46400,106.33400,106.42900
2025-07-07 21:00:00,106.42800,106.55700,106.38900,106.54700
2025-07-07 22:00:00,106.54500,106.68300,106.52400,106.67800
2025-07-07 23:00:00,106.67400,106.87800,106.64600,106.84000
2025-07-08 00:00:00,106.84200,106.92400,106.78300,106.86800
2025-07-08 01:00:00,106.86700,106.90300,106.82500,106.89200
2025-07-08 02:00:00,106.89300,106.99100,106.70300,106.87800
2025-07-08 03:00:00,106.875,107.027000,106.76500,106.82100
2025-07-08 04:00:00,106.81900,107.010002,106.78900,106.99100
2025-07-08 05:00:00,106.99200,107.00099945,106.83400,106.87100
2025-07-08 06:00:00,106.87200,106.92000,106.69600,106.69600
2025-07-08 07:00:00,106.69800,106.78400,106.68200,106.71100
2025-07-08 08:00:00,106.71000,106.76300,106.63700,106.69000
2025-07-08 09:00:00,106.69200,106.86500,106.68500,106.75300
2025-07-08 10:00:00,106.75200,107.060997,106.71500,107.023003
2025-07-08 11:00:00,107.029999,107.17900,106.91300,107.054001
2025-07-08 12:00:00,107.054001,107.075996,106.96800,106.99800
2025-07-08 13:00:00,106.99900,107.072998,106.96900,107.0090027
2025-07-08 14:00:00,107.014000,107.023003,106.86100,106.93500
2025-07-08 15:00:00,106.93400,107.0019989,106.87700,106.99100
2025-07-08 16:00:00,106.99200,107.11000,106.95900,107.10100
2025-07-08 17:00:00,107.098000,107.15100,107.00099945,107.071999
2025-07-08 18:00:00,107.072998,107.16900,107.044998,107.12900
2025-07-08 19:00:00,107.13000,107.16900,107.010002,107.125
2025-07-08 20:00:00,107.12000,107.21200,107.098999,107.20800
2025-07-08 21:00:00,107.20700,107.42000,107.19500,107.33600
2025-07-08 22:00:00,107.33600,107.40600,107.24800,107.38000
2025-07-08 23:00:00,107.37900,107.42200,107.31100,107.34600
2025-07-09 00:00:00,107.34600,107.40500,107.28900,107.35400
2025-07-09 01:00:00,107.35300,107.43300,107.26200,107.37600
2025-07-09 02:00:00,107.37600,107.37900,107.18600,107.26100
2025-07-09 03:00:00,107.26300,107.30400,107.16500,107.21200
2025-07-09 04:00:00,107.21100,107.26500,107.17500,107.23000
2025-07-09 05:00:00,107.23000,107.23300,107.13400,107.15100
2025-07-09 06:00:00,107.15000,107.32300,107.12900,107.32300
2025-07-09 07:00:00,107.25,107.29100,107.15900,107.23500
2025-07-09 08:00:00,107.23700,107.31300,107.21500,107.26400
2025-07-09 09:00:00,107.26000,107.45300,107.25600,107.44500
2025-07-09 10:00:00,107.44200,107.46500,107.30800,107.34700
2025-07-09 11:00:00,107.34600,107.50500,107.29800,107.40400
2025-07-09 12:00:00,107.40400,107.5,107.37200,107.48500
2025-07-09 13:00:00,107.48800,107.53400,107.44100,107.46800
2025-07-09 14:00:00,107.46700,107.53200,107.44300,107.48800
2025-07-09 15:00:00,107.48700,107.53900,107.42500,107.48800
2025-07-09 16:00:00,107.48800,107.51700,107.40300,107.41000
2025-07-09 17:00:00,107.40800,107.42000,107.20500,107.27200
2025-07-09 18:00:00,107.27100,107.28500,107.125,107.18100
2025-07-09 19:00:00,107.18100,107.19200,107.069000,107.14900
2025-07-09 20:00:00,107.14800,107.16400,107.037003,107.080002
2025-07-09 21:00:00,107.080002,107.12700,107.042999,107.060997
2025-07-09 22:00:00,107.060997,107.13300,106.99200,107.0059967
2025-07-09 23:00:00,107.010002,107.082001,106.94900,107.029999
2025-07-10 00:00:00,107.028999,107.028999,106.87300,106.93700
2025-07-10 01:00:00,106.93800,107.0029984,106.87700,106.99200
2025-07-10 02:00:00,106.99500,106.99600,106.83400,106.90400
2025-07-10 03:00:00,106.90900,106.92100,106.82200,106.86100
2025-07-10 04:00:00,106.86200,106.90100,106.81400,106.85600
2025-07-10 05:00:00,106.85400,106.91400,106.79700,106.90400
2025-07-10 06:00:00,106.90400,106.99700,106.85300,106.88900
2025-07-10 07:00:00,106.90200,106.96300,106.82600,106.90300
2025-07-10 08:00:00,106.89400,106.91100,106.82500,106.86000
2025-07-10 09:00:00,106.87100,106.90900,106.73300,106.76500
2025-07-10 10:00:00,106.76400,106.76700,106.55600,106.61300
2025-07-10 11:00:00,106.61900,106.69700,106.55200,106.64800
2025-07-10 12:00:00,106.64800,106.80700,106.61200,106.79400
2025-07-10 13:00:00,106.79800,106.91800,106.75900,106.90900
2025-07-10 14:00:00,106.91000,106.98300,106.84700,106.87800
2025-07-10 15:00:00,106.87600,106.96900,106.83200,106.875
2025-07-10 16:00:00,106.87600,107.047997,106.85600,106.94200
2025-07-10 17:00:00,106.94300,107.16800,106.86000,107.0070038
2025-07-10 18:00:00,107.0059967,107.087997,106.94700,107.016998
2025-07-10 19:00:00,107.016998,107.052002,106.85500,106.88100
2025-07-10 20:00:00,106.87900,106.92800,106.80000,106.88200
2025-07-10 21:00:00,106.88000,106.99000,106.82400,106.85800
2025-07-10 22:00:00,106.86200,107.018997,106.81100,106.96500
2025-07-10 23:00:00,106.96400,107.051003,106.88300,107.021004
2025-07-11 00:00:00,107.021004,107.17000,106.95900,107.024002
2025-07-11 01:00:00,107.025002,107.11700,106.96400,107.049004
2025-07-11 02:00:00,107.046997,107.12800,106.98900,107.039001
2025-07-11 03:00:00,107.046997,107.077003,106.96200,106.99500
2025-07-11 04:00:00,106.99600,107.016998,106.91500,106.97000
2025-07-11 05:00:00,106.97000,107.032997,106.93000,107.031998
2025-07-11 06:00:00,107.030998,107.11100,106.98900,107.093002
2025-07-11 07:00:00,107.093002,107.10200,106.96000,107.054001
2025-07-11 08:00:00,107.059998,107.12900,107.013000,107.086998
2025-07-11 09:00:00,107.083000,107.12300,107.010002,107.11200
2025-07-11 10:00:00,107.11300,107.21200,106.56800,107.033997
2025-07-11 11:00:00,107.036003,107.25200,106.99000,107.18600
2025-07-11 12:00:00,107.18600,107.32500,107.16300,107.29100
2025-07-11 13:00:00,107.28900,107.35100,107.23300,107.33100
2025-07-11 14:00:00,107.33000,107.43800,107.26600,107.38600
2025-07-11 15:00:00,107.38600,107.40700,107.18700,107.23000
2025-07-11 16:00:00,107.23200,107.26700,107.13900,107.24600
2025-07-11 17:00:00,107.24800,107.28000,107.17100,107.25500
2025-07-11 18:00:00,107.25300,107.29900,107.12100,107.27600
2025-07-11 19:00:00,107.27700,107.35200,107.22200,107.30600
2025-07-11 20:00:00,107.30500,107.33600,107.19000,107.23000
2025-07-11 21:00:00,107.23100,107.36900,107.19000,107.34500
2025-07-11 22:00:00,107.33900,107.56800,107.23200,107.44400
2025-07-11 23:00:00,107.44400,107.51800,107.38700,107.50900
2025-07-12 00:00:00,107.51800,107.66600,107.49600,107.56900
2025-07-12 01:00:00,107.56700,107.70400,107.54400,107.67500
2025-07-12 02:00:00,107.67500,107.76200,107.60100,107.71700
2025-07-12 03:00:00,107.72200,107.77200,107.66700,107.77000
2025-07-12 04:00:00,107.77100,107.83300,107.73300,107.81800
2025-07-12 05:00:00,107.81600,107.84900,107.69000,107.69500
2025-07-12 06:00:00,107.69600,107.77600,107.63000,107.66100
2025-07-12 07:00:00,107.66000,107.66000,107.65600,107.65600
2025-07-14 09:00:00,107.68000,107.73500,107.55900,107.61200
2025-07-14 10:00:00,107.61500,107.63200,107.36500,107.38900
2025-07-14 11:00:00,107.39200,107.47100,107.32300,107.45900
2025-07-14 12:00:00,107.46500,107.52800,107.41500,107.51000
2025-07-14 13:00:00,107.51000,107.61700,107.42900,107.56800
2025-07-14 14:00:00,107.57100,107.65100,107.47800,107.58400
2025-07-14 15:00:00,107.57900,107.63700,107.52000,107.58100
2025-07-14 16:00:00,107.58500,107.63800,107.48500,107.53400
2025-07-14 17:00:00,107.53300,107.73800,107.50900,107.73800
2025-07-14 18:00:00,107.73500,107.74100,107.59400,107.66200
2025-07-14 19:00:00,107.66700,107.70300,107.56300,107.66200
2025-07-14 20:00:00,107.66300,107.70200,107.59900,107.65800
2025-07-14 21:00:00,107.65800,107.84200,107.65200,107.78700
2025-07-14 22:00:00,107.78900,107.79600,107.58100,107.66400
2025-07-14 23:00:00,107.66400,107.67800,107.57300,107.625
2025-07-15 00:00:00,107.62600,107.79600,107.58100,107.76900
2025-07-15 01:00:00,107.77200,107.88000,107.74600,107.84000
2025-07-15 02:00:00,107.84100,107.91200,107.81400,107.87000
2025-07-15 03:00:00,107.87200,107.89200,107.72400,107.76100
2025-07-15 04:00:00,107.76500,107.86000,107.75200,107.85700
2025-07-15 05:00:00,107.85300,107.87700,107.79400,107.84400
2025-07-15 06:00:00,107.84100,107.88900,107.72900,107.74300
2025-07-15 07:00:00,107.77100,107.80800,107.73400,107.76000
2025-07-15 08:00:00,107.76800,107.84700,107.71900,107.82400
2025-07-15 09:00:00,107.82200,107.88800,107.79700,107.82100
2025-07-15 10:00:00,107.82000,107.86100,107.70500,107.72100
2025-07-15 11:00:00,107.72100,107.90900,107.71700,107.87400
2025-07-15 12:00:00,107.875,107.90900,107.73500,107.75400
2025-07-15 13:00:00,107.75,107.82100,107.69300,107.80300
2025-07-15 14:00:00,107.80500,107.83200,107.75200,107.78700
2025-07-15 15:00:00,107.78700,107.80600,107.73900,107.77400
2025-07-15 16:00:00,107.77300,107.85900,107.76200,107.80200
2025-07-15 17:00:00,107.80400,107.93400,107.78300,107.92700
2025-07-15 18:00:00,107.92300,107.95700,107.875,107.90500
2025-07-15 19:00:00,107.91000,107.91600,107.81300,107.89000
2025-07-15 20:00:00,107.89200,107.99900,107.85500,107.97500
2025-07-15 21:00:00,107.97600,108.093002,107.95900,108.057999
2025-07-15 22:00:00,108.059998,108.27900,107.91000,108.15400
2025-07-15 23:00:00,108.15100,108.51200,108.14600,108.46700
2025-07-16 00:00:00,108.46500,108.60200,108.45500,108.46900
2025-07-16 01:00:00,108.47000,108.58200,108.42300,108.47000
2025-07-16 02:00:00,108.47000,108.53500,108.43800,108.48800
2025-07-16 03:00:00,108.48500,108.60600,108.44300,108.57700
2025-07-16 04:00:00,108.57800,108.58700,108.46900,108.52200
2025-07-16 05:00:00,108.52200,108.58000,108.45100,108.47200
2025-07-16 06:00:00,108.47200,108.50400,108.43300,108.46900
2025-07-16 07:00:00,108.45800,108.54300,108.45000,108.48700
2025-07-16 08:00:00,108.49100,108.54300,108.44000,108.52000
2025-07-16 09:00:00,108.52500,108.55000,108.41400,108.46200
2025-07-16 10:00:00,108.46700,108.67900,108.40600,108.64000
2025-07-16 11:00:00,108.64200,108.68000,108.46500,108.52300
2025-07-16 12:00:00,108.52300,108.58900,108.48800,108.52800
2025-07-16 13:00:00,108.52700,108.65800,108.49300,108.625
2025-07-16 14:00:00,108.62300,108.73700,108.56000,108.57900
2025-07-16 15:00:00,108.58800,108.60700,108.48600,108.53200
2025-07-16 16:00:00,108.53300,108.57100,108.38200,108.42400
2025-07-16 17:00:00,108.42300,108.58400,108.38200,108.55100
2025-07-16 18:00:00,108.55500,108.57200,108.42800,108.48400
2025-07-16 19:00:00,108.48400,108.51700,108.31900,108.37200
2025-07-16 20:00:00,108.37300,108.39000,108.31800,108.37700
2025-07-16 21:00:00,108.38000,108.40200,108.29200,108.36500
2025-07-16 22:00:00,108.36500,108.42300,108.21200,108.34200
2025-07-16 23:00:00,108.34300,108.40000,108.24100,108.25600
2025-07-17 00:00:00,108.25400,108.28000,107.92200,108.045998
2025-07-17 01:00:00,108.044998,108.16600,107.22300,108.039001
2025-07-17 02:00:00,108.043999,108.22300,107.97900,108.14300
2025-07-17 03:00:00,108.14400,108.14700,107.73800,107.81700
2025-07-17 04:00:00,107.81000,107.97900,107.78000,107.97400
2025-07-17 05:00:00,107.97100,108.067001,107.93100,108.040001
2025-07-17 06:00:00,108.041000,108.11400,108.0070038,108.040001
2025-07-17 07:00:00,107.91200,108.067001,107.88500,107.97900
2025-07-17 08:00:00,107.97500,108.098999,107.95100,108.038002
2025-07-17 09:00:00,108.037003,108.18100,107.95000,108.11400
2025-07-17 10:00:00,108.12100,108.32600,108.080002,108.31300
2025-07-17 11:00:00,108.31800,108.38000,108.17100,108.25300
2025-07-17 12:00:00,108.25400,108.29800,108.15800,108.22800
2025-07-17 13:00:00,108.23100,108.38500,108.18300,108.31700
2025-07-17 14:00:00,108.32100,108.34900,108.20800,108.23600
2025-07-17 15:00:00,108.23800,108.28800,108.18900,108.27500
2025-07-17 16:00:00,108.27400,108.39900,108.22000,108.30900
2025-07-17 17:00:00,108.31200,108.31800,108.14400,108.22600
2025-07-17 18:00:00,108.22600,108.26600,108.10500,108.13000
2025-07-17 19:00:00,108.13100,108.24000,108.037003,108.21000
2025-07-17 20:00:00,108.20700,108.23600,107.98500,107.98900
2025-07-17 21:00:00,107.99100,108.10900,107.90700,108.10500
2025-07-17 22:00:00,108.10700,108.28600,107.98600,108.099998
2025-07-17 23:00:00,108.098999,108.15500,107.93800,108.073997
2025-07-18 00:00:00,108.070000,108.11300,107.91400,107.95700
2025-07-18 01:00:00,107.95600,108.095001,107.93300,108.052002
2025-07-18 02:00:00,108.053001,108.13000,107.97000,108.085999
2025-07-18 03:00:00,108.087997,108.12600,108.018997,108.10500
2025-07-18 04:00:00,108.10300,108.19400,108.066002,108.18100
2025-07-18 05:00:00,108.18100,108.20000,108.046997,108.11800
2025-07-18 06:00:00,108.11800,108.13800,108.026001,108.026001
2025-07-18 07:00:00,107.98800,108.080002,107.98700,108.013000
2025-07-18 08:00:00,108.011002,108.056999,107.90800,107.94000
2025-07-18 09:00:00,107.93900,108.073997,107.91200,108.070000
2025-07-18 10:00:00,108.069000,108.20100,107.95900,108.17800
2025-07-18 11:00:00,108.17900,108.22000,108.040001,108.087997
2025-07-18 12:00:00,108.093002,108.14400,108.0080032,108.11600
2025-07-18 13:00:00,108.11700,108.21600,108.056000,108.20100
2025-07-18 14:00:00,108.20200,108.23500,108.16000,108.20200
2025-07-18 15:00:00,108.20400,108.31200,108.17500,108.29200
2025-07-18 16:00:00,108.29200,108.33800,108.21100,108.27000
2025-07-18 17:00:00,108.27100,108.38800,108.20900,108.34300
2025-07-18 18:00:00,108.34200,108.34400,108.17700,108.25600
2025-07-18 19:00:00,108.25700,108.35800,108.19800,108.33300
2025-07-18 20:00:00,108.34200,108.35500,108.18200,108.25600
2025-07-18 21:00:00,108.26400,108.29500,108.17100,108.22700
2025-07-18 22:00:00,108.22500,108.35800,108.15700,108.26500
2025-07-18 23:00:00,108.26600,108.34500,108.17400,108.19200
2025-07-19 00:00:00,108.19000,108.29300,108.12400,108.24600
2025-07-19 01:00:00,108.24200,108.34200,108.10400,108.33600
2025-07-19 02:00:00,108.34000,108.38000,108.26700,108.33300
2025-07-19 03:00:00,108.33500,108.38100,108.26400,108.34800
2025-07-19 04:00:00,108.35000,108.40300,108.32300,108.38500
2025-07-19 05:00:00,108.38800,108.39700,108.31300,108.37400
2025-07-19 06:00:00,108.37600,108.48800,108.29100,108.38900
2025-07-19 07:00:00,108.40100,108.40100,108.40100,108.40100
2025-07-21 09:00:00,108.25100,108.28600,108.098000,108.17300
2025-07-21 10:00:00,108.17200,108.19500,108.013000,108.070999
2025-07-21 11:00:00,108.078003,108.19000,108.055000,108.16800
2025-07-21 12:00:00,108.16800,108.18400,108.091003,108.16600
2025-07-21 13:00:00,108.16600,108.21100,108.12300,108.18500
2025-07-21 14:00:00,108.18500,108.21600,108.12400,108.16400
2025-07-21 15:00:00,108.16200,108.17100,108.056999,108.10100
2025-07-21 16:00:00,108.10400,108.11000,107.71100,107.83300
2025-07-21 17:00:00,107.82800,108.013000,107.80400,107.89500
2025-07-21 18:00:00,107.89500,107.92800,107.65900,107.78200
2025-07-21 19:00:00,107.78400,107.81400,107.70200,107.77100
2025-07-21 20:00:00,107.76800,107.80200,107.67100,107.70000
2025-07-21 21:00:00,107.69800,107.76500,107.61800,107.65100
2025-07-21 22:00:00,107.65100,107.67600,107.52400,107.66400
2025-07-21 23:00:00,107.66400,107.74700,107.55400,107.57100
2025-07-22 00:00:00,107.56700,107.66900,107.50500,107.62700
2025-07-22 01:00:00,107.62600,107.68200,107.56100,107.58400
2025-07-22 02:00:00,107.58100,107.625,107.42100,107.52900
2025-07-22 03:00:00,107.52600,107.61300,107.49400,107.55300
2025-07-22 04:00:00,107.55200,107.69800,107.53900,107.65900
2025-07-22 05:00:00,107.66000,107.69200,107.60300,107.68300
2025-07-22 06:00:00,107.67900,107.77300,107.64800,107.68700
2025-07-22 07:00:00,107.65000,107.70700,107.55200,107.61600
2025-07-22 08:00:00,107.64800,107.75,107.61600,107.74500
2025-07-22 09:00:00,107.75500,107.83500,107.72900,107.77500
2025-07-22 10:00:00,107.77800,107.96200,107.68600,107.75300
2025-07-22 11:00:00,107.75600,107.85400,107.72000,107.80200
2025-07-22 12:00:00,107.79800,107.80800,107.70800,107.74500
2025-07-22 13:00:00,107.74500,107.83200,107.71600,107.81100
2025-07-22 14:00:00,107.81000,107.87700,107.79000,107.85300
2025-07-22 15:00:00,107.84600,107.94700,107.80700,107.93000
2025-07-22 16:00:00,107.92800,108.033997,107.88500,107.94300
2025-07-22 17:00:00,107.94800,108.063004,107.86000,107.88800
2025-07-22 18:00:00,107.88900,107.98200,107.81700,107.89200
2025-07-22 19:00:00,107.88900,107.89000,107.77400,107.78700
2025-07-22 20:00:00,107.78800,107.85100,107.76100,107.83800
2025-07-22 21:00:00,107.83500,107.88000,107.60900,107.64500
2025-07-22 22:00:00,107.64900,107.70500,107.28700,107.31500
2025-07-22 23:00:00,107.31300,107.39800,107.18200,107.24300
2025-07-23 00:00:00,107.24000,107.39100,107.17200,107.37300
2025-07-23 01:00:00,107.37900,107.53400,107.33700,107.49000
2025-07-23 02:00:00,107.49200,107.61300,107.48400,107.55700
2025-07-23 03:00:00,107.55400,107.68300,107.52900,107.62200
2025-07-23 04:00:00,107.62300,107.71300,107.59900,107.69200
2025-07-23 05:00:00,107.69300,107.75600,107.62900,107.73300
2025-07-23 06:00:00,107.73400,107.81800,107.70700,107.75600
2025-07-23 07:00:00,107.75400,107.76400,107.67500,107.71200
2025-07-23 08:00:00,107.71800,107.88400,107.69100,107.82800
2025-07-23 09:00:00,107.82300,107.99900,107.54200,107.86800
2025-07-23 10:00:00,107.87200,107.91600,107.52400,107.71300
2025-07-23 11:00:00,107.71600,107.89600,107.66300,107.80800
2025-07-23 12:00:00,107.80800,108.22800,107.66900,108.014999
2025-07-23 13:00:00,108.022003,108.094002,107.92800,108.028000
2025-07-23 14:00:00,108.028000,108.12100,108.018997,108.043999
2025-07-23 15:00:00,108.042000,108.16500,107.98000,108.12400
2025-07-23 16:00:00,108.125,108.17500,107.81100,107.98200
2025-07-23 17:00:00,107.98000,108.028999,107.86000,107.98500
2025-07-23 18:00:00,107.98700,108.125,107.92800,108.065002
2025-07-23 19:00:00,108.067001,108.070999,107.81400,107.86200
2025-07-23 20:00:00,107.86200,107.88600,107.69900,107.76200
2025-07-23 21:00:00,107.76700,107.76900,107.60800,107.67700
2025-07-23 22:00:00,107.67400,107.77600,107.61600,107.63300
2025-07-23 23:00:00,107.63100,107.80900,107.57100,107.62800
2025-07-24 00:00:00,107.62300,107.63300,107.37300,107.53700
2025-07-24 01:00:00,107.53500,107.70800,107.42300,107.68300
2025-07-24 02:00:00,107.68400,107.72000,107.51500,107.64300
2025-07-24 03:00:00,107.64300,107.70500,107.55200,107.63500
2025-07-24 04:00:00,107.63500,107.70100,107.56900,107.69600
2025-07-24 05:00:00,107.69900,107.79700,107.65900,107.77800
2025-07-24 06:00:00,107.77700,107.78200,107.66700,107.73500
2025-07-24 07:00:00,107.74600,107.77000,107.60700,107.65700
2025-07-24 08:00:00,107.65100,107.72800,107.60900,107.64000
2025-07-24 09:00:00,107.63700,107.65600,107.5,107.59900
2025-07-24 10:00:00,107.59900,107.68100,107.50900,107.62900
2025-07-24 11:00:00,107.63300,107.63600,107.20800,107.28400
2025-07-24 12:00:00,107.28800,107.42300,107.28400,107.36100
2025-07-24 13:00:00,107.35900,107.41000,107.23300,107.33500
2025-07-24 14:00:00,107.33900,107.39100,107.25100,107.35300
2025-07-24 15:00:00,107.35100,107.42800,107.30100,107.36000
2025-07-24 16:00:00,107.36000,107.53500,107.33900,107.46300
2025-07-24 17:00:00,107.46400,107.64000,107.38500,107.61600
2025-07-24 18:00:00,107.61500,107.73200,107.55400,107.72000
2025-07-24 19:00:00,107.71900,107.75600,107.65300,107.68300
2025-07-24 20:00:00,107.68400,107.72500,107.60400,107.64300
2025-07-24 21:00:00,107.64200,107.73600,107.57500,107.63700
2025-07-24 22:00:00,107.64000,107.81900,107.54800,107.80500
2025-07-24 23:00:00,107.80200,107.82900,107.51000,107.58800
2025-07-25 00:00:00,107.58200,107.80900,107.47100,107.79700
2025-07-25 01:00:00,107.79800,107.85600,107.61000,107.68700
2025-07-25 02:00:00,107.69000,107.74200,107.60100,107.73000
2025-07-25 03:00:00,107.73200,107.73300,107.60400,107.68500
2025-07-25 04:00:00,107.68400,107.74900,107.63100,107.71800
2025-07-25 05:00:00,107.72000,107.77900,107.68300,107.70100
2025-07-25 06:00:00,107.70400,107.82100,107.62000,107.75900
2025-07-25 07:00:00,107.74100,107.78200,107.66700,107.75700
2025-07-25 08:00:00,107.77300,107.86700,107.73700,107.75900
2025-07-25 09:00:00,107.77200,107.82200,107.69500,107.77000
2025-07-25 10:00:00,107.77100,107.98400,107.75900,107.91200
2025-07-25 11:00:00,107.91200,108.026001,107.87900,107.96700
2025-07-25 12:00:00,107.96700,108.018997,107.92600,107.96400
2025-07-25 13:00:00,107.96400,107.98000,107.80100,107.83300
2025-07-25 14:00:00,107.83600,107.87100,107.68200,107.72200
2025-07-25 15:00:00,107.72000,107.76800,107.54200,107.63100
2025-07-25 16:00:00,107.63100,107.69700,107.57400,107.65400
2025-07-25 17:00:00,107.65500,107.81100,107.64300,107.78800
2025-07-25 18:00:00,107.78700,108.079002,107.77700,108.032997
2025-07-25 19:00:00,108.037003,108.13600,108.027000,108.11300
2025-07-25 20:00:00,108.11000,108.13100,108.016998,108.069000
2025-07-25 21:00:00,108.067001,108.15800,107.99500,108.0080032
2025-07-25 22:00:00,108.013000,108.10400,107.92100,108.039001
2025-07-25 23:00:00,108.039001,108.052002,107.71500,107.76100
2025-07-26 00:00:00,107.76000,107.84400,107.68100,107.80100
2025-07-26 01:00:00,107.80400,107.83400,107.72400,107.75500
2025-07-26 02:00:00,107.75100,107.75500,107.65100,107.72300
2025-07-26 03:00:00,107.72200,107.74000,107.66600,107.69600
2025-07-26 04:00:00,107.69700,107.73100,107.61100,107.63300
2025-07-26 05:00:00,107.63400,107.71400,107.59800,107.71300
2025-07-26 06:00:00,107.71200,107.78900,107.66700,107.75
2025-07-26 07:00:00,107.74900,107.74900,107.74900,107.74900
2025-07-28 09:00:00,107.90800,107.94200,107.83300,107.84700
2025-07-28 10:00:00,107.84700,107.90500,107.78200,107.80000
2025-07-28 11:00:00,107.79600,107.92800,107.74100,107.91800
2025-07-28 12:00:00,107.92000,108.0090027,107.87900,107.94100
2025-07-28 13:00:00,107.93600,107.95200,107.82700,107.87200
2025-07-28 14:00:00,107.87600,107.91600,107.80400,107.87100
2025-07-28 15:00:00,107.86900,107.94300,107.83300,107.93300
2025-07-28 16:00:00,107.93200,108.055000,107.91300,107.94100
2025-07-28 17:00:00,107.94700,107.96700,107.80300,107.94100
2025-07-28 18:00:00,107.94000,108.010002,107.87600,107.99700
2025-07-28 19:00:00,107.99400,108.096001,107.95800,108.095001
2025-07-28 20:00:00,108.093002,108.14000,108.027000,108.13700
2025-07-28 21:00:00,108.13600,108.16400,107.90100,107.99000
2025-07-28 22:00:00,107.98700,108.0039978,107.89300,107.93200
2025-07-28 23:00:00,107.93000,108.10800,107.85300,108.098999
2025-07-29 00:00:00,108.098999,108.12700,107.99500,108.093002
2025-07-29 01:00:00,108.094002,108.24100,108.070999,108.21200
2025-07-29 02:00:00,108.21200,108.24800,108.17000,108.23100
2025-07-29 03:00:00,108.23600,108.25,108.11200,108.18100
2025-07-29 04:00:00,108.18000,108.21800,108.14700,108.16600
2025-07-29 05:00:00,108.16600,108.16700,108.084000,108.14400
2025-07-29 06:00:00,108.14700,108.19100,108.060997,108.060997
2025-07-29 07:00:00,108.072998,108.15700,108.044998,108.13600
2025-07-29 08:00:00,108.11700,108.17600,108.089996,108.11900
2025-07-29 09:00:00,108.10400,108.20900,108.081001,108.086998
2025-07-29 10:00:00,108.087997,108.20900,108.055000,108.19500
2025-07-29 11:00:00,108.19800,108.21400,108.061996,108.15700
2025-07-29 12:00:00,108.16000,108.16300,107.96600,108.031998
2025-07-29 13:00:00,108.029999,108.078003,107.93400,107.98700
2025-07-29 14:00:00,107.98600,108.081001,107.96300,108.031998
2025-07-29 15:00:00,108.029999,108.052002,107.88200,107.93400
2025-07-29 16:00:00,107.93500,108.025002,107.84800,108.0090027
2025-07-29 17:00:00,108.0090027,108.11400,107.98700,108.011002
2025-07-29 18:00:00,108.011002,108.089996,107.88900,108.084000
2025-07-29 19:00:00,108.082001,108.12600,108.0049973,108.027000
2025-07-29 20:00:00,108.028000,108.068001,107.91300,107.98800
2025-07-29 21:00:00,107.98900,108.079002,107.95800,108.0080032
2025-07-29 22:00:00,108.0049973,108.0070038,107.86300,107.92300
2025-07-29 23:00:00,107.92100,108.087997,107.87900,107.95100
2025-07-30 00:00:00,107.96500,108.053001,107.69900,107.70800
2025-07-30 01:00:00,107.70600,107.87000,107.67500,107.83200
2025-07-30 02:00:00,107.83100,107.875,107.77000,107.82700
2025-07-30 03:00:00,107.82700,107.84400,107.71300,107.81400
2025-07-30 04:00:00,107.81500,107.92400,107.79400,107.81900
2025-07-30 05:00:00,107.81900,107.85000,107.74700,107.79300
2025-07-30 06:00:00,107.79200,107.83100,107.70300,107.76300
2025-07-30 07:00:00,107.79000,107.82800,107.76800,107.79900
2025-07-30 08:00:00,107.80500,107.83800,107.75600,107.78400
2025-07-30 09:00:00,107.79300,107.84500,107.74100,107.75
2025-07-30 10:00:00,107.75200,107.79700,107.55700,107.57500
2025-07-30 11:00:00,107.57500,107.625,107.50300,107.62400
2025-07-30 12:00:00,107.625,107.62800,107.53700,107.55300
2025-07-30 13:00:00,107.55000,107.55300,107.41700,107.51700
2025-07-30 14:00:00,107.51500,107.61000,107.49300,107.60000
2025-07-30 15:00:00,107.59900,107.60600,107.40500,107.50500
2025-07-30 16:00:00,107.50900,107.55700,107.36200,107.43000
2025-07-30 17:00:00,107.42700,107.55200,107.37600,107.55200
2025-07-30 18:00:00,107.55200,107.55500,107.37900,107.42600
2025-07-30 19:00:00,107.42400,107.45300,107.32000,107.43300
2025-07-30 20:00:00,107.42800,107.54500,107.37800,107.45900
2025-07-30 21:00:00,107.46300,107.59900,107.39100,107.57200
2025-07-30 22:00:00,107.57400,107.85000,107.48500,107.82500
2025-07-30 23:00:00,107.82600,108,107.77800,107.98600
2025-07-31 00:00:00,107.98400,108.00099945,107.75600,107.83800
2025-07-31 01:00:00,107.83900,107.93600,107.73800,107.90700
2025-07-31 02:00:00,107.90800,107.94900,107.84800,107.85300
2025-07-31 03:00:00,107.85300,107.88500,107.72200,107.72200
2025-07-31 04:00:00,107.73400,108.11700,107.61200,108.093002
2025-07-31 05:00:00,108.096001,108.11400,107.89700,107.97600
2025-07-31 06:00:00,107.97700,108.11700,107.91700,108.087997
2025-07-31 07:00:00,108.085999,108.12800,108.010002,108.053001
2025-07-31 08:00:00,108.019997,108.083000,107.97100,107.99100
2025-07-31 09:00:00,107.98000,108.028999,107.91500,107.92800
2025-07-31 10:00:00,107.92800,108.0090027,107.88000,107.95700
2025-07-31 11:00:00,107.95700,107.96000,107.72300,107.73100
2025-07-31 12:00:00,107.72800,107.75500,107.51500,107.65300
2025-07-31 13:00:00,107.65300,107.70100,107.46700,107.59800
2025-07-31 14:00:00,107.59800,107.77300,107.55400,107.76500
2025-07-31 15:00:00,107.76400,107.78600,107.63800,107.67600
2025-07-31 16:00:00,107.67700,107.87000,107.61100,107.75
2025-07-31 17:00:00,107.74400,108.22600,107.70900,108.0029984
2025-07-31 18:00:00,108.0019989,108.17100,107.90500,108.12000
2025-07-31 19:00:00,108.12100,108.29800,108.095001,108.28000
2025-07-31 20:00:00,108.28400,108.35500,108.21300,108.28300
2025-07-31 21:00:00,108.28400,108.46100,108.22800,108.32300
2025-07-31 22:00:00,108.32200,108.60300,108.23800,108.57500
2025-07-31 23:00:00,108.57300,108.72900,108.54500,108.70600
2025-08-01 00:00:00,108.70500,108.88900,108.66000,108.84400
2025-08-01 01:00:00,108.84200,108.90200,108.63700,108.77000
2025-08-01 02:00:00,108.77100,108.91500,108.74200,108.81700
2025-08-01 03:00:00,108.81400,108.81900,108.68200,108.76500
2025-08-01 04:00:00,108.77200,108.88800,108.74000,108.88700
2025-08-01 05:00:00,108.88600,108.93000,108.77600,108.83100
2025-08-01 06:00:00,108.83300,108.91300,108.75100,108.77800
2025-08-01 07:00:00,108.77600,108.84100,108.73300,108.77300
2025-08-01 08:00:00,108.77200,108.83800,108.65900,108.66500
2025-08-01 09:00:00,108.68500,108.85500,108.64700,108.82200
2025-08-01 10:00:00,108.82000,108.875,108.70700,108.84800
2025-08-01 11:00:00,108.85100,108.95300,108.75700,108.88600
2025-08-01 12:00:00,108.88500,108.89800,108.72500,108.77800
2025-08-01 13:00:00,108.77800,108.79000,108.66900,108.69300
2025-08-01 14:00:00,108.69400,108.75500,108.65900,108.70400
2025-08-01 15:00:00,108.70400,108.73300,108.56100,108.61500
2025-08-01 16:00:00,108.62300,108.67000,108.57300,108.64300
2025-08-01 17:00:00,108.64600,108.66800,108.45800,108.51800
2025-08-01 18:00:00,108.51800,108.57300,108.47200,108.53700
2025-08-01 19:00:00,108.53700,108.55400,108.39600,108.44800
2025-08-01 20:00:00,108.44200,108.44700,108.34200,108.38400
2025-08-01 21:00:00,108.38500,108.51400,108.34800,108.50700
2025-08-01 22:00:00,108.50600,108.55200,107.69000,107.72800
2025-08-01 23:00:00,107.72700,107.80200,107.41300,107.49100
2025-08-02 00:00:00,107.48800,107.55300,107.12400,107.39200
2025-08-02 01:00:00,107.39100,107.44800,107.27800,107.43600
2025-08-02 02:00:00,107.43900,107.45600,107.13100,107.15000
2025-08-02 03:00:00,107.14800,107.18600,106.99100,107.13000
2025-08-02 04:00:00,107.13100,107.14000,106.96900,107
2025-08-02 05:00:00,107.0019989,107.035004,106.80400,106.86200
2025-08-02 06:00:00,106.86200,107.0039978,106.80300,106.89300
2025-08-02 07:00:00,106.90100,106.90100,106.90100,106.90100
2025-08-04 09:00:00,106.85500,106.95300,106.78400,106.94500
2025-08-04 10:00:00,106.94000,107.094002,106.89300,107.066002
2025-08-04 11:00:00,107.066002,107.26600,107.059998,107.23700
2025-08-04 12:00:00,107.23600,107.31700,107.13700,107.27500
2025-08-04 13:00:00,107.27400,107.27500,107.13300,107.21400
2025-08-04 14:00:00,107.21200,107.24400,107.11500,107.21800
2025-08-04 15:00:00,107.21600,107.34200,107.19900,107.25800
2025-08-04 16:00:00,107.25700,107.29600,107.11600,107.20200
2025-08-04 17:00:00,107.21000,107.42000,107.17600,107.28500
2025-08-04 18:00:00,107.28400,107.42900,107.25700,107.29700
2025-08-04 19:00:00,107.29500,107.31900,107.14700,107.23100
2025-08-04 20:00:00,107.23100,107.26600,107.060997,107.084999
2025-08-04 21:00:00,107.088997,107.10800,106.94700,106.95400
2025-08-04 22:00:00,106.95200,106.99300,106.78200,106.86900
2025-08-04 23:00:00,106.86800,107.0049973,106.76700,106.88000
2025-08-05 00:00:00,106.87900,106.95900,106.72700,106.90600
2025-08-05 01:00:00,106.90500,106.96500,106.75900,106.77900
2025-08-05 02:00:00,106.77500,106.84100,106.69800,106.74300
2025-08-05 03:00:00,106.74100,106.77500,106.65800,106.69100
2025-08-05 04:00:00,106.69200,106.70400,106.58300,106.60600
2025-08-05 05:00:00,106.60600,106.72400,106.58400,106.70700
2025-08-05 06:00:00,106.70700,106.77500,106.66600,106.71400
2025-08-05 07:00:00,106.71700,106.81900,106.67600,106.72200
2025-08-05 08:00:00,106.72300,106.73300,106.61400,106.68600
2025-08-05 09:00:00,106.66200,106.68000,106.52300,106.61000
2025-08-05 10:00:00,106.60600,106.78400,106.51200,106.71400
2025-08-05 11:00:00,106.71300,106.78800,106.67300,106.73500
2025-08-05 12:00:00,106.74200,106.83100,106.70800,106.77600
2025-08-05 13:00:00,106.77500,106.79500,106.70200,106.75100
2025-08-05 14:00:00,106.75100,106.78300,106.62100,106.68600
2025-08-05 15:00:00,106.68500,106.75100,106.64500,106.72700
2025-08-05 16:00:00,106.72700,106.89400,106.66600,106.88800
2025-08-05 17:00:00,106.88600,106.96100,106.79300,106.94200
2025-08-05 18:00:00,106.94500,106.94500,106.85100,106.89100
2025-08-05 19:00:00,106.89300,106.95000,106.82900,106.94000
2025-08-05 20:00:00,106.94000,107.016998,106.89400,106.93800
2025-08-05 21:00:00,106.93400,107.011002,106.90500,106.99700
2025-08-05 22:00:00,106.99500,107.084999,106.92600,107.017998
2025-08-05 23:00:00,107.021004,107.21200,106.94300,107.14800
2025-08-06 00:00:00,107.14500,107.16500,106.87700,106.95900
2025-08-06 01:00:00,106.95400,107.066002,106.87300,107.029999
2025-08-06 02:00:00,107.030998,107.10900,106.98600,107.087997
2025-08-06 03:00:00,107.084000,107.16900,107.050003,107.13600
2025-08-06 04:00:00,107.13500,107.16100,107.079002,107.084999
2025-08-06 05:00:00,107.084999,107.17600,107.064003,107.16800
2025-08-06 06:00:00,107.16700,107.17600,107.042999,107.14100
2025-08-06 07:00:00,107.15000,107.15500,107.045998,107.12000
2025-08-06 08:00:00,107.11600,107.16200,107.077003,107.13200
2025-08-06 09:00:00,107.13400,107.21100,107.11200,107.12400
2025-08-06 10:00:00,107.11800,107.17400,107.060997,107.14400
2025-08-06 11:00:00,107.14300,107.23200,107.12700,107.21900
2025-08-06 12:00:00,107.21800,107.26500,107.10600,107.13200
2025-08-06 13:00:00,107.13300,107.13900,106.98500,107.042999
2025-08-06 14:00:00,107.044998,107.085999,106.98100,106.99600
2025-08-06 15:00:00,106.99700,107.12100,106.98000,107.056000
2025-08-06 16:00:00,107.051003,107.18100,107.00099945,107.17900
2025-08-06 17:00:00,107.17500,107.26000,107.16300,107.20300
2025-08-06 18:00:00,107.20800,107.36900,107.17200,107.35100
2025-08-06 19:00:00,107.35200,107.40200,107.27900,107.36600
2025-08-06 20:00:00,107.37000,107.39000,107.25700,107.28900
2025-08-06 21:00:00,107.28900,107.33300,107.17900,107.24100
2025-08-06 22:00:00,107.24200,107.29600,107.17900,107.25200
2025-08-06 23:00:00,107.25200,107.27300,107.089996,107.093002
2025-08-07 00:00:00,107.097000,107.21700,107.067001,107.17300
2025-08-07 01:00:00,107.17300,107.35300,107.12300,107.16900
2025-08-07 02:00:00,107.16900,107.22400,107.13300,107.20800
2025-08-07 03:00:00,107.20900,107.26000,107.13100,107.16700
2025-08-07 04:00:00,107.16900,107.20100,106.97200,107.022003
2025-08-07 05:00:00,107.021004,107.11400,106.97000,107.10100
2025-08-07 06:00:00,107.10200,107.40700,107.084999,107.21600
2025-08-07 07:00:00,107.21000,107.31200,107.18000,107.23700
2025-08-07 08:00:00,107.23900,107.24400,107.10500,107.14900
2025-08-07 09:00:00,107.15200,107.18000,107.074997,107.13900
2025-08-07 10:00:00,107.14900,107.41000,107.12200,107.39400
2025-08-07 11:00:00,107.38900,107.46700,107.32400,107.36000
2025-08-07 12:00:00,107.36200,107.43200,107.30900,107.41800
2025-08-07 13:00:00,107.42200,107.51000,107.34700,107.41200
2025-08-07 14:00:00,107.40600,107.42000,107.24200,107.29400
2025-08-07 15:00:00,107.29700,107.30800,107.20000,107.25300
2025-08-07 16:00:00,107.25200,107.28500,106.94100,106.98600
2025-08-07 17:00:00,106.98900,107.054001,106.85900,106.98900
2025-08-07 18:00:00,106.99000,107.18300,106.94700,107.15300
2025-08-07 19:00:00,107.15600,107.32300,107.12000,107.30300
2025-08-07 20:00:00,107.30800,107.37400,107.26500,107.33600
2025-08-07 21:00:00,107.34100,107.38800,107.16800,107.21600
2025-08-07 22:00:00,107.21500,107.26700,107.035004,107.22900
2025-08-07 23:00:00,107.22500,107.25300,107.052002,107.12900
2025-08-08 00:00:00,107.12900,107.20100,107.023003,107.18700
2025-08-08 01:00:00,107.18500,107.25200,107.094002,107.18900
2025-08-08 02:00:00,107.18800,107.25900,107.10900,107.16700
2025-08-08 03:00:00,107.16800,107.26100,107.12700,107.19800
2025-08-08 04:00:00,107.20200,107.23200,107.13100,107.20800
2025-08-08 05:00:00,107.20900,107.21400,106.90100,107.025002
2025-08-08 06:00:00,107.026001,107.084999,106.93500,107.0090027
2025-08-08 07:00:00,107.0090027,107.031998,106.89300,106.95300
2025-08-08 08:00:00,106.94700,107.010002,106.86100,106.97300
2025-08-08 09:00:00,106.98700,106.99300,106.84500,106.90300
2025-08-08 10:00:00,106.90400,107.13100,106.84900,107.11100
2025-08-08 11:00:00,107.11100,107.20700,107.086998,107.15600
2025-08-08 12:00:00,107.16100,107.19300,107.081001,107.13400
2025-08-08 13:00:00,107.13400,107.18800,107.091003,107.13400
2025-08-08 14:00:00,107.13600,107.15000,107.059998,107.093002
2025-08-08 15:00:00,107.10100,107.23200,107.066002,107.22200
2025-08-08 16:00:00,107.22000,107.28700,107.13400,107.20900
2025-08-08 17:00:00,107.20800,107.33300,107.10200,107.28300
2025-08-08 18:00:00,107.28100,107.51900,107.17300,107.49100
2025-08-08 19:00:00,107.49000,107.59700,107.42700,107.59700
2025-08-08 20:00:00,107.59700,107.66700,107.53100,107.66100
2025-08-08 21:00:00,107.66300,107.68900,107.56800,107.59700
2025-08-08 22:00:00,107.59800,107.62700,107.31600,107.46400
2025-08-08 23:00:00,107.46300,107.56700,107.35800,107.54000
2025-08-09 00:00:00,107.53900,107.55500,107.37200,107.46600
2025-08-09 01:00:00,107.46900,107.48400,107.34200,107.40300
2025-08-09 02:00:00,107.40400,107.47800,107.37800,107.43300
2025-08-09 03:00:00,107.43600,107.47600,107.38200,107.45800
2025-08-09 04:00:00,107.45000,107.46500,107.36500,107.38900
2025-08-09 05:00:00,107.38800,107.45200,107.34900,107.40600
2025-08-09 06:00:00,107.40800,107.44100,107.32600,107.36900
2025-08-09 07:00:00,107.36800,107.36800,107.36800,107.36800
2025-08-11 09:00:00,107.41300,107.43100,107.33500,107.35700
2025-08-11 10:00:00,107.35200,107.37900,107.28100,107.32200
2025-08-11 11:00:00,107.32200,107.36000,107.28300,107.32800
2025-08-11 12:00:00,107.32700,107.34200,107.27200,107.32300
2025-08-11 13:00:00,107.32400,107.35000,107.24200,107.28500
2025-08-11 14:00:00,107.28500,107.29000,107.21900,107.25200
2025-08-11 15:00:00,107.25200,107.28100,107.22600,107.27500
2025-08-11 16:00:00,107.27300,107.29500,107.22900,107.28100
2025-08-11 17:00:00,107.28100,107.29500,106.98500,107.041000
2025-08-11 18:00:00,107.037003,107.18700,106.98700,107.16000
2025-08-11 19:00:00,107.16400,107.22800,107.13400,107.21900
2025-08-11 20:00:00,107.21900,107.30400,107.21000,107.29700
2025-08-11 21:00:00,107.30000,107.36300,107.25200,107.30500
2025-08-11 22:00:00,107.30300,107.32600,107.15900,107.19300
2025-08-11 23:00:00,107.19300,107.36900,107.17700,107.32200
2025-08-12 00:00:00,107.31800,107.38400,107.26400,107.34700
2025-08-12 01:00:00,107.34700,107.38900,107.29700,107.36500
2025-08-12 02:00:00,107.36200,107.39500,107.28900,107.36400
2025-08-12 03:00:00,107.36500,107.43000,107.34700,107.39700
2025-08-12 04:00:00,107.39900,107.53600,107.36700,107.51300
2025-08-12 05:00:00,107.51600,107.56000,107.47100,107.55200
2025-08-12 06:00:00,107.55600,107.56400,107.46500,107.47700
2025-08-12 07:00:00,107.48600,107.49000,107.39300,107.45000
2025-08-12 08:00:00,107.45000,107.57600,107.43500,107.56500
2025-08-12 09:00:00,107.56800,107.59300,107.51600,107.54900
2025-08-12 10:00:00,107.55300,107.72100,107.53700,107.70100
2025-08-12 11:00:00,107.69900,107.70000,107.58800,107.65100
2025-08-12 12:00:00,107.65000,107.69500,107.60900,107.66400
2025-08-12 13:00:00,107.66700,107.75400,107.64600,107.72100
2025-08-12 14:00:00,107.72300,107.74100,107.67200,107.69900
2025-08-12 15:00:00,107.70000,107.70400,107.57200,107.66400
2025-08-12 16:00:00,107.66500,107.72100,107.49000,107.56200
2025-08-12 17:00:00,107.55900,107.69200,107.54100,107.59600
2025-08-12 18:00:00,107.59800,107.67400,107.51600,107.64000
2025-08-12 19:00:00,107.64000,107.66700,107.58700,107.65500
2025-08-12 20:00:00,107.65400,107.68100,107.61000,107.64000
2025-08-12 21:00:00,107.63900,107.64500,107.53400,107.58200
2025-08-12 22:00:00,107.57800,107.62800,107.34100,107.43100
2025-08-12 23:00:00,107.42800,107.66500,107.35600,107.51000
2025-08-13 00:00:00,107.50600,107.72400,107.45000,107.58400
2025-08-13 01:00:00,107.58400,107.61800,107.28000,107.38700
2025-08-13 02:00:00,107.38600,107.41500,107.31000,107.33100
2025-08-13 03:00:00,107.32800,107.36400,107.24600,107.32000
2025-08-13 04:00:00,107.32000,107.34200,107.19700,107.22700
2025-08-13 05:00:00,107.22900,107.25400,107.18100,107.24700
2025-08-13 06:00:00,107.24700,107.36000,107.20500,107.32000
2025-08-13 07:00:00,107.32200,107.35400,107.23700,107.30700
2025-08-13 08:00:00,107.34200,107.34400,107.26800,107.34200
2025-08-13 09:00:00,107.34200,107.35400,107.27000,107.31400
2025-08-13 10:00:00,107.30900,107.36700,107.19300,107.26900
2025-08-13 11:00:00,107.27400,107.47100,107.23000,107.44600
2025-08-13 12:00:00,107.44500,107.52900,107.41800,107.46200
2025-08-13 13:00:00,107.46800,107.50800,107.39600,107.42100
2025-08-13 14:00:00,107.42500,107.49400,107.35900,107.38100
2025-08-13 15:00:00,107.38300,107.42600,107.32600,107.34700
2025-08-13 16:00:00,107.35500,107.37900,107.28800,107.33200
2025-08-13 17:00:00,107.33600,107.35300,107.13800,107.19900
2025-08-13 18:00:00,107.19900,107.22300,106.93500,107.00099945
2025-08-13 19:00:00,106.99600,107.053001,106.95000,107.042999
2025-08-13 20:00:00,107.049004,107.15300,107.010002,107.14700
2025-08-13 21:00:00,107.14600,107.23500,107.042999,107.064003
2025-08-13 22:00:00,107.063004,107.10400,106.95100,107.046997
2025-08-13 23:00:00,107.044998,107.082001,106.95100,106.96400
2025-08-14 00:00:00,106.96200,106.98100,106.85800,106.93000
2025-08-14 01:00:00,106.92800,107.0029984,106.83900,106.96800
2025-08-14 02:00:00,106.96500,107.011002,106.93000,107
2025-08-14 03:00:00,107.0029984,107.078003,106.98100,107.040001
2025-08-14 04:00:00,107.040001,107.11700,107.036003,107.068001
2025-08-14 05:00:00,107.068001,107.13800,107.029999,107.13600
2025-08-14 06:00:00,107.13400,107.14400,107.017998,107.080002
2025-08-14 07:00:00,107.060997,107.11400,106.97100,107.021004
2025-08-14 08:00:00,107.028999,107.070000,106.99800,107.070000
2025-08-14 09:00:00,107.074997,107.080002,106.94600,106.98300
2025-08-14 10:00:00,106.98300,106.98500,106.62600,106.67800
2025-08-14 11:00:00,106.68400,106.68700,106.47600,106.57000
2025-08-14 12:00:00,106.57200,106.68700,106.53300,106.63200
2025-08-14 13:00:00,106.63800,106.66200,106.45600,106.48800
2025-08-14 14:00:00,106.49100,106.49900,106.34600,106.40600
2025-08-14 15:00:00,106.40200,106.5,106.36600,106.43100
2025-08-14 16:00:00,106.43100,106.47100,106.24200,106.38300
2025-08-14 17:00:00,106.38500,106.40700,106.26300,106.40300
2025-08-14 18:00:00,106.40500,106.43900,106.30800,106.34500
2025-08-14 19:00:00,106.35000,106.45700,106.30100,106.44000
2025-08-14 20:00:00,106.44600,106.47200,106.31900,106.375
2025-08-14 21:00:00,106.375,106.40700,106.26200,106.28500
2025-08-14 22:00:00,106.29000,106.60200,106.22700,106.52400
2025-08-14 23:00:00,106.52400,106.79100,106.50600,106.73000
2025-08-15 00:00:00,106.73800,106.96600,106.73200,106.94900
2025-08-15 01:00:00,106.95500,107.11800,106.93000,106.98000
2025-08-15 02:00:00,106.97900,107.087997,106.95400,107.031998
2025-08-15 03:00:00,107.035004,107.070999,106.95700,107.068001
2025-08-15 04:00:00,107.068001,107.10500,107.0080032,107.064003
2025-08-15 05:00:00,107.060997,107.073997,106.97000,106.99500
2025-08-15 06:00:00,106.99900,106.99900,106.89400,106.91800
2025-08-15 07:00:00,106.92000,107.021004,106.89300,106.93400
2025-08-15 08:00:00,106.93300,106.99700,106.91300,106.98400
2025-08-15 09:00:00,106.97600,107.037003,106.87700,106.90900
2025-08-15 10:00:00,106.91400,106.93900,106.75400,106.78100
2025-08-15 11:00:00,106.77800,106.80400,106.59100,106.65400
2025-08-15 12:00:00,106.65400,106.70500,106.61700,106.66800
2025-08-15 13:00:00,106.66800,106.69900,106.60600,106.65500
2025-08-15 14:00:00,106.65500,106.66000,106.54800,106.60100
2025-08-15 15:00:00,106.60500,106.64100,106.52100,106.62600
2025-08-15 16:00:00,106.62600,106.66900,106.52900,106.61800
2025-08-15 17:00:00,106.61600,106.71900,106.53900,106.57600
2025-08-15 18:00:00,106.57900,106.58500,106.41500,106.43800
2025-08-15 19:00:00,106.43800,106.50100,106.37800,106.49200
2025-08-15 20:00:00,106.49000,106.58200,106.43300,106.57700
2025-08-15 21:00:00,106.58000,106.60600,106.52500,106.57900
2025-08-15 22:00:00,106.58300,106.70600,106.41600,106.49000
2025-08-15 23:00:00,106.49200,106.58000,106.41000,106.48600
2025-08-16 00:00:00,106.48700,106.56600,106.33500,106.36900
2025-08-16 01:00:00,106.36900,106.49200,106.36800,106.45400
2025-08-16 02:00:00,106.45500,106.60900,106.45200,106.59100
2025-08-16 03:00:00,106.58700,106.65100,106.56200,106.59600
2025-08-16 04:00:00,106.59600,106.62700,106.53600,106.57100
2025-08-16 05:00:00,106.57000,106.61700,106.54100,106.58400
2025-08-16 06:00:00,106.58400,106.60700,106.45400,106.45900
2025-08-16 07:00:00,106.48900,106.48900,106.48900,106.48900
2025-08-18 09:00:00,106.56200,106.67100,106.53900,106.56800
2025-08-18 10:00:00,106.56900,106.78500,106.56200,106.76800
2025-08-18 11:00:00,106.76800,106.88900,106.70400,106.73100
2025-08-18 12:00:00,106.72800,106.84200,106.70100,106.79300
2025-08-18 13:00:00,106.78900,106.82400,106.72200,106.77500
2025-08-18 14:00:00,106.77000,106.85900,106.73900,106.78500
2025-08-18 15:00:00,106.78500,106.82600,106.73700,106.78100
2025-08-18 16:00:00,106.77400,106.82400,106.71200,106.76200
2025-08-18 17:00:00,106.75900,106.84900,106.60400,106.83600
2025-08-18 18:00:00,106.83100,106.87600,106.73900,106.81500
2025-08-18 19:00:00,106.80900,106.88000,106.76400,106.83400
2025-08-18 20:00:00,106.83500,106.90100,106.80000,106.86200
2025-08-18 21:00:00,106.86000,106.97400,106.82000,106.97300
2025-08-18 22:00:00,106.96400,107.17600,106.95400,107.11000
2025-08-18 23:00:00,107.11600,107.19200,107.033997,107.046997
2025-08-19 00:00:00,107.047997,107.069000,106.88300,107.018997
2025-08-19 01:00:00,107.017998,107.032997,106.88100,106.94500
2025-08-19 02:00:00,106.94900,107.0039978,106.92600,106.99900
2025-08-19 03:00:00,107.0039978,107.036003,106.91900,107.015999
2025-08-19 04:00:00,107.017998,107.067001,106.95800,107.054001
2025-08-19 05:00:00,107.053001,107.13300,107.028999,107.075996
2025-08-19 06:00:00,107.068001,107.16300,107.042000,107.11300
2025-08-19 07:00:00,107.11300,107.11300,107.0070038,107.073997
2025-08-19 08:00:00,107.072998,107.16900,107.043999,107.15300
2025-08-19 09:00:00,107.13600,107.20300,107.13600,107.16700
2025-08-19 10:00:00,107.16600,107.20200,106.99700,107.012001
2025-08-19 11:00:00,107.0070038,107.20300,106.86400,106.95500
2025-08-19 12:00:00,106.96000,107.038002,106.90800,107.028999
2025-08-19 13:00:00,107.031998,107.077003,106.97200,107.033997
2025-08-19 14:00:00,107.030998,107.063004,106.96800,106.99800
2025-08-19 15:00:00,106.99800,107.019997,106.87700,106.89700
2025-08-19 16:00:00,106.89600,106.95200,106.86400,106.92800
2025-08-19 17:00:00,106.92200,106.96200,106.87800,106.90800
2025-08-19 18:00:00,106.90500,106.93600,106.80400,106.85500
2025-08-19 19:00:00,106.85500,106.95100,106.82500,106.92700
2025-08-19 20:00:00,106.92100,106.95200,106.84500,106.95100
2025-08-19 21:00:00,106.94400,107.041000,106.90000,106.96700
2025-08-19 22:00:00,106.96100,107.017998,106.76000,106.83000
2025-08-19 23:00:00,106.82900,106.87300,106.64400,106.67300
2025-08-20 00:00:00,106.66600,106.72900,106.57300,106.62300
2025-08-20 01:00:00,106.625,106.67300,106.55800,106.58600
2025-08-20 02:00:00,106.58600,106.59000,106.46700,106.49200
2025-08-20 03:00:00,106.49200,106.50500,106.36600,106.42700
2025-08-20 04:00:00,106.42800,106.45700,106.36700,106.39800
2025-08-20 05:00:00,106.39800,106.44300,106.32800,106.43700
2025-08-20 06:00:00,106.43600,106.52200,106.42100,106.44900
2025-08-20 07:00:00,106.44900,106.48600,106.40000,106.41900
2025-08-20 08:00:00,106.40100,106.47100,106.39100,106.46100
2025-08-20 09:00:00,106.44800,106.55300,106.44200,106.53900
2025-08-20 10:00:00,106.53900,106.57200,106.33400,106.39800
2025-08-20 11:00:00,106.39900,106.45500,106.25800,106.29700
2025-08-20 12:00:00,106.29500,106.35300,106.24100,106.32700
2025-08-20 13:00:00,106.32900,106.35700,106.26000,106.32900
2025-08-20 14:00:00,106.32900,106.42200,106.29700,106.40400
2025-08-20 15:00:00,106.40300,106.40300,106.24300,106.30500
2025-08-20 16:00:00,106.30100,106.31400,106.061996,106.24200
2025-08-20 17:00:00,106.24700,106.44900,106.20900,106.42400
2025-08-20 18:00:00,106.42300,106.44900,106.26700,106.33200
2025-08-20 19:00:00,106.33200,106.34200,106.22600,106.28100
2025-08-20 20:00:00,106.28100,106.31100,106.22700,106.26100
2025-08-20 21:00:00,106.26100,106.36600,106.23200,106.35300
2025-08-20 22:00:00,106.35500,106.40000,106.24100,106.27400
2025-08-20 23:00:00,106.26900,106.34200,106.033997,106.10600
2025-08-21 00:00:00,106.10500,106.21700,105.93500,106.063004
2025-08-21 01:00:00,106.056999,106.18100,106.016998,106.080002
2025-08-21 02:00:00,106.085999,106.14700,106.052002,106.078003
2025-08-21 03:00:00,106.071999,106.10500,105.99700,106.045998
2025-08-21 04:00:00,106.028999,106.21900,106.010002,106.16500
2025-08-21 05:00:00,106.16600,106.22700,106.14600,106.18300
2025-08-21 06:00:00,106.18200,106.28100,106.12200,106.17500
2025-08-21 07:00:00,106.17000,106.22600,106.14600,106.17600
2025-08-21 08:00:00,106.17700,106.24400,106.14300,106.21800
2025-08-21 09:00:00,106.19500,106.26400,106.14900,106.17700
2025-08-21 10:00:00,106.18000,106.28400,106.13300,106.20600
2025-08-21 11:00:00,106.19900,106.28600,106.14300,106.24800
2025-08-21 12:00:00,106.24300,106.27400,106.12200,106.16100
2025-08-21 13:00:00,106.15800,106.23200,106.12600,106.21200
2025-08-21 14:00:00,106.21100,106.22000,106.14400,106.19400
2025-08-21 15:00:00,106.19600,106.30600,106.16100,106.25600
2025-08-21 16:00:00,106.25600,106.34400,106.17700,106.33000
2025-08-21 17:00:00,106.32900,106.35700,106.26500,106.34900
2025-08-21 18:00:00,106.34800,106.38400,106.27600,106.35000
2025-08-21 19:00:00,106.34800,106.45300,106.27000,106.40900
2025-08-21 20:00:00,106.40400,106.55200,106.375,106.50900
2025-08-21 21:00:00,106.50600,106.55600,106.47300,106.53300
2025-08-21 22:00:00,106.53100,106.53500,106.27800,106.34400
2025-08-21 23:00:00,106.34700,106.43000,106.20500,106.34300
2025-08-22 00:00:00,106.34100,106.64300,106.33200,106.61500
2025-08-22 01:00:00,106.61700,106.75100,106.57100,106.72600
2025-08-22 02:00:00,106.72500,106.74400,106.63900,106.71000
2025-08-22 03:00:00,106.70700,106.74500,106.59800,106.72000
2025-08-22 04:00:00,106.71700,106.75400,106.66400,106.74000
2025-08-22 05:00:00,106.73900,106.77400,106.68700,106.72200
2025-08-22 06:00:00,106.72100,106.73100,106.61700,106.65000
2025-08-22 07:00:00,106.64200,106.66500,106.53300,106.64400
2025-08-22 08:00:00,106.64400,106.69600,106.59500,106.67400
2025-08-22 09:00:00,106.67400,106.75800,106.63900,106.73900
2025-08-22 10:00:00,106.73600,106.81400,106.65200,106.75800
2025-08-22 11:00:00,106.75300,106.87100,106.68500,106.77300
2025-08-22 12:00:00,106.77300,106.78800,106.71900,106.73800
2025-08-22 13:00:00,106.73800,106.88800,106.71400,106.85800
2025-08-22 14:00:00,106.85400,106.91000,106.83000,106.89400
2025-08-22 15:00:00,106.89000,106.91700,106.78400,106.84000
2025-08-22 16:00:00,106.83700,106.85800,106.66200,106.72900
2025-08-22 17:00:00,106.72700,106.82200,106.64400,106.81400
2025-08-22 18:00:00,106.81200,106.89100,106.76000,106.87100
2025-08-22 19:00:00,106.86700,106.89100,106.80300,106.87600
2025-08-22 20:00:00,106.87900,106.89100,106.77400,106.80200
2025-08-22 21:00:00,106.79900,106.91400,106.78600,106.89700
2025-08-22 22:00:00,106.90000,106.90200,106.76500,106.85300
2025-08-22 23:00:00,106.84900,106.86100,106.67400,106.74300
2025-08-23 00:00:00,106.72000,106.74400,105.96800,106.14900
2025-08-23 01:00:00,106.14900,106.16900,105.96700,106.047997
2025-08-23 02:00:00,106.041000,106.10400,105.99400,106.061996
2025-08-23 03:00:00,106.057999,106.12900,106.042999,106.12000
2025-08-23 04:00:00,106.11700,106.25300,106.085999,106.23400
2025-08-23 05:00:00,106.23400,106.29400,106.18600,106.26900
2025-08-23 06:00:00,106.27300,106.31500,106.19900,106.22900
2025-08-23 07:00:00,106.25600,106.25600,106.25600,106.25600
2025-08-25 09:00:00,106.35300,106.50400,106.31900,106.49100
2025-08-25 10:00:00,106.47700,106.61300,106.44500,106.52900
2025-08-25 11:00:00,106.52100,106.54800,106.43100,106.47800
2025-08-25 12:00:00,106.48100,106.58200,106.47100,106.53900
2025-08-25 13:00:00,106.53200,106.53800,106.46300,106.51100
2025-08-25 14:00:00,106.50900,106.52600,106.39200,106.42100
2025-08-25 15:00:00,106.42100,106.52000,106.41800,106.45600
2025-08-25 16:00:00,106.44900,106.50800,106.39000,106.44700
2025-08-25 17:00:00,106.44700,106.52200,106.37300,106.48600
2025-08-25 18:00:00,106.48300,106.55300,106.46000,106.51600
2025-08-25 19:00:00,106.51300,106.55100,106.45100,106.53100
2025-08-25 20:00:00,106.52500,106.58900,106.48400,106.56900
2025-08-25 21:00:00,106.56800,106.60000,106.51500,106.57100
2025-08-25 22:00:00,106.56500,106.68200,106.55100,106.62300
2025-08-25 23:00:00,106.62300,106.73700,106.54900,106.57400
2025-08-26 00:00:00,106.57400,106.69400,106.53200,106.68900
2025-08-26 01:00:00,106.68500,106.75600,106.58500,106.72900
2025-08-26 02:00:00,106.72700,106.73300,106.60100,106.64500
2025-08-26 03:00:00,106.64800,106.67400,106.57700,106.60200
2025-08-26 04:00:00,106.60200,106.71100,106.57500,106.70300
2025-08-26 05:00:00,106.69500,106.74100,106.61500,106.63200
2025-08-26 06:00:00,106.63100,106.67700,106.54800,106.63500
2025-08-26 07:00:00,106.60400,106.67900,106.50900,106.53700
2025-08-26 08:00:00,106.53900,106.65900,106.52100,106.62100
2025-08-26 09:00:00,106.60400,106.67900,106.59100,106.65500
2025-08-26 10:00:00,106.65300,106.67800,106.17600,106.25500
2025-08-26 11:00:00,106.25400,106.38500,106.24600,106.32000
2025-08-26 12:00:00,106.31800,106.57600,106.30400,106.51300
2025-08-26 13:00:00,106.51300,106.66000,106.49900,106.64800
2025-08-26 14:00:00,106.65100,106.66600,106.59300,106.65600
2025-08-26 15:00:00,106.65900,106.73900,106.60200,106.64000
2025-08-26 16:00:00,106.64100,106.71200,106.55300,106.63600
2025-08-26 17:00:00,106.63800,106.71300,106.54000,106.58900
2025-08-26 18:00:00,106.59100,106.59700,106.40900,106.49200
2025-08-26 19:00:00,106.48900,106.58200,106.48100,106.54600
2025-08-26 20:00:00,106.54400,106.61200,106.48700,106.55600
2025-08-26 21:00:00,106.55500,106.59700,106.46200,106.51400
2025-08-26 22:00:00,106.51400,106.56800,106.40400,106.56100
2025-08-26 23:00:00,106.55900,106.65000,106.51700,106.54400
2025-08-27 00:00:00,106.52300,106.70300,106.52300,106.67800
2025-08-27 01:00:00,106.67100,106.68800,106.51600,106.56100
2025-08-27 02:00:00,106.55500,106.56100,106.37800,106.51500
2025-08-27 03:00:00,106.51200,106.52700,106.43900,106.49900
2025-08-27 04:00:00,106.50400,106.60600,106.49100,106.53000
2025-08-27 05:00:00,106.52500,106.57600,106.46600,106.56300
2025-08-27 06:00:00,106.56800,106.62900,106.42500,106.46300
2025-08-27 07:00:00,106.46900,106.50700,106.40300,106.47200
2025-08-27 08:00:00,106.47800,106.59800,106.46400,106.58000
2025-08-27 09:00:00,106.57100,106.61700,106.51300,106.59600
2025-08-27 10:00:00,106.59300,106.69200,106.54500,106.68500
2025-08-27 11:00:00,106.68900,106.74700,106.62900,106.71500
2025-08-27 12:00:00,106.71100,106.76100,106.69700,106.75
2025-08-27 13:00:00,106.74900,106.83100,106.72700,106.81100
2025-08-27 14:00:00,106.80800,106.88100,106.80200,106.86700
2025-08-27 15:00:00,106.87000,106.88800,106.77100,106.79600
2025-08-27 16:00:00,106.79800,106.82200,106.69600,106.74300
2025-08-27 17:00:00,106.74400,106.76700,106.68500,106.70900
2025-08-27 18:00:00,106.70900,106.81800,106.69700,106.80800
2025-08-27 19:00:00,106.80600,106.85100,106.73600,106.85000
2025-08-27 20:00:00,106.85100,106.94600,106.81600,106.92400
2025-08-27 21:00:00,106.92100,106.99100,106.89300,106.94100
2025-08-27 22:00:00,106.94300,106.95900,106.81100,106.90300
2025-08-27 23:00:00,106.90400,106.95300,106.78900,106.90000
2025-08-28 00:00:00,106.90000,106.96300,106.75400,106.90300
2025-08-28 01:00:00,106.90200,106.90800,106.78700,106.86400
2025-08-28 02:00:00,106.86000,106.91400,106.75400,106.79700
2025-08-28 03:00:00,106.79600,106.93300,106.76500,106.89600
2025-08-28 04:00:00,106.89600,106.95000,106.82200,106.85000
2025-08-28 05:00:00,106.84600,106.97300,106.84600,106.95900
2025-08-28 06:00:00,106.95400,107.0039978,106.83400,106.83800
2025-08-28 07:00:00,106.91200,106.92800,106.77300,106.84700
2025-08-28 08:00:00,106.85200,106.92900,106.77800,106.85700
2025-08-28 09:00:00,106.86100,106.93100,106.79200,106.92000
2025-08-28 10:00:00,106.92500,107.028999,106.87300,106.88400
2025-08-28 11:00:00,106.88600,106.99600,106.82900,106.93800
2025-08-28 12:00:00,106.93700,106.97000,106.85400,106.91600
2025-08-28 13:00:00,106.92000,106.95200,106.73800,106.78100
2025-08-28 14:00:00,106.77500,106.85400,106.73300,106.79000
2025-08-28 15:00:00,106.79600,106.82500,106.66600,106.79200
2025-08-28 16:00:00,106.72000,106.90700,106.67600,106.88300
2025-08-28 17:00:00,106.88600,106.93700,106.79900,106.82200
2025-08-28 18:00:00,106.82100,106.92400,106.77800,106.85800
2025-08-28 19:00:00,106.85100,106.88200,106.77400,106.85400
2025-08-28 20:00:00,106.85800,106.88400,106.73200,106.77800
2025-08-28 21:00:00,106.77500,106.78700,106.64700,106.75700
2025-08-28 22:00:00,106.75600,106.94000,106.72500,106.91000
2025-08-28 23:00:00,106.91500,106.95300,106.69200,106.87200
2025-08-29 00:00:00,106.87400,106.88200,106.71600,106.78500
2025-08-29 01:00:00,106.78100,106.92200,106.76300,106.89900
2025-08-29 02:00:00,106.90400,106.90800,106.82800,106.85200
