date,open,high,low,close
2024-11-06 08:00:00,0.83870000,0.83880001,0.83789998,0.83810002
2024-11-06 09:00:00,0.83805001,0.83911997,0.83730000,0.83819997
2024-11-06 10:00:00,0.83819997,0.83859998,0.83789998,0.83829999
2024-11-06 11:00:00,0.83840001,0.83850002,0.83579999,0.83620000
2024-11-06 12:00:00,0.83620000,0.83670002,0.83530003,0.83569998
2024-11-06 13:00:00,0.83569998,0.83590001,0.83300000,0.83389997
2024-11-06 14:00:00,0.83389997,0.83490002,0.83279997,0.83380002
2024-11-06 15:00:00,0.83389997,0.83510000,0.83370000,0.83480000
2024-11-06 16:00:00,0.83469999,0.83550000,0.83389997,0.83480000
2024-11-06 17:00:00,0.83486998,0.83491498,0.83289999,0.83389997
2024-11-06 18:00:00,0.83389997,0.83539999,0.83370000,0.83429998
2024-11-06 19:00:00,0.83420002,0.83504999,0.83380002,0.83380002
2024-11-06 20:00:00,0.83386499,0.83411503,0.83329999,0.83370000
2024-11-06 21:00:00,0.83370000,0.83424997,0.83327001,0.83376998
2024-11-06 22:00:00,0.83380002,0.83385003,0.83249003,0.83283001
2024-11-06 23:00:00,0.83279997,0.83340001,0.83148003,0.83160001
2024-11-07 00:00:00,0.83160001,0.83310997,0.83160001,0.83260000
2024-11-07 01:00:00,0.83270001,0.83415002,0.83261001,0.83350003
2024-11-07 02:00:00,0.83345002,0.83370000,0.83257002,0.83319998
2024-11-07 03:00:00,0.83300000,0.83370000,0.83209997,0.83209997
2024-11-07 04:00:00,0.83209997,0.83300501,0.83190000,0.83230001
2024-11-07 05:00:00,0.83225501,0.83319998,0.83219999,0.83319998
2024-11-07 06:00:00,0.83310002,0.83329999,0.83233500,0.83279997
2024-11-07 07:00:00,0.83279997,0.83305001,0.83236998,0.83289999
2024-11-07 08:00:00,0.83289999,0.83315003,0.83269501,0.83310002
2024-11-07 09:00:00,0.83300000,0.83335000,0.83257502,0.83319998
2024-11-07 10:00:00,0.83329999,0.83354998,0.83300000,0.83300000
2024-11-07 11:00:00,0.83300000,0.83315003,0.83219999,0.83240002
2024-11-07 12:00:00,0.83240002,0.83254999,0.83139497,0.83160001
2024-11-07 13:00:00,0.83152503,0.83174998,0.83120000,0.83160001
2024-11-07 14:00:00,0.83155501,0.83155501,0.83109999,0.83117503
2024-11-07 15:00:00,0.83109999,0.83149999,0.83095002,0.83099997
2024-11-07 16:00:00,0.83135003,0.83135003,0.83080000,0.83104497
2024-11-07 17:00:00,0.83109999,0.83130002,0.83080000,0.83122998
2024-11-07 18:00:00,0.83130002,0.83205003,0.83125502,0.83160001
2024-11-07 19:00:00,0.83170003,0.83319998,0.83160001,0.83300000
2024-11-07 20:00:00,0.83300000,0.83340001,0.83240998,0.83254999
2024-11-07 21:00:00,0.83260000,0.83375001,0.83260000,0.83359998
2024-11-07 22:00:00,0.83350003,0.83399999,0.83319998,0.83380002
2024-11-07 23:00:00,0.83389997,0.83389997,0.83155000,0.83184999
2024-11-08 00:00:00,0.83165503,0.83240002,0.83131498,0.83200002
2024-11-08 01:00:00,0.83190000,0.83270001,0.83149999,0.83200002
2024-11-08 02:00:00,0.83200002,0.83260000,0.83169001,0.83178002
2024-11-08 03:00:00,0.83179998,0.83195001,0.83060002,0.83120000
2024-11-08 04:00:00,0.83120000,0.83195001,0.83120000,0.83179998
2024-11-08 05:00:00,0.83179998,0.83260000,0.83170003,0.83219999
2024-11-08 06:00:00,0.83230001,0.83249998,0.83148998,0.83160001
2024-11-08 07:00:00,0.83160001,0.83214998,0.83157998,0.83209997
2024-11-08 08:00:00,0.83200002,0.83225000,0.83170003,0.83190000
2024-11-08 09:00:00,0.83192998,0.83315003,0.77574003,0.83190000
2024-11-08 10:00:00,0.83179998,0.83214998,0.83149999,0.83160001
2024-11-08 11:00:00,0.83149999,0.83170003,0.83120000,0.83149999
2024-11-08 12:00:00,0.83146501,0.83170003,0.83127999,0.83160001
2024-11-08 13:00:00,0.83160001,0.83174998,0.83139998,0.83149999
2024-11-08 14:00:00,0.83149999,0.83160001,0.83130002,0.83139998
2024-11-08 15:00:00,0.83130002,0.83174998,0.83130002,0.83160001
2024-11-08 16:00:00,0.83156502,0.83174998,0.83130002,0.83139998
2024-11-08 17:00:00,0.83130002,0.83144999,0.83080000,0.83115000
2024-11-08 18:00:00,0.83109999,0.83149999,0.83080000,0.83143997
2024-11-08 19:00:00,0.83139998,0.83249998,0.83109999,0.83190000
2024-11-08 20:00:00,0.83179998,0.83219999,0.83139998,0.83170003
2024-11-08 21:00:00,0.83170003,0.83195001,0.83120000,0.83150500
2024-11-08 22:00:00,0.83149999,0.83230001,0.83148003,0.83149999
2024-11-08 23:00:00,0.83160001,0.83260000,0.83099997,0.83200002
2024-11-09 00:00:00,0.83200002,0.83214998,0.83080000,0.83080000
2024-11-09 01:00:00,0.83090001,0.83174998,0.83069998,0.83099997
2024-11-09 02:00:00,0.83099997,0.83160001,0.83039999,0.83060002
2024-11-09 03:00:00,0.83069998,0.83076501,0.82990003,0.83008999
2024-11-09 04:00:00,0.82999998,0.83060002,0.82928997,0.83029997
2024-11-09 05:00:00,0.83036000,0.83050001,0.82925999,0.82985002
2024-11-09 06:00:00,0.82959998,0.82985002,0.82953501,0.82959998
2024-11-09 07:00:00,0.82959998,0.82985002,0.82940000,0.82950002
2024-11-09 08:00:00,0.82950002,0.83011502,0.82945502,0.82963997
2024-11-11 09:00:00,0.82924002,0.83041000,0.82924002,0.82969999
2024-11-11 10:00:00,0.82959998,0.82971001,0.82933998,0.82959998
2024-11-11 11:00:00,0.82949001,0.82990003,0.82946497,0.82990003
2024-11-11 12:00:00,0.82985002,0.83025002,0.82969999,0.82980001
2024-11-11 13:00:00,0.82990003,0.83034998,0.82969999,0.83010000
2024-11-11 14:00:00,0.83010000,0.83025002,0.82969999,0.82969999
2024-11-11 15:00:00,0.82980001,0.83015001,0.82969999,0.82969999
2024-11-11 16:00:00,0.82972997,0.83004999,0.82959998,0.82980001
2024-11-11 17:00:00,0.82980001,0.83015001,0.82959998,0.83004999
2024-11-11 18:00:00,0.82990003,0.83010000,0.82870001,0.82880002
2024-11-11 19:00:00,0.82889998,0.82929999,0.82830000,0.82859999
2024-11-11 20:00:00,0.82849997,0.82884997,0.82795000,0.82805502
2024-11-11 21:00:00,0.82800001,0.82845002,0.82789999,0.82828999
2024-11-11 22:00:00,0.82830000,0.82840002,0.82719499,0.82749999
2024-11-11 23:00:00,0.82760000,0.82763499,0.82679999,0.82690001
2024-11-12 00:00:00,0.82694501,0.82775003,0.82669997,0.82755500
2024-11-12 01:00:00,0.82749498,0.82785499,0.82599998,0.82709998
2024-11-12 02:00:00,0.82709002,0.82754999,0.82669997,0.82740003
2024-11-12 03:00:00,0.82732999,0.82784998,0.82717001,0.82760000
2024-11-12 04:00:00,0.82770002,0.82805002,0.82749999,0.82786000
2024-11-12 05:00:00,0.82779998,0.82824999,0.82770002,0.82787502
2024-11-12 06:00:00,0.82784998,0.82854998,0.82784998,0.82810003
2024-11-12 07:00:00,0.82810003,0.82845002,0.82800001,0.82819998
2024-11-12 08:00:00,0.82810003,0.82845002,0.82789999,0.82800001
2024-11-12 09:00:00,0.82814997,0.82845002,0.82743001,0.82800001
2024-11-12 10:00:00,0.82789999,0.82840002,0.82789999,0.82831502
2024-11-12 11:00:00,0.82830000,0.82849997,0.82810003,0.82830000
2024-11-12 12:00:00,0.82840002,0.82875001,0.82779998,0.82779998
2024-11-12 13:00:00,0.82789999,0.82849997,0.82789999,0.82840002
2024-11-12 14:00:00,0.82830000,0.82865000,0.82827002,0.82849997
2024-11-12 15:00:00,0.82849997,0.82894999,0.82849997,0.82859999
2024-11-12 16:00:00,0.82870001,0.82929999,0.82854998,0.82910001
2024-11-12 17:00:00,0.82900000,0.82964498,0.82889998,0.82920003
2024-11-12 18:00:00,0.82920003,0.83029997,0.82880002,0.82973999
2024-11-12 19:00:00,0.82969999,0.83025002,0.82889998,0.82905000
2024-11-12 20:00:00,0.82900000,0.82929999,0.82835001,0.82859999
2024-11-12 21:00:00,0.82859999,0.82894999,0.82810003,0.82840002
2024-11-12 22:00:00,0.82830000,0.82884997,0.82800001,0.82819998
2024-11-12 23:00:00,0.82830000,0.82840002,0.82760000,0.82835001
2024-11-13 00:00:00,0.82840002,0.82959998,0.82810003,0.82922500
2024-11-13 01:00:00,0.82920003,0.83050001,0.82917500,0.83013499
2024-11-13 02:00:00,0.82999998,0.83149999,0.82999998,0.83130002
2024-11-13 03:00:00,0.83120000,0.83249998,0.83099997,0.83240002
2024-11-13 04:00:00,0.83240002,0.83300000,0.83230001,0.83300000
2024-11-13 05:00:00,0.83300000,0.83335000,0.83279997,0.83297497
2024-11-13 06:00:00,0.83300000,0.83345002,0.83289999,0.83329999
2024-11-13 07:00:00,0.83319998,0.83350003,0.83289999,0.83350003
2024-11-13 08:00:00,0.83340001,0.83354998,0.83329499,0.83333999
2024-11-13 09:00:00,0.83315003,0.83354998,0.83174002,0.83310002
2024-11-13 10:00:00,0.83310002,0.83364999,0.83304501,0.83359998
2024-11-13 11:00:00,0.83359998,0.83364999,0.83319998,0.83329999
2024-11-13 12:00:00,0.83340001,0.83375001,0.83310002,0.83359998
2024-11-13 13:00:00,0.83350003,0.83359998,0.83319998,0.83325499
2024-11-13 14:00:00,0.83319998,0.83354998,0.83317500,0.83328998
2024-11-13 15:00:00,0.83329999,0.83350003,0.83310002,0.83324999
2024-11-13 16:00:00,0.83300000,0.83324999,0.83270001,0.83288503
2024-11-13 17:00:00,0.83286500,0.83324999,0.83270001,0.83284998
2024-11-13 18:00:00,0.83289999,0.83319998,0.83239502,0.83260000
2024-11-13 19:00:00,0.83260000,0.83276498,0.83209997,0.83266503
2024-11-13 20:00:00,0.83260000,0.83354998,0.83244503,0.83340001
2024-11-13 21:00:00,0.83350003,0.83370000,0.83289999,0.83320498
2024-11-13 22:00:00,0.83310002,0.83399999,0.83279997,0.83399999
2024-11-13 23:00:00,0.83389997,0.83440000,0.83359998,0.83399999
2024-11-14 00:00:00,0.83410001,0.83459997,0.83377999,0.83380002
2024-11-14 01:00:00,0.83393502,0.83410001,0.83270001,0.83279997
2024-11-14 02:00:00,0.83279997,0.83313501,0.83179998,0.83209997
2024-11-14 03:00:00,0.83219999,0.83260000,0.83099997,0.83149999
2024-11-14 04:00:00,0.83139998,0.83205003,0.83120000,0.83160001
2024-11-14 05:00:00,0.83160001,0.83170003,0.83069998,0.83109999
2024-11-14 06:00:00,0.83099997,0.83184999,0.83090001,0.83160001
2024-11-14 07:00:00,0.83170003,0.83174998,0.83121002,0.83139998
2024-11-14 08:00:00,0.83149999,0.83155000,0.83099997,0.83120000
2024-11-14 09:00:00,0.83121502,0.83317775,0.78167999,0.83120000
2024-11-14 10:00:00,0.83120000,0.83149999,0.83109999,0.83149999
2024-11-14 11:00:00,0.83149999,0.83174998,0.83129501,0.83160001
2024-11-14 12:00:00,0.83149999,0.83174998,0.83129501,0.83156002
2024-11-14 13:00:00,0.83160001,0.83196002,0.83160001,0.83169001
2024-11-14 14:00:00,0.83170003,0.83184999,0.83147001,0.83170003
2024-11-14 15:00:00,0.83170003,0.83184999,0.83149999,0.83184999
2024-11-14 16:00:00,0.83170003,0.83184999,0.83090001,0.83130002
2024-11-14 17:00:00,0.83130002,0.83155000,0.83115500,0.83126003
2024-11-14 18:00:00,0.83139998,0.83170003,0.83120000,0.83170003
2024-11-14 19:00:00,0.83160001,0.83200002,0.83118498,0.83160001
2024-11-14 20:00:00,0.83170003,0.83205003,0.83060002,0.83130002
2024-11-14 21:00:00,0.83120000,0.83205003,0.83080000,0.83146000
2024-11-14 22:00:00,0.83143502,0.83225000,0.83099997,0.83170003
2024-11-14 23:00:00,0.83179998,0.83230001,0.83170003,0.83190000
2024-11-15 00:00:00,0.83179998,0.83191502,0.83119500,0.83190000
2024-11-15 01:00:00,0.83190000,0.83209997,0.83130002,0.83160001
2024-11-15 02:00:00,0.83160001,0.83240002,0.83153498,0.83209997
2024-11-15 03:00:00,0.83200002,0.83235002,0.83124501,0.83139998
2024-11-15 04:00:00,0.83130002,0.83155000,0.83099997,0.83120000
2024-11-15 05:00:00,0.83120000,0.83155000,0.83105499,0.83139998
2024-11-15 06:00:00,0.83139998,0.83165002,0.83120501,0.83139998
2024-11-15 07:00:00,0.83130002,0.83149999,0.83099997,0.83120000
2024-11-15 08:00:00,0.83130002,0.83149999,0.83099997,0.83126998
2024-11-15 09:00:00,0.83135003,0.83195001,0.83113003,0.83149999
2024-11-15 10:00:00,0.83149999,0.83184999,0.83109999,0.83130503
2024-11-15 11:00:00,0.83130002,0.83179998,0.83124000,0.83170003
2024-11-15 12:00:00,0.83170003,0.83190000,0.83149999,0.83160001
2024-11-15 13:00:00,0.83156502,0.83179998,0.83149999,0.83170003
2024-11-15 14:00:00,0.83170003,0.83184999,0.83148003,0.83154500
2024-11-15 15:00:00,0.83160001,0.83195001,0.83152997,0.83164501
2024-11-15 16:00:00,0.83160001,0.83195001,0.83146501,0.83155000
2024-11-15 17:00:00,0.83157998,0.83230001,0.83157998,0.83200002
2024-11-15 18:00:00,0.83249998,0.83350003,0.83209997,0.83350003
2024-11-15 19:00:00,0.83340001,0.83504999,0.83319998,0.83469999
2024-11-15 20:00:00,0.83469999,0.83499998,0.83429998,0.83469999
2024-11-15 21:00:00,0.83480000,0.83504999,0.83370000,0.83434999
2024-11-15 22:00:00,0.83429998,0.83450001,0.83319497,0.83359998
2024-11-15 23:00:00,0.83359998,0.83445001,0.83323503,0.83440000
2024-11-16 00:00:00,0.83425498,0.83513498,0.83422500,0.83469999
2024-11-16 01:00:00,0.83465499,0.83485001,0.83329999,0.83350003
2024-11-16 02:00:00,0.83359998,0.83469999,0.83358997,0.83429998
2024-11-16 03:00:00,0.83420002,0.83579999,0.83389997,0.83565497
2024-11-16 04:00:00,0.83569998,0.83590001,0.83530003,0.83550000
2024-11-16 05:00:00,0.83550000,0.83574998,0.83530003,0.83550000
2024-11-16 06:00:00,0.83539999,0.83574998,0.83499998,0.83560002
2024-11-16 07:00:00,0.83550000,0.83565003,0.83469999,0.83499998
2024-11-16 08:00:00,0.83510000,0.83530003,0.83469999,0.83520001
2024-11-18 09:00:00,0.83410501,0.83530003,0.83389997,0.83490002
2024-11-18 10:00:00,0.83499998,0.83539999,0.83480000,0.83490002
2024-11-18 11:00:00,0.83490002,0.83504999,0.83459997,0.83459997
2024-11-18 12:00:00,0.83469999,0.83469999,0.83424503,0.83428001
2024-11-18 13:00:00,0.83440000,0.83455002,0.83427501,0.83440000
2024-11-18 14:00:00,0.83431000,0.83464998,0.83420002,0.83450001
2024-11-18 15:00:00,0.83439499,0.83464998,0.83424997,0.83436501
2024-11-18 16:00:00,0.83429998,0.83475000,0.83429998,0.83440000
2024-11-18 17:00:00,0.83429998,0.83464998,0.83405000,0.83420002
2024-11-18 18:00:00,0.83420002,0.83560002,0.83399999,0.83534497
2024-11-18 19:00:00,0.83532500,0.83604997,0.83530003,0.83579999
2024-11-18 20:00:00,0.83569998,0.83740002,0.83569998,0.83670002
2024-11-18 21:00:00,0.83660001,0.83684999,0.83520001,0.83520001
2024-11-18 22:00:00,0.83520001,0.83560002,0.83480000,0.83545500
2024-11-18 23:00:00,0.83550000,0.83565003,0.83469999,0.83555001
2024-11-19 00:00:00,0.83539999,0.83719999,0.83527499,0.83710003
2024-11-19 01:00:00,0.83710003,0.83719999,0.83657998,0.83684999
2024-11-19 02:00:00,0.83670002,0.83685499,0.83630002,0.83652502
2024-11-19 03:00:00,0.83649999,0.83649999,0.83530003,0.83600003
2024-11-19 04:00:00,0.83609998,0.83635002,0.83579999,0.83620000
2024-11-19 05:00:00,0.83609998,0.83625001,0.83569998,0.83574498
2024-11-19 06:00:00,0.83585000,0.83635002,0.83564001,0.83569998
2024-11-19 07:00:00,0.83579999,0.83604997,0.83550000,0.83560002
2024-11-19 08:00:00,0.83563501,0.83625001,0.83550000,0.83590001
2024-11-19 09:00:00,0.83595002,0.83635002,0.83573997,0.83579999
2024-11-19 10:00:00,0.83579999,0.83614999,0.83560002,0.83560002
2024-11-19 11:00:00,0.83565003,0.83620000,0.83549500,0.83596498
2024-11-19 12:00:00,0.83594501,0.83606499,0.83560002,0.83569998
2024-11-19 13:00:00,0.83569998,0.83574998,0.83550000,0.83560002
2024-11-19 14:00:00,0.83550000,0.83565003,0.83530003,0.83539999
2024-11-19 15:00:00,0.83536500,0.83555001,0.83528501,0.83539999
2024-11-19 16:00:00,0.83530498,0.83574998,0.83530003,0.83539999
2024-11-19 17:00:00,0.83550000,0.83585000,0.83534497,0.83560002
2024-11-19 18:00:00,0.83560002,0.83574998,0.83467001,0.83469999
2024-11-19 19:00:00,0.83469999,0.83560002,0.83459997,0.83539999
2024-11-19 20:00:00,0.83530003,0.83560002,0.83329999,0.83560002
2024-11-19 21:00:00,0.83550000,0.83639997,0.83480000,0.83569998
2024-11-19 22:00:00,0.83579999,0.83604997,0.83499998,0.83579999
2024-11-19 23:00:00,0.83590001,0.83649999,0.83585000,0.83600003
2024-11-20 00:00:00,0.83609998,0.83759999,0.83590001,0.83710003
2024-11-20 01:00:00,0.83700001,0.83759999,0.83635002,0.83660001
2024-11-20 02:00:00,0.83649999,0.83679998,0.83560002,0.83587003
2024-11-20 03:00:00,0.83590001,0.83595502,0.83469999,0.83510000
2024-11-20 04:00:00,0.83520001,0.83570498,0.83469999,0.83490002
2024-11-20 05:00:00,0.83490002,0.83544999,0.83469999,0.83530003
2024-11-20 06:00:00,0.83530003,0.83585000,0.83490002,0.83565998
2024-11-20 07:00:00,0.83569998,0.83574998,0.83539999,0.83564001
2024-11-20 08:00:00,0.83560002,0.83569998,0.83529502,0.83551502
2024-11-20 09:00:00,0.83565003,0.83585000,0.83521003,0.83560002
2024-11-20 10:00:00,0.83560002,0.83595002,0.83544999,0.83569998
2024-11-20 11:00:00,0.83560002,0.83595002,0.83546501,0.83565003
2024-11-20 12:00:00,0.83550000,0.83560002,0.83520001,0.83539999
2024-11-20 13:00:00,0.83530003,0.83550000,0.83499998,0.83499998
2024-11-20 14:00:00,0.83499998,0.83525002,0.83499998,0.83499998
2024-11-20 15:00:00,0.83499998,0.83520001,0.83479500,0.83490002
2024-11-20 16:00:00,0.83515000,0.83515000,0.83450001,0.83468503
2024-11-20 17:00:00,0.83469999,0.83494997,0.83440000,0.83459997
2024-11-20 18:00:00,0.83510000,0.83510000,0.83270001,0.83329999
2024-11-20 19:00:00,0.83319998,0.83359998,0.83270001,0.83340001
2024-11-20 20:00:00,0.83340001,0.83370000,0.83289999,0.83319998
2024-11-20 21:00:00,0.83319998,0.83359998,0.83279997,0.83329999
2024-11-20 22:00:00,0.83319998,0.83405000,0.83315498,0.83350003
2024-11-20 23:00:00,0.83352500,0.83405000,0.83300000,0.83354503
2024-11-21 00:00:00,0.83350003,0.83405000,0.83279997,0.83300000
2024-11-21 01:00:00,0.83289999,0.83324999,0.83250499,0.83260000
2024-11-21 02:00:00,0.83254498,0.83280498,0.83134502,0.83160001
2024-11-21 03:00:00,0.83160001,0.83260000,0.83139998,0.83260000
2024-11-21 04:00:00,0.83249998,0.83296502,0.83200002,0.83240002
2024-11-21 05:00:00,0.83230001,0.83305001,0.83219999,0.83298498
2024-11-21 06:00:00,0.83296001,0.83354998,0.83289999,0.83340001
2024-11-21 07:00:00,0.83332503,0.83364999,0.83319998,0.83350003
2024-11-21 08:00:00,0.83340001,0.83354998,0.83319998,0.83340001
2024-11-21 09:00:00,0.83322001,0.83354998,0.83279502,0.83319998
2024-11-21 10:00:00,0.83329999,0.83364999,0.83329999,0.83329999
2024-11-21 11:00:00,0.83345002,0.83354998,0.83318502,0.83334500
2024-11-21 12:00:00,0.83329999,0.83364999,0.83328497,0.83340001
2024-11-21 13:00:00,0.83340001,0.83375001,0.83338499,0.83363497
2024-11-21 14:00:00,0.83365500,0.83385003,0.83354503,0.83368498
2024-11-21 15:00:00,0.83367503,0.83394998,0.83362502,0.83370000
2024-11-21 16:00:00,0.83380002,0.83405000,0.83367503,0.83370000
2024-11-21 17:00:00,0.83370000,0.83394998,0.83344501,0.83345997
2024-11-21 18:00:00,0.83350003,0.83385003,0.83279997,0.83289999
2024-11-21 19:00:00,0.83300000,0.83394998,0.83289999,0.83389997
2024-11-21 20:00:00,0.83389997,0.83424997,0.83240002,0.83254498
2024-11-21 21:00:00,0.83250499,0.83350003,0.83242500,0.83279997
2024-11-21 22:00:00,0.83289999,0.83289999,0.83209997,0.83249998
2024-11-21 23:00:00,0.83249998,0.83340001,0.83230001,0.83284497
2024-11-22 00:00:00,0.83279997,0.83319998,0.83213001,0.83270001
2024-11-22 01:00:00,0.83270001,0.83380002,0.83270001,0.83362502
2024-11-22 02:00:00,0.83370000,0.83370000,0.83279997,0.83296502
2024-11-22 03:00:00,0.83300000,0.83315003,0.83170003,0.83230001
2024-11-22 04:00:00,0.83219999,0.83249998,0.83179998,0.83231997
2024-11-22 05:00:00,0.83230001,0.83254999,0.83190000,0.83214998
2024-11-22 06:00:00,0.83209997,0.83225000,0.83170003,0.83195502
2024-11-22 07:00:00,0.83190000,0.83214998,0.83179998,0.83196998
2024-11-22 08:00:00,0.83200002,0.83244997,0.83190000,0.83203000
2024-11-22 09:00:00,0.83195001,0.83269501,0.83156502,0.83190000
2024-11-22 10:00:00,0.83190000,0.83230001,0.83170003,0.83190000
2024-11-22 11:00:00,0.83179998,0.83214998,0.83169001,0.83200002
2024-11-22 12:00:00,0.83200002,0.83206499,0.83170003,0.83190000
2024-11-22 13:00:00,0.83190000,0.83206499,0.83170003,0.83202499
2024-11-22 14:00:00,0.83203501,0.83254999,0.83184999,0.83249998
2024-11-22 15:00:00,0.83240002,0.83254999,0.83219999,0.83231997
2024-11-22 16:00:00,0.83240002,0.83270001,0.83230001,0.83250499
2024-11-22 17:00:00,0.83270001,0.83315003,0.83260000,0.83270001
2024-11-22 18:00:00,0.83370000,0.83450001,0.83310002,0.83406502
2024-11-22 19:00:00,0.83399999,0.83469999,0.83179998,0.83200002
2024-11-22 20:00:00,0.83190000,0.83289999,0.82679999,0.83139998
2024-11-22 21:00:00,0.83149999,0.83297002,0.83109999,0.83209997
2024-11-22 22:00:00,0.83209997,0.83275002,0.83190000,0.83260000
2024-11-22 23:00:00,0.83249998,0.83270001,0.83160001,0.83178502
2024-11-23 00:00:00,0.83179998,0.83340001,0.83170003,0.83300000
2024-11-23 01:00:00,0.83300000,0.83319998,0.83099997,0.83109999
2024-11-23 02:00:00,0.83120000,0.83160001,0.83048999,0.83109999
2024-11-23 03:00:00,0.83099997,0.83130002,0.83060002,0.83089000
2024-11-23 04:00:00,0.83086503,0.83174998,0.83069998,0.83149999
2024-11-23 05:00:00,0.83149999,0.83195001,0.83137500,0.83160001
2024-11-23 06:00:00,0.83160001,0.83184999,0.83090001,0.83120000
2024-11-23 07:00:00,0.83117503,0.83165002,0.83099997,0.83120000
2024-11-23 08:00:00,0.83115500,0.83165002,0.83085001,0.83165002
2024-11-25 09:00:00,0.83300000,0.83300000,0.83170003,0.83270001
2024-11-25 10:00:00,0.83209997,0.83370000,0.83170003,0.83209997
2024-11-25 11:00:00,0.83209997,0.83260000,0.83190000,0.83219999
2024-11-25 12:00:00,0.83209997,0.83240002,0.83179998,0.83179998
2024-11-25 13:00:00,0.83190000,0.83230001,0.83179998,0.83219999
2024-11-25 14:00:00,0.83219999,0.83240002,0.83190000,0.83200002
2024-11-25 15:00:00,0.83200002,0.83209997,0.83179998,0.83200002
2024-11-25 16:00:00,0.83190000,0.83240002,0.83170003,0.83200002
2024-11-25 17:00:00,0.83200002,0.83240002,0.83190000,0.83200002
2024-11-25 18:00:00,0.83190000,0.83209997,0.83090001,0.83139998
2024-11-25 19:00:00,0.83130002,0.83329999,0.83130002,0.83319998
2024-11-25 20:00:00,0.83319998,0.83459997,0.83300000,0.83440000
2024-11-25 21:00:00,0.83420002,0.83450001,0.83340001,0.83370000
2024-11-25 22:00:00,0.83359998,0.83399999,0.83340001,0.83399999
2024-11-25 23:00:00,0.83399999,0.83469999,0.83399999,0.83440000
2024-11-26 00:00:00,0.83440000,0.83520001,0.83429998,0.83469999
2024-11-26 01:00:00,0.83490002,0.83590001,0.83459997,0.83490002
2024-11-26 02:00:00,0.83499998,0.83609998,0.83450001,0.83569998
2024-11-26 03:00:00,0.83569998,0.83579999,0.83410001,0.83480000
2024-11-26 04:00:00,0.83480000,0.83539999,0.83469999,0.83530003
2024-11-26 05:00:00,0.83530003,0.83579999,0.83530003,0.83560002
2024-11-26 06:00:00,0.83560002,0.83569998,0.83539999,0.83550000
2024-11-26 07:00:00,0.83550000,0.83560002,0.83490002,0.83490002
2024-11-26 08:00:00,0.83490002,0.83530003,0.83490002,0.83510000
2024-11-26 09:00:00,0.83490002,0.83520001,0.83480000,0.83490002
2024-11-26 10:00:00,0.83510000,0.83550000,0.83340001,0.83340001
2024-11-26 11:00:00,0.83340001,0.83440000,0.83300000,0.83389997
2024-11-26 12:00:00,0.83389997,0.83480000,0.83380002,0.83459997
2024-11-26 13:00:00,0.83450001,0.83490002,0.83450001,0.83469999
2024-11-26 14:00:00,0.83469999,0.83520001,0.83469999,0.83490002
2024-11-26 15:00:00,0.83499998,0.83520001,0.83469999,0.83480000
2024-11-26 16:00:00,0.83490002,0.83490002,0.83469999,0.83469999
2024-11-26 17:00:00,0.83469999,0.83520001,0.83469999,0.83490002
2024-11-26 18:00:00,0.83499998,0.83539999,0.83469999,0.83480000
2024-11-26 19:00:00,0.83480000,0.83609998,0.83469999,0.83569998
2024-11-26 20:00:00,0.83569998,0.83639997,0.83550000,0.83569998
2024-11-26 21:00:00,0.83579999,0.83579999,0.83530003,0.83550000
2024-11-26 22:00:00,0.83550000,0.83590001,0.83530003,0.83550000
2024-11-26 23:00:00,0.83550000,0.83649999,0.83469999,0.83469999
2024-11-27 00:00:00,0.83480000,0.83530003,0.83450001,0.83469999
2024-11-27 01:00:00,0.83480000,0.83550000,0.83410001,0.83539999
2024-11-27 02:00:00,0.83539999,0.83590001,0.83380002,0.83420002
2024-11-27 03:00:00,0.83420002,0.83649999,0.83389997,0.83560002
2024-11-27 04:00:00,0.83539999,0.83550000,0.83469999,0.83520001
2024-11-27 05:00:00,0.83520001,0.83539999,0.83469999,0.83469999
2024-11-27 06:00:00,0.83480000,0.83550000,0.83450001,0.83469999
2024-11-27 07:00:00,0.83480000,0.83480000,0.83450001,0.83469999
2024-11-27 08:00:00,0.83459997,0.83480000,0.83450001,0.83450001
2024-11-27 09:00:00,0.83429998,0.83459997,0.83410001,0.83459997
2024-11-27 10:00:00,0.83450001,0.83459997,0.83420002,0.83450001
2024-11-27 11:00:00,0.83450001,0.83469999,0.83410001,0.83429998
2024-11-27 12:00:00,0.83429998,0.83440000,0.83389997,0.83399999
2024-11-27 13:00:00,0.83399999,0.83399999,0.83370000,0.83380002
2024-11-27 14:00:00,0.83380002,0.83389997,0.83359998,0.83380002
2024-11-27 15:00:00,0.83380002,0.83389997,0.83350003,0.83350003
2024-11-27 16:00:00,0.83350003,0.83370000,0.83350003,0.83370000
2024-11-27 17:00:00,0.83359998,0.83370000,0.83329999,0.83359998
2024-11-27 18:00:00,0.83340001,0.83399999,0.83340001,0.83370000
2024-11-27 19:00:00,0.83370000,0.83560002,0.83370000,0.83459997
2024-11-27 20:00:00,0.83450001,0.83499998,0.83389997,0.83450001
2024-11-27 21:00:00,0.83440000,0.83469999,0.83410001,0.83469999
2024-11-27 22:00:00,0.83459997,0.83480000,0.83399999,0.83469999
2024-11-27 23:00:00,0.83480000,0.83490002,0.83370000,0.83370000
2024-11-28 00:00:00,0.83370000,0.83520001,0.83370000,0.83499998
2024-11-28 01:00:00,0.83480000,0.83499998,0.83389997,0.83440000
2024-11-28 02:00:00,0.83420002,0.83440000,0.83370000,0.83380002
2024-11-28 03:00:00,0.83380002,0.83440000,0.83329999,0.83429998
2024-11-28 04:00:00,0.83410001,0.83459997,0.83389997,0.83450001
2024-11-28 05:00:00,0.83440000,0.83450001,0.83359998,0.83359998
2024-11-28 06:00:00,0.83359998,0.83370000,0.83340001,0.83359998
2024-11-28 07:00:00,0.83350003,0.83359998,0.83329999,0.83329999
2024-11-28 08:00:00,0.83329999,0.83350003,0.83319998,0.83329999
2024-11-28 09:00:00,0.83329999,0.83370000,0.83319998,0.83340001
2024-11-28 10:00:00,0.83340001,0.83350003,0.83310002,0.83310002
2024-11-28 11:00:00,0.83319998,0.83329999,0.83270001,0.83279997
2024-11-28 12:00:00,0.83279997,0.83340001,0.83270001,0.83300000
2024-11-28 13:00:00,0.83310002,0.83340001,0.83300000,0.83329999
2024-11-28 14:00:00,0.83329999,0.83350003,0.83319998,0.83329999
2024-11-28 15:00:00,0.83340001,0.83359998,0.83319998,0.83319998
2024-11-28 16:00:00,0.83329999,0.83350003,0.83300000,0.83310002
2024-11-28 17:00:00,0.83310002,0.83319998,0.83279997,0.83319998
2024-11-28 18:00:00,0.83310002,0.83340001,0.83270001,0.83319998
2024-11-28 19:00:00,0.83300000,0.83370000,0.83240002,0.83359998
2024-11-28 20:00:00,0.83350003,0.83389997,0.83249998,0.83249998
2024-11-28 21:00:00,0.83249998,0.83289999,0.83249998,0.83289999
2024-11-28 22:00:00,0.83300000,0.83319998,0.83270001,0.83289999
2024-11-28 23:00:00,0.83279997,0.83340001,0.83249998,0.83260000
2024-11-29 00:00:00,0.83249998,0.83260000,0.83170003,0.83179998
2024-11-29 01:00:00,0.83179998,0.83240002,0.83149999,0.83219999
2024-11-29 02:00:00,0.83230001,0.83260000,0.83170003,0.83200002
2024-11-29 03:00:00,0.83209997,0.83230001,0.83170003,0.83179998
2024-11-29 04:00:00,0.83190000,0.83190000,0.83170003,0.83170003
2024-11-29 05:00:00,0.83179998,0.83200002,0.83170003,0.83200002
2024-11-29 06:00:00,0.83200002,0.83200002,0.83179998,0.83190000
2024-11-29 07:00:00,0.83190000,0.83200002,0.83179998,0.83190000
2024-11-29 08:00:00,0.83190000,0.83200002,0.83179998,0.83190000
2024-11-29 09:00:00,0.83170003,0.83209997,0.83160001,0.83160001
2024-11-29 10:00:00,0.83170003,0.83219999,0.83170003,0.83179998
2024-11-29 11:00:00,0.83179998,0.83230001,0.83160001,0.83170003
2024-11-29 12:00:00,0.83160001,0.83190000,0.83120000,0.83130002
2024-11-29 13:00:00,0.83130002,0.83190000,0.83130002,0.83179998
2024-11-29 14:00:00,0.83179998,0.83179998,0.83139998,0.83170003
2024-11-29 15:00:00,0.83170003,0.83170003,0.83139998,0.83170003
2024-11-29 16:00:00,0.83160001,0.83179998,0.83160001,0.83170003
2024-11-29 17:00:00,0.83170003,0.83179998,0.83139998,0.83160001
2024-11-29 18:00:00,0.83149999,0.83170003,0.83050001,0.83160001
2024-11-29 19:00:00,0.83149999,0.83209997,0.83130002,0.83200002
2024-11-29 20:00:00,0.83200002,0.83240002,0.83149999,0.83170003
2024-11-29 21:00:00,0.83179998,0.83319998,0.83179998,0.83209997
2024-11-29 22:00:00,0.83219999,0.83249998,0.83170003,0.83179998
2024-11-29 23:00:00,0.83179998,0.83190000,0.83139998,0.83179998
2024-11-30 00:00:00,0.83190000,0.83270001,0.83170003,0.83270001
2024-11-30 01:00:00,0.83260000,0.83270001,0.83130002,0.83170003
2024-11-30 02:00:00,0.83170003,0.83200002,0.83090001,0.83090001
2024-11-30 03:00:00,0.83109999,0.83120000,0.83060002,0.83069998
2024-11-30 04:00:00,0.83060002,0.83090001,0.83029997,0.83060002
2024-11-30 05:00:00,0.83050001,0.83090001,0.83029997,0.83080000
2024-11-30 06:00:00,0.83090001,0.83090001,0.83050001,0.83060002
2024-11-30 07:00:00,0.83060002,0.83060002,0.83020002,0.83029997
2024-11-30 08:00:00,0.83029997,0.83080000,0.83010000,0.83039999
2024-12-02 09:00:00,0.83060002,0.83090001,0.82969999,0.82999998
2024-12-02 10:00:00,0.82980001,0.83050001,0.82959998,0.83020002
2024-12-02 11:00:00,0.83010000,0.83039999,0.82969999,0.82999998
2024-12-02 12:00:00,0.82999998,0.83020002,0.82969999,0.82980001
2024-12-02 13:00:00,0.82980001,0.82980001,0.82950002,0.82950002
2024-12-02 14:00:00,0.82950002,0.82959998,0.82920003,0.82929999
2024-12-02 15:00:00,0.82940000,0.82950002,0.82910001,0.82929999
2024-12-02 16:00:00,0.82920003,0.82950002,0.82900000,0.82950002
2024-12-02 17:00:00,0.82940000,0.82959998,0.82900000,0.82900000
2024-12-02 18:00:00,0.82910001,0.82929999,0.82810003,0.82810003
2024-12-02 19:00:00,0.82819998,0.82830000,0.82700002,0.82730001
2024-12-02 20:00:00,0.82730001,0.82800001,0.82730001,0.82760000
2024-12-02 21:00:00,0.82760000,0.82810003,0.82700002,0.82810003
2024-12-02 22:00:00,0.82810003,0.82830000,0.82740003,0.82779998
2024-12-02 23:00:00,0.82789999,0.82900000,0.82789999,0.82900000
2024-12-03 00:00:00,0.82889998,0.82929999,0.82800001,0.82830000
2024-12-03 01:00:00,0.82840002,0.82940000,0.82800001,0.82889998
2024-12-03 02:00:00,0.82900000,0.82980001,0.82849997,0.82910001
2024-12-03 03:00:00,0.82910001,0.82999998,0.82870001,0.82959998
2024-12-03 04:00:00,0.82969999,0.82980001,0.82929999,0.82950002
2024-12-03 05:00:00,0.82940000,0.82969999,0.82940000,0.82959998
2024-12-03 06:00:00,0.82950002,0.82969999,0.82920003,0.82929999
2024-12-03 07:00:00,0.82929999,0.83010000,0.82929999,0.82980001
2024-12-03 08:00:00,0.82969999,0.82980001,0.82959998,0.82959998
2024-12-03 09:00:00,0.82969999,0.82969999,0.82929999,0.82950002
2024-12-03 10:00:00,0.82959998,0.82969999,0.82950002,0.82959998
2024-12-03 11:00:00,0.82959998,0.82959998,0.82920003,0.82940000
2024-12-03 12:00:00,0.82929999,0.82950002,0.82920003,0.82929999
2024-12-03 13:00:00,0.82940000,0.82969999,0.82920003,0.82959998
2024-12-03 14:00:00,0.82959998,0.82980001,0.82950002,0.82950002
2024-12-03 15:00:00,0.82959998,0.82959998,0.82920003,0.82929999
2024-12-03 16:00:00,0.82929999,0.82959998,0.82920003,0.82959998
2024-12-03 17:00:00,0.82950002,0.82950002,0.82889998,0.82920003
2024-12-03 18:00:00,0.82900000,0.82959998,0.82880002,0.82900000
2024-12-03 19:00:00,0.82910001,0.82969999,0.82870001,0.82950002
2024-12-03 20:00:00,0.82940000,0.82999998,0.82910001,0.82980001
2024-12-03 21:00:00,0.82990003,0.83060002,0.82959998,0.83020002
2024-12-03 22:00:00,0.83020002,0.83099997,0.83020002,0.83090001
2024-12-03 23:00:00,0.83099997,0.83130002,0.83069998,0.83090001
2024-12-04 00:00:00,0.83090001,0.83130002,0.83039999,0.83060002
2024-12-04 01:00:00,0.83069998,0.83130002,0.83039999,0.83069998
2024-12-04 02:00:00,0.83060002,0.83069998,0.82999998,0.83050001
2024-12-04 03:00:00,0.83060002,0.83060002,0.82969999,0.82980001
2024-12-04 04:00:00,0.82969999,0.83029997,0.82940000,0.82950002
2024-12-04 05:00:00,0.82950002,0.82990003,0.82920003,0.82929999
2024-12-04 06:00:00,0.82920003,0.82950002,0.82910001,0.82929999
2024-12-04 07:00:00,0.82920003,0.82950002,0.82910001,0.82929999
2024-12-04 08:00:00,0.82929999,0.82950002,0.82920003,0.82920003
2024-12-04 09:00:00,0.82929999,0.82940000,0.82910001,0.82929999
2024-12-04 10:00:00,0.82929999,0.82940000,0.82920003,0.82929999
2024-12-04 11:00:00,0.82929999,0.82929999,0.82889998,0.82920003
2024-12-04 12:00:00,0.82910001,0.82959998,0.82900000,0.82940000
2024-12-04 13:00:00,0.82950002,0.82950002,0.82900000,0.82920003
2024-12-04 14:00:00,0.82920003,0.82929999,0.82889998,0.82910001
2024-12-04 15:00:00,0.82920003,0.82959998,0.82889998,0.82900000
2024-12-04 16:00:00,0.82900000,0.82910001,0.82859999,0.82859999
2024-12-04 17:00:00,0.82849997,0.82900000,0.82849997,0.82870001
2024-12-04 18:00:00,0.82870001,0.82920003,0.82859999,0.82859999
2024-12-04 19:00:00,0.82859999,0.82880002,0.82789999,0.82789999
2024-12-04 20:00:00,0.82789999,0.83020002,0.82770002,0.82859999
2024-12-04 21:00:00,0.82849997,0.82900000,0.82810003,0.82900000
2024-12-04 22:00:00,0.82889998,0.82929999,0.82830000,0.82849997
2024-12-04 23:00:00,0.82840002,0.82859999,0.82800001,0.82840002
2024-12-05 00:00:00,0.82830000,0.82849997,0.82740003,0.82749999
2024-12-05 01:00:00,0.82740003,0.82849997,0.82690001,0.82810003
2024-12-05 02:00:00,0.82800001,0.82959998,0.82779998,0.82859999
2024-12-05 03:00:00,0.82849997,0.82870001,0.82789999,0.82830000
2024-12-05 04:00:00,0.82819998,0.82900000,0.82810003,0.82859999
2024-12-05 05:00:00,0.82859999,0.82870001,0.82830000,0.82859999
2024-12-05 06:00:00,0.82849997,0.82859999,0.82779998,0.82779998
2024-12-05 07:00:00,0.82779998,0.82789999,0.82760000,0.82760000
2024-12-05 08:00:00,0.82760000,0.82770002,0.82760000,0.82760000
2024-12-05 09:00:00,0.82749999,0.82760000,0.82740003,0.82740003
2024-12-05 10:00:00,0.82740003,0.82770002,0.82740003,0.82770002
2024-12-05 11:00:00,0.82770002,0.82810003,0.82760000,0.82800001
2024-12-05 12:00:00,0.82800001,0.82810003,0.82770002,0.82789999
2024-12-05 13:00:00,0.82800001,0.82800001,0.82770002,0.82789999
2024-12-05 14:00:00,0.82800001,0.82800001,0.82779998,0.82789999
2024-12-05 15:00:00,0.82800001,0.82810003,0.82779998,0.82800001
2024-12-05 16:00:00,0.82789999,0.82810003,0.82789999,0.82789999
2024-12-05 17:00:00,0.82789999,0.82789999,0.82760000,0.82770002
2024-12-05 18:00:00,0.82779998,0.82800001,0.82730001,0.82760000
2024-12-05 19:00:00,0.82760000,0.82779998,0.82730001,0.82740003
2024-12-05 20:00:00,0.82730001,0.82789999,0.82730001,0.82760000
2024-12-05 21:00:00,0.82760000,0.82789999,0.82749999,0.82760000
2024-12-05 22:00:00,0.82749999,0.82770002,0.82740003,0.82760000
2024-12-05 23:00:00,0.82760000,0.82830000,0.82760000,0.82779998
2024-12-06 00:00:00,0.82789999,0.82889998,0.82770002,0.82870001
2024-12-06 01:00:00,0.82870001,0.82950002,0.82859999,0.82880002
2024-12-06 02:00:00,0.82889998,0.82910001,0.82810003,0.82880002
2024-12-06 03:00:00,0.82880002,0.82889998,0.82849997,0.82870001
2024-12-06 04:00:00,0.82889998,0.82910001,0.82859999,0.82900000
2024-12-06 05:00:00,0.82910001,0.82950002,0.82900000,0.82950002
2024-12-06 06:00:00,0.82959998,0.82990003,0.82950002,0.82990003
2024-12-06 07:00:00,0.82990003,0.83010000,0.82969999,0.82999998
2024-12-06 08:00:00,0.82999998,0.83010000,0.82969999,0.82969999
2024-12-06 09:00:00,0.82990003,0.82990003,0.82959998,0.82969999
2024-12-06 10:00:00,0.82959998,0.82980001,0.82959998,0.82959998
2024-12-06 11:00:00,0.82959998,0.82959998,0.82940000,0.82950002
2024-12-06 12:00:00,0.82950002,0.82959998,0.82929999,0.82929999
2024-12-06 13:00:00,0.82929999,0.82959998,0.82929999,0.82959998
2024-12-06 14:00:00,0.82959998,0.82959998,0.82929999,0.82950002
2024-12-06 15:00:00,0.82950002,0.82959998,0.82950002,0.82959998
2024-12-06 16:00:00,0.82959998,0.82959998,0.82950002,0.82959998
2024-12-06 17:00:00,0.82950002,0.82969999,0.82950002,0.82959998
2024-12-06 18:00:00,0.82959998,0.82959998,0.82880002,0.82929999
2024-12-06 19:00:00,0.82920003,0.82940000,0.82880002,0.82929999
2024-12-06 20:00:00,0.82929999,0.82940000,0.82859999,0.82900000
2024-12-06 21:00:00,0.82900000,0.82950002,0.82880002,0.82929999
2024-12-06 22:00:00,0.82929999,0.82950002,0.82889998,0.82900000
2024-12-06 23:00:00,0.82900000,0.82910001,0.82859999,0.82859999
2024-12-07 00:00:00,0.82870001,0.82999998,0.82859999,0.82870001
2024-12-07 01:00:00,0.82880002,0.82929999,0.82789999,0.82900000
2024-12-07 02:00:00,0.82910001,0.82929999,0.82840002,0.82889998
2024-12-07 03:00:00,0.82889998,0.82950002,0.82880002,0.82889998
2024-12-07 04:00:00,0.82880002,0.82940000,0.82880002,0.82889998
2024-12-07 05:00:00,0.82889998,0.82910001,0.82859999,0.82870001
2024-12-07 06:00:00,0.82880002,0.82880002,0.82859999,0.82870001
2024-12-07 07:00:00,0.82880002,0.82929999,0.82870001,0.82929999
2024-12-07 08:00:00,0.82929999,0.82950002,0.82920003,0.82950002
2024-12-09 09:00:00,0.82889998,0.82920003,0.82840002,0.82889998
2024-12-09 10:00:00,0.82870001,0.82910001,0.82870001,0.82880002
2024-12-09 11:00:00,0.82880002,0.82889998,0.82859999,0.82870001
2024-12-09 12:00:00,0.82870001,0.82870001,0.82840002,0.82840002
2024-12-09 13:00:00,0.82849997,0.82859999,0.82830000,0.82859999
2024-12-09 14:00:00,0.82849997,0.82859999,0.82810003,0.82810003
2024-12-09 15:00:00,0.82830000,0.82840002,0.82800001,0.82830000
2024-12-09 16:00:00,0.82840002,0.82849997,0.82810003,0.82849997
2024-12-09 17:00:00,0.82840002,0.82849997,0.82810003,0.82830000
2024-12-09 18:00:00,0.82819998,0.82849997,0.82740003,0.82770002
2024-12-09 19:00:00,0.82770002,0.82779998,0.82740003,0.82760000
2024-12-09 20:00:00,0.82760000,0.82770002,0.82730001,0.82749999
2024-12-09 21:00:00,0.82749999,0.82849997,0.82749999,0.82840002
2024-12-09 22:00:00,0.82830000,0.82840002,0.82760000,0.82789999
2024-12-09 23:00:00,0.82800001,0.82830000,0.82749999,0.82810003
2024-12-10 00:00:00,0.82830000,0.82830000,0.82720000,0.82770002
2024-12-10 01:00:00,0.82770002,0.82859999,0.82760000,0.82779998
2024-12-10 02:00:00,0.82789999,0.82789999,0.82690001,0.82760000
2024-12-10 03:00:00,0.82770002,0.82779998,0.82700002,0.82709998
2024-12-10 04:00:00,0.82720000,0.82760000,0.82700002,0.82749999
2024-12-10 05:00:00,0.82740003,0.82760000,0.82740003,0.82749999
2024-12-10 06:00:00,0.82749999,0.82770002,0.82740003,0.82770002
2024-12-10 07:00:00,0.82760000,0.82770002,0.82760000,0.82760000
2024-12-10 08:00:00,0.82760000,0.82789999,0.82760000,0.82760000
2024-12-10 09:00:00,0.82760000,0.82800001,0.82760000,0.82789999
2024-12-10 10:00:00,0.82779998,0.82800001,0.82779998,0.82779998
2024-12-10 11:00:00,0.82770002,0.82779998,0.82760000,0.82770002
2024-12-10 12:00:00,0.82779998,0.82789999,0.82760000,0.82779998
2024-12-10 13:00:00,0.82789999,0.82830000,0.82779998,0.82810003
2024-12-10 14:00:00,0.82819998,0.82840002,0.82800001,0.82810003
2024-12-10 15:00:00,0.82819998,0.82830000,0.82800001,0.82819998
2024-12-10 16:00:00,0.82810003,0.82830000,0.82810003,0.82810003
2024-12-10 17:00:00,0.82810003,0.82830000,0.82789999,0.82810003
2024-12-10 18:00:00,0.82800001,0.82810003,0.82770002,0.82789999
2024-12-10 19:00:00,0.82789999,0.82789999,0.82700002,0.82700002
2024-12-10 20:00:00,0.82700002,0.82720000,0.82560003,0.82560003
2024-12-10 21:00:00,0.82560003,0.82580000,0.82499999,0.82529998
2024-12-10 22:00:00,0.82510000,0.82550001,0.82499999,0.82550001
2024-12-10 23:00:00,0.82550001,0.82580000,0.82529998,0.82560003
2024-12-11 00:00:00,0.82560003,0.82560003,0.82480001,0.82539999
2024-12-11 01:00:00,0.82529998,0.82569999,0.82489997,0.82560003
2024-12-11 02:00:00,0.82550001,0.82569999,0.82450002,0.82459998
2024-12-11 03:00:00,0.82459998,0.82470000,0.82389998,0.82419997
2024-12-11 04:00:00,0.82410002,0.82459998,0.82389998,0.82459998
2024-12-11 05:00:00,0.82450002,0.82489997,0.82450002,0.82459998
2024-12-11 06:00:00,0.82459998,0.82470000,0.82400000,0.82400000
2024-12-11 07:00:00,0.82419997,0.82440001,0.82400000,0.82419997
2024-12-11 08:00:00,0.82429999,0.82429999,0.82400000,0.82429999
2024-12-11 09:00:00,0.82429999,0.82450002,0.82419997,0.82440001
2024-12-11 10:00:00,0.82440001,0.82440001,0.82400000,0.82400000
2024-12-11 11:00:00,0.82410002,0.82440001,0.82400000,0.82419997
2024-12-11 12:00:00,0.82419997,0.82450002,0.82419997,0.82450002
2024-12-11 13:00:00,0.82440001,0.82459998,0.82440001,0.82459998
2024-12-11 14:00:00,0.82450002,0.82459998,0.82419997,0.82429999
2024-12-11 15:00:00,0.82429999,0.82440001,0.82419997,0.82440001
2024-12-11 16:00:00,0.82440001,0.82450002,0.82429999,0.82450002
2024-12-11 17:00:00,0.82440001,0.82459998,0.82429999,0.82450002
2024-12-11 18:00:00,0.82440001,0.82459998,0.82359999,0.82370001
2024-12-11 19:00:00,0.82389998,0.82440001,0.82359999,0.82410002
2024-12-11 20:00:00,0.82410002,0.82499999,0.82389998,0.82480001
2024-12-11 21:00:00,0.82480001,0.82520002,0.82470000,0.82470000
2024-12-11 22:00:00,0.82489997,0.82510000,0.82450002,0.82470000
2024-12-11 23:00:00,0.82459998,0.82520002,0.82429999,0.82429999
2024-12-12 00:00:00,0.82440001,0.82520002,0.82400000,0.82419997
2024-12-12 01:00:00,0.82410002,0.82429999,0.82309997,0.82330000
2024-12-12 02:00:00,0.82330000,0.82340002,0.82260001,0.82330000
2024-12-12 03:00:00,0.82319999,0.82359999,0.82270002,0.82349998
2024-12-12 04:00:00,0.82359999,0.82359999,0.82279998,0.82300001
2024-12-12 05:00:00,0.82300001,0.82330000,0.82279998,0.82330000
2024-12-12 06:00:00,0.82330000,0.82340002,0.82309997,0.82319999
2024-12-12 07:00:00,0.82319999,0.82330000,0.82309997,0.82319999
2024-12-12 08:00:00,0.82319999,0.82340002,0.82319999,0.82330000
2024-12-12 09:00:00,0.82319999,0.82349998,0.82290000,0.82340002
2024-12-12 10:00:00,0.82330000,0.82349998,0.82290000,0.82290000
2024-12-12 11:00:00,0.82309997,0.82330000,0.82270002,0.82290000
2024-12-12 12:00:00,0.82290000,0.82290000,0.82270002,0.82279998
2024-12-12 13:00:00,0.82290000,0.82309997,0.82279998,0.82290000
2024-12-12 14:00:00,0.82290000,0.82290000,0.82270002,0.82290000
2024-12-12 15:00:00,0.82300001,0.82330000,0.82290000,0.82330000
2024-12-12 16:00:00,0.82319999,0.82319999,0.82290000,0.82309997
2024-12-12 17:00:00,0.82309997,0.82340002,0.82290000,0.82340002
2024-12-12 18:00:00,0.82330000,0.82400000,0.82319999,0.82389998
2024-12-12 19:00:00,0.82400000,0.82400000,0.82340002,0.82359999
2024-12-12 20:00:00,0.82349998,0.82400000,0.82340002,0.82370001
2024-12-12 21:00:00,0.82380003,0.82389998,0.82349998,0.82359999
2024-12-12 22:00:00,0.82359999,0.82440001,0.82359999,0.82440001
2024-12-12 23:00:00,0.82440001,0.82489997,0.82410002,0.82419997
2024-12-13 00:00:00,0.82429999,0.82459998,0.82319999,0.82359999
2024-12-13 01:00:00,0.82370001,0.82630002,0.82359999,0.82609999
2024-12-13 02:00:00,0.82609999,0.82730001,0.82529998,0.82539999
2024-12-13 03:00:00,0.82529998,0.82700002,0.82529998,0.82690001
2024-12-13 04:00:00,0.82700002,0.82700002,0.82650000,0.82660002
2024-12-13 05:00:00,0.82660002,0.82679999,0.82599998,0.82639998
2024-12-13 06:00:00,0.82639998,0.82660002,0.82609999,0.82660002
2024-12-13 07:00:00,0.82650000,0.82660002,0.82590002,0.82630002
2024-12-13 08:00:00,0.82620001,0.82650000,0.82590002,0.82599998
2024-12-13 09:00:00,0.82580000,0.82609999,0.82569999,0.82599998
2024-12-13 10:00:00,0.82609999,0.82630002,0.82560003,0.82620001
2024-12-13 11:00:00,0.82630002,0.82690001,0.82609999,0.82660002
2024-12-13 12:00:00,0.82660002,0.82669997,0.82620001,0.82630002
2024-12-13 13:00:00,0.82630002,0.82639998,0.82599998,0.82609999
2024-12-13 14:00:00,0.82599998,0.82639998,0.82599998,0.82609999
2024-12-13 15:00:00,0.82620001,0.82639998,0.82609999,0.82630002
2024-12-13 16:00:00,0.82630002,0.82650000,0.82630002,0.82639998
2024-12-13 17:00:00,0.82639998,0.82650000,0.82630002,0.82639998
2024-12-13 18:00:00,0.82660002,0.82859999,0.82660002,0.82849997
2024-12-13 19:00:00,0.82810003,0.82929999,0.82810003,0.82900000
2024-12-13 20:00:00,0.82900000,0.82990003,0.82859999,0.82959998
2024-12-13 21:00:00,0.82959998,0.83010000,0.82920003,0.82950002
2024-12-13 22:00:00,0.82940000,0.82959998,0.82920003,0.82959998
2024-12-13 23:00:00,0.82950002,0.83060002,0.82950002,0.83050001
2024-12-14 00:00:00,0.83050001,0.83120000,0.82980001,0.82990003
2024-12-14 01:00:00,0.82980001,0.83020002,0.82950002,0.83020002
2024-12-14 02:00:00,0.83020002,0.83170003,0.83020002,0.83160001
2024-12-14 03:00:00,0.83160001,0.83170003,0.83120000,0.83149999
2024-12-14 04:00:00,0.83149999,0.83170003,0.83130002,0.83170003
2024-12-14 05:00:00,0.83170003,0.83170003,0.83130002,0.83149999
2024-12-14 06:00:00,0.83149999,0.83190000,0.83149999,0.83179998
2024-12-14 07:00:00,0.83190000,0.83200002,0.83170003,0.83179998
2024-12-14 08:00:00,0.83179998,0.83230001,0.83170003,0.83209997
2024-12-16 09:00:00,0.83160001,0.83244997,0.83095002,0.83200002
2024-12-16 10:00:00,0.83209997,0.83249998,0.83200002,0.83235002
2024-12-16 11:00:00,0.83235002,0.83275002,0.83219999,0.83270001
2024-12-16 12:00:00,0.83265001,0.83284998,0.83240002,0.83260000
2024-12-16 13:00:00,0.83260000,0.83260000,0.83209997,0.83225000
2024-12-16 14:00:00,0.83225000,0.83240002,0.83205003,0.83209997
2024-12-16 15:00:00,0.83219999,0.83240002,0.83200002,0.83230001
2024-12-16 16:00:00,0.83225000,0.83260000,0.83214998,0.83249998
2024-12-16 17:00:00,0.83249998,0.83260000,0.83205003,0.83219999
2024-12-16 18:00:00,0.83214998,0.83240002,0.83149999,0.83155000
2024-12-16 19:00:00,0.83155000,0.83230001,0.83099997,0.83144999
2024-12-16 20:00:00,0.83170003,0.83170003,0.82959998,0.83010000
2024-12-16 21:00:00,0.83029997,0.83039999,0.82940000,0.82955003
2024-12-16 22:00:00,0.82945001,0.82980001,0.82900000,0.82945001
2024-12-16 23:00:00,0.82940000,0.83020002,0.82915002,0.82924998
2024-12-17 00:00:00,0.82920003,0.82980001,0.82920003,0.82964998
2024-12-17 01:00:00,0.82964998,0.82969999,0.82849997,0.82875001
2024-12-17 02:00:00,0.82870001,0.82889998,0.82775003,0.82800001
2024-12-17 03:00:00,0.82789999,0.82859999,0.82725000,0.82849997
2024-12-17 04:00:00,0.82849997,0.82880002,0.82810003,0.82880002
2024-12-17 05:00:00,0.82880002,0.82889998,0.82805002,0.82854998
2024-12-17 06:00:00,0.82859999,0.82884997,0.82840002,0.82859999
2024-12-17 07:00:00,0.82859999,0.82870001,0.82840002,0.82854998
2024-12-17 08:00:00,0.82854998,0.82889998,0.82849997,0.82880002
2024-12-17 09:00:00,0.82884997,0.82900000,0.82849997,0.82865000
2024-12-17 10:00:00,0.82870001,0.82880002,0.82854998,0.82875001
2024-12-17 11:00:00,0.82870001,0.82959998,0.82845002,0.82950002
2024-12-17 12:00:00,0.82945001,0.82945001,0.82889998,0.82910001
2024-12-17 13:00:00,0.82910001,0.82929999,0.82880002,0.82884997
2024-12-17 14:00:00,0.82889998,0.82905000,0.82870001,0.82884997
2024-12-17 15:00:00,0.82889998,0.82889998,0.82854998,0.82875001
2024-12-17 16:00:00,0.82875001,0.82905000,0.82870001,0.82880002
2024-12-17 17:00:00,0.82884997,0.82894999,0.82859999,0.82884997
2024-12-17 18:00:00,0.82849997,0.82859999,0.82639998,0.82669997
2024-12-17 19:00:00,0.82669997,0.82704997,0.82620001,0.82639998
2024-12-17 20:00:00,0.82639998,0.82665002,0.82580000,0.82639998
2024-12-17 21:00:00,0.82639998,0.82730001,0.82599998,0.82615000
2024-12-17 22:00:00,0.82625002,0.82650000,0.82580000,0.82620001
2024-12-17 23:00:00,0.82615000,0.82660002,0.82580000,0.82655001
2024-12-18 00:00:00,0.82650000,0.82704997,0.82620001,0.82700002
2024-12-18 01:00:00,0.82700002,0.82830000,0.82690001,0.82749999
2024-12-18 02:00:00,0.82770002,0.82800001,0.82580000,0.82595003
2024-12-18 03:00:00,0.82604998,0.82650000,0.82580000,0.82609999
2024-12-18 04:00:00,0.82604998,0.82639998,0.82510000,0.82545000
2024-12-18 05:00:00,0.82550001,0.82560003,0.82489997,0.82525003
2024-12-18 06:00:00,0.82520002,0.82529998,0.82489997,0.82510000
2024-12-18 07:00:00,0.82520002,0.82550001,0.82499999,0.82534999
2024-12-18 08:00:00,0.82529998,0.82545000,0.82515001,0.82539999
2024-12-18 09:00:00,0.82539999,0.82574999,0.82499999,0.82545000
2024-12-18 10:00:00,0.82539999,0.82569999,0.82529998,0.82564998
2024-12-18 11:00:00,0.82569999,0.82615000,0.82560003,0.82590002
2024-12-18 12:00:00,0.82595003,0.82639998,0.82590002,0.82620001
2024-12-18 13:00:00,0.82625002,0.82674998,0.82615000,0.82669997
2024-12-18 14:00:00,0.82660002,0.82695001,0.82650000,0.82685000
2024-12-18 15:00:00,0.82690001,0.82704997,0.82669997,0.82685000
2024-12-18 16:00:00,0.82685000,0.82700002,0.82660002,0.82679999
2024-12-18 17:00:00,0.82679999,0.82704997,0.82660002,0.82669997
2024-12-18 18:00:00,0.82660002,0.82779998,0.82644999,0.82704997
2024-12-18 19:00:00,0.82700002,0.82760000,0.82685000,0.82709998
2024-12-18 20:00:00,0.82709998,0.82760000,0.82674998,0.82709998
2024-12-18 21:00:00,0.82704997,0.82720000,0.82510000,0.82550001
2024-12-18 22:00:00,0.82550001,0.82615000,0.82534999,0.82595003
2024-12-18 23:00:00,0.82609999,0.82620001,0.82520002,0.82550001
2024-12-19 00:00:00,0.82560003,0.82669997,0.82505000,0.82660002
2024-12-19 01:00:00,0.82674998,0.82730001,0.82595003,0.82644999
2024-12-19 02:00:00,0.82660002,0.82660002,0.82505000,0.82510000
2024-12-19 03:00:00,0.82520002,0.82580000,0.82450002,0.82475001
2024-12-19 04:00:00,0.82475001,0.82499999,0.82429999,0.82445002
2024-12-19 05:00:00,0.82450002,0.82520002,0.82450002,0.82480001
2024-12-19 06:00:00,0.82459998,0.82550001,0.82345003,0.82400000
2024-12-19 07:00:00,0.82380003,0.82440001,0.82295001,0.82415003
2024-12-19 08:00:00,0.82419997,0.82440001,0.82314998,0.82335001
2024-12-19 09:00:00,0.82335001,0.82375002,0.82284999,0.82340002
2024-12-19 10:00:00,0.82340002,0.82389998,0.82340002,0.82349998
2024-12-19 11:00:00,0.82359999,0.82475001,0.82349998,0.82450002
2024-12-19 12:00:00,0.82445002,0.82459998,0.82415003,0.82435000
2024-12-19 13:00:00,0.82429999,0.82494998,0.82415003,0.82489997
2024-12-19 14:00:00,0.82480001,0.82494998,0.82435000,0.82454997
2024-12-19 15:00:00,0.82450002,0.82485002,0.82445002,0.82464999
2024-12-19 16:00:00,0.82464999,0.82499999,0.82454997,0.82494998
2024-12-19 17:00:00,0.82480001,0.82489997,0.82429999,0.82435000
2024-12-19 18:00:00,0.82435000,0.82539999,0.82410002,0.82410002
2024-12-19 19:00:00,0.82419997,0.82464999,0.82279998,0.82295001
2024-12-19 20:00:00,0.82295001,0.82375002,0.82230002,0.82230002
2024-12-19 21:00:00,0.82249999,0.82349998,0.82235003,0.82335001
2024-12-19 22:00:00,0.82330000,0.82394999,0.82325000,0.82365000
2024-12-19 23:00:00,0.82359999,0.82660002,0.82359999,0.82394999
2024-12-20 00:00:00,0.82389998,0.82604998,0.82389998,0.82580000
2024-12-20 01:00:00,0.82590002,0.82679999,0.82560003,0.82639998
2024-12-20 02:00:00,0.82650000,0.82760000,0.82630002,0.82695001
2024-12-20 03:00:00,0.82700002,0.82730001,0.82634997,0.82669997
2024-12-20 04:00:00,0.82660002,0.82859999,0.82660002,0.82819998
2024-12-20 05:00:00,0.82830000,0.82859999,0.82800001,0.82800001
2024-12-20 06:00:00,0.82810003,0.82870001,0.82795000,0.82859999
2024-12-20 07:00:00,0.82859999,0.82929999,0.82845002,0.82924998
2024-12-20 08:00:00,0.82924998,0.82940000,0.82880002,0.82894999
2024-12-20 09:00:00,0.82870001,0.82905000,0.82854998,0.82875001
2024-12-20 10:00:00,0.82889998,0.82940000,0.82880002,0.82934999
2024-12-20 11:00:00,0.82940000,0.82999998,0.82915002,0.82985002
2024-12-20 12:00:00,0.82980001,0.82990003,0.82920003,0.82975000
2024-12-20 13:00:00,0.82975000,0.83004999,0.82964998,0.82999998
2024-12-20 14:00:00,0.82994998,0.83050001,0.82985002,0.83025002
2024-12-20 15:00:00,0.83025002,0.83039999,0.82975000,0.82990003
2024-12-20 16:00:00,0.82990003,0.83029997,0.82980001,0.83020002
2024-12-20 17:00:00,0.83015001,0.83020002,0.82880002,0.82959998
2024-12-20 18:00:00,0.82959998,0.83074999,0.82945001,0.83034998
2024-12-20 19:00:00,0.83039999,0.83139998,0.83029997,0.83090001
2024-12-20 20:00:00,0.83095002,0.83099997,0.83010000,0.83050001
2024-12-20 21:00:00,0.83039999,0.83085001,0.82959998,0.83074999
2024-12-20 22:00:00,0.83069998,0.83130002,0.83034998,0.83095002
2024-12-20 23:00:00,0.83090001,0.83130002,0.83029997,0.83069998
2024-12-21 00:00:00,0.83064997,0.83069998,0.82870001,0.82900000
2024-12-21 01:00:00,0.82900000,0.82905000,0.82779998,0.82830000
2024-12-21 02:00:00,0.82819998,0.82929999,0.82779998,0.82905000
2024-12-21 03:00:00,0.82905000,0.82940000,0.82810003,0.82859999
2024-12-21 04:00:00,0.82859999,0.82859999,0.82704997,0.82740003
2024-12-21 05:00:00,0.82744998,0.82894999,0.82725000,0.82859999
2024-12-21 06:00:00,0.82870001,0.82905000,0.82819998,0.82900000
2024-12-21 07:00:00,0.82905000,0.82950002,0.82870001,0.82950002
2024-12-21 08:00:00,0.82940000,0.82994998,0.82920003,0.82975000
2024-12-23 09:00:00,0.83004999,0.83160001,0.82985002,0.83020002
2024-12-23 10:00:00,0.83039999,0.83064997,0.82990003,0.83010000
2024-12-23 11:00:00,0.82994998,0.83004999,0.82955003,0.82975000
2024-12-23 12:00:00,0.82980001,0.82980001,0.82934999,0.82945001
2024-12-23 13:00:00,0.82950002,0.82969999,0.82940000,0.82950002
2024-12-23 14:00:00,0.82955003,0.82999998,0.82940000,0.82999998
2024-12-23 15:00:00,0.82994998,0.83020002,0.82990003,0.83004999
2024-12-23 16:00:00,0.83004999,0.83010000,0.82980001,0.83004999
2024-12-23 17:00:00,0.83010000,0.83055001,0.82994998,0.83020002
2024-12-23 18:00:00,0.83020002,0.83060002,0.82900000,0.82920003
2024-12-23 19:00:00,0.82910001,0.82940000,0.82830000,0.82859999
2024-12-23 20:00:00,0.82849997,0.82859999,0.82779998,0.82810003
2024-12-23 21:00:00,0.82800001,0.82859999,0.82770002,0.82814997
2024-12-23 22:00:00,0.82819998,0.82999998,0.82810003,0.82969999
2024-12-23 23:00:00,0.82980001,0.83050001,0.82955003,0.82999998
2024-12-24 00:00:00,0.82999998,0.83050001,0.82940000,0.83029997
2024-12-24 01:00:00,0.83025002,0.83050001,0.82934999,0.82969999
2024-12-24 02:00:00,0.82969999,0.83020002,0.82920003,0.83004999
2024-12-24 03:00:00,0.82999998,0.83104998,0.82999998,0.83069998
2024-12-24 04:00:00,0.83074999,0.83130002,0.83039999,0.83050001
2024-12-24 05:00:00,0.83045000,0.83080000,0.83034998,0.83080000
2024-12-24 06:00:00,0.83069998,0.83074999,0.83034998,0.83060002
2024-12-24 07:00:00,0.83055001,0.83060002,0.82999998,0.83015001
2024-12-24 08:00:00,0.83020002,0.83039999,0.82999998,0.83010000
2024-12-24 09:00:00,0.83010000,0.83050001,0.82969999,0.82980001
2024-12-24 10:00:00,0.83010000,0.83039999,0.82999998,0.83020002
2024-12-24 11:00:00,0.83015001,0.83029997,0.82990003,0.83015001
2024-12-24 12:00:00,0.83004999,0.83029997,0.82994998,0.83020002
2024-12-24 13:00:00,0.83010000,0.83020002,0.82934999,0.82980001
2024-12-24 14:00:00,0.82969999,0.82975000,0.82910001,0.82920003
2024-12-24 15:00:00,0.82915002,0.82934999,0.82894999,0.82910001
2024-12-24 16:00:00,0.82915002,0.82940000,0.82894999,0.82920003
2024-12-24 17:00:00,0.82920003,0.82964998,0.82905000,0.82929999
2024-12-24 18:00:00,0.82940000,0.82969999,0.82894999,0.82910001
2024-12-24 19:00:00,0.82910001,0.82950002,0.82889998,0.82920003
2024-12-24 20:00:00,0.82940000,0.82980001,0.82889998,0.82915002
2024-12-24 21:00:00,0.82920003,0.82959998,0.82894999,0.82920003
2024-12-24 22:00:00,0.82940000,0.82990003,0.82910001,0.82929999
2024-12-24 23:00:00,0.82934999,0.82959998,0.82779998,0.82800001
2024-12-26 04:00:00,0.82980001,0.82980001,0.82950002,0.82950002
2024-12-26 05:00:00,0.82950002,0.82950002,0.82950002,0.82950002
2024-12-26 08:00:00,0.82854998,0.82875001,0.82849997,0.82875001
2024-12-26 09:00:00,0.82894999,0.82959998,0.82854998,0.82880002
2024-12-26 10:00:00,0.82920003,0.82929999,0.82884997,0.82910001
2024-12-26 11:00:00,0.82905000,0.82905000,0.82865000,0.82875001
2024-12-26 12:00:00,0.82875001,0.82929999,0.82870001,0.82900000
2024-12-26 13:00:00,0.82900000,0.82920003,0.82889998,0.82900000
2024-12-26 14:00:00,0.82900000,0.82920003,0.82889998,0.82900000
2024-12-26 15:00:00,0.82900000,0.82934999,0.82884997,0.82929999
2024-12-26 16:00:00,0.82929999,0.82940000,0.82875001,0.82889998
2024-12-26 17:00:00,0.82889998,0.82929999,0.82884997,0.82920003
2024-12-26 18:00:00,0.82924998,0.82990003,0.82915002,0.82980001
2024-12-26 19:00:00,0.82969999,0.82990003,0.82945001,0.82980001
2024-12-26 20:00:00,0.82980001,0.82999998,0.82959998,0.82994998
2024-12-26 21:00:00,0.82985002,0.83004999,0.82975000,0.82994998
2024-12-26 22:00:00,0.82994998,0.83015001,0.82975000,0.82999998
2024-12-26 23:00:00,0.83010000,0.83069998,0.82994998,0.83069998
2024-12-27 00:00:00,0.83060002,0.83090001,0.83020002,0.83069998
2024-12-27 01:00:00,0.83060002,0.83179998,0.83060002,0.83174998
2024-12-27 02:00:00,0.83170003,0.83209997,0.83170003,0.83200002
2024-12-27 03:00:00,0.83205003,0.83249998,0.83184999,0.83235002
2024-12-27 04:00:00,0.83230001,0.83230001,0.83155000,0.83179998
2024-12-27 05:00:00,0.83190000,0.83225000,0.83179998,0.83205003
2024-12-27 06:00:00,0.83205003,0.83209997,0.83170003,0.83170003
2024-12-27 07:00:00,0.83165002,0.83195001,0.83160001,0.83170003
2024-12-27 08:00:00,0.83170003,0.83209997,0.83160001,0.83209997
2024-12-27 09:00:00,0.83209997,0.83235002,0.83170003,0.83219999
2024-12-27 10:00:00,0.83200002,0.83235002,0.83170003,0.83184999
2024-12-27 11:00:00,0.83184999,0.83209997,0.83149999,0.83155000
2024-12-27 12:00:00,0.83155000,0.83170003,0.83139998,0.83155000
2024-12-27 13:00:00,0.83155000,0.83170003,0.83125001,0.83144999
2024-12-27 14:00:00,0.83135003,0.83149999,0.83109999,0.83125001
2024-12-27 15:00:00,0.83125001,0.83144999,0.83109999,0.83125001
2024-12-27 16:00:00,0.83115000,0.83139998,0.83090001,0.83130002
2024-12-27 17:00:00,0.83139998,0.83149999,0.83109999,0.83135003
2024-12-27 18:00:00,0.83130002,0.83190000,0.83085001,0.83174998
2024-12-27 19:00:00,0.83160001,0.83200002,0.83120000,0.83135003
2024-12-27 20:00:00,0.83139998,0.83289999,0.83139998,0.83275002
2024-12-27 21:00:00,0.83270001,0.83270001,0.83104998,0.83125001
2024-12-27 22:00:00,0.83125001,0.83219999,0.83090001,0.83165002
2024-12-27 23:00:00,0.83160001,0.83190000,0.83055001,0.83099997
2024-12-28 00:00:00,0.83099997,0.83130002,0.82990003,0.83015001
2024-12-28 01:00:00,0.83020002,0.83069998,0.82934999,0.82950002
2024-12-28 02:00:00,0.82940000,0.82990003,0.82849997,0.82865000
2024-12-28 03:00:00,0.82870001,0.82940000,0.82819998,0.82915002
2024-12-28 04:00:00,0.82910001,0.82969999,0.82910001,0.82969999
2024-12-28 05:00:00,0.82969999,0.82999998,0.82950002,0.82959998
2024-12-28 06:00:00,0.82959998,0.82969999,0.82880002,0.82884997
2024-12-28 07:00:00,0.82880002,0.82900000,0.82870001,0.82870001
2024-12-28 08:00:00,0.82870001,0.82920003,0.82859999,0.82884997
2024-12-30 09:00:00,0.82894999,0.83020002,0.82894999,0.82955003
2024-12-30 10:00:00,0.82920003,0.82929999,0.82880002,0.82924998
2024-12-30 11:00:00,0.82924998,0.82940000,0.82880002,0.82889998
2024-12-30 12:00:00,0.82894999,0.82905000,0.82870001,0.82875001
2024-12-30 13:00:00,0.82870001,0.82894999,0.82859999,0.82889998
2024-12-30 14:00:00,0.82884997,0.82894999,0.82859999,0.82865000
2024-12-30 15:00:00,0.82865000,0.82894999,0.82854998,0.82865000
2024-12-30 16:00:00,0.82865000,0.82875001,0.82840002,0.82859999
2024-12-30 17:00:00,0.82859999,0.82880002,0.82840002,0.82859999
2024-12-30 18:00:00,0.82859999,0.82920003,0.82859999,0.82889998
2024-12-30 19:00:00,0.82880002,0.82940000,0.82859999,0.82884997
2024-12-30 20:00:00,0.82870001,0.82980001,0.82835001,0.82955003
2024-12-30 21:00:00,0.82959998,0.82994998,0.82884997,0.82894999
2024-12-30 22:00:00,0.82910001,0.82940000,0.82870001,0.82929999
2024-12-30 23:00:00,0.82940000,0.82990003,0.82889998,0.82959998
2024-12-31 00:00:00,0.82959998,0.82980001,0.82725000,0.82749999
2024-12-31 01:00:00,0.82760000,0.82905000,0.82730001,0.82870001
2024-12-31 02:00:00,0.82880002,0.82990003,0.82835001,0.82959998
2024-12-31 03:00:00,0.82959998,0.82994998,0.82880002,0.82959998
2024-12-31 04:00:00,0.82964998,0.82964998,0.82845002,0.82854998
2024-12-31 05:00:00,0.82859999,0.82900000,0.82824999,0.82870001
2024-12-31 06:00:00,0.82875001,0.82889998,0.82859999,0.82875001
2024-12-31 07:00:00,0.82884997,0.82900000,0.82870001,0.82880002
2024-12-31 08:00:00,0.82889998,0.82924998,0.82880002,0.82924998
2024-12-31 09:00:00,0.82915002,0.83015001,0.82830000,0.82950002
2024-12-31 10:00:00,0.82910001,0.82940000,0.82900000,0.82929999
2024-12-31 11:00:00,0.82929999,0.82940000,0.82915002,0.82920003
2024-12-31 12:00:00,0.82920003,0.82940000,0.82894999,0.82910001
2024-12-31 13:00:00,0.82910001,0.82940000,0.82889998,0.82929999
2024-12-31 14:00:00,0.82929999,0.82940000,0.82910001,0.82929999
2024-12-31 15:00:00,0.82929999,0.82950002,0.82920003,0.82934999
2024-12-31 16:00:00,0.82934999,0.82945001,0.82884997,0.82894999
2024-12-31 17:00:00,0.82889998,0.82929999,0.82884997,0.82910001
2024-12-31 18:00:00,0.82900000,0.82924998,0.82854998,0.82884997
2024-12-31 19:00:00,0.82880002,0.83010000,0.82880002,0.82980001
2024-12-31 20:00:00,0.82990003,0.83004999,0.82910001,0.82985002
2024-12-31 21:00:00,0.82990003,0.83074999,0.82950002,0.82969999
2024-12-31 22:00:00,0.82959998,0.83060002,0.82959998,0.83020002
2024-12-31 23:00:00,0.83020002,0.83055001,0.82910001,0.82929999
2025-01-02 05:00:00,0.82760000,0.82760000,0.82730001,0.82730001
2025-01-02 06:00:00,0.82730001,0.82740003,0.82730001,0.82730001
2025-01-02 07:00:00,0.82760000,0.82770002,0.82749999,0.82760000
2025-01-02 08:00:00,0.82760000,0.82760000,0.82740003,0.82740003
2025-01-02 09:00:00,0.82730001,0.82770002,0.82720000,0.82760000
2025-01-02 10:00:00,0.82760000,0.82789999,0.82669997,0.82669997
2025-01-02 11:00:00,0.82679999,0.82730001,0.82669997,0.82709998
2025-01-02 12:00:00,0.82709998,0.82749999,0.82669997,0.82730001
2025-01-02 13:00:00,0.82740003,0.82760000,0.82730001,0.82760000
2025-01-02 14:00:00,0.82749999,0.82760000,0.82730001,0.82740003
2025-01-02 15:00:00,0.82730001,0.82749999,0.82700002,0.82730001
2025-01-02 16:00:00,0.82730001,0.82740003,0.82690001,0.82700002
2025-01-02 17:00:00,0.82690001,0.82720000,0.82679999,0.82720000
2025-01-02 18:00:00,0.82720000,0.82789999,0.82720000,0.82760000
2025-01-02 19:00:00,0.82770002,0.82920003,0.82760000,0.82920003
2025-01-02 20:00:00,0.82910001,0.82959998,0.82900000,0.82929999
2025-01-02 21:00:00,0.82940000,0.82999998,0.82859999,0.82889998
2025-01-02 22:00:00,0.82900000,0.83010000,0.82880002,0.82959998
2025-01-02 23:00:00,0.82969999,0.83099997,0.82950002,0.83069998
2025-01-03 00:00:00,0.83080000,0.83260000,0.83069998,0.83149999
2025-01-03 01:00:00,0.83149999,0.83240002,0.83090001,0.83120000
2025-01-03 02:00:00,0.83109999,0.83219999,0.83020002,0.83020002
2025-01-03 03:00:00,0.83029997,0.83039999,0.82760000,0.82920003
2025-01-03 04:00:00,0.82929999,0.82990003,0.82889998,0.82959998
2025-01-03 05:00:00,0.82969999,0.82969999,0.82910001,0.82920003
2025-01-03 06:00:00,0.82920003,0.82929999,0.82859999,0.82859999
2025-01-03 07:00:00,0.82880002,0.82900000,0.82859999,0.82900000
2025-01-03 08:00:00,0.82889998,0.82940000,0.82889998,0.82910001
2025-01-03 09:00:00,0.82900000,0.82929999,0.82870001,0.82910001
2025-01-03 10:00:00,0.82920003,0.82950002,0.82920003,0.82940000
2025-01-03 11:00:00,0.82950002,0.82950002,0.82920003,0.82929999
2025-01-03 12:00:00,0.82929999,0.82940000,0.82889998,0.82900000
2025-01-03 13:00:00,0.82900000,0.82920003,0.82880002,0.82900000
2025-01-03 14:00:00,0.82910001,0.82910001,0.82859999,0.82859999
2025-01-03 15:00:00,0.82870001,0.82870001,0.82849997,0.82859999
2025-01-03 16:00:00,0.82859999,0.82880002,0.82859999,0.82859999
2025-01-03 17:00:00,0.82870001,0.82870001,0.82849997,0.82870001
2025-01-03 18:00:00,0.82870001,0.82990003,0.82870001,0.82920003
2025-01-03 19:00:00,0.82910001,0.82969999,0.82880002,0.82950002
2025-01-03 20:00:00,0.82950002,0.82990003,0.82929999,0.82950002
2025-01-03 21:00:00,0.82950002,0.82999998,0.82940000,0.82959998
2025-01-03 22:00:00,0.82969999,0.82999998,0.82929999,0.82990003
2025-01-03 23:00:00,0.82999998,0.82999998,0.82959998,0.82980001
2025-01-04 00:00:00,0.82980001,0.83020002,0.82959998,0.82990003
2025-01-04 01:00:00,0.82999998,0.83029997,0.82950002,0.82990003
2025-01-04 02:00:00,0.83010000,0.83039999,0.82889998,0.82950002
2025-01-04 03:00:00,0.82950002,0.82959998,0.82859999,0.82870001
2025-01-04 04:00:00,0.82880002,0.82950002,0.82870001,0.82929999
2025-01-04 05:00:00,0.82929999,0.82929999,0.82880002,0.82910001
2025-01-04 06:00:00,0.82910001,0.82910001,0.82880002,0.82880002
2025-01-04 07:00:00,0.82900000,0.82940000,0.82880002,0.82940000
2025-01-04 08:00:00,0.82929999,0.82990003,0.82929999,0.82990003
2025-01-06 09:00:00,0.82959998,0.83029997,0.82910001,0.82969999
2025-01-06 10:00:00,0.82959998,0.82980001,0.82900000,0.82950002
2025-01-06 11:00:00,0.82940000,0.82950002,0.82880002,0.82889998
2025-01-06 12:00:00,0.82889998,0.82929999,0.82880002,0.82929999
2025-01-06 13:00:00,0.82929999,0.82950002,0.82920003,0.82940000
2025-01-06 14:00:00,0.82929999,0.82959998,0.82929999,0.82959998
2025-01-06 15:00:00,0.82959998,0.82959998,0.82940000,0.82940000
2025-01-06 16:00:00,0.82940000,0.82940000,0.82880002,0.82889998
2025-01-06 17:00:00,0.82889998,0.82900000,0.82859999,0.82880002
2025-01-06 18:00:00,0.82880002,0.82940000,0.82859999,0.82940000
2025-01-06 19:00:00,0.82929999,0.82959998,0.82870001,0.82929999
2025-01-06 20:00:00,0.82940000,0.83029997,0.82889998,0.82999998
2025-01-06 21:00:00,0.83010000,0.83029997,0.82880002,0.82929999
2025-01-06 22:00:00,0.82929999,0.83149999,0.82900000,0.83069998
2025-01-06 23:00:00,0.83090001,0.83109999,0.82950002,0.83060002
2025-01-07 00:00:00,0.83050001,0.83179998,0.83050001,0.83109999
2025-01-07 01:00:00,0.83109999,0.83160001,0.82999998,0.83050001
2025-01-07 02:00:00,0.83069998,0.83120000,0.82980001,0.83099997
2025-01-07 03:00:00,0.83099997,0.83099997,0.82980001,0.83010000
2025-01-07 04:00:00,0.82990003,0.83039999,0.82959998,0.82980001
2025-01-07 05:00:00,0.82969999,0.83010000,0.82959998,0.82999998
2025-01-07 06:00:00,0.82999998,0.83050001,0.82999998,0.83020002
2025-01-07 07:00:00,0.83020002,0.83029997,0.82969999,0.82980001
2025-01-07 08:00:00,0.82980001,0.82990003,0.82969999,0.82990003
2025-01-07 09:00:00,0.82980001,0.83029997,0.82969999,0.82999998
2025-01-07 10:00:00,0.82990003,0.82999998,0.82980001,0.82999998
2025-01-07 11:00:00,0.82999998,0.83010000,0.82969999,0.82990003
2025-01-07 12:00:00,0.82990003,0.82990003,0.82910001,0.82920003
2025-01-07 13:00:00,0.82929999,0.82950002,0.82910001,0.82929999
2025-01-07 14:00:00,0.82929999,0.82950002,0.82910001,0.82929999
2025-01-07 15:00:00,0.82920003,0.82940000,0.82910001,0.82929999
2025-01-07 16:00:00,0.82929999,0.82959998,0.82920003,0.82929999
2025-01-07 17:00:00,0.82929999,0.82950002,0.82910001,0.82929999
2025-01-07 18:00:00,0.82929999,0.82990003,0.82920003,0.82959998
2025-01-07 19:00:00,0.82969999,0.83050001,0.82959998,0.82999998
2025-01-07 20:00:00,0.82990003,0.83010000,0.82950002,0.82999998
2025-01-07 21:00:00,0.82999998,0.83060002,0.82959998,0.83039999
2025-01-07 22:00:00,0.83039999,0.83060002,0.82990003,0.83050001
2025-01-07 23:00:00,0.83050001,0.83060002,0.82889998,0.82940000
2025-01-08 00:00:00,0.82940000,0.82969999,0.82870001,0.82889998
2025-01-08 01:00:00,0.82880002,0.82959998,0.82870001,0.82959998
2025-01-08 02:00:00,0.82940000,0.83010000,0.82889998,0.82999998
2025-01-08 03:00:00,0.82990003,0.83050001,0.82950002,0.82959998
2025-01-08 04:00:00,0.82969999,0.82980001,0.82900000,0.82950002
2025-01-08 05:00:00,0.82940000,0.82950002,0.82889998,0.82920003
2025-01-08 06:00:00,0.82900000,0.82920003,0.82889998,0.82900000
2025-01-08 07:00:00,0.82910001,0.82929999,0.82870001,0.82889998
2025-01-08 08:00:00,0.82880002,0.82889998,0.82859999,0.82870001
2025-01-08 09:00:00,0.82880002,0.82920003,0.82870001,0.82889998
2025-01-08 10:00:00,0.82900000,0.82920003,0.82880002,0.82889998
2025-01-08 11:00:00,0.82889998,0.82920003,0.82889998,0.82910001
2025-01-08 12:00:00,0.82920003,0.82940000,0.82900000,0.82929999
2025-01-08 13:00:00,0.82920003,0.82929999,0.82910001,0.82929999
2025-01-08 14:00:00,0.82920003,0.82929999,0.82889998,0.82929999
2025-01-08 15:00:00,0.82929999,0.82929999,0.82910001,0.82929999
2025-01-08 16:00:00,0.82929999,0.82950002,0.82910001,0.82920003
2025-01-08 17:00:00,0.82920003,0.82929999,0.82859999,0.82880002
2025-01-08 18:00:00,0.82880002,0.82929999,0.82849997,0.82870001
2025-01-08 19:00:00,0.82870001,0.82980001,0.82859999,0.82940000
2025-01-08 20:00:00,0.82950002,0.82950002,0.82880002,0.82880002
2025-01-08 21:00:00,0.82889998,0.82920003,0.82840002,0.82900000
2025-01-08 22:00:00,0.82910001,0.83370000,0.82900000,0.83230001
2025-01-08 23:00:00,0.83230001,0.83480000,0.83230001,0.83350003
2025-01-09 00:00:00,0.83359998,0.83510000,0.83300000,0.83389997
2025-01-09 01:00:00,0.83380002,0.83520001,0.83340001,0.83480000
2025-01-09 02:00:00,0.83490002,0.83520001,0.83450001,0.83469999
2025-01-09 03:00:00,0.83459997,0.83490002,0.83380002,0.83389997
2025-01-09 04:00:00,0.83389997,0.83490002,0.83380002,0.83469999
2025-01-09 05:00:00,0.83480000,0.83480000,0.83410001,0.83459997
2025-01-09 06:00:00,0.83459997,0.83480000,0.83410001,0.83429998
2025-01-09 07:00:00,0.83429998,0.83459997,0.83429998,0.83459997
2025-01-09 08:00:00,0.83450001,0.83480000,0.83420002,0.83459997
2025-01-09 09:00:00,0.83459997,0.83469999,0.83429998,0.83459997
2025-01-09 10:00:00,0.83450001,0.83480000,0.83450001,0.83450001
2025-01-09 11:00:00,0.83459997,0.83490002,0.83429998,0.83469999
2025-01-09 12:00:00,0.83459997,0.83469999,0.83450001,0.83459997
2025-01-09 13:00:00,0.83450001,0.83480000,0.83450001,0.83469999
2025-01-09 14:00:00,0.83469999,0.83539999,0.83469999,0.83530003
2025-01-09 15:00:00,0.83539999,0.83590001,0.83530003,0.83590001
2025-01-09 16:00:00,0.83579999,0.83609998,0.83560002,0.83579999
2025-01-09 17:00:00,0.83579999,0.83789998,0.83569998,0.83770001
2025-01-09 18:00:00,0.83789998,0.83990002,0.83719999,0.83950001
2025-01-09 19:00:00,0.83939999,0.84039998,0.83800000,0.83890003
2025-01-09 20:00:00,0.83880001,0.83950001,0.83829999,0.83920002
2025-01-09 21:00:00,0.83910000,0.84069997,0.83840001,0.83870000
2025-01-09 22:00:00,0.83880001,0.83929998,0.83740002,0.83829999
2025-01-09 23:00:00,0.83829999,0.83939999,0.83800000,0.83819997
2025-01-10 00:00:00,0.83810002,0.83840001,0.83710003,0.83800000
2025-01-10 01:00:00,0.83810002,0.83850002,0.83700001,0.83710003
2025-01-10 02:00:00,0.83700001,0.83749998,0.83679998,0.83719999
2025-01-10 03:00:00,0.83719999,0.83780003,0.83700001,0.83719999
2025-01-10 04:00:00,0.83710003,0.83719999,0.83660001,0.83710003
2025-01-10 05:00:00,0.83719999,0.83730000,0.83679998,0.83700001
2025-01-10 06:00:00,0.83700001,0.83719999,0.83660001,0.83670002
2025-01-10 07:00:00,0.83670002,0.83690000,0.83660001,0.83679998
2025-01-10 08:00:00,0.83679998,0.83700001,0.83670002,0.83690000
2025-01-10 09:00:00,0.83700001,0.83740002,0.83649999,0.83679998
2025-01-10 10:00:00,0.83670002,0.83740002,0.83670002,0.83730000
2025-01-10 11:00:00,0.83719999,0.83740002,0.83690000,0.83730000
2025-01-10 12:00:00,0.83730000,0.83749998,0.83710003,0.83740002
2025-01-10 13:00:00,0.83730000,0.83740002,0.83690000,0.83719999
2025-01-10 14:00:00,0.83719999,0.83740002,0.83710003,0.83730000
2025-01-10 15:00:00,0.83719999,0.83749998,0.83710003,0.83740002
2025-01-10 16:00:00,0.83749998,0.83800000,0.83740002,0.83789998
2025-01-10 17:00:00,0.83789998,0.83810002,0.83749998,0.83810002
2025-01-10 18:00:00,0.83800000,0.83819997,0.83700001,0.83780003
2025-01-10 19:00:00,0.83789998,0.83859998,0.83759999,0.83850002
2025-01-10 20:00:00,0.83840001,0.83850002,0.83700001,0.83730000
2025-01-10 21:00:00,0.83719999,0.83819997,0.83719999,0.83780003
2025-01-10 22:00:00,0.83800000,0.83840001,0.83700001,0.83740002
2025-01-10 23:00:00,0.83730000,0.83759999,0.83660001,0.83679998
2025-01-11 00:00:00,0.83679998,0.83939999,0.83649999,0.83859998
2025-01-11 01:00:00,0.83850002,0.83920002,0.83740002,0.83740002
2025-01-11 02:00:00,0.83740002,0.83840001,0.83679998,0.83819997
2025-01-11 03:00:00,0.83810002,0.83899999,0.83800000,0.83829999
2025-01-11 04:00:00,0.83829999,0.83870000,0.83789998,0.83819997
2025-01-11 05:00:00,0.83829999,0.83870000,0.83810002,0.83859998
2025-01-11 06:00:00,0.83859998,0.83910000,0.83850002,0.83910000
2025-01-11 07:00:00,0.83910000,0.83929998,0.83880001,0.83920002
2025-01-11 08:00:00,0.83920002,0.83929998,0.83890003,0.83920002
2025-01-13 09:00:00,0.83950001,0.83969998,0.83910000,0.83939999
2025-01-13 10:00:00,0.83950001,0.83950001,0.83910000,0.83929998
2025-01-13 11:00:00,0.83939999,0.83960003,0.83910000,0.83950001
2025-01-13 12:00:00,0.83950001,0.84020001,0.83939999,0.84009999
2025-01-13 13:00:00,0.83999997,0.84069997,0.83999997,0.84069997
2025-01-13 14:00:00,0.84060001,0.84179997,0.84060001,0.84130001
2025-01-13 15:00:00,0.84130001,0.84179997,0.84069997,0.84119999
2025-01-13 16:00:00,0.84130001,0.84179997,0.84100002,0.84140003
2025-01-13 17:00:00,0.84130001,0.84160000,0.84060001,0.84140003
2025-01-13 18:00:00,0.84140003,0.84200001,0.84069997,0.84160000
2025-01-13 19:00:00,0.84160000,0.84219998,0.84050000,0.84219998
2025-01-13 20:00:00,0.84219998,0.84249997,0.84060001,0.84200001
2025-01-13 21:00:00,0.84200001,0.84200001,0.84069997,0.84090000
2025-01-13 22:00:00,0.84090000,0.84189999,0.84009999,0.84189999
2025-01-13 23:00:00,0.84200001,0.84240001,0.84130001,0.84179997
2025-01-14 00:00:00,0.84140003,0.84140003,0.84060001,0.84069997
2025-01-14 01:00:00,0.84079999,0.84130001,0.83969998,0.84009999
2025-01-14 02:00:00,0.84020001,0.84020001,0.83899999,0.83899999
2025-01-14 03:00:00,0.83910000,0.83980000,0.83890003,0.83980000
2025-01-14 04:00:00,0.83969998,0.83969998,0.83910000,0.83939999
2025-01-14 05:00:00,0.83929998,0.83969998,0.83870000,0.83870000
2025-01-14 06:00:00,0.83880001,0.83929998,0.83859998,0.83890003
2025-01-14 07:00:00,0.83890003,0.83920002,0.83890003,0.83910000
2025-01-14 08:00:00,0.83899999,0.83960003,0.83899999,0.83939999
2025-01-14 09:00:00,0.83960003,0.84020001,0.83850002,0.83859998
2025-01-14 10:00:00,0.83880001,0.83950001,0.83870000,0.83899999
2025-01-14 11:00:00,0.83910000,0.83939999,0.83890003,0.83920002
2025-01-14 12:00:00,0.83920002,0.83939999,0.83890003,0.83939999
2025-01-14 13:00:00,0.83939999,0.83980000,0.83929998,0.83960003
2025-01-14 14:00:00,0.83960003,0.83969998,0.83910000,0.83950001
2025-01-14 15:00:00,0.83950001,0.83980000,0.83939999,0.83950001
2025-01-14 16:00:00,0.83960003,0.83980000,0.83950001,0.83969998
2025-01-14 17:00:00,0.83950001,0.83969998,0.83910000,0.83960003
2025-01-14 18:00:00,0.83939999,0.83990002,0.83939999,0.83969998
2025-01-14 19:00:00,0.83980000,0.84039998,0.83870000,0.84020001
2025-01-14 20:00:00,0.84020001,0.84259999,0.84020001,0.84240001
2025-01-14 21:00:00,0.84259999,0.84289998,0.84170002,0.84189999
2025-01-14 22:00:00,0.84179997,0.84249997,0.84160000,0.84210002
2025-01-14 23:00:00,0.84219998,0.84280002,0.84189999,0.84249997
2025-01-15 00:00:00,0.84259999,0.84429997,0.84240001,0.84369999
2025-01-15 01:00:00,0.84369999,0.84480000,0.84359998,0.84469998
2025-01-15 02:00:00,0.84469998,0.84480000,0.84320003,0.84390002
2025-01-15 03:00:00,0.84380001,0.84480000,0.84340000,0.84460002
2025-01-15 04:00:00,0.84460002,0.84509999,0.84420002,0.84439999
2025-01-15 05:00:00,0.84439999,0.84439999,0.84359998,0.84380001
2025-01-15 06:00:00,0.84380001,0.84429997,0.84359998,0.84420002
2025-01-15 07:00:00,0.84410000,0.84460002,0.84399998,0.84399998
2025-01-15 08:00:00,0.84410000,0.84420002,0.84380001,0.84390002
2025-01-15 09:00:00,0.84359998,0.84410000,0.84350002,0.84390002
2025-01-15 10:00:00,0.84380001,0.84420002,0.84380001,0.84410000
2025-01-15 11:00:00,0.84410000,0.84429997,0.84390002,0.84420002
2025-01-15 12:00:00,0.84410000,0.84439999,0.84399998,0.84429997
2025-01-15 13:00:00,0.84429997,0.84469998,0.84420002,0.84429997
2025-01-15 14:00:00,0.84429997,0.84450001,0.84399998,0.84420002
2025-01-15 15:00:00,0.84420002,0.84439999,0.84390002,0.84420002
2025-01-15 16:00:00,0.84429997,0.84439999,0.84380001,0.84380001
2025-01-15 17:00:00,0.84369999,0.84439999,0.84369999,0.84420002
2025-01-15 18:00:00,0.84420002,0.84649998,0.84200001,0.84249997
2025-01-15 19:00:00,0.84240001,0.84399998,0.84240001,0.84359998
2025-01-15 20:00:00,0.84359998,0.84439999,0.84359998,0.84380001
2025-01-15 21:00:00,0.84369999,0.84390002,0.84259999,0.84299999
2025-01-15 22:00:00,0.84299999,0.84359998,0.84259999,0.84270000
2025-01-15 23:00:00,0.84270000,0.84390002,0.84270000,0.84340000
2025-01-16 00:00:00,0.84329998,0.84340000,0.84060001,0.84119999
2025-01-16 01:00:00,0.84109998,0.84210002,0.84050000,0.84189999
2025-01-16 02:00:00,0.84179997,0.84210002,0.84050000,0.84079999
2025-01-16 03:00:00,0.84069997,0.84210002,0.84050000,0.84200001
2025-01-16 04:00:00,0.84200001,0.84219998,0.84160000,0.84210002
2025-01-16 05:00:00,0.84210002,0.84230000,0.84160000,0.84170002
2025-01-16 06:00:00,0.84179997,0.84189999,0.84160000,0.84160000
2025-01-16 07:00:00,0.84160000,0.84170002,0.84090000,0.84100002
2025-01-16 08:00:00,0.84100002,0.84109998,0.84039998,0.84060001
2025-01-16 09:00:00,0.84079999,0.84109998,0.84050000,0.84100002
2025-01-16 10:00:00,0.84090000,0.84119999,0.84079999,0.84100002
2025-01-16 11:00:00,0.84090000,0.84130001,0.84079999,0.84109998
2025-01-16 12:00:00,0.84100002,0.84160000,0.84100002,0.84140003
2025-01-16 13:00:00,0.84140003,0.84179997,0.84130001,0.84170002
2025-01-16 14:00:00,0.84170002,0.84170002,0.84130001,0.84160000
2025-01-16 15:00:00,0.84160000,0.84210002,0.84160000,0.84200001
2025-01-16 16:00:00,0.84189999,0.84240001,0.84189999,0.84219998
2025-01-16 17:00:00,0.84219998,0.84230000,0.84189999,0.84200001
2025-01-16 18:00:00,0.84230000,0.84380001,0.84230000,0.84280002
2025-01-16 19:00:00,0.84270000,0.84369999,0.84259999,0.84359998
2025-01-16 20:00:00,0.84350002,0.84380001,0.84289998,0.84329998
2025-01-16 21:00:00,0.84340000,0.84350002,0.84280002,0.84299999
2025-01-16 22:00:00,0.84289998,0.84310001,0.84259999,0.84280002
2025-01-16 23:00:00,0.84280002,0.84289998,0.84170002,0.84219998
2025-01-17 00:00:00,0.84210002,0.84329998,0.84200001,0.84299999
2025-01-17 01:00:00,0.84289998,0.84340000,0.84259999,0.84280002
2025-01-17 02:00:00,0.84280002,0.84340000,0.84170002,0.84200001
2025-01-17 03:00:00,0.84200001,0.84230000,0.84149998,0.84149998
2025-01-17 04:00:00,0.84149998,0.84160000,0.84109998,0.84149998
2025-01-17 05:00:00,0.84149998,0.84219998,0.84130001,0.84210002
2025-01-17 06:00:00,0.84210002,0.84219998,0.84189999,0.84200001
2025-01-17 07:00:00,0.84200001,0.84230000,0.84200001,0.84219998
2025-01-17 08:00:00,0.84210002,0.84219998,0.84170002,0.84170002
2025-01-17 09:00:00,0.84149998,0.84200001,0.84130001,0.84189999
2025-01-17 10:00:00,0.84179997,0.84219998,0.84179997,0.84200001
2025-01-17 11:00:00,0.84200001,0.84249997,0.84179997,0.84219998
2025-01-17 12:00:00,0.84219998,0.84249997,0.84210002,0.84249997
2025-01-17 13:00:00,0.84240001,0.84249997,0.84189999,0.84230000
2025-01-17 14:00:00,0.84219998,0.84230000,0.84189999,0.84200001
2025-01-17 15:00:00,0.84210002,0.84249997,0.84189999,0.84240001
2025-01-17 16:00:00,0.84230000,0.84259999,0.84219998,0.84249997
2025-01-17 17:00:00,0.84259999,0.84289998,0.84219998,0.84240001
2025-01-17 18:00:00,0.84219998,0.84539998,0.84219998,0.84480000
2025-01-17 19:00:00,0.84469998,0.84490001,0.84410000,0.84469998
2025-01-17 20:00:00,0.84480000,0.84520000,0.84390002,0.84429997
2025-01-17 21:00:00,0.84420002,0.84469998,0.84390002,0.84469998
2025-01-17 22:00:00,0.84450001,0.84500003,0.84359998,0.84490001
2025-01-17 23:00:00,0.84500003,0.84520000,0.84460002,0.84460002
2025-01-18 00:00:00,0.84460002,0.84500003,0.84439999,0.84480000
2025-01-18 01:00:00,0.84469998,0.84500003,0.84390002,0.84460002
2025-01-18 02:00:00,0.84460002,0.84520000,0.84429997,0.84439999
2025-01-18 03:00:00,0.84429997,0.84500003,0.84380001,0.84469998
2025-01-18 04:00:00,0.84469998,0.84500003,0.84460002,0.84460002
2025-01-18 05:00:00,0.84460002,0.84509999,0.84450001,0.84450001
2025-01-18 06:00:00,0.84450001,0.84469998,0.84429997,0.84450001
2025-01-18 07:00:00,0.84450001,0.84460002,0.84420002,0.84429997
2025-01-18 08:00:00,0.84439999,0.84439999,0.84390002,0.84410000
2025-01-20 09:00:00,0.84429997,0.84460002,0.84390002,0.84429997
2025-01-20 10:00:00,0.84429997,0.84469998,0.84399998,0.84439999
2025-01-20 11:00:00,0.84450001,0.84460002,0.84410000,0.84420002
2025-01-20 12:00:00,0.84420002,0.84439999,0.84399998,0.84399998
2025-01-20 13:00:00,0.84410000,0.84429997,0.84399998,0.84399998
2025-01-20 14:00:00,0.84410000,0.84450001,0.84390002,0.84439999
2025-01-20 15:00:00,0.84450001,0.84469998,0.84399998,0.84410000
2025-01-20 16:00:00,0.84410000,0.84420002,0.84369999,0.84380001
2025-01-20 17:00:00,0.84369999,0.84439999,0.84369999,0.84399998
2025-01-20 18:00:00,0.84410000,0.84469998,0.84399998,0.84460002
2025-01-20 19:00:00,0.84460002,0.84579998,0.84420002,0.84560001
2025-01-20 20:00:00,0.84570003,0.84740001,0.84549999,0.84640002
2025-01-20 21:00:00,0.84630001,0.84689999,0.84600002,0.84619999
2025-01-20 22:00:00,0.84619999,0.84619999,0.84579998,0.84600002
2025-01-20 23:00:00,0.84600002,0.84680003,0.84579998,0.84609997
2025-01-21 00:00:00,0.84600002,0.84670001,0.84509999,0.84549999
2025-01-21 01:00:00,0.84560001,0.84649998,0.84530002,0.84630001
2025-01-21 02:00:00,0.84630001,0.84700000,0.84570003,0.84609997
2025-01-21 03:00:00,0.84609997,0.84630001,0.84539998,0.84570003
2025-01-21 04:00:00,0.84579998,0.84590000,0.84469998,0.84560001
2025-01-21 05:00:00,0.84560001,0.84590000,0.84450001,0.84490001
2025-01-21 06:00:00,0.84490001,0.84500003,0.84450001,0.84490001
2025-01-21 07:00:00,0.84480000,0.84530002,0.84469998,0.84490001
2025-01-21 08:00:00,0.84490001,0.84509999,0.84490001,0.84500003
2025-01-21 09:00:00,0.84500003,0.84530002,0.84480000,0.84500003
2025-01-21 10:00:00,0.84500003,0.84530002,0.84480000,0.84509999
2025-01-21 11:00:00,0.84500003,0.84579998,0.84439999,0.84530002
2025-01-21 12:00:00,0.84530002,0.84560001,0.84460002,0.84480000
2025-01-21 13:00:00,0.84480000,0.84520000,0.84469998,0.84520000
2025-01-21 14:00:00,0.84520000,0.84530002,0.84469998,0.84490001
2025-01-21 15:00:00,0.84480000,0.84500003,0.84480000,0.84480000
2025-01-21 16:00:00,0.84480000,0.84570003,0.84480000,0.84549999
2025-01-21 17:00:00,0.84549999,0.84579998,0.84539998,0.84560001
2025-01-21 18:00:00,0.84560001,0.84609997,0.84509999,0.84570003
2025-01-21 19:00:00,0.84570003,0.84630001,0.84500003,0.84530002
2025-01-21 20:00:00,0.84530002,0.84560001,0.84520000,0.84530002
2025-01-21 21:00:00,0.84530002,0.84539998,0.84480000,0.84520000
2025-01-21 22:00:00,0.84520000,0.84630001,0.84520000,0.84609997
2025-01-21 23:00:00,0.84619999,0.84619999,0.84530002,0.84560001
2025-01-22 00:00:00,0.84560001,0.84579998,0.84480000,0.84520000
2025-01-22 01:00:00,0.84520000,0.84590000,0.84509999,0.84590000
2025-01-22 02:00:00,0.84590000,0.84600002,0.84500003,0.84560001
2025-01-22 03:00:00,0.84560001,0.84590000,0.84509999,0.84530002
2025-01-22 04:00:00,0.84539998,0.84570003,0.84530002,0.84549999
2025-01-22 05:00:00,0.84549999,0.84590000,0.84520000,0.84549999
2025-01-22 06:00:00,0.84549999,0.84570003,0.84509999,0.84509999
2025-01-22 07:00:00,0.84509999,0.84520000,0.84439999,0.84450001
2025-01-22 08:00:00,0.84450001,0.84480000,0.84380001,0.84380001
2025-01-22 09:00:00,0.84420002,0.84460002,0.84399998,0.84429997
2025-01-22 10:00:00,0.84429997,0.84429997,0.84320003,0.84340000
2025-01-22 11:00:00,0.84340000,0.84410000,0.84340000,0.84390002
2025-01-22 12:00:00,0.84390002,0.84420002,0.84380001,0.84410000
2025-01-22 13:00:00,0.84420002,0.84429997,0.84390002,0.84420002
2025-01-22 14:00:00,0.84420002,0.84439999,0.84410000,0.84429997
2025-01-22 15:00:00,0.84429997,0.84439999,0.84390002,0.84399998
2025-01-22 16:00:00,0.84390002,0.84420002,0.84359998,0.84380001
2025-01-22 17:00:00,0.84390002,0.84460002,0.84390002,0.84439999
2025-01-22 18:00:00,0.84450001,0.84579998,0.84450001,0.84520000
2025-01-22 19:00:00,0.84509999,0.84570003,0.84469998,0.84480000
2025-01-22 20:00:00,0.84469998,0.84500003,0.84410000,0.84490001
2025-01-22 21:00:00,0.84490001,0.84530002,0.84460002,0.84490001
2025-01-22 22:00:00,0.84490001,0.84549999,0.84490001,0.84520000
2025-01-22 23:00:00,0.84509999,0.84530002,0.84480000,0.84480000
2025-01-23 00:00:00,0.84469998,0.84520000,0.84429997,0.84500003
2025-01-23 01:00:00,0.84500003,0.84520000,0.84460002,0.84509999
2025-01-23 02:00:00,0.84509999,0.84600002,0.84490001,0.84590000
2025-01-23 03:00:00,0.84590000,0.84640002,0.84549999,0.84570003
2025-01-23 04:00:00,0.84570003,0.84600002,0.84530002,0.84549999
2025-01-23 05:00:00,0.84539998,0.84560001,0.84509999,0.84520000
2025-01-23 06:00:00,0.84520000,0.84549999,0.84509999,0.84539998
2025-01-23 07:00:00,0.84549999,0.84549999,0.84530002,0.84539998
2025-01-23 08:00:00,0.84539998,0.84539998,0.84520000,0.84520000
2025-01-23 09:00:00,0.84520000,0.84560001,0.84490001,0.84530002
2025-01-23 10:00:00,0.84520000,0.84549999,0.84520000,0.84530002
2025-01-23 11:00:00,0.84520000,0.84539998,0.84509999,0.84539998
2025-01-23 12:00:00,0.84530002,0.84530002,0.84500003,0.84509999
2025-01-23 13:00:00,0.84520000,0.84539998,0.84509999,0.84520000
2025-01-23 14:00:00,0.84520000,0.84549999,0.84509999,0.84520000
2025-01-23 15:00:00,0.84520000,0.84530002,0.84500003,0.84509999
2025-01-23 16:00:00,0.84500003,0.84530002,0.84500003,0.84520000
2025-01-23 17:00:00,0.84509999,0.84530002,0.84500003,0.84520000
2025-01-23 18:00:00,0.84530002,0.84549999,0.84500003,0.84520000
2025-01-23 19:00:00,0.84530002,0.84549999,0.84520000,0.84539998
2025-01-23 20:00:00,0.84530002,0.84579998,0.84509999,0.84530002
2025-01-23 21:00:00,0.84530002,0.84549999,0.84490001,0.84500003
2025-01-23 22:00:00,0.84500003,0.84539998,0.84460002,0.84520000
2025-01-23 23:00:00,0.84530002,0.84539998,0.84469998,0.84480000
2025-01-24 00:00:00,0.84480000,0.84509999,0.84439999,0.84480000
2025-01-24 01:00:00,0.84490001,0.84509999,0.84390002,0.84429997
2025-01-24 02:00:00,0.84420002,0.84439999,0.84359998,0.84369999
2025-01-24 03:00:00,0.84380001,0.84420002,0.84320003,0.84399998
2025-01-24 04:00:00,0.84390002,0.84399998,0.84329998,0.84350002
2025-01-24 05:00:00,0.84350002,0.84369999,0.84329998,0.84350002
2025-01-24 06:00:00,0.84340000,0.84350002,0.84320003,0.84340000
2025-01-24 07:00:00,0.84329998,0.84350002,0.84310001,0.84329998
2025-01-24 08:00:00,0.84320003,0.84340000,0.84310001,0.84329998
2025-01-24 09:00:00,0.84310001,0.84350002,0.84310001,0.84340000
2025-01-24 10:00:00,0.84340000,0.84350002,0.84310001,0.84320003
2025-01-24 11:00:00,0.84320003,0.84350002,0.84320003,0.84329998
2025-01-24 12:00:00,0.84320003,0.84340000,0.84299999,0.84310001
2025-01-24 13:00:00,0.84310001,0.84320003,0.84259999,0.84280002
2025-01-24 14:00:00,0.84280002,0.84310001,0.84249997,0.84289998
2025-01-24 15:00:00,0.84299999,0.84320003,0.84270000,0.84299999
2025-01-24 16:00:00,0.84299999,0.84329998,0.84280002,0.84289998
2025-01-24 17:00:00,0.84280002,0.84350002,0.84230000,0.84340000
2025-01-24 18:00:00,0.84340000,0.84469998,0.84329998,0.84460002
2025-01-24 19:00:00,0.84450001,0.84600002,0.84450001,0.84600002
2025-01-24 20:00:00,0.84600002,0.84630001,0.84420002,0.84450001
2025-01-24 21:00:00,0.84439999,0.84469998,0.84369999,0.84390002
2025-01-24 22:00:00,0.84380001,0.84469998,0.84380001,0.84469998
2025-01-24 23:00:00,0.84469998,0.84500003,0.84399998,0.84410000
2025-01-25 00:00:00,0.84399998,0.84439999,0.84310001,0.84329998
2025-01-25 01:00:00,0.84329998,0.84390002,0.84280002,0.84350002
2025-01-25 02:00:00,0.84350002,0.84369999,0.84230000,0.84240001
2025-01-25 03:00:00,0.84249997,0.84249997,0.84109998,0.84160000
2025-01-25 04:00:00,0.84170002,0.84179997,0.84119999,0.84170002
2025-01-25 05:00:00,0.84170002,0.84170002,0.84090000,0.84090000
2025-01-25 06:00:00,0.84090000,0.84100002,0.84069997,0.84079999
2025-01-25 07:00:00,0.84079999,0.84090000,0.84039998,0.84060001
2025-01-25 08:00:00,0.84060001,0.84079999,0.84039998,0.84069997
2025-01-27 09:00:00,0.84149998,0.84149998,0.84030002,0.84060001
2025-01-27 10:00:00,0.84069997,0.84079999,0.84009999,0.84020001
2025-01-27 11:00:00,0.84020001,0.84079999,0.84009999,0.84079999
2025-01-27 12:00:00,0.84079999,0.84090000,0.84039998,0.84050000
2025-01-27 13:00:00,0.84050000,0.84069997,0.84050000,0.84060001
2025-01-27 14:00:00,0.84069997,0.84079999,0.84039998,0.84050000
2025-01-27 15:00:00,0.84050000,0.84050000,0.84030002,0.84039998
2025-01-27 16:00:00,0.84039998,0.84069997,0.84020001,0.84069997
2025-01-27 17:00:00,0.84060001,0.84060001,0.83969998,0.83999997
2025-01-27 18:00:00,0.83999997,0.84160000,0.83990002,0.84140003
2025-01-27 19:00:00,0.84140003,0.84189999,0.84100002,0.84189999
2025-01-27 20:00:00,0.84189999,0.84200001,0.83999997,0.84009999
2025-01-27 21:00:00,0.83999997,0.84090000,0.83920002,0.84079999
2025-01-27 22:00:00,0.84079999,0.84140003,0.84020001,0.84130001
2025-01-27 23:00:00,0.84119999,0.84140003,0.84069997,0.84090000
2025-01-28 00:00:00,0.84079999,0.84149998,0.84050000,0.84140003
2025-01-28 01:00:00,0.84149998,0.84149998,0.84060001,0.84069997
2025-01-28 02:00:00,0.84069997,0.84189999,0.84069997,0.84170002
2025-01-28 03:00:00,0.84179997,0.84210002,0.84090000,0.84090000
2025-01-28 04:00:00,0.84079999,0.84109998,0.84060001,0.84079999
2025-01-28 05:00:00,0.84079999,0.84090000,0.84009999,0.84030002
2025-01-28 06:00:00,0.84020001,0.84039998,0.83999997,0.84009999
2025-01-28 07:00:00,0.84009999,0.84020001,0.83960003,0.83969998
2025-01-28 08:00:00,0.83960003,0.83980000,0.83920002,0.83939999
2025-01-28 09:00:00,0.83950001,0.83990002,0.83929998,0.83950001
2025-01-28 10:00:00,0.83950001,0.83960003,0.83800000,0.83829999
2025-01-28 11:00:00,0.83819997,0.83880001,0.83800000,0.83850002
2025-01-28 12:00:00,0.83850002,0.83899999,0.83840001,0.83840001
2025-01-28 13:00:00,0.83850002,0.83859998,0.83800000,0.83840001
2025-01-28 14:00:00,0.83840001,0.83859998,0.83829999,0.83840001
2025-01-28 15:00:00,0.83829999,0.83880001,0.83829999,0.83840001
2025-01-28 16:00:00,0.83840001,0.83870000,0.83840001,0.83870000
2025-01-28 17:00:00,0.83859998,0.83910000,0.83859998,0.83899999
2025-01-28 18:00:00,0.83899999,0.83939999,0.83870000,0.83899999
2025-01-28 19:00:00,0.83890003,0.83899999,0.83810002,0.83859998
2025-01-28 20:00:00,0.83859998,0.83890003,0.83800000,0.83829999
2025-01-28 21:00:00,0.83840001,0.83850002,0.83800000,0.83829999
2025-01-28 22:00:00,0.83829999,0.83899999,0.83819997,0.83890003
2025-01-28 23:00:00,0.83880001,0.83899999,0.83819997,0.83859998
2025-01-29 00:00:00,0.83850002,0.83960003,0.83850002,0.83910000
2025-01-29 01:00:00,0.83910000,0.83950001,0.83850002,0.83939999
2025-01-29 02:00:00,0.83939999,0.83950001,0.83829999,0.83850002
2025-01-29 03:00:00,0.83850002,0.83910000,0.83829999,0.83880001
2025-01-29 04:00:00,0.83880001,0.83920002,0.83859998,0.83899999
2025-01-29 05:00:00,0.83910000,0.83929998,0.83880001,0.83890003
2025-01-29 06:00:00,0.83880001,0.83920002,0.83859998,0.83859998
2025-01-29 07:00:00,0.83870000,0.83890003,0.83840001,0.83850002
2025-01-29 08:00:00,0.83850002,0.83859998,0.83829999,0.83840001
2025-01-29 09:00:00,0.83829999,0.83850002,0.83810002,0.83829999
2025-01-29 10:00:00,0.83829999,0.83850002,0.83819997,0.83819997
2025-01-29 11:00:00,0.83819997,0.83880001,0.83810002,0.83859998
2025-01-29 12:00:00,0.83870000,0.83880001,0.83850002,0.83850002
2025-01-29 13:00:00,0.83850002,0.83859998,0.83819997,0.83840001
2025-01-29 14:00:00,0.83840001,0.83859998,0.83840001,0.83850002
2025-01-29 15:00:00,0.83850002,0.83859998,0.83819997,0.83819997
2025-01-29 16:00:00,0.83829999,0.83840001,0.83819997,0.83840001
2025-01-29 17:00:00,0.83829999,0.83840001,0.83789998,0.83789998
2025-01-29 18:00:00,0.83789998,0.83819997,0.83649999,0.83670002
2025-01-29 19:00:00,0.83679998,0.83829999,0.83639997,0.83810002
2025-01-29 20:00:00,0.83800000,0.83810002,0.83719999,0.83770001
2025-01-29 21:00:00,0.83770001,0.83800000,0.83730000,0.83800000
2025-01-29 22:00:00,0.83789998,0.83810002,0.83740002,0.83759999
2025-01-29 23:00:00,0.83749998,0.83780003,0.83719999,0.83740002
2025-01-30 00:00:00,0.83730000,0.83810002,0.83700001,0.83789998
2025-01-30 01:00:00,0.83789998,0.83840001,0.83770001,0.83840001
2025-01-30 02:00:00,0.83829999,0.83850002,0.83770001,0.83800000
2025-01-30 03:00:00,0.83800000,0.83829999,0.83759999,0.83789998
2025-01-30 04:00:00,0.83780003,0.83789998,0.83749998,0.83759999
2025-01-30 05:00:00,0.83759999,0.83780003,0.83700001,0.83710003
2025-01-30 06:00:00,0.83730000,0.83740002,0.83649999,0.83700001
2025-01-30 07:00:00,0.83710003,0.83730000,0.83670002,0.83700001
2025-01-30 08:00:00,0.83690000,0.83710003,0.83679998,0.83700001
2025-01-30 09:00:00,0.83690000,0.83730000,0.83670002,0.83700001
2025-01-30 10:00:00,0.83700001,0.83719999,0.83690000,0.83700001
2025-01-30 11:00:00,0.83700001,0.83740002,0.83690000,0.83719999
2025-01-30 12:00:00,0.83719999,0.83730000,0.83700001,0.83700001
2025-01-30 13:00:00,0.83700001,0.83740002,0.83690000,0.83730000
2025-01-30 14:00:00,0.83730000,0.83740002,0.83710003,0.83730000
2025-01-30 15:00:00,0.83730000,0.83740002,0.83719999,0.83719999
2025-01-30 16:00:00,0.83719999,0.83740002,0.83710003,0.83730000
2025-01-30 17:00:00,0.83730000,0.83770001,0.83710003,0.83710003
2025-01-30 18:00:00,0.83710003,0.83749998,0.83700001,0.83719999
2025-01-30 19:00:00,0.83740002,0.83740002,0.83639997,0.83679998
2025-01-30 20:00:00,0.83670002,0.83679998,0.83600003,0.83649999
2025-01-30 21:00:00,0.83639997,0.83690000,0.83620000,0.83670002
2025-01-30 22:00:00,0.83660001,0.83670002,0.83600003,0.83620000
2025-01-30 23:00:00,0.83620000,0.83679998,0.83609998,0.83649999
2025-01-31 00:00:00,0.83649999,0.83880001,0.83649999,0.83870000
2025-01-31 01:00:00,0.83859998,0.83910000,0.83639997,0.83670002
2025-01-31 02:00:00,0.83670002,0.83749998,0.83649999,0.83679998
2025-01-31 03:00:00,0.83670002,0.83700001,0.83630002,0.83700001
2025-01-31 04:00:00,0.83690000,0.83770001,0.83690000,0.83710003
2025-01-31 05:00:00,0.83710003,0.83740002,0.83700001,0.83700001
2025-01-31 06:00:00,0.83700001,0.83730000,0.83690000,0.83700001
2025-01-31 07:00:00,0.83700001,0.83730000,0.83679998,0.83700001
2025-01-31 08:00:00,0.83690000,0.83710003,0.83649999,0.83690000
2025-01-31 09:00:00,0.83690000,0.83719999,0.83660001,0.83679998
2025-01-31 10:00:00,0.83670002,0.83700001,0.83660001,0.83700001
2025-01-31 11:00:00,0.83700001,0.83700001,0.83649999,0.83649999
2025-01-31 12:00:00,0.83660001,0.83670002,0.83630002,0.83660001
2025-01-31 13:00:00,0.83649999,0.83670002,0.83630002,0.83639997
2025-01-31 14:00:00,0.83649999,0.83649999,0.83620000,0.83639997
2025-01-31 15:00:00,0.83630002,0.83649999,0.83630002,0.83630002
2025-01-31 16:00:00,0.83630002,0.83660001,0.83620000,0.83649999
2025-01-31 17:00:00,0.83639997,0.83649999,0.83620000,0.83630002
2025-01-31 18:00:00,0.83630002,0.83749998,0.83620000,0.83670002
2025-01-31 19:00:00,0.83670002,0.83679998,0.83620000,0.83660001
2025-01-31 20:00:00,0.83639997,0.83649999,0.83569998,0.83600003
2025-01-31 21:00:00,0.83590001,0.83609998,0.83550000,0.83579999
2025-01-31 22:00:00,0.83569998,0.83639997,0.83560002,0.83620000
2025-01-31 23:00:00,0.83620000,0.83639997,0.83569998,0.83590001
2025-02-01 00:00:00,0.83600003,0.83660001,0.83579999,0.83639997
2025-02-01 01:00:00,0.83630002,0.83719999,0.83620000,0.83660001
2025-02-01 02:00:00,0.83660001,0.83710003,0.83569998,0.83679998
2025-02-01 03:00:00,0.83670002,0.83700001,0.83550000,0.83569998
2025-02-01 04:00:00,0.83560002,0.83679998,0.83560002,0.83670002
2025-02-01 05:00:00,0.83670002,0.83690000,0.83620000,0.83660001
2025-02-01 06:00:00,0.83649999,0.83679998,0.83630002,0.83679998
2025-02-01 07:00:00,0.83679998,0.83700001,0.83639997,0.83660001
2025-02-01 08:00:00,0.83670002,0.83690000,0.83550000,0.83590001
2025-02-03 09:00:00,0.83249998,0.83340001,0.83120000,0.83279997
2025-02-03 10:00:00,0.83300000,0.83380002,0.83190000,0.83380002
2025-02-03 11:00:00,0.83380002,0.83429998,0.83209997,0.83350003
2025-02-03 12:00:00,0.83340001,0.83380002,0.83240002,0.83310002
2025-02-03 13:00:00,0.83319998,0.83399999,0.83289999,0.83380002
2025-02-03 14:00:00,0.83380002,0.83389997,0.83340001,0.83359998
2025-02-03 15:00:00,0.83350003,0.83459997,0.83340001,0.83429998
2025-02-03 16:00:00,0.83429998,0.83459997,0.83410001,0.83410001
2025-02-03 17:00:00,0.83410001,0.83429998,0.83359998,0.83359998
2025-02-03 18:00:00,0.83359998,0.83389997,0.83200002,0.83240002
2025-02-03 19:00:00,0.83240002,0.83260000,0.83120000,0.83240002
2025-02-03 20:00:00,0.83240002,0.83270001,0.83200002,0.83240002
2025-02-03 21:00:00,0.83240002,0.83249998,0.83170003,0.83200002
2025-02-03 22:00:00,0.83200002,0.83260000,0.83190000,0.83219999
2025-02-03 23:00:00,0.83230001,0.83249998,0.83090001,0.83099997
2025-02-04 00:00:00,0.83099997,0.83170003,0.82990003,0.83010000
2025-02-04 01:00:00,0.83020002,0.83069998,0.82969999,0.82969999
2025-02-04 02:00:00,0.82980001,0.83240002,0.82969999,0.83120000
2025-02-04 03:00:00,0.83109999,0.83139998,0.82950002,0.82969999
2025-02-04 04:00:00,0.82959998,0.82999998,0.82920003,0.82950002
2025-02-04 05:00:00,0.82940000,0.82969999,0.82920003,0.82950002
2025-02-04 06:00:00,0.82950002,0.82990003,0.82929999,0.82980001
2025-02-04 07:00:00,0.82969999,0.83029997,0.82969999,0.83010000
2025-02-04 08:00:00,0.83020002,0.83120000,0.83010000,0.83080000
2025-02-04 09:00:00,0.83060002,0.83179998,0.83039999,0.83139998
2025-02-04 10:00:00,0.83139998,0.83139998,0.83060002,0.83069998
2025-02-04 11:00:00,0.83069998,0.83090001,0.83029997,0.83060002
2025-02-04 12:00:00,0.83050001,0.83109999,0.83050001,0.83099997
2025-02-04 13:00:00,0.83099997,0.83099997,0.83060002,0.83069998
2025-02-04 14:00:00,0.83080000,0.83099997,0.83060002,0.83090001
2025-02-04 15:00:00,0.83090001,0.83109999,0.83060002,0.83060002
2025-02-04 16:00:00,0.83060002,0.83080000,0.82969999,0.83029997
2025-02-04 17:00:00,0.83039999,0.83069998,0.83010000,0.83060002
2025-02-04 18:00:00,0.83050001,0.83080000,0.83020002,0.83060002
2025-02-04 19:00:00,0.83060002,0.83230001,0.83060002,0.83209997
2025-02-04 20:00:00,0.83200002,0.83249998,0.83160001,0.83209997
2025-02-04 21:00:00,0.83200002,0.83219999,0.83139998,0.83179998
2025-02-04 22:00:00,0.83179998,0.83230001,0.83130002,0.83209997
2025-02-04 23:00:00,0.83219999,0.83260000,0.83170003,0.83179998
2025-02-05 00:00:00,0.83170003,0.83240002,0.83170003,0.83190000
2025-02-05 01:00:00,0.83200002,0.83249998,0.83170003,0.83219999
2025-02-05 02:00:00,0.83209997,0.83310002,0.83149999,0.83200002
2025-02-05 03:00:00,0.83200002,0.83209997,0.83120000,0.83139998
2025-02-05 04:00:00,0.83130002,0.83149999,0.83099997,0.83130002
2025-02-05 05:00:00,0.83130002,0.83170003,0.83130002,0.83160001
2025-02-05 06:00:00,0.83160001,0.83190000,0.83149999,0.83170003
2025-02-05 07:00:00,0.83179998,0.83190000,0.83160001,0.83170003
2025-02-05 08:00:00,0.83170003,0.83190000,0.83149999,0.83160001
2025-02-05 09:00:00,0.83190000,0.83200002,0.83139998,0.83160001
2025-02-05 10:00:00,0.83160001,0.83179998,0.83130002,0.83130002
2025-02-05 11:00:00,0.83139998,0.83170003,0.83130002,0.83149999
2025-02-05 12:00:00,0.83160001,0.83190000,0.83139998,0.83190000
2025-02-05 13:00:00,0.83190000,0.83219999,0.83179998,0.83219999
2025-02-05 14:00:00,0.83219999,0.83230001,0.83200002,0.83209997
2025-02-05 15:00:00,0.83209997,0.83230001,0.83200002,0.83219999
2025-02-05 16:00:00,0.83209997,0.83249998,0.83200002,0.83240002
2025-02-05 17:00:00,0.83230001,0.83249998,0.83200002,0.83240002
2025-02-05 18:00:00,0.83249998,0.83270001,0.83200002,0.83219999
2025-02-05 19:00:00,0.83209997,0.83249998,0.83170003,0.83190000
2025-02-05 20:00:00,0.83200002,0.83209997,0.83080000,0.83120000
2025-02-05 21:00:00,0.83120000,0.83179998,0.83090001,0.83139998
2025-02-05 22:00:00,0.83130002,0.83139998,0.83050001,0.83109999
2025-02-05 23:00:00,0.83109999,0.83139998,0.83090001,0.83099997
2025-02-06 00:00:00,0.83099997,0.83170003,0.83069998,0.83170003
2025-02-06 01:00:00,0.83160001,0.83310002,0.83149999,0.83270001
2025-02-06 02:00:00,0.83260000,0.83370000,0.83240002,0.83260000
2025-02-06 03:00:00,0.83260000,0.83279997,0.83219999,0.83260000
2025-02-06 04:00:00,0.83270001,0.83319998,0.83249998,0.83300000
2025-02-06 05:00:00,0.83300000,0.83310002,0.83260000,0.83260000
2025-02-06 06:00:00,0.83249998,0.83260000,0.83200002,0.83219999
2025-02-06 07:00:00,0.83230001,0.83240002,0.83200002,0.83230001
2025-02-06 08:00:00,0.83219999,0.83240002,0.83160001,0.83179998
2025-02-06 09:00:00,0.83170003,0.83219999,0.83160001,0.83209997
2025-02-06 10:00:00,0.83209997,0.83219999,0.83170003,0.83170003
2025-02-06 11:00:00,0.83179998,0.83190000,0.83160001,0.83170003
2025-02-06 12:00:00,0.83160001,0.83190000,0.83149999,0.83170003
2025-02-06 13:00:00,0.83170003,0.83209997,0.83170003,0.83209997
2025-02-06 14:00:00,0.83200002,0.83209997,0.83170003,0.83170003
2025-02-06 15:00:00,0.83170003,0.83179998,0.83170003,0.83179998
2025-02-06 16:00:00,0.83179998,0.83209997,0.83170003,0.83200002
2025-02-06 17:00:00,0.83209997,0.83240002,0.83179998,0.83209997
2025-02-06 18:00:00,0.83219999,0.83270001,0.83200002,0.83219999
2025-02-06 19:00:00,0.83209997,0.83279997,0.83190000,0.83279997
2025-02-06 20:00:00,0.83279997,0.83420002,0.83240002,0.83370000
2025-02-06 21:00:00,0.83370000,0.83499998,0.83350003,0.83450001
2025-02-06 22:00:00,0.83450001,0.83450001,0.83380002,0.83389997
2025-02-06 23:00:00,0.83389997,0.83770001,0.83370000,0.83740002
2025-02-07 00:00:00,0.83730000,0.83759999,0.83609998,0.83670002
2025-02-07 01:00:00,0.83660001,0.83679998,0.83560002,0.83609998
2025-02-07 02:00:00,0.83620000,0.83639997,0.83480000,0.83530003
2025-02-07 03:00:00,0.83530003,0.83530003,0.83370000,0.83389997
2025-02-07 04:00:00,0.83399999,0.83450001,0.83389997,0.83429998
2025-02-07 05:00:00,0.83420002,0.83480000,0.83399999,0.83459997
2025-02-07 06:00:00,0.83459997,0.83510000,0.83450001,0.83510000
2025-02-07 07:00:00,0.83510000,0.83530003,0.83499998,0.83510000
2025-02-07 08:00:00,0.83520001,0.83530003,0.83490002,0.83499998
2025-02-07 09:00:00,0.83520001,0.83539999,0.83499998,0.83520001
2025-02-07 10:00:00,0.83520001,0.83530003,0.83499998,0.83520001
2025-02-07 11:00:00,0.83520001,0.83550000,0.83499998,0.83530003
2025-02-07 12:00:00,0.83530003,0.83550000,0.83480000,0.83539999
2025-02-07 13:00:00,0.83530003,0.83539999,0.83469999,0.83469999
2025-02-07 14:00:00,0.83480000,0.83520001,0.83469999,0.83520001
2025-02-07 15:00:00,0.83520001,0.83550000,0.83520001,0.83530003
2025-02-07 16:00:00,0.83530003,0.83560002,0.83520001,0.83530003
2025-02-07 17:00:00,0.83530003,0.83539999,0.83490002,0.83499998
2025-02-07 18:00:00,0.83499998,0.83520001,0.83450001,0.83510000
2025-02-07 19:00:00,0.83499998,0.83520001,0.83410001,0.83420002
2025-02-07 20:00:00,0.83410001,0.83429998,0.83370000,0.83399999
2025-02-07 21:00:00,0.83399999,0.83410001,0.83329999,0.83380002
2025-02-07 22:00:00,0.83389997,0.83389997,0.83350003,0.83370000
2025-02-07 23:00:00,0.83370000,0.83389997,0.83300000,0.83350003
2025-02-08 00:00:00,0.83350003,0.83389997,0.83289999,0.83380002
2025-02-08 01:00:00,0.83380002,0.83399999,0.83310002,0.83350003
2025-02-08 02:00:00,0.83340001,0.83440000,0.83249998,0.83350003
2025-02-08 03:00:00,0.83340001,0.83380002,0.83300000,0.83340001
2025-02-08 04:00:00,0.83340001,0.83429998,0.83200002,0.83230001
2025-02-08 05:00:00,0.83219999,0.83249998,0.83179998,0.83240002
2025-02-08 06:00:00,0.83240002,0.83260000,0.83230001,0.83240002
2025-02-08 07:00:00,0.83240002,0.83279997,0.83230001,0.83249998
2025-02-08 08:00:00,0.83249998,0.83289999,0.83230001,0.83279997
2025-02-10 09:00:00,0.83139998,0.83230001,0.83120000,0.83139998
2025-02-10 10:00:00,0.83149999,0.83230001,0.83149999,0.83209997
2025-02-10 11:00:00,0.83219999,0.83240002,0.83200002,0.83209997
2025-02-10 12:00:00,0.83200002,0.83219999,0.83190000,0.83200002
2025-02-10 13:00:00,0.83209997,0.83209997,0.83170003,0.83190000
2025-02-10 14:00:00,0.83190000,0.83200002,0.83170003,0.83179998
2025-02-10 15:00:00,0.83179998,0.83200002,0.83179998,0.83190000
2025-02-10 16:00:00,0.83179998,0.83200002,0.83170003,0.83190000
2025-02-10 17:00:00,0.83190000,0.83190000,0.83139998,0.83160001
2025-02-10 18:00:00,0.83149999,0.83179998,0.83099997,0.83139998
2025-02-10 19:00:00,0.83139998,0.83270001,0.83120000,0.83260000
2025-02-10 20:00:00,0.83260000,0.83289999,0.83170003,0.83219999
2025-02-10 21:00:00,0.83230001,0.83260000,0.83200002,0.83230001
2025-02-10 22:00:00,0.83219999,0.83279997,0.83200002,0.83209997
2025-02-10 23:00:00,0.83230001,0.83300000,0.83200002,0.83260000
2025-02-11 00:00:00,0.83260000,0.83329999,0.83260000,0.83310002
2025-02-11 01:00:00,0.83300000,0.83340001,0.83270001,0.83289999
2025-02-11 02:00:00,0.83300000,0.83319998,0.83230001,0.83260000
2025-02-11 03:00:00,0.83260000,0.83289999,0.83240002,0.83289999
2025-02-11 04:00:00,0.83279997,0.83319998,0.83270001,0.83289999
2025-02-11 05:00:00,0.83300000,0.83350003,0.83289999,0.83350003
2025-02-11 06:00:00,0.83350003,0.83359998,0.83329999,0.83350003
2025-02-11 07:00:00,0.83340001,0.83359998,0.83329999,0.83350003
2025-02-11 08:00:00,0.83350003,0.83370000,0.83340001,0.83340001
2025-02-11 09:00:00,0.83329999,0.83359998,0.83300000,0.83319998
2025-02-11 10:00:00,0.83319998,0.83370000,0.83319998,0.83340001
2025-02-11 11:00:00,0.83350003,0.83380002,0.83340001,0.83359998
2025-02-11 12:00:00,0.83359998,0.83359998,0.83329999,0.83359998
2025-02-11 13:00:00,0.83359998,0.83389997,0.83350003,0.83370000
2025-02-11 14:00:00,0.83359998,0.83380002,0.83350003,0.83359998
2025-02-11 15:00:00,0.83370000,0.83380002,0.83359998,0.83370000
2025-02-11 16:00:00,0.83359998,0.83370000,0.83359998,0.83359998
2025-02-11 17:00:00,0.83370000,0.83389997,0.83359998,0.83389997
2025-02-11 18:00:00,0.83389997,0.83499998,0.83380002,0.83490002
2025-02-11 19:00:00,0.83499998,0.83530003,0.83429998,0.83490002
2025-02-11 20:00:00,0.83499998,0.83499998,0.83370000,0.83440000
2025-02-11 21:00:00,0.83450001,0.83530003,0.83429998,0.83459997
2025-02-11 22:00:00,0.83459997,0.83480000,0.83440000,0.83469999
2025-02-11 23:00:00,0.83459997,0.83520001,0.83370000,0.83380002
2025-02-12 00:00:00,0.83370000,0.83389997,0.83249998,0.83260000
2025-02-12 01:00:00,0.83260000,0.83310002,0.83249998,0.83279997
2025-02-12 02:00:00,0.83289999,0.83359998,0.83260000,0.83350003
2025-02-12 03:00:00,0.83359998,0.83359998,0.83279997,0.83279997
2025-02-12 04:00:00,0.83289999,0.83300000,0.83270001,0.83279997
2025-02-12 05:00:00,0.83279997,0.83300000,0.83260000,0.83270001
2025-02-12 06:00:00,0.83270001,0.83359998,0.83260000,0.83279997
2025-02-12 07:00:00,0.83270001,0.83310002,0.83260000,0.83279997
2025-02-12 08:00:00,0.83279997,0.83279997,0.83230001,0.83249998
2025-02-12 09:00:00,0.83260000,0.83310002,0.83249998,0.83270001
2025-02-12 10:00:00,0.83270001,0.83270001,0.83230001,0.83230001
2025-02-12 11:00:00,0.83240002,0.83260000,0.83209997,0.83219999
2025-02-12 12:00:00,0.83230001,0.83249998,0.83209997,0.83219999
2025-02-12 13:00:00,0.83209997,0.83240002,0.83209997,0.83230001
2025-02-12 14:00:00,0.83230001,0.83249998,0.83209997,0.83230001
2025-02-12 15:00:00,0.83230001,0.83249998,0.83209997,0.83240002
2025-02-12 16:00:00,0.83240002,0.83249998,0.83219999,0.83240002
2025-02-12 17:00:00,0.83230001,0.83260000,0.83230001,0.83260000
2025-02-12 18:00:00,0.83249998,0.83300000,0.83240002,0.83279997
2025-02-12 19:00:00,0.83289999,0.83380002,0.83260000,0.83359998
2025-02-12 20:00:00,0.83350003,0.83380002,0.83319998,0.83350003
2025-02-12 21:00:00,0.83350003,0.83410001,0.83329999,0.83389997
2025-02-12 22:00:00,0.83399999,0.83399999,0.83279997,0.83289999
2025-02-12 23:00:00,0.83289999,0.83319998,0.83279997,0.83310002
2025-02-13 00:00:00,0.83310002,0.83429998,0.83289999,0.83410001
2025-02-13 01:00:00,0.83399999,0.83480000,0.83399999,0.83440000
2025-02-13 02:00:00,0.83450001,0.83459997,0.83370000,0.83440000
2025-02-13 03:00:00,0.83429998,0.83530003,0.83410001,0.83499998
2025-02-13 04:00:00,0.83510000,0.83560002,0.83499998,0.83560002
2025-02-13 05:00:00,0.83560002,0.83560002,0.83480000,0.83490002
2025-02-13 06:00:00,0.83490002,0.83499998,0.83469999,0.83490002
2025-02-13 07:00:00,0.83480000,0.83510000,0.83480000,0.83499998
2025-02-13 08:00:00,0.83499998,0.83499998,0.83440000,0.83450001
2025-02-13 09:00:00,0.83389997,0.83490002,0.83389997,0.83440000
2025-02-13 10:00:00,0.83440000,0.83480000,0.83440000,0.83469999
2025-02-13 11:00:00,0.83469999,0.83499998,0.83459997,0.83480000
2025-02-13 12:00:00,0.83480000,0.83510000,0.83469999,0.83480000
2025-02-13 13:00:00,0.83490002,0.83510000,0.83480000,0.83490002
2025-02-13 14:00:00,0.83480000,0.83510000,0.83469999,0.83510000
2025-02-13 15:00:00,0.83510000,0.83569998,0.83490002,0.83560002
2025-02-13 16:00:00,0.83560002,0.83560002,0.83510000,0.83539999
2025-02-13 17:00:00,0.83539999,0.83539999,0.83499998,0.83530003
2025-02-13 18:00:00,0.83530003,0.83530003,0.83319998,0.83350003
2025-02-13 19:00:00,0.83340001,0.83480000,0.83340001,0.83469999
2025-02-13 20:00:00,0.83469999,0.83480000,0.83399999,0.83450001
2025-02-13 21:00:00,0.83440000,0.83490002,0.83359998,0.83370000
2025-02-13 22:00:00,0.83380002,0.83450001,0.83340001,0.83389997
2025-02-13 23:00:00,0.83389997,0.83410001,0.83329999,0.83340001
2025-02-14 00:00:00,0.83340001,0.83440000,0.83310002,0.83350003
2025-02-14 01:00:00,0.83340001,0.83359998,0.83279997,0.83310002
2025-02-14 02:00:00,0.83319998,0.83410001,0.83300000,0.83310002
2025-02-14 03:00:00,0.83319998,0.83329999,0.83240002,0.83249998
2025-02-14 04:00:00,0.83249998,0.83279997,0.83209997,0.83260000
2025-02-14 05:00:00,0.83260000,0.83289999,0.83139998,0.83230001
2025-02-14 06:00:00,0.83219999,0.83279997,0.83219999,0.83260000
2025-02-14 07:00:00,0.83249998,0.83319998,0.83249998,0.83289999
2025-02-14 08:00:00,0.83300000,0.83300000,0.83260000,0.83279997
2025-02-14 09:00:00,0.83279997,0.83410001,0.83270001,0.83300000
2025-02-14 10:00:00,0.83279997,0.83300000,0.83249998,0.83260000
2025-02-14 11:00:00,0.83270001,0.83310002,0.83249998,0.83279997
2025-02-14 12:00:00,0.83289999,0.83289999,0.83230001,0.83260000
2025-02-14 13:00:00,0.83249998,0.83260000,0.83240002,0.83260000
2025-02-14 14:00:00,0.83260000,0.83289999,0.83249998,0.83270001
2025-02-14 15:00:00,0.83289999,0.83300000,0.83270001,0.83270001
2025-02-14 16:00:00,0.83279997,0.83279997,0.83240002,0.83270001
2025-02-14 17:00:00,0.83260000,0.83279997,0.83260000,0.83279997
2025-02-14 18:00:00,0.83270001,0.83319998,0.83260000,0.83300000
2025-02-14 19:00:00,0.83300000,0.83310002,0.83230001,0.83249998
2025-02-14 20:00:00,0.83260000,0.83279997,0.83230001,0.83270001
2025-02-14 21:00:00,0.83270001,0.83289999,0.83200002,0.83219999
2025-02-14 22:00:00,0.83209997,0.83230001,0.83160001,0.83200002
2025-02-14 23:00:00,0.83200002,0.83230001,0.83170003,0.83200002
2025-02-15 00:00:00,0.83209997,0.83289999,0.83190000,0.83219999
2025-02-15 01:00:00,0.83230001,0.83270001,0.83190000,0.83230001
2025-02-15 02:00:00,0.83230001,0.83319998,0.83209997,0.83279997
2025-02-15 03:00:00,0.83279997,0.83310002,0.83270001,0.83279997
2025-02-15 04:00:00,0.83279997,0.83340001,0.83270001,0.83329999
2025-02-15 05:00:00,0.83329999,0.83370000,0.83319998,0.83359998
2025-02-15 06:00:00,0.83350003,0.83359998,0.83329999,0.83359998
2025-02-15 07:00:00,0.83350003,0.83380002,0.83340001,0.83359998
2025-02-15 08:00:00,0.83370000,0.83380002,0.83340001,0.83359998
2025-02-17 09:00:00,0.83279997,0.83359998,0.83270001,0.83329999
2025-02-17 10:00:00,0.83340001,0.83370000,0.83340001,0.83350003
2025-02-17 11:00:00,0.83350003,0.83380002,0.83329999,0.83370000
2025-02-17 12:00:00,0.83359998,0.83389997,0.83359998,0.83380002
2025-02-17 13:00:00,0.83380002,0.83389997,0.83359998,0.83380002
2025-02-17 14:00:00,0.83380002,0.83389997,0.83350003,0.83350003
2025-02-17 15:00:00,0.83350003,0.83359998,0.83319998,0.83329999
2025-02-17 16:00:00,0.83329999,0.83340001,0.83300000,0.83340001
2025-02-17 17:00:00,0.83329999,0.83340001,0.83279997,0.83289999
2025-02-17 18:00:00,0.83279997,0.83350003,0.83219999,0.83230001
2025-02-17 19:00:00,0.83230001,0.83249998,0.83179998,0.83190000
2025-02-17 20:00:00,0.83190000,0.83209997,0.83149999,0.83179998
2025-02-17 21:00:00,0.83200002,0.83260000,0.83179998,0.83230001
2025-02-17 22:00:00,0.83230001,0.83240002,0.83170003,0.83179998
2025-02-17 23:00:00,0.83170003,0.83179998,0.83139998,0.83160001
2025-02-18 00:00:00,0.83149999,0.83190000,0.83090001,0.83170003
2025-02-18 01:00:00,0.83179998,0.83209997,0.83160001,0.83190000
2025-02-18 02:00:00,0.83179998,0.83219999,0.83120000,0.83139998
2025-02-18 03:00:00,0.83130002,0.83149999,0.83090001,0.83099997
2025-02-18 04:00:00,0.83099997,0.83109999,0.83029997,0.83039999
2025-02-18 05:00:00,0.83039999,0.83060002,0.83010000,0.83020002
2025-02-18 06:00:00,0.83010000,0.83020002,0.82969999,0.82999998
2025-02-18 07:00:00,0.82999998,0.83029997,0.82999998,0.83020002
2025-02-18 08:00:00,0.83029997,0.83050001,0.83020002,0.83050001
2025-02-18 09:00:00,0.83050001,0.83080000,0.83029997,0.83050001
2025-02-18 10:00:00,0.83050001,0.83080000,0.83029997,0.83080000
2025-02-18 11:00:00,0.83080000,0.83090001,0.83060002,0.83069998
2025-02-18 12:00:00,0.83069998,0.83080000,0.83020002,0.83029997
2025-02-18 13:00:00,0.83029997,0.83069998,0.83029997,0.83039999
2025-02-18 14:00:00,0.83039999,0.83050001,0.83020002,0.83020002
2025-02-18 15:00:00,0.83029997,0.83039999,0.82999998,0.82999998
2025-02-18 16:00:00,0.83010000,0.83029997,0.82980001,0.82980001
2025-02-18 17:00:00,0.82990003,0.83039999,0.82980001,0.83010000
2025-02-18 18:00:00,0.83010000,0.83029997,0.82940000,0.82950002
2025-02-18 19:00:00,0.82950002,0.82959998,0.82900000,0.82929999
2025-02-18 20:00:00,0.82929999,0.83010000,0.82920003,0.82990003
2025-02-18 21:00:00,0.83010000,0.83080000,0.82990003,0.83069998
2025-02-18 22:00:00,0.83060002,0.83069998,0.83010000,0.83039999
2025-02-18 23:00:00,0.83039999,0.83099997,0.82999998,0.83060002
2025-02-19 00:00:00,0.83050001,0.83069998,0.82940000,0.82950002
2025-02-19 01:00:00,0.82959998,0.82959998,0.82889998,0.82920003
2025-02-19 02:00:00,0.82910001,0.82969999,0.82840002,0.82969999
2025-02-19 03:00:00,0.82959998,0.82990003,0.82900000,0.82910001
2025-02-19 04:00:00,0.82920003,0.82940000,0.82849997,0.82900000
2025-02-19 05:00:00,0.82910001,0.82910001,0.82849997,0.82880002
2025-02-19 06:00:00,0.82880002,0.82940000,0.82880002,0.82920003
2025-02-19 07:00:00,0.82910001,0.82920003,0.82870001,0.82880002
2025-02-19 08:00:00,0.82870001,0.82880002,0.82810003,0.82819998
2025-02-19 09:00:00,0.82819998,0.82870001,0.82669997,0.82730001
2025-02-19 10:00:00,0.82720000,0.82779998,0.82709998,0.82770002
2025-02-19 11:00:00,0.82760000,0.82810003,0.82749999,0.82789999
2025-02-19 12:00:00,0.82789999,0.82849997,0.82789999,0.82830000
2025-02-19 13:00:00,0.82830000,0.82870001,0.82819998,0.82849997
2025-02-19 14:00:00,0.82840002,0.82870001,0.82840002,0.82849997
2025-02-19 15:00:00,0.82840002,0.82859999,0.82840002,0.82849997
2025-02-19 16:00:00,0.82849997,0.82849997,0.82819998,0.82830000
2025-02-19 17:00:00,0.82840002,0.82870001,0.82830000,0.82859999
2025-02-19 18:00:00,0.82840002,0.82889998,0.82760000,0.82830000
2025-02-19 19:00:00,0.82840002,0.82870001,0.82760000,0.82779998
2025-02-19 20:00:00,0.82779998,0.82800001,0.82730001,0.82749999
2025-02-19 21:00:00,0.82740003,0.82810003,0.82730001,0.82779998
2025-02-19 22:00:00,0.82779998,0.82870001,0.82770002,0.82840002
2025-02-19 23:00:00,0.82849997,0.82880002,0.82840002,0.82859999
2025-02-20 00:00:00,0.82859999,0.82880002,0.82819998,0.82870001
2025-02-20 01:00:00,0.82870001,0.82900000,0.82830000,0.82859999
2025-02-20 02:00:00,0.82870001,0.82870001,0.82789999,0.82800001
2025-02-20 03:00:00,0.82800001,0.82819998,0.82760000,0.82770002
2025-02-20 04:00:00,0.82770002,0.82819998,0.82770002,0.82800001
2025-02-20 05:00:00,0.82800001,0.82870001,0.82800001,0.82859999
2025-02-20 06:00:00,0.82870001,0.82889998,0.82840002,0.82849997
2025-02-20 07:00:00,0.82849997,0.82859999,0.82819998,0.82819998
2025-02-20 08:00:00,0.82830000,0.82840002,0.82810003,0.82810003
2025-02-20 09:00:00,0.82840002,0.82859999,0.82800001,0.82840002
2025-02-20 10:00:00,0.82849997,0.82849997,0.82819998,0.82819998
2025-02-20 11:00:00,0.82819998,0.82849997,0.82800001,0.82830000
2025-02-20 12:00:00,0.82819998,0.82849997,0.82800001,0.82830000
2025-02-20 13:00:00,0.82830000,0.82870001,0.82819998,0.82870001
2025-02-20 14:00:00,0.82859999,0.82870001,0.82830000,0.82840002
2025-02-20 15:00:00,0.82840002,0.82840002,0.82800001,0.82819998
2025-02-20 16:00:00,0.82819998,0.82830000,0.82800001,0.82800001
2025-02-20 17:00:00,0.82800001,0.82830000,0.82789999,0.82810003
2025-02-20 18:00:00,0.82810003,0.82830000,0.82770002,0.82830000
2025-02-20 19:00:00,0.82819998,0.82830000,0.82720000,0.82749999
2025-02-20 20:00:00,0.82749999,0.82770002,0.82700002,0.82749999
2025-02-20 21:00:00,0.82740003,0.82789999,0.82740003,0.82770002
2025-02-20 22:00:00,0.82770002,0.82830000,0.82770002,0.82789999
2025-02-20 23:00:00,0.82779998,0.82830000,0.82730001,0.82830000
2025-02-21 00:00:00,0.82819998,0.82840002,0.82800001,0.82840002
2025-02-21 01:00:00,0.82840002,0.82889998,0.82819998,0.82830000
2025-02-21 02:00:00,0.82830000,0.82870001,0.82789999,0.82859999
2025-02-21 03:00:00,0.82859999,0.82880002,0.82789999,0.82859999
2025-02-21 04:00:00,0.82859999,0.82910001,0.82859999,0.82900000
2025-02-21 05:00:00,0.82910001,0.82920003,0.82880002,0.82910001
2025-02-21 06:00:00,0.82920003,0.82920003,0.82889998,0.82889998
2025-02-21 07:00:00,0.82889998,0.82900000,0.82870001,0.82900000
2025-02-21 08:00:00,0.82889998,0.82910001,0.82880002,0.82889998
2025-02-21 09:00:00,0.82889998,0.82900000,0.82840002,0.82870001
2025-02-21 10:00:00,0.82889998,0.82900000,0.82870001,0.82880002
2025-02-21 11:00:00,0.82880002,0.82889998,0.82859999,0.82870001
2025-02-21 12:00:00,0.82870001,0.82880002,0.82849997,0.82870001
2025-02-21 13:00:00,0.82870001,0.82889998,0.82859999,0.82870001
2025-02-21 14:00:00,0.82870001,0.82910001,0.82870001,0.82889998
2025-02-21 15:00:00,0.82900000,0.82920003,0.82889998,0.82900000
2025-02-21 16:00:00,0.82910001,0.82920003,0.82880002,0.82880002
2025-02-21 17:00:00,0.82889998,0.82889998,0.82840002,0.82849997
2025-02-21 18:00:00,0.82840002,0.82840002,0.82770002,0.82819998
2025-02-21 19:00:00,0.82810003,0.82840002,0.82730001,0.82760000
2025-02-21 20:00:00,0.82760000,0.82849997,0.82749999,0.82770002
2025-02-21 21:00:00,0.82770002,0.82810003,0.82720000,0.82749999
2025-02-21 22:00:00,0.82749999,0.82810003,0.82740003,0.82800001
2025-02-21 23:00:00,0.82800001,0.82810003,0.82760000,0.82770002
2025-02-22 00:00:00,0.82779998,0.82849997,0.82760000,0.82840002
2025-02-22 01:00:00,0.82830000,0.82859999,0.82770002,0.82819998
2025-02-22 02:00:00,0.82819998,0.82830000,0.82700002,0.82720000
2025-02-22 03:00:00,0.82720000,0.82730001,0.82660002,0.82690001
2025-02-22 04:00:00,0.82679999,0.82760000,0.82679999,0.82749999
2025-02-22 05:00:00,0.82749999,0.82810003,0.82749999,0.82789999
2025-02-22 06:00:00,0.82789999,0.82849997,0.82789999,0.82830000
2025-02-22 07:00:00,0.82830000,0.82840002,0.82789999,0.82819998
2025-02-22 08:00:00,0.82819998,0.82840002,0.82749999,0.82819998
2025-02-24 09:00:00,0.82910001,0.82950002,0.82760000,0.82859999
2025-02-24 10:00:00,0.82849997,0.82880002,0.82800001,0.82810003
2025-02-24 11:00:00,0.82810003,0.82940000,0.82810003,0.82929999
2025-02-24 12:00:00,0.82940000,0.82980001,0.82940000,0.82959998
2025-02-24 13:00:00,0.82969999,0.82990003,0.82929999,0.82959998
2025-02-24 14:00:00,0.82950002,0.82980001,0.82950002,0.82959998
2025-02-24 15:00:00,0.82959998,0.82959998,0.82929999,0.82950002
2025-02-24 16:00:00,0.82950002,0.82990003,0.82929999,0.82980001
2025-02-24 17:00:00,0.82980001,0.82980001,0.82959998,0.82980001
2025-02-24 18:00:00,0.82969999,0.83029997,0.82959998,0.82969999
2025-02-24 19:00:00,0.82969999,0.82990003,0.82849997,0.82859999
2025-02-24 20:00:00,0.82849997,0.82929999,0.82810003,0.82870001
2025-02-24 21:00:00,0.82859999,0.82920003,0.82849997,0.82900000
2025-02-24 22:00:00,0.82900000,0.82900000,0.82810003,0.82830000
2025-02-24 23:00:00,0.82819998,0.82870001,0.82789999,0.82840002
2025-02-25 00:00:00,0.82840002,0.82870001,0.82770002,0.82779998
2025-02-25 01:00:00,0.82779998,0.82910001,0.82760000,0.82900000
2025-02-25 02:00:00,0.82900000,0.82959998,0.82880002,0.82959998
2025-02-25 03:00:00,0.82950002,0.82969999,0.82859999,0.82900000
2025-02-25 04:00:00,0.82900000,0.82910001,0.82840002,0.82849997
2025-02-25 05:00:00,0.82849997,0.82910001,0.82840002,0.82900000
2025-02-25 06:00:00,0.82889998,0.82940000,0.82889998,0.82929999
2025-02-25 07:00:00,0.82920003,0.82929999,0.82889998,0.82910001
2025-02-25 08:00:00,0.82910001,0.82920003,0.82900000,0.82910001
2025-02-25 09:00:00,0.82859999,0.82929999,0.82830000,0.82920003
2025-02-25 10:00:00,0.82900000,0.82929999,0.82889998,0.82910001
2025-02-25 11:00:00,0.82920003,0.82929999,0.82889998,0.82920003
2025-02-25 12:00:00,0.82920003,0.82929999,0.82900000,0.82900000
2025-02-25 13:00:00,0.82910001,0.82929999,0.82889998,0.82910001
2025-02-25 14:00:00,0.82910001,0.82920003,0.82900000,0.82910001
2025-02-25 15:00:00,0.82910001,0.82920003,0.82889998,0.82900000
2025-02-25 16:00:00,0.82900000,0.82920003,0.82889998,0.82910001
2025-02-25 17:00:00,0.82900000,0.82959998,0.82900000,0.82950002
2025-02-25 18:00:00,0.82940000,0.82999998,0.82910001,0.82969999
2025-02-25 19:00:00,0.82959998,0.82980001,0.82920003,0.82969999
2025-02-25 20:00:00,0.82969999,0.82980001,0.82929999,0.82969999
2025-02-25 21:00:00,0.82959998,0.82980001,0.82929999,0.82950002
2025-02-25 22:00:00,0.82940000,0.82980001,0.82900000,0.82900000
2025-02-25 23:00:00,0.82900000,0.82959998,0.82889998,0.82910001
2025-02-26 00:00:00,0.82910001,0.82940000,0.82870001,0.82870001
2025-02-26 01:00:00,0.82870001,0.82959998,0.82859999,0.82940000
2025-02-26 02:00:00,0.82940000,0.83010000,0.82929999,0.82969999
2025-02-26 03:00:00,0.82959998,0.83029997,0.82950002,0.82980001
2025-02-26 04:00:00,0.82990003,0.82990003,0.82929999,0.82940000
2025-02-26 05:00:00,0.82940000,0.82990003,0.82929999,0.82969999
2025-02-26 06:00:00,0.82969999,0.82990003,0.82950002,0.82959998
2025-02-26 07:00:00,0.82959998,0.83010000,0.82959998,0.82999998
2025-02-26 08:00:00,0.82999998,0.83020002,0.82980001,0.83010000
2025-02-26 09:00:00,0.83010000,0.83029997,0.82980001,0.83010000
2025-02-26 10:00:00,0.82999998,0.83029997,0.82980001,0.83029997
2025-02-26 11:00:00,0.83029997,0.83029997,0.83010000,0.83020002
2025-02-26 12:00:00,0.83020002,0.83039999,0.83010000,0.83029997
2025-02-26 13:00:00,0.83029997,0.83039999,0.82999998,0.83020002
2025-02-26 14:00:00,0.83029997,0.83050001,0.83020002,0.83039999
2025-02-26 15:00:00,0.83050001,0.83050001,0.83029997,0.83050001
2025-02-26 16:00:00,0.83039999,0.83050001,0.83010000,0.83020002
2025-02-26 17:00:00,0.83010000,0.83020002,0.82969999,0.82969999
2025-02-26 18:00:00,0.82969999,0.82990003,0.82959998,0.82969999
2025-02-26 19:00:00,0.82959998,0.83029997,0.82950002,0.83020002
2025-02-26 20:00:00,0.83010000,0.83020002,0.82940000,0.82969999
2025-02-26 21:00:00,0.82959998,0.83029997,0.82929999,0.83020002
2025-02-26 22:00:00,0.83010000,0.83050001,0.82929999,0.82950002
2025-02-26 23:00:00,0.82950002,0.82950002,0.82859999,0.82870001
2025-02-27 00:00:00,0.82880002,0.82900000,0.82819998,0.82859999
2025-02-27 01:00:00,0.82849997,0.82870001,0.82830000,0.82830000
2025-02-27 02:00:00,0.82819998,0.82830000,0.82730001,0.82760000
2025-02-27 03:00:00,0.82760000,0.82840002,0.82730001,0.82830000
2025-02-27 04:00:00,0.82819998,0.82830000,0.82660002,0.82720000
2025-02-27 05:00:00,0.82720000,0.82740003,0.82690001,0.82709998
2025-02-27 06:00:00,0.82709998,0.82730001,0.82700002,0.82709998
2025-02-27 07:00:00,0.82709998,0.82740003,0.82700002,0.82730001
2025-02-27 08:00:00,0.82730001,0.82740003,0.82700002,0.82720000
2025-02-27 09:00:00,0.82690001,0.82760000,0.82630002,0.82720000
2025-02-27 10:00:00,0.82720000,0.82740003,0.82700002,0.82709998
2025-02-27 11:00:00,0.82709998,0.82749999,0.82700002,0.82720000
2025-02-27 12:00:00,0.82730001,0.82740003,0.82709998,0.82740003
2025-02-27 13:00:00,0.82740003,0.82749999,0.82700002,0.82700002
2025-02-27 14:00:00,0.82700002,0.82709998,0.82679999,0.82690001
2025-02-27 15:00:00,0.82690001,0.82720000,0.82679999,0.82679999
2025-02-27 16:00:00,0.82690001,0.82709998,0.82679999,0.82700002
2025-02-27 17:00:00,0.82700002,0.82720000,0.82690001,0.82700002
2025-02-27 18:00:00,0.82700002,0.82730001,0.82690001,0.82709998
2025-02-27 19:00:00,0.82700002,0.82709998,0.82650000,0.82690001
2025-02-27 20:00:00,0.82690001,0.82709998,0.82669997,0.82690001
2025-02-27 21:00:00,0.82690001,0.82709998,0.82660002,0.82669997
2025-02-27 22:00:00,0.82669997,0.82709998,0.82650000,0.82669997
2025-02-27 23:00:00,0.82660002,0.82709998,0.82620001,0.82709998
2025-02-28 00:00:00,0.82709998,0.82720000,0.82499999,0.82520002
2025-02-28 01:00:00,0.82529998,0.82599998,0.82499999,0.82510000
2025-02-28 02:00:00,0.82510000,0.82539999,0.82429999,0.82480001
2025-02-28 03:00:00,0.82470000,0.82489997,0.82429999,0.82480001
2025-02-28 04:00:00,0.82480001,0.82529998,0.82480001,0.82520002
2025-02-28 05:00:00,0.82520002,0.82520002,0.82480001,0.82489997
2025-02-28 06:00:00,0.82489997,0.82539999,0.82470000,0.82529998
2025-02-28 07:00:00,0.82520002,0.82539999,0.82489997,0.82510000
2025-02-28 08:00:00,0.82510000,0.82539999,0.82510000,0.82520002
2025-02-28 09:00:00,0.82480001,0.82520002,0.82429999,0.82470000
2025-02-28 10:00:00,0.82489997,0.82520002,0.82489997,0.82510000
2025-02-28 11:00:00,0.82510000,0.82529998,0.82499999,0.82520002
2025-02-28 12:00:00,0.82520002,0.82520002,0.82450002,0.82459998
2025-02-28 13:00:00,0.82459998,0.82529998,0.82459998,0.82510000
2025-02-28 14:00:00,0.82510000,0.82560003,0.82510000,0.82550001
2025-02-28 15:00:00,0.82550001,0.82569999,0.82550001,0.82550001
2025-02-28 16:00:00,0.82550001,0.82560003,0.82539999,0.82550001
2025-02-28 17:00:00,0.82550001,0.82590002,0.82539999,0.82580000
2025-02-28 18:00:00,0.82580000,0.82609999,0.82550001,0.82590002
2025-02-28 19:00:00,0.82590002,0.82609999,0.82529998,0.82550001
2025-02-28 20:00:00,0.82550001,0.82580000,0.82529998,0.82539999
2025-02-28 21:00:00,0.82539999,0.82590002,0.82520002,0.82590002
2025-02-28 22:00:00,0.82590002,0.82609999,0.82550001,0.82569999
2025-02-28 23:00:00,0.82560003,0.82630002,0.82560003,0.82590002
2025-03-01 00:00:00,0.82590002,0.82639998,0.82569999,0.82580000
2025-03-01 01:00:00,0.82580000,0.82609999,0.82550001,0.82599998
2025-03-01 02:00:00,0.82590002,0.82639998,0.82550001,0.82590002
2025-03-01 03:00:00,0.82590002,0.82679999,0.82580000,0.82630002
2025-03-01 04:00:00,0.82630002,0.82630002,0.82539999,0.82580000
2025-03-01 05:00:00,0.82569999,0.82630002,0.82480001,0.82499999
2025-03-01 06:00:00,0.82499999,0.82520002,0.82459998,0.82470000
2025-03-01 07:00:00,0.82470000,0.82480001,0.82419997,0.82470000
2025-03-01 08:00:00,0.82459998,0.82510000,0.82450002,0.82489997
2025-03-03 09:00:00,0.82679999,0.82679999,0.82609999,0.82630002
2025-03-03 10:00:00,0.82630002,0.82669997,0.82569999,0.82630002
2025-03-03 11:00:00,0.82630002,0.82639998,0.82590002,0.82599998
2025-03-03 12:00:00,0.82609999,0.82650000,0.82599998,0.82650000
2025-03-03 13:00:00,0.82639998,0.82650000,0.82620001,0.82650000
2025-03-03 14:00:00,0.82650000,0.82669997,0.82630002,0.82660002
2025-03-03 15:00:00,0.82660002,0.82669997,0.82650000,0.82669997
2025-03-03 16:00:00,0.82669997,0.82669997,0.82620001,0.82620001
2025-03-03 17:00:00,0.82630002,0.82650000,0.82620001,0.82630002
2025-03-03 18:00:00,0.82620001,0.82639998,0.82569999,0.82580000
2025-03-03 19:00:00,0.82569999,0.82620001,0.82550001,0.82609999
2025-03-03 20:00:00,0.82609999,0.82639998,0.82520002,0.82569999
2025-03-03 21:00:00,0.82569999,0.82630002,0.82560003,0.82569999
2025-03-03 22:00:00,0.82560003,0.82630002,0.82550001,0.82569999
2025-03-03 23:00:00,0.82560003,0.82599998,0.82510000,0.82529998
2025-03-04 00:00:00,0.82529998,0.82599998,0.82499999,0.82590002
2025-03-04 01:00:00,0.82590002,0.82639998,0.82580000,0.82609999
2025-03-04 02:00:00,0.82580000,0.82660002,0.82550001,0.82569999
2025-03-04 03:00:00,0.82560003,0.82630002,0.82560003,0.82590002
2025-03-04 04:00:00,0.82590002,0.82590002,0.82480001,0.82499999
2025-03-04 05:00:00,0.82489997,0.82560003,0.82489997,0.82539999
2025-03-04 06:00:00,0.82529998,0.82580000,0.82520002,0.82529998
2025-03-04 07:00:00,0.82520002,0.82599998,0.82520002,0.82560003
2025-03-04 08:00:00,0.82550001,0.82580000,0.82550001,0.82580000
2025-03-04 09:00:00,0.82580000,0.82609999,0.82539999,0.82560003
2025-03-04 10:00:00,0.82560003,0.82569999,0.82510000,0.82560003
2025-03-04 11:00:00,0.82550001,0.82590002,0.82550001,0.82590002
2025-03-04 12:00:00,0.82590002,0.82620001,0.82569999,0.82609999
2025-03-04 13:00:00,0.82609999,0.82620001,0.82580000,0.82599998
2025-03-04 14:00:00,0.82599998,0.82609999,0.82569999,0.82580000
2025-03-04 15:00:00,0.82580000,0.82599998,0.82539999,0.82539999
2025-03-04 16:00:00,0.82550001,0.82580000,0.82539999,0.82580000
2025-03-04 17:00:00,0.82590002,0.82599998,0.82569999,0.82580000
2025-03-04 18:00:00,0.82590002,0.82639998,0.82560003,0.82599998
2025-03-04 19:00:00,0.82599998,0.82720000,0.82599998,0.82700002
2025-03-04 20:00:00,0.82700002,0.82720000,0.82599998,0.82609999
2025-03-04 21:00:00,0.82609999,0.82690001,0.82599998,0.82620001
2025-03-04 22:00:00,0.82630002,0.82770002,0.82609999,0.82760000
2025-03-04 23:00:00,0.82760000,0.82810003,0.82730001,0.82789999
2025-03-05 00:00:00,0.82800001,0.82849997,0.82770002,0.82840002
2025-03-05 01:00:00,0.82840002,0.82870001,0.82779998,0.82789999
2025-03-05 02:00:00,0.82789999,0.82789999,0.82650000,0.82779998
2025-03-05 03:00:00,0.82779998,0.82830000,0.82740003,0.82779998
2025-03-05 04:00:00,0.82770002,0.82779998,0.82700002,0.82730001
2025-03-05 05:00:00,0.82720000,0.82910001,0.82700002,0.82900000
2025-03-05 06:00:00,0.82900000,0.82920003,0.82859999,0.82900000
2025-03-05 07:00:00,0.82900000,0.83010000,0.82900000,0.82990003
2025-03-05 08:00:00,0.82980001,0.83060002,0.82950002,0.83039999
2025-03-05 09:00:00,0.83050001,0.83069998,0.82999998,0.83039999
2025-03-05 10:00:00,0.83039999,0.83130002,0.83029997,0.83029997
2025-03-05 11:00:00,0.83029997,0.83069998,0.82990003,0.83060002
2025-03-05 12:00:00,0.83050001,0.83080000,0.83029997,0.83060002
2025-03-05 13:00:00,0.83060002,0.83069998,0.83029997,0.83039999
2025-03-05 14:00:00,0.83039999,0.83069998,0.83020002,0.83050001
2025-03-05 15:00:00,0.83050001,0.83060002,0.83020002,0.83050001
2025-03-05 16:00:00,0.83050001,0.83090001,0.83029997,0.83090001
2025-03-05 17:00:00,0.83080000,0.83139998,0.83069998,0.83090001
2025-03-05 18:00:00,0.83080000,0.83270001,0.83039999,0.83260000
2025-03-05 19:00:00,0.83260000,0.83300000,0.83149999,0.83300000
2025-03-05 20:00:00,0.83300000,0.83469999,0.83300000,0.83459997
2025-03-05 21:00:00,0.83450001,0.83459997,0.83329999,0.83370000
2025-03-05 22:00:00,0.83370000,0.83380002,0.83230001,0.83279997
2025-03-05 23:00:00,0.83279997,0.83499998,0.83270001,0.83480000
2025-03-06 00:00:00,0.83490002,0.83639997,0.83459997,0.83569998
2025-03-06 01:00:00,0.83579999,0.83749998,0.83550000,0.83679998
2025-03-06 02:00:00,0.83719999,0.83740002,0.83560002,0.83670002
2025-03-06 03:00:00,0.83679998,0.83759999,0.83660001,0.83730000
2025-03-06 04:00:00,0.83719999,0.83810002,0.83710003,0.83740002
2025-03-06 05:00:00,0.83740002,0.83740002,0.83590001,0.83600003
2025-03-06 06:00:00,0.83590001,0.83690000,0.83579999,0.83670002
2025-03-06 07:00:00,0.83660001,0.83700001,0.83649999,0.83660001
2025-03-06 08:00:00,0.83670002,0.83679998,0.83649999,0.83670002
2025-03-06 09:00:00,0.83670002,0.83719999,0.83670002,0.83690000
2025-03-06 10:00:00,0.83700001,0.83740002,0.83690000,0.83740002
2025-03-06 11:00:00,0.83749998,0.83759999,0.83690000,0.83730000
2025-03-06 12:00:00,0.83719999,0.83840001,0.83700001,0.83810002
2025-03-06 13:00:00,0.83800000,0.83819997,0.83759999,0.83780003
2025-03-06 14:00:00,0.83770001,0.83789998,0.83719999,0.83730000
2025-03-06 15:00:00,0.83719999,0.83749998,0.83710003,0.83749998
2025-03-06 16:00:00,0.83749998,0.83800000,0.83740002,0.83789998
2025-03-06 17:00:00,0.83780003,0.83810002,0.83719999,0.83749998
2025-03-06 18:00:00,0.83749998,0.83770001,0.83649999,0.83660001
2025-03-06 19:00:00,0.83660001,0.83810002,0.83660001,0.83770001
2025-03-06 20:00:00,0.83759999,0.83890003,0.83670002,0.83870000
2025-03-06 21:00:00,0.83880001,0.83890003,0.83770001,0.83829999
2025-03-06 22:00:00,0.83829999,0.83859998,0.83780003,0.83850002
2025-03-06 23:00:00,0.83850002,0.83880001,0.83759999,0.83810002
2025-03-07 00:00:00,0.83819997,0.84119999,0.83770001,0.83939999
2025-03-07 01:00:00,0.83939999,0.84039998,0.83910000,0.83999997
2025-03-07 02:00:00,0.84009999,0.84050000,0.83890003,0.83920002
2025-03-07 03:00:00,0.83910000,0.83980000,0.83890003,0.83899999
2025-03-07 04:00:00,0.83899999,0.83929998,0.83740002,0.83780003
2025-03-07 05:00:00,0.83780003,0.83789998,0.83600003,0.83690000
2025-03-07 06:00:00,0.83690000,0.83800000,0.83690000,0.83780003
2025-03-07 07:00:00,0.83770001,0.83800000,0.83740002,0.83759999
2025-03-07 08:00:00,0.83759999,0.83789998,0.83710003,0.83730000
2025-03-07 09:00:00,0.83749998,0.83789998,0.83719999,0.83770001
2025-03-07 10:00:00,0.83770001,0.83770001,0.83700001,0.83730000
2025-03-07 11:00:00,0.83740002,0.83770001,0.83730000,0.83740002
2025-03-07 12:00:00,0.83749998,0.83770001,0.83730000,0.83759999
2025-03-07 13:00:00,0.83759999,0.83810002,0.83749998,0.83810002
2025-03-07 14:00:00,0.83810002,0.83890003,0.83800000,0.83850002
2025-03-07 15:00:00,0.83850002,0.83920002,0.83850002,0.83920002
2025-03-07 16:00:00,0.83920002,0.83939999,0.83890003,0.83929998
2025-03-07 17:00:00,0.83920002,0.83960003,0.83899999,0.83929998
2025-03-07 18:00:00,0.83929998,0.83990002,0.83920002,0.83929998
2025-03-07 19:00:00,0.83920002,0.83999997,0.83910000,0.83980000
2025-03-07 20:00:00,0.83980000,0.84069997,0.83939999,0.83950001
2025-03-07 21:00:00,0.83950001,0.84090000,0.83929998,0.84060001
2025-03-07 22:00:00,0.84060001,0.84060001,0.83960003,0.83980000
2025-03-07 23:00:00,0.83969998,0.84090000,0.83969998,0.84079999
2025-03-08 00:00:00,0.84079999,0.84179997,0.84020001,0.84060001
2025-03-08 01:00:00,0.84050000,0.84160000,0.83990002,0.84009999
2025-03-08 02:00:00,0.84009999,0.84170002,0.83939999,0.84109998
2025-03-08 03:00:00,0.84109998,0.84119999,0.83960003,0.84079999
2025-03-08 04:00:00,0.84079999,0.84100002,0.83950001,0.84009999
2025-03-08 05:00:00,0.84009999,0.84020001,0.83939999,0.83960003
2025-03-08 06:00:00,0.83950001,0.83960003,0.83910000,0.83920002
2025-03-08 07:00:00,0.83920002,0.83939999,0.83899999,0.83929998
2025-03-08 08:00:00,0.83929998,0.83929998,0.83819997,0.83829999
2025-03-10 09:00:00,0.83920002,0.83990002,0.83880001,0.83899999
2025-03-10 10:00:00,0.83910000,0.83990002,0.83899999,0.83980000
2025-03-10 11:00:00,0.83980000,0.83980000,0.83920002,0.83969998
2025-03-10 12:00:00,0.83980000,0.83990002,0.83939999,0.83939999
2025-03-10 13:00:00,0.83950001,0.83960003,0.83920002,0.83929998
2025-03-10 14:00:00,0.83920002,0.83939999,0.83880001,0.83890003
2025-03-10 15:00:00,0.83899999,0.83920002,0.83890003,0.83910000
2025-03-10 16:00:00,0.83910000,0.83920002,0.83880001,0.83920002
2025-03-10 17:00:00,0.83910000,0.83939999,0.83899999,0.83920002
2025-03-10 18:00:00,0.83920002,0.83950001,0.83870000,0.83920002
2025-03-10 19:00:00,0.83929998,0.83980000,0.83910000,0.83939999
2025-03-10 20:00:00,0.83950001,0.84090000,0.83939999,0.84060001
2025-03-10 21:00:00,0.84060001,0.84170002,0.83990002,0.84060001
2025-03-10 22:00:00,0.84060001,0.84069997,0.83800000,0.83969998
2025-03-10 23:00:00,0.83960003,0.83980000,0.83819997,0.83850002
2025-03-11 00:00:00,0.83850002,0.83880001,0.83780003,0.83829999
2025-03-11 01:00:00,0.83829999,0.83980000,0.83819997,0.83960003
2025-03-11 02:00:00,0.83960003,0.83990002,0.83870000,0.83980000
2025-03-11 03:00:00,0.83969998,0.84050000,0.83960003,0.83990002
2025-03-11 04:00:00,0.83990002,0.84140003,0.83990002,0.84100002
2025-03-11 05:00:00,0.84100002,0.84160000,0.84090000,0.84149998
2025-03-11 06:00:00,0.84149998,0.84149998,0.84069997,0.84119999
2025-03-11 07:00:00,0.84119999,0.84170002,0.84119999,0.84140003
2025-03-11 08:00:00,0.84130001,0.84140003,0.84090000,0.84130001
2025-03-11 09:00:00,0.84140003,0.84189999,0.84140003,0.84160000
2025-03-11 10:00:00,0.84170002,0.84210002,0.84160000,0.84189999
2025-03-11 11:00:00,0.84189999,0.84219998,0.84160000,0.84210002
2025-03-11 12:00:00,0.84219998,0.84249997,0.84210002,0.84240001
2025-03-11 13:00:00,0.84249997,0.84249997,0.84210002,0.84219998
2025-03-11 14:00:00,0.84219998,0.84230000,0.84179997,0.84210002
2025-03-11 15:00:00,0.84210002,0.84219998,0.84170002,0.84179997
2025-03-11 16:00:00,0.84179997,0.84210002,0.84170002,0.84179997
2025-03-11 17:00:00,0.84170002,0.84289998,0.84160000,0.84200001
2025-03-11 18:00:00,0.84200001,0.84399998,0.84200001,0.84369999
2025-03-11 19:00:00,0.84359998,0.84450001,0.84299999,0.84439999
2025-03-11 20:00:00,0.84429997,0.84439999,0.84310001,0.84340000
2025-03-11 21:00:00,0.84340000,0.84340000,0.84200001,0.84249997
2025-03-11 22:00:00,0.84240001,0.84380001,0.84210002,0.84380001
2025-03-11 23:00:00,0.84369999,0.84390002,0.84270000,0.84350002
2025-03-12 00:00:00,0.84350002,0.84480000,0.84340000,0.84450001
2025-03-12 01:00:00,0.84429997,0.84460002,0.84340000,0.84439999
2025-03-12 02:00:00,0.84450001,0.84450001,0.84320003,0.84410000
2025-03-12 03:00:00,0.84410000,0.84460002,0.84390002,0.84450001
2025-03-12 04:00:00,0.84450001,0.84500003,0.84420002,0.84439999
2025-03-12 05:00:00,0.84439999,0.84469998,0.84329998,0.84350002
2025-03-12 06:00:00,0.84340000,0.84380001,0.84310001,0.84310001
2025-03-12 07:00:00,0.84320003,0.84329998,0.84270000,0.84320003
2025-03-12 08:00:00,0.84299999,0.84340000,0.84259999,0.84289998
2025-03-12 09:00:00,0.84299999,0.84320003,0.84280002,0.84299999
2025-03-12 10:00:00,0.84310001,0.84329998,0.84299999,0.84329998
2025-03-12 11:00:00,0.84320003,0.84350002,0.84310001,0.84340000
2025-03-12 12:00:00,0.84329998,0.84340000,0.84299999,0.84310001
2025-03-12 13:00:00,0.84299999,0.84320003,0.84299999,0.84310001
2025-03-12 14:00:00,0.84310001,0.84329998,0.84280002,0.84329998
2025-03-12 15:00:00,0.84329998,0.84359998,0.84320003,0.84329998
2025-03-12 16:00:00,0.84329998,0.84340000,0.84310001,0.84320003
2025-03-12 17:00:00,0.84320003,0.84359998,0.84320003,0.84329998
2025-03-12 18:00:00,0.84329998,0.84340000,0.84289998,0.84320003
2025-03-12 19:00:00,0.84329998,0.84420002,0.84320003,0.84390002
2025-03-12 20:00:00,0.84390002,0.84420002,0.84359998,0.84390002
2025-03-12 21:00:00,0.84380001,0.84390002,0.84299999,0.84329998
2025-03-12 22:00:00,0.84320003,0.84329998,0.84179997,0.84219998
2025-03-12 23:00:00,0.84210002,0.84219998,0.84050000,0.84050000
2025-03-13 00:00:00,0.84039998,0.84179997,0.84030002,0.84130001
2025-03-13 01:00:00,0.84130001,0.84320003,0.84130001,0.84299999
2025-03-13 02:00:00,0.84289998,0.84320003,0.84189999,0.84240001
2025-03-13 03:00:00,0.84240001,0.84249997,0.84060001,0.84069997
2025-03-13 04:00:00,0.84069997,0.84119999,0.84069997,0.84119999
2025-03-13 05:00:00,0.84109998,0.84119999,0.83920002,0.83939999
2025-03-13 06:00:00,0.83939999,0.84009999,0.83939999,0.83990002
2025-03-13 07:00:00,0.83980000,0.84020001,0.83969998,0.83980000
2025-03-13 08:00:00,0.84009999,0.84060001,0.83969998,0.83990002
2025-03-13 09:00:00,0.83990002,0.83999997,0.83969998,0.83990002
2025-03-13 10:00:00,0.83980000,0.83990002,0.83960003,0.83969998
2025-03-13 11:00:00,0.83969998,0.83999997,0.83950001,0.83990002
2025-03-13 12:00:00,0.83999997,0.83999997,0.83969998,0.83980000
2025-03-13 13:00:00,0.83980000,0.84020001,0.83980000,0.84009999
2025-03-13 14:00:00,0.83999997,0.84030002,0.83999997,0.83999997
2025-03-13 15:00:00,0.84009999,0.84039998,0.83990002,0.84039998
2025-03-13 16:00:00,0.84050000,0.84050000,0.83990002,0.83999997
2025-03-13 17:00:00,0.83990002,0.84009999,0.83950001,0.83969998
2025-03-13 18:00:00,0.83969998,0.84009999,0.83880001,0.83890003
2025-03-13 19:00:00,0.83899999,0.83990002,0.83890003,0.83980000
2025-03-13 20:00:00,0.83969998,0.84030002,0.83950001,0.83950001
2025-03-13 21:00:00,0.83950001,0.83980000,0.83890003,0.83899999
2025-03-13 22:00:00,0.83899999,0.84020001,0.83880001,0.83950001
2025-03-13 23:00:00,0.83950001,0.83960003,0.83740002,0.83780003
2025-03-14 00:00:00,0.83780003,0.83899999,0.83749998,0.83850002
2025-03-14 01:00:00,0.83850002,0.83920002,0.83819997,0.83859998
2025-03-14 02:00:00,0.83850002,0.83980000,0.83840001,0.83890003
2025-03-14 03:00:00,0.83890003,0.83980000,0.83880001,0.83980000
2025-03-14 04:00:00,0.83980000,0.84009999,0.83880001,0.83880001
2025-03-14 05:00:00,0.83890003,0.83890003,0.83800000,0.83800000
2025-03-14 06:00:00,0.83810002,0.83840001,0.83800000,0.83810002
2025-03-14 07:00:00,0.83810002,0.83819997,0.83780003,0.83789998
2025-03-14 08:00:00,0.83819997,0.83819997,0.83749998,0.83800000
2025-03-14 09:00:00,0.83829999,0.83829999,0.83770001,0.83800000
2025-03-14 10:00:00,0.83789998,0.83800000,0.83770001,0.83780003
2025-03-14 11:00:00,0.83780003,0.83819997,0.83780003,0.83810002
2025-03-14 12:00:00,0.83800000,0.83819997,0.83759999,0.83770001
2025-03-14 13:00:00,0.83770001,0.83780003,0.83749998,0.83770001
2025-03-14 14:00:00,0.83770001,0.83800000,0.83749998,0.83789998
2025-03-14 15:00:00,0.83789998,0.83800000,0.83770001,0.83780003
2025-03-14 16:00:00,0.83780003,0.83800000,0.83770001,0.83789998
2025-03-14 17:00:00,0.83800000,0.83800000,0.83749998,0.83770001
2025-03-14 18:00:00,0.83789998,0.83890003,0.83789998,0.83859998
2025-03-14 19:00:00,0.83859998,0.83929998,0.83840001,0.83929998
2025-03-14 20:00:00,0.83920002,0.83990002,0.83910000,0.83950001
2025-03-14 21:00:00,0.83950001,0.84259999,0.83950001,0.84189999
2025-03-14 22:00:00,0.84179997,0.84280002,0.84170002,0.84219998
2025-03-14 23:00:00,0.84210002,0.84289998,0.84160000,0.84189999
2025-03-15 00:00:00,0.84179997,0.84219998,0.84039998,0.84039998
2025-03-15 01:00:00,0.84050000,0.84189999,0.84050000,0.84160000
2025-03-15 02:00:00,0.84149998,0.84210002,0.84100002,0.84179997
2025-03-15 03:00:00,0.84179997,0.84259999,0.84170002,0.84200001
2025-03-15 04:00:00,0.84200001,0.84210002,0.84140003,0.84179997
2025-03-15 05:00:00,0.84170002,0.84189999,0.84100002,0.84140003
2025-03-15 06:00:00,0.84140003,0.84160000,0.84130001,0.84140003
2025-03-15 07:00:00,0.84140003,0.84170002,0.84069997,0.84109998
2025-03-17 09:00:00,0.84130001,0.84170002,0.84119999,0.84160000
2025-03-17 10:00:00,0.84149998,0.84179997,0.84140003,0.84160000
2025-03-17 11:00:00,0.84160000,0.84170002,0.84119999,0.84140003
2025-03-17 12:00:00,0.84149998,0.84149998,0.84100002,0.84119999
2025-03-17 13:00:00,0.84119999,0.84130001,0.84109998,0.84119999
2025-03-17 14:00:00,0.84119999,0.84149998,0.84109998,0.84140003
2025-03-17 15:00:00,0.84140003,0.84170002,0.84119999,0.84130001
2025-03-17 16:00:00,0.84130001,0.84130001,0.84100002,0.84100002
2025-03-17 17:00:00,0.84100002,0.84149998,0.84090000,0.84140003
2025-03-17 18:00:00,0.84130001,0.84140003,0.84060001,0.84079999
2025-03-17 19:00:00,0.84079999,0.84109998,0.84050000,0.84100002
2025-03-17 20:00:00,0.84090000,0.84160000,0.84050000,0.84149998
2025-03-17 21:00:00,0.84149998,0.84170002,0.84069997,0.84090000
2025-03-17 22:00:00,0.84090000,0.84109998,0.84039998,0.84050000
2025-03-17 23:00:00,0.84050000,0.84079999,0.83999997,0.84050000
2025-03-18 00:00:00,0.84050000,0.84060001,0.83980000,0.84020001
2025-03-18 01:00:00,0.84020001,0.84130001,0.84020001,0.84090000
2025-03-18 02:00:00,0.84090000,0.84160000,0.84069997,0.84109998
2025-03-18 03:00:00,0.84119999,0.84119999,0.84069997,0.84069997
2025-03-18 04:00:00,0.84069997,0.84090000,0.83999997,0.84020001
2025-03-18 05:00:00,0.84009999,0.84069997,0.83999997,0.84060001
2025-03-18 06:00:00,0.84060001,0.84069997,0.84039998,0.84060001
2025-03-18 07:00:00,0.84069997,0.84090000,0.84050000,0.84079999
2025-03-18 08:00:00,0.84060001,0.84100002,0.84039998,0.84100002
2025-03-18 09:00:00,0.84100002,0.84100002,0.84069997,0.84090000
2025-03-18 10:00:00,0.84090000,0.84100002,0.84069997,0.84090000
2025-03-18 11:00:00,0.84090000,0.84100002,0.84069997,0.84079999
2025-03-18 12:00:00,0.84079999,0.84090000,0.84060001,0.84069997
2025-03-18 13:00:00,0.84079999,0.84090000,0.84069997,0.84079999
2025-03-18 14:00:00,0.84090000,0.84100002,0.84069997,0.84079999
2025-03-18 15:00:00,0.84079999,0.84090000,0.84079999,0.84079999
2025-03-18 16:00:00,0.84079999,0.84090000,0.84069997,0.84079999
2025-03-18 17:00:00,0.84069997,0.84140003,0.84069997,0.84140003
2025-03-18 18:00:00,0.84140003,0.84210002,0.84100002,0.84200001
2025-03-18 19:00:00,0.84200001,0.84280002,0.84170002,0.84259999
2025-03-18 20:00:00,0.84270000,0.84289998,0.84200001,0.84230000
2025-03-18 21:00:00,0.84230000,0.84240001,0.84160000,0.84179997
2025-03-18 22:00:00,0.84179997,0.84210002,0.84119999,0.84200001
2025-03-18 23:00:00,0.84210002,0.84219998,0.84100002,0.84130001
2025-03-19 00:00:00,0.84130001,0.84210002,0.84130001,0.84160000
2025-03-19 01:00:00,0.84149998,0.84179997,0.84090000,0.84179997
2025-03-19 02:00:00,0.84179997,0.84219998,0.84079999,0.84160000
2025-03-19 03:00:00,0.84149998,0.84189999,0.84130001,0.84160000
2025-03-19 04:00:00,0.84149998,0.84219998,0.84149998,0.84200001
2025-03-19 05:00:00,0.84189999,0.84200001,0.84149998,0.84160000
2025-03-19 06:00:00,0.84149998,0.84179997,0.84140003,0.84170002
2025-03-19 07:00:00,0.84179997,0.84189999,0.84160000,0.84179997
2025-03-19 08:00:00,0.84200001,0.84210002,0.84160000,0.84189999
2025-03-19 09:00:00,0.84170002,0.84189999,0.84160000,0.84170002
2025-03-19 10:00:00,0.84170002,0.84179997,0.84140003,0.84149998
2025-03-19 11:00:00,0.84140003,0.84160000,0.84100002,0.84140003
2025-03-19 12:00:00,0.84149998,0.84170002,0.84130001,0.84170002
2025-03-19 13:00:00,0.84170002,0.84189999,0.84160000,0.84170002
2025-03-19 14:00:00,0.84170002,0.84189999,0.84170002,0.84179997
2025-03-19 15:00:00,0.84170002,0.84179997,0.84149998,0.84160000
2025-03-19 16:00:00,0.84160000,0.84210002,0.84160000,0.84189999
2025-03-19 17:00:00,0.84189999,0.84189999,0.84149998,0.84149998
2025-03-19 18:00:00,0.84160000,0.84170002,0.83920002,0.83969998
2025-03-19 19:00:00,0.83980000,0.84090000,0.83980000,0.84079999
2025-03-19 20:00:00,0.84079999,0.84079999,0.84009999,0.84050000
2025-03-19 21:00:00,0.84050000,0.84100002,0.84020001,0.84069997
2025-03-19 22:00:00,0.84069997,0.84090000,0.84039998,0.84060001
2025-03-19 23:00:00,0.84060001,0.84119999,0.84039998,0.84079999
2025-03-20 00:00:00,0.84069997,0.84109998,0.84030002,0.84030002
2025-03-20 01:00:00,0.84030002,0.84050000,0.83929998,0.83939999
2025-03-20 02:00:00,0.83929998,0.83969998,0.83880001,0.83890003
2025-03-20 03:00:00,0.83890003,0.83920002,0.83859998,0.83899999
2025-03-20 04:00:00,0.83899999,0.83899999,0.83810002,0.83850002
2025-03-20 05:00:00,0.83840001,0.83920002,0.83819997,0.83859998
2025-03-20 06:00:00,0.83859998,0.83880001,0.83840001,0.83859998
2025-03-20 07:00:00,0.83850002,0.83880001,0.83840001,0.83850002
2025-03-20 08:00:00,0.83850002,0.83960003,0.83840001,0.83850002
2025-03-20 09:00:00,0.83859998,0.83880001,0.83850002,0.83870000
2025-03-20 10:00:00,0.83870000,0.83880001,0.83850002,0.83870000
2025-03-20 11:00:00,0.83870000,0.83910000,0.83859998,0.83890003
2025-03-20 12:00:00,0.83880001,0.83890003,0.83859998,0.83870000
2025-03-20 13:00:00,0.83880001,0.83910000,0.83870000,0.83880001
2025-03-20 14:00:00,0.83870000,0.83890003,0.83859998,0.83870000
2025-03-20 15:00:00,0.83880001,0.83880001,0.83850002,0.83859998
2025-03-20 16:00:00,0.83859998,0.83859998,0.83840001,0.83850002
2025-03-20 17:00:00,0.83840001,0.83890003,0.83840001,0.83880001
2025-03-20 18:00:00,0.83870000,0.83899999,0.83819997,0.83880001
2025-03-20 19:00:00,0.83880001,0.83890003,0.83759999,0.83770001
2025-03-20 20:00:00,0.83759999,0.83800000,0.83719999,0.83770001
2025-03-20 21:00:00,0.83770001,0.83800000,0.83719999,0.83730000
2025-03-20 22:00:00,0.83740002,0.83749998,0.83660001,0.83749998
2025-03-20 23:00:00,0.83749998,0.83759999,0.83609998,0.83649999
2025-03-21 00:00:00,0.83660001,0.83710003,0.83550000,0.83579999
2025-03-21 01:00:00,0.83569998,0.83630002,0.83510000,0.83530003
2025-03-21 02:00:00,0.83530003,0.83649999,0.83520001,0.83620000
2025-03-21 03:00:00,0.83609998,0.83690000,0.83609998,0.83679998
2025-03-21 04:00:00,0.83679998,0.83700001,0.83630002,0.83670002
2025-03-21 05:00:00,0.83670002,0.83719999,0.83670002,0.83710003
2025-03-21 06:00:00,0.83700001,0.83730000,0.83690000,0.83710003
2025-03-21 07:00:00,0.83710003,0.83740002,0.83690000,0.83690000
2025-03-21 08:00:00,0.83660001,0.83740002,0.83660001,0.83690000
2025-03-21 09:00:00,0.83710003,0.83749998,0.83700001,0.83730000
2025-03-21 10:00:00,0.83740002,0.83749998,0.83710003,0.83719999
2025-03-21 11:00:00,0.83719999,0.83730000,0.83710003,0.83719999
2025-03-21 12:00:00,0.83710003,0.83730000,0.83700001,0.83719999
2025-03-21 13:00:00,0.83719999,0.83730000,0.83679998,0.83679998
2025-03-21 14:00:00,0.83690000,0.83710003,0.83679998,0.83700001
2025-03-21 15:00:00,0.83690000,0.83710003,0.83679998,0.83700001
2025-03-21 16:00:00,0.83700001,0.83759999,0.83690000,0.83749998
2025-03-21 17:00:00,0.83749998,0.83789998,0.83740002,0.83759999
2025-03-21 18:00:00,0.83770001,0.83819997,0.83710003,0.83800000
2025-03-21 19:00:00,0.83789998,0.83819997,0.83719999,0.83740002
2025-03-21 20:00:00,0.83740002,0.83749998,0.83690000,0.83710003
2025-03-21 21:00:00,0.83700001,0.83730000,0.83679998,0.83730000
2025-03-21 22:00:00,0.83730000,0.83829999,0.83730000,0.83819997
2025-03-21 23:00:00,0.83819997,0.83840001,0.83710003,0.83740002
2025-03-22 00:00:00,0.83730000,0.83810002,0.83719999,0.83740002
2025-03-22 01:00:00,0.83730000,0.83780003,0.83679998,0.83690000
2025-03-22 02:00:00,0.83679998,0.83819997,0.83679998,0.83810002
2025-03-22 03:00:00,0.83810002,0.83859998,0.83730000,0.83730000
2025-03-22 04:00:00,0.83730000,0.83759999,0.83700001,0.83749998
2025-03-22 05:00:00,0.83749998,0.83759999,0.83710003,0.83719999
2025-03-22 06:00:00,0.83719999,0.83740002,0.83710003,0.83740002
2025-03-22 07:00:00,0.83730000,0.83770001,0.83710003,0.83740002
2025-03-24 09:00:00,0.83819997,0.83829999,0.83770001,0.83780003
2025-03-24 10:00:00,0.83789998,0.83850002,0.83780003,0.83840001
2025-03-24 11:00:00,0.83840001,0.83850002,0.83789998,0.83789998
2025-03-24 12:00:00,0.83789998,0.83789998,0.83749998,0.83770001
2025-03-24 13:00:00,0.83770001,0.83780003,0.83749998,0.83759999
2025-03-24 14:00:00,0.83759999,0.83800000,0.83759999,0.83789998
2025-03-24 15:00:00,0.83800000,0.83810002,0.83770001,0.83789998
2025-03-24 16:00:00,0.83789998,0.83810002,0.83780003,0.83800000
2025-03-24 17:00:00,0.83789998,0.83810002,0.83730000,0.83759999
2025-03-24 18:00:00,0.83749998,0.83789998,0.83710003,0.83710003
2025-03-24 19:00:00,0.83719999,0.83810002,0.83700001,0.83710003
2025-03-24 20:00:00,0.83700001,0.83730000,0.83600003,0.83639997
2025-03-24 21:00:00,0.83630002,0.83700001,0.83600003,0.83670002
2025-03-24 22:00:00,0.83670002,0.83730000,0.83660001,0.83690000
2025-03-24 23:00:00,0.83679998,0.83690000,0.83609998,0.83670002
2025-03-25 00:00:00,0.83679998,0.83690000,0.83530003,0.83560002
2025-03-25 01:00:00,0.83550000,0.83590001,0.83459997,0.83539999
2025-03-25 02:00:00,0.83539999,0.83630002,0.83539999,0.83600003
2025-03-25 03:00:00,0.83600003,0.83660001,0.83590001,0.83639997
2025-03-25 04:00:00,0.83639997,0.83649999,0.83560002,0.83560002
2025-03-25 05:00:00,0.83560002,0.83639997,0.83560002,0.83590001
2025-03-25 06:00:00,0.83600003,0.83609998,0.83579999,0.83600003
2025-03-25 07:00:00,0.83600003,0.83609998,0.83569998,0.83579999
2025-03-25 08:00:00,0.83560002,0.83630002,0.83550000,0.83579999
2025-03-25 09:00:00,0.83590001,0.83609998,0.83569998,0.83609998
2025-03-25 10:00:00,0.83609998,0.83620000,0.83590001,0.83590001
2025-03-25 11:00:00,0.83600003,0.83630002,0.83579999,0.83609998
2025-03-25 12:00:00,0.83620000,0.83630002,0.83600003,0.83600003
2025-03-25 13:00:00,0.83600003,0.83620000,0.83590001,0.83609998
2025-03-25 14:00:00,0.83600003,0.83639997,0.83579999,0.83579999
2025-03-25 15:00:00,0.83579999,0.83609998,0.83579999,0.83590001
2025-03-25 16:00:00,0.83600003,0.83600003,0.83579999,0.83600003
2025-03-25 17:00:00,0.83600003,0.83620000,0.83560002,0.83590001
2025-03-25 18:00:00,0.83579999,0.83609998,0.83539999,0.83590001
2025-03-25 19:00:00,0.83590001,0.83600003,0.83510000,0.83569998
2025-03-25 20:00:00,0.83579999,0.83600003,0.83530003,0.83530003
2025-03-25 21:00:00,0.83530003,0.83590001,0.83510000,0.83550000
2025-03-25 22:00:00,0.83550000,0.83590001,0.83520001,0.83579999
2025-03-25 23:00:00,0.83590001,0.83590001,0.83539999,0.83560002
2025-03-26 00:00:00,0.83569998,0.83590001,0.83520001,0.83550000
2025-03-26 01:00:00,0.83560002,0.83569998,0.83499998,0.83510000
2025-03-26 02:00:00,0.83510000,0.83560002,0.83410001,0.83440000
2025-03-26 03:00:00,0.83440000,0.83469999,0.83399999,0.83410001
2025-03-26 04:00:00,0.83410001,0.83429998,0.83380002,0.83410001
2025-03-26 05:00:00,0.83420002,0.83440000,0.83399999,0.83420002
2025-03-26 06:00:00,0.83420002,0.83429998,0.83380002,0.83380002
2025-03-26 07:00:00,0.83389997,0.83389997,0.83359998,0.83380002
2025-03-26 08:00:00,0.83399999,0.83410001,0.83359998,0.83370000
2025-03-26 09:00:00,0.83370000,0.83380002,0.83350003,0.83359998
2025-03-26 10:00:00,0.83350003,0.83370000,0.83329999,0.83350003
2025-03-26 11:00:00,0.83350003,0.83389997,0.83340001,0.83389997
2025-03-26 12:00:00,0.83389997,0.83399999,0.83370000,0.83389997
2025-03-26 13:00:00,0.83399999,0.83410001,0.83389997,0.83399999
2025-03-26 14:00:00,0.83399999,0.83410001,0.83380002,0.83380002
2025-03-26 15:00:00,0.83389997,0.83399999,0.83370000,0.83370000
2025-03-26 16:00:00,0.83380002,0.83410001,0.83359998,0.83399999
2025-03-26 17:00:00,0.83410001,0.83420002,0.83329999,0.83359998
2025-03-26 18:00:00,0.83420002,0.83600003,0.83359998,0.83539999
2025-03-26 19:00:00,0.83550000,0.83749998,0.83539999,0.83670002
2025-03-26 20:00:00,0.83670002,0.83740002,0.83620000,0.83630002
2025-03-26 21:00:00,0.83639997,0.83670002,0.83590001,0.83609998
2025-03-26 22:00:00,0.83609998,0.83690000,0.83600003,0.83679998
2025-03-26 23:00:00,0.83679998,0.83719999,0.83590001,0.83649999
2025-03-27 00:00:00,0.83649999,0.83690000,0.83560002,0.83639997
2025-03-27 01:00:00,0.83630002,0.83710003,0.83590001,0.83670002
2025-03-27 02:00:00,0.83670002,0.83700001,0.83620000,0.83670002
2025-03-27 03:00:00,0.83660001,0.83679998,0.83639997,0.83660001
2025-03-27 04:00:00,0.83660001,0.83660001,0.83469999,0.83499998
2025-03-27 05:00:00,0.83490002,0.83499998,0.83459997,0.83480000
2025-03-27 06:00:00,0.83469999,0.83480000,0.83420002,0.83420002
2025-03-27 07:00:00,0.83429998,0.83450001,0.83410001,0.83440000
2025-03-27 08:00:00,0.83440000,0.83469999,0.83410001,0.83420002
2025-03-27 09:00:00,0.83410001,0.83440000,0.83359998,0.83389997
2025-03-27 10:00:00,0.83399999,0.83429998,0.83389997,0.83420002
2025-03-27 11:00:00,0.83420002,0.83459997,0.83399999,0.83450001
2025-03-27 12:00:00,0.83450001,0.83480000,0.83440000,0.83450001
2025-03-27 13:00:00,0.83450001,0.83480000,0.83450001,0.83459997
2025-03-27 14:00:00,0.83459997,0.83499998,0.83440000,0.83480000
2025-03-27 15:00:00,0.83480000,0.83480000,0.83429998,0.83429998
2025-03-27 16:00:00,0.83440000,0.83450001,0.83380002,0.83410001
2025-03-27 17:00:00,0.83399999,0.83410001,0.83340001,0.83380002
2025-03-27 18:00:00,0.83380002,0.83420002,0.83340001,0.83370000
2025-03-27 19:00:00,0.83380002,0.83410001,0.83340001,0.83389997
2025-03-27 20:00:00,0.83380002,0.83410001,0.83319998,0.83370000
2025-03-27 21:00:00,0.83370000,0.83399999,0.83350003,0.83370000
2025-03-27 22:00:00,0.83370000,0.83459997,0.83350003,0.83420002
2025-03-27 23:00:00,0.83420002,0.83440000,0.83289999,0.83340001
2025-03-28 00:00:00,0.83329999,0.83429998,0.83300000,0.83389997
2025-03-28 01:00:00,0.83380002,0.83450001,0.83329999,0.83340001
2025-03-28 02:00:00,0.83340001,0.83359998,0.83249998,0.83310002
2025-03-28 03:00:00,0.83319998,0.83350003,0.83240002,0.83350003
2025-03-28 04:00:00,0.83340001,0.83359998,0.83319998,0.83329999
2025-03-28 05:00:00,0.83329999,0.83340001,0.83310002,0.83329999
2025-03-28 06:00:00,0.83329999,0.83370000,0.83329999,0.83370000
2025-03-28 07:00:00,0.83359998,0.83429998,0.83359998,0.83410001
2025-03-28 08:00:00,0.83389997,0.83420002,0.83350003,0.83359998
2025-03-28 09:00:00,0.83370000,0.83410001,0.83370000,0.83399999
2025-03-28 10:00:00,0.83399999,0.83410001,0.83389997,0.83389997
2025-03-28 11:00:00,0.83399999,0.83399999,0.83359998,0.83370000
2025-03-28 12:00:00,0.83380002,0.83389997,0.83359998,0.83380002
2025-03-28 13:00:00,0.83380002,0.83389997,0.83340001,0.83370000
2025-03-28 14:00:00,0.83370000,0.83389997,0.83359998,0.83370000
2025-03-28 15:00:00,0.83370000,0.83370000,0.83329999,0.83370000
2025-03-28 16:00:00,0.83370000,0.83389997,0.83359998,0.83389997
2025-03-28 17:00:00,0.83380002,0.83389997,0.83329999,0.83329999
2025-03-28 18:00:00,0.83270001,0.83350003,0.83270001,0.83300000
2025-03-28 19:00:00,0.83289999,0.83329999,0.83230001,0.83260000
2025-03-28 20:00:00,0.83260000,0.83270001,0.83160001,0.83190000
2025-03-28 21:00:00,0.83190000,0.83279997,0.83190000,0.83249998
2025-03-28 22:00:00,0.83249998,0.83350003,0.83230001,0.83319998
2025-03-28 23:00:00,0.83310002,0.83359998,0.83289999,0.83359998
2025-03-29 00:00:00,0.83350003,0.83459997,0.83319998,0.83450001
2025-03-29 01:00:00,0.83450001,0.83600003,0.83440000,0.83590001
2025-03-29 02:00:00,0.83590001,0.83679998,0.83590001,0.83649999
2025-03-29 03:00:00,0.83639997,0.83679998,0.83609998,0.83609998
2025-03-29 04:00:00,0.83609998,0.83670002,0.83609998,0.83609998
2025-03-29 05:00:00,0.83620000,0.83679998,0.83600003,0.83649999
2025-03-29 06:00:00,0.83660001,0.83670002,0.83609998,0.83630002
2025-03-29 07:00:00,0.83630002,0.83700001,0.83630002,0.83679998
2025-03-31 09:00:00,0.83660001,0.83690000,0.83609998,0.83679998
2025-03-31 10:00:00,0.83670002,0.83700001,0.83620000,0.83660001
2025-03-31 11:00:00,0.83670002,0.83679998,0.83649999,0.83660001
2025-03-31 12:00:00,0.83660001,0.83660001,0.83579999,0.83590001
2025-03-31 13:00:00,0.83590001,0.83630002,0.83579999,0.83630002
2025-03-31 14:00:00,0.83620000,0.83639997,0.83600003,0.83609998
2025-03-31 15:00:00,0.83609998,0.83620000,0.83590001,0.83620000
2025-03-31 16:00:00,0.83609998,0.83660001,0.83600003,0.83630002
2025-03-31 17:00:00,0.83620000,0.83660001,0.83530003,0.83579999
2025-03-31 18:00:00,0.83590001,0.83639997,0.83499998,0.83600003
2025-03-31 19:00:00,0.83600003,0.83649999,0.83560002,0.83649999
2025-03-31 20:00:00,0.83660001,0.83719999,0.83660001,0.83670002
2025-03-31 21:00:00,0.83660001,0.83679998,0.83579999,0.83620000
2025-03-31 22:00:00,0.83620000,0.83670002,0.83530003,0.83539999
2025-03-31 23:00:00,0.83530003,0.83560002,0.83499998,0.83539999
2025-04-01 00:00:00,0.83539999,0.83639997,0.83520001,0.83590001
2025-04-01 01:00:00,0.83579999,0.83730000,0.83539999,0.83679998
2025-04-01 02:00:00,0.83670002,0.83749998,0.83600003,0.83740002
2025-04-01 03:00:00,0.83740002,0.83780003,0.83690000,0.83770001
2025-04-01 04:00:00,0.83770001,0.83800000,0.83730000,0.83789998
2025-04-01 05:00:00,0.83780003,0.83789998,0.83730000,0.83770001
2025-04-01 06:00:00,0.83759999,0.83770001,0.83710003,0.83710003
2025-04-01 07:00:00,0.83710003,0.83740002,0.83700001,0.83730000
2025-04-01 08:00:00,0.83730000,0.83770001,0.83719999,0.83749998
2025-04-01 09:00:00,0.83749998,0.83759999,0.83719999,0.83740002
2025-04-01 10:00:00,0.83740002,0.83749998,0.83719999,0.83730000
2025-04-01 11:00:00,0.83730000,0.83759999,0.83730000,0.83749998
2025-04-01 12:00:00,0.83740002,0.83759999,0.83730000,0.83740002
2025-04-01 13:00:00,0.83749998,0.83749998,0.83700001,0.83710003
2025-04-01 14:00:00,0.83710003,0.83719999,0.83700001,0.83710003
2025-04-01 15:00:00,0.83719999,0.83719999,0.83670002,0.83679998
2025-04-01 16:00:00,0.83670002,0.83700001,0.83649999,0.83649999
2025-04-01 17:00:00,0.83660001,0.83670002,0.83609998,0.83649999
2025-04-01 18:00:00,0.83639997,0.83730000,0.83620000,0.83679998
2025-04-01 19:00:00,0.83679998,0.83700001,0.83620000,0.83690000
2025-04-01 20:00:00,0.83690000,0.83730000,0.83620000,0.83639997
2025-04-01 21:00:00,0.83630002,0.83679998,0.83560002,0.83660001
2025-04-01 22:00:00,0.83649999,0.83649999,0.83590001,0.83639997
2025-04-01 23:00:00,0.83630002,0.83690000,0.83620000,0.83690000
2025-04-02 00:00:00,0.83679998,0.83759999,0.83639997,0.83730000
2025-04-02 01:00:00,0.83719999,0.83789998,0.83630002,0.83639997
2025-04-02 02:00:00,0.83639997,0.83670002,0.83560002,0.83590001
2025-04-02 03:00:00,0.83590001,0.83609998,0.83539999,0.83550000
2025-04-02 04:00:00,0.83550000,0.83560002,0.83520001,0.83530003
2025-04-02 05:00:00,0.83530003,0.83560002,0.83520001,0.83560002
2025-04-02 06:00:00,0.83550000,0.83569998,0.83510000,0.83510000
2025-04-02 07:00:00,0.83510000,0.83560002,0.83499998,0.83510000
2025-04-02 08:00:00,0.83530003,0.83539999,0.83510000,0.83530003
2025-04-02 09:00:00,0.83530003,0.83579999,0.83510000,0.83530003
2025-04-02 10:00:00,0.83539999,0.83560002,0.83530003,0.83539999
2025-04-02 11:00:00,0.83539999,0.83590001,0.83539999,0.83579999
2025-04-02 12:00:00,0.83579999,0.83590001,0.83539999,0.83560002
2025-04-02 13:00:00,0.83560002,0.83579999,0.83530003,0.83539999
2025-04-02 14:00:00,0.83539999,0.83560002,0.83539999,0.83550000
2025-04-02 15:00:00,0.83560002,0.83569998,0.83550000,0.83550000
2025-04-02 16:00:00,0.83550000,0.83560002,0.83530003,0.83550000
2025-04-02 17:00:00,0.83550000,0.83579999,0.83550000,0.83579999
2025-04-02 18:00:00,0.83569998,0.83600003,0.83550000,0.83579999
2025-04-02 19:00:00,0.83590001,0.83609998,0.83560002,0.83569998
2025-04-02 20:00:00,0.83569998,0.83579999,0.83450001,0.83469999
2025-04-02 21:00:00,0.83459997,0.83490002,0.83420002,0.83440000
2025-04-02 22:00:00,0.83440000,0.83499998,0.83429998,0.83440000
2025-04-02 23:00:00,0.83429998,0.83600003,0.83429998,0.83590001
2025-04-03 00:00:00,0.83590001,0.83679998,0.83560002,0.83670002
2025-04-03 01:00:00,0.83679998,0.83759999,0.83620000,0.83749998
2025-04-03 02:00:00,0.83759999,0.83780003,0.83700001,0.83770001
2025-04-03 03:00:00,0.83759999,0.83770001,0.83660001,0.83670002
2025-04-03 04:00:00,0.83660001,0.83679998,0.83630002,0.83670002
2025-04-03 05:00:00,0.83660001,0.83679998,0.83620000,0.83639997
2025-04-03 06:00:00,0.83630002,0.83639997,0.83579999,0.83579999
2025-04-03 07:00:00,0.83590001,0.83880001,0.83270001,0.83440000
2025-04-03 08:00:00,0.83429998,0.83530003,0.83300000,0.83300000
2025-04-03 09:00:00,0.83310002,0.83370000,0.83230001,0.83329999
2025-04-03 10:00:00,0.83319998,0.83609998,0.83260000,0.83590001
2025-04-03 11:00:00,0.83590001,0.83600003,0.83499998,0.83520001
2025-04-03 12:00:00,0.83520001,0.83609998,0.83490002,0.83600003
2025-04-03 13:00:00,0.83590001,0.83630002,0.83539999,0.83539999
2025-04-03 14:00:00,0.83550000,0.83560002,0.83490002,0.83510000
2025-04-03 15:00:00,0.83510000,0.83539999,0.83499998,0.83530003
2025-04-03 16:00:00,0.83520001,0.83639997,0.83510000,0.83609998
2025-04-03 17:00:00,0.83609998,0.83810002,0.83560002,0.83770001
2025-04-03 18:00:00,0.83780003,0.83789998,0.83490002,0.83510000
2025-04-03 19:00:00,0.83510000,0.83719999,0.83510000,0.83649999
2025-04-03 20:00:00,0.83649999,0.83800000,0.83620000,0.83759999
2025-04-03 21:00:00,0.83749998,0.84410000,0.83749998,0.84060001
2025-04-03 22:00:00,0.84069997,0.84230000,0.83990002,0.84170002
2025-04-03 23:00:00,0.84160000,0.84310001,0.84140003,0.84230000
2025-04-04 00:00:00,0.84219998,0.84399998,0.84170002,0.84299999
2025-04-04 01:00:00,0.84289998,0.84490001,0.84270000,0.84439999
2025-04-04 02:00:00,0.84429997,0.84480000,0.84249997,0.84289998
2025-04-04 03:00:00,0.84289998,0.84310001,0.84179997,0.84240001
2025-04-04 04:00:00,0.84230000,0.84249997,0.84140003,0.84170002
2025-04-04 05:00:00,0.84170002,0.84289998,0.84170002,0.84289998
2025-04-04 06:00:00,0.84289998,0.84299999,0.84200001,0.84299999
2025-04-04 07:00:00,0.84289998,0.84399998,0.84259999,0.84369999
2025-04-04 08:00:00,0.84329998,0.84399998,0.84310001,0.84340000
2025-04-04 09:00:00,0.84329998,0.84469998,0.84329998,0.84429997
2025-04-04 10:00:00,0.84420002,0.84450001,0.84359998,0.84390002
2025-04-04 11:00:00,0.84390002,0.84439999,0.84340000,0.84420002
2025-04-04 12:00:00,0.84429997,0.84480000,0.84429997,0.84469998
2025-04-04 13:00:00,0.84469998,0.84570003,0.84469998,0.84549999
2025-04-04 14:00:00,0.84549999,0.84689999,0.84530002,0.84660000
2025-04-04 15:00:00,0.84660000,0.84680003,0.84619999,0.84649998
2025-04-04 16:00:00,0.84649998,0.84719998,0.84619999,0.84619999
2025-04-04 17:00:00,0.84619999,0.84719998,0.84570003,0.84660000
2025-04-04 18:00:00,0.84649998,0.84719998,0.84509999,0.84590000
2025-04-04 19:00:00,0.84600002,0.84710002,0.84500003,0.84700000
2025-04-04 20:00:00,0.84700000,0.84710002,0.84560001,0.84570003
2025-04-04 21:00:00,0.84570003,0.84840000,0.84490001,0.84829998
2025-04-04 22:00:00,0.84820002,0.85079998,0.84810001,0.84950000
2025-04-04 23:00:00,0.84950000,0.85039997,0.84729999,0.84770000
2025-04-05 00:00:00,0.84780002,0.84899998,0.84759998,0.84799999
2025-04-05 01:00:00,0.84789997,0.84990001,0.84740001,0.84899998
2025-04-05 02:00:00,0.84909999,0.85219997,0.84859997,0.85210001
2025-04-05 03:00:00,0.85219997,0.85240000,0.85030001,0.85089999
2025-04-05 04:00:00,0.85079998,0.85110003,0.84840000,0.84840000
2025-04-05 05:00:00,0.84850001,0.84969997,0.84759998,0.84969997
2025-04-05 06:00:00,0.84960002,0.85060000,0.84899998,0.85009998
2025-04-05 07:00:00,0.85009998,0.85110003,0.84969997,0.84969997
2025-04-07 09:00:00,0.85280001,0.85329998,0.85000002,0.85089999
2025-04-07 10:00:00,0.85079998,0.85089999,0.84880000,0.84960002
2025-04-07 11:00:00,0.84950000,0.85149997,0.84930003,0.85119998
2025-04-07 12:00:00,0.85110003,0.85119998,0.84979999,0.85039997
2025-04-07 13:00:00,0.85030001,0.85039997,0.84950000,0.84979999
2025-04-07 14:00:00,0.84979999,0.85189998,0.84960002,0.85140002
2025-04-07 15:00:00,0.85140002,0.85259998,0.85100001,0.85250002
2025-04-07 16:00:00,0.85259998,0.85439998,0.85189998,0.85280001
2025-04-07 17:00:00,0.85290003,0.85470003,0.85259998,0.85310000
2025-04-07 18:00:00,0.85320002,0.85430002,0.85229999,0.85399997
2025-04-07 19:00:00,0.85390002,0.85439998,0.85219997,0.85399997
2025-04-07 20:00:00,0.85399997,0.85490000,0.85339999,0.85450000
2025-04-07 21:00:00,0.85450000,0.85540003,0.85380000,0.85540003
2025-04-07 22:00:00,0.85530001,0.85600001,0.85380000,0.85490000
2025-04-07 23:00:00,0.85490000,0.85689998,0.85470003,0.85479999
2025-04-08 00:00:00,0.85470003,0.85650003,0.85390002,0.85630000
2025-04-08 01:00:00,0.85630000,0.85799998,0.85490000,0.85750002
2025-04-08 02:00:00,0.85759997,0.85890001,0.85759997,0.85879999
2025-04-08 03:00:00,0.85879999,0.85890001,0.85659999,0.85689998
2025-04-08 04:00:00,0.85680002,0.85780001,0.85659999,0.85780001
2025-04-08 05:00:00,0.85769999,0.85900003,0.85710001,0.85850000
2025-04-08 06:00:00,0.85839999,0.85879999,0.85710001,0.85720003
2025-04-08 07:00:00,0.85710001,0.85769999,0.85699999,0.85759997
2025-04-08 08:00:00,0.85759997,0.85780001,0.85699999,0.85720003
2025-04-08 09:00:00,0.85710001,0.85750002,0.85699999,0.85720003
2025-04-08 10:00:00,0.85720003,0.85810000,0.85699999,0.85790002
2025-04-08 11:00:00,0.85799998,0.85839999,0.85740000,0.85799998
2025-04-08 12:00:00,0.85790002,0.85839999,0.85780001,0.85810000
2025-04-08 13:00:00,0.85820001,0.85829997,0.85790002,0.85810000
2025-04-08 14:00:00,0.85810000,0.85860002,0.85790002,0.85839999
2025-04-08 15:00:00,0.85850000,0.85869998,0.85799998,0.85810000
2025-04-08 16:00:00,0.85820001,0.85949999,0.85780001,0.85860002
2025-04-08 17:00:00,0.85869998,0.85920000,0.85650003,0.85680002
2025-04-08 18:00:00,0.85680002,0.85820001,0.85680002,0.85769999
2025-04-08 19:00:00,0.85759997,0.85820001,0.85670000,0.85680002
2025-04-08 20:00:00,0.85680002,0.85759997,0.85610002,0.85689998
2025-04-08 21:00:00,0.85689998,0.85699999,0.85570002,0.85570002
2025-04-08 22:00:00,0.85570002,0.85750002,0.85570002,0.85699999
2025-04-08 23:00:00,0.85710001,0.85710001,0.85500002,0.85509998
2025-04-09 00:00:00,0.85519999,0.85579997,0.85299999,0.85530001
2025-04-09 01:00:00,0.85540003,0.85570002,0.85420001,0.85460001
2025-04-09 02:00:00,0.85470003,0.85579997,0.85399997,0.85579997
2025-04-09 03:00:00,0.85570002,0.85659999,0.85509998,0.85540003
2025-04-09 04:00:00,0.85540003,0.85659999,0.85519999,0.85640001
2025-04-09 05:00:00,0.85630000,0.85799998,0.85630000,0.85750002
2025-04-09 06:00:00,0.85759997,0.85839999,0.85750002,0.85829997
2025-04-09 07:00:00,0.85829997,0.85829997,0.85729998,0.85820001
2025-04-09 08:00:00,0.85810000,0.85860002,0.85810000,0.85839999
2025-04-09 09:00:00,0.85839999,0.85909998,0.85829997,0.85850000
2025-04-09 10:00:00,0.85850000,0.85979998,0.85829997,0.85949999
2025-04-09 11:00:00,0.85960001,0.86000001,0.85879999,0.85890001
2025-04-09 12:00:00,0.85890001,0.85970002,0.85879999,0.85949999
2025-04-09 13:00:00,0.85949999,0.86000001,0.85920000,0.85970002
2025-04-09 14:00:00,0.85979998,0.86100000,0.85939997,0.86100000
2025-04-09 15:00:00,0.86100000,0.86170000,0.86000001,0.86170000
2025-04-09 16:00:00,0.86159998,0.86260003,0.86089998,0.86240000
2025-04-09 17:00:00,0.86240000,0.86360002,0.86049998,0.86070001
2025-04-09 18:00:00,0.86059999,0.86089998,0.85979998,0.85990000
2025-04-09 19:00:00,0.85979998,0.86170000,0.85920000,0.86140001
2025-04-09 20:00:00,0.86140001,0.86159998,0.86000001,0.86070001
2025-04-09 21:00:00,0.86070001,0.86390001,0.86070001,0.86390001
2025-04-09 22:00:00,0.86400002,0.86600000,0.86390001,0.86510003
2025-04-09 23:00:00,0.86500001,0.86629999,0.86350000,0.86449999
2025-04-10 00:00:00,0.86460000,0.86610001,0.86420000,0.86540002
2025-04-10 01:00:00,0.86540002,0.86600000,0.86440003,0.86440003
2025-04-10 02:00:00,0.86440003,0.86470002,0.86290002,0.86330003
2025-04-10 03:00:00,0.86339998,0.86540002,0.85780001,0.85850000
2025-04-10 04:00:00,0.85850000,0.85879999,0.85420001,0.85630000
2025-04-10 05:00:00,0.85640001,0.85640001,0.85369998,0.85420001
2025-04-10 06:00:00,0.85409999,0.85549998,0.85329998,0.85390002
2025-04-10 07:00:00,0.85409999,0.85460001,0.85390002,0.85409999
2025-04-10 08:00:00,0.85409999,0.85530001,0.85399997,0.85470003
2025-04-10 09:00:00,0.85479999,0.85479999,0.85380000,0.85390002
2025-04-10 10:00:00,0.85390002,0.85540003,0.85369998,0.85540003
2025-04-10 11:00:00,0.85530001,0.85589999,0.85509998,0.85530001
2025-04-10 12:00:00,0.85530001,0.85560000,0.85420001,0.85470003
2025-04-10 13:00:00,0.85470003,0.85519999,0.85450000,0.85490000
2025-04-10 14:00:00,0.85479999,0.85500002,0.85390002,0.85409999
2025-04-10 15:00:00,0.85409999,0.85460001,0.85390002,0.85439998
2025-04-10 16:00:00,0.85430002,0.85470003,0.85200000,0.85360003
2025-04-10 17:00:00,0.85350001,0.85650003,0.85310000,0.85630000
2025-04-10 18:00:00,0.85630000,0.85839999,0.85579997,0.85769999
2025-04-10 19:00:00,0.85769999,0.85860002,0.85689998,0.85790002
2025-04-10 20:00:00,0.85790002,0.85890001,0.85600001,0.85799998
2025-04-10 21:00:00,0.85790002,0.85799998,0.85589999,0.85610002
2025-04-10 22:00:00,0.85619998,0.85990000,0.85589999,0.85869998
2025-04-10 23:00:00,0.85869998,0.86199999,0.85860002,0.86100000
2025-04-11 00:00:00,0.86100000,0.86320001,0.86089998,0.86309999
2025-04-11 01:00:00,0.86299998,0.86540002,0.86129999,0.86489999
2025-04-11 02:00:00,0.86489999,0.86610001,0.86369997,0.86430001
2025-04-11 03:00:00,0.86440003,0.86489999,0.86330003,0.86400002
2025-04-11 04:00:00,0.86400002,0.86540002,0.86330003,0.86400002
2025-04-11 05:00:00,0.86400002,0.86409998,0.86189997,0.86400002
2025-04-11 06:00:00,0.86400002,0.86400002,0.86309999,0.86360002
2025-04-11 07:00:00,0.86369997,0.86379999,0.86309999,0.86339998
2025-04-11 08:00:00,0.86350000,0.86500001,0.86330003,0.86500001
2025-04-11 09:00:00,0.86500001,0.86680001,0.86460000,0.86659998
2025-04-11 10:00:00,0.86659998,0.87250000,0.86600000,0.86890000
2025-04-11 11:00:00,0.86890000,0.86960000,0.86769998,0.86900002
2025-04-11 12:00:00,0.86909997,0.86979997,0.86799997,0.86849999
2025-04-11 13:00:00,0.86839998,0.87040001,0.86839998,0.87000000
2025-04-11 14:00:00,0.86989999,0.87010002,0.86900002,0.86949998
2025-04-11 15:00:00,0.86949998,0.86949998,0.86710000,0.86780000
2025-04-11 16:00:00,0.86729997,0.86839998,0.86610001,0.86710000
2025-04-11 17:00:00,0.86699998,0.86979997,0.86640000,0.86970001
2025-04-11 18:00:00,0.86960000,0.87379998,0.86930001,0.87180001
2025-04-11 19:00:00,0.87169999,0.87220001,0.86750001,0.86769998
2025-04-11 20:00:00,0.86769998,0.86930001,0.86640000,0.86720002
2025-04-11 21:00:00,0.86720002,0.86839998,0.86549997,0.86559999
2025-04-11 22:00:00,0.86559999,0.86890000,0.86549997,0.86839998
2025-04-11 23:00:00,0.86839998,0.86979997,0.86669999,0.86769998
2025-04-12 00:00:00,0.86729997,0.87000000,0.86650002,0.86839998
2025-04-12 01:00:00,0.86839998,0.86970001,0.86750001,0.86799997
2025-04-12 02:00:00,0.86790001,0.86830002,0.86489999,0.86629999
2025-04-12 03:00:00,0.86629999,0.86690003,0.86470002,0.86479998
2025-04-12 04:00:00,0.86489999,0.86640000,0.86479998,0.86629999
2025-04-12 05:00:00,0.86619997,0.86750001,0.86600000,0.86739999
2025-04-12 06:00:00,0.86750001,0.86860001,0.86729997,0.86820000
2025-04-12 07:00:00,0.86799002,0.86799002,0.86799002,0.86799002
2025-04-14 09:00:00,0.86646998,0.86698002,0.86588001,0.86681002
2025-04-14 10:00:00,0.86680001,0.86795002,0.86647999,0.86773998
2025-04-14 11:00:00,0.86770999,0.86914998,0.86739999,0.86862999
2025-04-14 12:00:00,0.86861998,0.86940002,0.86760998,0.86765999
2025-04-14 13:00:00,0.86767000,0.86817998,0.86720002,0.86756998
2025-04-14 14:00:00,0.86758000,0.86791998,0.86724001,0.86742997
2025-04-14 15:00:00,0.86739999,0.86763000,0.86672997,0.86741000
2025-04-14 16:00:00,0.86741000,0.86799002,0.86619997,0.86693001
2025-04-14 17:00:00,0.86698002,0.86765999,0.86488998,0.86508000
2025-04-14 18:00:00,0.86508000,0.86540997,0.86416000,0.86453998
2025-04-14 19:00:00,0.86453003,0.86530000,0.86394000,0.86401999
2025-04-14 20:00:00,0.86420000,0.86430001,0.86277997,0.86281002
2025-04-14 21:00:00,0.86281002,0.86426002,0.86242002,0.86395001
2025-04-14 22:00:00,0.86396998,0.86435002,0.86216998,0.86251998
2025-04-14 23:00:00,0.86251003,0.86278999,0.86039001,0.86088997
2025-04-15 00:00:00,0.86088997,0.86225998,0.86049998,0.86197001
2025-04-15 01:00:00,0.86198002,0.86330003,0.86171001,0.86208999
2025-04-15 02:00:00,0.86208999,0.86277997,0.86049998,0.86054999
2025-04-15 03:00:00,0.86057001,0.86092001,0.85979998,0.86008000
2025-04-15 04:00:00,0.86008000,0.86059999,0.86000001,0.86037999
2025-04-15 05:00:00,0.86037999,0.86140001,0.86023003,0.86083001
2025-04-15 06:00:00,0.86084998,0.86115998,0.86028999,0.86040998
2025-04-15 07:00:00,0.86040998,0.86122000,0.85979998,0.86085999
2025-04-15 08:00:00,0.86058998,0.86131001,0.86031002,0.86128998
2025-04-15 09:00:00,0.86132997,0.86132997,0.86054999,0.86057001
2025-04-15 10:00:00,0.86058998,0.86059999,0.85948998,0.85992002
2025-04-15 11:00:00,0.85992002,0.85992998,0.85900003,0.85933000
2025-04-15 12:00:00,0.85933000,0.86019999,0.85925001,0.86005002
2025-04-15 13:00:00,0.86005002,0.86025000,0.85974997,0.85978001
2025-04-15 14:00:00,0.85975999,0.85990000,0.85929000,0.85956001
2025-04-15 15:00:00,0.85955000,0.85982001,0.85935998,0.85953999
2025-04-15 16:00:00,0.85946000,0.86012000,0.85850000,0.85869998
2025-04-15 17:00:00,0.85867000,0.85952997,0.85811001,0.85881001
2025-04-15 18:00:00,0.85879999,0.85955000,0.85745001,0.85759997
2025-04-15 19:00:00,0.85762000,0.85786003,0.85613000,0.85650998
2025-04-15 20:00:00,0.85649002,0.85697001,0.85588002,0.85672998
2025-04-15 21:00:00,0.85672998,0.85706002,0.85563999,0.85600001
2025-04-15 22:00:00,0.85597003,0.85680002,0.85534000,0.85551000
2025-04-15 23:00:00,0.85548002,0.85618001,0.85479999,0.85560000
2025-04-16 00:00:00,0.85560000,0.85569000,0.85403001,0.85532999
2025-04-16 01:00:00,0.85531998,0.85540998,0.85347003,0.85383999
2025-04-16 02:00:00,0.85383999,0.85399002,0.85280001,0.85329002
2025-04-16 03:00:00,0.85328001,0.85333002,0.85263002,0.85279000
2025-04-16 04:00:00,0.85281003,0.85334003,0.85263997,0.85294998
2025-04-16 05:00:00,0.85294002,0.85336000,0.85280001,0.85299999
2025-04-16 06:00:00,0.85298002,0.85314000,0.85241997,0.85255003
2025-04-16 07:00:00,0.85255003,0.85320002,0.85245001,0.85286999
2025-04-16 08:00:00,0.85288000,0.85352999,0.85238999,0.85330999
2025-04-16 09:00:00,0.85330999,0.85374999,0.85299999,0.85355002
2025-04-16 10:00:00,0.85355002,0.85434997,0.85338998,0.85429001
2025-04-16 11:00:00,0.85426998,0.85488999,0.85422999,0.85461998
2025-04-16 12:00:00,0.85460001,0.85509998,0.85434997,0.85496002
2025-04-16 13:00:00,0.85496002,0.85540003,0.85479999,0.85521001
2025-04-16 14:00:00,0.85522002,0.85549998,0.85473001,0.85535002
2025-04-16 15:00:00,0.85532999,0.85671997,0.85516000,0.85648000
2025-04-16 16:00:00,0.85636002,0.85732001,0.85628998,0.85657001
2025-04-16 17:00:00,0.85658002,0.85764998,0.85626000,0.85716999
2025-04-16 18:00:00,0.85716999,0.85724998,0.85453999,0.85549998
2025-04-16 19:00:00,0.85549998,0.85689998,0.85529000,0.85606003
2025-04-16 20:00:00,0.85611999,0.85689998,0.85569000,0.85623002
2025-04-16 21:00:00,0.85624999,0.85685998,0.85565001,0.85614002
2025-04-16 22:00:00,0.85614997,0.85658997,0.85566998,0.85606003
2025-04-16 23:00:00,0.85601002,0.85715002,0.85600001,0.85703999
2025-04-17 00:00:00,0.85702997,0.85877001,0.85701001,0.85864002
2025-04-17 01:00:00,0.85865003,0.85940999,0.85828000,0.85930997
2025-04-17 02:00:00,0.85931998,0.85982001,0.85883999,0.85948002
2025-04-17 03:00:00,0.85948998,0.86075002,0.85917997,0.86061001
2025-04-17 04:00:00,0.86061001,0.86074001,0.85970002,0.86062002
2025-04-17 05:00:00,0.86061001,0.86150002,0.86006999,0.86014003
2025-04-17 06:00:00,0.86014003,0.86100000,0.85999000,0.86047000
2025-04-17 07:00:00,0.86045998,0.86093003,0.85961998,0.86044002
2025-04-17 08:00:00,0.86044002,0.86132997,0.86014998,0.86106002
2025-04-17 09:00:00,0.86111999,0.86164999,0.86084998,0.86114001
2025-04-17 10:00:00,0.86111999,0.86141002,0.86014998,0.86034000
2025-04-17 11:00:00,0.86035001,0.86043000,0.85987002,0.86003000
2025-04-17 12:00:00,0.86003000,0.86036998,0.85986000,0.86027998
2025-04-17 13:00:00,0.86027998,0.86040002,0.85966998,0.85999000
2025-04-17 14:00:00,0.85999000,0.86040002,0.85993999,0.86008000
2025-04-17 15:00:00,0.86009997,0.86014003,0.85900003,0.85933000
2025-04-17 16:00:00,0.85933000,0.85956001,0.85856003,0.85868001
2025-04-17 17:00:00,0.85868001,0.85929000,0.85828000,0.85905999
2025-04-17 18:00:00,0.85905999,0.85990000,0.85859001,0.85940999
2025-04-17 19:00:00,0.85939002,0.85939997,0.85865003,0.85882998
2025-04-17 20:00:00,0.85885000,0.85939997,0.85828000,0.85896999
2025-04-17 21:00:00,0.85899001,0.85912001,0.85841000,0.85852998
2025-04-17 22:00:00,0.85851997,0.85890001,0.85657001,0.85707998
2025-04-17 23:00:00,0.85709000,0.85843003,0.85679001,0.85693997
2025-04-18 00:00:00,0.85696000,0.85812998,0.85676003,0.85763001
2025-04-18 01:00:00,0.85764003,0.85821998,0.85702997,0.85711002
2025-04-18 02:00:00,0.85710001,0.85729998,0.85554999,0.85609001
2025-04-18 03:00:00,0.85608000,0.85654998,0.85588998,0.85619003
2025-04-18 04:00:00,0.85619003,0.85720003,0.85593998,0.85707003
2025-04-18 05:00:00,0.85705000,0.85750997,0.85702002,0.85727000
2025-04-18 06:00:00,0.85728002,0.85732001,0.85614997,0.85628003
2025-04-18 07:00:00,0.85614997,0.85728002,0.85580999,0.85667002
2025-04-18 08:00:00,0.85671002,0.85728002,0.85630000,0.85654002
2025-04-18 09:00:00,0.85676998,0.85737002,0.85646999,0.85696000
2025-04-18 10:00:00,0.85696000,0.85716999,0.85587001,0.85631001
2025-04-18 11:00:00,0.85624999,0.85689002,0.85584003,0.85679001
2025-04-18 12:00:00,0.85680002,0.85720998,0.85653001,0.85667998
2025-04-18 13:00:00,0.85677999,0.85721999,0.85658997,0.85702997
2025-04-18 14:00:00,0.85702997,0.85733002,0.85654998,0.85676998
2025-04-18 15:00:00,0.85675001,0.85711998,0.85630000,0.85679001
2025-04-18 16:00:00,0.85676998,0.85732001,0.85628998,0.85635000
2025-04-18 17:00:00,0.85637999,0.85724998,0.85545999,0.85696000
2025-04-18 18:00:00,0.85694999,0.85754001,0.85648000,0.85670000
2025-04-18 19:00:00,0.85667998,0.85685998,0.85635000,0.85661000
2025-04-18 20:00:00,0.85659999,0.85724002,0.85649002,0.85661000
2025-04-18 21:00:00,0.85663998,0.85750002,0.85633999,0.85725999
2025-04-18 22:00:00,0.85724998,0.85768002,0.85685003,0.85724002
2025-04-18 23:00:00,0.85721999,0.85746002,0.85667002,0.85714000
2025-04-19 00:00:00,0.85715002,0.85799998,0.85689002,0.85788000
2025-04-19 01:00:00,0.85784000,0.85825002,0.85742003,0.85800999
2025-04-19 02:00:00,0.85798001,0.85807002,0.85732001,0.85767001
2025-04-19 03:00:00,0.85766000,0.85781002,0.85733998,0.85768998
2025-04-19 04:00:00,0.85767001,0.85788000,0.85733998,0.85755002
2025-04-19 05:00:00,0.85755998,0.85766000,0.85699999,0.85725999
2025-04-19 06:00:00,0.85728002,0.85751998,0.85637999,0.85659999
2025-04-19 07:00:00,0.85680997,0.85680997,0.85680997,0.85680997
2025-04-21 09:00:00,0.85929000,0.86049002,0.85926002,0.85983998
2025-04-21 10:00:00,0.85986000,0.86040002,0.85851997,0.85908997
2025-04-21 11:00:00,0.85908002,0.85970002,0.85904002,0.85952002
2025-04-21 12:00:00,0.85951000,0.86186999,0.85934001,0.86040998
2025-04-21 13:00:00,0.86041999,0.86101002,0.86032999,0.86049998
2025-04-21 14:00:00,0.86050999,0.86062998,0.86023003,0.86057001
2025-04-21 15:00:00,0.86058003,0.86110997,0.86023998,0.86089998
2025-04-21 16:00:00,0.86088997,0.86100000,0.86005002,0.86053002
2025-04-21 17:00:00,0.86052001,0.86238003,0.86009002,0.86159998
2025-04-21 18:00:00,0.86159003,0.86210001,0.86102998,0.86158001
2025-04-21 19:00:00,0.86157000,0.86237001,0.86131001,0.86161000
2025-04-21 20:00:00,0.86162001,0.86162001,0.86048001,0.86058003
2025-04-21 21:00:00,0.86058998,0.86175001,0.86040998,0.86159003
2025-04-21 22:00:00,0.86159998,0.86189997,0.86088002,0.86106998
2025-04-21 23:00:00,0.86105001,0.86110002,0.85898000,0.85948998
2025-04-22 00:00:00,0.85948998,0.85974002,0.85815001,0.85860002
2025-04-22 01:00:00,0.85860002,0.85993999,0.85795999,0.85991001
2025-04-22 02:00:00,0.85990000,0.86040002,0.85952002,0.86023998
2025-04-22 03:00:00,0.86022002,0.86076999,0.85996002,0.86071998
2025-04-22 04:00:00,0.86072999,0.86140001,0.86070001,0.86115003
2025-04-22 05:00:00,0.86116999,0.86129999,0.86062998,0.86071002
2025-04-22 06:00:00,0.86074001,0.86085999,0.86001998,0.86021000
2025-04-22 07:00:00,0.86089998,0.86089998,0.85990000,0.86001003
2025-04-22 08:00:00,0.86005002,0.86110997,0.86000001,0.86105001
2025-04-22 09:00:00,0.86105001,0.86110002,0.86030000,0.86052001
2025-04-22 10:00:00,0.86050999,0.86053002,0.85909998,0.85934001
2025-04-22 11:00:00,0.85934001,0.85944003,0.85878998,0.85933000
2025-04-22 12:00:00,0.85931998,0.86004001,0.85921001,0.85992998
2025-04-22 13:00:00,0.85992002,0.86085999,0.85987002,0.86047000
2025-04-22 14:00:00,0.86047000,0.86059999,0.86001998,0.86023998
2025-04-22 15:00:00,0.86025000,0.86059999,0.85957998,0.86019999
2025-04-22 16:00:00,0.86019999,0.86034000,0.85865998,0.85885000
2025-04-22 17:00:00,0.85887003,0.86005002,0.85828000,0.86004001
2025-04-22 18:00:00,0.86003000,0.86053002,0.85883999,0.85899001
2025-04-22 19:00:00,0.85898000,0.86021000,0.85882998,0.85947001
2025-04-22 20:00:00,0.85946000,0.85999000,0.85927999,0.85944998
2025-04-22 21:00:00,0.85944003,0.85983998,0.85841000,0.85857999
2025-04-22 22:00:00,0.85856003,0.85908002,0.85772997,0.85776001
2025-04-22 23:00:00,0.85776001,0.85881001,0.85689998,0.85789001
2025-04-23 00:00:00,0.85781002,0.85833001,0.85680002,0.85775000
2025-04-23 01:00:00,0.85775000,0.85825002,0.85688001,0.85724002
2025-04-23 02:00:00,0.85723001,0.85747999,0.85632998,0.85667002
2025-04-23 03:00:00,0.85670000,0.85808003,0.85653001,0.85795999
2025-04-23 04:00:00,0.85794002,0.85800999,0.85664999,0.85677999
2025-04-23 05:00:00,0.85677999,0.85703999,0.85648000,0.85663998
2025-04-23 06:00:00,0.85663003,0.85685998,0.85636002,0.85636997
2025-04-23 07:00:00,0.85641003,0.85719001,0.85359001,0.85472000
2025-04-23 08:00:00,0.85482001,0.85626000,0.85393000,0.85527998
2025-04-23 09:00:00,0.85522002,0.85553998,0.85470003,0.85514998
2025-04-23 10:00:00,0.85516000,0.85659999,0.85506999,0.85652000
2025-04-23 11:00:00,0.85654998,0.85720003,0.85589999,0.85689998
2025-04-23 12:00:00,0.85689998,0.85720003,0.85642999,0.85685998
2025-04-23 13:00:00,0.85687000,0.85689998,0.85579997,0.85598999
2025-04-23 14:00:00,0.85598999,0.85620999,0.85563999,0.85600001
2025-04-23 15:00:00,0.85601002,0.85610998,0.85517001,0.85541999
2025-04-23 16:00:00,0.85541999,0.85613000,0.85431999,0.85461998
2025-04-23 17:00:00,0.85462999,0.85610002,0.85443002,0.85566998
2025-04-23 18:00:00,0.85562998,0.85772997,0.85534000,0.85677999
2025-04-23 19:00:00,0.85677999,0.85775000,0.85676998,0.85702997
2025-04-23 20:00:00,0.85702997,0.85716999,0.85653001,0.85715997
2025-04-23 21:00:00,0.85718000,0.85800999,0.85632998,0.85798001
2025-04-23 22:00:00,0.85799003,0.85830998,0.85715997,0.85724002
2025-04-23 23:00:00,0.85724998,0.85742003,0.85303998,0.85312003
2025-04-24 00:00:00,0.85310000,0.85592997,0.85298997,0.85522002
2025-04-24 01:00:00,0.85522997,0.85714000,0.85475999,0.85614002
2025-04-24 02:00:00,0.85614997,0.85671997,0.85500997,0.85510999
2025-04-24 03:00:00,0.85509998,0.85540003,0.85329002,0.85360003
2025-04-24 04:00:00,0.85360003,0.85382998,0.85329998,0.85355997
2025-04-24 05:00:00,0.85359001,0.85396999,0.85342002,0.85382998
2025-04-24 06:00:00,0.85382003,0.85390002,0.85328001,0.85355002
2025-04-24 07:00:00,0.85288000,0.85456997,0.85271001,0.85365999
2025-04-24 08:00:00,0.85365999,0.85484999,0.85364002,0.85417002
2025-04-24 09:00:00,0.85408002,0.85420001,0.85369998,0.85405999
2025-04-24 10:00:00,0.85405999,0.85447001,0.85367000,0.85434997
2025-04-24 11:00:00,0.85433000,0.85483998,0.85404998,0.85439998
2025-04-24 12:00:00,0.85439998,0.85491002,0.85430002,0.85473001
2025-04-24 13:00:00,0.85473001,0.85479999,0.85425001,0.85439998
2025-04-24 14:00:00,0.85439003,0.85453999,0.85407001,0.85444999
2025-04-24 15:00:00,0.85443002,0.85470003,0.85405999,0.85435998
2025-04-24 16:00:00,0.85439003,0.85522002,0.85438001,0.85517001
2025-04-24 17:00:00,0.85516000,0.85613000,0.85506999,0.85587001
2025-04-24 18:00:00,0.85591000,0.85652000,0.85465997,0.85556000
2025-04-24 19:00:00,0.85556000,0.85589999,0.85487002,0.85570002
2025-04-24 20:00:00,0.85570002,0.85570002,0.85487002,0.85553002
2025-04-24 21:00:00,0.85552001,0.85565001,0.85438001,0.85455000
2025-04-24 22:00:00,0.85453999,0.85531998,0.85395998,0.85523999
2025-04-24 23:00:00,0.85525000,0.85549998,0.85369998,0.85443002
2025-04-25 00:00:00,0.85439998,0.85500002,0.85349000,0.85412002
2025-04-25 01:00:00,0.85411000,0.85430002,0.85338998,0.85382998
2025-04-25 02:00:00,0.85385001,0.85420001,0.85363001,0.85376000
2025-04-25 03:00:00,0.85374999,0.85394001,0.85329998,0.85342997
2025-04-25 04:00:00,0.85345000,0.85382003,0.85329998,0.85374999
2025-04-25 05:00:00,0.85374999,0.85425001,0.85347998,0.85356998
2025-04-25 06:00:00,0.85356998,0.85399997,0.85337001,0.85347998
2025-04-25 07:00:00,0.85346001,0.85417998,0.85299999,0.85347998
2025-04-25 08:00:00,0.85363001,0.85395002,0.85334003,0.85371000
2025-04-25 09:00:00,0.85369998,0.85380000,0.85319000,0.85326999
2025-04-25 10:00:00,0.85329002,0.85329998,0.85266000,0.85270000
2025-04-25 11:00:00,0.85270000,0.85312003,0.85263997,0.85290003
2025-04-25 12:00:00,0.85290003,0.85299999,0.85255998,0.85285997
2025-04-25 13:00:00,0.85281998,0.85292000,0.85213000,0.85237002
2025-04-25 14:00:00,0.85237998,0.85310000,0.85203999,0.85303003
2025-04-25 15:00:00,0.85303003,0.85339999,0.85290003,0.85319000
2025-04-25 16:00:00,0.85323000,0.85355997,0.85240000,0.85241002
2025-04-25 17:00:00,0.85244000,0.85474002,0.85241997,0.85421002
2025-04-25 18:00:00,0.85421002,0.85421002,0.85298997,0.85324001
2025-04-25 19:00:00,0.85324001,0.85391998,0.85301000,0.85312998
2025-04-25 20:00:00,0.85312998,0.85342002,0.85257000,0.85268998
2025-04-25 21:00:00,0.85268003,0.85364002,0.85249001,0.85288000
2025-04-25 22:00:00,0.85285997,0.85320002,0.85200000,0.85206002
2025-04-25 23:00:00,0.85206002,0.85329998,0.85106999,0.85321999
2025-04-26 00:00:00,0.85316998,0.85457999,0.85289001,0.85421002
2025-04-26 01:00:00,0.85420001,0.85434997,0.85367000,0.85376000
2025-04-26 02:00:00,0.85377002,0.85430998,0.85349000,0.85352999
2025-04-26 03:00:00,0.85352999,0.85395998,0.85310000,0.85373002
2025-04-26 04:00:00,0.85371000,0.85390002,0.85350001,0.85369003
2025-04-26 05:00:00,0.85369998,0.85380000,0.85270000,0.85285002
2025-04-26 06:00:00,0.85284001,0.85374999,0.85281003,0.85320002
2025-04-26 07:00:00,0.85371000,0.85381001,0.85352999,0.85352999
2025-04-28 09:00:00,0.85337001,0.85369998,0.85316998,0.85358000
2025-04-28 10:00:00,0.85363001,0.85443002,0.85349000,0.85434002
2025-04-28 11:00:00,0.85434002,0.85446000,0.85391998,0.85425001
2025-04-28 12:00:00,0.85425001,0.85444999,0.85408998,0.85433000
2025-04-28 13:00:00,0.85433000,0.85439998,0.85407001,0.85411000
2025-04-28 14:00:00,0.85413998,0.85415000,0.85380000,0.85402000
2025-04-28 15:00:00,0.85400999,0.85439998,0.85374999,0.85411000
2025-04-28 16:00:00,0.85409999,0.85424000,0.85219997,0.85220999
2025-04-28 17:00:00,0.85220999,0.85374999,0.85213000,0.85288000
2025-04-28 18:00:00,0.85286999,0.85290003,0.85088998,0.85102999
2025-04-28 19:00:00,0.85102999,0.85104001,0.84994000,0.85061002
2025-04-28 20:00:00,0.85060000,0.85130000,0.85047001,0.85079998
2025-04-28 21:00:00,0.85079998,0.85121000,0.85039997,0.85101998
2025-04-28 22:00:00,0.85101002,0.85174000,0.85061002,0.85070997
2025-04-28 23:00:00,0.85069001,0.85075003,0.84982997,0.85020000
2025-04-29 00:00:00,0.85017997,0.85048002,0.84931999,0.84959000
2025-04-29 01:00:00,0.84957999,0.85040998,0.84950000,0.85013998
2025-04-29 02:00:00,0.85013002,0.85122001,0.84987998,0.85075003
2025-04-29 03:00:00,0.85075998,0.85080999,0.84996003,0.85004002
2025-04-29 04:00:00,0.85004997,0.85030001,0.84982997,0.85007000
2025-04-29 05:00:00,0.85005999,0.85049999,0.84972000,0.84988999
2025-04-29 06:00:00,0.84988999,0.85009998,0.84929001,0.84938002
2025-04-29 07:00:00,0.84951001,0.85000998,0.84921002,0.85000002
2025-04-29 08:00:00,0.85005999,0.85005999,0.84917998,0.84941000
2025-04-29 09:00:00,0.84941000,0.84969997,0.84887999,0.84907001
2025-04-29 10:00:00,0.84907001,0.84965003,0.84903997,0.84906000
2025-04-29 11:00:00,0.84907001,0.84943998,0.84867001,0.84881997
2025-04-29 12:00:00,0.84884000,0.84955001,0.84876001,0.84913999
2025-04-29 13:00:00,0.84912997,0.84939998,0.84895998,0.84921002
2025-04-29 14:00:00,0.84919000,0.84943998,0.84862000,0.84930998
2025-04-29 15:00:00,0.84933001,0.84960997,0.84891999,0.84921998
2025-04-29 16:00:00,0.84922999,0.84960002,0.84897000,0.84934002
2025-04-29 17:00:00,0.84933001,0.85053003,0.84916002,0.84957999
2025-04-29 18:00:00,0.84961998,0.84974998,0.84867001,0.84895003
2025-04-29 19:00:00,0.84890997,0.84982997,0.84889001,0.84956998
2025-04-29 20:00:00,0.84957999,0.85020000,0.84947997,0.85014999
2025-04-29 21:00:00,0.85016000,0.85031998,0.84965003,0.84985000
2025-04-29 22:00:00,0.84985000,0.85110003,0.84930003,0.85089999
2025-04-29 23:00:00,0.85089999,0.85117000,0.84956002,0.84996998
2025-04-30 00:00:00,0.85017997,0.85089999,0.84947997,0.85013998
2025-04-30 01:00:00,0.85013998,0.85100001,0.85000002,0.85066998
2025-04-30 02:00:00,0.85066003,0.85100001,0.85022998,0.85053998
2025-04-30 03:00:00,0.85052001,0.85061002,0.84964001,0.84978998
2025-04-30 04:00:00,0.84977001,0.84994000,0.84921998,0.84929001
2025-04-30 05:00:00,0.84930003,0.84951001,0.84907001,0.84913999
2025-04-30 06:00:00,0.84916002,0.84952003,0.84889001,0.84908998
2025-04-30 07:00:00,0.84909999,0.84974998,0.84880000,0.84899998
2025-04-30 08:00:00,0.84908003,0.84973001,0.84875000,0.84957999
2025-04-30 09:00:00,0.84956998,0.84957999,0.84912002,0.84930003
2025-04-30 10:00:00,0.84929001,0.84979999,0.84904999,0.84931999
2025-04-30 11:00:00,0.84933001,0.84939998,0.84816998,0.84824997
2025-04-30 12:00:00,0.84824997,0.84924001,0.84816998,0.84917998
2025-04-30 13:00:00,0.84917003,0.84963000,0.84913999,0.84942001
2025-04-30 14:00:00,0.84943002,0.84960002,0.84920001,0.84938002
2025-04-30 15:00:00,0.84937000,0.84961998,0.84931999,0.84942001
2025-04-30 16:00:00,0.84944999,0.85039997,0.84930003,0.84994000
2025-04-30 17:00:00,0.84991997,0.85022002,0.84959000,0.85001999
2025-04-30 18:00:00,0.85001999,0.85082000,0.84974003,0.85065001
2025-04-30 19:00:00,0.85065001,0.85110003,0.85031998,0.85045999
2025-04-30 20:00:00,0.85044998,0.85089999,0.85034001,0.85062999
2025-04-30 21:00:00,0.85061997,0.85163999,0.85027999,0.85152000
2025-04-30 22:00:00,0.85152000,0.85211003,0.85105997,0.85188001
2025-04-30 23:00:00,0.85187000,0.85382003,0.85157001,0.85329002
2025-05-01 00:00:00,0.85334003,0.85363001,0.85066998,0.85114002
2025-05-01 01:00:00,0.85117000,0.85181999,0.84951001,0.85058999
2025-05-01 02:00:00,0.85058999,0.85119998,0.85039002,0.85084999
2025-05-01 03:00:00,0.85084999,0.85149997,0.85029000,0.85049999
2025-05-01 04:00:00,0.85051000,0.85101002,0.85029000,0.85083997
2025-05-01 05:00:00,0.85084999,0.85084999,0.84969002,0.85007000
2025-05-01 06:00:00,0.85007000,0.85012001,0.84948999,0.84969002
2025-05-01 07:00:00,0.84982997,0.85017997,0.84931999,0.84987998
2025-05-01 08:00:00,0.84990001,0.85022998,0.84969997,0.85000998
2025-05-01 09:00:00,0.84998000,0.85016000,0.84978002,0.84999001
2025-05-01 10:00:00,0.84999001,0.85033000,0.84996003,0.85004997
2025-05-01 11:00:00,0.85007000,0.85013998,0.84955001,0.84976000
2025-05-01 12:00:00,0.84974998,0.84991002,0.84948999,0.84990001
2025-05-01 13:00:00,0.84988999,0.85051000,0.84974998,0.85044998
2025-05-01 14:00:00,0.85044998,0.85065001,0.85022002,0.85026002
2025-05-01 15:00:00,0.85025001,0.85044003,0.84994000,0.85033000
2025-05-01 16:00:00,0.85031003,0.85102999,0.85004997,0.85052001
2025-05-01 17:00:00,0.85049999,0.85070997,0.84961998,0.85003000
2025-05-01 18:00:00,0.85001999,0.85055000,0.84948999,0.84956998
2025-05-01 19:00:00,0.84956002,0.84994000,0.84921002,0.84973001
2025-05-01 20:00:00,0.84970999,0.85000998,0.84908003,0.84957999
2025-05-01 21:00:00,0.84959000,0.85004002,0.84912997,0.84960002
2025-05-01 22:00:00,0.84960997,0.85013002,0.84902000,0.84978998
2025-05-01 23:00:00,0.84978002,0.85026002,0.84913999,0.84957999
2025-05-02 00:00:00,0.84954000,0.84964001,0.84794998,0.84855002
2025-05-02 01:00:00,0.84855998,0.84983999,0.84829998,0.84979999
2025-05-02 02:00:00,0.84979999,0.85049999,0.84974998,0.85017002
2025-05-02 03:00:00,0.85020000,0.85062999,0.85004997,0.85049999
2025-05-02 04:00:00,0.85049999,0.85057002,0.84987998,0.84999001
2025-05-02 05:00:00,0.85000002,0.85020000,0.84957999,0.85013998
2025-05-02 06:00:00,0.85013002,0.85043001,0.85001999,0.85026997
2025-05-02 07:00:00,0.85003000,0.85042000,0.84925997,0.84994000
2025-05-02 08:00:00,0.84992999,0.85049999,0.84974003,0.85030001
2025-05-02 09:00:00,0.85022998,0.85044998,0.85018998,0.85020000
2025-05-02 10:00:00,0.85023999,0.85030001,0.84917998,0.84960997
2025-05-02 11:00:00,0.84961998,0.84995002,0.84942001,0.84992999
2025-05-02 12:00:00,0.84991997,0.85017997,0.84956002,0.84969997
2025-05-02 13:00:00,0.84964001,0.85030001,0.84964001,0.84996998
2025-05-02 14:00:00,0.84996998,0.85000002,0.84930998,0.84943998
2025-05-02 15:00:00,0.84943002,0.84956998,0.84899998,0.84943998
2025-05-02 16:00:00,0.84943998,0.85100001,0.84938997,0.85083002
2025-05-02 17:00:00,0.85083997,0.85200000,0.85040998,0.85180998
2025-05-02 18:00:00,0.85180002,0.85290003,0.85161000,0.85254002
2025-05-02 19:00:00,0.85257000,0.85292000,0.85222000,0.85273999
2025-05-02 20:00:00,0.85275000,0.85292000,0.85220999,0.85262001
2025-05-02 21:00:00,0.85263002,0.85369998,0.85209000,0.85349000
2025-05-02 22:00:00,0.85350001,0.85352999,0.85165000,0.85165000
2025-05-02 23:00:00,0.85167998,0.85405999,0.85154998,0.85378999
2025-05-03 00:00:00,0.85380000,0.85395998,0.85282999,0.85343999
2025-05-03 01:00:00,0.85343999,0.85343999,0.85233003,0.85307002
2025-05-03 02:00:00,0.85308999,0.85329998,0.85189998,0.85220999
2025-05-03 03:00:00,0.85220999,0.85233998,0.85089999,0.85140002
2025-05-03 04:00:00,0.85140997,0.85162002,0.85105997,0.85130000
2025-05-03 05:00:00,0.85131001,0.85149997,0.85099000,0.85140997
2025-05-03 06:00:00,0.85141999,0.85167003,0.85110003,0.85135001
2025-05-03 07:00:00,0.85144001,0.85148001,0.85144001,0.85148001
2025-05-05 09:00:00,0.85233998,0.85329998,0.85210001,0.85312003
2025-05-05 10:00:00,0.85310000,0.85320997,0.85292000,0.85310000
2025-05-05 11:00:00,0.85310000,0.85320002,0.85255003,0.85286999
2025-05-05 12:00:00,0.85288000,0.85325003,0.85284001,0.85292000
2025-05-05 13:00:00,0.85290003,0.85301000,0.85263002,0.85271001
2025-05-05 14:00:00,0.85272998,0.85285002,0.85259002,0.85268998
2025-05-05 15:00:00,0.85271001,0.85292000,0.85228997,0.85250002
2025-05-05 16:00:00,0.85249001,0.85299999,0.85215998,0.85276997
2025-05-05 17:00:00,0.85279000,0.85290003,0.85168999,0.85181999
2025-05-05 18:00:00,0.85180002,0.85282999,0.85174000,0.85271001
2025-05-05 19:00:00,0.85272002,0.85315001,0.85225999,0.85250998
2025-05-05 20:00:00,0.85249001,0.85257000,0.85207999,0.85247999
2025-05-05 21:00:00,0.85246003,0.85246998,0.85157001,0.85171998
2025-05-05 22:00:00,0.85170001,0.85219997,0.85141999,0.85211003
2025-05-05 23:00:00,0.85209000,0.85263997,0.85184002,0.85215002
2025-05-06 00:00:00,0.85219002,0.85258001,0.85175002,0.85210001
2025-05-06 01:00:00,0.85210001,0.85215998,0.85156000,0.85184997
2025-05-06 02:00:00,0.85181999,0.85200000,0.85124999,0.85145003
2025-05-06 03:00:00,0.85141999,0.85165000,0.85093999,0.85102999
2025-05-06 04:00:00,0.85101998,0.85140002,0.85096002,0.85131001
2025-05-06 05:00:00,0.85127997,0.85143000,0.85106999,0.85112000
2025-05-06 06:00:00,0.85112000,0.85123003,0.85074002,0.85088998
2025-05-06 07:00:00,0.85083997,0.85137999,0.85042000,0.85110003
2025-05-06 08:00:00,0.85114998,0.85131001,0.85087001,0.85126001
2025-05-06 09:00:00,0.85119998,0.85123998,0.85093999,0.85110003
2025-05-06 10:00:00,0.85108000,0.85112000,0.85020000,0.85048002
2025-05-06 11:00:00,0.85051000,0.85100001,0.85035002,0.85083997
2025-05-06 12:00:00,0.85082000,0.85130000,0.85079998,0.85099000
2025-05-06 13:00:00,0.85096997,0.85122001,0.85088003,0.85105002
2025-05-06 14:00:00,0.85104001,0.85140997,0.85091001,0.85123998
2025-05-06 15:00:00,0.85126001,0.85170001,0.85110998,0.85163999
2025-05-06 16:00:00,0.85163999,0.85201001,0.85139000,0.85145003
2025-05-06 17:00:00,0.85143000,0.85163999,0.85091001,0.85127002
2025-05-06 18:00:00,0.85126001,0.85132003,0.85013002,0.85066998
2025-05-06 19:00:00,0.85066998,0.85092998,0.84926999,0.84939998
2025-05-06 20:00:00,0.84941000,0.84969002,0.84815001,0.84829998
2025-05-06 21:00:00,0.84829998,0.84836000,0.84710997,0.84719002
2025-05-06 22:00:00,0.84719998,0.84723997,0.84615999,0.84649003
2025-05-06 23:00:00,0.84648001,0.84820002,0.84617001,0.84812999
2025-05-07 00:00:00,0.84812999,0.84877998,0.84744000,0.84812999
2025-05-07 01:00:00,0.84808999,0.84890997,0.84801000,0.84858000
2025-05-07 02:00:00,0.84859002,0.84990001,0.84840000,0.84955001
2025-05-07 03:00:00,0.84954000,0.85043001,0.84952998,0.85018998
2025-05-07 04:00:00,0.85017997,0.85030001,0.84972000,0.85009998
2025-05-07 05:00:00,0.85009003,0.85020000,0.84978002,0.85001999
2025-05-07 06:00:00,0.85000998,0.85093999,0.84988999,0.84988999
2025-05-07 07:00:00,0.84990001,0.85082000,0.84865999,0.84979999
2025-05-07 08:00:00,0.84981000,0.85042000,0.84790999,0.84938002
2025-05-07 09:00:00,0.84960997,0.84965003,0.84908998,0.84925002
2025-05-07 10:00:00,0.84925997,0.84990001,0.84906000,0.84935999
2025-05-07 11:00:00,0.84934002,0.84968001,0.84881002,0.84966999
2025-05-07 12:00:00,0.84965998,0.85000002,0.84944999,0.84974998
2025-05-07 13:00:00,0.84976000,0.85014999,0.84960002,0.85009003
2025-05-07 14:00:00,0.85008001,0.85030001,0.84985000,0.85016000
2025-05-07 15:00:00,0.85016000,0.85086000,0.85009998,0.85079002
2025-05-07 16:00:00,0.85083997,0.85126001,0.85044998,0.85100001
2025-05-07 17:00:00,0.85101002,0.85134000,0.85058999,0.85096002
2025-05-07 18:00:00,0.85092998,0.85220999,0.85079998,0.85163999
2025-05-07 19:00:00,0.85163999,0.85189998,0.85139000,0.85171002
2025-05-07 20:00:00,0.85170001,0.85184002,0.85104001,0.85156000
2025-05-07 21:00:00,0.85158998,0.85162002,0.85079998,0.85083002
2025-05-07 22:00:00,0.85083997,0.85119998,0.84974998,0.84978998
2025-05-07 23:00:00,0.84978002,0.85069001,0.84966999,0.85047001
2025-05-08 00:00:00,0.85048997,0.85053003,0.84955001,0.85043001
2025-05-08 01:00:00,0.85042000,0.85060000,0.85007000,0.85038000
2025-05-08 02:00:00,0.85039997,0.85100001,0.85003000,0.85017002
2025-05-08 03:00:00,0.85017002,0.85070002,0.84983999,0.84983999
2025-05-08 04:00:00,0.85029000,0.85184002,0.84990001,0.85070002
2025-05-08 05:00:00,0.85067999,0.85110998,0.85000998,0.85031003
2025-05-08 06:00:00,0.85031003,0.85066998,0.84986001,0.85004997
2025-05-08 07:00:00,0.84998000,0.85128999,0.84956998,0.85064000
2025-05-08 08:00:00,0.85087001,0.85087001,0.85017002,0.85055000
2025-05-08 09:00:00,0.85052001,0.85070002,0.85038000,0.85044003
2025-05-08 10:00:00,0.85042000,0.85110003,0.85029000,0.85061002
2025-05-08 11:00:00,0.85062999,0.85077000,0.84913999,0.84926999
2025-05-08 12:00:00,0.84925997,0.84935999,0.84852999,0.84856999
2025-05-08 13:00:00,0.84858000,0.84885001,0.84847999,0.84878999
2025-05-08 14:00:00,0.84878999,0.84899998,0.84869999,0.84889001
2025-05-08 15:00:00,0.84889001,0.84947002,0.84846002,0.84850001
2025-05-08 16:00:00,0.84849000,0.84954000,0.84846997,0.84937000
2025-05-08 17:00:00,0.84938002,0.85026002,0.84902000,0.84998000
2025-05-08 18:00:00,0.84999001,0.85105002,0.84996003,0.85084999
2025-05-08 19:00:00,0.85083997,0.85105997,0.84992999,0.85000998
2025-05-08 20:00:00,0.85000998,0.85104001,0.84925002,0.85099000
2025-05-08 21:00:00,0.85100001,0.85223001,0.84715998,0.84763998
2025-05-08 22:00:00,0.84762001,0.84865999,0.84719998,0.84802997
2025-05-08 23:00:00,0.84802997,0.84812999,0.84732997,0.84779000
2025-05-09 00:00:00,0.84780002,0.84827000,0.84718001,0.84737998
2025-05-09 01:00:00,0.84737998,0.84806001,0.84608001,0.84671998
2025-05-09 02:00:00,0.84670001,0.84688997,0.84582001,0.84618998
2025-05-09 03:00:00,0.84618002,0.84680003,0.84612000,0.84674001
2025-05-09 04:00:00,0.84675002,0.84726000,0.84665000,0.84705001
2025-05-09 05:00:00,0.84702998,0.84762001,0.84684998,0.84758002
2025-05-09 06:00:00,0.84759998,0.84773999,0.84735000,0.84737003
2025-05-09 07:00:00,0.84649003,0.84762001,0.84649003,0.84685999
2025-05-09 08:00:00,0.84678000,0.84770000,0.84672999,0.84759998
2025-05-09 09:00:00,0.84762001,0.84802997,0.84740001,0.84794998
2025-05-09 10:00:00,0.84794003,0.84829998,0.84785998,0.84798002
2025-05-09 11:00:00,0.84792000,0.84799999,0.84750003,0.84767997
2025-05-09 12:00:00,0.84770000,0.84780002,0.84740001,0.84764999
2025-05-09 13:00:00,0.84764999,0.84820002,0.84762001,0.84811997
2025-05-09 14:00:00,0.84812999,0.84840000,0.84807998,0.84821999
2025-05-09 15:00:00,0.84820998,0.84855002,0.84816003,0.84850001
2025-05-09 16:00:00,0.84847999,0.84921002,0.84834999,0.84877002
2025-05-09 17:00:00,0.84877998,0.84881002,0.84815001,0.84833997
2025-05-09 18:00:00,0.84834999,0.84867001,0.84806001,0.84820998
2025-05-09 19:00:00,0.84821999,0.84846002,0.84739000,0.84754997
2025-05-09 20:00:00,0.84754997,0.84777999,0.84706002,0.84749001
2025-05-09 21:00:00,0.84749001,0.84777999,0.84700000,0.84767002
2025-05-09 22:00:00,0.84767002,0.84783000,0.84706002,0.84709001
2025-05-09 23:00:00,0.84710002,0.84770000,0.84684002,0.84728998
2025-05-10 00:00:00,0.84727001,0.84821999,0.84665000,0.84689999
2025-05-10 01:00:00,0.84689999,0.84736001,0.84631002,0.84631997
2025-05-10 02:00:00,0.84634000,0.84648001,0.84599000,0.84603000
2025-05-10 03:00:00,0.84604001,0.84610999,0.84565997,0.84575999
2025-05-10 04:00:00,0.84578001,0.84600002,0.84547001,0.84555000
2025-05-10 05:00:00,0.84557003,0.84570003,0.84548002,0.84564000
2025-05-10 06:00:00,0.84562999,0.84591001,0.84517998,0.84529001
2025-05-10 07:00:00,0.84561998,0.84561998,0.84561998,0.84561998
2025-05-12 09:00:00,0.84480000,0.84520000,0.84468001,0.84512001
2025-05-12 10:00:00,0.84513003,0.84571999,0.84504002,0.84566998
2025-05-12 11:00:00,0.84565002,0.84579998,0.84526002,0.84539998
2025-05-12 12:00:00,0.84538001,0.84560001,0.84520000,0.84527999
2025-05-12 13:00:00,0.84529001,0.84549999,0.84507000,0.84508997
2025-05-12 14:00:00,0.84509999,0.84521002,0.84498000,0.84500998
2025-05-12 15:00:00,0.84503001,0.84520000,0.84469002,0.84490001
2025-05-12 16:00:00,0.84489000,0.84503001,0.84421998,0.84434998
2025-05-12 17:00:00,0.84437001,0.84439999,0.84197998,0.84324998
2025-05-12 18:00:00,0.84324002,0.84428000,0.84210002,0.84407997
2025-05-12 19:00:00,0.84407002,0.84420002,0.84227997,0.84248000
2025-05-12 20:00:00,0.84248000,0.84334999,0.84148997,0.84307998
2025-05-12 21:00:00,0.84305000,0.84344000,0.84259999,0.84319001
2025-05-12 22:00:00,0.84318000,0.84322000,0.84201998,0.84213001
2025-05-12 23:00:00,0.84211999,0.84303999,0.84193999,0.84228998
2025-05-13 00:00:00,0.84228998,0.84276003,0.84148997,0.84167999
2025-05-13 01:00:00,0.84166002,0.84197003,0.84101999,0.84182000
2025-05-13 02:00:00,0.84180999,0.84210998,0.84101999,0.84112000
2025-05-13 03:00:00,0.84112000,0.84149998,0.84083998,0.84085000
2025-05-13 04:00:00,0.84085000,0.84140003,0.84052998,0.84134001
2025-05-13 05:00:00,0.84131998,0.84173000,0.84101999,0.84166002
2025-05-13 06:00:00,0.84166002,0.84186000,0.84114999,0.84114999
2025-05-13 07:00:00,0.84114999,0.84202999,0.84079999,0.84160000
2025-05-13 08:00:00,0.84175998,0.84220999,0.84141999,0.84187001
2025-05-13 09:00:00,0.84188002,0.84204000,0.84178001,0.84195000
2025-05-13 10:00:00,0.84195000,0.84270000,0.84189999,0.84258002
2025-05-13 11:00:00,0.84258002,0.84270000,0.84227997,0.84233999
2025-05-13 12:00:00,0.84236002,0.84241003,0.84210002,0.84220999
2025-05-13 13:00:00,0.84220999,0.84244001,0.84197998,0.84223002
2025-05-13 14:00:00,0.84222001,0.84230000,0.84197998,0.84210998
2025-05-13 15:00:00,0.84210002,0.84211999,0.84162003,0.84170002
2025-05-13 16:00:00,0.84170002,0.84201998,0.84147000,0.84184998
2025-05-13 17:00:00,0.84184998,0.84210002,0.84109998,0.84134001
2025-05-13 18:00:00,0.84134001,0.84140998,0.84048998,0.84099001
2025-05-13 19:00:00,0.84105003,0.84122002,0.84044999,0.84056002
2025-05-13 20:00:00,0.84053999,0.84109998,0.84026998,0.84100997
2025-05-13 21:00:00,0.84096998,0.84113997,0.84039998,0.84052998
2025-05-13 22:00:00,0.84053999,0.84091002,0.84009999,0.84043998
2025-05-13 23:00:00,0.84043998,0.84231001,0.84040999,0.84186000
2025-05-14 00:00:00,0.84186000,0.84231001,0.84154999,0.84171999
2025-05-14 01:00:00,0.84171999,0.84189999,0.84130001,0.84165001
2025-05-14 02:00:00,0.84165001,0.84176999,0.84069997,0.84072000
2025-05-14 03:00:00,0.84075999,0.84079999,0.84026998,0.84037000
2025-05-14 04:00:00,0.84035999,0.84100002,0.84033000,0.84092999
2025-05-14 05:00:00,0.84091997,0.84113002,0.84073001,0.84096003
2025-05-14 06:00:00,0.84090000,0.84109998,0.84037000,0.84039998
2025-05-14 07:00:00,0.84016001,0.84086001,0.84004003,0.84053999
2025-05-14 08:00:00,0.84055001,0.84109998,0.84017003,0.84094000
2025-05-14 09:00:00,0.84091997,0.84109998,0.84069997,0.84077001
2025-05-14 10:00:00,0.84077001,0.84097999,0.84053999,0.84059000
2025-05-14 11:00:00,0.84060001,0.84082001,0.84043002,0.84064001
2025-05-14 12:00:00,0.84065002,0.84107000,0.84053999,0.84100997
2025-05-14 13:00:00,0.84099001,0.84122998,0.84079999,0.84116000
2025-05-14 14:00:00,0.84113997,0.84140003,0.84085000,0.84096998
2025-05-14 15:00:00,0.84094000,0.84109998,0.84055001,0.84095001
2025-05-14 16:00:00,0.84094000,0.84171999,0.84087998,0.84117001
2025-05-14 17:00:00,0.84118003,0.84157002,0.84042001,0.84136999
2025-05-14 18:00:00,0.84138000,0.84243000,0.84114999,0.84198999
2025-05-14 19:00:00,0.84200001,0.84359998,0.84188998,0.84283000
2025-05-14 20:00:00,0.84284002,0.84299999,0.84132999,0.84134001
2025-05-14 21:00:00,0.84135002,0.84175003,0.84105998,0.84126002
2025-05-14 22:00:00,0.84125000,0.84261000,0.84119999,0.84237999
2025-05-14 23:00:00,0.84237999,0.84320998,0.84193999,0.84250998
2025-05-15 00:00:00,0.84253001,0.84350002,0.84205002,0.84272999
2025-05-15 01:00:00,0.84271002,0.84311998,0.84215999,0.84243000
2025-05-15 02:00:00,0.84241998,0.84259999,0.84196001,0.84235001
2025-05-15 03:00:00,0.84235001,0.84270000,0.84206003,0.84258002
2025-05-15 04:00:00,0.84255999,0.84280998,0.84232998,0.84265000
2025-05-15 05:00:00,0.84266001,0.84275001,0.84205002,0.84214002
2025-05-15 06:00:00,0.84215999,0.84263003,0.84200001,0.84210998
2025-05-15 07:00:00,0.84189999,0.84285003,0.84100997,0.84227002
2025-05-15 08:00:00,0.84259999,0.84306997,0.84220999,0.84293997
2025-05-15 09:00:00,0.84298998,0.84333003,0.84289998,0.84299999
2025-05-15 10:00:00,0.84297001,0.84353000,0.84275001,0.84314001
2025-05-15 11:00:00,0.84315997,0.84329998,0.84293002,0.84309000
2025-05-15 12:00:00,0.84310001,0.84320003,0.84284002,0.84293997
2025-05-15 13:00:00,0.84293002,0.84315997,0.84284002,0.84302002
2025-05-15 14:00:00,0.84302998,0.84320003,0.84285998,0.84315002
2025-05-15 15:00:00,0.84314001,0.84355003,0.84299999,0.84322000
2025-05-15 16:00:00,0.84323001,0.84393001,0.84252000,0.84384000
2025-05-15 17:00:00,0.84384000,0.84410000,0.84324002,0.84393001
2025-05-15 18:00:00,0.84391999,0.84397000,0.84302998,0.84346002
2025-05-15 19:00:00,0.84346002,0.84373999,0.84299999,0.84303999
2025-05-15 20:00:00,0.84305000,0.84320003,0.84259999,0.84268999
2025-05-15 21:00:00,0.84270000,0.84283000,0.84219998,0.84263998
2025-05-15 22:00:00,0.84267002,0.84289998,0.84200001,0.84245002
2025-05-15 23:00:00,0.84246999,0.84265000,0.84184003,0.84258002
2025-05-16 00:00:00,0.84257001,0.84289998,0.84231001,0.84237999
2025-05-16 01:00:00,0.84236997,0.84262002,0.84127003,0.84179997
2025-05-16 02:00:00,0.84180999,0.84183002,0.84100002,0.84131002
2025-05-16 03:00:00,0.84130001,0.84132999,0.84055001,0.84072000
2025-05-16 04:00:00,0.84069997,0.84085000,0.84029001,0.84043998
2025-05-16 05:00:00,0.84044999,0.84069997,0.84034997,0.84048998
2025-05-16 06:00:00,0.84048998,0.84082001,0.84031999,0.84048003
2025-05-16 07:00:00,0.84051001,0.84131998,0.84025002,0.84078002
2025-05-16 08:00:00,0.84078002,0.84100002,0.84057999,0.84092999
2025-05-16 09:00:00,0.84091997,0.84131002,0.84087002,0.84122998
2025-05-16 10:00:00,0.84123999,0.84174001,0.84101999,0.84153998
2025-05-16 11:00:00,0.84153998,0.84160000,0.84122998,0.84134001
2025-05-16 12:00:00,0.84131998,0.84183002,0.84129000,0.84153998
2025-05-16 13:00:00,0.84153998,0.84160000,0.84118003,0.84135002
2025-05-16 14:00:00,0.84135002,0.84136999,0.84096003,0.84114999
2025-05-16 15:00:00,0.84114999,0.84179002,0.84104002,0.84164000
2025-05-16 16:00:00,0.84162998,0.84166002,0.84118998,0.84144998
2025-05-16 17:00:00,0.84141999,0.84189999,0.84122998,0.84179002
2025-05-16 18:00:00,0.84179997,0.84205002,0.84144998,0.84170997
2025-05-16 19:00:00,0.84170002,0.84241998,0.84169000,0.84211999
2025-05-16 20:00:00,0.84211999,0.84263998,0.84193999,0.84262002
2025-05-16 21:00:00,0.84263003,0.84277999,0.84222001,0.84275001
2025-05-16 22:00:00,0.84275001,0.84323001,0.84249002,0.84294999
2025-05-16 23:00:00,0.84293002,0.84299999,0.84223998,0.84236002
2025-05-17 00:00:00,0.84235001,0.84262002,0.84078002,0.84083998
2025-05-17 01:00:00,0.84083998,0.84117001,0.84030002,0.84037000
2025-05-17 02:00:00,0.84038001,0.84050000,0.83968002,0.83990997
2025-05-17 03:00:00,0.83987999,0.83996999,0.83933002,0.83973998
2025-05-17 04:00:00,0.83973002,0.84009999,0.83973002,0.83987999
2025-05-17 05:00:00,0.83990997,0.84000999,0.83967000,0.83976001
2025-05-17 06:00:00,0.83976001,0.84069002,0.83942997,0.84031999
2025-05-17 07:00:00,0.84074003,0.84074003,0.84074003,0.84074003
2025-05-19 09:00:00,0.84127998,0.84149998,0.84075999,0.84090000
2025-05-19 10:00:00,0.84090000,0.84126002,0.84021997,0.84108001
2025-05-19 11:00:00,0.84105003,0.84138000,0.84035999,0.84056997
2025-05-19 12:00:00,0.84059000,0.84095001,0.84051001,0.84090000
2025-05-19 13:00:00,0.84094000,0.84104002,0.84074998,0.84083003
2025-05-19 14:00:00,0.84083998,0.84109998,0.84075999,0.84092999
2025-05-19 15:00:00,0.84091997,0.84104002,0.84069002,0.84094000
2025-05-19 16:00:00,0.84096003,0.84164000,0.84083003,0.84140998
2025-05-19 17:00:00,0.84141999,0.84144002,0.84042001,0.84068000
2025-05-19 18:00:00,0.84069002,0.84241998,0.84052002,0.84210002
2025-05-19 19:00:00,0.84209001,0.84267998,0.84169000,0.84193999
2025-05-19 20:00:00,0.84192997,0.84237999,0.84143001,0.84233999
2025-05-19 21:00:00,0.84232998,0.84249997,0.84176999,0.84233999
2025-05-19 22:00:00,0.84236997,0.84244001,0.84171999,0.84186000
2025-05-19 23:00:00,0.84182000,0.84235001,0.84160000,0.84173000
2025-05-20 00:00:00,0.84170997,0.84219998,0.84117001,0.84184998
2025-05-20 01:00:00,0.84184998,0.84226000,0.84119999,0.84134001
2025-05-20 02:00:00,0.84131998,0.84170997,0.84118998,0.84125000
2025-05-20 03:00:00,0.84126002,0.84134001,0.84081000,0.84116000
2025-05-20 04:00:00,0.84116000,0.84127003,0.84095001,0.84117001
2025-05-20 05:00:00,0.84118003,0.84149998,0.84109998,0.84130001
2025-05-20 06:00:00,0.84127003,0.84153003,0.84091002,0.84107000
2025-05-20 07:00:00,0.84139001,0.84226000,0.84068000,0.84147000
2025-05-20 08:00:00,0.84145999,0.84170002,0.84108001,0.84113997
2025-05-20 09:00:00,0.84109998,0.84119999,0.84069997,0.84078997
2025-05-20 10:00:00,0.84077001,0.84090000,0.84048003,0.84061003
2025-05-20 11:00:00,0.84061003,0.84134001,0.84060001,0.84130001
2025-05-20 12:00:00,0.84130001,0.84145999,0.84104002,0.84109998
2025-05-20 13:00:00,0.84109998,0.84130001,0.84096998,0.84121001
2025-05-20 14:00:00,0.84119999,0.84160000,0.84113997,0.84121001
2025-05-20 15:00:00,0.84122002,0.84156001,0.84100002,0.84135002
2025-05-20 16:00:00,0.84135997,0.84205002,0.84127998,0.84201998
2025-05-20 17:00:00,0.84201998,0.84235001,0.84170002,0.84198999
2025-05-20 18:00:00,0.84197998,0.84204000,0.84096998,0.84178001
2025-05-20 19:00:00,0.84178001,0.84200001,0.84140998,0.84166998
2025-05-20 20:00:00,0.84170002,0.84200001,0.84123999,0.84144002
2025-05-20 21:00:00,0.84144002,0.84179997,0.84113997,0.84161001
2025-05-20 22:00:00,0.84160000,0.84219998,0.84145999,0.84210998
2025-05-20 23:00:00,0.84210002,0.84215999,0.84144998,0.84188998
2025-05-21 00:00:00,0.84191000,0.84285998,0.84184003,0.84285998
2025-05-21 01:00:00,0.84283000,0.84289998,0.84135997,0.84167999
2025-05-21 02:00:00,0.84166998,0.84197003,0.84131998,0.84180999
2025-05-21 03:00:00,0.84179997,0.84270000,0.84174001,0.84250998
2025-05-21 04:00:00,0.84249997,0.84289998,0.84239000,0.84253001
2025-05-21 05:00:00,0.84254003,0.84271002,0.84240001,0.84258997
2025-05-21 06:00:00,0.84258002,0.84271002,0.84226000,0.84227997
2025-05-21 07:00:00,0.84226000,0.84337002,0.84193999,0.84277999
2025-05-21 08:00:00,0.84276003,0.84277999,0.84236997,0.84240001
2025-05-21 09:00:00,0.84236997,0.84263998,0.84235001,0.84253001
2025-05-21 10:00:00,0.84254998,0.84272999,0.84223002,0.84236002
2025-05-21 11:00:00,0.84235001,0.84271002,0.84223998,0.84255999
2025-05-21 12:00:00,0.84257001,0.84359998,0.84249997,0.84338999
2025-05-21 13:00:00,0.84340000,0.84399998,0.84316999,0.84390002
2025-05-21 14:00:00,0.84385997,0.84393001,0.84334999,0.84349000
2025-05-21 15:00:00,0.84350002,0.84394002,0.84322000,0.84333998
2025-05-21 16:00:00,0.84332001,0.84377998,0.84241003,0.84283000
2025-05-21 17:00:00,0.84280998,0.84460002,0.84261000,0.84421998
2025-05-21 18:00:00,0.84420002,0.84503001,0.84420002,0.84500003
2025-05-21 19:00:00,0.84500003,0.84524000,0.84467000,0.84521002
2025-05-21 20:00:00,0.84521002,0.84591001,0.84512001,0.84535998
2025-05-21 21:00:00,0.84535003,0.84570003,0.84402001,0.84412998
2025-05-21 22:00:00,0.84412003,0.84461999,0.84385997,0.84438998
2025-05-21 23:00:00,0.84441000,0.84456003,0.84336001,0.84389001
2025-05-22 00:00:00,0.84388000,0.84474999,0.84386998,0.84406000
2025-05-22 01:00:00,0.84407002,0.84429997,0.84320003,0.84359002
2025-05-22 02:00:00,0.84358001,0.84399003,0.84325999,0.84331000
2025-05-22 03:00:00,0.84331000,0.84482998,0.84324998,0.84441000
2025-05-22 04:00:00,0.84441000,0.84450001,0.84382999,0.84401000
2025-05-22 05:00:00,0.84399998,0.84411001,0.84350997,0.84363002
2025-05-22 06:00:00,0.84363002,0.84432000,0.84355003,0.84377998
2025-05-22 07:00:00,0.84377998,0.84443003,0.84280998,0.84404999
2025-05-22 08:00:00,0.84425998,0.84447002,0.84382999,0.84412003
2025-05-22 09:00:00,0.84407002,0.84445000,0.84373999,0.84434003
2025-05-22 10:00:00,0.84433001,0.84452999,0.84367001,0.84372997
2025-05-22 11:00:00,0.84369999,0.84442002,0.84336001,0.84441000
2025-05-22 12:00:00,0.84438998,0.84456003,0.84381002,0.84407002
2025-05-22 13:00:00,0.84406000,0.84429997,0.84403998,0.84415001
2025-05-22 14:00:00,0.84413999,0.84413999,0.84371001,0.84390998
2025-05-22 15:00:00,0.84390002,0.84393001,0.84360999,0.84381998
2025-05-22 16:00:00,0.84381002,0.84491003,0.84349000,0.84369999
2025-05-22 17:00:00,0.84368998,0.84381002,0.84193999,0.84275001
2025-05-22 18:00:00,0.84276998,0.84350002,0.84230000,0.84324002
2025-05-22 19:00:00,0.84324002,0.84350002,0.84258002,0.84263998
2025-05-22 20:00:00,0.84265000,0.84340000,0.84262002,0.84279001
2025-05-22 21:00:00,0.84277999,0.84315002,0.84228998,0.84266001
2025-05-22 22:00:00,0.84265000,0.84292001,0.84187001,0.84205002
2025-05-22 23:00:00,0.84205002,0.84230000,0.84078002,0.84104002
2025-05-23 00:00:00,0.84104002,0.84130001,0.84004003,0.84006000
2025-05-23 01:00:00,0.84008002,0.84074003,0.83996999,0.84025002
2025-05-23 02:00:00,0.84022999,0.84056997,0.83969998,0.83983999
2025-05-23 03:00:00,0.83985001,0.84021002,0.83971000,0.83991998
2025-05-23 04:00:00,0.83994001,0.84030002,0.83980000,0.84017003
2025-05-23 05:00:00,0.84016001,0.84056997,0.84012002,0.84048998
2025-05-23 06:00:00,0.84048998,0.84090000,0.84035999,0.84035999
2025-05-23 07:00:00,0.84006000,0.84100002,0.83973998,0.84039998
2025-05-23 08:00:00,0.84021997,0.84079999,0.84011000,0.84072000
2025-05-23 09:00:00,0.84074998,0.84091997,0.84056997,0.84072000
2025-05-23 10:00:00,0.84072000,0.84112000,0.84047002,0.84105003
2025-05-23 11:00:00,0.84105998,0.84186000,0.84103000,0.84178001
2025-05-23 12:00:00,0.84178001,0.84180999,0.84144998,0.84152001
2025-05-23 13:00:00,0.84149998,0.84165001,0.84116000,0.84116000
2025-05-23 14:00:00,0.84117001,0.84141999,0.84100997,0.84135997
2025-05-23 15:00:00,0.84134001,0.84161001,0.84100002,0.84143001
2025-05-23 16:00:00,0.84140998,0.84158999,0.84092999,0.84113997
2025-05-23 17:00:00,0.84112000,0.84138000,0.84082001,0.84125000
2025-05-23 18:00:00,0.84123999,0.84125000,0.84052998,0.84088999
2025-05-23 19:00:00,0.84088999,0.84112000,0.84051001,0.84081000
2025-05-23 20:00:00,0.84081000,0.84143001,0.84050000,0.84088999
2025-05-23 21:00:00,0.84087998,0.84174001,0.83832997,0.83934999
2025-05-23 22:00:00,0.83933002,0.83976001,0.83797997,0.83841002
2025-05-23 23:00:00,0.83841002,0.83973998,0.83818001,0.83920997
2025-05-24 00:00:00,0.83923000,0.84065998,0.83898997,0.84061998
2025-05-24 01:00:00,0.84062999,0.84069997,0.83965999,0.84017998
2025-05-24 02:00:00,0.84017003,0.84022999,0.83959001,0.83999997
2025-05-24 03:00:00,0.84000999,0.84000999,0.83942002,0.83977997
2025-05-24 04:00:00,0.83978999,0.83995003,0.83941001,0.83954000
2025-05-24 05:00:00,0.83952999,0.83980000,0.83938003,0.83961999
2025-05-24 06:00:00,0.83963001,0.83982003,0.83877999,0.83901000
2025-05-24 07:00:00,0.83929002,0.83929002,0.83929002,0.83929002
2025-05-26 09:00:00,0.84031999,0.84048003,0.84006000,0.84016001
2025-05-26 10:00:00,0.84017003,0.84090000,0.84016001,0.84039003
2025-05-26 11:00:00,0.84037000,0.84044999,0.83978999,0.84009999
2025-05-26 12:00:00,0.84008998,0.84022999,0.83978999,0.84004003
2025-05-26 13:00:00,0.84000999,0.84043002,0.83995003,0.84034002
2025-05-26 14:00:00,0.84034002,0.84040999,0.83990997,0.83998001
2025-05-26 15:00:00,0.83998001,0.84021002,0.83987999,0.84012997
2025-05-26 16:00:00,0.84009999,0.84074998,0.83976001,0.84051001
2025-05-26 17:00:00,0.84051001,0.84053999,0.83938998,0.83946002
2025-05-26 18:00:00,0.83946002,0.83982003,0.83916998,0.83927000
2025-05-26 19:00:00,0.83925998,0.83933002,0.83890003,0.83902001
2025-05-26 20:00:00,0.83903998,0.83964002,0.83892000,0.83936000
2025-05-26 21:00:00,0.83934999,0.83938998,0.83894998,0.83898997
2025-05-26 22:00:00,0.83898997,0.83924001,0.83875000,0.83910000
2025-05-26 23:00:00,0.83911002,0.83932000,0.83886999,0.83890998
2025-05-27 00:00:00,0.83890003,0.83950001,0.83880001,0.83933002
2025-05-27 01:00:00,0.83933997,0.83951002,0.83890998,0.83907002
2025-05-27 02:00:00,0.83907998,0.83920002,0.83890003,0.83917999
2025-05-27 03:00:00,0.83919001,0.83939999,0.83907998,0.83914000
2025-05-27 04:00:00,0.83911002,0.83923000,0.83903003,0.83916003
2025-05-27 05:00:00,0.83916003,0.83939999,0.83910000,0.83939999
2025-05-27 06:00:00,0.83933002,0.83969998,0.83904999,0.83912998
2025-05-27 07:00:00,0.83904999,0.83973998,0.83880001,0.83920002
2025-05-27 08:00:00,0.83925998,0.83980000,0.83882999,0.83960003
2025-05-27 09:00:00,0.83960998,0.83965999,0.83942997,0.83950001
2025-05-27 10:00:00,0.83950001,0.83964002,0.83927000,0.83929002
2025-05-27 11:00:00,0.83929002,0.83963001,0.83927000,0.83946002
2025-05-27 12:00:00,0.83947003,0.83980000,0.83937001,0.83955997
2025-05-27 13:00:00,0.83956999,0.83980000,0.83946002,0.83961999
2025-05-27 14:00:00,0.83960998,0.83969998,0.83929998,0.83937001
2025-05-27 15:00:00,0.83938998,0.83980000,0.83924001,0.83941001
2025-05-27 16:00:00,0.83941001,0.83963001,0.83876997,0.83888000
2025-05-27 17:00:00,0.83885002,0.83902001,0.83797997,0.83846003
2025-05-27 18:00:00,0.83846003,0.83860999,0.83810002,0.83832002
2025-05-27 19:00:00,0.83832997,0.83840001,0.83771002,0.83772999
2025-05-27 20:00:00,0.83775002,0.83819997,0.83757001,0.83769000
2025-05-27 21:00:00,0.83767998,0.83800000,0.83727002,0.83776999
2025-05-27 22:00:00,0.83778000,0.83829999,0.83774000,0.83809000
2025-05-27 23:00:00,0.83811003,0.83911997,0.83807999,0.83867002
2025-05-28 00:00:00,0.83872998,0.83895999,0.83797997,0.83879000
2025-05-28 01:00:00,0.83876002,0.83928001,0.83845001,0.83873999
2025-05-28 02:00:00,0.83873999,0.83914000,0.83831000,0.83890003
2025-05-28 03:00:00,0.83888000,0.83929998,0.83880001,0.83886999
2025-05-28 04:00:00,0.83888000,0.83910000,0.83870000,0.83898997
2025-05-28 05:00:00,0.83898002,0.83910000,0.83882999,0.83894002
2025-05-28 06:00:00,0.83895999,0.83902001,0.83829999,0.83850002
2025-05-28 07:00:00,0.83814001,0.83911002,0.83753997,0.83854997
2025-05-28 08:00:00,0.83841002,0.83899999,0.83824998,0.83892000
2025-05-28 09:00:00,0.83893001,0.83899999,0.83871001,0.83886999
2025-05-28 10:00:00,0.83885002,0.83911997,0.83853000,0.83862001
2025-05-28 11:00:00,0.83859998,0.83890998,0.83840001,0.83870000
2025-05-28 12:00:00,0.83871001,0.83894998,0.83824003,0.83851999
2025-05-28 13:00:00,0.83851999,0.83892000,0.83835000,0.83863002
2025-05-28 14:00:00,0.83860999,0.83921999,0.83860999,0.83917999
2025-05-28 15:00:00,0.83916998,0.83930999,0.83877999,0.83929998
2025-05-28 16:00:00,0.83933997,0.83950001,0.83858001,0.83870000
2025-05-28 17:00:00,0.83871001,0.83920002,0.83853000,0.83907002
2025-05-28 18:00:00,0.83907002,0.83921999,0.83819997,0.83880001
2025-05-28 19:00:00,0.83881003,0.83939999,0.83841997,0.83888000
2025-05-28 20:00:00,0.83886999,0.83950001,0.83850002,0.83928001
2025-05-28 21:00:00,0.83927000,0.83999997,0.83912998,0.83963001
2025-05-28 22:00:00,0.83961999,0.84020001,0.83950001,0.83973998
2025-05-28 23:00:00,0.83973002,0.84013999,0.83904999,0.83973002
2025-05-29 00:00:00,0.83972001,0.84006000,0.83882999,0.83895999
2025-05-29 01:00:00,0.83897001,0.83923000,0.83832002,0.83838999
2025-05-29 02:00:00,0.83838999,0.83850998,0.83810002,0.83813000
2025-05-29 03:00:00,0.83813000,0.83854997,0.83800000,0.83823001
2025-05-29 04:00:00,0.83819002,0.83850002,0.83807999,0.83841002
2025-05-29 05:00:00,0.83841997,0.83854997,0.83827001,0.83844000
2025-05-29 06:00:00,0.83841997,0.83855999,0.83792001,0.83797997
2025-05-29 07:00:00,0.83850998,0.83863002,0.83802003,0.83840001
2025-05-29 08:00:00,0.83841997,0.83870000,0.83827001,0.83844000
2025-05-29 09:00:00,0.83844000,0.83850002,0.83551002,0.83622003
2025-05-29 10:00:00,0.83622003,0.83704001,0.83620000,0.83661002
2025-05-29 11:00:00,0.83658999,0.83714998,0.83633000,0.83686000
2025-05-29 12:00:00,0.83683997,0.83719999,0.83671999,0.83710998
2025-05-29 13:00:00,0.83710998,0.83740002,0.83708000,0.83714998
2025-05-29 14:00:00,0.83718002,0.83730000,0.83679003,0.83686000
2025-05-29 15:00:00,0.83684999,0.83706999,0.83636999,0.83692002
2025-05-29 16:00:00,0.83691001,0.83785999,0.83690000,0.83754998
2025-05-29 17:00:00,0.83756000,0.83772999,0.83714002,0.83740002
2025-05-29 18:00:00,0.83740002,0.83749998,0.83675998,0.83740002
2025-05-29 19:00:00,0.83739001,0.83749998,0.83702999,0.83728999
2025-05-29 20:00:00,0.83728999,0.83780003,0.83701998,0.83769000
2025-05-29 21:00:00,0.83767003,0.83810002,0.83719999,0.83730000
2025-05-29 22:00:00,0.83731002,0.84056997,0.83728999,0.84055001
2025-05-29 23:00:00,0.84055001,0.84131002,0.84043002,0.84126002
2025-05-30 00:00:00,0.84126002,0.84223002,0.84119999,0.84176999
2025-05-30 01:00:00,0.84179997,0.84292001,0.84178001,0.84289002
2025-05-30 02:00:00,0.84289998,0.84289998,0.84219998,0.84272999
2025-05-30 03:00:00,0.84271997,0.84299999,0.84227002,0.84289002
2025-05-30 04:00:00,0.84288001,0.84312999,0.84248000,0.84267002
2025-05-30 05:00:00,0.84266001,0.84276003,0.84215999,0.84228998
2025-05-30 06:00:00,0.84228998,0.84249997,0.84192997,0.84215999
2025-05-30 07:00:00,0.84206998,0.84324998,0.84206003,0.84241998
2025-05-30 08:00:00,0.84241998,0.84270000,0.84223998,0.84262002
2025-05-30 09:00:00,0.84255999,0.84290999,0.84249997,0.84272999
2025-05-30 10:00:00,0.84274000,0.84287000,0.84232998,0.84258002
2025-05-30 11:00:00,0.84257001,0.84306997,0.84210998,0.84218001
2025-05-30 12:00:00,0.84219998,0.84259999,0.84215999,0.84236002
2025-05-30 13:00:00,0.84236002,0.84263003,0.84230000,0.84249002
2025-05-30 14:00:00,0.84249997,0.84270000,0.84217000,0.84219998
2025-05-30 15:00:00,0.84219998,0.84230000,0.84179997,0.84206998
2025-05-30 16:00:00,0.84206998,0.84214997,0.84157002,0.84180999
2025-05-30 17:00:00,0.84180999,0.84210998,0.84109002,0.84113002
2025-05-30 18:00:00,0.84112000,0.84147000,0.84077001,0.84087998
2025-05-30 19:00:00,0.84088999,0.84130001,0.84070998,0.84073001
2025-05-30 20:00:00,0.84074003,0.84090000,0.84025002,0.84075999
2025-05-30 21:00:00,0.84077001,0.84135997,0.84047002,0.84134001
2025-05-30 22:00:00,0.84134001,0.84214997,0.84039998,0.84088999
2025-05-30 23:00:00,0.84088999,0.84144998,0.84048998,0.84129000
2025-05-31 00:00:00,0.84127003,0.84206003,0.84083003,0.84191000
2025-05-31 01:00:00,0.84192002,0.84280002,0.84166002,0.84248000
2025-05-31 02:00:00,0.84245998,0.84340000,0.84245998,0.84319001
2025-05-31 03:00:00,0.84318000,0.84368998,0.84287000,0.84346998
2025-05-31 04:00:00,0.84345001,0.84355003,0.84315002,0.84334999
2025-05-31 05:00:00,0.84334999,0.84338999,0.84262002,0.84288001
2025-05-31 06:00:00,0.84285998,0.84346002,0.84263003,0.84312999
2025-05-31 07:00:00,0.84301001,0.84333998,0.84301001,0.84333998
2025-06-02 09:00:00,0.84327000,0.84342003,0.84287000,0.84289998
2025-06-02 10:00:00,0.84289002,0.84312999,0.84272999,0.84280002
2025-06-02 11:00:00,0.84280998,0.84299999,0.84254998,0.84285003
2025-06-02 12:00:00,0.84284002,0.84289998,0.84254998,0.84267002
2025-06-02 13:00:00,0.84267998,0.84275001,0.84250998,0.84267002
2025-06-02 14:00:00,0.84266001,0.84276003,0.84240001,0.84254003
2025-06-02 15:00:00,0.84254998,0.84301001,0.84243000,0.84280002
2025-06-02 16:00:00,0.84279001,0.84299999,0.84245002,0.84254003
2025-06-02 17:00:00,0.84254003,0.84363002,0.84231001,0.84312999
2025-06-02 18:00:00,0.84314001,0.84336001,0.84261000,0.84322000
2025-06-02 19:00:00,0.84322000,0.84407002,0.84307998,0.84356999
2025-06-02 20:00:00,0.84355998,0.84372997,0.84320998,0.84362000
2025-06-02 21:00:00,0.84363002,0.84385997,0.84306002,0.84320998
2025-06-02 22:00:00,0.84323001,0.84350002,0.84303999,0.84311002
2025-06-02 23:00:00,0.84311998,0.84439999,0.84299999,0.84393001
2025-06-03 00:00:00,0.84386998,0.84482002,0.84354001,0.84369999
2025-06-03 01:00:00,0.84369999,0.84394002,0.84316999,0.84372002
2025-06-03 02:00:00,0.84372002,0.84446001,0.84362000,0.84439999
2025-06-03 03:00:00,0.84438998,0.84481001,0.84416002,0.84476000
2025-06-03 04:00:00,0.84476000,0.84500003,0.84467000,0.84491003
2025-06-03 05:00:00,0.84491003,0.84491998,0.84439999,0.84485000
2025-06-03 06:00:00,0.84486002,0.84494001,0.84425998,0.84445000
2025-06-03 07:00:00,0.84485000,0.84486997,0.84394997,0.84433001
2025-06-03 08:00:00,0.84463000,0.84495002,0.84425998,0.84474999
2025-06-03 09:00:00,0.84470999,0.84500003,0.84464997,0.84478998
2025-06-03 10:00:00,0.84478003,0.84492999,0.84438998,0.84464002
2025-06-03 11:00:00,0.84464997,0.84481001,0.84430999,0.84438998
2025-06-03 12:00:00,0.84435999,0.84500003,0.84430999,0.84494001
2025-06-03 13:00:00,0.84492999,0.84500003,0.84455001,0.84473997
2025-06-03 14:00:00,0.84473002,0.84490001,0.84460002,0.84478003
2025-06-03 15:00:00,0.84478003,0.84482998,0.84439999,0.84454000
2025-06-03 16:00:00,0.84452999,0.84464997,0.84412998,0.84452999
2025-06-03 17:00:00,0.84455001,0.84500003,0.84416997,0.84434998
2025-06-03 18:00:00,0.84435999,0.84480000,0.84420002,0.84432000
2025-06-03 19:00:00,0.84429997,0.84443003,0.84385997,0.84434003
2025-06-03 20:00:00,0.84434998,0.84441000,0.84364998,0.84389001
2025-06-03 21:00:00,0.84389001,0.84399998,0.84340000,0.84347999
2025-06-03 22:00:00,0.84346998,0.84371001,0.84272999,0.84284002
2025-06-03 23:00:00,0.84285003,0.84305000,0.84206998,0.84262002
2025-06-04 00:00:00,0.84263003,0.84271002,0.84162998,0.84201998
2025-06-04 01:00:00,0.84202999,0.84209001,0.84100002,0.84110999
2025-06-04 02:00:00,0.84112000,0.84161001,0.84100002,0.84127003
2025-06-04 03:00:00,0.84129000,0.84149998,0.84105003,0.84108001
2025-06-04 04:00:00,0.84108001,0.84122002,0.84094000,0.84101999
2025-06-04 05:00:00,0.84100997,0.84122002,0.84096003,0.84113002
2025-06-04 06:00:00,0.84112000,0.84123999,0.84091002,0.84103000
2025-06-04 07:00:00,0.84090000,0.84157002,0.84078997,0.84110999
2025-06-04 08:00:00,0.84109998,0.84148997,0.84083998,0.84116000
2025-06-04 09:00:00,0.84116000,0.84140998,0.84105003,0.84131998
2025-06-04 10:00:00,0.84131998,0.84160000,0.84110999,0.84147000
2025-06-04 11:00:00,0.84145999,0.84148002,0.84105998,0.84116000
2025-06-04 12:00:00,0.84113997,0.84130001,0.84099001,0.84121001
2025-06-04 13:00:00,0.84119999,0.84130001,0.84095001,0.84096998
2025-06-04 14:00:00,0.84097999,0.84125000,0.84094000,0.84118998
2025-06-04 15:00:00,0.84119999,0.84153998,0.84097999,0.84099001
2025-06-04 16:00:00,0.84096998,0.84152001,0.84075999,0.84109002
2025-06-04 17:00:00,0.84109998,0.84197998,0.84100997,0.84164000
2025-06-04 18:00:00,0.84162003,0.84210002,0.84127998,0.84186000
2025-06-04 19:00:00,0.84186000,0.84186000,0.84090000,0.84091997
2025-06-04 20:00:00,0.84092999,0.84157997,0.84066999,0.84157002
2025-06-04 21:00:00,0.84157997,0.84210002,0.84148997,0.84202999
2025-06-04 22:00:00,0.84201002,0.84310001,0.84200001,0.84239000
2025-06-04 23:00:00,0.84240001,0.84263003,0.84175003,0.84191000
2025-06-05 00:00:00,0.84188998,0.84270000,0.84176999,0.84204000
2025-06-05 01:00:00,0.84200001,0.84227002,0.84156001,0.84192997
2025-06-05 02:00:00,0.84192002,0.84280002,0.84174001,0.84241998
2025-06-05 03:00:00,0.84239000,0.84259999,0.84218001,0.84245002
2025-06-05 04:00:00,0.84244001,0.84259999,0.84220999,0.84227997
2025-06-05 05:00:00,0.84227997,0.84252000,0.84219003,0.84243000
2025-06-05 06:00:00,0.84243000,0.84271002,0.84213001,0.84223002
2025-06-05 07:00:00,0.84223998,0.84255999,0.84117001,0.84248000
2025-06-05 08:00:00,0.84240001,0.84280002,0.84192997,0.84270000
2025-06-05 09:00:00,0.84267998,0.84285998,0.84262002,0.84277999
2025-06-05 10:00:00,0.84277999,0.84311002,0.84262002,0.84284002
2025-06-05 11:00:00,0.84284002,0.84299999,0.84262002,0.84270000
2025-06-05 12:00:00,0.84268999,0.84285003,0.84254003,0.84276003
2025-06-05 13:00:00,0.84276003,0.84280002,0.84211999,0.84239000
2025-06-05 14:00:00,0.84237999,0.84249997,0.84220999,0.84223002
2025-06-05 15:00:00,0.84222001,0.84244001,0.84206003,0.84209001
2025-06-05 16:00:00,0.84210998,0.84226000,0.84176999,0.84215999
2025-06-05 17:00:00,0.84214997,0.84219998,0.84139001,0.84153003
2025-06-05 18:00:00,0.84152001,0.84160000,0.84105003,0.84118003
2025-06-05 19:00:00,0.84118003,0.84179997,0.84114999,0.84175003
2025-06-05 20:00:00,0.84175003,0.84180999,0.84130001,0.84154999
2025-06-05 21:00:00,0.84153998,0.84206998,0.84127003,0.84196001
2025-06-05 22:00:00,0.84195000,0.84228998,0.84108001,0.84167999
2025-06-05 23:00:00,0.84169000,0.84474999,0.84129000,0.84397000
2025-06-06 00:00:00,0.84397000,0.84410000,0.84265000,0.84298998
2025-06-06 01:00:00,0.84298003,0.84298003,0.84204000,0.84219003
2025-06-06 02:00:00,0.84219998,0.84270000,0.84196001,0.84257001
2025-06-06 03:00:00,0.84255999,0.84265000,0.84179997,0.84202999
2025-06-06 04:00:00,0.84205002,0.84263003,0.84200001,0.84253001
2025-06-06 05:00:00,0.84252000,0.84312999,0.84249997,0.84261000
2025-06-06 06:00:00,0.84262002,0.84331000,0.84255999,0.84289998
2025-06-06 07:00:00,0.84288001,0.84377998,0.84241003,0.84292001
2025-06-06 08:00:00,0.84290999,0.84340000,0.84263998,0.84333003
2025-06-06 09:00:00,0.84333998,0.84345001,0.84311998,0.84344000
2025-06-06 10:00:00,0.84342998,0.84344000,0.84311998,0.84320003
2025-06-06 11:00:00,0.84318000,0.84324002,0.84287000,0.84292001
2025-06-06 12:00:00,0.84293002,0.84299999,0.84270000,0.84284002
2025-06-06 13:00:00,0.84285003,0.84302002,0.84277999,0.84289002
2025-06-06 14:00:00,0.84288001,0.84289998,0.84258997,0.84266001
2025-06-06 15:00:00,0.84267002,0.84301001,0.84261000,0.84293002
2025-06-06 16:00:00,0.84293002,0.84410000,0.84289998,0.84389001
2025-06-06 17:00:00,0.84388000,0.84421998,0.84325999,0.84354001
2025-06-06 18:00:00,0.84355998,0.84380001,0.84302002,0.84306002
2025-06-06 19:00:00,0.84306997,0.84380001,0.84297001,0.84375
2025-06-06 20:00:00,0.84372997,0.84380001,0.84281999,0.84299999
2025-06-06 21:00:00,0.84299999,0.84341002,0.84249997,0.84254998
2025-06-06 22:00:00,0.84254003,0.84292001,0.84180999,0.84188002
2025-06-06 23:00:00,0.84188998,0.84261000,0.84166998,0.84236002
2025-06-07 00:00:00,0.84236002,0.84284002,0.84170997,0.84198999
2025-06-07 01:00:00,0.84198999,0.84249997,0.84167999,0.84222001
2025-06-07 02:00:00,0.84223002,0.84263998,0.84201998,0.84227997
2025-06-07 03:00:00,0.84224999,0.84262002,0.84214002,0.84226000
2025-06-07 04:00:00,0.84227997,0.84241998,0.84219003,0.84235001
2025-06-07 05:00:00,0.84235001,0.84254003,0.84204000,0.84214002
2025-06-07 06:00:00,0.84214997,0.84245002,0.84200001,0.84215999
2025-06-07 07:00:00,0.84253001,0.84253001,0.84253001,0.84253001
2025-06-09 09:00:00,0.84266001,0.84283000,0.84250998,0.84257001
2025-06-09 10:00:00,0.84255999,0.84268999,0.84189999,0.84200001
2025-06-09 11:00:00,0.84200001,0.84230000,0.84188002,0.84220999
2025-06-09 12:00:00,0.84219003,0.84254998,0.84210002,0.84218001
2025-06-09 13:00:00,0.84217000,0.84224999,0.84200001,0.84208000
2025-06-09 14:00:00,0.84206003,0.84241998,0.84206003,0.84236997
2025-06-09 15:00:00,0.84237999,0.84259999,0.84219003,0.84245002
2025-06-09 16:00:00,0.84245998,0.84262002,0.84198999,0.84218001
2025-06-09 17:00:00,0.84217000,0.84240001,0.84184998,0.84204000
2025-06-09 18:00:00,0.84202999,0.84240001,0.84174001,0.84195000
2025-06-09 19:00:00,0.84195000,0.84255999,0.84180999,0.84187001
2025-06-09 20:00:00,0.84188002,0.84219998,0.84167999,0.84217000
2025-06-09 21:00:00,0.84218001,0.84240001,0.84139001,0.84186000
2025-06-09 22:00:00,0.84184998,0.84253001,0.84182000,0.84215999
2025-06-09 23:00:00,0.84218001,0.84240001,0.84170997,0.84232002
2025-06-10 00:00:00,0.84231001,0.84262002,0.84197003,0.84217000
2025-06-10 01:00:00,0.84218001,0.84249997,0.84214002,0.84233999
2025-06-10 02:00:00,0.84233999,0.84262002,0.84198999,0.84257001
2025-06-10 03:00:00,0.84257001,0.84280002,0.84233999,0.84244001
2025-06-10 04:00:00,0.84243000,0.84280002,0.84232002,0.84255999
2025-06-10 05:00:00,0.84254998,0.84266001,0.84236997,0.84249002
2025-06-10 06:00:00,0.84249002,0.84285003,0.84243000,0.84245998
2025-06-10 07:00:00,0.84281999,0.84307998,0.84195000,0.84249002
2025-06-10 08:00:00,0.84276003,0.84289998,0.84243000,0.84280002
2025-06-10 09:00:00,0.84281999,0.84299999,0.84274000,0.84296000
2025-06-10 10:00:00,0.84294999,0.84311998,0.84267002,0.84279001
2025-06-10 11:00:00,0.84280002,0.84283000,0.84223002,0.84227997
2025-06-10 12:00:00,0.84227002,0.84230000,0.84188002,0.84196001
2025-06-10 13:00:00,0.84195000,0.84214002,0.84176999,0.84191000
2025-06-10 14:00:00,0.84189999,0.84201002,0.84174001,0.84200001
2025-06-10 15:00:00,0.84200001,0.84262002,0.84193999,0.84208000
2025-06-10 16:00:00,0.84208000,0.84516001,0.84208000,0.84513998
2025-06-10 17:00:00,0.84513003,0.84622002,0.84469998,0.84553999
2025-06-10 18:00:00,0.84552997,0.84609997,0.84482002,0.84579998
2025-06-10 19:00:00,0.84579003,0.84649998,0.84553999,0.84614998
2025-06-10 20:00:00,0.84614998,0.84631997,0.84565997,0.84575999
2025-06-10 21:00:00,0.84575999,0.84683001,0.84568000,0.84623998
2025-06-10 22:00:00,0.84623998,0.84665000,0.84599000,0.84632999
2025-06-10 23:00:00,0.84632999,0.84652001,0.84536999,0.84549999
2025-06-11 00:00:00,0.84551001,0.84551001,0.84478003,0.84543002
2025-06-11 01:00:00,0.84542000,0.84562999,0.84495002,0.84562999
2025-06-11 02:00:00,0.84564000,0.84625000,0.84553999,0.84623998
2025-06-11 03:00:00,0.84625000,0.84636003,0.84583998,0.84608001
2025-06-11 04:00:00,0.84609997,0.84649998,0.84608001,0.84627002
2025-06-11 05:00:00,0.84630001,0.84661001,0.84618998,0.84621000
2025-06-11 06:00:00,0.84621000,0.84644002,0.84587997,0.84597999
2025-06-11 07:00:00,0.84535003,0.84687001,0.84535003,0.84593999
2025-06-11 08:00:00,0.84593999,0.84649998,0.84574002,0.84635001
2025-06-11 09:00:00,0.84634000,0.84672999,0.84622002,0.84671003
2025-06-11 10:00:00,0.84671003,0.84674001,0.84632999,0.84644997
2025-06-11 11:00:00,0.84647000,0.84689999,0.84634000,0.84653002
2025-06-11 12:00:00,0.84652001,0.84689999,0.84647000,0.84680003
2025-06-11 13:00:00,0.84680003,0.84689999,0.84663999,0.84671003
2025-06-11 14:00:00,0.84674001,0.84675997,0.84653997,0.84666002
2025-06-11 15:00:00,0.84665000,0.84680998,0.84649998,0.84667999
2025-06-11 16:00:00,0.84666997,0.84732002,0.84654999,0.84719002
2025-06-11 17:00:00,0.84720999,0.84741002,0.84662998,0.84693003
2025-06-11 18:00:00,0.84693998,0.84762001,0.84652001,0.84705001
2025-06-11 19:00:00,0.84702998,0.84772998,0.84685999,0.84715003
2025-06-11 20:00:00,0.84719998,0.84761000,0.84691000,0.84733999
2025-06-11 21:00:00,0.84742999,0.84773999,0.84680003,0.84715003
2025-06-11 22:00:00,0.84715003,0.84790999,0.84660000,0.84771001
2025-06-11 23:00:00,0.84772998,0.84886003,0.84748000,0.84845001
2025-06-12 00:00:00,0.84846997,0.84850001,0.84729999,0.84802997
2025-06-12 01:00:00,0.84802002,0.84810001,0.84740001,0.84757000
2025-06-12 02:00:00,0.84757000,0.84838003,0.84744000,0.84792000
2025-06-12 03:00:00,0.84793001,0.84820002,0.84754997,0.84768999
2025-06-12 04:00:00,0.84771001,0.84807003,0.84737003,0.84781998
2025-06-12 05:00:00,0.84781998,0.84829998,0.84767997,0.84812999
2025-06-12 06:00:00,0.84814000,0.84820002,0.84755999,0.84773999
2025-06-12 07:00:00,0.84696001,0.84811002,0.84691000,0.84759003
2025-06-12 08:00:00,0.84770000,0.84820002,0.84717000,0.84811002
2025-06-12 09:00:00,0.84807998,0.84840000,0.84802002,0.84829003
2025-06-12 10:00:00,0.84830999,0.84832001,0.84783000,0.84816003
2025-06-12 11:00:00,0.84815001,0.84829998,0.84785002,0.84797001
2025-06-12 12:00:00,0.84798002,0.84833997,0.84784001,0.84806001
2025-06-12 13:00:00,0.84806001,0.84820002,0.84792000,0.84803998
2025-06-12 14:00:00,0.84802002,0.84810001,0.84776002,0.84776998
2025-06-12 15:00:00,0.84777999,0.84865999,0.84767997,0.84820998
2025-06-12 16:00:00,0.84820998,0.84990001,0.84819001,0.84939998
2025-06-12 17:00:00,0.84939998,0.85140002,0.84929001,0.85106999
2025-06-12 18:00:00,0.85108000,0.85171998,0.85045999,0.85092002
2025-06-12 19:00:00,0.85093999,0.85295999,0.85069001,0.85228002
2025-06-12 20:00:00,0.85227001,0.85378999,0.85216999,0.85303998
2025-06-12 21:00:00,0.85304999,0.85363001,0.85259998,0.85262001
2025-06-12 22:00:00,0.85262001,0.85461998,0.85259998,0.85298002
2025-06-12 23:00:00,0.85295999,0.85310000,0.85202998,0.85206002
2025-06-13 00:00:00,0.85205001,0.85219997,0.85118002,0.85194999
2025-06-13 01:00:00,0.85193998,0.85231000,0.85149002,0.85206002
2025-06-13 02:00:00,0.85207999,0.85213000,0.85148001,0.85168999
2025-06-13 03:00:00,0.85167003,0.85180998,0.85115999,0.85165000
2025-06-13 04:00:00,0.85165000,0.85176998,0.85134000,0.85148001
2025-06-13 05:00:00,0.85150999,0.85170001,0.85096002,0.85096997
2025-06-13 06:00:00,0.85099000,0.85115999,0.85042000,0.85048997
2025-06-13 07:00:00,0.85035998,0.85131001,0.84943998,0.85084999
2025-06-13 08:00:00,0.85066003,0.85123998,0.85053998,0.85105002
2025-06-13 09:00:00,0.85110003,0.85179001,0.85105997,0.85176003
2025-06-13 10:00:00,0.85176003,0.85203999,0.85064000,0.85174000
2025-06-13 11:00:00,0.85170001,0.85179001,0.85109001,0.85128999
2025-06-13 12:00:00,0.85130000,0.85192001,0.85114998,0.85156000
2025-06-13 13:00:00,0.85159999,0.85165000,0.85078001,0.85123998
2025-06-13 14:00:00,0.85123003,0.85170001,0.85092998,0.85150999
2025-06-13 15:00:00,0.85152000,0.85176003,0.85070997,0.85149997
2025-06-13 16:00:00,0.85149997,0.85280001,0.85145003,0.85249001
2025-06-13 17:00:00,0.85250998,0.85311002,0.85064000,0.85071999
2025-06-13 18:00:00,0.85070997,0.85119998,0.85016000,0.85022002
2025-06-13 19:00:00,0.85021001,0.85110003,0.85013998,0.85079002
2025-06-13 20:00:00,0.85078001,0.85087001,0.84943998,0.85000002
2025-06-13 21:00:00,0.85003000,0.85016000,0.84926999,0.85009998
2025-06-13 22:00:00,0.85007000,0.85130000,0.84991002,0.85091001
2025-06-13 23:00:00,0.85088003,0.85123998,0.85044003,0.85087001
2025-06-14 00:00:00,0.85084999,0.85167003,0.85023999,0.85038000
2025-06-14 01:00:00,0.85039002,0.85082000,0.84992999,0.85018998
2025-06-14 02:00:00,0.85017002,0.85040998,0.84982997,0.84991002
2025-06-14 03:00:00,0.84990001,0.85030001,0.84965998,0.85020000
2025-06-14 04:00:00,0.85022002,0.85100001,0.85005999,0.85095000
2025-06-14 05:00:00,0.85095000,0.85123998,0.85056001,0.85106999
2025-06-14 06:00:00,0.85106999,0.85121000,0.85048002,0.85077000
2025-06-14 07:00:00,0.85066003,0.85066003,0.85061002,0.85061002
2025-06-16 09:00:00,0.85119998,0.85154003,0.85086000,0.85152000
2025-06-16 10:00:00,0.85150999,0.85191000,0.85117000,0.85123003
2025-06-16 11:00:00,0.85121000,0.85158998,0.85102999,0.85121000
2025-06-16 12:00:00,0.85119998,0.85144001,0.85104001,0.85136998
2025-06-16 13:00:00,0.85136002,0.85171002,0.85127002,0.85154003
2025-06-16 14:00:00,0.85154003,0.85170001,0.85132998,0.85150999
2025-06-16 15:00:00,0.85149997,0.85189998,0.85136002,0.85156000
2025-06-16 16:00:00,0.85156000,0.85197002,0.85100001,0.85184997
2025-06-16 17:00:00,0.85184002,0.85259998,0.85157001,0.85232002
2025-06-16 18:00:00,0.85233003,0.85290003,0.85224003,0.85262001
2025-06-16 19:00:00,0.85263002,0.85290003,0.85198998,0.85263002
2025-06-16 20:00:00,0.85263002,0.85272002,0.85215998,0.85228002
2025-06-16 21:00:00,0.85231000,0.85254002,0.85201001,0.85231000
2025-06-16 22:00:00,0.85232002,0.85285002,0.85218000,0.85284001
2025-06-16 23:00:00,0.85282999,0.85311002,0.85200000,0.85228002
2025-06-17 00:00:00,0.85227001,0.85301000,0.85210001,0.85250998
2025-06-17 01:00:00,0.85250998,0.85263002,0.85154998,0.85161000
2025-06-17 02:00:00,0.85162997,0.85193998,0.85099000,0.85119998
2025-06-17 03:00:00,0.85118997,0.85167003,0.85101998,0.85152000
2025-06-17 04:00:00,0.85150999,0.85174000,0.85128999,0.85162002
2025-06-17 05:00:00,0.85163999,0.85163999,0.85110003,0.85124999
2025-06-17 06:00:00,0.85123003,0.85156000,0.85104001,0.85115999
2025-06-17 07:00:00,0.85102999,0.85209000,0.85035002,0.85148001
2025-06-17 08:00:00,0.85149002,0.85170001,0.85097998,0.85123998
2025-06-17 09:00:00,0.85128999,0.85153002,0.85114998,0.85149997
2025-06-17 10:00:00,0.85148001,0.85171002,0.85124999,0.85131001
2025-06-17 11:00:00,0.85131001,0.85159999,0.85118002,0.85152000
2025-06-17 12:00:00,0.85153002,0.85189998,0.85132998,0.85174000
2025-06-17 13:00:00,0.85175002,0.85189998,0.85159999,0.85176003
2025-06-17 14:00:00,0.85174000,0.85189998,0.85156000,0.85174000
2025-06-17 15:00:00,0.85174000,0.85180998,0.85146999,0.85176003
2025-06-17 16:00:00,0.85176998,0.85255998,0.85172999,0.85249001
2025-06-17 17:00:00,0.85247999,0.85253000,0.85172999,0.85198998
2025-06-17 18:00:00,0.85197997,0.85266000,0.85172999,0.85259002
2025-06-17 19:00:00,0.85260999,0.85339999,0.85224003,0.85321999
2025-06-17 20:00:00,0.85320997,0.85333002,0.85257000,0.85316002
2025-06-17 21:00:00,0.85315001,0.85324001,0.85238999,0.85249001
2025-06-17 22:00:00,0.85250002,0.85332000,0.85220999,0.85251999
2025-06-17 23:00:00,0.85255003,0.85369998,0.85250002,0.85339999
2025-06-18 00:00:00,0.85341001,0.85373998,0.85241002,0.85302001
2025-06-18 01:00:00,0.85302001,0.85390002,0.85268003,0.85347003
2025-06-18 02:00:00,0.85346001,0.85434002,0.85338002,0.85383999
2025-06-18 03:00:00,0.85381001,0.85456997,0.85338002,0.85427999
2025-06-18 04:00:00,0.85429001,0.85484999,0.85403001,0.85484999
2025-06-18 05:00:00,0.85483003,0.85554999,0.85470003,0.85535002
2025-06-18 06:00:00,0.85535997,0.85541999,0.85465002,0.85465002
2025-06-18 07:00:00,0.85514998,0.85558999,0.85402000,0.85487002
2025-06-18 08:00:00,0.85497999,0.85547000,0.85452002,0.85483003
2025-06-18 09:00:00,0.85477000,0.85501999,0.85473001,0.85497999
2025-06-18 10:00:00,0.85496998,0.85579997,0.85477000,0.85561001
2025-06-18 11:00:00,0.85560000,0.85589999,0.85538000,0.85556000
2025-06-18 12:00:00,0.85551000,0.85589999,0.85551000,0.85573000
2025-06-18 13:00:00,0.85573000,0.85584003,0.85552001,0.85571003
2025-06-18 14:00:00,0.85571998,0.85589999,0.85549003,0.85580999
2025-06-18 15:00:00,0.85579002,0.85596001,0.85535002,0.85554999
2025-06-18 16:00:00,0.85557997,0.85576999,0.85457999,0.85492003
2025-06-18 17:00:00,0.85491002,0.85578001,0.85470998,0.85540003
2025-06-18 18:00:00,0.85539001,0.85554999,0.85472000,0.85494000
2025-06-18 19:00:00,0.85494000,0.85509002,0.85409999,0.85438001
2025-06-18 20:00:00,0.85438001,0.85531002,0.85426998,0.85505998
2025-06-18 21:00:00,0.85505003,0.85552001,0.85483998,0.85545999
2025-06-18 22:00:00,0.85547000,0.85589999,0.85496998,0.85561001
2025-06-18 23:00:00,0.85557997,0.85571003,0.85466999,0.85472000
2025-06-19 00:00:00,0.85470998,0.85562003,0.85456002,0.85540003
2025-06-19 01:00:00,0.85540003,0.85562998,0.85522002,0.85527998
2025-06-19 02:00:00,0.85529000,0.85531998,0.85455000,0.85478997
2025-06-19 03:00:00,0.85477000,0.85545999,0.85474998,0.85506999
2025-06-19 04:00:00,0.85497999,0.85644001,0.85468000,0.85532999
2025-06-19 05:00:00,0.85532999,0.85571003,0.85496998,0.85563999
2025-06-19 06:00:00,0.85566002,0.85579997,0.85486001,0.85496998
2025-06-19 07:00:00,0.85484999,0.85582000,0.85281998,0.85519999
2025-06-19 08:00:00,0.85516000,0.85563999,0.85452998,0.85527003
2025-06-19 09:00:00,0.85534000,0.85558999,0.85521001,0.85547000
2025-06-19 10:00:00,0.85544997,0.85597998,0.85541999,0.85575998
2025-06-19 11:00:00,0.85578001,0.85584998,0.85483998,0.85503000
2025-06-19 12:00:00,0.85505998,0.85532999,0.85491002,0.85508001
2025-06-19 13:00:00,0.85508001,0.85531002,0.85486001,0.85517001
2025-06-19 14:00:00,0.85513002,0.85530001,0.85503000,0.85516000
2025-06-19 15:00:00,0.85516000,0.85549998,0.85500002,0.85526001
2025-06-19 16:00:00,0.85526001,0.85562003,0.85501999,0.85530001
2025-06-19 17:00:00,0.85529000,0.85549998,0.85479999,0.85517001
2025-06-19 18:00:00,0.85514998,0.85531002,0.85443997,0.85468000
2025-06-19 19:00:00,0.85472000,0.85500002,0.85437000,0.85500002
2025-06-19 20:00:00,0.85500002,0.85503000,0.85396999,0.85450000
2025-06-19 21:00:00,0.85450000,0.85576999,0.85372001,0.85374999
2025-06-19 22:00:00,0.85373998,0.85451001,0.85350001,0.85389000
2025-06-19 23:00:00,0.85386002,0.85492003,0.85380000,0.85386002
2025-06-20 00:00:00,0.85386997,0.85439998,0.85369003,0.85413003
2025-06-20 01:00:00,0.85420001,0.85424000,0.85320997,0.85330999
2025-06-20 02:00:00,0.85326999,0.85350001,0.85320002,0.85333002
2025-06-20 03:00:00,0.85333002,0.85352999,0.85310000,0.85320002
2025-06-20 04:00:00,0.85319000,0.85350001,0.85310000,0.85334003
2025-06-20 05:00:00,0.85334998,0.85380000,0.85329002,0.85360998
2025-06-20 06:00:00,0.85360003,0.85373002,0.85338002,0.85345000
2025-06-20 07:00:00,0.85369998,0.85424000,0.85302001,0.85338998
2025-06-20 08:00:00,0.85378999,0.85390002,0.85293001,0.85371000
2025-06-20 09:00:00,0.85372001,0.85416001,0.85361999,0.85415000
2025-06-20 10:00:00,0.85415000,0.85435998,0.85377997,0.85425001
2025-06-20 11:00:00,0.85426998,0.85440999,0.85396999,0.85411000
2025-06-20 12:00:00,0.85413003,0.85430002,0.85394001,0.85402000
2025-06-20 13:00:00,0.85402000,0.85426003,0.85369003,0.85417002
2025-06-20 14:00:00,0.85415000,0.85434002,0.85396999,0.85411000
2025-06-20 15:00:00,0.85408998,0.85421002,0.85365999,0.85399997
2025-06-20 16:00:00,0.85404998,0.85519999,0.85386997,0.85510999
2025-06-20 17:00:00,0.85513002,0.85519999,0.85409999,0.85453999
2025-06-20 18:00:00,0.85453999,0.85470998,0.85380000,0.85404998
2025-06-20 19:00:00,0.85405999,0.85450000,0.85394001,0.85417998
2025-06-20 20:00:00,0.85417998,0.85465002,0.85373998,0.85389000
2025-06-20 21:00:00,0.85387999,0.85394001,0.85319000,0.85352999
2025-06-20 22:00:00,0.85352999,0.85378999,0.85255998,0.85267001
2025-06-20 23:00:00,0.85264999,0.85399997,0.85255998,0.85395002
2025-06-21 00:00:00,0.85395002,0.85504001,0.85371000,0.85504001
2025-06-21 01:00:00,0.85500002,0.85571998,0.85465997,0.85553002
2025-06-21 02:00:00,0.85552001,0.85637999,0.85551000,0.85632002
2025-06-21 03:00:00,0.85632998,0.85674000,0.85622001,0.85623997
2025-06-21 04:00:00,0.85622001,0.85645998,0.85593998,0.85614997
2025-06-21 05:00:00,0.85615999,0.85663003,0.85611999,0.85641998
2025-06-21 06:00:00,0.85641003,0.85685003,0.85619998,0.85648000
2025-06-21 07:00:00,0.85658002,0.85658002,0.85658002,0.85658002
2025-06-23 09:00:00,0.85552001,0.85610998,0.85547000,0.85591000
2025-06-23 10:00:00,0.85592997,0.85626000,0.85585999,0.85597003
2025-06-23 11:00:00,0.85598999,0.85626000,0.85579002,0.85614997
2025-06-23 12:00:00,0.85618001,0.85654002,0.85611999,0.85650003
2025-06-23 13:00:00,0.85652000,0.85674000,0.85630000,0.85661000
2025-06-23 14:00:00,0.85661000,0.85689998,0.85632998,0.85685998
2025-06-23 15:00:00,0.85687000,0.85750002,0.85676998,0.85716999
2025-06-23 16:00:00,0.85715002,0.85724998,0.85619003,0.85628998
2025-06-23 17:00:00,0.85631001,0.85632002,0.85518998,0.85558999
2025-06-23 18:00:00,0.85566002,0.85592002,0.85504001,0.85585999
2025-06-23 19:00:00,0.85587001,0.85721999,0.85567999,0.85710001
2025-06-23 20:00:00,0.85707003,0.85740000,0.85661000,0.85666001
2025-06-23 21:00:00,0.85667002,0.85742003,0.85639000,0.85649002
2025-06-23 22:00:00,0.85649002,0.85689998,0.85609001,0.85627002
2025-06-23 23:00:00,0.85628003,0.85659999,0.85534000,0.85580999
2025-06-24 00:00:00,0.85582000,0.85619998,0.85474002,0.85486001
2025-06-24 01:00:00,0.85487002,0.85540003,0.85453999,0.85523999
2025-06-24 02:00:00,0.85526001,0.85582000,0.85490000,0.85565001
2025-06-24 03:00:00,0.85562998,0.85592002,0.85526001,0.85562998
2025-06-24 04:00:00,0.85563999,0.85601002,0.85549003,0.85601002
2025-06-24 05:00:00,0.85600001,0.85601002,0.85553998,0.85589999
2025-06-24 06:00:00,0.85593998,0.85614997,0.85566998,0.85582000
2025-06-24 07:00:00,0.85570002,0.85664999,0.85549998,0.85573000
2025-06-24 08:00:00,0.85596001,0.85653001,0.85553998,0.85619003
2025-06-24 09:00:00,0.85619998,0.85663998,0.85611999,0.85618001
2025-06-24 10:00:00,0.85617000,0.85652000,0.85584003,0.85606998
2025-06-24 11:00:00,0.85606003,0.85619998,0.85576999,0.85598999
2025-06-24 12:00:00,0.85600001,0.85614002,0.85569000,0.85579997
2025-06-24 13:00:00,0.85579002,0.85600001,0.85557002,0.85560000
2025-06-24 14:00:00,0.85562003,0.85583001,0.85553998,0.85557997
2025-06-24 15:00:00,0.85557997,0.85579997,0.85535997,0.85562003
2025-06-24 16:00:00,0.85563999,0.85563999,0.85413003,0.85444999
2025-06-24 17:00:00,0.85446000,0.85482001,0.85345000,0.85364002
2025-06-24 18:00:00,0.85359001,0.85376000,0.85228997,0.85233998
2025-06-24 19:00:00,0.85233998,0.85324001,0.85214001,0.85303998
2025-06-24 20:00:00,0.85303998,0.85304999,0.85202003,0.85215002
2025-06-24 21:00:00,0.85215002,0.85276997,0.85206002,0.85268998
2025-06-24 22:00:00,0.85267001,0.85339999,0.85250002,0.85285002
2025-06-24 23:00:00,0.85290003,0.85290998,0.85202998,0.85233003
2025-06-25 00:00:00,0.85228002,0.85330999,0.85193002,0.85276997
2025-06-25 01:00:00,0.85276002,0.85345000,0.85251999,0.85253000
2025-06-25 02:00:00,0.85258001,0.85320002,0.85253000,0.85307002
2025-06-25 03:00:00,0.85306001,0.85324001,0.85254002,0.85259998
2025-06-25 04:00:00,0.85260999,0.85290998,0.85249001,0.85267001
2025-06-25 05:00:00,0.85268998,0.85282999,0.85246003,0.85259998
2025-06-25 06:00:00,0.85259002,0.85281003,0.85228002,0.85244000
2025-06-25 07:00:00,0.85224003,0.85290003,0.85197002,0.85276002
2025-06-25 08:00:00,0.85276997,0.85282999,0.85233998,0.85259998
2025-06-25 09:00:00,0.85259002,0.85304999,0.85258001,0.85285002
2025-06-25 10:00:00,0.85285997,0.85382003,0.85281003,0.85368001
2025-06-25 11:00:00,0.85369003,0.85371000,0.85310000,0.85321999
2025-06-25 12:00:00,0.85321999,0.85351002,0.85295999,0.85320002
2025-06-25 13:00:00,0.85320002,0.85336000,0.85294002,0.85299999
2025-06-25 14:00:00,0.85298997,0.85329998,0.85288000,0.85288000
2025-06-25 15:00:00,0.85289001,0.85293001,0.85254002,0.85286999
2025-06-25 16:00:00,0.85284001,0.85285997,0.85176998,0.85180998
2025-06-25 17:00:00,0.85181999,0.85219997,0.85122001,0.85191000
2025-06-25 18:00:00,0.85193002,0.85240000,0.85136002,0.85228997
2025-06-25 19:00:00,0.85228997,0.85277998,0.85187000,0.85216999
2025-06-25 20:00:00,0.85214001,0.85316002,0.85203999,0.85282999
2025-06-25 21:00:00,0.85285002,0.85301000,0.85228002,0.85242999
2025-06-25 22:00:00,0.85241997,0.85304999,0.85237998,0.85258001
2025-06-25 23:00:00,0.85259002,0.85281998,0.85207999,0.85245001
2025-06-26 00:00:00,0.85241002,0.85330999,0.85219997,0.85290998
2025-06-26 01:00:00,0.85292000,0.85367000,0.85270000,0.85281998
2025-06-26 02:00:00,0.85284001,0.85299999,0.85255998,0.85263997
2025-06-26 03:00:00,0.85263002,0.85312003,0.85247999,0.85290003
2025-06-26 04:00:00,0.85290998,0.85360998,0.85289001,0.85343999
2025-06-26 05:00:00,0.85343999,0.85350001,0.85299999,0.85307002
2025-06-26 06:00:00,0.85307997,0.85329998,0.85273999,0.85292000
2025-06-26 07:00:00,0.85273999,0.85365999,0.85250002,0.85312998
2025-06-26 08:00:00,0.85303998,0.85333002,0.85289001,0.85311002
2025-06-26 09:00:00,0.85310000,0.85350001,0.85307997,0.85338998
2025-06-26 10:00:00,0.85338998,0.85360003,0.85316998,0.85330999
2025-06-26 11:00:00,0.85334003,0.85355002,0.85290003,0.85347003
2025-06-26 12:00:00,0.85347998,0.85360003,0.85280001,0.85289001
2025-06-26 13:00:00,0.85286999,0.85371000,0.85272998,0.85290998
2025-06-26 14:00:00,0.85290998,0.85294002,0.85246003,0.85250002
2025-06-26 15:00:00,0.85249001,0.85264999,0.85205001,0.85229999
2025-06-26 16:00:00,0.85232002,0.85285002,0.85180002,0.85276997
2025-06-26 17:00:00,0.85275000,0.85276997,0.85163999,0.85242999
2025-06-26 18:00:00,0.85244000,0.85334003,0.85215998,0.85292000
2025-06-26 19:00:00,0.85290998,0.85316998,0.85247999,0.85307997
2025-06-26 20:00:00,0.85308999,0.85337001,0.85254002,0.85328001
2025-06-26 21:00:00,0.85329002,0.85395002,0.85303003,0.85312003
2025-06-26 22:00:00,0.85312003,0.85373998,0.85299999,0.85333002
2025-06-26 23:00:00,0.85334003,0.85367000,0.85267001,0.85268998
2025-06-27 00:00:00,0.85266000,0.85285997,0.85188001,0.85255003
2025-06-27 01:00:00,0.85255998,0.85268003,0.85163999,0.85196000
2025-06-27 02:00:00,0.85197002,0.85290003,0.85188001,0.85268998
2025-06-27 03:00:00,0.85270000,0.85273999,0.85200000,0.85220999
2025-06-27 04:00:00,0.85218000,0.85250002,0.85215998,0.85246998
2025-06-27 05:00:00,0.85246003,0.85275000,0.85224998,0.85229999
2025-06-27 06:00:00,0.85228002,0.85244000,0.85171002,0.85176998
2025-06-27 07:00:00,0.85172999,0.85263002,0.85109001,0.85188001
2025-06-27 08:00:00,0.85189003,0.85215998,0.85145003,0.85146999
2025-06-27 09:00:00,0.85152000,0.85200000,0.85149997,0.85191000
2025-06-27 10:00:00,0.85192001,0.85200000,0.85139000,0.85149997
2025-06-27 11:00:00,0.85146999,0.85184997,0.85140997,0.85172999
2025-06-27 12:00:00,0.85174000,0.85176003,0.85078001,0.85126001
2025-06-27 13:00:00,0.85127002,0.85161000,0.85119998,0.85143000
2025-06-27 14:00:00,0.85141999,0.85162997,0.85134000,0.85145998
2025-06-27 15:00:00,0.85145998,0.85180002,0.85137999,0.85152000
2025-06-27 16:00:00,0.85154003,0.85264999,0.85136002,0.85238999
2025-06-27 17:00:00,0.85237998,0.85292000,0.85229999,0.85257000
2025-06-27 18:00:00,0.85259002,0.85303998,0.85192001,0.85197002
2025-06-27 19:00:00,0.85196000,0.85235000,0.85167003,0.85219002
2025-06-27 20:00:00,0.85219002,0.85360998,0.85202003,0.85350001
2025-06-27 21:00:00,0.85350001,0.85356998,0.85264999,0.85268003
2025-06-27 22:00:00,0.85267001,0.85492998,0.85255998,0.85486001
2025-06-27 23:00:00,0.85487002,0.85509998,0.85417998,0.85465002
2025-06-28 00:00:00,0.85461998,0.85510999,0.85408002,0.85437000
2025-06-28 01:00:00,0.85438001,0.85483998,0.85413998,0.85460001
2025-06-28 02:00:00,0.85459000,0.85526001,0.85452998,0.85513997
2025-06-28 03:00:00,0.85513997,0.85522997,0.85439003,0.85461003
2025-06-28 04:00:00,0.85459000,0.85473001,0.85404003,0.85415000
2025-06-28 05:00:00,0.85415000,0.85434002,0.85385001,0.85403001
2025-06-28 06:00:00,0.85403001,0.85443997,0.85364002,0.85369998
2025-06-28 07:00:00,0.85424000,0.85424000,0.85424000,0.85424000
2025-06-30 09:00:00,0.85461998,0.85519999,0.85453999,0.85474002
2025-06-30 10:00:00,0.85474002,0.85482001,0.85433000,0.85440999
2025-06-30 11:00:00,0.85439003,0.85486001,0.85418999,0.85422999
2025-06-30 12:00:00,0.85422999,0.85465002,0.85404003,0.85427999
2025-06-30 13:00:00,0.85427999,0.85434002,0.85399997,0.85408002
2025-06-30 14:00:00,0.85407001,0.85450000,0.85399997,0.85435998
2025-06-30 15:00:00,0.85434997,0.85450000,0.85393000,0.85403001
2025-06-30 16:00:00,0.85416001,0.85538000,0.85393000,0.85496998
2025-06-30 17:00:00,0.85500002,0.85589999,0.85492003,0.85565001
2025-06-30 18:00:00,0.85562003,0.85622001,0.85525000,0.85613000
2025-06-30 19:00:00,0.85614002,0.85619998,0.85560000,0.85579002
2025-06-30 20:00:00,0.85574001,0.85592997,0.85560000,0.85570002
2025-06-30 21:00:00,0.85570002,0.85611999,0.85525000,0.85536999
2025-06-30 22:00:00,0.85536999,0.85584003,0.85527003,0.85535002
2025-06-30 23:00:00,0.85535997,0.85657001,0.85530001,0.85642999
2025-07-01 00:00:00,0.85642999,0.85694999,0.85597003,0.85658002
2025-07-01 01:00:00,0.85659999,0.85810000,0.85633999,0.85784000
2025-07-01 02:00:00,0.85781997,0.85810000,0.85737997,0.85768998
2025-07-01 03:00:00,0.85768002,0.85829997,0.85764003,0.85822999
2025-07-01 04:00:00,0.85821998,0.85861999,0.85807002,0.85838002
2025-07-01 05:00:00,0.85838997,0.85856003,0.85795999,0.85816997
2025-07-01 06:00:00,0.85817999,0.85832000,0.85789001,0.85803002
2025-07-01 07:00:00,0.85810000,0.85856998,0.85754001,0.85782999
2025-07-01 08:00:00,0.85811001,0.85834002,0.85764003,0.85825002
2025-07-01 09:00:00,0.85825002,0.85839999,0.85810000,0.85832000
2025-07-01 10:00:00,0.85833001,0.85860002,0.85816002,0.85851997
2025-07-01 11:00:00,0.85851002,0.85876000,0.85812998,0.85816002
2025-07-01 12:00:00,0.85816002,0.85825002,0.85798001,0.85811001
2025-07-01 13:00:00,0.85808998,0.85820001,0.85785002,0.85812002
2025-07-01 14:00:00,0.85812002,0.85816002,0.85766000,0.85771000
2025-07-01 15:00:00,0.85771000,0.85772997,0.85716999,0.85733002
2025-07-01 16:00:00,0.85734999,0.85758001,0.85681999,0.85731000
2025-07-01 17:00:00,0.85733998,0.85737002,0.85597003,0.85604000
2025-07-01 18:00:00,0.85602999,0.85746002,0.85567999,0.85694999
2025-07-01 19:00:00,0.85698998,0.85843998,0.85690999,0.85755002
2025-07-01 20:00:00,0.85755998,0.85768002,0.85702002,0.85741001
2025-07-01 21:00:00,0.85741001,0.85891998,0.85729998,0.85887998
2025-07-01 22:00:00,0.85889000,0.85922003,0.85859001,0.85895002
2025-07-01 23:00:00,0.85895002,0.85969001,0.85891002,0.85933000
2025-07-02 00:00:00,0.85911000,0.85971999,0.85838002,0.85867000
2025-07-02 01:00:00,0.85868001,0.85890001,0.85786998,0.85799003
2025-07-02 02:00:00,0.85798001,0.85799998,0.85705000,0.85720998
2025-07-02 03:00:00,0.85720998,0.85780001,0.85718000,0.85772002
2025-07-02 04:00:00,0.85775000,0.85785002,0.85725999,0.85751998
2025-07-02 05:00:00,0.85750002,0.85820001,0.85746002,0.85811001
2025-07-02 06:00:00,0.85810000,0.85881001,0.85806000,0.85860002
2025-07-02 07:00:00,0.85860002,0.85922003,0.85794997,0.85850000
2025-07-02 08:00:00,0.85856998,0.85895002,0.85815001,0.85876000
2025-07-02 09:00:00,0.85874999,0.85885000,0.85856003,0.85877001
2025-07-02 10:00:00,0.85878003,0.85882998,0.85838997,0.85881001
2025-07-02 11:00:00,0.85879999,0.85890001,0.85834998,0.85843003
2025-07-02 12:00:00,0.85843003,0.85861999,0.85826999,0.85839999
2025-07-02 13:00:00,0.85839999,0.85856998,0.85819000,0.85843998
2025-07-02 14:00:00,0.85843998,0.85850000,0.85816002,0.85824001
2025-07-02 15:00:00,0.85822999,0.85856998,0.85803002,0.85806000
2025-07-02 16:00:00,0.85807002,0.85850000,0.85769999,0.85813999
2025-07-02 17:00:00,0.85815001,0.85903001,0.85803002,0.85903001
2025-07-02 18:00:00,0.85901999,0.85990000,0.85887998,0.85961002
2025-07-02 19:00:00,0.85961002,0.85999000,0.85929000,0.85973001
2025-07-02 20:00:00,0.85970998,0.85979998,0.85860002,0.85870999
2025-07-02 21:00:00,0.85872000,0.86030000,0.85777003,0.85996002
2025-07-02 22:00:00,0.85996002,0.86506999,0.85991001,0.86391997
2025-07-02 23:00:00,0.86391997,0.86603999,0.86370999,0.86554998
2025-07-03 00:00:00,0.86554998,0.86699998,0.86461997,0.86563998
2025-07-03 01:00:00,0.86563998,0.86603999,0.86508000,0.86550999
2025-07-03 02:00:00,0.86549997,0.86580002,0.86470002,0.86479998
2025-07-03 03:00:00,0.86480999,0.86532998,0.86464000,0.86515999
2025-07-03 04:00:00,0.86519998,0.86536002,0.86495000,0.86528999
2025-07-03 05:00:00,0.86527997,0.86570001,0.86501998,0.86553001
2025-07-03 06:00:00,0.86556000,0.86570001,0.86510003,0.86515999
2025-07-03 07:00:00,0.86495000,0.86518002,0.86245000,0.86350000
2025-07-03 08:00:00,0.86352998,0.86435997,0.86325002,0.86400998
2025-07-03 09:00:00,0.86403000,0.86453998,0.86400998,0.86439002
2025-07-03 10:00:00,0.86436999,0.86513001,0.86431003,0.86508000
2025-07-03 11:00:00,0.86510998,0.86523998,0.86477000,0.86483002
2025-07-03 12:00:00,0.86483002,0.86543000,0.86482000,0.86524999
2025-07-03 13:00:00,0.86526000,0.86540002,0.86506999,0.86519998
2025-07-03 14:00:00,0.86523998,0.86535001,0.86489999,0.86495000
2025-07-03 15:00:00,0.86496001,0.86521000,0.86453998,0.86480999
2025-07-03 16:00:00,0.86480999,0.86493999,0.86435002,0.86460000
2025-07-03 17:00:00,0.86460000,0.86464000,0.86319000,0.86423999
2025-07-03 18:00:00,0.86422002,0.86431998,0.86276001,0.86338001
2025-07-03 19:00:00,0.86339003,0.86382002,0.86284000,0.86355001
2025-07-03 20:00:00,0.86356002,0.86400998,0.86304998,0.86324000
2025-07-03 21:00:00,0.86325997,0.86370999,0.86268997,0.86286998
2025-07-03 22:00:00,0.86286998,0.86355001,0.86189002,0.86212999
2025-07-03 23:00:00,0.86212999,0.86242002,0.86158001,0.86194998
2025-07-04 00:00:00,0.86189997,0.86242998,0.86101002,0.86124003
2025-07-04 01:00:00,0.86124003,0.86154997,0.86097002,0.86107999
2025-07-04 02:00:00,0.86107999,0.86124003,0.86058003,0.86089998
2025-07-04 03:00:00,0.86092001,0.86140001,0.86088997,0.86124998
2025-07-04 04:00:00,0.86126000,0.86150002,0.86115998,0.86123002
2025-07-04 05:00:00,0.86122000,0.86127001,0.86082000,0.86083001
2025-07-04 06:00:00,0.86080998,0.86129999,0.86078000,0.86091000
2025-07-04 07:00:00,0.86084998,0.86131001,0.86043000,0.86088002
2025-07-04 08:00:00,0.86119002,0.86122000,0.86087000,0.86119002
2025-07-04 09:00:00,0.86122000,0.86141002,0.86100000,0.86115003
2025-07-04 10:00:00,0.86116999,0.86140001,0.86106002,0.86116999
2025-07-04 11:00:00,0.86115998,0.86159998,0.86107999,0.86158001
2025-07-04 12:00:00,0.86155999,0.86194998,0.86154997,0.86168998
2025-07-04 13:00:00,0.86168998,0.86181003,0.86154997,0.86173999
2025-07-04 14:00:00,0.86173999,0.86180001,0.86135000,0.86146998
2025-07-04 15:00:00,0.86145002,0.86172003,0.86115003,0.86162001
2025-07-04 16:00:00,0.86163002,0.86172998,0.86094999,0.86140001
2025-07-04 17:00:00,0.86138999,0.86189997,0.86116999,0.86164999
2025-07-04 18:00:00,0.86167997,0.86199999,0.86140001,0.86166000
2025-07-04 19:00:00,0.86167002,0.86269999,0.86159003,0.86240000
2025-07-04 20:00:00,0.86238003,0.86299998,0.86219001,0.86294001
2025-07-04 21:00:00,0.86293000,0.86304998,0.86228001,0.86228001
2025-07-04 22:00:00,0.86229002,0.86294001,0.86219001,0.86293000
2025-07-04 23:00:00,0.86291999,0.86303002,0.86249000,0.86295998
2025-07-05 00:00:00,0.86295003,0.86374998,0.86291999,0.86330998
2025-07-05 01:00:00,0.86330998,0.86366999,0.86303997,0.86321002
2025-07-05 02:00:00,0.86320001,0.86330003,0.86273998,0.86273998
2025-07-05 03:00:00,0.86273998,0.86280000,0.86242998,0.86268002
2025-07-05 04:00:00,0.86269999,0.86290002,0.86246997,0.86268002
2025-07-05 05:00:00,0.86268002,0.86271000,0.86238998,0.86259001
2025-07-05 06:00:00,0.86251003,0.86322999,0.86237001,0.86307001
2025-07-05 07:00:00,0.86333001,0.86333001,0.86333001,0.86333001
2025-07-07 09:00:00,0.86273998,0.86300999,0.86273003,0.86290997
2025-07-07 10:00:00,0.86291999,0.86333001,0.86289001,0.86311001
2025-07-07 11:00:00,0.86313999,0.86350000,0.86312002,0.86342001
2025-07-07 12:00:00,0.86342001,0.86352998,0.86325002,0.86341000
2025-07-07 13:00:00,0.86341000,0.86379999,0.86339003,0.86359000
2025-07-07 14:00:00,0.86356997,0.86409998,0.86347002,0.86400998
2025-07-07 15:00:00,0.86400998,0.86431998,0.86390001,0.86400998
2025-07-07 16:00:00,0.86400998,0.86432999,0.86338001,0.86356002
2025-07-07 17:00:00,0.86353999,0.86361998,0.86290002,0.86333001
2025-07-07 18:00:00,0.86334002,0.86390001,0.86298001,0.86325997
2025-07-07 19:00:00,0.86329001,0.86369997,0.86198997,0.86216998
2025-07-07 20:00:00,0.86217999,0.86264002,0.86192000,0.86214000
2025-07-07 21:00:00,0.86211997,0.86229998,0.86115998,0.86144000
2025-07-07 22:00:00,0.86145002,0.86150998,0.86052001,0.86082000
2025-07-07 23:00:00,0.86080998,0.86170000,0.86071002,0.86107999
2025-07-08 00:00:00,0.86106998,0.86113000,0.86023003,0.86084002
2025-07-08 01:00:00,0.86080998,0.86089998,0.86014998,0.86039001
2025-07-08 02:00:00,0.86040002,0.86124998,0.85962999,0.86012000
2025-07-08 03:00:00,0.86013001,0.86071998,0.85977000,0.86040998
2025-07-08 04:00:00,0.86041999,0.86100000,0.86037999,0.86091000
2025-07-08 05:00:00,0.86088997,0.86124998,0.86075002,0.86106998
2025-07-08 06:00:00,0.86106002,0.86129999,0.86001998,0.86001998
2025-07-08 07:00:00,0.86001003,0.86106998,0.85987002,0.86027002
2025-07-08 08:00:00,0.86048001,0.86180001,0.86018997,0.86173999
2025-07-08 09:00:00,0.86171001,0.86189997,0.86141002,0.86141998
2025-07-08 10:00:00,0.86141998,0.86180001,0.86127001,0.86164999
2025-07-08 11:00:00,0.86162001,0.86170000,0.86115998,0.86145002
2025-07-08 12:00:00,0.86145002,0.86161000,0.86106998,0.86110997
2025-07-08 13:00:00,0.86109000,0.86164999,0.86109000,0.86159003
2025-07-08 14:00:00,0.86157000,0.86170000,0.86109000,0.86129999
2025-07-08 15:00:00,0.86129999,0.86141998,0.86088002,0.86097997
2025-07-08 16:00:00,0.86097997,0.86162001,0.86096001,0.86161000
2025-07-08 17:00:00,0.86159998,0.86220002,0.86138999,0.86207998
2025-07-08 18:00:00,0.86207002,0.86339998,0.86207002,0.86308002
2025-07-08 19:00:00,0.86308002,0.86370999,0.86289001,0.86364001
2025-07-08 20:00:00,0.86363000,0.86391997,0.86328000,0.86377001
2025-07-08 21:00:00,0.86374998,0.86430001,0.86335999,0.86352998
2025-07-08 22:00:00,0.86355001,0.86363000,0.86280000,0.86317998
2025-07-08 23:00:00,0.86320001,0.86379999,0.86312002,0.86365002
2025-07-09 00:00:00,0.86366999,0.86409998,0.86252999,0.86319000
2025-07-09 01:00:00,0.86320001,0.86347002,0.86234999,0.86250001
2025-07-09 02:00:00,0.86249000,0.86272001,0.86211997,0.86224997
2025-07-09 03:00:00,0.86225998,0.86273998,0.86216998,0.86255002
2025-07-09 04:00:00,0.86252999,0.86260998,0.86236000,0.86249000
2025-07-09 05:00:00,0.86251003,0.86280000,0.86246997,0.86269999
2025-07-09 06:00:00,0.86273003,0.86299998,0.86238998,0.86262000
2025-07-09 07:00:00,0.86242998,0.86320001,0.86198997,0.86236000
2025-07-09 08:00:00,0.86245000,0.86284000,0.86216003,0.86278999
2025-07-09 09:00:00,0.86277002,0.86299998,0.86264002,0.86290997
2025-07-09 10:00:00,0.86291999,0.86312997,0.86289001,0.86295003
2025-07-09 11:00:00,0.86295003,0.86302000,0.86255997,0.86264002
2025-07-09 12:00:00,0.86264002,0.86290002,0.86250001,0.86273003
2025-07-09 13:00:00,0.86273003,0.86281002,0.86247998,0.86252999
2025-07-09 14:00:00,0.86251998,0.86260003,0.86205000,0.86208999
2025-07-09 15:00:00,0.86211002,0.86229998,0.86198997,0.86229002
2025-07-09 16:00:00,0.86230999,0.86251998,0.86173999,0.86198002
2025-07-09 17:00:00,0.86197001,0.86223000,0.86124003,0.86171001
2025-07-09 18:00:00,0.86171001,0.86192000,0.86110997,0.86116999
2025-07-09 19:00:00,0.86116999,0.86170000,0.86106998,0.86144000
2025-07-09 20:00:00,0.86145002,0.86180001,0.86119002,0.86149001
2025-07-09 21:00:00,0.86148000,0.86181998,0.86102998,0.86106002
2025-07-09 22:00:00,0.86105001,0.86154997,0.86054999,0.86087000
2025-07-09 23:00:00,0.86087000,0.86172998,0.86062002,0.86141002
2025-07-10 00:00:00,0.86137998,0.86240000,0.86084002,0.86211002
2025-07-10 01:00:00,0.86210001,0.86214000,0.86159998,0.86179000
2025-07-10 02:00:00,0.86176002,0.86192000,0.86150002,0.86164999
2025-07-10 03:00:00,0.86161000,0.86185998,0.86137998,0.86159003
2025-07-10 04:00:00,0.86159998,0.86214000,0.86141998,0.86199999
2025-07-10 05:00:00,0.86198997,0.86224002,0.86185998,0.86198002
2025-07-10 06:00:00,0.86195999,0.86282998,0.86193001,0.86243999
2025-07-10 07:00:00,0.86242998,0.86281002,0.86188000,0.86254001
2025-07-10 08:00:00,0.86252999,0.86274999,0.86221999,0.86268997
2025-07-10 09:00:00,0.86269999,0.86330003,0.86260003,0.86317003
2025-07-10 10:00:00,0.86316001,0.86339998,0.86269999,0.86286998
2025-07-10 11:00:00,0.86286002,0.86299998,0.86262000,0.86278999
2025-07-10 12:00:00,0.86281002,0.86290002,0.86262000,0.86268997
2025-07-10 13:00:00,0.86268002,0.86280000,0.86242998,0.86249000
2025-07-10 14:00:00,0.86247998,0.86260003,0.86242998,0.86251003
2025-07-10 15:00:00,0.86251003,0.86271000,0.86242998,0.86252999
2025-07-10 16:00:00,0.86255002,0.86255002,0.86186999,0.86197001
2025-07-10 17:00:00,0.86199999,0.86234999,0.86158001,0.86193001
2025-07-10 18:00:00,0.86192000,0.86223000,0.86172998,0.86192000
2025-07-10 19:00:00,0.86192000,0.86202002,0.86154002,0.86194003
2025-07-10 20:00:00,0.86194003,0.86250001,0.86167997,0.86237001
2025-07-10 21:00:00,0.86238998,0.86290002,0.86233002,0.86233997
2025-07-10 22:00:00,0.86234999,0.86339003,0.86212999,0.86326998
2025-07-10 23:00:00,0.86325002,0.86330003,0.86238003,0.86271000
2025-07-11 00:00:00,0.86271000,0.86290002,0.86132002,0.86163002
2025-07-11 01:00:00,0.86162001,0.86185998,0.86096001,0.86140001
2025-07-11 02:00:00,0.86141002,0.86159998,0.86097002,0.86144000
2025-07-11 03:00:00,0.86146998,0.86170000,0.86110002,0.86127001
2025-07-11 04:00:00,0.86124998,0.86154997,0.86118001,0.86131001
2025-07-11 05:00:00,0.86129999,0.86150002,0.86109000,0.86146998
2025-07-11 06:00:00,0.86145997,0.86171001,0.86114001,0.86170000
2025-07-11 07:00:00,0.86171001,0.86254001,0.86106002,0.86167002
2025-07-11 08:00:00,0.86173999,0.86189997,0.86141002,0.86163998
2025-07-11 09:00:00,0.86163002,0.86173999,0.86148000,0.86163002
2025-07-11 10:00:00,0.86163998,0.86185998,0.86085999,0.86124003
2025-07-11 11:00:00,0.86124003,0.86140001,0.86092001,0.86105001
2025-07-11 12:00:00,0.86105001,0.86119998,0.86093998,0.86101002
2025-07-11 13:00:00,0.86102003,0.86129999,0.86097002,0.86110997
2025-07-11 14:00:00,0.86110997,0.86132997,0.86102998,0.86127001
2025-07-11 15:00:00,0.86128998,0.86145002,0.86097002,0.86101002
2025-07-11 16:00:00,0.86101002,0.86287999,0.86097997,0.86260998
2025-07-11 17:00:00,0.86259001,0.86321998,0.86247998,0.86317003
2025-07-11 18:00:00,0.86316001,0.86361003,0.86278999,0.86304998
2025-07-11 19:00:00,0.86303002,0.86352998,0.86246997,0.86351001
2025-07-11 20:00:00,0.86351001,0.86426002,0.86300999,0.86420000
2025-07-11 21:00:00,0.86418003,0.86580002,0.86387998,0.86557001
2025-07-11 22:00:00,0.86553001,0.86600000,0.86514002,0.86550999
2025-07-11 23:00:00,0.86552000,0.86663002,0.86505997,0.86611998
2025-07-12 00:00:00,0.86611998,0.86669999,0.86557001,0.86574000
2025-07-12 01:00:00,0.86572999,0.86659998,0.86548001,0.86619002
2025-07-12 02:00:00,0.86620998,0.86640000,0.86535001,0.86558002
2025-07-12 03:00:00,0.86558002,0.86561000,0.86510003,0.86530000
2025-07-12 04:00:00,0.86528999,0.86530000,0.86501002,0.86517000
2025-07-12 05:00:00,0.86517000,0.86600000,0.86517000,0.86589003
2025-07-12 06:00:00,0.86589998,0.86659998,0.86568999,0.86624002
2025-07-12 07:00:00,0.86620998,0.86653000,0.86620998,0.86653000
2025-07-14 09:00:00,0.86497998,0.86571002,0.86488003,0.86562997
2025-07-14 10:00:00,0.86562002,0.86627001,0.86536998,0.86620998
2025-07-14 11:00:00,0.86620998,0.86659998,0.86602002,0.86616999
2025-07-14 12:00:00,0.86618000,0.86650002,0.86606002,0.86637998
2025-07-14 13:00:00,0.86640000,0.86650002,0.86619997,0.86637998
2025-07-14 14:00:00,0.86638999,0.86650997,0.86627001,0.86631000
2025-07-14 15:00:00,0.86629999,0.86663002,0.86616999,0.86658001
2025-07-14 16:00:00,0.86659998,0.86699998,0.86615002,0.86671001
2025-07-14 17:00:00,0.86671001,0.86710000,0.86597002,0.86663997
2025-07-14 18:00:00,0.86662000,0.86691999,0.86625999,0.86690998
2025-07-14 19:00:00,0.86691999,0.86720002,0.86660999,0.86695999
2025-07-14 20:00:00,0.86701000,0.86729002,0.86640000,0.86698997
2025-07-14 21:00:00,0.86699998,0.86738002,0.86663002,0.86689001
2025-07-14 22:00:00,0.86688000,0.86728001,0.86644000,0.86698997
2025-07-14 23:00:00,0.86697000,0.86717999,0.86628002,0.86644000
2025-07-15 00:00:00,0.86641997,0.86909997,0.86632001,0.86878002
2025-07-15 01:00:00,0.86878997,0.86927998,0.86855000,0.86878002
2025-07-15 02:00:00,0.86878997,0.86879998,0.86773002,0.86799002
2025-07-15 03:00:00,0.86799997,0.86849999,0.86793000,0.86815000
2025-07-15 04:00:00,0.86815000,0.86910999,0.86815000,0.86900002
2025-07-15 05:00:00,0.86899000,0.86905003,0.86870998,0.86900002
2025-07-15 06:00:00,0.86897999,0.86900997,0.86852998,0.86852998
2025-07-15 07:00:00,0.86852998,0.86896002,0.86772001,0.86826998
2025-07-15 08:00:00,0.86807001,0.86892998,0.86787999,0.86886001
2025-07-15 09:00:00,0.86883003,0.86890000,0.86866999,0.86872000
2025-07-15 10:00:00,0.86868000,0.86900002,0.86860001,0.86870003
2025-07-15 11:00:00,0.86872000,0.86896002,0.86853999,0.86861002
2025-07-15 12:00:00,0.86861998,0.86909997,0.86857003,0.86905003
2025-07-15 13:00:00,0.86904001,0.86943001,0.86900002,0.86939001
2025-07-15 14:00:00,0.86938000,0.86944002,0.86919999,0.86925000
2025-07-15 15:00:00,0.86926001,0.86950999,0.86909997,0.86945999
2025-07-15 16:00:00,0.86947000,0.86961001,0.86905003,0.86916000
2025-07-15 17:00:00,0.86919999,0.86949998,0.86883003,0.86892003
2025-07-15 18:00:00,0.86892003,0.86936998,0.86886001,0.86909002
2025-07-15 19:00:00,0.86900997,0.86917001,0.86808002,0.86842000
2025-07-15 20:00:00,0.86843002,0.86843002,0.86795998,0.86826003
2025-07-15 21:00:00,0.86825001,0.86835003,0.86773002,0.86802000
2025-07-15 22:00:00,0.86802000,0.86887997,0.86716002,0.86834002
2025-07-15 23:00:00,0.86831999,0.86883998,0.86767000,0.86857003
2025-07-16 00:00:00,0.86856002,0.86857003,0.86715001,0.86728001
2025-07-16 01:00:00,0.86729002,0.86751997,0.86668998,0.86726999
2025-07-16 02:00:00,0.86725998,0.86734998,0.86596000,0.86619002
2025-07-16 03:00:00,0.86619997,0.86671001,0.86614001,0.86635000
2025-07-16 04:00:00,0.86637002,0.86659998,0.86628002,0.86654001
2025-07-16 05:00:00,0.86650997,0.86672997,0.86633003,0.86659998
2025-07-16 06:00:00,0.86659002,0.86699998,0.86646998,0.86651999
2025-07-16 07:00:00,0.86660999,0.86676002,0.86605000,0.86646003
2025-07-16 08:00:00,0.86666000,0.86693001,0.86633998,0.86689001
2025-07-16 09:00:00,0.86690003,0.86702001,0.86659998,0.86663002
2025-07-16 10:00:00,0.86663002,0.86684000,0.86659998,0.86663997
2025-07-16 11:00:00,0.86663997,0.86690003,0.86655003,0.86686999
2025-07-16 12:00:00,0.86688000,0.86734998,0.86682999,0.86729997
2025-07-16 13:00:00,0.86733001,0.86734003,0.86712003,0.86721998
2025-07-16 14:00:00,0.86720002,0.86739999,0.86716002,0.86733001
2025-07-16 15:00:00,0.86732000,0.86750001,0.86714000,0.86719000
2025-07-16 16:00:00,0.86717999,0.86734998,0.86611003,0.86715001
2025-07-16 17:00:00,0.86715001,0.86764002,0.86698997,0.86743999
2025-07-16 18:00:00,0.86747003,0.86817002,0.86716002,0.86809999
2025-07-16 19:00:00,0.86811000,0.86813003,0.86691999,0.86702001
2025-07-16 20:00:00,0.86703002,0.86736000,0.86650002,0.86657000
2025-07-16 21:00:00,0.86658001,0.86686999,0.86570001,0.86579001
2025-07-16 22:00:00,0.86583000,0.86655998,0.86562002,0.86600000
2025-07-16 23:00:00,0.86600000,0.86614001,0.86497998,0.86510998
2025-07-17 00:00:00,0.86510998,0.86619002,0.86473000,0.86558002
2025-07-17 01:00:00,0.86557001,0.86976999,0.86546999,0.86619002
2025-07-17 02:00:00,0.86616999,0.86730999,0.86590999,0.86714000
2025-07-17 03:00:00,0.86711001,0.86763000,0.86701000,0.86739999
2025-07-17 04:00:00,0.86739999,0.86764997,0.86712998,0.86716998
2025-07-17 05:00:00,0.86717999,0.86729997,0.86680001,0.86716002
2025-07-17 06:00:00,0.86716002,0.86745000,0.86676002,0.86681002
2025-07-17 07:00:00,0.86669999,0.86769998,0.86640000,0.86695999
2025-07-17 08:00:00,0.86712003,0.86760002,0.86677998,0.86743999
2025-07-17 09:00:00,0.86745000,0.86772001,0.86738002,0.86761999
2025-07-17 10:00:00,0.86760998,0.86767000,0.86715001,0.86745000
2025-07-17 11:00:00,0.86743999,0.86750001,0.86712998,0.86743999
2025-07-17 12:00:00,0.86743999,0.86785001,0.86738002,0.86776000
2025-07-17 13:00:00,0.86776000,0.86787999,0.86738002,0.86752999
2025-07-17 14:00:00,0.86754000,0.86790001,0.86747998,0.86773998
2025-07-17 15:00:00,0.86773002,0.86794001,0.86726999,0.86728001
2025-07-17 16:00:00,0.86728001,0.86789000,0.86524999,0.86541998
2025-07-17 17:00:00,0.86541998,0.86614001,0.86475003,0.86602998
2025-07-17 18:00:00,0.86603999,0.86669999,0.86497003,0.86500001
2025-07-17 19:00:00,0.86500001,0.86574000,0.86479002,0.86504000
2025-07-17 20:00:00,0.86505002,0.86521000,0.86447001,0.86457002
2025-07-17 21:00:00,0.86457002,0.86482000,0.86412001,0.86422998
2025-07-17 22:00:00,0.86422998,0.86470002,0.86368001,0.86462998
2025-07-17 23:00:00,0.86461997,0.86519998,0.86438000,0.86466002
2025-07-18 00:00:00,0.86465001,0.86475003,0.86382002,0.86413997
2025-07-18 01:00:00,0.86412001,0.86465001,0.86398000,0.86454999
2025-07-18 02:00:00,0.86454999,0.86465001,0.86413997,0.86457002
2025-07-18 03:00:00,0.86457002,0.86466002,0.86405998,0.86427999
2025-07-18 04:00:00,0.86429000,0.86434001,0.86382002,0.86388999
2025-07-18 05:00:00,0.86387002,0.86444002,0.86378998,0.86425000
2025-07-18 06:00:00,0.86423999,0.86442000,0.86401999,0.86407000
2025-07-18 07:00:00,0.86413002,0.86479002,0.86347997,0.86422998
2025-07-18 08:00:00,0.86431003,0.86505002,0.86401999,0.86495000
2025-07-18 09:00:00,0.86495000,0.86500001,0.86464000,0.86477000
2025-07-18 10:00:00,0.86475998,0.86544001,0.86473000,0.86540997
2025-07-18 11:00:00,0.86541998,0.86570001,0.86523002,0.86556000
2025-07-18 12:00:00,0.86554998,0.86570001,0.86527002,0.86539000
2025-07-18 13:00:00,0.86540002,0.86562997,0.86536002,0.86549997
2025-07-18 14:00:00,0.86549997,0.86554998,0.86533999,0.86553001
2025-07-18 15:00:00,0.86552000,0.86600000,0.86543000,0.86585999
2025-07-18 16:00:00,0.86584997,0.86600000,0.86510003,0.86514997
2025-07-18 17:00:00,0.86513001,0.86585999,0.86505002,0.86583000
2025-07-18 18:00:00,0.86584002,0.86641997,0.86570001,0.86589998
2025-07-18 19:00:00,0.86589998,0.86619997,0.86540002,0.86549997
2025-07-18 20:00:00,0.86549997,0.86589998,0.86515999,0.86526000
2025-07-18 21:00:00,0.86527002,0.86570001,0.86510003,0.86527002
2025-07-18 22:00:00,0.86527002,0.86615998,0.86505997,0.86610001
2025-07-18 23:00:00,0.86611003,0.86640000,0.86553001,0.86615998
2025-07-19 00:00:00,0.86623001,0.86650002,0.86598003,0.86649001
2025-07-19 01:00:00,0.86650002,0.86711001,0.86636001,0.86654001
2025-07-19 02:00:00,0.86653000,0.86703002,0.86638999,0.86653000
2025-07-19 03:00:00,0.86653000,0.86669999,0.86619997,0.86641002
2025-07-19 04:00:00,0.86641002,0.86642998,0.86605000,0.86615998
2025-07-19 05:00:00,0.86616999,0.86650002,0.86606997,0.86641002
2025-07-19 06:00:00,0.86641002,0.86741000,0.86635000,0.86646003
2025-07-19 07:00:00,0.86685002,0.86703998,0.86685002,0.86703998
2025-07-21 09:00:00,0.86673999,0.86702001,0.86672002,0.86685997
2025-07-21 10:00:00,0.86686999,0.86710000,0.86676002,0.86681002
2025-07-21 11:00:00,0.86680001,0.86684000,0.86607999,0.86612999
2025-07-21 12:00:00,0.86611998,0.86650002,0.86605000,0.86649001
2025-07-21 13:00:00,0.86647999,0.86651999,0.86633003,0.86649001
2025-07-21 14:00:00,0.86649001,0.86664999,0.86640000,0.86660999
2025-07-21 15:00:00,0.86659002,0.86672997,0.86650002,0.86659998
2025-07-21 16:00:00,0.86663997,0.86669999,0.86587000,0.86593997
2025-07-21 17:00:00,0.86592001,0.86640000,0.86575001,0.86596000
2025-07-21 18:00:00,0.86594999,0.86600000,0.86514997,0.86543000
2025-07-21 19:00:00,0.86544001,0.86574000,0.86519998,0.86524999
2025-07-21 20:00:00,0.86526000,0.86550999,0.86499000,0.86528999
2025-07-21 21:00:00,0.86528999,0.86610001,0.86505002,0.86563998
2025-07-21 22:00:00,0.86562997,0.86587000,0.86527997,0.86532003
2025-07-21 23:00:00,0.86532998,0.86602998,0.86523002,0.86601001
2025-07-22 00:00:00,0.86602002,0.86699998,0.86571997,0.86684000
2025-07-22 01:00:00,0.86684000,0.86736000,0.86664999,0.86724001
2025-07-22 02:00:00,0.86724001,0.86729997,0.86669999,0.86698997
2025-07-22 03:00:00,0.86698002,0.86702001,0.86659998,0.86681998
2025-07-22 04:00:00,0.86681998,0.86685997,0.86654001,0.86677998
2025-07-22 05:00:00,0.86677998,0.86702001,0.86667001,0.86688000
2025-07-22 06:00:00,0.86689001,0.86699998,0.86627001,0.86654001
2025-07-22 07:00:00,0.86637002,0.86688000,0.86614001,0.86624998
2025-07-22 08:00:00,0.86649001,0.86699998,0.86628002,0.86691999
2025-07-22 09:00:00,0.86694002,0.86699998,0.86675000,0.86691999
2025-07-22 10:00:00,0.86691999,0.86701000,0.86664999,0.86686999
2025-07-22 11:00:00,0.86685002,0.86710000,0.86677998,0.86704999
2025-07-22 12:00:00,0.86707002,0.86720997,0.86699998,0.86706001
2025-07-22 13:00:00,0.86706001,0.86712998,0.86688000,0.86703002
2025-07-22 14:00:00,0.86703998,0.86742997,0.86703002,0.86724001
2025-07-22 15:00:00,0.86724001,0.86750001,0.86723000,0.86734998
2025-07-22 16:00:00,0.86734998,0.86786002,0.86732000,0.86780000
2025-07-22 17:00:00,0.86780000,0.86795998,0.86734003,0.86773002
2025-07-22 18:00:00,0.86770999,0.86780000,0.86710000,0.86717999
2025-07-22 19:00:00,0.86717999,0.86750001,0.86681998,0.86734003
2025-07-22 20:00:00,0.86733001,0.86821002,0.86717999,0.86818999
2025-07-22 21:00:00,0.86818999,0.86825001,0.86751997,0.86763000
2025-07-22 22:00:00,0.86763000,0.86781001,0.86664999,0.86714000
2025-07-22 23:00:00,0.86715001,0.86798000,0.86636001,0.86791998
2025-07-23 00:00:00,0.86789000,0.86833000,0.86738002,0.86821002
2025-07-23 01:00:00,0.86821002,0.86903000,0.86791003,0.86894000
2025-07-23 02:00:00,0.86894000,0.86936003,0.86870003,0.86878997
2025-07-23 03:00:00,0.86877000,0.86884999,0.86846000,0.86852998
2025-07-23 04:00:00,0.86853999,0.86866999,0.86837000,0.86839998
2025-07-23 05:00:00,0.86842000,0.86849999,0.86826998,0.86843002
2025-07-23 06:00:00,0.86843997,0.86855000,0.86817998,0.86839998
2025-07-23 07:00:00,0.86840999,0.86890000,0.86789000,0.86853999
2025-07-23 08:00:00,0.86852998,0.86865997,0.86803001,0.86852002
2025-07-23 09:00:00,0.86848998,0.86865002,0.86808002,0.86808997
2025-07-23 10:00:00,0.86808002,0.86843997,0.86790001,0.86839998
2025-07-23 11:00:00,0.86839998,0.86851001,0.86774999,0.86791998
2025-07-23 12:00:00,0.86789000,0.86820000,0.86769998,0.86794001
2025-07-23 13:00:00,0.86793000,0.86799997,0.86761999,0.86777002
2025-07-23 14:00:00,0.86773998,0.86781001,0.86742997,0.86747003
2025-07-23 15:00:00,0.86746001,0.86750001,0.86710000,0.86741000
2025-07-23 16:00:00,0.86742002,0.86793000,0.86728001,0.86764997
2025-07-23 17:00:00,0.86764002,0.86782998,0.86666000,0.86694998
2025-07-23 18:00:00,0.86694998,0.86714000,0.86629999,0.86637998
2025-07-23 19:00:00,0.86638999,0.86675000,0.86624002,0.86637002
2025-07-23 20:00:00,0.86636001,0.86659998,0.86602998,0.86631000
2025-07-23 21:00:00,0.86631000,0.86642998,0.86594999,0.86600000
2025-07-23 22:00:00,0.86600000,0.86681998,0.86554003,0.86557001
2025-07-23 23:00:00,0.86557001,0.86650002,0.86554998,0.86567003
2025-07-24 00:00:00,0.86568999,0.86600000,0.86513001,0.86527002
2025-07-24 01:00:00,0.86527002,0.86606002,0.86461997,0.86584002
2025-07-24 02:00:00,0.86585999,0.86680001,0.86584002,0.86646998
2025-07-24 03:00:00,0.86646003,0.86694002,0.86622000,0.86668998
2025-07-24 04:00:00,0.86668998,0.86710000,0.86658001,0.86686999
2025-07-24 05:00:00,0.86688000,0.86699998,0.86669999,0.86680001
2025-07-24 06:00:00,0.86680001,0.86699998,0.86627001,0.86627001
2025-07-24 07:00:00,0.86646003,0.86711001,0.86623001,0.86654001
2025-07-24 08:00:00,0.86654001,0.86693001,0.86627001,0.86668003
2025-07-24 09:00:00,0.86675000,0.86712003,0.86664999,0.86701000
2025-07-24 10:00:00,0.86699998,0.86707997,0.86657000,0.86685997
2025-07-24 11:00:00,0.86685002,0.86695999,0.86660999,0.86689001
2025-07-24 12:00:00,0.86690003,0.86720002,0.86682999,0.86714000
2025-07-24 13:00:00,0.86712003,0.86724001,0.86707997,0.86715001
2025-07-24 14:00:00,0.86716002,0.86725003,0.86698002,0.86699998
2025-07-24 15:00:00,0.86698002,0.86721998,0.86682999,0.86688000
2025-07-24 16:00:00,0.86688000,0.86730999,0.86681002,0.86682999
2025-07-24 17:00:00,0.86681998,0.86760002,0.86675000,0.86730999
2025-07-24 18:00:00,0.86729997,0.86839998,0.86724001,0.86811000
2025-07-24 19:00:00,0.86811000,0.86813998,0.86738002,0.86745000
2025-07-24 20:00:00,0.86745000,0.86781001,0.86733001,0.86776000
2025-07-24 21:00:00,0.86777002,0.86790001,0.86710000,0.86746001
2025-07-24 22:00:00,0.86746001,0.86776000,0.86694002,0.86703002
2025-07-24 23:00:00,0.86703998,0.86914998,0.86668003,0.86846000
2025-07-25 00:00:00,0.86846000,0.86971003,0.86839998,0.86884999
2025-07-25 01:00:00,0.86883003,0.87024999,0.86882001,0.86989999
2025-07-25 02:00:00,0.86988997,0.87099999,0.86985999,0.87054002
2025-07-25 03:00:00,0.87052000,0.87080002,0.87023002,0.87058997
2025-07-25 04:00:00,0.87062001,0.87062001,0.87019998,0.87045997
2025-07-25 05:00:00,0.87048000,0.87063003,0.87037998,0.87046999
2025-07-25 06:00:00,0.87046999,0.87050998,0.86939001,0.86967999
2025-07-25 07:00:00,0.86954999,0.86984003,0.86851001,0.86922997
2025-07-25 08:00:00,0.86944997,0.87015003,0.86914998,0.87011999
2025-07-25 09:00:00,0.87010002,0.87023002,0.86995000,0.87013000
2025-07-25 10:00:00,0.87011999,0.87032002,0.86989999,0.87018001
2025-07-25 11:00:00,0.87017000,0.87023002,0.86965001,0.86984998
2025-07-25 12:00:00,0.86983001,0.87011999,0.86975002,0.86993003
2025-07-25 13:00:00,0.86993998,0.87020999,0.86987001,0.87015003
2025-07-25 14:00:00,0.87013000,0.87023997,0.87001997,0.87015003
2025-07-25 15:00:00,0.87015003,0.87029999,0.86978000,0.86979002
2025-07-25 16:00:00,0.86983001,0.87129998,0.86973000,0.87080997
2025-07-25 17:00:00,0.87081999,0.87269002,0.87079000,0.87252003
2025-07-25 18:00:00,0.87255001,0.87264001,0.87187999,0.87222999
2025-07-25 19:00:00,0.87221003,0.87264001,0.87158000,0.87159997
2025-07-25 20:00:00,0.87163001,0.87194997,0.87129998,0.87146002
2025-07-25 21:00:00,0.87145001,0.87169999,0.87119001,0.87137997
2025-07-25 22:00:00,0.87137997,0.87276000,0.87129998,0.87228000
2025-07-25 23:00:00,0.87229002,0.87326998,0.87191999,0.87230003
2025-07-26 00:00:00,0.87230003,0.87339997,0.87224001,0.87333000
2025-07-26 01:00:00,0.87334001,0.87370002,0.87314999,0.87348998
2025-07-26 02:00:00,0.87351000,0.87414002,0.87322003,0.87388003
2025-07-26 03:00:00,0.87388003,0.87431002,0.87379003,0.87401998
2025-07-26 04:00:00,0.87404001,0.87430000,0.87397999,0.87418997
2025-07-26 05:00:00,0.87417001,0.87419999,0.87387002,0.87388998
2025-07-26 06:00:00,0.87388998,0.87414998,0.87338001,0.87338001
2025-07-26 07:00:00,0.87338001,0.87378001,0.87331003,0.87378001
2025-07-28 09:00:00,0.87492001,0.87510002,0.87466002,0.87472999
2025-07-28 10:00:00,0.87475002,0.87522000,0.87472999,0.87502998
2025-07-28 11:00:00,0.87502003,0.87515998,0.87453997,0.87467003
2025-07-28 12:00:00,0.87467998,0.87480003,0.87449998,0.87465000
2025-07-28 13:00:00,0.87463999,0.87480003,0.87440997,0.87452000
2025-07-28 14:00:00,0.87450999,0.87453997,0.87419999,0.87427998
2025-07-28 15:00:00,0.87426001,0.87440002,0.87417001,0.87434000
2025-07-28 16:00:00,0.87434000,0.87449998,0.87318999,0.87331003
2025-07-28 17:00:00,0.87331998,0.87333000,0.87050998,0.87067002
2025-07-28 18:00:00,0.87067002,0.87097001,0.86997002,0.87017000
2025-07-28 19:00:00,0.87018001,0.87032002,0.86914998,0.86970001
2025-07-28 20:00:00,0.86966997,0.86983001,0.86874002,0.86875999
2025-07-28 21:00:00,0.86874002,0.86890000,0.86742997,0.86769998
2025-07-28 22:00:00,0.86769998,0.86847001,0.86747003,0.86751002
2025-07-28 23:00:00,0.86751997,0.86790001,0.86651999,0.86716998
2025-07-29 00:00:00,0.86716002,0.86799002,0.86676002,0.86761999
2025-07-29 01:00:00,0.86763000,0.86786002,0.86677003,0.86686999
2025-07-29 02:00:00,0.86689001,0.86750001,0.86682999,0.86697000
2025-07-29 03:00:00,0.86694998,0.86772001,0.86690003,0.86764002
2025-07-29 04:00:00,0.86765999,0.86830002,0.86754000,0.86825001
2025-07-29 05:00:00,0.86825001,0.86833000,0.86781001,0.86795002
2025-07-29 06:00:00,0.86794001,0.86799997,0.86738002,0.86742002
2025-07-29 07:00:00,0.86734003,0.86787999,0.86695999,0.86729997
2025-07-29 08:00:00,0.86747003,0.86790001,0.86707002,0.86770999
2025-07-29 09:00:00,0.86769998,0.86802000,0.86767000,0.86795998
2025-07-29 10:00:00,0.86796999,0.86822999,0.86787999,0.86805999
2025-07-29 11:00:00,0.86804003,0.86844999,0.86786997,0.86824000
2025-07-29 12:00:00,0.86821997,0.86849999,0.86817002,0.86826998
2025-07-29 13:00:00,0.86826998,0.86833000,0.86785001,0.86817998
2025-07-29 14:00:00,0.86817002,0.86820000,0.86769998,0.86804003
2025-07-29 15:00:00,0.86807001,0.86809999,0.86729997,0.86734998
2025-07-29 16:00:00,0.86738002,0.86765999,0.86535001,0.86544001
2025-07-29 17:00:00,0.86541998,0.86688000,0.86514997,0.86660999
2025-07-29 18:00:00,0.86659998,0.86720002,0.86650002,0.86708999
2025-07-29 19:00:00,0.86708999,0.86764997,0.86646998,0.86690003
2025-07-29 20:00:00,0.86688000,0.86725998,0.86651999,0.86689001
2025-07-29 21:00:00,0.86690998,0.86702001,0.86497003,0.86501998
2025-07-29 22:00:00,0.86504000,0.86563998,0.86456001,0.86554998
2025-07-29 23:00:00,0.86553001,0.86676002,0.86535001,0.86629999
2025-07-30 00:00:00,0.86633998,0.86659002,0.86412001,0.86453003
2025-07-30 01:00:00,0.86453998,0.86519998,0.86435997,0.86465001
2025-07-30 02:00:00,0.86462998,0.86540002,0.86460000,0.86523998
2025-07-30 03:00:00,0.86523998,0.86580002,0.86514997,0.86519003
2025-07-30 04:00:00,0.86522001,0.86540002,0.86464000,0.86477000
2025-07-30 05:00:00,0.86478001,0.86513001,0.86458999,0.86470002
2025-07-30 06:00:00,0.86467999,0.86493999,0.86443001,0.86448997
2025-07-30 07:00:00,0.86461002,0.86511999,0.86421001,0.86475998
2025-07-30 08:00:00,0.86475998,0.86502999,0.86447001,0.86487001
2025-07-30 09:00:00,0.86492997,0.86502999,0.86483002,0.86493999
2025-07-30 10:00:00,0.86495000,0.86559999,0.86492002,0.86540997
2025-07-30 11:00:00,0.86540002,0.86589998,0.86537999,0.86571997
2025-07-30 12:00:00,0.86574000,0.86580002,0.86545998,0.86554003
2025-07-30 13:00:00,0.86556000,0.86559999,0.86527002,0.86540002
2025-07-30 14:00:00,0.86540002,0.86540997,0.86509001,0.86518002
2025-07-30 15:00:00,0.86517000,0.86559999,0.86514002,0.86523998
2025-07-30 16:00:00,0.86523998,0.86532003,0.86464000,0.86464000
2025-07-30 17:00:00,0.86470002,0.86549997,0.86460000,0.86470002
2025-07-30 18:00:00,0.86471999,0.86491001,0.86438000,0.86447001
2025-07-30 19:00:00,0.86447001,0.86466998,0.86317998,0.86325002
2025-07-30 20:00:00,0.86325002,0.86361998,0.86295998,0.86347997
2025-07-30 21:00:00,0.86348999,0.86351001,0.86208999,0.86221999
2025-07-30 22:00:00,0.86223000,0.86250001,0.86144000,0.86198997
2025-07-30 23:00:00,0.86199999,0.86364001,0.86185998,0.86347997
2025-07-31 00:00:00,0.86348999,0.86405998,0.86312997,0.86377001
2025-07-31 01:00:00,0.86377001,0.86420000,0.86368001,0.86405998
2025-07-31 02:00:00,0.86404002,0.86435002,0.86375999,0.86385000
2025-07-31 03:00:00,0.86382997,0.86409998,0.86347002,0.86372000
2025-07-31 04:00:00,0.86372000,0.86412001,0.86264002,0.86293000
2025-07-31 05:00:00,0.86294001,0.86343998,0.86238998,0.86246002
2025-07-31 06:00:00,0.86246002,0.86251998,0.86113000,0.86116999
2025-07-31 07:00:00,0.86118001,0.86211002,0.86110002,0.86163002
2025-07-31 08:00:00,0.86185002,0.86199999,0.86109000,0.86188000
2025-07-31 09:00:00,0.86181003,0.86216003,0.86176002,0.86207002
2025-07-31 10:00:00,0.86208999,0.86325002,0.86207002,0.86286002
2025-07-31 11:00:00,0.86286998,0.86295998,0.86202002,0.86217999
2025-07-31 12:00:00,0.86216003,0.86220002,0.86170000,0.86186999
2025-07-31 13:00:00,0.86188000,0.86211002,0.86106002,0.86148000
2025-07-31 14:00:00,0.86146998,0.86183000,0.86132002,0.86180001
2025-07-31 15:00:00,0.86181003,0.86220002,0.86164999,0.86216003
2025-07-31 16:00:00,0.86214000,0.86312002,0.86199999,0.86291999
2025-07-31 17:00:00,0.86291999,0.86361003,0.86252999,0.86341000
2025-07-31 18:00:00,0.86339998,0.86431003,0.86334002,0.86412001
2025-07-31 19:00:00,0.86413002,0.86430001,0.86346000,0.86418003
2025-07-31 20:00:00,0.86418998,0.86500001,0.86401999,0.86475003
2025-07-31 21:00:00,0.86473000,0.86500001,0.86454999,0.86475003
2025-07-31 22:00:00,0.86473000,0.86521000,0.86416000,0.86469001
2025-07-31 23:00:00,0.86470002,0.86531001,0.86409003,0.86518002
2025-08-01 00:00:00,0.86519003,0.86590999,0.86454999,0.86492002
2025-08-01 01:00:00,0.86492002,0.86519998,0.86444998,0.86458999
2025-08-01 02:00:00,0.86461002,0.86461997,0.86317003,0.86382002
2025-08-01 03:00:00,0.86382002,0.86491001,0.86379999,0.86484998
2025-08-01 04:00:00,0.86484998,0.86492997,0.86413002,0.86438000
2025-08-01 05:00:00,0.86436999,0.86449999,0.86400998,0.86412001
2025-08-01 06:00:00,0.86414999,0.86440998,0.86365998,0.86365998
2025-08-01 07:00:00,0.86387002,0.86470997,0.86289001,0.86457002
2025-08-01 08:00:00,0.86438000,0.86483002,0.86436999,0.86452001
2025-08-01 09:00:00,0.86452001,0.86483997,0.86444998,0.86474001
2025-08-01 10:00:00,0.86473000,0.86510003,0.86461002,0.86479998
2025-08-01 11:00:00,0.86477000,0.86510003,0.86432999,0.86443001
2025-08-01 12:00:00,0.86444002,0.86500001,0.86440003,0.86474001
2025-08-01 13:00:00,0.86475003,0.86510003,0.86470002,0.86492997
2025-08-01 14:00:00,0.86492997,0.86540002,0.86489999,0.86510998
2025-08-01 15:00:00,0.86514002,0.86589998,0.86504000,0.86574000
2025-08-01 16:00:00,0.86576998,0.86610001,0.86519998,0.86552000
2025-08-01 17:00:00,0.86553001,0.86593002,0.86510003,0.86536998
2025-08-01 18:00:00,0.86539000,0.86680001,0.86533999,0.86664999
2025-08-01 19:00:00,0.86666000,0.86750001,0.86659002,0.86710000
2025-08-01 20:00:00,0.86710000,0.86741000,0.86664999,0.86669999
2025-08-01 21:00:00,0.86668003,0.86716998,0.86658001,0.86668998
2025-08-01 22:00:00,0.86671001,0.86934000,0.86615998,0.86901999
2025-08-01 23:00:00,0.86900002,0.87140000,0.86887997,0.87098002
2025-08-02 00:00:00,0.87098998,0.87203002,0.87081999,0.87124002
2025-08-02 01:00:00,0.87123001,0.87156999,0.87050998,0.87145001
2025-08-02 02:00:00,0.87147999,0.87186998,0.87107998,0.87116998
2025-08-02 03:00:00,0.87115002,0.87212002,0.87105000,0.87129003
2025-08-02 04:00:00,0.87129998,0.87190002,0.87120003,0.87140000
2025-08-02 05:00:00,0.87140000,0.87263000,0.87128001,0.87234998
2025-08-02 06:00:00,0.87235999,0.87298000,0.87202001,0.87221998
2025-08-02 07:00:00,0.87242001,0.87242001,0.87242001,0.87242001
2025-08-04 09:00:00,0.87234002,0.87250000,0.87168002,0.87178999
2025-08-04 10:00:00,0.87180001,0.87216002,0.87141001,0.87149000
2025-08-04 11:00:00,0.87150002,0.87173998,0.87118000,0.87151003
2025-08-04 12:00:00,0.87151998,0.87169999,0.87133998,0.87158000
2025-08-04 13:00:00,0.87155998,0.87180001,0.87150002,0.87168998
2025-08-04 14:00:00,0.87167001,0.87190002,0.87159997,0.87165999
2025-08-04 15:00:00,0.87167001,0.87199998,0.87145001,0.87149000
2025-08-04 16:00:00,0.87150002,0.87164998,0.87092000,0.87102997
2025-08-04 17:00:00,0.87102997,0.87156999,0.87045997,0.87094003
2025-08-04 18:00:00,0.87094003,0.87107003,0.87036997,0.87045002
2025-08-04 19:00:00,0.87044001,0.87070000,0.86970001,0.86996001
2025-08-04 20:00:00,0.86998999,0.87075001,0.86989999,0.87039000
2025-08-04 21:00:00,0.87037998,0.87045002,0.86993998,0.87000000
2025-08-04 22:00:00,0.86998999,0.87080997,0.86997998,0.87045002
2025-08-04 23:00:00,0.87045997,0.87080002,0.87002999,0.87018001
2025-08-05 00:00:00,0.87018001,0.87050998,0.86865002,0.86988002
2025-08-05 01:00:00,0.86984998,0.87094003,0.86978000,0.87050003
2025-08-05 02:00:00,0.87046999,0.87105000,0.87019002,0.87102002
2025-08-05 03:00:00,0.87101001,0.87134999,0.87076002,0.87131000
2025-08-05 04:00:00,0.87129998,0.87146002,0.87106001,0.87115002
2025-08-05 05:00:00,0.87115002,0.87134999,0.87110001,0.87128001
2025-08-05 06:00:00,0.87129003,0.87129998,0.87015003,0.87084001
2025-08-05 07:00:00,0.87107003,0.87107003,0.86905003,0.87070000
2025-08-05 08:00:00,0.87068999,0.87132001,0.87049001,0.87107003
2025-08-05 09:00:00,0.87106001,0.87120998,0.87094998,0.87107003
2025-08-05 10:00:00,0.87106001,0.87129998,0.87009001,0.87010002
2025-08-05 11:00:00,0.87013000,0.87032998,0.86976999,0.87011999
2025-08-05 12:00:00,0.87010998,0.87029999,0.86997002,0.87018001
2025-08-05 13:00:00,0.87018001,0.87040001,0.87010002,0.87028998
2025-08-05 14:00:00,0.87028998,0.87035000,0.86989999,0.86995000
2025-08-05 15:00:00,0.86996001,0.87019998,0.86971998,0.86991000
2025-08-05 16:00:00,0.86988997,0.86993998,0.86949998,0.86984003
2025-08-05 17:00:00,0.86984003,0.87024999,0.86941999,0.86988002
2025-08-05 18:00:00,0.86988002,0.87005001,0.86864001,0.86870003
2025-08-05 19:00:00,0.86870998,0.86896998,0.86803001,0.86831999
2025-08-05 20:00:00,0.86834002,0.86890000,0.86790001,0.86887002
2025-08-05 21:00:00,0.86886001,0.86941999,0.86877000,0.86883998
2025-08-05 22:00:00,0.86884999,0.86935002,0.86834002,0.86862999
2025-08-05 23:00:00,0.86862999,0.86944997,0.86851001,0.86881000
2025-08-06 00:00:00,0.86883998,0.87045002,0.86869001,0.87019998
2025-08-06 01:00:00,0.87019998,0.87079000,0.86962003,0.87010998
2025-08-06 02:00:00,0.87014002,0.87044001,0.86983001,0.87020999
2025-08-06 03:00:00,0.87023002,0.87029999,0.86974001,0.87023002
2025-08-06 04:00:00,0.87023002,0.87062001,0.87014002,0.87049001
2025-08-06 05:00:00,0.87049001,0.87059999,0.87023002,0.87036002
2025-08-06 06:00:00,0.87033999,0.87062001,0.86993998,0.87002999
2025-08-06 07:00:00,0.87024999,0.87076998,0.86971998,0.87028003
2025-08-06 08:00:00,0.87024999,0.87062001,0.86993998,0.87053001
2025-08-06 09:00:00,0.87053001,0.87071002,0.87029999,0.87063003
2025-08-06 10:00:00,0.87063003,0.87072003,0.87005001,0.87010998
2025-08-06 11:00:00,0.87011999,0.87013000,0.86973000,0.86980999
2025-08-06 12:00:00,0.86979997,0.86984003,0.86962003,0.86979997
2025-08-06 13:00:00,0.86978000,0.87015003,0.86975998,0.87005001
2025-08-06 14:00:00,0.87005001,0.87023997,0.86993998,0.87010002
2025-08-06 15:00:00,0.87007999,0.87031001,0.86997002,0.87020999
2025-08-06 16:00:00,0.87019998,0.87079000,0.87011999,0.87044001
2025-08-06 17:00:00,0.87044001,0.87089998,0.87028998,0.87050998
2025-08-06 18:00:00,0.87050998,0.87132001,0.87046999,0.87131000
2025-08-06 19:00:00,0.87129003,0.87151998,0.87096000,0.87115997
2025-08-06 20:00:00,0.87115002,0.87203002,0.87106001,0.87155002
2025-08-06 21:00:00,0.87155002,0.87164003,0.87092000,0.87128001
2025-08-06 22:00:00,0.87129003,0.87299001,0.87128001,0.87278998
2025-08-06 23:00:00,0.87278003,0.87317002,0.87238997,0.87313998
2025-08-07 00:00:00,0.87316000,0.87316000,0.87199998,0.87221998
2025-08-07 01:00:00,0.87221998,0.87250000,0.87159002,0.87181997
2025-08-07 02:00:00,0.87180001,0.87190998,0.87142003,0.87164003
2025-08-07 03:00:00,0.87164998,0.87243998,0.87155002,0.87216002
2025-08-07 04:00:00,0.87217999,0.87291002,0.87207001,0.87269002
2025-08-07 05:00:00,0.87270999,0.87274998,0.87251002,0.87263000
2025-08-07 06:00:00,0.87264001,0.87294000,0.87235999,0.87261999
2025-08-07 07:00:00,0.87266999,0.87304002,0.87221003,0.87260002
2025-08-07 08:00:00,0.87254000,0.87320000,0.87221998,0.87311000
2025-08-07 09:00:00,0.87309998,0.87313002,0.87283999,0.87309998
2025-08-07 10:00:00,0.87311000,0.87316000,0.87276000,0.87295002
2025-08-07 11:00:00,0.87296999,0.87320000,0.87269998,0.87287003
2025-08-07 12:00:00,0.87287998,0.87320000,0.87278998,0.87304002
2025-08-07 13:00:00,0.87303001,0.87320000,0.87290001,0.87305999
2025-08-07 14:00:00,0.87307000,0.87339997,0.87300003,0.87303001
2025-08-07 15:00:00,0.87300998,0.87334001,0.87296999,0.87318999
2025-08-07 16:00:00,0.87316000,0.87322003,0.87276000,0.87296999
2025-08-07 17:00:00,0.87298000,0.87401998,0.87287998,0.87400001
2025-08-07 18:00:00,0.87401998,0.87435001,0.87342000,0.87380999
2025-08-07 19:00:00,0.87384999,0.87391001,0.87287998,0.87298000
2025-08-07 20:00:00,0.87296999,0.87313998,0.87215000,0.87221003
2025-08-07 21:00:00,0.87229002,0.87239999,0.86795002,0.86813003
2025-08-07 22:00:00,0.86812001,0.86870003,0.86653000,0.86811000
2025-08-07 23:00:00,0.86808997,0.86852998,0.86720002,0.86728001
2025-08-08 00:00:00,0.86726999,0.86765999,0.86646003,0.86721998
2025-08-08 01:00:00,0.86723000,0.86745000,0.86631000,0.86660999
2025-08-08 02:00:00,0.86660999,0.86699998,0.86642998,0.86655998
2025-08-08 03:00:00,0.86655998,0.86695999,0.86633998,0.86681002
2025-08-08 04:00:00,0.86680001,0.86712003,0.86659002,0.86662000
2025-08-08 05:00:00,0.86662000,0.86742997,0.86647999,0.86693001
2025-08-08 06:00:00,0.86691999,0.86790001,0.86685997,0.86745000
2025-08-08 07:00:00,0.86739999,0.86818999,0.86723000,0.86785001
2025-08-08 08:00:00,0.86786002,0.86811000,0.86745000,0.86789000
2025-08-08 09:00:00,0.86791998,0.86816001,0.86778998,0.86804998
2025-08-08 10:00:00,0.86804998,0.86820000,0.86776000,0.86795002
2025-08-08 11:00:00,0.86795002,0.86799997,0.86743999,0.86750001
2025-08-08 12:00:00,0.86751002,0.86761999,0.86733001,0.86742002
2025-08-08 13:00:00,0.86741000,0.86769998,0.86737001,0.86756003
2025-08-08 14:00:00,0.86756998,0.86782002,0.86750001,0.86769003
2025-08-08 15:00:00,0.86770999,0.86782002,0.86688000,0.86701000
2025-08-08 16:00:00,0.86703998,0.86764997,0.86698002,0.86748999
2025-08-08 17:00:00,0.86751002,0.86760998,0.86658001,0.86732000
2025-08-08 18:00:00,0.86733001,0.86736000,0.86606997,0.86619002
2025-08-08 19:00:00,0.86616999,0.86642998,0.86530000,0.86570001
2025-08-08 20:00:00,0.86572999,0.86624998,0.86558002,0.86558998
2025-08-08 21:00:00,0.86558002,0.86676002,0.86549002,0.86628997
2025-08-08 22:00:00,0.86627001,0.86752999,0.86627001,0.86726999
2025-08-08 23:00:00,0.86725998,0.86750001,0.86690003,0.86743999
2025-08-09 00:00:00,0.86745000,0.86758000,0.86688000,0.86736000
2025-08-09 01:00:00,0.86733001,0.86742002,0.86690003,0.86734003
2025-08-09 02:00:00,0.86737001,0.86745000,0.86666000,0.86677998
2025-08-09 03:00:00,0.86676002,0.86720002,0.86650997,0.86655003
2025-08-09 04:00:00,0.86658001,0.86681998,0.86619997,0.86637998
2025-08-09 05:00:00,0.86641002,0.86642998,0.86548001,0.86557001
2025-08-09 06:00:00,0.86558998,0.86584002,0.86504000,0.86519998
2025-08-09 07:00:00,0.86505002,0.86536998,0.86505002,0.86536998
2025-08-11 09:00:00,0.86635000,0.86641002,0.86624002,0.86640000
2025-08-11 10:00:00,0.86638999,0.86650002,0.86618000,0.86641997
2025-08-11 11:00:00,0.86642998,0.86672002,0.86628002,0.86669999
2025-08-11 12:00:00,0.86669999,0.86699998,0.86669999,0.86697000
2025-08-11 13:00:00,0.86694998,0.86721998,0.86669999,0.86672997
2025-08-11 14:00:00,0.86675000,0.86694998,0.86668003,0.86672002
2025-08-11 15:00:00,0.86668998,0.86680001,0.86633003,0.86641002
2025-08-11 16:00:00,0.86641002,0.86641002,0.86596000,0.86602002
2025-08-11 17:00:00,0.86602998,0.86620998,0.86561000,0.86568999
2025-08-11 18:00:00,0.86568999,0.86594999,0.86549997,0.86562002
2025-08-11 19:00:00,0.86558002,0.86562002,0.86505997,0.86526000
2025-08-11 20:00:00,0.86527002,0.86622000,0.86505997,0.86616999
2025-08-11 21:00:00,0.86615998,0.86633003,0.86549997,0.86584997
2025-08-11 22:00:00,0.86584997,0.86614001,0.86524999,0.86567998
2025-08-11 23:00:00,0.86567003,0.86610001,0.86535001,0.86572999
2025-08-12 00:00:00,0.86572999,0.86580998,0.86475003,0.86488998
2025-08-12 01:00:00,0.86484998,0.86540002,0.86466002,0.86518002
2025-08-12 02:00:00,0.86519003,0.86526000,0.86456001,0.86461002
2025-08-12 03:00:00,0.86461997,0.86471999,0.86435997,0.86448997
2025-08-12 04:00:00,0.86449999,0.86461997,0.86421001,0.86426002
2025-08-12 05:00:00,0.86427999,0.86451000,0.86413997,0.86425000
2025-08-12 06:00:00,0.86422002,0.86491001,0.86417001,0.86456001
2025-08-12 07:00:00,0.86452001,0.86497003,0.86390001,0.86474001
2025-08-12 08:00:00,0.86458999,0.86489999,0.86435997,0.86439002
2025-08-12 09:00:00,0.86440998,0.86470997,0.86439002,0.86469001
2025-08-12 10:00:00,0.86469001,0.86492997,0.86460000,0.86483002
2025-08-12 11:00:00,0.86480999,0.86510003,0.86477000,0.86505002
2025-08-12 12:00:00,0.86505002,0.86524999,0.86488003,0.86491001
2025-08-12 13:00:00,0.86492002,0.86519998,0.86479002,0.86505002
2025-08-12 14:00:00,0.86504000,0.86530000,0.86496001,0.86522001
2025-08-12 15:00:00,0.86519998,0.86544001,0.86501002,0.86513001
2025-08-12 16:00:00,0.86501998,0.86514002,0.86399001,0.86413997
2025-08-12 17:00:00,0.86416000,0.86426997,0.86334002,0.86338001
2025-08-12 18:00:00,0.86335999,0.86379999,0.86215001,0.86229002
2025-08-12 19:00:00,0.86225998,0.86272001,0.86203998,0.86229998
2025-08-12 20:00:00,0.86228001,0.86282998,0.86227000,0.86272001
2025-08-12 21:00:00,0.86269999,0.86294001,0.86220002,0.86234999
2025-08-12 22:00:00,0.86236000,0.86334997,0.86166000,0.86328000
2025-08-12 23:00:00,0.86328000,0.86429000,0.86255997,0.86386001
2025-08-13 00:00:00,0.86385000,0.86454999,0.86359000,0.86426002
2025-08-13 01:00:00,0.86429000,0.86492997,0.86409003,0.86414999
2025-08-13 02:00:00,0.86413997,0.86444002,0.86395001,0.86414999
2025-08-13 03:00:00,0.86414999,0.86440003,0.86387002,0.86418003
2025-08-13 04:00:00,0.86418003,0.86464000,0.86413997,0.86461002
2025-08-13 05:00:00,0.86461002,0.86514002,0.86449999,0.86504000
2025-08-13 06:00:00,0.86501998,0.86519998,0.86416000,0.86444998
2025-08-13 07:00:00,0.86444002,0.86483002,0.86369002,0.86444998
2025-08-13 08:00:00,0.86470002,0.86492997,0.86435002,0.86487001
2025-08-13 09:00:00,0.86488003,0.86493999,0.86458999,0.86469001
2025-08-13 10:00:00,0.86470002,0.86500001,0.86457998,0.86495000
2025-08-13 11:00:00,0.86497003,0.86522001,0.86486000,0.86501002
2025-08-13 12:00:00,0.86502999,0.86535001,0.86488998,0.86510003
2025-08-13 13:00:00,0.86510998,0.86532003,0.86501998,0.86523002
2025-08-13 14:00:00,0.86523998,0.86531001,0.86510003,0.86515999
2025-08-13 15:00:00,0.86519998,0.86519998,0.86449999,0.86454999
2025-08-13 16:00:00,0.86457002,0.86532003,0.86451000,0.86504000
2025-08-13 17:00:00,0.86502999,0.86514997,0.86420000,0.86434001
2025-08-13 18:00:00,0.86435997,0.86457002,0.86400002,0.86403000
2025-08-13 19:00:00,0.86401999,0.86430001,0.86365002,0.86391002
2025-08-13 20:00:00,0.86392999,0.86403000,0.86343002,0.86347997
2025-08-13 21:00:00,0.86348999,0.86356002,0.86271000,0.86312002
2025-08-13 22:00:00,0.86312002,0.86350000,0.86260003,0.86268002
2025-08-13 23:00:00,0.86269999,0.86286998,0.86199999,0.86225998
2025-08-14 00:00:00,0.86224997,0.86352998,0.86217999,0.86352003
2025-08-14 01:00:00,0.86352003,0.86369997,0.86280000,0.86309999
2025-08-14 02:00:00,0.86309999,0.86313999,0.86242002,0.86246997
2025-08-14 03:00:00,0.86246002,0.86284000,0.86240000,0.86242998
2025-08-14 04:00:00,0.86243999,0.86250001,0.86214000,0.86238003
2025-08-14 05:00:00,0.86238003,0.86251003,0.86185002,0.86189002
2025-08-14 06:00:00,0.86189002,0.86220998,0.86172003,0.86197001
2025-08-14 07:00:00,0.86195999,0.86296999,0.86176002,0.86210001
2025-08-14 08:00:00,0.86211002,0.86229002,0.86173999,0.86207998
2025-08-14 09:00:00,0.86210001,0.86220002,0.86199999,0.86208999
2025-08-14 10:00:00,0.86208999,0.86225998,0.86194998,0.86197001
2025-08-14 11:00:00,0.86195999,0.86233002,0.86180001,0.86224002
2025-08-14 12:00:00,0.86224997,0.86250001,0.86189002,0.86203003
2025-08-14 13:00:00,0.86201000,0.86229998,0.86199999,0.86217999
2025-08-14 14:00:00,0.86216003,0.86221999,0.86199999,0.86207998
2025-08-14 15:00:00,0.86206001,0.86220998,0.86189997,0.86206001
2025-08-14 16:00:00,0.86194003,0.86203003,0.86040002,0.86049998
2025-08-14 17:00:00,0.86049998,0.86070001,0.85975999,0.86048001
2025-08-14 18:00:00,0.86045998,0.86089998,0.85960001,0.85970998
2025-08-14 19:00:00,0.85971999,0.86035001,0.85965002,0.86031997
2025-08-14 20:00:00,0.86031997,0.86115998,0.86012000,0.86113000
2025-08-14 21:00:00,0.86115003,0.86123002,0.86041999,0.86100000
2025-08-14 22:00:00,0.86100000,0.86122000,0.85983002,0.86057001
2025-08-14 23:00:00,0.86058003,0.86096001,0.86021000,0.86071002
2025-08-15 00:00:00,0.86071002,0.86088002,0.85966003,0.86018002
2025-08-15 01:00:00,0.86017001,0.86061001,0.86006999,0.86049002
2025-08-15 02:00:00,0.86049998,0.86061001,0.86009002,0.86027002
2025-08-15 03:00:00,0.86031002,0.86049998,0.85987997,0.85992002
2025-08-15 04:00:00,0.85992002,0.86035001,0.85987997,0.86019999
2025-08-15 05:00:00,0.86019999,0.86053002,0.86018002,0.86044002
2025-08-15 06:00:00,0.86044002,0.86096001,0.86009002,0.86009002
2025-08-15 07:00:00,0.86059999,0.86124003,0.85992002,0.86091000
2025-08-15 08:00:00,0.86089998,0.86116999,0.86078000,0.86110002
2025-08-15 09:00:00,0.86109000,0.86119998,0.86094999,0.86106998
2025-08-15 10:00:00,0.86104000,0.86110002,0.86075997,0.86088997
2025-08-15 11:00:00,0.86089998,0.86106002,0.86070001,0.86075997
2025-08-15 12:00:00,0.86075997,0.86093998,0.86053997,0.86066002
2025-08-15 13:00:00,0.86066997,0.86080003,0.86057001,0.86065000
2025-08-15 14:00:00,0.86062998,0.86089998,0.86059999,0.86084998
2025-08-15 15:00:00,0.86083001,0.86119998,0.86082000,0.86119002
2025-08-15 16:00:00,0.86118001,0.86145002,0.86106998,0.86119998
2025-08-15 17:00:00,0.86116999,0.86189997,0.86113000,0.86184001
2025-08-15 18:00:00,0.86183000,0.86237001,0.86154997,0.86233997
2025-08-15 19:00:00,0.86236000,0.86250001,0.86195999,0.86207002
2025-08-15 20:00:00,0.86206001,0.86221999,0.86159998,0.86180001
2025-08-15 21:00:00,0.86179000,0.86207002,0.86170000,0.86189997
2025-08-15 22:00:00,0.86189002,0.86234999,0.86163002,0.86229002
2025-08-15 23:00:00,0.86229002,0.86269999,0.86173999,0.86251998
2025-08-16 00:00:00,0.86251003,0.86379999,0.86243999,0.86369997
2025-08-16 01:00:00,0.86370999,0.86374998,0.86298001,0.86315000
2025-08-16 02:00:00,0.86312002,0.86339998,0.86299998,0.86324000
2025-08-16 03:00:00,0.86325002,0.86342001,0.86308002,0.86338001
2025-08-16 04:00:00,0.86339998,0.86353999,0.86320001,0.86335999
2025-08-16 05:00:00,0.86338001,0.86361998,0.86312997,0.86317998
2025-08-16 06:00:00,0.86317998,0.86370999,0.86265999,0.86330998
2025-08-16 07:00:00,0.86369002,0.86369002,0.86369002,0.86369002
2025-08-18 09:00:00,0.86369002,0.86374003,0.86339003,0.86348999
2025-08-18 10:00:00,0.86350000,0.86360002,0.86321998,0.86335999
2025-08-18 11:00:00,0.86339998,0.86343002,0.86282998,0.86308998
2025-08-18 12:00:00,0.86308998,0.86353999,0.86308002,0.86351001
2025-08-18 13:00:00,0.86352003,0.86364001,0.86316001,0.86328000
2025-08-18 14:00:00,0.86328000,0.86341000,0.86317003,0.86322999
2025-08-18 15:00:00,0.86321998,0.86325002,0.86286002,0.86313999
2025-08-18 16:00:00,0.86315000,0.86374003,0.86306000,0.86348999
2025-08-18 17:00:00,0.86348999,0.86356997,0.86264998,0.86276001
2025-08-18 18:00:00,0.86276001,0.86282998,0.86206001,0.86232001
2025-08-18 19:00:00,0.86232001,0.86269999,0.86184001,0.86260003
2025-08-18 20:00:00,0.86260003,0.86287999,0.86229998,0.86277997
2025-08-18 21:00:00,0.86277997,0.86290002,0.86224997,0.86233997
2025-08-18 22:00:00,0.86236000,0.86250001,0.86181998,0.86207002
2025-08-18 23:00:00,0.86207002,0.86256999,0.86186999,0.86255002
2025-08-19 00:00:00,0.86255002,0.86299998,0.86237001,0.86295003
2025-08-19 01:00:00,0.86295003,0.86335999,0.86277997,0.86298001
2025-08-19 02:00:00,0.86295998,0.86309999,0.86255002,0.86293000
2025-08-19 03:00:00,0.86293000,0.86350000,0.86272001,0.86324000
2025-08-19 04:00:00,0.86322999,0.86369997,0.86320001,0.86333001
2025-08-19 05:00:00,0.86331999,0.86382997,0.86326998,0.86378998
2025-08-19 06:00:00,0.86377001,0.86400002,0.86307001,0.86321998
2025-08-19 07:00:00,0.86330998,0.86357999,0.86233997,0.86304998
2025-08-19 08:00:00,0.86289001,0.86392999,0.86289001,0.86372000
2025-08-19 09:00:00,0.86375999,0.86390001,0.86360002,0.86374998
2025-08-19 10:00:00,0.86374998,0.86382002,0.86326998,0.86339998
2025-08-19 11:00:00,0.86339998,0.86360002,0.86291999,0.86316001
2025-08-19 12:00:00,0.86316001,0.86330003,0.86300999,0.86321002
2025-08-19 13:00:00,0.86321002,0.86342001,0.86309999,0.86325997
2025-08-19 14:00:00,0.86325997,0.86360002,0.86321002,0.86338001
2025-08-19 15:00:00,0.86339998,0.86369997,0.86331999,0.86334997
2025-08-19 16:00:00,0.86334002,0.86385000,0.86312002,0.86381000
2025-08-19 17:00:00,0.86382997,0.86409998,0.86355001,0.86405998
2025-08-19 18:00:00,0.86405998,0.86409998,0.86329001,0.86351001
2025-08-19 19:00:00,0.86351001,0.86414999,0.86330003,0.86403000
2025-08-19 20:00:00,0.86403000,0.86440998,0.86378998,0.86435997
2025-08-19 21:00:00,0.86435997,0.86460000,0.86409003,0.86418003
2025-08-19 22:00:00,0.86421001,0.86460000,0.86390001,0.86418998
2025-08-19 23:00:00,0.86418998,0.86478001,0.86383998,0.86420000
2025-08-20 00:00:00,0.86418998,0.86477000,0.86347002,0.86442000
2025-08-20 01:00:00,0.86442000,0.86456001,0.86387002,0.86403000
2025-08-20 02:00:00,0.86401999,0.86444998,0.86400002,0.86409003
2025-08-20 03:00:00,0.86409003,0.86440003,0.86374003,0.86394000
2025-08-20 04:00:00,0.86392999,0.86420000,0.86360002,0.86366999
2025-08-20 05:00:00,0.86366999,0.86372000,0.86330003,0.86333001
2025-08-20 06:00:00,0.86333001,0.86343002,0.86273003,0.86294001
2025-08-20 07:00:00,0.86286002,0.86370999,0.86280000,0.86313999
2025-08-20 08:00:00,0.86313999,0.86341000,0.86290002,0.86331999
2025-08-20 09:00:00,0.86331999,0.86339998,0.86309999,0.86325997
2025-08-20 10:00:00,0.86325997,0.86360002,0.86308998,0.86335999
2025-08-20 11:00:00,0.86335999,0.86344999,0.86293000,0.86299002
2025-08-20 12:00:00,0.86298001,0.86350000,0.86294001,0.86330003
2025-08-20 13:00:00,0.86329001,0.86351001,0.86325002,0.86343002
2025-08-20 14:00:00,0.86343998,0.86350000,0.86328000,0.86341000
2025-08-20 15:00:00,0.86341000,0.86350000,0.86284000,0.86303997
2025-08-20 16:00:00,0.86302000,0.86337000,0.86080998,0.86240000
2025-08-20 17:00:00,0.86240000,0.86269999,0.86197001,0.86199999
2025-08-20 18:00:00,0.86198997,0.86242998,0.86185002,0.86197001
2025-08-20 19:00:00,0.86195999,0.86260003,0.86171001,0.86247998
2025-08-20 20:00:00,0.86249000,0.86365002,0.86246997,0.86304998
2025-08-20 21:00:00,0.86304998,0.86413997,0.86304998,0.86413997
2025-08-20 22:00:00,0.86413997,0.86531001,0.86403000,0.86521000
2025-08-20 23:00:00,0.86518002,0.86543000,0.86479998,0.86499000
2025-08-21 00:00:00,0.86500001,0.86619997,0.86486000,0.86563998
2025-08-21 01:00:00,0.86562997,0.86629999,0.86540002,0.86605000
2025-08-21 02:00:00,0.86606997,0.86650002,0.86598003,0.86619002
2025-08-21 03:00:00,0.86616999,0.86672997,0.86602002,0.86644000
2025-08-21 04:00:00,0.86640000,0.86666000,0.86615998,0.86637998
2025-08-21 05:00:00,0.86637998,0.86659998,0.86602002,0.86609000
2025-08-21 06:00:00,0.86610001,0.86619997,0.86553001,0.86571002
2025-08-21 07:00:00,0.86571002,0.86607999,0.86496001,0.86567998
2025-08-21 08:00:00,0.86568999,0.86611003,0.86558002,0.86603999
2025-08-21 09:00:00,0.86600000,0.86619997,0.86518002,0.86524999
2025-08-21 10:00:00,0.86524999,0.86559999,0.86523002,0.86549997
2025-08-21 11:00:00,0.86549997,0.86570001,0.86519998,0.86533999
2025-08-21 12:00:00,0.86535001,0.86587000,0.86527997,0.86584997
2025-08-21 13:00:00,0.86584997,0.86589998,0.86563998,0.86567003
2025-08-21 14:00:00,0.86567003,0.86583000,0.86548001,0.86571997
2025-08-21 15:00:00,0.86570001,0.86593002,0.86562002,0.86589003
2025-08-21 16:00:00,0.86589003,0.86600000,0.86486000,0.86499000
2025-08-21 17:00:00,0.86499000,0.86657000,0.86489999,0.86640000
2025-08-21 18:00:00,0.86641997,0.86647999,0.86492997,0.86552000
2025-08-21 19:00:00,0.86552000,0.86554003,0.86467999,0.86489999
2025-08-21 20:00:00,0.86489999,0.86523002,0.86454999,0.86464000
2025-08-21 21:00:00,0.86465001,0.86554998,0.86461002,0.86519998
2025-08-21 22:00:00,0.86519998,0.86642998,0.86442000,0.86616999
2025-08-21 23:00:00,0.86616999,0.86619997,0.86484998,0.86553001
2025-08-22 00:00:00,0.86554003,0.86561000,0.86453003,0.86515999
2025-08-22 01:00:00,0.86515999,0.86563998,0.86487001,0.86510998
2025-08-22 02:00:00,0.86510998,0.86559999,0.86505997,0.86530000
2025-08-22 03:00:00,0.86530000,0.86563998,0.86518002,0.86536002
2025-08-22 04:00:00,0.86536002,0.86544001,0.86495000,0.86522001
2025-08-22 05:00:00,0.86522001,0.86531001,0.86492002,0.86523998
2025-08-22 06:00:00,0.86523998,0.86540002,0.86475998,0.86502999
2025-08-22 07:00:00,0.86488003,0.86585999,0.86475998,0.86527002
2025-08-22 08:00:00,0.86540997,0.86556000,0.86491001,0.86552000
2025-08-22 09:00:00,0.86552000,0.86559999,0.86540002,0.86544001
2025-08-22 10:00:00,0.86545998,0.86572999,0.86540002,0.86549002
2025-08-22 11:00:00,0.86548001,0.86563998,0.86527002,0.86559999
2025-08-22 12:00:00,0.86558998,0.86580002,0.86540002,0.86558002
2025-08-22 13:00:00,0.86558002,0.86562997,0.86478001,0.86483997
2025-08-22 14:00:00,0.86483997,0.86502999,0.86461997,0.86491001
2025-08-22 15:00:00,0.86491001,0.86519998,0.86488998,0.86496001
2025-08-22 16:00:00,0.86508000,0.86536998,0.86454999,0.86470997
2025-08-22 17:00:00,0.86471999,0.86514002,0.86469001,0.86489999
2025-08-22 18:00:00,0.86489999,0.86497003,0.86435997,0.86480999
2025-08-22 19:00:00,0.86477000,0.86487001,0.86431003,0.86473000
2025-08-22 20:00:00,0.86467999,0.86496001,0.86444002,0.86469001
2025-08-22 21:00:00,0.86469001,0.86521000,0.86452001,0.86504000
2025-08-22 22:00:00,0.86504000,0.86559999,0.86493999,0.86552000
2025-08-22 23:00:00,0.86549002,0.86558998,0.86392999,0.86420000
2025-08-23 00:00:00,0.86418998,0.86681002,0.86392999,0.86646003
2025-08-23 01:00:00,0.86645001,0.86679000,0.86572999,0.86597002
2025-08-23 02:00:00,0.86596000,0.86673999,0.86584997,0.86671001
2025-08-23 03:00:00,0.86667001,0.86720002,0.86663997,0.86707002
2025-08-23 04:00:00,0.86708999,0.86711001,0.86655998,0.86663002
2025-08-23 05:00:00,0.86662000,0.86706001,0.86633003,0.86701000
2025-08-23 06:00:00,0.86695999,0.86710000,0.86600000,0.86616999
2025-08-23 07:00:00,0.86615998,0.86615998,0.86615998,0.86615998
2025-08-25 09:00:00,0.86655003,0.86676002,0.86651999,0.86667001
2025-08-25 10:00:00,0.86667001,0.86681998,0.86637002,0.86664999
2025-08-25 11:00:00,0.86664999,0.86703002,0.86657000,0.86675000
2025-08-25 12:00:00,0.86675000,0.86691999,0.86641997,0.86650002
2025-08-25 13:00:00,0.86644000,0.86663997,0.86633998,0.86647999
2025-08-25 14:00:00,0.86641002,0.86655998,0.86616999,0.86629999
2025-08-25 15:00:00,0.86629999,0.86637998,0.86592001,0.86596000
2025-08-25 16:00:00,0.86596000,0.86682999,0.86593997,0.86653000
2025-08-25 17:00:00,0.86646003,0.86715001,0.86602002,0.86620998
2025-08-25 18:00:00,0.86619997,0.86697000,0.86614001,0.86672997
2025-08-25 19:00:00,0.86672997,0.86694998,0.86625999,0.86647999
2025-08-25 20:00:00,0.86651999,0.86686999,0.86627001,0.86629999
2025-08-25 21:00:00,0.86632001,0.86654001,0.86518002,0.86558998
2025-08-25 22:00:00,0.86558998,0.86651999,0.86550999,0.86632001
2025-08-25 23:00:00,0.86632001,0.86666000,0.86587000,0.86627001
2025-08-26 00:00:00,0.86625999,0.86658001,0.86572999,0.86574000
2025-08-26 01:00:00,0.86574000,0.86603999,0.86500001,0.86504000
2025-08-26 02:00:00,0.86502999,0.86510998,0.86395001,0.86407000
2025-08-26 03:00:00,0.86405998,0.86417001,0.86357999,0.86400002
2025-08-26 04:00:00,0.86408001,0.86416000,0.86319000,0.86331999
2025-08-26 05:00:00,0.86324000,0.86333001,0.86273998,0.86294001
2025-08-26 06:00:00,0.86287999,0.86386001,0.86286998,0.86303997
2025-08-26 07:00:00,0.86342001,0.86417001,0.86167002,0.86317998
2025-08-26 08:00:00,0.86317998,0.86372000,0.86295003,0.86364001
2025-08-26 09:00:00,0.86356002,0.86360002,0.86317003,0.86319000
2025-08-26 10:00:00,0.86319000,0.86456001,0.86317998,0.86400002
2025-08-26 11:00:00,0.86400002,0.86422998,0.86378998,0.86412001
2025-08-26 12:00:00,0.86413997,0.86431998,0.86396003,0.86418998
2025-08-26 13:00:00,0.86418998,0.86442000,0.86403000,0.86422998
2025-08-26 14:00:00,0.86422998,0.86444998,0.86403000,0.86431998
2025-08-26 15:00:00,0.86431998,0.86465001,0.86413997,0.86448002
2025-08-26 16:00:00,0.86454999,0.86457002,0.86338001,0.86347997
2025-08-26 17:00:00,0.86347997,0.86399001,0.86337000,0.86368001
2025-08-26 18:00:00,0.86368001,0.86379999,0.86229002,0.86289001
2025-08-26 19:00:00,0.86295003,0.86399001,0.86286998,0.86365998
2025-08-26 20:00:00,0.86365998,0.86404002,0.86356002,0.86391002
2025-08-26 21:00:00,0.86391002,0.86435002,0.86347997,0.86404997
2025-08-26 22:00:00,0.86400002,0.86445999,0.86365998,0.86399001
2025-08-26 23:00:00,0.86399001,0.86475003,0.86378998,0.86418998
2025-08-27 00:00:00,0.86420000,0.86497998,0.86407000,0.86464000
2025-08-27 01:00:00,0.86466002,0.86483997,0.86422998,0.86452001
2025-08-27 02:00:00,0.86452001,0.86473000,0.86414999,0.86426997
2025-08-27 03:00:00,0.86434001,0.86457002,0.86372000,0.86377001
2025-08-27 04:00:00,0.86377001,0.86400002,0.86363000,0.86375999
2025-08-27 05:00:00,0.86375999,0.86387002,0.86344999,0.86360002
2025-08-27 06:00:00,0.86360002,0.86394000,0.86295998,0.86296999
2025-08-27 07:00:00,0.86342001,0.86431998,0.86333001,0.86359000
2025-08-27 08:00:00,0.86357999,0.86407000,0.86322999,0.86366999
2025-08-27 09:00:00,0.86363000,0.86379999,0.86343998,0.86344999
2025-08-27 10:00:00,0.86343998,0.86387998,0.86339998,0.86375999
2025-08-27 11:00:00,0.86375999,0.86399001,0.86339003,0.86370999
2025-08-27 12:00:00,0.86361998,0.86404002,0.86338001,0.86400998
2025-08-27 13:00:00,0.86392999,0.86401999,0.86364001,0.86379999
2025-08-27 14:00:00,0.86379999,0.86387998,0.86342001,0.86355001
2025-08-27 15:00:00,0.86355001,0.86378002,0.86339998,0.86352003
2025-08-27 16:00:00,0.86352003,0.86369997,0.86280000,0.86307001
2025-08-27 17:00:00,0.86307001,0.86321998,0.86234999,0.86246997
2025-08-27 18:00:00,0.86252999,0.86284000,0.86167997,0.86189997
2025-08-27 19:00:00,0.86189002,0.86251003,0.86186999,0.86223000
2025-08-27 20:00:00,0.86223000,0.86276001,0.86207002,0.86273003
2025-08-27 21:00:00,0.86265999,0.86296999,0.86227000,0.86264002
2025-08-27 22:00:00,0.86269999,0.86284000,0.86193001,0.86194003
2025-08-27 23:00:00,0.86194003,0.86269999,0.86189002,0.86245000
2025-08-28 00:00:00,0.86245000,0.86258000,0.86093003,0.86119998
2025-08-28 01:00:00,0.86119002,0.86225998,0.86107999,0.86224002
2025-08-28 02:00:00,0.86216998,0.86259001,0.86163998,0.86228001
2025-08-28 03:00:00,0.86228001,0.86247998,0.86192000,0.86193001
2025-08-28 04:00:00,0.86193001,0.86211997,0.86159998,0.86164999
2025-08-28 05:00:00,0.86172003,0.86198997,0.86159998,0.86185002
2025-08-28 06:00:00,0.86185002,0.86216003,0.86180001,0.86201000
2025-08-28 07:00:00,0.86193001,0.86249000,0.86161000,0.86210001
2025-08-28 08:00:00,0.86208999,0.86254001,0.86180001,0.86246002
2025-08-28 09:00:00,0.86246002,0.86259001,0.86229998,0.86247998
2025-08-28 10:00:00,0.86247998,0.86272001,0.86220998,0.86229998
2025-08-28 11:00:00,0.86229998,0.86245000,0.86220002,0.86228001
2025-08-28 12:00:00,0.86229002,0.86241001,0.86197001,0.86215001
2025-08-28 13:00:00,0.86208999,0.86224002,0.86175001,0.86188000
2025-08-28 14:00:00,0.86188000,0.86201000,0.86168998,0.86188000
2025-08-28 15:00:00,0.86188000,0.86201000,0.86177999,0.86184001
2025-08-28 16:00:00,0.86176002,0.86225998,0.86148000,0.86211997
2025-08-28 17:00:00,0.86217999,0.86285001,0.86210001,0.86251003
2025-08-28 18:00:00,0.86250001,0.86286998,0.86217999,0.86242998
2025-08-28 19:00:00,0.86242998,0.86287999,0.86229998,0.86271000
2025-08-28 20:00:00,0.86277997,0.86329001,0.86264002,0.86317003
2025-08-28 21:00:00,0.86313999,0.86334997,0.86260998,0.86321998
2025-08-28 22:00:00,0.86321998,0.86458999,0.86317003,0.86416000
2025-08-28 23:00:00,0.86413997,0.86445999,0.86372000,0.86413997
2025-08-29 00:00:00,0.86412001,0.86453003,0.86355001,0.86375999
2025-08-29 01:00:00,0.86369002,0.86396003,0.86319000,0.86363000
2025-08-29 02:00:00,0.86363000,0.86395001,0.86359000,0.86391002
