id,symbol,timestamp,open,high,low,close,volume,source,created_at
3536,EURJPY,2025-06-27 00:00:00,168.998,169.155,168.912,169.076996,0,twelvedata,2025-08-26 19:27:47
3537,EURJPY,2025-06-27 01:00:00,169.074005,169.138,168.93401,169.11501,0,twelvedata,2025-08-26 19:27:47
3538,EURJPY,2025-06-27 02:00:00,169.117,169.198,169.039993,169.192,0,twelvedata,2025-08-26 19:27:47
3539,EURJPY,2025-06-27 03:00:00,169.187,169.207,168.99699,169.052002,0,twelvedata,2025-08-26 19:27:47
3540,EURJPY,2025-06-27 04:00:00,169.052994,169.089996,168.98399,169.0059967,0,twelvedata,2025-08-26 19:27:47
3541,EURJPY,2025-06-27 05:00:00,169.0099945,169.061005,168.968,168.98,0,twelvedata,2025-08-26 19:27:47
3542,EURJPY,2025-06-27 06:00:00,168.978,169.011002,168.886,168.912,0,twelvedata,2025-08-26 19:27:47
3543,EURJPY,2025-06-27 07:00:00,168.91299,169.046997,168.71899,168.842,0,twelvedata,2025-08-26 19:27:47
3544,EURJPY,2025-06-27 08:00:00,168.84801,169.052994,168.842,168.936,0,twelvedata,2025-08-26 19:27:47
3545,EURJPY,2025-06-27 09:00:00,168.907,169.194,168.84801,169.17101,0,twelvedata,2025-08-26 19:27:47
3546,EURJPY,2025-06-27 10:00:00,169.16701,169.287,169.054001,169.123,0,twelvedata,2025-08-26 19:27:47
3547,EURJPY,2025-06-27 11:00:00,169.123,169.224,168.82401,168.832,0,twelvedata,2025-08-26 19:27:47
3548,EURJPY,2025-06-27 12:00:00,168.83,168.91499,168.62399,168.856,0,twelvedata,2025-08-26 19:27:47
3549,EURJPY,2025-06-27 13:00:00,168.85699,169.039001,168.82001,168.953,0,twelvedata,2025-08-26 19:27:47
3550,EURJPY,2025-06-27 14:00:00,168.95,169.0019989,168.888,168.901,0,twelvedata,2025-08-26 19:27:47
3551,EURJPY,2025-06-27 15:00:00,168.90401,168.972,168.754,168.81799,0,twelvedata,2025-08-26 19:27:47
3552,EURJPY,2025-06-27 16:00:00,168.81799,169.031998,168.759,169.022995,0,twelvedata,2025-08-26 19:27:47
3553,EURJPY,2025-06-27 17:00:00,169.026993,169.30299,168.98,169.252,0,twelvedata,2025-08-26 19:27:47
3554,EURJPY,2025-06-27 18:00:00,169.254,169.30299,169.022003,169.101,0,twelvedata,2025-08-26 19:27:47
3555,EURJPY,2025-06-27 19:00:00,169.10699,169.188,168.98199,169.177,0,twelvedata,2025-08-26 19:27:47
3556,EURJPY,2025-06-27 20:00:00,169.18201,169.33299,169.177,169.302,0,twelvedata,2025-08-26 19:27:47
3557,EURJPY,2025-06-27 21:00:00,169.30701,169.431,169.252,169.256,0,twelvedata,2025-08-26 19:27:47
3558,EURJPY,2025-06-27 22:00:00,169.25999,169.69,169.228,169.67599,0,twelvedata,2025-08-26 19:27:47
3559,EURJPY,2025-06-27 23:00:00,169.67999,169.786,169.599,169.742,0,twelvedata,2025-08-26 19:27:47
3560,EURJPY,2025-06-28 00:00:00,169.739,169.80099,169.55,169.77499,0,twelvedata,2025-08-26 19:27:47
3561,EURJPY,2025-06-28 01:00:00,169.776,169.78,169.533,169.67799,0,twelvedata,2025-08-26 19:27:47
3562,EURJPY,2025-06-28 02:00:00,169.67999,169.689,169.444,169.554,0,twelvedata,2025-08-26 19:27:47
3563,EURJPY,2025-06-28 03:00:00,169.552,169.564,169.328,169.368,0,twelvedata,2025-08-26 19:27:47
3564,EURJPY,2025-06-28 04:00:00,169.369,169.39301,169.177,169.29201,0,twelvedata,2025-08-26 19:27:47
3565,EURJPY,2025-06-28 05:00:00,169.291,169.464,169.27901,169.45,0,twelvedata,2025-08-26 19:27:47
3566,EURJPY,2025-06-28 06:00:00,169.44901,169.577,169.386,169.45,0,twelvedata,2025-08-26 19:27:47
3567,EURJPY,2025-06-28 07:00:00,169.48399,169.513,169.48399,169.513,0,twelvedata,2025-08-26 19:27:47
3568,EURJPY,2025-06-30 09:00:00,169.466,169.53799,169.44,169.448,0,twelvedata,2025-08-26 19:27:47
3569,EURJPY,2025-06-30 10:00:00,169.451,169.62,169.42,169.45599,0,twelvedata,2025-08-26 19:27:47
3570,EURJPY,2025-06-30 11:00:00,169.455,169.50999,169.151,169.161,0,twelvedata,2025-08-26 19:27:47
3571,EURJPY,2025-06-30 12:00:00,169.16,169.16299,168.94,169.091995,0,twelvedata,2025-08-26 19:27:47
3572,EURJPY,2025-06-30 13:00:00,169.089005,169.089996,168.908,168.91,0,twelvedata,2025-08-26 19:27:47
3573,EURJPY,2025-06-30 14:00:00,168.912,168.94299,168.79601,168.85001,0,twelvedata,2025-08-26 19:27:47
3574,EURJPY,2025-06-30 15:00:00,168.85001,168.87199,168.70799,168.754,0,twelvedata,2025-08-26 19:27:47
3575,EURJPY,2025-06-30 16:00:00,168.74899,169.046005,168.702,168.96201,0,twelvedata,2025-08-26 19:27:47
3576,EURJPY,2025-06-30 17:00:00,168.96001,169.067993,168.74699,168.97701,0,twelvedata,2025-08-26 19:27:47
3577,EURJPY,2025-06-30 18:00:00,168.976,169.054001,168.802,169.031998,0,twelvedata,2025-08-26 19:27:47
3578,EURJPY,2025-06-30 19:00:00,169.031998,169.136,168.94299,169.067993,0,twelvedata,2025-08-26 19:27:47
3579,EURJPY,2025-06-30 20:00:00,169.070007,169.074005,168.952,169.042007,0,twelvedata,2025-08-26 19:27:47
3580,EURJPY,2025-06-30 21:00:00,169.044006,169.254,169.029999,169.19901,0,twelvedata,2025-08-26 19:27:47
3581,EURJPY,2025-06-30 22:00:00,169.202,169.242,169.098007,169.20599,0,twelvedata,2025-08-26 19:27:47
3582,EURJPY,2025-06-30 23:00:00,169.21001,169.293,169.082001,169.211,0,twelvedata,2025-08-26 19:27:47
3583,EURJPY,2025-07-01 00:00:00,169.21201,169.578,169.10201,169.561,0,twelvedata,2025-08-26 19:27:47
3584,EURJPY,2025-07-01 01:00:00,169.56,169.73199,169.40401,169.67599,0,twelvedata,2025-08-26 19:27:47
3585,EURJPY,2025-07-01 02:00:00,169.679,169.713,169.578,169.642,0,twelvedata,2025-08-26 19:27:47
3586,EURJPY,2025-07-01 03:00:00,169.642,169.742,169.604,169.722,0,twelvedata,2025-08-26 19:27:47
3587,EURJPY,2025-07-01 04:00:00,169.72099,169.86,169.69099,169.80701,0,twelvedata,2025-08-26 19:27:47
3588,EURJPY,2025-07-01 05:00:00,169.808,169.823,169.606,169.668,0,twelvedata,2025-08-26 19:27:47
3589,EURJPY,2025-07-01 06:00:00,169.67,169.77901,169.57899,169.74899,0,twelvedata,2025-08-26 19:27:47
3590,EURJPY,2025-07-01 07:00:00,169.711,169.769,169.51199,169.64999,0,twelvedata,2025-08-26 19:27:47
3591,EURJPY,2025-07-01 08:00:00,169.64999,169.698,169.52901,169.599,0,twelvedata,2025-08-26 19:27:47
3592,EURJPY,2025-07-01 09:00:00,169.60699,169.627,169.452,169.487,0,twelvedata,2025-08-26 19:27:47
3593,EURJPY,2025-07-01 10:00:00,169.494,169.50101,169.31599,169.366,0,twelvedata,2025-08-26 19:27:47
3594,EURJPY,2025-07-01 11:00:00,169.37199,169.44901,169.28,169.38901,0,twelvedata,2025-08-26 19:27:47
3595,EURJPY,2025-07-01 12:00:00,169.392,169.444,169.25101,169.425,0,twelvedata,2025-08-26 19:27:47
3596,EURJPY,2025-07-01 13:00:00,169.42599,169.627,169.32201,169.62199,0,twelvedata,2025-08-26 19:27:47
3597,EURJPY,2025-07-01 14:00:00,169.62199,169.66,169.41901,169.424,0,twelvedata,2025-08-26 19:27:47
3598,EURJPY,2025-07-01 15:00:00,169.425,169.42599,169.202,169.231,0,twelvedata,2025-08-26 19:27:47
3599,EURJPY,2025-07-01 16:00:00,169.222,169.355,169.12601,169.23199,0,twelvedata,2025-08-26 19:27:47
3600,EURJPY,2025-07-01 17:00:00,169.23199,169.282,168.59801,168.619,0,twelvedata,2025-08-26 19:27:47
3601,EURJPY,2025-07-01 18:00:00,168.616,168.877,168.45599,168.849,0,twelvedata,2025-08-26 19:27:47
3602,EURJPY,2025-07-01 19:00:00,168.84801,168.966,168.774,168.866,0,twelvedata,2025-08-26 19:27:47
3603,EURJPY,2025-07-01 20:00:00,168.86501,168.929,168.79201,168.882,0,twelvedata,2025-08-26 19:27:47
3604,EURJPY,2025-07-01 21:00:00,168.881,168.884,168.608,168.62601,0,twelvedata,2025-08-26 19:27:47
3605,EURJPY,2025-07-01 22:00:00,168.62399,168.925,168.592,168.868,0,twelvedata,2025-08-26 19:27:47
3606,EURJPY,2025-07-01 23:00:00,168.87199,169.031006,168.802,168.858,0,twelvedata,2025-08-26 19:27:47
3607,EURJPY,2025-07-02 00:00:00,168.842,169.147,168.82201,168.964,0,twelvedata,2025-08-26 19:27:47
3608,EURJPY,2025-07-02 01:00:00,168.964,169.129,168.957,169.072998,0,twelvedata,2025-08-26 19:27:47
3609,EURJPY,2025-07-02 02:00:00,169.074005,169.168,169.014008,169.057999,0,twelvedata,2025-08-26 19:27:47
3610,EURJPY,2025-07-02 03:00:00,169.057007,169.24699,169.056,169.228,0,twelvedata,2025-08-26 19:27:47
3611,EURJPY,2025-07-02 04:00:00,169.231,169.34801,169.22099,169.314,0,twelvedata,2025-08-26 19:27:47
3612,EURJPY,2025-07-02 05:00:00,169.312,169.52,169.235,169.51401,0,twelvedata,2025-08-26 19:27:47
3613,EURJPY,2025-07-02 06:00:00,169.51401,169.52,169.258,169.27299,0,twelvedata,2025-08-26 19:27:47
3614,EURJPY,2025-07-02 07:00:00,169.304,169.304,169.166,169.26401,0,twelvedata,2025-08-26 19:27:47
3615,EURJPY,2025-07-02 08:00:00,169.259,169.33,169.216,169.265,0,twelvedata,2025-08-26 19:27:47
3616,EURJPY,2025-07-02 09:00:00,169.24899,169.33501,169.20799,169.252,0,twelvedata,2025-08-26 19:27:47
3617,EURJPY,2025-07-02 10:00:00,169.25,169.54401,169.192,169.408,0,twelvedata,2025-08-26 19:27:47
3618,EURJPY,2025-07-02 11:00:00,169.40401,169.524,169.368,169.418,0,twelvedata,2025-08-26 19:27:47
3619,EURJPY,2025-07-02 12:00:00,169.41701,169.481,169.354,169.38499,0,twelvedata,2025-08-26 19:27:47
3620,EURJPY,2025-07-02 13:00:00,169.381,169.424,169.33501,169.364,0,twelvedata,2025-08-26 19:27:47
3621,EURJPY,2025-07-02 14:00:00,169.364,169.405,169.28999,169.339,0,twelvedata,2025-08-26 19:27:47
3622,EURJPY,2025-07-02 15:00:00,169.336,169.537,169.32201,169.44701,0,twelvedata,2025-08-26 19:27:47
3623,EURJPY,2025-07-02 16:00:00,169.446,169.53101,169.32401,169.42,0,twelvedata,2025-08-26 19:27:47
3624,EURJPY,2025-07-02 17:00:00,169.42101,169.631,169.39799,169.429,0,twelvedata,2025-08-26 19:27:47
3625,EURJPY,2025-07-02 18:00:00,169.42999,169.534,169.326,169.52901,0,twelvedata,2025-08-26 19:27:47
3626,EURJPY,2025-07-02 19:00:00,169.52901,169.78799,169.50301,169.664,0,twelvedata,2025-08-26 19:27:47
3627,EURJPY,2025-07-02 20:00:00,169.661,169.694,169.28101,169.36,0,twelvedata,2025-08-26 19:27:47
3628,EURJPY,2025-07-02 21:00:00,169.36099,169.498,169.326,169.41,0,twelvedata,2025-08-26 19:27:47
3629,EURJPY,2025-07-02 22:00:00,169.408,169.493,169.033997,169.14101,0,twelvedata,2025-08-26 19:27:47
3630,EURJPY,2025-07-02 23:00:00,169.142,169.515,169.082001,169.35001,0,twelvedata,2025-08-26 19:27:47
3631,EURJPY,2025-07-03 00:00:00,169.339,169.504,169.23,169.479,0,twelvedata,2025-08-26 19:27:47
3632,EURJPY,2025-07-03 01:00:00,169.476,169.537,169.40401,169.48,0,twelvedata,2025-08-26 19:27:47
3633,EURJPY,2025-07-03 02:00:00,169.48199,169.49699,169.34399,169.442,0,twelvedata,2025-08-26 19:27:47
3634,EURJPY,2025-07-03 03:00:00,169.44299,169.532,169.424,169.491,0,twelvedata,2025-08-26 19:27:47
3635,EURJPY,2025-07-03 04:00:00,169.48801,169.513,169.399,169.463,0,twelvedata,2025-08-26 19:27:47
3636,EURJPY,2025-07-03 05:00:00,169.459,169.505,169.423,169.5,0,twelvedata,2025-08-26 19:27:47
3637,EURJPY,2025-07-03 06:00:00,169.50101,169.517,169.39999,169.41701,0,twelvedata,2025-08-26 19:27:47
3638,EURJPY,2025-07-03 07:00:00,169.485,169.604,169.282,169.424,0,twelvedata,2025-08-26 19:27:47
3639,EURJPY,2025-07-03 08:00:00,169.412,169.48599,169.362,169.43201,0,twelvedata,2025-08-26 19:27:47
3640,EURJPY,2025-07-03 09:00:00,169.437,169.446,169.306,169.33,0,twelvedata,2025-08-26 19:27:47
3641,EURJPY,2025-07-03 10:00:00,169.332,169.532,169.312,169.522,0,twelvedata,2025-08-26 19:27:47
3642,EURJPY,2025-07-03 11:00:00,169.526,169.62399,169.414,169.45,0,twelvedata,2025-08-26 19:27:47
3643,EURJPY,2025-07-03 12:00:00,169.451,169.56599,169.436,169.508,0,twelvedata,2025-08-26 19:27:47
3644,EURJPY,2025-07-03 13:00:00,169.509,169.629,169.49699,169.62,0,twelvedata,2025-08-26 19:27:47
3645,EURJPY,2025-07-03 14:00:00,169.621,169.623,169.504,169.57401,0,twelvedata,2025-08-26 19:27:47
3646,EURJPY,2025-07-03 15:00:00,169.576,169.70799,169.556,169.69701,0,twelvedata,2025-08-26 19:27:47
3647,EURJPY,2025-07-03 16:00:00,169.69501,169.77,169.60899,169.68201,0,twelvedata,2025-08-26 19:27:47
3648,EURJPY,2025-07-03 17:00:00,169.681,169.84599,169.57201,169.772,0,twelvedata,2025-08-26 19:27:47
3649,EURJPY,2025-07-03 18:00:00,169.77,169.87399,169.658,169.735,0,twelvedata,2025-08-26 19:27:47
3650,EURJPY,2025-07-03 19:00:00,169.739,169.75999,169.59599,169.636,0,twelvedata,2025-08-26 19:27:47
3651,EURJPY,2025-07-03 20:00:00,169.636,169.674,169.519,169.63699,0,twelvedata,2025-08-26 19:27:47
3652,EURJPY,2025-07-03 21:00:00,169.638,169.67599,169.524,169.537,0,twelvedata,2025-08-26 19:27:47
3653,EURJPY,2025-07-03 22:00:00,169.536,170.319,169.424,170.215,0,twelvedata,2025-08-26 19:27:47
3654,EURJPY,2025-07-03 23:00:00,170.213,170.45,170.17,170.39799,0,twelvedata,2025-08-26 19:27:47
3655,EURJPY,2025-07-04 00:00:00,170.321,170.612,170.298,170.53,0,twelvedata,2025-08-26 19:27:47
3656,EURJPY,2025-07-04 01:00:00,170.52699,170.577,170.37,170.436,0,twelvedata,2025-08-26 19:27:47
3657,EURJPY,2025-07-04 02:00:00,170.43401,170.58299,170.40401,170.467,0,twelvedata,2025-08-26 19:27:47
3658,EURJPY,2025-07-04 03:00:00,170.465,170.56,170.42799,170.51601,0,twelvedata,2025-08-26 19:27:47
3659,EURJPY,2025-07-04 04:00:00,170.51601,170.53,170.431,170.481,0,twelvedata,2025-08-26 19:27:47
3660,EURJPY,2025-07-04 05:00:00,170.479,170.48199,170.369,170.388,0,twelvedata,2025-08-26 19:27:47
3661,EURJPY,2025-07-04 06:00:00,170.394,170.439,170.34801,170.367,0,twelvedata,2025-08-26 19:27:47
3662,EURJPY,2025-07-04 07:00:00,170.367,170.47,170.28,170.382,0,twelvedata,2025-08-26 19:27:47
3663,EURJPY,2025-07-04 08:00:00,170.38,170.412,170.28999,170.34801,0,twelvedata,2025-08-26 19:27:47
3664,EURJPY,2025-07-04 09:00:00,170.355,170.407,170.30099,170.306,0,twelvedata,2025-08-26 19:27:47
3665,EURJPY,2025-07-04 10:00:00,170.304,170.396,170.087006,170.14999,0,twelvedata,2025-08-26 19:27:47
3666,EURJPY,2025-07-04 11:00:00,170.157,170.271,170.131,170.23,0,twelvedata,2025-08-26 19:27:47
3667,EURJPY,2025-07-04 12:00:00,170.228,170.28101,170.16299,170.185,0,twelvedata,2025-08-26 19:27:47
3668,EURJPY,2025-07-04 13:00:00,170.17999,170.198,170.050003,170.101,0,twelvedata,2025-08-26 19:27:47
3669,EURJPY,2025-07-04 14:00:00,170.10201,170.121,169.995,170.072998,0,twelvedata,2025-08-26 19:27:47
3670,EURJPY,2025-07-04 15:00:00,170.074005,170.13499,170.042999,170.085999,0,twelvedata,2025-08-26 19:27:47
3671,EURJPY,2025-07-04 16:00:00,170.089005,170.089996,169.849,169.935,0,twelvedata,2025-08-26 19:27:47
3672,EURJPY,2025-07-04 17:00:00,169.935,170.070999,169.87199,169.964,0,twelvedata,2025-08-26 19:27:47
3673,EURJPY,2025-07-04 18:00:00,169.965,170.0070038,169.894,169.952,0,twelvedata,2025-08-26 19:27:47
3674,EURJPY,2025-07-04 19:00:00,169.95399,170.065994,169.89799,169.97501,0,twelvedata,2025-08-26 19:27:47
3675,EURJPY,2025-07-04 20:00:00,169.976,170.048996,169.948,170.0059967,0,twelvedata,2025-08-26 19:27:47
3676,EURJPY,2025-07-04 21:00:00,170.0039978,170.061005,169.927,169.935,0,twelvedata,2025-08-26 19:27:47
3677,EURJPY,2025-07-04 22:00:00,169.935,169.959,169.868,169.93401,0,twelvedata,2025-08-26 19:27:47
3678,EURJPY,2025-07-04 23:00:00,169.93201,170.173,169.93201,170.164,0,twelvedata,2025-08-26 19:27:47
3679,EURJPY,2025-07-05 00:00:00,170.166,170.248,170.158,170.21899,0,twelvedata,2025-08-26 19:27:47
3680,EURJPY,2025-07-05 01:00:00,170.216,170.332,170.19501,170.233,0,twelvedata,2025-08-26 19:27:47
3681,EURJPY,2025-07-05 02:00:00,170.237,170.26199,170.12601,170.13699,0,twelvedata,2025-08-26 19:27:47
3682,EURJPY,2025-07-05 03:00:00,170.136,170.168,170.063995,170.12,0,twelvedata,2025-08-26 19:27:47
3683,EURJPY,2025-07-05 04:00:00,170.116,170.19099,170.101,170.16499,0,twelvedata,2025-08-26 19:27:47
3684,EURJPY,2025-07-05 05:00:00,170.173,170.245,170.097,170.224,0,twelvedata,2025-08-26 19:27:47
3685,EURJPY,2025-07-05 06:00:00,170.224,170.29601,170.046997,170.133,0,twelvedata,2025-08-26 19:27:47
3686,EURJPY,2025-07-05 07:00:00,170.18401,170.18401,170.18401,170.18401,0,twelvedata,2025-08-26 19:27:47
3687,EURJPY,2025-07-07 09:00:00,170.20399,170.299,170.13499,170.211,0,twelvedata,2025-08-26 19:27:47
3688,EURJPY,2025-07-07 10:00:00,170.21201,170.228,169.981,170.044006,0,twelvedata,2025-08-26 19:27:47
3689,EURJPY,2025-07-07 11:00:00,170.039993,170.181,169.88,170.142,0,twelvedata,2025-08-26 19:27:47
3690,EURJPY,2025-07-07 12:00:00,170.142,170.452,170.11301,170.41,0,twelvedata,2025-08-26 19:27:47
3691,EURJPY,2025-07-07 13:00:00,170.409,170.48399,170.34801,170.45,0,twelvedata,2025-08-26 19:27:47
3692,EURJPY,2025-07-07 14:00:00,170.452,170.61501,170.35899,170.58501,0,twelvedata,2025-08-26 19:27:47
3693,EURJPY,2025-07-07 15:00:00,170.58501,170.73199,170.571,170.664,0,twelvedata,2025-08-26 19:27:47
3694,EURJPY,2025-07-07 16:00:00,170.662,170.73801,170.45399,170.48599,0,twelvedata,2025-08-26 19:27:47
3695,EURJPY,2025-07-07 17:00:00,170.48801,170.606,170.392,170.54201,0,twelvedata,2025-08-26 19:27:47
3696,EURJPY,2025-07-07 18:00:00,170.541,170.58299,170.30701,170.39301,0,twelvedata,2025-08-26 19:27:47
3697,EURJPY,2025-07-07 19:00:00,170.39,170.675,170.366,170.651,0,twelvedata,2025-08-26 19:27:47
3698,EURJPY,2025-07-07 20:00:00,170.653,170.714,170.521,170.55701,0,twelvedata,2025-08-26 19:27:47
3699,EURJPY,2025-07-07 21:00:00,170.556,170.68401,170.478,170.65401,0,twelvedata,2025-08-26 19:27:47
3700,EURJPY,2025-07-07 22:00:00,170.64999,170.761,170.618,170.664,0,twelvedata,2025-08-26 19:27:47
3701,EURJPY,2025-07-07 23:00:00,170.66299,171.11301,170.644,171.020004,0,twelvedata,2025-08-26 19:27:47
3702,EURJPY,2025-07-08 00:00:00,171.018997,171.205,170.959,171.14799,0,twelvedata,2025-08-26 19:27:47
3703,EURJPY,2025-07-08 01:00:00,171.147,171.217,171.087997,171.14301,0,twelvedata,2025-08-26 19:27:47
3704,EURJPY,2025-07-08 02:00:00,171.144,171.26801,170.784,170.87,0,twelvedata,2025-08-26 19:27:47
3705,EURJPY,2025-07-08 03:00:00,170.87199,171.129,170.75,170.98399,0,twelvedata,2025-08-26 19:27:47
3706,EURJPY,2025-07-08 04:00:00,170.987,171.311,170.968,171.29601,0,twelvedata,2025-08-26 19:27:47
3707,EURJPY,2025-07-08 05:00:00,171.29601,171.304,171.13901,171.168,0,twelvedata,2025-08-26 19:27:47
3708,EURJPY,2025-07-08 06:00:00,171.166,171.187,170.95,170.966,0,twelvedata,2025-08-26 19:27:47
3709,EURJPY,2025-07-08 07:00:00,170.92799,171.065002,170.88,170.95399,0,twelvedata,2025-08-26 19:27:47
3710,EURJPY,2025-07-08 08:00:00,170.95399,171.194,170.923,171.16499,0,twelvedata,2025-08-26 19:27:47
3711,EURJPY,2025-07-08 09:00:00,171.16901,171.399,171.168,171.213,0,twelvedata,2025-08-26 19:27:47
3712,EURJPY,2025-07-08 10:00:00,171.213,171.674,171.17999,171.636,0,twelvedata,2025-08-26 19:27:47
3713,EURJPY,2025-07-08 11:00:00,171.63499,171.802,171.49699,171.66499,0,twelvedata,2025-08-26 19:27:47
3714,EURJPY,2025-07-08 12:00:00,171.66701,171.696,171.476,171.48801,0,twelvedata,2025-08-26 19:27:47
3715,EURJPY,2025-07-08 13:00:00,171.48801,171.67599,171.45799,171.584,0,twelvedata,2025-08-26 19:27:47
3716,EURJPY,2025-07-08 14:00:00,171.584,171.592,171.32401,171.42,0,twelvedata,2025-08-26 19:27:47
3717,EURJPY,2025-07-08 15:00:00,171.42,171.515,171.34399,171.43401,0,twelvedata,2025-08-26 19:27:47
3718,EURJPY,2025-07-08 16:00:00,171.44,171.739,171.43201,171.717,0,twelvedata,2025-08-26 19:27:47
3719,EURJPY,2025-07-08 17:00:00,171.717,171.813,171.67101,171.741,0,twelvedata,2025-08-26 19:27:47
3720,EURJPY,2025-07-08 18:00:00,171.74001,171.842,171.724,171.755,0,twelvedata,2025-08-26 19:27:47
3721,EURJPY,2025-07-08 19:00:00,171.756,171.80701,171.578,171.7,0,twelvedata,2025-08-26 19:27:47
3722,EURJPY,2025-07-08 20:00:00,171.703,171.759,171.554,171.696,0,twelvedata,2025-08-26 19:27:47
3723,EURJPY,2025-07-08 21:00:00,171.69701,172.0019989,171.69299,171.826,0,twelvedata,2025-08-26 19:27:47
3724,EURJPY,2025-07-08 22:00:00,171.823,171.88901,171.674,171.882,0,twelvedata,2025-08-26 19:27:47
3725,EURJPY,2025-07-08 23:00:00,171.882,171.94701,171.755,171.791,0,twelvedata,2025-08-26 19:27:47
3726,EURJPY,2025-07-09 00:00:00,171.791,171.86,171.64,171.77499,0,twelvedata,2025-08-26 19:27:47
3727,EURJPY,2025-07-09 01:00:00,171.774,171.992,171.757,171.867,0,twelvedata,2025-08-26 19:27:47
3728,EURJPY,2025-07-09 02:00:00,171.87,171.873,171.69501,171.817,0,twelvedata,2025-08-26 19:27:47
3729,EURJPY,2025-07-09 03:00:00,171.81599,172.014999,171.798,172.0090027,0,twelvedata,2025-08-26 19:27:47
3730,EURJPY,2025-07-09 04:00:00,172.0079956,172.020004,171.94,171.963,0,twelvedata,2025-08-26 19:27:47
3731,EURJPY,2025-07-09 05:00:00,171.964,171.989,171.88,171.905,0,twelvedata,2025-08-26 19:27:47
3732,EURJPY,2025-07-09 06:00:00,171.905,171.90601,171.804,171.87199,0,twelvedata,2025-08-26 19:27:47
3733,EURJPY,2025-07-09 07:00:00,171.804,171.946,171.618,171.77499,0,twelvedata,2025-08-26 19:27:47
3734,EURJPY,2025-07-09 08:00:00,171.77499,171.929,171.72099,171.92799,0,twelvedata,2025-08-26 19:27:47
3735,EURJPY,2025-07-09 09:00:00,171.92599,172.177,171.907,172.174,0,twelvedata,2025-08-26 19:27:47
3736,EURJPY,2025-07-09 10:00:00,172.173,172.211,172.022003,172.101,0,twelvedata,2025-08-26 19:27:47
3737,EURJPY,2025-07-09 11:00:00,172.103,172.278,172.026001,172.13,0,twelvedata,2025-08-26 19:27:47
3738,EURJPY,2025-07-09 12:00:00,172.131,172.226,172.10201,172.22,0,twelvedata,2025-08-26 19:27:47
3739,EURJPY,2025-07-09 13:00:00,172.22,172.26401,172.15401,172.164,0,twelvedata,2025-08-26 19:27:47
3740,EURJPY,2025-07-09 14:00:00,172.164,172.265,172.161,172.216,0,twelvedata,2025-08-26 19:27:47
3741,EURJPY,2025-07-09 15:00:00,172.215,172.258,172.145,172.21201,0,twelvedata,2025-08-26 19:27:47
3742,EURJPY,2025-07-09 16:00:00,172.211,172.25301,172.129,172.14,0,twelvedata,2025-08-26 19:27:47
3743,EURJPY,2025-07-09 17:00:00,172.14,172.17599,171.825,171.912,0,twelvedata,2025-08-26 19:27:47
3744,EURJPY,2025-07-09 18:00:00,171.916,171.94901,171.739,171.808,0,twelvedata,2025-08-26 19:27:47
3745,EURJPY,2025-07-09 19:00:00,171.80299,171.83,171.62199,171.75101,0,twelvedata,2025-08-26 19:27:47
3746,EURJPY,2025-07-09 20:00:00,171.748,171.755,171.56799,171.616,0,twelvedata,2025-08-26 19:27:47
3747,EURJPY,2025-07-09 21:00:00,171.618,171.744,171.548,171.58,0,twelvedata,2025-08-26 19:27:47
3748,EURJPY,2025-07-09 22:00:00,171.58299,171.73399,171.569,171.61099,0,twelvedata,2025-08-26 19:27:47
3749,EURJPY,2025-07-09 23:00:00,171.61,171.634,171.39999,171.405,0,twelvedata,2025-08-26 19:27:47
3750,EURJPY,2025-07-10 00:00:00,171.40401,171.62199,171.341,171.58,0,twelvedata,2025-08-26 19:27:47
3751,EURJPY,2025-07-10 01:00:00,171.58,171.646,171.48199,171.53,0,twelvedata,2025-08-26 19:27:47
3752,EURJPY,2025-07-10 02:00:00,171.53,171.53,171.306,171.37601,0,twelvedata,2025-08-26 19:27:47
3753,EURJPY,2025-07-10 03:00:00,171.375,171.39,171.25,171.34599,0,twelvedata,2025-08-26 19:27:47
3754,EURJPY,2025-07-10 04:00:00,171.336,171.414,171.317,171.39999,0,twelvedata,2025-08-26 19:27:47
3755,EURJPY,2025-07-10 05:00:00,171.39799,171.502,171.397,171.464,0,twelvedata,2025-08-26 19:27:47
3756,EURJPY,2025-07-10 06:00:00,171.463,171.64101,171.43401,171.43401,0,twelvedata,2025-08-26 19:27:47
3757,EURJPY,2025-07-10 07:00:00,171.47,171.52299,171.328,171.49001,0,twelvedata,2025-08-26 19:27:47
3758,EURJPY,2025-07-10 08:00:00,171.49001,171.51801,171.41,171.45,0,twelvedata,2025-08-26 19:27:47
3759,EURJPY,2025-07-10 09:00:00,171.45599,171.533,171.30901,171.498,0,twelvedata,2025-08-26 19:27:47
3760,EURJPY,2025-07-10 10:00:00,171.496,171.519,171.175,171.24001,0,twelvedata,2025-08-26 19:27:47
3761,EURJPY,2025-07-10 11:00:00,171.242,171.369,171.172,171.284,0,twelvedata,2025-08-26 19:27:47
3762,EURJPY,2025-07-10 12:00:00,171.283,171.49899,171.261,171.485,0,twelvedata,2025-08-26 19:27:47
3763,EURJPY,2025-07-10 13:00:00,171.48801,171.621,171.474,171.612,0,twelvedata,2025-08-26 19:27:47
3764,EURJPY,2025-07-10 14:00:00,171.612,171.748,171.569,171.582,0,twelvedata,2025-08-26 19:27:47
3765,EURJPY,2025-07-10 15:00:00,171.578,171.759,171.556,171.69,0,twelvedata,2025-08-26 19:27:47
3766,EURJPY,2025-07-10 16:00:00,171.689,171.724,171.45399,171.47301,0,twelvedata,2025-08-26 19:27:47
3767,EURJPY,2025-07-10 17:00:00,171.47501,171.778,171.412,171.631,0,twelvedata,2025-08-26 19:27:47
3768,EURJPY,2025-07-10 18:00:00,171.63,171.72301,171.57201,171.638,0,twelvedata,2025-08-26 19:27:47
3769,EURJPY,2025-07-10 19:00:00,171.63499,171.67999,171.47301,171.478,0,twelvedata,2025-08-26 19:27:47
3770,EURJPY,2025-07-10 20:00:00,171.48,171.53999,171.341,171.37199,0,twelvedata,2025-08-26 19:27:47
3771,EURJPY,2025-07-10 21:00:00,171.377,171.444,171.26801,171.278,0,twelvedata,2025-08-26 19:27:47
3772,EURJPY,2025-07-10 22:00:00,171.282,171.5,171.214,171.424,0,twelvedata,2025-08-26 19:27:47
3773,EURJPY,2025-07-10 23:00:00,171.425,171.494,171.312,171.38901,0,twelvedata,2025-08-26 19:27:47
3774,EURJPY,2025-07-11 00:00:00,171.388,171.42799,171.052002,171.12199,0,twelvedata,2025-08-26 19:27:47
3775,EURJPY,2025-07-11 01:00:00,171.121,171.24001,171.067993,171.17599,0,twelvedata,2025-08-26 19:27:47
3776,EURJPY,2025-07-11 02:00:00,171.179,171.205,171.085007,171.146,0,twelvedata,2025-08-26 19:27:47
3777,EURJPY,2025-07-11 03:00:00,171.146,171.15601,171.037994,171.041,0,twelvedata,2025-08-26 19:27:47
3778,EURJPY,2025-07-11 04:00:00,171.039993,171.046005,170.935,170.985,0,twelvedata,2025-08-26 19:27:47
3779,EURJPY,2025-07-11 05:00:00,170.98599,171.033997,170.967,171.031998,0,twelvedata,2025-08-26 19:27:47
3780,EURJPY,2025-07-11 06:00:00,171.031006,171.12,170.98,171.103,0,twelvedata,2025-08-26 19:27:47
3781,EURJPY,2025-07-11 07:00:00,171.103,171.17799,170.981,171.12801,0,twelvedata,2025-08-26 19:27:47
3782,EURJPY,2025-07-11 08:00:00,171.12801,171.16901,171.061996,171.14999,0,twelvedata,2025-08-26 19:27:47
3783,EURJPY,2025-07-11 09:00:00,171.146,171.17599,171.044006,171.168,0,twelvedata,2025-08-26 19:27:47
3784,EURJPY,2025-07-11 10:00:00,171.161,171.235,170.80499,171.095993,0,twelvedata,2025-08-26 19:27:47
3785,EURJPY,2025-07-11 11:00:00,171.097,171.465,171.074997,171.35001,0,twelvedata,2025-08-26 19:27:47
3786,EURJPY,2025-07-11 12:00:00,171.353,171.64999,171.334,171.582,0,twelvedata,2025-08-26 19:27:47
3787,EURJPY,2025-07-11 13:00:00,171.58,171.69501,171.515,171.664,0,twelvedata,2025-08-26 19:27:47
3788,EURJPY,2025-07-11 14:00:00,171.658,171.769,171.608,171.733,0,twelvedata,2025-08-26 19:27:47
3789,EURJPY,2025-07-11 15:00:00,171.73399,171.769,171.472,171.50999,0,twelvedata,2025-08-26 19:27:47
3790,EURJPY,2025-07-11 16:00:00,171.508,171.60899,171.414,171.526,0,twelvedata,2025-08-26 19:27:47
3791,EURJPY,2025-07-11 17:00:00,171.52699,171.731,171.522,171.64999,0,twelvedata,2025-08-26 19:27:47
3792,EURJPY,2025-07-11 18:00:00,171.65199,171.746,171.541,171.709,0,twelvedata,2025-08-26 19:27:47
3793,EURJPY,2025-07-11 19:00:00,171.71001,171.963,171.658,171.923,0,twelvedata,2025-08-26 19:27:47
3794,EURJPY,2025-07-11 20:00:00,171.922,171.951,171.595,171.662,0,twelvedata,2025-08-26 19:27:47
3795,EURJPY,2025-07-11 21:00:00,171.662,171.856,171.659,171.83501,0,twelvedata,2025-08-26 19:27:47
3796,EURJPY,2025-07-11 22:00:00,171.83299,171.875,171.65199,171.782,0,twelvedata,2025-08-26 19:27:47
3797,EURJPY,2025-07-11 23:00:00,171.784,172.153,171.765,172.153,0,twelvedata,2025-08-26 19:27:47
3798,EURJPY,2025-07-12 00:00:00,172.145,172.34399,172.14101,172.26401,0,twelvedata,2025-08-26 19:27:47
3799,EURJPY,2025-07-12 01:00:00,172.26401,172.423,172.256,172.269,0,twelvedata,2025-08-26 19:27:47
3800,EURJPY,2025-07-12 02:00:00,172.27,172.386,172.233,172.29201,0,twelvedata,2025-08-26 19:27:47
3801,EURJPY,2025-07-12 03:00:00,172.293,172.353,172.259,172.34599,0,twelvedata,2025-08-26 19:27:47
3802,EURJPY,2025-07-12 04:00:00,172.347,172.37601,172.289,172.339,0,twelvedata,2025-08-26 19:27:47
3803,EURJPY,2025-07-12 05:00:00,172.339,172.367,172.245,172.25301,0,twelvedata,2025-08-26 19:27:47
3804,EURJPY,2025-07-12 06:00:00,172.248,172.381,172.164,172.283,0,twelvedata,2025-08-26 19:27:47
3805,EURJPY,2025-07-12 07:00:00,172.32001,172.32001,172.32001,172.32001,0,twelvedata,2025-08-26 19:27:47
3806,EURJPY,2025-07-14 09:00:00,172.039001,172.142,171.94701,172.076004,0,twelvedata,2025-08-26 19:27:47
3807,EURJPY,2025-07-14 10:00:00,172.076004,172.095993,171.79601,171.83501,0,twelvedata,2025-08-26 19:27:47
3808,EURJPY,2025-07-14 11:00:00,171.834,171.983,171.76199,171.91701,0,twelvedata,2025-08-26 19:27:47
3809,EURJPY,2025-07-14 12:00:00,171.916,172.020996,171.884,171.936,0,twelvedata,2025-08-26 19:27:47
3810,EURJPY,2025-07-14 13:00:00,171.939,172.116,171.882,172.063995,0,twelvedata,2025-08-26 19:27:47
3811,EURJPY,2025-07-14 14:00:00,172.065002,172.17599,171.948,172.056,0,twelvedata,2025-08-26 19:27:47
3812,EURJPY,2025-07-14 15:00:00,172.056,172.091003,171.937,171.966,0,twelvedata,2025-08-26 19:27:47
3813,EURJPY,2025-07-14 16:00:00,171.967,171.98199,171.722,171.754,0,twelvedata,2025-08-26 19:27:47
3814,EURJPY,2025-07-14 17:00:00,171.755,172.211,171.754,172.207,0,twelvedata,2025-08-26 19:27:47
3815,EURJPY,2025-07-14 18:00:00,172.211,172.23599,171.965,172.098999,0,twelvedata,2025-08-26 19:27:47
3816,EURJPY,2025-07-14 19:00:00,172.098999,172.198,171.976,172.19299,0,twelvedata,2025-08-26 19:27:47
3817,EURJPY,2025-07-14 20:00:00,172.187,172.20799,172.067993,172.146,0,twelvedata,2025-08-26 19:27:47
3818,EURJPY,2025-07-14 21:00:00,172.145,172.367,172.144,172.30299,0,twelvedata,2025-08-26 19:27:47
3819,EURJPY,2025-07-14 22:00:00,172.302,172.308,172.065994,172.231,0,twelvedata,2025-08-26 19:27:47
3820,EURJPY,2025-07-14 23:00:00,172.229,172.25301,172.080002,172.13499,0,twelvedata,2025-08-26 19:27:47
3821,EURJPY,2025-07-15 00:00:00,172.133,172.38499,172.082001,172.286,0,twelvedata,2025-08-26 19:27:47
3822,EURJPY,2025-07-15 01:00:00,172.287,172.46899,172.271,172.371,0,twelvedata,2025-08-26 19:27:47
3823,EURJPY,2025-07-15 02:00:00,172.37,172.436,172.222,172.26401,0,twelvedata,2025-08-26 19:27:47
3824,EURJPY,2025-07-15 03:00:00,172.269,172.319,172.20399,172.27,0,twelvedata,2025-08-26 19:27:47
3825,EURJPY,2025-07-15 04:00:00,172.272,172.444,172.271,172.43401,0,twelvedata,2025-08-26 19:27:47
3826,EURJPY,2025-07-15 05:00:00,172.435,172.438,172.33299,172.358,0,twelvedata,2025-08-26 19:27:47
3827,EURJPY,2025-07-15 06:00:00,172.36301,172.418,172.257,172.26801,0,twelvedata,2025-08-26 19:27:47
3828,EURJPY,2025-07-15 07:00:00,172.25,172.353,172.192,172.27,0,twelvedata,2025-08-26 19:27:47
3829,EURJPY,2025-07-15 08:00:00,172.283,172.416,172.19701,172.39,0,twelvedata,2025-08-26 19:27:47
3830,EURJPY,2025-07-15 09:00:00,172.388,172.47301,172.375,172.394,0,twelvedata,2025-08-26 19:27:47
3831,EURJPY,2025-07-15 10:00:00,172.392,172.476,172.25101,172.263,0,twelvedata,2025-08-26 19:27:47
3832,EURJPY,2025-07-15 11:00:00,172.265,172.495,172.256,172.438,0,twelvedata,2025-08-26 19:27:47
3833,EURJPY,2025-07-15 12:00:00,172.437,172.48399,172.304,172.326,0,twelvedata,2025-08-26 19:27:47
3834,EURJPY,2025-07-15 13:00:00,172.32201,172.442,172.259,172.414,0,twelvedata,2025-08-26 19:27:47
3835,EURJPY,2025-07-15 14:00:00,172.418,172.465,172.373,172.412,0,twelvedata,2025-08-26 19:27:47
3836,EURJPY,2025-07-15 15:00:00,172.414,172.468,172.38901,172.44299,0,twelvedata,2025-08-26 19:27:47
3837,EURJPY,2025-07-15 16:00:00,172.442,172.58299,172.42599,172.47301,0,twelvedata,2025-08-26 19:27:47
3838,EURJPY,2025-07-15 17:00:00,172.474,172.731,172.45,172.7,0,twelvedata,2025-08-26 19:27:47
3839,EURJPY,2025-07-15 18:00:00,172.702,172.726,172.51401,172.57899,0,twelvedata,2025-08-26 19:27:47
3840,EURJPY,2025-07-15 19:00:00,172.576,172.60699,172.46899,172.588,0,twelvedata,2025-08-26 19:27:47
3841,EURJPY,2025-07-15 20:00:00,172.593,172.64,172.506,172.604,0,twelvedata,2025-08-26 19:27:47
3842,EURJPY,2025-07-15 21:00:00,172.60699,172.692,172.56799,172.605,0,twelvedata,2025-08-26 19:27:47
3843,EURJPY,2025-07-15 22:00:00,172.608,172.864,172.416,172.71001,0,twelvedata,2025-08-26 19:27:47
3844,EURJPY,2025-07-15 23:00:00,172.705,173.052994,172.69901,172.989,0,twelvedata,2025-08-26 19:27:47
3845,EURJPY,2025-07-16 00:00:00,172.99001,173.078995,172.894,172.89999,0,twelvedata,2025-08-26 19:27:47
3846,EURJPY,2025-07-16 01:00:00,172.899,172.955,172.80099,172.82201,0,twelvedata,2025-08-26 19:27:47
3847,EURJPY,2025-07-16 02:00:00,172.827,172.87199,172.64301,172.657,0,twelvedata,2025-08-26 19:27:47
3848,EURJPY,2025-07-16 03:00:00,172.65601,172.756,172.623,172.718,0,twelvedata,2025-08-26 19:27:47
3849,EURJPY,2025-07-16 04:00:00,172.718,172.743,172.67101,172.71201,0,twelvedata,2025-08-26 19:27:47
3850,EURJPY,2025-07-16 05:00:00,172.711,172.772,172.627,172.674,0,twelvedata,2025-08-26 19:27:47
3851,EURJPY,2025-07-16 06:00:00,172.674,172.737,172.634,172.69701,0,twelvedata,2025-08-26 19:27:47
3852,EURJPY,2025-07-16 07:00:00,172.633,172.752,172.59399,172.64101,0,twelvedata,2025-08-26 19:27:47
3853,EURJPY,2025-07-16 08:00:00,172.634,172.798,172.606,172.76601,0,twelvedata,2025-08-26 19:27:47
3854,EURJPY,2025-07-16 09:00:00,172.763,172.82201,172.627,172.68401,0,twelvedata,2025-08-26 19:27:47
3855,EURJPY,2025-07-16 10:00:00,172.688,172.994,172.606,172.92799,0,twelvedata,2025-08-26 19:27:47
3856,EURJPY,2025-07-16 11:00:00,172.927,172.978,172.752,172.836,0,twelvedata,2025-08-26 19:27:47
3857,EURJPY,2025-07-16 12:00:00,172.83701,172.92799,172.81799,172.882,0,twelvedata,2025-08-26 19:27:47
3858,EURJPY,2025-07-16 13:00:00,172.882,173.069,172.87,173.044006,0,twelvedata,2025-08-26 19:27:47
3859,EURJPY,2025-07-16 14:00:00,173.048996,173.242,173.018997,173.044006,0,twelvedata,2025-08-26 19:27:47
3860,EURJPY,2025-07-16 15:00:00,173.048004,173.074005,172.881,172.92999,0,twelvedata,2025-08-26 19:27:47
3861,EURJPY,2025-07-16 16:00:00,172.929,173.0019989,172.784,172.838,0,twelvedata,2025-08-26 19:27:47
3862,EURJPY,2025-07-16 17:00:00,172.839,173.0090027,172.795,172.981,0,twelvedata,2025-08-26 19:27:47
3863,EURJPY,2025-07-16 18:00:00,172.98199,173.039993,172.849,173.026001,0,twelvedata,2025-08-26 19:27:47
3864,EURJPY,2025-07-16 19:00:00,173.029007,173.084,172.672,172.741,0,twelvedata,2025-08-26 19:27:47
3865,EURJPY,2025-07-16 20:00:00,172.742,172.784,172.621,172.76401,0,twelvedata,2025-08-26 19:27:47
3866,EURJPY,2025-07-16 21:00:00,172.76199,172.76601,172.59,172.614,0,twelvedata,2025-08-26 19:27:47
3867,EURJPY,2025-07-16 22:00:00,172.618,172.63,172.351,172.47301,0,twelvedata,2025-08-26 19:27:47
3868,EURJPY,2025-07-16 23:00:00,172.47501,172.50301,172.192,172.20599,0,twelvedata,2025-08-26 19:27:47
3869,EURJPY,2025-07-17 00:00:00,172.202,172.239,171.92999,172.116,0,twelvedata,2025-08-26 19:27:47
3870,EURJPY,2025-07-17 01:00:00,172.114,172.39101,171.82001,172.22099,0,twelvedata,2025-08-26 19:27:47
3871,EURJPY,2025-07-17 02:00:00,172.22,172.49001,172.19,172.30499,0,twelvedata,2025-08-26 19:27:47
3872,EURJPY,2025-07-17 03:00:00,172.306,172.326,171.858,171.92,0,twelvedata,2025-08-26 19:27:47
3873,EURJPY,2025-07-17 04:00:00,171.918,172.037994,171.83701,172.024002,0,twelvedata,2025-08-26 19:27:47
3874,EURJPY,2025-07-17 05:00:00,172.026993,172.067993,171.972,172.031998,0,twelvedata,2025-08-26 19:27:47
3875,EURJPY,2025-07-17 06:00:00,172.031006,172.185,172.016998,172.057007,0,twelvedata,2025-08-26 19:27:47
3876,EURJPY,2025-07-17 07:00:00,172.057999,172.147,171.888,171.968,0,twelvedata,2025-08-26 19:27:47
3877,EURJPY,2025-07-17 08:00:00,171.966,172.16,171.955,172.087006,0,twelvedata,2025-08-26 19:27:47
3878,EURJPY,2025-07-17 09:00:00,172.080002,172.261,172.0050049,172.20799,0,twelvedata,2025-08-26 19:27:47
3879,EURJPY,2025-07-17 10:00:00,172.21201,172.492,172.2,172.487,0,twelvedata,2025-08-26 19:27:47
3880,EURJPY,2025-07-17 11:00:00,172.48399,172.565,172.33,172.496,0,twelvedata,2025-08-26 19:27:47
3881,EURJPY,2025-07-17 12:00:00,172.496,172.569,172.42799,172.489,0,twelvedata,2025-08-26 19:27:47
3882,EURJPY,2025-07-17 13:00:00,172.487,172.66901,172.439,172.60699,0,twelvedata,2025-08-26 19:27:47
3883,EURJPY,2025-07-17 14:00:00,172.60699,172.672,172.517,172.535,0,twelvedata,2025-08-26 19:27:47
3884,EURJPY,2025-07-17 15:00:00,172.536,172.61099,172.451,172.496,0,twelvedata,2025-08-26 19:27:47
3885,EURJPY,2025-07-17 16:00:00,172.5,172.59801,172.14799,172.166,0,twelvedata,2025-08-26 19:27:47
3886,EURJPY,2025-07-17 17:00:00,172.16499,172.425,172.127,172.382,0,twelvedata,2025-08-26 19:27:47
3887,EURJPY,2025-07-17 18:00:00,172.38499,172.563,172.37399,172.375,0,twelvedata,2025-08-26 19:27:47
3888,EURJPY,2025-07-17 19:00:00,172.386,172.521,172.334,172.423,0,twelvedata,2025-08-26 19:27:47
3889,EURJPY,2025-07-17 20:00:00,172.422,172.438,172.19701,172.226,0,twelvedata,2025-08-26 19:27:47
3890,EURJPY,2025-07-17 21:00:00,172.22701,172.27,172.136,172.198,0,twelvedata,2025-08-26 19:27:47
3891,EURJPY,2025-07-17 22:00:00,172.19701,172.466,172.187,172.326,0,twelvedata,2025-08-26 19:27:47
3892,EURJPY,2025-07-17 23:00:00,172.327,172.34599,172.070007,172.16299,0,twelvedata,2025-08-26 19:27:47
3893,EURJPY,2025-07-18 00:00:00,172.161,172.17799,171.937,172.063004,0,twelvedata,2025-08-26 19:27:47
3894,EURJPY,2025-07-18 01:00:00,172.067993,172.299,172.037994,172.276,0,twelvedata,2025-08-26 19:27:47
3895,EURJPY,2025-07-18 02:00:00,172.276,172.298,172.19299,172.205,0,twelvedata,2025-08-26 19:27:47
3896,EURJPY,2025-07-18 03:00:00,172.203,172.248,172.158,172.229,0,twelvedata,2025-08-26 19:27:47
3897,EURJPY,2025-07-18 04:00:00,172.228,172.349,172.213,172.3,0,twelvedata,2025-08-26 19:27:47
3898,EURJPY,2025-07-18 05:00:00,172.29601,172.37,172.28799,172.336,0,twelvedata,2025-08-26 19:27:47
3899,EURJPY,2025-07-18 06:00:00,172.33501,172.366,172.22701,172.233,0,twelvedata,2025-08-26 19:27:47
3900,EURJPY,2025-07-18 07:00:00,172.254,172.35699,172.146,172.274,0,twelvedata,2025-08-26 19:27:47
3901,EURJPY,2025-07-18 08:00:00,172.24899,172.397,172.224,172.30499,0,twelvedata,2025-08-26 19:27:47
3902,EURJPY,2025-07-18 09:00:00,172.308,172.438,172.283,172.429,0,twelvedata,2025-08-26 19:27:47
3903,EURJPY,2025-07-18 10:00:00,172.429,172.739,172.34399,172.72701,0,twelvedata,2025-08-26 19:27:47
3904,EURJPY,2025-07-18 11:00:00,172.73,172.758,172.57201,172.67799,0,twelvedata,2025-08-26 19:27:47
3905,EURJPY,2025-07-18 12:00:00,172.68201,172.735,172.58099,172.72501,0,twelvedata,2025-08-26 19:27:47
3906,EURJPY,2025-07-18 13:00:00,172.724,172.869,172.679,172.815,0,twelvedata,2025-08-26 19:27:47
3907,EURJPY,2025-07-18 14:00:00,172.813,172.85001,172.71899,172.748,0,twelvedata,2025-08-26 19:27:47
3908,EURJPY,2025-07-18 15:00:00,172.75101,172.85899,172.70399,172.826,0,twelvedata,2025-08-26 19:27:47
3909,EURJPY,2025-07-18 16:00:00,172.82401,172.92,172.72701,172.85001,0,twelvedata,2025-08-26 19:27:47
3910,EURJPY,2025-07-18 17:00:00,172.851,173.10899,172.843,173.024994,0,twelvedata,2025-08-26 19:27:47
3911,EURJPY,2025-07-18 18:00:00,173.026001,173.074997,172.869,172.90199,0,twelvedata,2025-08-26 19:27:47
3912,EURJPY,2025-07-18 19:00:00,172.89999,173.089996,172.862,173.0079956,0,twelvedata,2025-08-26 19:27:47
3913,EURJPY,2025-07-18 20:00:00,173.0090027,173.014008,172.823,172.88699,0,twelvedata,2025-08-26 19:27:47
3914,EURJPY,2025-07-18 21:00:00,172.89101,173.020004,172.87601,172.92999,0,twelvedata,2025-08-26 19:27:47
3915,EURJPY,2025-07-18 22:00:00,172.93201,173.014999,172.873,172.94099,0,twelvedata,2025-08-26 19:27:47
3916,EURJPY,2025-07-18 23:00:00,172.938,173.054993,172.86301,172.96201,0,twelvedata,2025-08-26 19:27:47
3917,EURJPY,2025-07-19 00:00:00,172.972,173.026001,172.90401,172.95399,0,twelvedata,2025-08-26 19:27:47
3918,EURJPY,2025-07-19 01:00:00,172.957,173.065994,172.908,172.996,0,twelvedata,2025-08-26 19:27:47
3919,EURJPY,2025-07-19 02:00:00,172.995,173.080994,172.88901,172.912,0,twelvedata,2025-08-26 19:27:47
3920,EURJPY,2025-07-19 03:00:00,172.911,172.95399,172.864,172.914,0,twelvedata,2025-08-26 19:27:47
3921,EURJPY,2025-07-19 04:00:00,172.916,172.933,172.864,172.90199,0,twelvedata,2025-08-26 19:27:47
3922,EURJPY,2025-07-19 05:00:00,172.905,172.91299,172.834,172.884,0,twelvedata,2025-08-26 19:27:47
3923,EURJPY,2025-07-19 06:00:00,172.88499,173.119,172.855,172.946,0,twelvedata,2025-08-26 19:27:47
3924,EURJPY,2025-07-19 07:00:00,172.95399,172.99001,172.95399,172.99001,0,twelvedata,2025-08-26 19:27:47
3925,EURJPY,2025-07-21 09:00:00,172.75,172.82899,172.573,172.647,0,twelvedata,2025-08-26 19:27:47
3926,EURJPY,2025-07-21 10:00:00,172.645,172.655,172.35899,172.408,0,twelvedata,2025-08-26 19:27:47
3927,EURJPY,2025-07-21 11:00:00,172.408,172.562,172.40601,172.53,0,twelvedata,2025-08-26 19:27:47
3928,EURJPY,2025-07-21 12:00:00,172.532,172.595,172.509,172.58501,0,twelvedata,2025-08-26 19:27:47
3929,EURJPY,2025-07-21 13:00:00,172.58501,172.63499,172.507,172.588,0,twelvedata,2025-08-26 19:27:47
3930,EURJPY,2025-07-21 14:00:00,172.588,172.66,172.57201,172.62601,0,twelvedata,2025-08-26 19:27:47
3931,EURJPY,2025-07-21 15:00:00,172.625,172.62801,172.46001,172.51801,0,twelvedata,2025-08-26 19:27:47
3932,EURJPY,2025-07-21 16:00:00,172.51601,172.528,172.0019989,172.21201,0,twelvedata,2025-08-26 19:27:47
3933,EURJPY,2025-07-21 17:00:00,172.21001,172.53799,172.175,172.439,0,twelvedata,2025-08-26 19:27:47
3934,EURJPY,2025-07-21 18:00:00,172.436,172.44701,172.039001,172.179,0,twelvedata,2025-08-26 19:27:47
3935,EURJPY,2025-07-21 19:00:00,172.181,172.287,172.123,172.244,0,twelvedata,2025-08-26 19:27:47
3936,EURJPY,2025-07-21 20:00:00,172.243,172.25,172.035995,172.067001,0,twelvedata,2025-08-26 19:27:47
3937,EURJPY,2025-07-21 21:00:00,172.065994,172.27901,172.039001,172.151,0,twelvedata,2025-08-26 19:27:47
3938,EURJPY,2025-07-21 22:00:00,172.149,172.157,171.916,172.048004,0,twelvedata,2025-08-26 19:27:47
3939,EURJPY,2025-07-21 23:00:00,172.048004,172.214,172.020004,172.085007,0,twelvedata,2025-08-26 19:27:47
3940,EURJPY,2025-07-22 00:00:00,172.084,172.446,172.052994,172.433,0,twelvedata,2025-08-26 19:27:47
3941,EURJPY,2025-07-22 01:00:00,172.431,172.552,172.356,172.37,0,twelvedata,2025-08-26 19:27:47
3942,EURJPY,2025-07-22 02:00:00,172.37199,172.386,172.065002,172.17599,0,twelvedata,2025-08-26 19:27:47
3943,EURJPY,2025-07-22 03:00:00,172.17599,172.25,172.104,172.14999,0,twelvedata,2025-08-26 19:27:47
3944,EURJPY,2025-07-22 04:00:00,172.149,172.295,172.10001,172.276,0,twelvedata,2025-08-26 19:27:47
3945,EURJPY,2025-07-22 05:00:00,172.27699,172.289,172.22701,172.25301,0,twelvedata,2025-08-26 19:27:47
3946,EURJPY,2025-07-22 06:00:00,172.252,172.383,172.24699,172.263,0,twelvedata,2025-08-26 19:27:47
3947,EURJPY,2025-07-22 07:00:00,172.248,172.334,172.074005,172.196,0,twelvedata,2025-08-26 19:27:47
3948,EURJPY,2025-07-22 08:00:00,172.23599,172.368,172.202,172.35899,0,twelvedata,2025-08-26 19:27:47
3949,EURJPY,2025-07-22 09:00:00,172.369,172.472,172.33299,172.38,0,twelvedata,2025-08-26 19:27:47
3950,EURJPY,2025-07-22 10:00:00,172.38,172.592,172.298,172.384,0,twelvedata,2025-08-26 19:27:47
3951,EURJPY,2025-07-22 11:00:00,172.38901,172.51601,172.35201,172.492,0,twelvedata,2025-08-26 19:27:47
3952,EURJPY,2025-07-22 12:00:00,172.494,172.502,172.36301,172.392,0,twelvedata,2025-08-26 19:27:47
3953,EURJPY,2025-07-22 13:00:00,172.39,172.49699,172.327,172.472,0,twelvedata,2025-08-26 19:27:47
3954,EURJPY,2025-07-22 14:00:00,172.47,172.625,172.46899,172.563,0,twelvedata,2025-08-26 19:27:47
3955,EURJPY,2025-07-22 15:00:00,172.564,172.731,172.539,172.69701,0,twelvedata,2025-08-26 19:27:47
3956,EURJPY,2025-07-22 16:00:00,172.698,172.875,172.644,172.815,0,twelvedata,2025-08-26 19:27:47
3957,EURJPY,2025-07-22 17:00:00,172.81599,172.931,172.60899,172.612,0,twelvedata,2025-08-26 19:27:47
3958,EURJPY,2025-07-22 18:00:00,172.61099,172.825,172.506,172.68401,0,twelvedata,2025-08-26 19:27:47
3959,EURJPY,2025-07-22 19:00:00,172.68201,172.689,172.50999,172.578,0,twelvedata,2025-08-26 19:27:47
3960,EURJPY,2025-07-22 20:00:00,172.577,172.672,172.53799,172.64,0,twelvedata,2025-08-26 19:27:47
3961,EURJPY,2025-07-22 21:00:00,172.64301,172.675,172.189,172.233,0,twelvedata,2025-08-26 19:27:47
3962,EURJPY,2025-07-22 22:00:00,172.23599,172.255,171.476,171.618,0,twelvedata,2025-08-26 19:27:47
3963,EURJPY,2025-07-22 23:00:00,171.62,171.67599,171.448,171.548,0,twelvedata,2025-08-26 19:27:47
3964,EURJPY,2025-07-23 00:00:00,171.548,171.681,171.358,171.66499,0,twelvedata,2025-08-26 19:27:47
3965,EURJPY,2025-07-23 01:00:00,171.66901,172.018997,171.61301,171.951,0,twelvedata,2025-08-26 19:27:47
3966,EURJPY,2025-07-23 02:00:00,171.95,172.194,171.95,172.12,0,twelvedata,2025-08-26 19:27:47
3967,EURJPY,2025-07-23 03:00:00,172.123,172.17799,172.057999,172.138,0,twelvedata,2025-08-26 19:27:47
3968,EURJPY,2025-07-23 04:00:00,172.13901,172.19099,172.089005,172.179,0,twelvedata,2025-08-26 19:27:47
3969,EURJPY,2025-07-23 05:00:00,172.17999,172.274,172.129,172.23,0,twelvedata,2025-08-26 19:27:47
3970,EURJPY,2025-07-23 06:00:00,172.229,172.40401,172.209,172.32001,0,twelvedata,2025-08-26 19:27:47
3971,EURJPY,2025-07-23 07:00:00,172.31599,172.368,172.161,172.23,0,twelvedata,2025-08-26 19:27:47
3972,EURJPY,2025-07-23 08:00:00,172.226,172.407,172.213,172.347,0,twelvedata,2025-08-26 19:27:47
3973,EURJPY,2025-07-23 09:00:00,172.32401,172.47501,171.911,172.265,0,twelvedata,2025-08-26 19:27:47
3974,EURJPY,2025-07-23 10:00:00,172.26801,172.282,171.67101,172.018005,0,twelvedata,2025-08-26 19:27:47
3975,EURJPY,2025-07-23 11:00:00,172.020004,172.21899,171.897,172.070999,0,twelvedata,2025-08-26 19:27:47
3976,EURJPY,2025-07-23 12:00:00,172.072006,172.73801,171.90401,172.418,0,twelvedata,2025-08-26 19:27:47
3977,EURJPY,2025-07-23 13:00:00,172.41901,172.528,172.33,172.474,0,twelvedata,2025-08-26 19:27:47
3978,EURJPY,2025-07-23 14:00:00,172.47,172.578,172.427,172.436,0,twelvedata,2025-08-26 19:27:47
3979,EURJPY,2025-07-23 15:00:00,172.429,172.67,172.36501,172.62601,0,twelvedata,2025-08-26 19:27:47
3980,EURJPY,2025-07-23 16:00:00,172.62601,172.687,172.089996,172.442,0,twelvedata,2025-08-26 19:27:47
3981,EURJPY,2025-07-23 17:00:00,172.439,172.485,172.187,172.31,0,twelvedata,2025-08-26 19:27:47
3982,EURJPY,2025-07-23 18:00:00,172.306,172.373,172.2,172.224,0,twelvedata,2025-08-26 19:27:47
3983,EURJPY,2025-07-23 19:00:00,172.22701,172.239,171.897,171.933,0,twelvedata,2025-08-26 19:27:47
3984,EURJPY,2025-07-23 20:00:00,171.92999,171.94501,171.638,171.67599,0,twelvedata,2025-08-26 19:27:47
3985,EURJPY,2025-07-23 21:00:00,171.674,171.683,171.367,171.43401,0,twelvedata,2025-08-26 19:27:47
3986,EURJPY,2025-07-23 22:00:00,171.43201,171.758,171.39101,171.66701,0,twelvedata,2025-08-26 19:27:47
3987,EURJPY,2025-07-23 23:00:00,171.664,171.918,171.618,171.83501,0,twelvedata,2025-08-26 19:27:47
3988,EURJPY,2025-07-24 00:00:00,171.834,171.86,171.618,171.79601,0,twelvedata,2025-08-26 19:27:47
3989,EURJPY,2025-07-24 01:00:00,171.793,172.27299,171.638,172.146,0,twelvedata,2025-08-26 19:27:47
3990,EURJPY,2025-07-24 02:00:00,172.144,172.35899,172.059998,172.243,0,twelvedata,2025-08-26 19:27:47
3991,EURJPY,2025-07-24 03:00:00,172.24001,172.412,172.127,172.31599,0,twelvedata,2025-08-26 19:27:47
3992,EURJPY,2025-07-24 04:00:00,172.313,172.424,172.254,172.407,0,twelvedata,2025-08-26 19:27:47
3993,EURJPY,2025-07-24 05:00:00,172.408,172.54401,172.388,172.50999,0,twelvedata,2025-08-26 19:27:47
3994,EURJPY,2025-07-24 06:00:00,172.50999,172.51801,172.38901,172.46201,0,twelvedata,2025-08-26 19:27:47
3995,EURJPY,2025-07-24 07:00:00,172.494,172.494,172.26601,172.37399,0,twelvedata,2025-08-26 19:27:47
3996,EURJPY,2025-07-24 08:00:00,172.34801,172.496,172.32001,172.412,0,twelvedata,2025-08-26 19:27:47
3997,EURJPY,2025-07-24 09:00:00,172.41701,172.423,172.24699,172.29601,0,twelvedata,2025-08-26 19:27:47
3998,EURJPY,2025-07-24 10:00:00,172.30299,172.38,172.158,172.30701,0,twelvedata,2025-08-26 19:27:47
3999,EURJPY,2025-07-24 11:00:00,172.308,172.315,171.746,171.83099,0,twelvedata,2025-08-26 19:27:47
4000,EURJPY,2025-07-24 12:00:00,171.83299,172.067001,171.83,171.991,0,twelvedata,2025-08-26 19:27:47
4001,EURJPY,2025-07-24 13:00:00,171.98801,172.042007,171.851,171.925,0,twelvedata,2025-08-26 19:27:47
4002,EURJPY,2025-07-24 14:00:00,171.924,172.0039978,171.87,171.924,0,twelvedata,2025-08-26 19:27:47
4003,EURJPY,2025-07-24 15:00:00,171.92599,172.018997,171.868,171.871,0,twelvedata,2025-08-26 19:27:47
4004,EURJPY,2025-07-24 16:00:00,171.868,172.12199,171.853,171.97,0,twelvedata,2025-08-26 19:27:47
4005,EURJPY,2025-07-24 17:00:00,171.97301,172.263,171.948,172.207,0,twelvedata,2025-08-26 19:27:47
4006,EURJPY,2025-07-24 18:00:00,172.205,172.31799,172.16499,172.304,0,twelvedata,2025-08-26 19:27:47
4007,EURJPY,2025-07-24 19:00:00,172.304,172.368,172.205,172.23199,0,twelvedata,2025-08-26 19:27:47
4008,EURJPY,2025-07-24 20:00:00,172.233,172.285,172.161,172.20399,0,twelvedata,2025-08-26 19:27:47
4009,EURJPY,2025-07-24 21:00:00,172.207,172.252,172.136,172.2,0,twelvedata,2025-08-26 19:27:47
4010,EURJPY,2025-07-24 22:00:00,172.20399,172.321,172.085007,172.278,0,twelvedata,2025-08-26 19:27:47
4011,EURJPY,2025-07-24 23:00:00,172.27901,172.746,172.23199,172.49699,0,twelvedata,2025-08-26 19:27:47
4012,EURJPY,2025-07-25 00:00:00,172.495,172.742,172.438,172.703,0,twelvedata,2025-08-26 19:27:47
4013,EURJPY,2025-07-25 01:00:00,172.705,172.87601,172.698,172.85001,0,twelvedata,2025-08-26 19:27:47
4014,EURJPY,2025-07-25 02:00:00,172.85201,172.92,172.672,172.787,0,twelvedata,2025-08-26 19:27:47
4015,EURJPY,2025-07-25 03:00:00,172.789,172.86,172.698,172.79401,0,twelvedata,2025-08-26 19:27:47
4016,EURJPY,2025-07-25 04:00:00,172.797,172.868,172.752,172.858,0,twelvedata,2025-08-26 19:27:47
4017,EURJPY,2025-07-25 05:00:00,172.858,172.896,172.761,172.77,0,twelvedata,2025-08-26 19:27:47
4018,EURJPY,2025-07-25 06:00:00,172.76801,172.782,172.638,172.716,0,twelvedata,2025-08-26 19:27:47
4019,EURJPY,2025-07-25 07:00:00,172.642,172.827,172.472,172.76199,0,twelvedata,2025-08-26 19:27:47
4020,EURJPY,2025-07-25 08:00:00,172.78799,172.92999,172.718,172.81,0,twelvedata,2025-08-26 19:27:47
4021,EURJPY,2025-07-25 09:00:00,172.82001,172.89799,172.754,172.8,0,twelvedata,2025-08-26 19:27:47
4022,EURJPY,2025-07-25 10:00:00,172.804,173.162,172.784,173.028,0,twelvedata,2025-08-26 19:27:47
4023,EURJPY,2025-07-25 11:00:00,173.035004,173.173,172.998,173.041,0,twelvedata,2025-08-26 19:27:47
4024,EURJPY,2025-07-25 12:00:00,173.042007,173.14,173.026001,173.054001,0,twelvedata,2025-08-26 19:27:47
4025,EURJPY,2025-07-25 13:00:00,173.052002,173.065002,172.843,172.87199,0,twelvedata,2025-08-26 19:27:47
4026,EURJPY,2025-07-25 14:00:00,172.87199,172.929,172.707,172.74001,0,twelvedata,2025-08-26 19:27:47
4027,EURJPY,2025-07-25 15:00:00,172.74001,172.80099,172.47501,172.599,0,twelvedata,2025-08-26 19:27:47
4028,EURJPY,2025-07-25 16:00:00,172.59801,172.89,172.556,172.759,0,twelvedata,2025-08-26 19:27:47
4029,EURJPY,2025-07-25 17:00:00,172.758,173.25,172.748,173.201,0,twelvedata,2025-08-26 19:27:47
4030,EURJPY,2025-07-25 18:00:00,173.201,173.60899,173.194,173.51199,0,twelvedata,2025-08-26 19:27:47
4031,EURJPY,2025-07-25 19:00:00,173.511,173.582,173.41,173.521,0,twelvedata,2025-08-26 19:27:47
4032,EURJPY,2025-07-25 20:00:00,173.52299,173.541,173.299,173.312,0,twelvedata,2025-08-26 19:27:47
4033,EURJPY,2025-07-25 21:00:00,173.311,173.33099,173.065002,173.093002,0,twelvedata,2025-08-26 19:27:47
4034,EURJPY,2025-07-25 22:00:00,173.093002,173.293,173.052994,173.256,0,twelvedata,2025-08-26 19:27:47
4035,EURJPY,2025-07-25 23:00:00,173.25999,173.28999,172.981,173.091003,0,twelvedata,2025-08-26 19:27:47
4036,EURJPY,2025-07-26 00:00:00,173.089996,173.31,173.050995,173.278,0,twelvedata,2025-08-26 19:27:47
4037,EURJPY,2025-07-26 01:00:00,173.276,173.388,173.214,173.33099,0,twelvedata,2025-08-26 19:27:47
4038,EURJPY,2025-07-26 02:00:00,173.33,173.33501,173.214,173.30099,0,twelvedata,2025-08-26 19:27:47
4039,EURJPY,2025-07-26 03:00:00,173.30099,173.36,173.283,173.313,0,twelvedata,2025-08-26 19:27:47
4040,EURJPY,2025-07-26 04:00:00,173.315,173.349,173.265,173.32001,0,twelvedata,2025-08-26 19:27:47
4041,EURJPY,2025-07-26 05:00:00,173.317,173.362,173.255,173.35201,0,twelvedata,2025-08-26 19:27:47
4042,EURJPY,2025-07-26 06:00:00,173.354,173.408,173.27699,173.314,0,twelvedata,2025-08-26 19:27:47
4043,EURJPY,2025-07-26 07:00:00,173.38699,173.38699,173.38699,173.38699,0,twelvedata,2025-08-26 19:27:47
4044,EURJPY,2025-07-28 09:00:00,173.74899,173.869,173.696,173.72301,0,twelvedata,2025-08-26 19:27:47
4045,EURJPY,2025-07-28 10:00:00,173.724,173.85001,173.62801,173.64799,0,twelvedata,2025-08-26 19:27:47
4046,EURJPY,2025-07-28 11:00:00,173.64999,173.827,173.59,173.772,0,twelvedata,2025-08-26 19:27:47
4047,EURJPY,2025-07-28 12:00:00,173.772,173.89999,173.74899,173.77499,0,twelvedata,2025-08-26 19:27:47
4048,EURJPY,2025-07-28 13:00:00,173.776,173.79401,173.616,173.658,0,twelvedata,2025-08-26 19:27:47
4049,EURJPY,2025-07-28 14:00:00,173.659,173.662,173.533,173.55701,0,twelvedata,2025-08-26 19:27:47
4050,EURJPY,2025-07-28 15:00:00,173.558,173.62,173.466,173.588,0,twelvedata,2025-08-26 19:27:47
4051,EURJPY,2025-07-28 16:00:00,173.588,173.776,173.487,173.493,0,twelvedata,2025-08-26 19:27:47
4052,EURJPY,2025-07-28 17:00:00,173.495,173.506,173.089996,173.125,0,twelvedata,2025-08-26 19:27:47
4053,EURJPY,2025-07-28 18:00:00,173.123,173.26801,173.098999,173.166,0,twelvedata,2025-08-26 19:27:47
4054,EURJPY,2025-07-28 19:00:00,173.16701,173.245,173.020004,173.116,0,twelvedata,2025-08-26 19:27:47
4055,EURJPY,2025-07-28 20:00:00,173.118,173.153,172.967,173.014008,0,twelvedata,2025-08-26 19:27:47
4056,EURJPY,2025-07-28 21:00:00,173.013,173.035004,172.48399,172.59599,0,twelvedata,2025-08-26 19:27:47
4057,EURJPY,2025-07-28 22:00:00,172.59801,172.73599,172.54201,172.599,0,twelvedata,2025-08-26 19:27:47
4058,EURJPY,2025-07-28 23:00:00,172.593,172.605,172.283,172.52,0,twelvedata,2025-08-26 19:27:47
4059,EURJPY,2025-07-29 00:00:00,172.519,172.562,172.394,172.552,0,twelvedata,2025-08-26 19:27:47
4060,EURJPY,2025-07-29 01:00:00,172.55099,172.58,172.341,172.342,0,twelvedata,2025-08-26 19:27:47
4061,EURJPY,2025-07-29 02:00:00,172.34399,172.382,172.217,172.228,0,twelvedata,2025-08-26 19:27:47
4062,EURJPY,2025-07-29 03:00:00,172.228,172.254,172.065002,172.168,0,twelvedata,2025-08-26 19:27:47
4063,EURJPY,2025-07-29 04:00:00,172.17,172.25101,172.085007,172.241,0,twelvedata,2025-08-26 19:27:47
4064,EURJPY,2025-07-29 05:00:00,172.244,172.244,172.142,172.19099,0,twelvedata,2025-08-26 19:27:47
4065,EURJPY,2025-07-29 06:00:00,172.192,172.228,172.082001,172.087006,0,twelvedata,2025-08-26 19:27:47
4066,EURJPY,2025-07-29 07:00:00,172.082001,172.187,172.024994,172.132,0,twelvedata,2025-08-26 19:27:47
4067,EURJPY,2025-07-29 08:00:00,172.16701,172.242,172.098999,172.172,0,twelvedata,2025-08-26 19:27:47
4068,EURJPY,2025-07-29 09:00:00,172.16,172.263,172.151,172.15401,0,twelvedata,2025-08-26 19:27:47
4069,EURJPY,2025-07-29 10:00:00,172.157,172.286,172.056,172.24699,0,twelvedata,2025-08-26 19:27:47
4070,EURJPY,2025-07-29 11:00:00,172.252,172.33099,172.069,172.224,0,twelvedata,2025-08-26 19:27:47
4071,EURJPY,2025-07-29 12:00:00,172.228,172.26401,171.97,172.033997,0,twelvedata,2025-08-26 19:27:47
4072,EURJPY,2025-07-29 13:00:00,172.033997,172.070007,171.8,171.84,0,twelvedata,2025-08-26 19:27:47
4073,EURJPY,2025-07-29 14:00:00,171.839,171.918,171.76199,171.911,0,twelvedata,2025-08-26 19:27:47
4074,EURJPY,2025-07-29 15:00:00,171.912,171.918,171.578,171.642,0,twelvedata,2025-08-26 19:27:47
4075,EURJPY,2025-07-29 16:00:00,171.642,171.726,171.267,171.30099,0,twelvedata,2025-08-26 19:27:47
4076,EURJPY,2025-07-29 17:00:00,171.299,171.67999,171.295,171.675,0,twelvedata,2025-08-26 19:27:47
4077,EURJPY,2025-07-29 18:00:00,171.67599,171.864,171.612,171.85899,0,twelvedata,2025-08-26 19:27:47
4078,EURJPY,2025-07-29 19:00:00,171.86301,172.080994,171.728,171.97,0,twelvedata,2025-08-26 19:27:47
4079,EURJPY,2025-07-29 20:00:00,171.97,172.028,171.89799,171.924,0,twelvedata,2025-08-26 19:27:47
4080,EURJPY,2025-07-29 21:00:00,171.92599,171.942,171.56799,171.616,0,twelvedata,2025-08-26 19:27:47
4081,EURJPY,2025-07-29 22:00:00,171.617,171.62801,171.37601,171.382,0,twelvedata,2025-08-26 19:27:47
4082,EURJPY,2025-07-29 23:00:00,171.38,171.535,171.3,171.507,0,twelvedata,2025-08-26 19:27:47
4083,EURJPY,2025-07-30 00:00:00,171.50301,171.561,171.082993,171.085999,0,twelvedata,2025-08-26 19:27:47
4084,EURJPY,2025-07-30 01:00:00,171.087006,171.38499,171.046005,171.356,0,twelvedata,2025-08-26 19:27:47
4085,EURJPY,2025-07-30 02:00:00,171.355,171.535,171.349,171.459,0,twelvedata,2025-08-26 19:27:47
4086,EURJPY,2025-07-30 03:00:00,171.46001,171.541,171.37199,171.38,0,twelvedata,2025-08-26 19:27:47
4087,EURJPY,2025-07-30 04:00:00,171.382,171.533,171.371,171.44099,0,twelvedata,2025-08-26 19:27:47
4088,EURJPY,2025-07-30 05:00:00,171.442,171.52299,171.424,171.51601,0,twelvedata,2025-08-26 19:27:47
4089,EURJPY,2025-07-30 06:00:00,171.51401,171.53799,171.34801,171.34801,0,twelvedata,2025-08-26 19:27:47
4090,EURJPY,2025-07-30 07:00:00,171.36301,171.524,171.33,171.416,0,twelvedata,2025-08-26 19:27:47
4091,EURJPY,2025-07-30 08:00:00,171.414,171.502,171.37,171.461,0,twelvedata,2025-08-26 19:27:47
4092,EURJPY,2025-07-30 09:00:00,171.48,171.548,171.431,171.436,0,twelvedata,2025-08-26 19:27:47
4093,EURJPY,2025-07-30 10:00:00,171.44,171.52901,171.23599,171.259,0,twelvedata,2025-08-26 19:27:47
4094,EURJPY,2025-07-30 11:00:00,171.256,171.32201,171.187,171.312,0,twelvedata,2025-08-26 19:27:47
4095,EURJPY,2025-07-30 12:00:00,171.308,171.32401,171.188,171.192,0,twelvedata,2025-08-26 19:27:47
4096,EURJPY,2025-07-30 13:00:00,171.19099,171.19299,171.026993,171.078003,0,twelvedata,2025-08-26 19:27:47
4097,EURJPY,2025-07-30 14:00:00,171.078995,171.173,171.039001,171.13499,0,twelvedata,2025-08-26 19:27:47
4098,EURJPY,2025-07-30 15:00:00,171.13499,171.14101,170.892,170.965,0,twelvedata,2025-08-26 19:27:47
4099,EURJPY,2025-07-30 16:00:00,170.96899,171.046005,170.89301,170.91499,0,twelvedata,2025-08-26 19:27:47
4100,EURJPY,2025-07-30 17:00:00,170.914,171.166,170.862,171.082993,0,twelvedata,2025-08-26 19:27:47
4101,EURJPY,2025-07-30 18:00:00,171.082001,171.118,170.968,170.996,0,twelvedata,2025-08-26 19:27:47
4102,EURJPY,2025-07-30 19:00:00,170.98801,171.044998,170.87,171.0090027,0,twelvedata,2025-08-26 19:27:47
4103,EURJPY,2025-07-30 20:00:00,171.0070038,171.12,170.976,170.978,0,twelvedata,2025-08-26 19:27:47
4104,EURJPY,2025-07-30 21:00:00,170.979,171.016998,170.789,171.016006,0,twelvedata,2025-08-26 19:27:47
4105,EURJPY,2025-07-30 22:00:00,171.014999,171.056,170.72701,170.77499,0,twelvedata,2025-08-26 19:27:47
4106,EURJPY,2025-07-30 23:00:00,170.77299,170.957,170.698,170.952,0,twelvedata,2025-08-26 19:27:47
4107,EURJPY,2025-07-31 00:00:00,170.953,171.024002,170.86,170.96899,0,twelvedata,2025-08-26 19:27:47
4108,EURJPY,2025-07-31 01:00:00,170.97099,171.046005,170.92599,170.968,0,twelvedata,2025-08-26 19:27:47
4109,EURJPY,2025-07-31 02:00:00,170.96899,171.014999,170.866,170.882,0,twelvedata,2025-08-26 19:27:47
4110,EURJPY,2025-07-31 03:00:00,170.883,170.92,170.76801,170.778,0,twelvedata,2025-08-26 19:27:47
4111,EURJPY,2025-07-31 04:00:00,170.78101,170.92,170.56799,170.618,0,twelvedata,2025-08-26 19:27:47
4112,EURJPY,2025-07-31 05:00:00,170.623,170.70399,170.496,170.68401,0,twelvedata,2025-08-26 19:27:47
4113,EURJPY,2025-07-31 06:00:00,170.687,170.75101,170.44099,170.47501,0,twelvedata,2025-08-26 19:27:47
4114,EURJPY,2025-07-31 07:00:00,170.45,170.56,170.399,170.49699,0,twelvedata,2025-08-26 19:27:47
4115,EURJPY,2025-07-31 08:00:00,170.494,170.63,170.414,170.57001,0,twelvedata,2025-08-26 19:27:47
4116,EURJPY,2025-07-31 09:00:00,170.558,170.673,170.52,170.52901,0,twelvedata,2025-08-26 19:27:47
4117,EURJPY,2025-07-31 10:00:00,170.53101,170.78799,170.517,170.715,0,twelvedata,2025-08-26 19:27:47
4118,EURJPY,2025-07-31 11:00:00,170.717,170.717,170.267,170.28799,0,twelvedata,2025-08-26 19:27:47
4119,EURJPY,2025-07-31 12:00:00,170.289,170.304,169.892,170.10201,0,twelvedata,2025-08-26 19:27:47
4120,EURJPY,2025-07-31 13:00:00,170.10201,170.112,169.718,169.914,0,twelvedata,2025-08-26 19:27:47
4121,EURJPY,2025-07-31 14:00:00,169.916,170.269,169.88699,170.26199,0,twelvedata,2025-08-26 19:27:47
4122,EURJPY,2025-07-31 15:00:00,170.258,170.35899,170.10001,170.155,0,twelvedata,2025-08-26 19:27:47
4123,EURJPY,2025-07-31 16:00:00,170.153,170.69299,170.125,170.588,0,twelvedata,2025-08-26 19:27:47
4124,EURJPY,2025-07-31 17:00:00,170.58701,171.289,170.519,171.035004,0,twelvedata,2025-08-26 19:27:47
4125,EURJPY,2025-07-31 18:00:00,171.035004,171.35899,170.942,171.327,0,twelvedata,2025-08-26 19:27:47
4126,EURJPY,2025-07-31 19:00:00,171.327,171.491,171.214,171.44099,0,twelvedata,2025-08-26 19:27:47
4127,EURJPY,2025-07-31 20:00:00,171.44,171.584,171.289,171.528,0,twelvedata,2025-08-26 19:27:47
4128,EURJPY,2025-07-31 21:00:00,171.528,171.681,171.442,171.589,0,twelvedata,2025-08-26 19:27:47
4129,EURJPY,2025-07-31 22:00:00,171.589,171.72701,171.438,171.642,0,twelvedata,2025-08-26 19:27:47
4130,EURJPY,2025-07-31 23:00:00,171.668,171.84,171.492,171.813,0,twelvedata,2025-08-26 19:27:47
4131,EURJPY,2025-08-01 00:00:00,171.811,172.28799,171.739,172.216,0,twelvedata,2025-08-26 19:27:47
4132,EURJPY,2025-08-01 01:00:00,172.215,172.29201,172.072998,172.13699,0,twelvedata,2025-08-26 19:27:47
4133,EURJPY,2025-08-01 02:00:00,172.144,172.317,172.101,172.121,0,twelvedata,2025-08-26 19:27:47
4134,EURJPY,2025-08-01 03:00:00,172.12,172.12601,171.924,172.044998,0,twelvedata,2025-08-26 19:27:47
4135,EURJPY,2025-08-01 04:00:00,172.050003,172.31599,172.033997,172.258,0,twelvedata,2025-08-26 19:27:47
4136,EURJPY,2025-08-01 05:00:00,172.26199,172.334,172.087997,172.095993,0,twelvedata,2025-08-26 19:27:47
4137,EURJPY,2025-08-01 06:00:00,172.093002,172.161,171.94901,172.052002,0,twelvedata,2025-08-26 19:27:47
4138,EURJPY,2025-08-01 07:00:00,172.0099945,172.138,171.94501,172.050003,0,twelvedata,2025-08-26 19:27:47
4139,EURJPY,2025-08-01 08:00:00,172.052002,172.17599,172.016006,172.067993,0,twelvedata,2025-08-26 19:27:47
4140,EURJPY,2025-08-01 09:00:00,172.10899,172.27699,172.026993,172.252,0,twelvedata,2025-08-26 19:27:47
4141,EURJPY,2025-08-01 10:00:00,172.248,172.30299,172.065994,172.202,0,twelvedata,2025-08-26 19:27:47
4142,EURJPY,2025-08-01 11:00:00,172.205,172.386,172.080002,172.134,0,twelvedata,2025-08-26 19:27:47
4143,EURJPY,2025-08-01 12:00:00,172.13499,172.15601,171.96001,172.033005,0,twelvedata,2025-08-26 19:27:47
4144,EURJPY,2025-08-01 13:00:00,172.035995,172.093994,171.924,171.94299,0,twelvedata,2025-08-26 19:27:47
4145,EURJPY,2025-08-01 14:00:00,171.94,172.022995,171.901,171.974,0,twelvedata,2025-08-26 19:27:47
4146,EURJPY,2025-08-01 15:00:00,171.978,172.014008,171.924,172.0010071,0,twelvedata,2025-08-26 19:27:47
4147,EURJPY,2025-08-01 16:00:00,172.0059967,172.226,171.98801,172.13,0,twelvedata,2025-08-26 19:27:47
4148,EURJPY,2025-08-01 17:00:00,172.12801,172.162,171.82401,171.894,0,twelvedata,2025-08-26 19:27:47
4149,EURJPY,2025-08-01 18:00:00,171.894,171.939,171.746,171.77699,0,twelvedata,2025-08-26 19:27:47
4150,EURJPY,2025-08-01 19:00:00,171.77499,171.834,171.485,171.588,0,twelvedata,2025-08-26 19:27:47
4151,EURJPY,2025-08-01 20:00:00,171.58701,171.69701,171.545,171.586,0,twelvedata,2025-08-26 19:27:47
4152,EURJPY,2025-08-01 21:00:00,171.591,171.69901,171.552,171.658,0,twelvedata,2025-08-26 19:27:47
4153,EURJPY,2025-08-01 22:00:00,171.66,171.983,171.34801,171.603,0,twelvedata,2025-08-26 19:27:47
4154,EURJPY,2025-08-01 23:00:00,171.601,171.612,171.127,171.209,0,twelvedata,2025-08-26 19:27:47
4155,EURJPY,2025-08-02 00:00:00,171.19701,171.436,170.894,171.12801,0,twelvedata,2025-08-26 19:27:47
4156,EURJPY,2025-08-02 01:00:00,171.129,171.16299,170.843,171.065994,0,twelvedata,2025-08-26 19:27:47
4157,EURJPY,2025-08-02 02:00:00,171.065994,171.098999,170.563,170.582,0,twelvedata,2025-08-26 19:27:47
4158,EURJPY,2025-08-02 03:00:00,170.58299,170.62,170.28,170.452,0,twelvedata,2025-08-26 19:27:47
4159,EURJPY,2025-08-02 04:00:00,170.452,170.57401,170.33501,170.408,0,twelvedata,2025-08-26 19:27:47
4160,EURJPY,2025-08-02 05:00:00,170.408,170.69,170.37801,170.57001,0,twelvedata,2025-08-26 19:27:47
4161,EURJPY,2025-08-02 06:00:00,170.57001,170.903,170.53,170.731,0,twelvedata,2025-08-26 19:27:47
4162,EURJPY,2025-08-02 07:00:00,170.798,170.798,170.798,170.798,0,twelvedata,2025-08-26 19:27:47
4163,EURJPY,2025-08-04 09:00:00,170.567,170.745,170.49001,170.737,0,twelvedata,2025-08-26 19:27:47
4164,EURJPY,2025-08-04 10:00:00,170.73801,170.77299,170.51401,170.65199,0,twelvedata,2025-08-26 19:27:47
4165,EURJPY,2025-08-04 11:00:00,170.65601,171.018997,170.616,170.978,0,twelvedata,2025-08-26 19:27:47
4166,EURJPY,2025-08-04 12:00:00,170.981,171.144,170.847,171.085007,0,twelvedata,2025-08-26 19:27:47
4167,EURJPY,2025-08-04 13:00:00,171.082001,171.10699,170.92,171.0099945,0,twelvedata,2025-08-26 19:27:47
4168,EURJPY,2025-08-04 14:00:00,171.011993,171.026993,170.92,170.938,0,twelvedata,2025-08-26 19:27:47
4169,EURJPY,2025-08-04 15:00:00,170.938,171.085007,170.925,170.989,0,twelvedata,2025-08-26 19:27:47
4170,EURJPY,2025-08-04 16:00:00,170.987,171.072998,170.741,170.84,0,twelvedata,2025-08-26 19:27:47
4171,EURJPY,2025-08-04 17:00:00,170.842,171.085007,170.802,171.0039978,0,twelvedata,2025-08-26 19:27:47
4172,EURJPY,2025-08-04 18:00:00,171.0050049,171.161,170.912,170.933,0,twelvedata,2025-08-26 19:27:47
4173,EURJPY,2025-08-04 19:00:00,170.933,171.050003,170.836,170.936,0,twelvedata,2025-08-26 19:27:47
4174,EURJPY,2025-08-04 20:00:00,170.93201,170.95399,170.787,170.802,0,twelvedata,2025-08-26 19:27:47
4175,EURJPY,2025-08-04 21:00:00,170.80099,170.856,170.42799,170.42999,0,twelvedata,2025-08-26 19:27:47
4176,EURJPY,2025-08-04 22:00:00,170.42999,170.52699,170.32001,170.375,0,twelvedata,2025-08-26 19:27:47
4177,EURJPY,2025-08-04 23:00:00,170.377,170.54601,170.226,170.258,0,twelvedata,2025-08-26 19:27:47
4178,EURJPY,2025-08-05 00:00:00,170.25999,170.355,170.116,170.254,0,twelvedata,2025-08-26 19:27:47
4179,EURJPY,2025-08-05 01:00:00,170.255,170.49699,170.145,170.14999,0,twelvedata,2025-08-26 19:27:47
4180,EURJPY,2025-08-05 02:00:00,170.14999,170.198,170.067993,170.14999,0,twelvedata,2025-08-26 19:27:47
4181,EURJPY,2025-08-05 03:00:00,170.14799,170.198,170.039993,170.082993,0,twelvedata,2025-08-26 19:27:47
4182,EURJPY,2025-08-05 04:00:00,170.080002,170.119,169.901,169.94299,0,twelvedata,2025-08-26 19:27:47
4183,EURJPY,2025-08-05 05:00:00,169.94299,170.084,169.942,170.080994,0,twelvedata,2025-08-26 19:27:47
4184,EURJPY,2025-08-05 06:00:00,170.078003,170.252,170.076996,170.14301,0,twelvedata,2025-08-26 19:27:47
4185,EURJPY,2025-08-05 07:00:00,170.177,170.29201,170.003006,170.155,0,twelvedata,2025-08-26 19:27:47
4186,EURJPY,2025-08-05 08:00:00,170.14999,170.207,170.050995,170.132,0,twelvedata,2025-08-26 19:27:47
4187,EURJPY,2025-08-05 09:00:00,170.114,170.14799,169.922,170.042007,0,twelvedata,2025-08-26 19:27:47
4188,EURJPY,2025-08-05 10:00:00,170.042007,170.19299,169.89101,170.020996,0,twelvedata,2025-08-26 19:27:47
4189,EURJPY,2025-08-05 11:00:00,170.020004,170.106,169.942,170.042999,0,twelvedata,2025-08-26 19:27:47
4190,EURJPY,2025-08-05 12:00:00,170.048004,170.151,170.024994,170.149,0,twelvedata,2025-08-26 19:27:47
4191,EURJPY,2025-08-05 13:00:00,170.15199,170.18401,170.078003,170.11099,0,twelvedata,2025-08-26 19:27:47
4192,EURJPY,2025-08-05 14:00:00,170.114,170.15601,169.923,170.0019989,0,twelvedata,2025-08-26 19:27:47
4193,EURJPY,2025-08-05 15:00:00,170.0019989,170.035995,169.92,169.957,0,twelvedata,2025-08-26 19:27:47
4194,EURJPY,2025-08-05 16:00:00,169.959,170.19,169.815,170.177,0,twelvedata,2025-08-26 19:27:47
4195,EURJPY,2025-08-05 17:00:00,170.177,170.27499,170.063995,170.174,0,twelvedata,2025-08-26 19:27:47
4196,EURJPY,2025-08-05 18:00:00,170.175,170.27499,170.089005,170.258,0,twelvedata,2025-08-26 19:27:47
4197,EURJPY,2025-08-05 19:00:00,170.259,170.408,170.129,170.39,0,twelvedata,2025-08-26 19:27:47
4198,EURJPY,2025-08-05 20:00:00,170.392,170.50999,170.35699,170.412,0,twelvedata,2025-08-26 19:27:47
4199,EURJPY,2025-08-05 21:00:00,170.414,170.446,170.239,170.356,0,twelvedata,2025-08-26 19:27:47
4200,EURJPY,2025-08-05 22:00:00,170.358,170.444,170.23399,170.362,0,twelvedata,2025-08-26 19:27:47
4201,EURJPY,2025-08-05 23:00:00,170.36301,170.54401,170.31,170.416,0,twelvedata,2025-08-26 19:27:47
4202,EURJPY,2025-08-06 00:00:00,170.41499,170.53999,170.25,170.52299,0,twelvedata,2025-08-26 19:27:47
4203,EURJPY,2025-08-06 01:00:00,170.521,170.814,170.489,170.78999,0,twelvedata,2025-08-26 19:27:47
4204,EURJPY,2025-08-06 02:00:00,170.789,170.91299,170.776,170.895,0,twelvedata,2025-08-26 19:27:47
4205,EURJPY,2025-08-06 03:00:00,170.89799,170.935,170.808,170.91499,0,twelvedata,2025-08-26 19:27:47
4206,EURJPY,2025-08-06 04:00:00,170.914,170.944,170.82401,170.83501,0,twelvedata,2025-08-26 19:27:47
4207,EURJPY,2025-08-06 05:00:00,170.836,170.877,170.798,170.819,0,twelvedata,2025-08-26 19:27:47
4208,EURJPY,2025-08-06 06:00:00,170.82001,170.89999,170.75301,170.842,0,twelvedata,2025-08-26 19:27:47
4209,EURJPY,2025-08-06 07:00:00,170.84,170.864,170.674,170.798,0,twelvedata,2025-08-26 19:27:47
4210,EURJPY,2025-08-06 08:00:00,170.774,170.856,170.744,170.81799,0,twelvedata,2025-08-26 19:27:47
4211,EURJPY,2025-08-06 09:00:00,170.823,170.929,170.806,170.813,0,twelvedata,2025-08-26 19:27:47
4212,EURJPY,2025-08-06 10:00:00,170.812,170.858,170.70599,170.80901,0,twelvedata,2025-08-26 19:27:47
4213,EURJPY,2025-08-06 11:00:00,170.808,170.908,170.742,170.838,0,twelvedata,2025-08-26 19:27:47
4214,EURJPY,2025-08-06 12:00:00,170.834,170.896,170.702,170.71001,0,twelvedata,2025-08-26 19:27:47
4215,EURJPY,2025-08-06 13:00:00,170.71001,170.73,170.61,170.68401,0,twelvedata,2025-08-26 19:27:47
4216,EURJPY,2025-08-06 14:00:00,170.683,170.759,170.632,170.664,0,twelvedata,2025-08-26 19:27:47
4217,EURJPY,2025-08-06 15:00:00,170.66701,170.834,170.649,170.726,0,twelvedata,2025-08-26 19:27:47
4218,EURJPY,2025-08-06 16:00:00,170.72701,170.89799,170.672,170.838,0,twelvedata,2025-08-26 19:27:47
4219,EURJPY,2025-08-06 17:00:00,170.839,170.94299,170.827,170.888,0,twelvedata,2025-08-26 19:27:47
4220,EURJPY,2025-08-06 18:00:00,170.89,171.11099,170.871,171.082993,0,twelvedata,2025-08-26 19:27:47
4221,EURJPY,2025-08-06 19:00:00,171.076004,171.267,171.074997,171.252,0,twelvedata,2025-08-26 19:27:47
4222,EURJPY,2025-08-06 20:00:00,171.25101,171.45799,171.244,171.295,0,twelvedata,2025-08-26 19:27:47
4223,EURJPY,2025-08-06 21:00:00,171.298,171.30499,171.168,171.202,0,twelvedata,2025-08-26 19:27:47
4224,EURJPY,2025-08-06 22:00:00,171.202,171.427,171.17101,171.375,0,twelvedata,2025-08-26 19:27:47
4225,EURJPY,2025-08-06 23:00:00,171.37601,171.435,171.203,171.33099,0,twelvedata,2025-08-26 19:27:47
4226,EURJPY,2025-08-07 00:00:00,171.32401,171.437,171.256,171.37399,0,twelvedata,2025-08-26 19:27:47
4227,EURJPY,2025-08-07 01:00:00,171.37,171.655,171.336,171.496,0,twelvedata,2025-08-26 19:27:47
4228,EURJPY,2025-08-07 02:00:00,171.496,171.537,171.416,171.427,0,twelvedata,2025-08-26 19:27:47
4229,EURJPY,2025-08-07 03:00:00,171.42999,171.62399,171.42599,171.51601,0,twelvedata,2025-08-26 19:27:47
4230,EURJPY,2025-08-07 04:00:00,171.519,171.573,171.452,171.51199,0,twelvedata,2025-08-26 19:27:47
4231,EURJPY,2025-08-07 05:00:00,171.511,171.591,171.49899,171.562,0,twelvedata,2025-08-26 19:27:47
4232,EURJPY,2025-08-07 06:00:00,171.56,171.989,171.545,171.813,0,twelvedata,2025-08-26 19:27:47
4233,EURJPY,2025-08-07 07:00:00,171.81,171.895,171.629,171.76601,0,twelvedata,2025-08-26 19:27:47
4234,EURJPY,2025-08-07 08:00:00,171.77299,171.832,171.675,171.716,0,twelvedata,2025-08-26 19:27:47
4235,EURJPY,2025-08-07 09:00:00,171.717,171.742,171.62601,171.68201,0,twelvedata,2025-08-26 19:27:47
4236,EURJPY,2025-08-07 10:00:00,171.68401,171.992,171.66,171.98,0,twelvedata,2025-08-26 19:27:47
4237,EURJPY,2025-08-07 11:00:00,171.978,172.085007,171.927,171.952,0,twelvedata,2025-08-26 19:27:47
4238,EURJPY,2025-08-07 12:00:00,171.95399,172.052994,171.92599,172.029999,0,twelvedata,2025-08-26 19:27:47
4239,EURJPY,2025-08-07 13:00:00,172.031998,172.16701,171.998,172.072006,0,twelvedata,2025-08-26 19:27:47
4240,EURJPY,2025-08-07 14:00:00,172.070999,172.13901,171.892,171.93201,0,twelvedata,2025-08-26 19:27:47
4241,EURJPY,2025-08-07 15:00:00,171.93201,171.979,171.87199,171.955,0,twelvedata,2025-08-26 19:27:47
4242,EURJPY,2025-08-07 16:00:00,171.95599,171.979,171.44701,171.47701,0,twelvedata,2025-08-26 19:27:47
4243,EURJPY,2025-08-07 17:00:00,171.48,171.65199,171.396,171.616,0,twelvedata,2025-08-26 19:27:47
4244,EURJPY,2025-08-07 18:00:00,171.616,171.996,171.577,171.897,0,twelvedata,2025-08-26 19:27:47
4245,EURJPY,2025-08-07 19:00:00,171.896,172.033005,171.896,171.968,0,twelvedata,2025-08-26 19:27:47
4246,EURJPY,2025-08-07 20:00:00,171.97501,172.020996,171.83701,171.944,0,twelvedata,2025-08-26 19:27:47
4247,EURJPY,2025-08-07 21:00:00,171.94701,172.014008,171.532,171.548,0,twelvedata,2025-08-26 19:27:47
4248,EURJPY,2025-08-07 22:00:00,171.545,171.616,171.41701,171.61301,0,twelvedata,2025-08-26 19:27:47
4249,EURJPY,2025-08-07 23:00:00,171.612,171.65401,171.424,171.476,0,twelvedata,2025-08-26 19:27:47
4250,EURJPY,2025-08-08 00:00:00,171.47701,171.517,171.32201,171.45599,0,twelvedata,2025-08-26 19:27:47
4251,EURJPY,2025-08-08 01:00:00,171.455,171.571,171.35899,171.54201,0,twelvedata,2025-08-26 19:27:47
4252,EURJPY,2025-08-08 02:00:00,171.541,171.601,171.47301,171.508,0,twelvedata,2025-08-26 19:27:47
4253,EURJPY,2025-08-08 03:00:00,171.509,171.618,171.493,171.504,0,twelvedata,2025-08-26 19:27:47
4254,EURJPY,2025-08-08 04:00:00,171.505,171.569,171.461,171.507,0,twelvedata,2025-08-26 19:27:47
4255,EURJPY,2025-08-08 05:00:00,171.508,171.521,171.271,171.423,0,twelvedata,2025-08-26 19:27:47
4256,EURJPY,2025-08-08 06:00:00,171.42599,171.673,171.408,171.618,0,twelvedata,2025-08-26 19:27:47
4257,EURJPY,2025-08-08 07:00:00,171.619,171.68401,171.442,171.53,0,twelvedata,2025-08-26 19:27:47
4258,EURJPY,2025-08-08 08:00:00,171.53,171.60201,171.382,171.51601,0,twelvedata,2025-08-26 19:27:47
4259,EURJPY,2025-08-08 09:00:00,171.534,171.548,171.36501,171.427,0,twelvedata,2025-08-26 19:27:47
4260,EURJPY,2025-08-08 10:00:00,171.43201,171.798,171.364,171.767,0,twelvedata,2025-08-26 19:27:47
4261,EURJPY,2025-08-08 11:00:00,171.76801,171.80901,171.661,171.701,0,twelvedata,2025-08-26 19:27:47
4262,EURJPY,2025-08-08 12:00:00,171.705,171.759,171.63499,171.65199,0,twelvedata,2025-08-26 19:27:47
4263,EURJPY,2025-08-08 13:00:00,171.65601,171.729,171.608,171.63,0,twelvedata,2025-08-26 19:27:47
4264,EURJPY,2025-08-08 14:00:00,171.62801,171.662,171.552,171.57201,0,twelvedata,2025-08-26 19:27:47
4265,EURJPY,2025-08-08 15:00:00,171.57401,171.62801,171.45,171.608,0,twelvedata,2025-08-26 19:27:47
4266,EURJPY,2025-08-08 16:00:00,171.61501,171.75,171.533,171.642,0,twelvedata,2025-08-26 19:27:47
4267,EURJPY,2025-08-08 17:00:00,171.64301,171.877,171.487,171.776,0,twelvedata,2025-08-26 19:27:47
4268,EURJPY,2025-08-08 18:00:00,171.772,171.873,171.61,171.825,0,twelvedata,2025-08-26 19:27:47
4269,EURJPY,2025-08-08 19:00:00,171.82401,171.965,171.756,171.964,0,twelvedata,2025-08-26 19:27:47
4270,EURJPY,2025-08-08 20:00:00,171.964,171.993,171.89,171.983,0,twelvedata,2025-08-26 19:27:47
4271,EURJPY,2025-08-08 21:00:00,171.981,172.162,171.96899,172.12,0,twelvedata,2025-08-26 19:27:47
4272,EURJPY,2025-08-08 22:00:00,172.12,172.243,172.033005,172.12601,0,twelvedata,2025-08-26 19:27:47
4273,EURJPY,2025-08-08 23:00:00,172.12399,172.30099,172.063995,172.269,0,twelvedata,2025-08-26 19:27:47
4274,EURJPY,2025-08-09 00:00:00,172.26601,172.33299,172.188,172.304,0,twelvedata,2025-08-26 19:27:47
4275,EURJPY,2025-08-09 01:00:00,172.30499,172.342,172.215,172.233,0,twelvedata,2025-08-26 19:27:47
4276,EURJPY,2025-08-09 02:00:00,172.233,172.27901,172.14799,172.215,0,twelvedata,2025-08-26 19:27:47
4277,EURJPY,2025-08-09 03:00:00,172.216,172.306,172.162,172.256,0,twelvedata,2025-08-26 19:27:47
4278,EURJPY,2025-08-09 04:00:00,172.25999,172.25999,172.10201,172.12601,0,twelvedata,2025-08-26 19:27:47
4279,EURJPY,2025-08-09 05:00:00,172.127,172.14301,171.97301,172.031006,0,twelvedata,2025-08-26 19:27:47
4280,EURJPY,2025-08-09 06:00:00,172.028,172.057999,171.88,171.929,0,twelvedata,2025-08-26 19:27:47
4281,EURJPY,2025-08-09 07:00:00,171.974,171.974,171.974,171.974,0,twelvedata,2025-08-26 19:27:47
4282,EURJPY,2025-08-11 09:00:00,172.057007,172.080002,171.972,171.983,0,twelvedata,2025-08-26 19:27:47
4283,EURJPY,2025-08-11 10:00:00,171.98,172.0010071,171.88,171.98399,0,twelvedata,2025-08-26 19:27:47
4284,EURJPY,2025-08-11 11:00:00,171.989,172.098999,171.948,172.098007,0,twelvedata,2025-08-26 19:27:47
4285,EURJPY,2025-08-11 12:00:00,172.098007,172.17101,172.087997,172.138,0,twelvedata,2025-08-26 19:27:47
4286,EURJPY,2025-08-11 13:00:00,172.13499,172.2,172.097,172.12399,0,twelvedata,2025-08-26 19:27:47
4287,EURJPY,2025-08-11 14:00:00,172.12601,172.164,172.106,172.138,0,twelvedata,2025-08-26 19:27:47
4288,EURJPY,2025-08-11 15:00:00,172.13499,172.164,172.10201,172.144,0,twelvedata,2025-08-26 19:27:47
4289,EURJPY,2025-08-11 16:00:00,172.145,172.189,172.10001,172.15401,0,twelvedata,2025-08-26 19:27:47
4290,EURJPY,2025-08-11 17:00:00,172.15401,172.173,171.63699,171.658,0,twelvedata,2025-08-26 19:27:47
4291,EURJPY,2025-08-11 18:00:00,171.661,171.979,171.59801,171.922,0,twelvedata,2025-08-26 19:27:47
4292,EURJPY,2025-08-11 19:00:00,171.92101,171.95599,171.808,171.922,0,twelvedata,2025-08-26 19:27:47
4293,EURJPY,2025-08-11 20:00:00,171.92101,172.085007,171.91901,172.067001,0,twelvedata,2025-08-26 19:27:47
4294,EURJPY,2025-08-11 21:00:00,172.063995,172.142,171.87601,171.944,0,twelvedata,2025-08-26 19:27:47
4295,EURJPY,2025-08-11 22:00:00,171.94701,171.97099,171.752,171.754,0,twelvedata,2025-08-26 19:27:47
4296,EURJPY,2025-08-11 23:00:00,171.755,171.93401,171.73399,171.83299,0,twelvedata,2025-08-26 19:27:47
4297,EURJPY,2025-08-12 00:00:00,171.83299,171.888,171.548,171.668,0,twelvedata,2025-08-26 19:27:47
4298,EURJPY,2025-08-12 01:00:00,171.672,171.78101,171.605,171.767,0,twelvedata,2025-08-26 19:27:47
4299,EURJPY,2025-08-12 02:00:00,171.77,171.806,171.70799,171.776,0,twelvedata,2025-08-26 19:27:47
4300,EURJPY,2025-08-12 03:00:00,171.77699,171.849,171.728,171.832,0,twelvedata,2025-08-26 19:27:47
4301,EURJPY,2025-08-12 04:00:00,171.83,172.057999,171.817,172.016006,0,twelvedata,2025-08-26 19:27:47
4302,EURJPY,2025-08-12 05:00:00,172.018005,172.026001,171.944,172.014999,0,twelvedata,2025-08-26 19:27:47
4303,EURJPY,2025-08-12 06:00:00,172.016998,172.12801,172.0039978,172.065994,0,twelvedata,2025-08-26 19:27:47
4304,EURJPY,2025-08-12 07:00:00,172.035995,172.12601,171.841,172.0079956,0,twelvedata,2025-08-26 19:27:47
4305,EURJPY,2025-08-12 08:00:00,172.0070038,172.12,172.0059967,172.091995,0,twelvedata,2025-08-26 19:27:47
4306,EURJPY,2025-08-12 09:00:00,172.101,172.149,172.067001,172.095993,0,twelvedata,2025-08-26 19:27:47
4307,EURJPY,2025-08-12 10:00:00,172.097,172.414,172.089005,172.373,0,twelvedata,2025-08-26 19:27:47
4308,EURJPY,2025-08-12 11:00:00,172.37,172.375,172.263,172.312,0,twelvedata,2025-08-26 19:27:47
4309,EURJPY,2025-08-12 12:00:00,172.313,172.407,172.278,172.356,0,twelvedata,2025-08-26 19:27:47
4310,EURJPY,2025-08-12 13:00:00,172.354,172.491,172.33,172.464,0,twelvedata,2025-08-26 19:27:47
4311,EURJPY,2025-08-12 14:00:00,172.467,172.517,172.414,172.49699,0,twelvedata,2025-08-26 19:27:47
4312,EURJPY,2025-08-12 15:00:00,172.496,172.50999,172.164,172.27299,0,twelvedata,2025-08-26 19:27:47
4313,EURJPY,2025-08-12 16:00:00,172.27699,172.362,172.078003,172.12601,0,twelvedata,2025-08-26 19:27:47
4314,EURJPY,2025-08-12 17:00:00,172.12399,172.325,172.12199,172.283,0,twelvedata,2025-08-26 19:27:47
4315,EURJPY,2025-08-12 18:00:00,172.284,172.442,172.25301,172.38699,0,twelvedata,2025-08-26 19:27:47
4316,EURJPY,2025-08-12 19:00:00,172.386,172.41701,172.188,172.32201,0,twelvedata,2025-08-26 19:27:47
4317,EURJPY,2025-08-12 20:00:00,172.323,172.37,172.272,172.368,0,twelvedata,2025-08-26 19:27:47
4318,EURJPY,2025-08-12 21:00:00,172.367,172.386,172.21001,172.27,0,twelvedata,2025-08-26 19:27:47
4319,EURJPY,2025-08-12 22:00:00,172.267,172.534,172.095001,172.345,0,twelvedata,2025-08-26 19:27:47
4320,EURJPY,2025-08-12 23:00:00,172.34399,172.70599,172.162,172.689,0,twelvedata,2025-08-26 19:27:47
4321,EURJPY,2025-08-13 00:00:00,172.68401,172.84599,172.619,172.72501,0,twelvedata,2025-08-26 19:27:47
4322,EURJPY,2025-08-13 01:00:00,172.72301,172.853,172.496,172.517,0,twelvedata,2025-08-26 19:27:47
4323,EURJPY,2025-08-13 02:00:00,172.51801,172.589,172.43401,172.524,0,twelvedata,2025-08-26 19:27:47
4324,EURJPY,2025-08-13 03:00:00,172.522,172.54601,172.44099,172.487,0,twelvedata,2025-08-26 19:27:47
4325,EURJPY,2025-08-13 04:00:00,172.48801,172.52901,172.31599,172.386,0,twelvedata,2025-08-26 19:27:47
4326,EURJPY,2025-08-13 05:00:00,172.384,172.508,172.358,172.50101,0,twelvedata,2025-08-26 19:27:47
4327,EURJPY,2025-08-13 06:00:00,172.49899,172.62199,172.468,172.591,0,twelvedata,2025-08-26 19:27:47
4328,EURJPY,2025-08-13 07:00:00,172.592,172.61301,172.355,172.59399,0,twelvedata,2025-08-26 19:27:47
4329,EURJPY,2025-08-13 08:00:00,172.58,172.612,172.489,172.57001,0,twelvedata,2025-08-26 19:27:47
4330,EURJPY,2025-08-13 09:00:00,172.567,172.604,172.51801,172.561,0,twelvedata,2025-08-26 19:27:47
4331,EURJPY,2025-08-13 10:00:00,172.55901,172.642,172.453,172.629,0,twelvedata,2025-08-26 19:27:47
4332,EURJPY,2025-08-13 11:00:00,172.63,172.93401,172.576,172.881,0,twelvedata,2025-08-26 19:27:47
4333,EURJPY,2025-08-13 12:00:00,172.88,173.0010071,172.871,172.94099,0,twelvedata,2025-08-26 19:27:47
4334,EURJPY,2025-08-13 13:00:00,172.942,173.0099945,172.907,172.91701,0,twelvedata,2025-08-26 19:27:47
4335,EURJPY,2025-08-13 14:00:00,172.918,173.018005,172.838,172.842,0,twelvedata,2025-08-26 19:27:47
4336,EURJPY,2025-08-13 15:00:00,172.84,172.907,172.718,172.769,0,twelvedata,2025-08-26 19:27:47
4337,EURJPY,2025-08-13 16:00:00,172.774,172.841,172.69701,172.783,0,twelvedata,2025-08-26 19:27:47
4338,EURJPY,2025-08-13 17:00:00,172.787,172.845,172.61099,172.726,0,twelvedata,2025-08-26 19:27:47
4339,EURJPY,2025-08-13 18:00:00,172.724,172.742,172.435,172.507,0,twelvedata,2025-08-26 19:27:47
4340,EURJPY,2025-08-13 19:00:00,172.509,172.701,172.472,172.67101,0,twelvedata,2025-08-26 19:27:47
4341,EURJPY,2025-08-13 20:00:00,172.66701,172.739,172.621,172.70799,0,twelvedata,2025-08-26 19:27:47
4342,EURJPY,2025-08-13 21:00:00,172.70799,172.80701,172.58,172.597,0,twelvedata,2025-08-26 19:27:47
4343,EURJPY,2025-08-13 22:00:00,172.59599,172.623,172.396,172.44901,0,twelvedata,2025-08-26 19:27:47
4344,EURJPY,2025-08-13 23:00:00,172.448,172.481,172.271,172.297,0,twelvedata,2025-08-26 19:27:47
4345,EURJPY,2025-08-14 00:00:00,172.29601,172.513,172.23,172.451,0,twelvedata,2025-08-26 19:27:47
4346,EURJPY,2025-08-14 01:00:00,172.45,172.582,172.33,172.48,0,twelvedata,2025-08-26 19:27:47
4347,EURJPY,2025-08-14 02:00:00,172.481,172.52901,172.44099,172.493,0,twelvedata,2025-08-26 19:27:47
4348,EURJPY,2025-08-14 03:00:00,172.49001,172.601,172.489,172.506,0,twelvedata,2025-08-26 19:27:47
4349,EURJPY,2025-08-14 04:00:00,172.506,172.59801,172.476,172.5,0,twelvedata,2025-08-26 19:27:47
4350,EURJPY,2025-08-14 05:00:00,172.5,172.539,172.46201,172.5,0,twelvedata,2025-08-26 19:27:47
4351,EURJPY,2025-08-14 06:00:00,172.5,172.547,172.338,172.453,0,twelvedata,2025-08-26 19:27:47
4352,EURJPY,2025-08-14 07:00:00,172.459,172.61301,172.308,172.34599,0,twelvedata,2025-08-26 19:27:47
4353,EURJPY,2025-08-14 08:00:00,172.396,172.48399,172.36501,172.394,0,twelvedata,2025-08-26 19:27:47
4354,EURJPY,2025-08-14 09:00:00,172.408,172.418,172.302,172.311,0,twelvedata,2025-08-26 19:27:47
4355,EURJPY,2025-08-14 10:00:00,172.30901,172.311,171.726,171.791,0,twelvedata,2025-08-26 19:27:47
4356,EURJPY,2025-08-14 11:00:00,171.79201,171.804,171.464,171.586,0,twelvedata,2025-08-26 19:27:47
4357,EURJPY,2025-08-14 12:00:00,171.58701,171.709,171.576,171.707,0,twelvedata,2025-08-26 19:27:47
4358,EURJPY,2025-08-14 13:00:00,171.707,171.71899,171.504,171.51199,0,twelvedata,2025-08-26 19:27:47
4359,EURJPY,2025-08-14 14:00:00,171.50999,171.53101,171.27699,171.323,0,twelvedata,2025-08-26 19:27:47
4360,EURJPY,2025-08-14 15:00:00,171.32201,171.459,171.30499,171.384,0,twelvedata,2025-08-26 19:27:47
4361,EURJPY,2025-08-14 16:00:00,171.386,171.42101,171.118,171.166,0,twelvedata,2025-08-26 19:27:47
4362,EURJPY,2025-08-14 17:00:00,171.16499,171.21201,170.959,171.16701,0,twelvedata,2025-08-26 19:27:47
4363,EURJPY,2025-08-14 18:00:00,171.16701,171.218,170.98801,171.0019989,0,twelvedata,2025-08-26 19:27:47
4364,EURJPY,2025-08-14 19:00:00,170.996,171.308,170.974,171.28799,0,twelvedata,2025-08-26 19:27:47
4365,EURJPY,2025-08-14 20:00:00,171.28799,171.386,171.272,171.36501,0,twelvedata,2025-08-26 19:27:47
4366,EURJPY,2025-08-14 21:00:00,171.366,171.383,171.19901,171.216,0,twelvedata,2025-08-26 19:27:47
4367,EURJPY,2025-08-14 22:00:00,171.22,171.492,171.108,171.39799,0,twelvedata,2025-08-26 19:27:47
4368,EURJPY,2025-08-14 23:00:00,171.396,171.774,171.371,171.73399,0,twelvedata,2025-08-26 19:27:47
4369,EURJPY,2025-08-15 00:00:00,171.73599,172.042999,171.661,171.97501,0,twelvedata,2025-08-26 19:27:47
4370,EURJPY,2025-08-15 01:00:00,171.97301,172.203,171.95399,171.95599,0,twelvedata,2025-08-26 19:27:47
4371,EURJPY,2025-08-15 02:00:00,171.955,172.134,171.953,172.0079956,0,twelvedata,2025-08-26 19:27:47
4372,EURJPY,2025-08-15 03:00:00,172.0099945,172.097,171.992,172.070007,0,twelvedata,2025-08-26 19:27:47
4373,EURJPY,2025-08-15 04:00:00,172.070007,172.157,172.063004,172.146,0,twelvedata,2025-08-26 19:27:47
4374,EURJPY,2025-08-15 05:00:00,172.14999,172.177,172.13,172.133,0,twelvedata,2025-08-26 19:27:47
4375,EURJPY,2025-08-15 06:00:00,172.133,172.144,172.0070038,172.087006,0,twelvedata,2025-08-26 19:27:47
4376,EURJPY,2025-08-15 07:00:00,172.059006,172.23599,171.92599,172.149,0,twelvedata,2025-08-26 19:27:47
4377,EURJPY,2025-08-15 08:00:00,172.136,172.194,172.11099,172.172,0,twelvedata,2025-08-26 19:27:47
4378,EURJPY,2025-08-15 09:00:00,172.158,172.211,172.048004,172.056,0,twelvedata,2025-08-26 19:27:47
4379,EURJPY,2025-08-15 10:00:00,172.057999,172.093002,171.828,171.84399,0,twelvedata,2025-08-26 19:27:47
4380,EURJPY,2025-08-15 11:00:00,171.84599,171.888,171.601,171.62801,0,twelvedata,2025-08-26 19:27:47
4381,EURJPY,2025-08-15 12:00:00,171.62801,171.744,171.62,171.686,0,twelvedata,2025-08-26 19:27:47
4382,EURJPY,2025-08-15 13:00:00,171.683,171.754,171.60899,171.66299,0,twelvedata,2025-08-26 19:27:47
4383,EURJPY,2025-08-15 14:00:00,171.66,171.67101,171.54401,171.60201,0,twelvedata,2025-08-26 19:27:47
4384,EURJPY,2025-08-15 15:00:00,171.60201,171.76401,171.5,171.73801,0,twelvedata,2025-08-26 19:27:47
4385,EURJPY,2025-08-15 16:00:00,171.735,171.789,171.633,171.686,0,twelvedata,2025-08-26 19:27:47
4386,EURJPY,2025-08-15 17:00:00,171.685,171.899,171.675,171.742,0,twelvedata,2025-08-26 19:27:47
4387,EURJPY,2025-08-15 18:00:00,171.74001,171.74699,171.526,171.55901,0,twelvedata,2025-08-26 19:27:47
4388,EURJPY,2025-08-15 19:00:00,171.561,171.705,171.51199,171.67999,0,twelvedata,2025-08-26 19:27:47
4389,EURJPY,2025-08-15 20:00:00,171.677,171.744,171.584,171.724,0,twelvedata,2025-08-26 19:27:47
4390,EURJPY,2025-08-15 21:00:00,171.722,171.853,171.714,171.787,0,twelvedata,2025-08-26 19:27:47
4391,EURJPY,2025-08-15 22:00:00,171.78799,171.946,171.646,171.771,0,twelvedata,2025-08-26 19:27:47
4392,EURJPY,2025-08-15 23:00:00,171.771,172.020996,171.716,171.96201,0,twelvedata,2025-08-26 19:27:47
4393,EURJPY,2025-08-16 00:00:00,171.996,172.19299,171.927,171.987,0,twelvedata,2025-08-26 19:27:47
4394,EURJPY,2025-08-16 01:00:00,171.98399,172.144,171.97501,172.095001,0,twelvedata,2025-08-26 19:27:47
4395,EURJPY,2025-08-16 02:00:00,172.091995,172.30499,172.089996,172.27699,0,twelvedata,2025-08-26 19:27:47
4396,EURJPY,2025-08-16 03:00:00,172.27499,172.375,172.24699,172.328,0,twelvedata,2025-08-26 19:27:47
4397,EURJPY,2025-08-16 04:00:00,172.33,172.347,172.269,172.27499,0,twelvedata,2025-08-26 19:27:47
4398,EURJPY,2025-08-16 05:00:00,172.276,172.3,172.244,172.27901,0,twelvedata,2025-08-26 19:27:47
4399,EURJPY,2025-08-16 06:00:00,172.274,172.338,172.142,172.255,0,twelvedata,2025-08-26 19:27:47
4400,EURJPY,2025-08-16 07:00:00,172.299,172.299,172.299,172.299,0,twelvedata,2025-08-26 19:27:47
4401,EURJPY,2025-08-18 09:00:00,172.38901,172.507,172.34801,172.35201,0,twelvedata,2025-08-26 19:27:47
4402,EURJPY,2025-08-18 10:00:00,172.349,172.573,172.34399,172.507,0,twelvedata,2025-08-26 19:27:47
4403,EURJPY,2025-08-18 11:00:00,172.507,172.597,172.422,172.424,0,twelvedata,2025-08-26 19:27:47
4404,EURJPY,2025-08-18 12:00:00,172.42799,172.59599,172.405,172.55099,0,twelvedata,2025-08-26 19:27:47
4405,EURJPY,2025-08-18 13:00:00,172.545,172.565,172.418,172.49001,0,twelvedata,2025-08-26 19:27:47
4406,EURJPY,2025-08-18 14:00:00,172.49001,172.64999,172.485,172.552,0,twelvedata,2025-08-26 19:27:47
4407,EURJPY,2025-08-18 15:00:00,172.55099,172.58,172.487,172.524,0,twelvedata,2025-08-26 19:27:47
4408,EURJPY,2025-08-18 16:00:00,172.52499,172.554,172.34399,172.373,0,twelvedata,2025-08-26 19:27:47
4409,EURJPY,2025-08-18 17:00:00,172.379,172.407,172.159,172.23801,0,twelvedata,2025-08-26 19:27:47
4410,EURJPY,2025-08-18 18:00:00,172.243,172.258,172.059998,172.11501,0,twelvedata,2025-08-26 19:27:47
4411,EURJPY,2025-08-18 19:00:00,172.121,172.222,172.046997,172.177,0,twelvedata,2025-08-26 19:27:47
4412,EURJPY,2025-08-18 20:00:00,172.17599,172.23199,172.138,172.202,0,twelvedata,2025-08-26 19:27:47
4413,EURJPY,2025-08-18 21:00:00,172.19901,172.345,172.198,172.257,0,twelvedata,2025-08-26 19:27:47
4414,EURJPY,2025-08-18 22:00:00,172.257,172.50101,172.248,172.49001,0,twelvedata,2025-08-26 19:27:47
4415,EURJPY,2025-08-18 23:00:00,172.489,172.67599,172.44099,172.616,0,twelvedata,2025-08-26 19:27:47
4416,EURJPY,2025-08-19 00:00:00,172.616,172.63699,172.465,172.55701,0,twelvedata,2025-08-26 19:27:47
4417,EURJPY,2025-08-19 01:00:00,172.55499,172.632,172.38499,172.39,0,twelvedata,2025-08-26 19:27:47
4418,EURJPY,2025-08-19 02:00:00,172.39101,172.392,172.261,172.28999,0,twelvedata,2025-08-26 19:27:47
4419,EURJPY,2025-08-19 03:00:00,172.285,172.411,172.175,172.375,0,twelvedata,2025-08-26 19:27:47
4420,EURJPY,2025-08-19 04:00:00,172.37399,172.465,172.327,172.40199,0,twelvedata,2025-08-26 19:27:47
4421,EURJPY,2025-08-19 05:00:00,172.39799,172.55299,172.384,172.463,0,twelvedata,2025-08-26 19:27:47
4422,EURJPY,2025-08-19 06:00:00,172.468,172.56799,172.313,172.40199,0,twelvedata,2025-08-26 19:27:47
4423,EURJPY,2025-08-19 07:00:00,172.423,172.423,172.16901,172.368,0,twelvedata,2025-08-26 19:27:47
4424,EURJPY,2025-08-19 08:00:00,172.345,172.60899,172.312,172.52299,0,twelvedata,2025-08-26 19:27:47
4425,EURJPY,2025-08-19 09:00:00,172.55099,172.62,172.533,172.584,0,twelvedata,2025-08-26 19:27:47
4426,EURJPY,2025-08-19 10:00:00,172.58501,172.627,172.276,172.284,0,twelvedata,2025-08-26 19:27:47
4427,EURJPY,2025-08-19 11:00:00,172.28101,172.439,171.99001,172.114,0,twelvedata,2025-08-26 19:27:47
4428,EURJPY,2025-08-19 12:00:00,172.114,172.24001,172.067001,172.233,0,twelvedata,2025-08-26 19:27:47
4429,EURJPY,2025-08-19 13:00:00,172.237,172.364,172.16299,172.29201,0,twelvedata,2025-08-26 19:27:47
4430,EURJPY,2025-08-19 14:00:00,172.29401,172.369,172.255,172.297,0,twelvedata,2025-08-26 19:27:47
4431,EURJPY,2025-08-19 15:00:00,172.293,172.342,172.078995,172.084,0,twelvedata,2025-08-26 19:27:47
4432,EURJPY,2025-08-19 16:00:00,172.076996,172.32001,172.018997,172.308,0,twelvedata,2025-08-26 19:27:47
4433,EURJPY,2025-08-19 17:00:00,172.308,172.575,172.3,172.565,0,twelvedata,2025-08-26 19:27:47
4434,EURJPY,2025-08-19 18:00:00,172.565,172.62199,172.354,172.39,0,twelvedata,2025-08-26 19:27:47
4435,EURJPY,2025-08-19 19:00:00,172.39101,172.606,172.35899,172.58299,0,twelvedata,2025-08-26 19:27:47
4436,EURJPY,2025-08-19 20:00:00,172.58299,172.659,172.487,172.653,0,twelvedata,2025-08-26 19:27:47
4437,EURJPY,2025-08-19 21:00:00,172.646,172.7,172.55701,172.606,0,twelvedata,2025-08-26 19:27:47
4438,EURJPY,2025-08-19 22:00:00,172.605,172.69,172.50301,172.539,0,twelvedata,2025-08-26 19:27:47
4439,EURJPY,2025-08-19 23:00:00,172.541,172.65199,172.355,172.39999,0,twelvedata,2025-08-26 19:27:47
4440,EURJPY,2025-08-20 00:00:00,172.39999,172.47099,172.22,172.42799,0,twelvedata,2025-08-26 19:27:47
4441,EURJPY,2025-08-20 01:00:00,172.42999,172.438,172.216,172.22501,0,twelvedata,2025-08-26 19:27:47
4442,EURJPY,2025-08-20 02:00:00,172.224,172.254,172.048004,172.074997,0,twelvedata,2025-08-26 19:27:47
4443,EURJPY,2025-08-20 03:00:00,172.074997,172.10001,171.868,171.87199,0,twelvedata,2025-08-26 19:27:47
4444,EURJPY,2025-08-20 04:00:00,171.87,171.897,171.73199,171.80901,0,twelvedata,2025-08-26 19:27:47
4445,EURJPY,2025-08-20 05:00:00,171.81,171.89101,171.692,171.88,0,twelvedata,2025-08-26 19:27:47
4446,EURJPY,2025-08-20 06:00:00,171.875,172.0,171.875,171.983,0,twelvedata,2025-08-26 19:27:47
4447,EURJPY,2025-08-20 07:00:00,171.98199,172.031998,171.82201,171.914,0,twelvedata,2025-08-26 19:27:47
4448,EURJPY,2025-08-20 08:00:00,171.914,171.95399,171.85001,171.925,0,twelvedata,2025-08-26 19:27:47
4449,EURJPY,2025-08-20 09:00:00,171.93401,172.013,171.909,171.985,0,twelvedata,2025-08-26 19:27:47
4450,EURJPY,2025-08-20 10:00:00,171.99001,171.996,171.685,171.748,0,twelvedata,2025-08-26 19:27:47
4451,EURJPY,2025-08-20 11:00:00,171.74699,171.83,171.481,171.5,0,twelvedata,2025-08-26 19:27:47
4452,EURJPY,2025-08-20 12:00:00,171.5,171.638,171.459,171.58,0,twelvedata,2025-08-26 19:27:47
4453,EURJPY,2025-08-20 13:00:00,171.575,171.67799,171.541,171.617,0,twelvedata,2025-08-26 19:27:47
4454,EURJPY,2025-08-20 14:00:00,171.617,171.73801,171.591,171.696,0,twelvedata,2025-08-26 19:27:47
4455,EURJPY,2025-08-20 15:00:00,171.694,171.69701,171.55901,171.62399,0,twelvedata,2025-08-26 19:27:47
4456,EURJPY,2025-08-20 16:00:00,171.633,171.66701,171.10899,171.44701,0,twelvedata,2025-08-26 19:27:47
4457,EURJPY,2025-08-20 17:00:00,171.453,171.918,171.42799,171.903,0,twelvedata,2025-08-26 19:27:47
4458,EURJPY,2025-08-20 18:00:00,171.899,171.944,171.674,171.741,0,twelvedata,2025-08-26 19:27:47
4459,EURJPY,2025-08-20 19:00:00,171.741,171.76801,171.618,171.735,0,twelvedata,2025-08-26 19:27:47
4460,EURJPY,2025-08-20 20:00:00,171.735,171.813,171.674,171.731,0,twelvedata,2025-08-26 19:27:47
4461,EURJPY,2025-08-20 21:00:00,171.73199,171.791,171.66901,171.759,0,twelvedata,2025-08-26 19:27:47
4462,EURJPY,2025-08-20 22:00:00,171.758,171.931,171.70799,171.87801,0,twelvedata,2025-08-26 19:27:47
4463,EURJPY,2025-08-20 23:00:00,171.882,171.94501,171.498,171.56,0,twelvedata,2025-08-26 19:27:47
4464,EURJPY,2025-08-21 00:00:00,171.563,171.675,171.345,171.437,0,twelvedata,2025-08-26 19:27:47
4465,EURJPY,2025-08-21 01:00:00,171.437,171.605,171.33701,171.452,0,twelvedata,2025-08-26 19:27:47
4466,EURJPY,2025-08-21 02:00:00,171.446,171.623,171.44299,171.53,0,twelvedata,2025-08-26 19:27:47
4467,EURJPY,2025-08-21 03:00:00,171.52699,171.621,171.521,171.597,0,twelvedata,2025-08-26 19:27:47
4468,EURJPY,2025-08-21 04:00:00,171.608,171.716,171.519,171.638,0,twelvedata,2025-08-26 19:27:47
4469,EURJPY,2025-08-21 05:00:00,171.63901,171.71899,171.619,171.69099,0,twelvedata,2025-08-26 19:27:47
4470,EURJPY,2025-08-21 06:00:00,171.69501,171.791,171.565,171.64301,0,twelvedata,2025-08-26 19:27:47
4471,EURJPY,2025-08-21 07:00:00,171.66901,171.75,171.545,171.582,0,twelvedata,2025-08-26 19:27:47
4472,EURJPY,2025-08-21 08:00:00,171.582,171.71899,171.55499,171.687,0,twelvedata,2025-08-26 19:27:47
4473,EURJPY,2025-08-21 09:00:00,171.681,171.74899,171.616,171.62,0,twelvedata,2025-08-26 19:27:47
4474,EURJPY,2025-08-21 10:00:00,171.619,171.744,171.548,171.653,0,twelvedata,2025-08-26 19:27:47
4475,EURJPY,2025-08-21 11:00:00,171.653,171.76801,171.612,171.687,0,twelvedata,2025-08-26 19:27:47
4476,EURJPY,2025-08-21 12:00:00,171.69299,171.73801,171.517,171.604,0,twelvedata,2025-08-26 19:27:47
4477,EURJPY,2025-08-21 13:00:00,171.59801,171.70799,171.548,171.67799,0,twelvedata,2025-08-26 19:27:47
4478,EURJPY,2025-08-21 14:00:00,171.67999,171.67999,171.59599,171.63,0,twelvedata,2025-08-26 19:27:47
4479,EURJPY,2025-08-21 15:00:00,171.633,171.802,171.603,171.73599,0,twelvedata,2025-08-26 19:27:47
4480,EURJPY,2025-08-21 16:00:00,171.73599,171.746,171.52299,171.612,0,twelvedata,2025-08-26 19:27:47
4481,EURJPY,2025-08-21 17:00:00,171.61099,172.072998,171.57201,172.061005,0,twelvedata,2025-08-26 19:27:47
4482,EURJPY,2025-08-21 18:00:00,172.057999,172.072998,171.933,172.0010071,0,twelvedata,2025-08-26 19:27:47
4483,EURJPY,2025-08-21 19:00:00,172.0019989,172.209,171.94901,172.10001,0,twelvedata,2025-08-26 19:27:47
4484,EURJPY,2025-08-21 20:00:00,172.101,172.286,172.087006,172.224,0,twelvedata,2025-08-26 19:27:47
4485,EURJPY,2025-08-21 21:00:00,172.23,172.36099,172.17799,172.186,0,twelvedata,2025-08-26 19:27:47
4486,EURJPY,2025-08-21 22:00:00,172.186,172.196,171.957,172.078003,0,twelvedata,2025-08-26 19:27:47
4487,EURJPY,2025-08-21 23:00:00,172.080994,172.179,171.735,171.741,0,twelvedata,2025-08-26 19:27:47
4488,EURJPY,2025-08-22 00:00:00,171.746,172.123,171.74001,172.087997,0,twelvedata,2025-08-26 19:27:47
4489,EURJPY,2025-08-22 01:00:00,172.089005,172.272,172.061996,172.155,0,twelvedata,2025-08-26 19:27:47
4490,EURJPY,2025-08-22 02:00:00,172.15401,172.245,172.121,172.173,0,twelvedata,2025-08-26 19:27:47
4491,EURJPY,2025-08-22 03:00:00,172.173,172.265,172.085999,172.214,0,twelvedata,2025-08-26 19:27:47
4492,EURJPY,2025-08-22 04:00:00,172.21001,172.22701,172.13499,172.22,0,twelvedata,2025-08-26 19:27:47
4493,EURJPY,2025-08-22 05:00:00,172.21899,172.26199,172.175,172.189,0,twelvedata,2025-08-26 19:27:47
4494,EURJPY,2025-08-22 06:00:00,172.19,172.224,172.121,172.181,0,twelvedata,2025-08-26 19:27:47
4495,EURJPY,2025-08-22 07:00:00,172.188,172.25301,172.028,172.166,0,twelvedata,2025-08-26 19:27:47
4496,EURJPY,2025-08-22 08:00:00,172.187,172.28799,172.147,172.261,0,twelvedata,2025-08-26 19:27:47
4497,EURJPY,2025-08-22 09:00:00,172.255,172.369,172.22301,172.31,0,twelvedata,2025-08-26 19:27:47
4498,EURJPY,2025-08-22 10:00:00,172.30499,172.47701,172.192,172.446,0,twelvedata,2025-08-26 19:27:47
4499,EURJPY,2025-08-22 11:00:00,172.446,172.533,172.30499,172.438,0,twelvedata,2025-08-26 19:27:47
4500,EURJPY,2025-08-22 12:00:00,172.435,172.46001,172.358,172.371,0,twelvedata,2025-08-26 19:27:47
4501,EURJPY,2025-08-22 13:00:00,172.371,172.40601,172.263,172.308,0,twelvedata,2025-08-26 19:27:47
4502,EURJPY,2025-08-22 14:00:00,172.308,172.401,172.23199,172.313,0,twelvedata,2025-08-26 19:27:47
4503,EURJPY,2025-08-22 15:00:00,172.30901,172.342,172.18201,172.246,0,twelvedata,2025-08-26 19:27:47
4504,EURJPY,2025-08-22 16:00:00,172.255,172.287,172.050003,172.105,0,twelvedata,2025-08-26 19:27:47
4505,EURJPY,2025-08-22 17:00:00,172.106,172.315,172.106,172.298,0,twelvedata,2025-08-26 19:27:47
4506,EURJPY,2025-08-22 18:00:00,172.298,172.412,172.20799,172.405,0,twelvedata,2025-08-26 19:27:47
4507,EURJPY,2025-08-22 19:00:00,172.405,172.479,172.355,172.44299,0,twelvedata,2025-08-26 19:27:47
4508,EURJPY,2025-08-22 20:00:00,172.439,172.50101,172.32899,172.35001,0,twelvedata,2025-08-26 19:27:47
4509,EURJPY,2025-08-22 21:00:00,172.34801,172.601,172.34801,172.56599,0,twelvedata,2025-08-26 19:27:47
4510,EURJPY,2025-08-22 22:00:00,172.563,172.636,172.52901,172.618,0,twelvedata,2025-08-26 19:27:47
4511,EURJPY,2025-08-22 23:00:00,172.618,172.675,172.317,172.38499,0,twelvedata,2025-08-26 19:27:47
4512,EURJPY,2025-08-23 00:00:00,172.377,172.59399,171.819,172.082993,0,twelvedata,2025-08-26 19:27:47
4513,EURJPY,2025-08-23 01:00:00,172.082001,172.114,171.90199,171.97099,0,twelvedata,2025-08-26 19:27:47
4514,EURJPY,2025-08-23 02:00:00,171.96899,172.031998,171.88699,171.961,0,twelvedata,2025-08-26 19:27:47
4515,EURJPY,2025-08-23 03:00:00,171.961,172.134,171.953,172.108,0,twelvedata,2025-08-26 19:27:47
4516,EURJPY,2025-08-23 04:00:00,172.11099,172.198,172.065994,172.13901,0,twelvedata,2025-08-26 19:27:47
4517,EURJPY,2025-08-23 05:00:00,172.142,172.278,172.101,172.23399,0,twelvedata,2025-08-26 19:27:47
4518,EURJPY,2025-08-23 06:00:00,172.237,172.283,172.087997,172.11301,0,twelvedata,2025-08-26 19:27:47
4519,EURJPY,2025-08-23 07:00:00,172.17101,172.17101,172.17101,172.17101,0,twelvedata,2025-08-26 19:27:47
4520,EURJPY,2025-08-25 09:00:00,172.24899,172.47701,172.239,172.42,0,twelvedata,2025-08-26 19:27:47
4521,EURJPY,2025-08-25 10:00:00,172.42,172.57899,172.327,172.409,0,twelvedata,2025-08-26 19:27:47
4522,EURJPY,2025-08-25 11:00:00,172.414,172.47301,172.284,172.397,0,twelvedata,2025-08-26 19:27:47
4523,EURJPY,2025-08-25 12:00:00,172.39301,172.548,172.369,172.452,0,twelvedata,2025-08-26 19:27:47
4524,EURJPY,2025-08-25 13:00:00,172.452,172.502,172.42,172.479,0,twelvedata,2025-08-26 19:27:47
4525,EURJPY,2025-08-25 14:00:00,172.479,172.513,172.317,172.342,0,twelvedata,2025-08-26 19:27:47
4526,EURJPY,2025-08-25 15:00:00,172.342,172.45,172.328,172.35001,0,twelvedata,2025-08-26 19:27:47
4527,EURJPY,2025-08-25 16:00:00,172.347,172.51401,172.342,172.39799,0,twelvedata,2025-08-26 19:27:47
4528,EURJPY,2025-08-25 17:00:00,172.39301,172.507,172.31799,172.342,0,twelvedata,2025-08-26 19:27:47
4529,EURJPY,2025-08-25 18:00:00,172.343,172.47301,172.334,172.37801,0,twelvedata,2025-08-26 19:27:47
4530,EURJPY,2025-08-25 19:00:00,172.38,172.382,172.24699,172.29201,0,twelvedata,2025-08-26 19:27:47
4531,EURJPY,2025-08-25 20:00:00,172.29401,172.384,172.25301,172.32001,0,twelvedata,2025-08-26 19:27:47
4532,EURJPY,2025-08-25 21:00:00,172.317,172.409,172.22701,172.403,0,twelvedata,2025-08-26 19:27:47
4533,EURJPY,2025-08-25 22:00:00,172.40401,172.47,172.317,172.42799,0,twelvedata,2025-08-26 19:27:47
4534,EURJPY,2025-08-25 23:00:00,172.43201,172.662,172.379,172.39799,0,twelvedata,2025-08-26 19:27:47
4535,EURJPY,2025-08-26 00:00:00,172.397,172.58501,172.328,172.416,0,twelvedata,2025-08-26 19:27:47
