date,open,high,low,close
2024-11-06 08:00:00,197.41000,197.78000,197.35500,197.74001
2024-11-06 09:00:00,197.76100,197.78349,197.47000,197.59000
2024-11-06 10:00:00,197.55000,197.88000,197.48000,197.52000
2024-11-06 11:00:00,197.50999,198.25,197.34000,198.19000
2024-11-06 12:00:00,198.17999,198.38000,198.050003,198.30000
2024-11-06 13:00:00,198.30000,199.050003,198.20000,198.82001
2024-11-06 14:00:00,198.82001,199.059998,198.22000,198.39999
2024-11-06 15:00:00,198.41000,198.53999,198.14999,198.28000
2024-11-06 16:00:00,198.28000,198.28999,197.89000,198.17000
2024-11-06 17:00:00,198.17000,198.44000,197.88000,198.16000
2024-11-06 18:00:00,198.17000,198.35001,197.88000,198.059998
2024-11-06 19:00:00,198.059998,198.88000,198.039993,198.82001
2024-11-06 20:00:00,198.85001,198.89999,198.46001,198.67999
2024-11-06 21:00:00,198.67000,198.83000,198.49001,198.5
2024-11-06 22:00:00,198.49001,198.55000,198.17000,198.27000
2024-11-06 23:00:00,198.27000,198.56000,198.23000,198.48000
2024-11-07 00:00:00,198.49001,198.57001,198.17000,198.50999
2024-11-07 01:00:00,198.5,198.62000,198.20000,198.38000
2024-11-07 02:00:00,198.39000,198.96001,198.27600,198.96001
2024-11-07 03:00:00,198.95000,199.39999,198.74001,199.36000
2024-11-07 04:00:00,199.36000,199.52000,199.23000,199.36000
2024-11-07 05:00:00,199.36000,199.5,199.25,199.31000
2024-11-07 06:00:00,199.31000,199.32201,199.0099945,199.089996
2024-11-07 07:00:00,199.089996,199.27000,199.080002,199.19850
2024-11-07 08:00:00,199.20000,199.28000,199.14000,199.17000
2024-11-07 09:00:00,199.16000,199.17000,198.94000,199.050003
2024-11-07 10:00:00,199.029999,199.059998,198.71001,198.81000
2024-11-07 11:00:00,198.78999,199.32001,198.75999,199.11000
2024-11-07 12:00:00,199.12000,199.28999,198.94000,199.14999
2024-11-07 13:00:00,199.17000,199.45000,199,199.39999
2024-11-07 14:00:00,199.39000,199.56000,199.34000,199.41000
2024-11-07 15:00:00,199.42999,199.48000,198.97000,199.20000
2024-11-07 16:00:00,199.21001,199.42999,199.12000,199.14000
2024-11-07 17:00:00,199.13000,199.37000,199.070007,199.070007
2024-11-07 18:00:00,199.059998,199.16000,198.91000,199.13000
2024-11-07 19:00:00,199.13000,199.25,198.98000,199.13000
2024-11-07 20:00:00,199.13000,199.16000,198.70000,198.70000
2024-11-07 21:00:00,198.70000,198.85001,198.57851,198.75999
2024-11-07 22:00:00,198.75999,198.88000,198.70000,198.82001
2024-11-07 23:00:00,198.81000,199.38000,198.73000,199.23000
2024-11-08 00:00:00,199.23000,199.38000,199.0099945,199.13000
2024-11-08 01:00:00,199.12000,199.23000,198.92000,199.059998
2024-11-08 02:00:00,199.070007,199.12000,198.62000,198.80000
2024-11-08 03:00:00,198.80000,198.95000,198.62000,198.83000
2024-11-08 04:00:00,198.83000,198.85001,198.67000,198.77000
2024-11-08 05:00:00,198.75999,198.78000,198.35001,198.47000
2024-11-08 06:00:00,198.46001,198.75101,198.36000,198.47000
2024-11-08 07:00:00,198.48000,198.67999,198.32001,198.44000
2024-11-08 08:00:00,198.45000,198.64999,198.35001,198.63000
2024-11-08 09:00:00,198.62000,198.67000,198.31000,198.64000
2024-11-08 10:00:00,198.66000,198.89400,198.60001,198.88000
2024-11-08 11:00:00,198.86000,198.92999,198.56000,198.74001
2024-11-08 12:00:00,198.74001,198.89000,198.55901,198.62000
2024-11-08 13:00:00,198.61000,198.64000,198.44000,198.53999
2024-11-08 14:00:00,198.53000,198.56000,198.080002,198.12000
2024-11-08 15:00:00,198.12000,198.12000,197.83000,198.059998
2024-11-08 16:00:00,198.070007,198.35001,198.050003,198.17999
2024-11-08 17:00:00,198.19000,198.31000,198.0099945,198.12000
2024-11-08 18:00:00,198.12000,198.32001,197.87000,197.89000
2024-11-08 19:00:00,197.89000,197.94000,197.30000,197.39000
2024-11-08 20:00:00,197.39999,197.67999,197.31000,197.37000
2024-11-08 21:00:00,197.36000,197.48000,197.12000,197.25
2024-11-08 22:00:00,197.25999,197.71001,197.24001,197.67999
2024-11-08 23:00:00,197.64000,197.70351,197.24001,197.24001
2024-11-09 00:00:00,197.23000,197.69000,197.17000,197.67999
2024-11-09 01:00:00,197.69000,197.83000,197.36000,197.60001
2024-11-09 02:00:00,197.56000,197.64000,197.050003,197.22000
2024-11-09 03:00:00,197.21001,197.37000,196.86000,196.88000
2024-11-09 04:00:00,196.88000,197,196.75,196.88000
2024-11-09 05:00:00,196.88000,197.14751,196.88000,197.059998
2024-11-09 06:00:00,197.059998,197.24001,197.050003,197.14999
2024-11-09 07:00:00,197.17000,197.24001,197.039993,197.059998
2024-11-09 08:00:00,197.059998,197.24001,197.0099945,197.20000
2024-11-11 09:00:00,197.14406,197.25999,196.96001,197.11000
2024-11-11 10:00:00,197.14000,197.55000,197.14000,197.49001
2024-11-11 11:00:00,197.49001,197.78000,197.44000,197.77000
2024-11-11 12:00:00,197.77650,197.94000,197.73000,197.94000
2024-11-11 13:00:00,197.94000,198.19000,197.85001,198.14999
2024-11-11 14:00:00,198.14999,198.20000,198.059998,198.17000
2024-11-11 15:00:00,198.17000,198.31000,198.059998,198.30000
2024-11-11 16:00:00,198.31000,198.42650,198.20000,198.28999
2024-11-11 17:00:00,198.30000,198.32249,198.13000,198.16000
2024-11-11 18:00:00,198.14999,198.24001,197.84351,198.12000
2024-11-11 19:00:00,198.12000,198.46001,198.10001,198.35001
2024-11-11 20:00:00,198.36000,198.44000,197.94000,198.19000
2024-11-11 21:00:00,198.17999,198.36000,198,198.0099945
2024-11-11 22:00:00,198,198.17999,197.94000,198.13000
2024-11-11 23:00:00,198.13000,198.25,198.020004,198.10001
2024-11-12 00:00:00,198.11000,198.19000,197.86000,197.86000
2024-11-12 01:00:00,197.86000,198.059998,197.74001,197.96001
2024-11-12 02:00:00,197.96001,198.11000,197.88000,198
2024-11-12 03:00:00,198.0099945,198.080002,197.92000,197.97000
2024-11-12 04:00:00,197.96001,198.080002,197.89000,197.95000
2024-11-12 05:00:00,197.95000,197.95000,197.71001,197.88000
2024-11-12 06:00:00,197.88000,197.89000,197.75,197.78000
2024-11-12 07:00:00,197.78999,197.82001,197.66000,197.70000
2024-11-12 08:00:00,197.70000,197.87000,197.67000,197.82001
2024-11-12 09:00:00,197.81000,197.89000,197.74200,197.86150
2024-11-12 10:00:00,197.87000,197.88000,197.56000,197.64000
2024-11-12 11:00:00,197.64000,197.92000,197.57001,197.86000
2024-11-12 12:00:00,197.84000,198.059998,197.82001,198.0099945
2024-11-12 13:00:00,198,198.020004,197.59900,197.64000
2024-11-12 14:00:00,197.66000,197.67000,197.32001,197.32001
2024-11-12 15:00:00,197.32001,197.32001,197.080002,197.17000
2024-11-12 16:00:00,197.14999,197.17000,196.96001,197.13000
2024-11-12 17:00:00,197.13000,197.25150,197.059998,197.24001
2024-11-12 18:00:00,197.23000,197.32001,196.94000,197.11000
2024-11-12 19:00:00,197.11000,197.44000,196.88901,197.42999
2024-11-12 20:00:00,197.44000,197.64000,197.25,197.62000
2024-11-12 21:00:00,197.62000,197.64999,197.30000,197.48000
2024-11-12 22:00:00,197.49001,197.65100,197.39999,197.53999
2024-11-12 23:00:00,197.53999,197.76649,197.39999,197.55000
2024-11-13 00:00:00,197.53999,197.80000,197.49001,197.75999
2024-11-13 01:00:00,197.75999,197.83000,197.36000,197.5
2024-11-13 02:00:00,197.5,197.50999,197.020004,197.21001
2024-11-13 03:00:00,197.21001,197.25500,196.94000,197.020004
2024-11-13 04:00:00,197,197.21001,196.96001,197.10001
2024-11-13 05:00:00,197.080002,197.25,197.080002,197.20000
2024-11-13 06:00:00,197.19000,197.23000,197.070007,197.10001
2024-11-13 07:00:00,197.10001,197.17000,197,197
2024-11-13 08:00:00,197.029999,197.20000,196.98500,197.10001
2024-11-13 09:00:00,197.11000,197.23650,197,197
2024-11-13 10:00:00,197.0099945,197.050003,196.87000,196.99001
2024-11-13 11:00:00,197,197.35001,196.98900,197.32001
2024-11-13 12:00:00,197.32001,197.44000,197.10001,197.12000
2024-11-13 13:00:00,197.12000,197.35001,197.039993,197.35001
2024-11-13 14:00:00,197.33000,197.39000,197.24001,197.28999
2024-11-13 15:00:00,197.28999,197.39000,197.19000,197.36000
2024-11-13 16:00:00,197.36000,197.45000,197.21001,197.42000
2024-11-13 17:00:00,197.42000,197.63000,197.39999,197.57001
2024-11-13 18:00:00,197.57001,197.63000,197.30000,197.56750
2024-11-13 19:00:00,197.55000,197.72000,197.48351,197.57001
2024-11-13 20:00:00,197.57001,197.64999,197.38000,197.52000
2024-11-13 21:00:00,197.5,197.57001,197.32001,197.46001
2024-11-13 22:00:00,197.47000,197.56000,197.35001,197.46001
2024-11-13 23:00:00,197.46001,197.53000,197.35001,197.45000
2024-11-14 00:00:00,197.46001,197.57001,196.92999,197.070007
2024-11-14 01:00:00,197.070007,197.10001,196.67799,196.77000
2024-11-14 02:00:00,196.78999,197.24001,196.67000,197.20000
2024-11-14 03:00:00,197.21001,197.46001,197.17000,197.34000
2024-11-14 04:00:00,197.35001,197.62000,197.31000,197.53000
2024-11-14 05:00:00,197.53000,197.70000,197.46001,197.70000
2024-11-14 06:00:00,197.70000,197.81149,197.56000,197.62000
2024-11-14 07:00:00,197.61749,197.71001,197.58000,197.67000
2024-11-14 08:00:00,197.66000,197.73000,197.52000,197.55000
2024-11-14 09:00:00,197.42751,197.66000,197.34000,197.58000
2024-11-14 10:00:00,197.53999,197.62000,197.41000,197.50999
2024-11-14 11:00:00,197.5,197.94000,197.5,197.85001
2024-11-14 12:00:00,197.85001,198,197.75,197.87000
2024-11-14 13:00:00,197.87000,197.98000,197.77000,197.89000
2024-11-14 14:00:00,197.88000,197.89000,197.69000,197.80000
2024-11-14 15:00:00,197.80000,198,197.75999,197.92000
2024-11-14 16:00:00,197.92999,197.99001,197.78999,197.95000
2024-11-14 17:00:00,197.95000,197.98000,197.74651,197.78000
2024-11-14 18:00:00,197.78999,197.84000,197.63000,197.70000
2024-11-14 19:00:00,197.71001,197.80000,197.44000,197.58000
2024-11-14 20:00:00,197.57001,197.70000,197.49001,197.58000
2024-11-14 21:00:00,197.59000,197.62000,197.29449,197.30000
2024-11-14 22:00:00,197.30000,197.40350,197.080002,197.38000
2024-11-14 23:00:00,197.38000,197.60001,197.24001,197.57001
2024-11-15 00:00:00,197.57001,197.64000,197.39999,197.49001
2024-11-15 01:00:00,197.47000,197.82001,197.44000,197.71001
2024-11-15 02:00:00,197.72000,198.25,197.66000,198.19000
2024-11-15 03:00:00,198.19000,198.22000,197.98000,198.17000
2024-11-15 04:00:00,198.14999,198.23000,197.75999,197.85001
2024-11-15 05:00:00,197.85001,197.91000,197.73801,197.78000
2024-11-15 06:00:00,197.75999,197.89301,197.74001,197.83000
2024-11-15 07:00:00,197.82001,197.99001,197.70000,197.83000
2024-11-15 08:00:00,197.83000,198.020004,197.78000,197.94000
2024-11-15 09:00:00,197.92000,198,197.81607,197.96001
2024-11-15 10:00:00,197.95000,198.25,197.88000,198.23000
2024-11-15 11:00:00,198.20000,198.45000,198.14999,198.31000
2024-11-15 12:00:00,198.31000,198.34000,198.020004,198.28000
2024-11-15 13:00:00,198.27000,198.35001,198.11000,198.24001
2024-11-15 14:00:00,198.24001,198.39000,198.14999,198.38000
2024-11-15 15:00:00,198.38000,198.42999,198.12000,198.23000
2024-11-15 16:00:00,198.23000,198.31000,198.14999,198.30000
2024-11-15 17:00:00,198.31000,198.37000,197.92999,198
2024-11-15 18:00:00,197.89999,198.059998,197.32001,197.32001
2024-11-15 19:00:00,197.31000,197.34000,196.75,196.92999
2024-11-15 20:00:00,196.94000,197.25,196.47000,196.57001
2024-11-15 21:00:00,196.57001,196.92999,196.49001,196.85001
2024-11-15 22:00:00,196.83000,197.38000,196.72000,197.32001
2024-11-15 23:00:00,197.32001,197.36000,196.96001,197
2024-11-16 00:00:00,196.99001,197.039993,196.48199,196.48199
2024-11-16 01:00:00,196.49001,196.82001,196.23000,196.56000
2024-11-16 02:00:00,196.55000,196.58000,195.46001,195.67999
2024-11-16 03:00:00,195.67999,195.75999,195.059998,195.22000
2024-11-16 04:00:00,195.22000,195.31000,194.67999,194.82001
2024-11-16 05:00:00,194.81000,194.83000,194.30000,194.42999
2024-11-16 06:00:00,194.42000,194.77150,194.38000,194.5
2024-11-16 07:00:00,194.5,194.58000,194.39900,194.50999
2024-11-16 08:00:00,194.50999,194.88000,194.50999,194.80000
2024-11-18 09:00:00,194.95433,195.14000,194.63699,195.029999
2024-11-18 10:00:00,195.020004,195.25999,194.75999,195.14000
2024-11-18 11:00:00,195.14000,195.16000,194.37000,194.99001
2024-11-18 12:00:00,194.97000,195.99400,194.80000,195.34000
2024-11-18 13:00:00,195.35001,195.72000,195.32001,195.5
2024-11-18 14:00:00,195.50999,195.61000,195.23000,195.27000
2024-11-18 15:00:00,195.25,195.38000,195.0099945,195.38000
2024-11-18 16:00:00,195.39000,195.46001,195.059998,195.25999
2024-11-18 17:00:00,195.25,195.38000,195.0099945,195.37000
2024-11-18 18:00:00,195.38000,195.49001,195.039001,195.17000
2024-11-18 19:00:00,195.17000,195.55000,195.080002,195.53000
2024-11-18 20:00:00,195.55000,195.56000,195.17000,195.48000
2024-11-18 21:00:00,195.48000,195.75999,195.42999,195.75999
2024-11-18 22:00:00,195.75999,195.81000,195.53999,195.67000
2024-11-18 23:00:00,195.66000,196.082993,195.62000,196.039993
2024-11-19 00:00:00,196.050003,196.14000,195.56000,195.57001
2024-11-19 01:00:00,195.57001,195.67999,195.33000,195.53999
2024-11-19 02:00:00,195.55000,195.94000,195.5,195.91000
2024-11-19 03:00:00,195.89999,196.14999,195.86000,196
2024-11-19 04:00:00,195.99001,196.11000,195.88000,195.92999
2024-11-19 05:00:00,195.94000,196.10001,195.92999,196.070007
2024-11-19 06:00:00,196.070007,196.14999,195.92349,196.070007
2024-11-19 07:00:00,196.080002,196.10001,195.94000,195.96001
2024-11-19 08:00:00,195.94000,196.12550,195.92000,196.089996
2024-11-19 09:00:00,196.10001,196.19501,195.99786,196.10001
2024-11-19 10:00:00,196.10001,196.12000,195.75,196.039993
2024-11-19 11:00:00,196.020004,196.039993,195.5,195.56000
2024-11-19 12:00:00,195.57001,195.58000,195.23000,195.38000
2024-11-19 13:00:00,195.37000,195.49001,195.22000,195.44000
2024-11-19 14:00:00,195.44000,195.58000,195.23000,195.57001
2024-11-19 15:00:00,195.57001,195.82001,195.53999,195.71001
2024-11-19 16:00:00,195.73000,195.75999,195.50999,195.64000
2024-11-19 17:00:00,195.64999,195.92101,195.57001,195.88000
2024-11-19 18:00:00,195.88000,196.0010071,195.73000,195.85001
2024-11-19 19:00:00,195.83000,195.88000,193.96001,194.58000
2024-11-19 20:00:00,194.59000,195,193.57001,194.17000
2024-11-19 21:00:00,194.17000,194.44000,193.92999,194.31000
2024-11-19 22:00:00,194.31000,194.80000,194.14000,194.70000
2024-11-19 23:00:00,194.70000,194.89000,194.56000,194.69000
2024-11-20 00:00:00,194.69000,194.81000,193.85001,193.92999
2024-11-20 01:00:00,193.92999,195,193.87750,194.70000
2024-11-20 02:00:00,194.75,195.17999,194.56000,194.99001
2024-11-20 03:00:00,194.98000,195.67999,194.92999,195.5
2024-11-20 04:00:00,195.52000,196.12000,195.45000,196.059998
2024-11-20 05:00:00,196.059998,196.089996,195.89000,195.99001
2024-11-20 06:00:00,195.99001,196.11000,195.96001,196.10001
2024-11-20 07:00:00,196.089996,196.20300,196.059998,196.12000
2024-11-20 08:00:00,196.089996,196.23000,196.089996,196.13000
2024-11-20 09:00:00,196.13651,196.16451,195.95700,196.020004
2024-11-20 10:00:00,196.0099945,196.42000,195.97000,196.41000
2024-11-20 11:00:00,196.39999,196.63000,196.24001,196.56000
2024-11-20 12:00:00,196.56000,196.63000,196.29601,196.41000
2024-11-20 13:00:00,196.39999,196.62000,196.35001,196.50999
2024-11-20 14:00:00,196.50999,196.57001,196.45000,196.50999
2024-11-20 15:00:00,196.5,196.75999,196.49899,196.73000
2024-11-20 16:00:00,196.73000,196.85001,196.66000,196.84000
2024-11-20 17:00:00,196.85001,197.25549,196.78999,197.11000
2024-11-20 18:00:00,196.95000,197.80000,196.95000,197.62000
2024-11-20 19:00:00,197.62000,197.70050,197.25999,197.28999
2024-11-20 20:00:00,197.30000,197.60001,197.20000,197.33000
2024-11-20 21:00:00,197.33000,197.38000,197.17000,197.17999
2024-11-20 22:00:00,197.17999,197.34000,197.070007,197.33000
2024-11-20 23:00:00,197.34000,197.49001,197.21001,197.21001
2024-11-21 00:00:00,197.21001,197.39999,197.14999,197.37000
2024-11-21 01:00:00,197.38000,197.39000,196.46001,196.71001
2024-11-21 02:00:00,196.70000,196.88000,196.21001,196.80000
2024-11-21 03:00:00,196.78999,196.94701,196.12000,196.37000
2024-11-21 04:00:00,196.37000,196.60001,196.20000,196.42999
2024-11-21 05:00:00,196.42000,196.60001,196.36650,196.5
2024-11-21 06:00:00,196.5,196.53999,196.36000,196.50999
2024-11-21 07:00:00,196.5,196.67000,196.49001,196.62000
2024-11-21 08:00:00,196.62000,196.73000,196.53000,196.67000
2024-11-21 09:00:00,196.66850,196.74001,196.50999,196.57001
2024-11-21 10:00:00,196.53999,196.59000,196.39999,196.50999
2024-11-21 11:00:00,196.50999,196.56000,196.059998,196.25999
2024-11-21 12:00:00,196.24001,196.28999,196.020004,196.21001
2024-11-21 13:00:00,196.20000,196.28999,195.97000,196.11000
2024-11-21 14:00:00,196.080002,196.20000,196.020004,196.11000
2024-11-21 15:00:00,196.12000,196.26151,196.059998,196.22000
2024-11-21 16:00:00,196.21001,196.42999,196.18300,196.32001
2024-11-21 17:00:00,196.31000,196.31000,195.63000,195.82001
2024-11-21 18:00:00,195.83000,196.039993,195.44000,195.94000
2024-11-21 19:00:00,195.94000,196.12000,195.12000,195.23000
2024-11-21 20:00:00,195.23000,195.23000,194.53999,195.050003
2024-11-21 21:00:00,195.059998,195.11000,194.73000,195.039993
2024-11-21 22:00:00,195.039993,195.42999,195,195.31000
2024-11-21 23:00:00,195.30000,195.53999,195.059998,195.21001
2024-11-22 00:00:00,195.21001,195.45000,194.92000,195.089996
2024-11-22 01:00:00,195.11000,195.31000,194.37151,194.75
2024-11-22 02:00:00,194.75999,195,194.55000,194.73000
2024-11-22 03:00:00,194.72000,194.88000,194.56000,194.64000
2024-11-22 04:00:00,194.64999,194.70399,194.42999,194.59000
2024-11-22 05:00:00,194.60001,194.95000,194.60001,194.75
2024-11-22 06:00:00,194.75,194.80000,194.62000,194.71001
2024-11-22 07:00:00,194.70000,194.75,194.60851,194.61000
2024-11-22 08:00:00,194.62000,194.64000,194.48000,194.55000
2024-11-22 09:00:00,194.57750,194.64999,194.39000,194.57001
2024-11-22 10:00:00,194.52000,194.56000,193.99001,194.0099945
2024-11-22 11:00:00,194.0099945,194.42999,193.79401,194.31000
2024-11-22 12:00:00,194.31000,194.44000,194.19000,194.38000
2024-11-22 13:00:00,194.38000,194.48000,194.25,194.33000
2024-11-22 14:00:00,194.32001,194.49001,194.059998,194.13000
2024-11-22 15:00:00,194.13000,194.38000,194.13000,194.34000
2024-11-22 16:00:00,194.35001,194.49001,194.21001,194.44000
2024-11-22 17:00:00,194.44000,194.81000,194.38000,194.75
2024-11-22 18:00:00,194.75,194.75,194.32001,194.53999
2024-11-22 19:00:00,194.53999,194.80450,193.96001,193.98000
2024-11-22 20:00:00,193.97000,193.98000,192.96001,193.32001
2024-11-22 21:00:00,193.32001,193.50349,192.85899,193.45000
2024-11-22 22:00:00,193.44000,193.50999,193.0099945,193.10001
2024-11-22 23:00:00,193.089996,193.35001,193.089996,193.31000
2024-11-23 00:00:00,193.33000,193.39000,193.016998,193.14999
2024-11-23 01:00:00,193.17000,194.039993,193.16000,193.89000
2024-11-23 02:00:00,193.87000,194.11000,193.61000,194.029999
2024-11-23 03:00:00,194.039993,194.080994,193.63000,193.64000
2024-11-23 04:00:00,193.64999,193.98000,193.62000,193.92000
2024-11-23 05:00:00,193.92000,193.99001,193.82001,193.83000
2024-11-23 06:00:00,193.82001,193.95000,193.73000,193.89999
2024-11-23 07:00:00,193.89000,194.050003,193.86349,194.029999
2024-11-23 08:00:00,194.020004,194.059998,193.86000,193.94000
2024-11-25 09:00:00,194.16000,194.38000,194.020004,194.19000
2024-11-25 10:00:00,194.13000,194.33000,193.97000,194.12000
2024-11-25 11:00:00,194.12000,194.25,193.78000,194.21001
2024-11-25 12:00:00,194.25,194.31000,193.56000,193.67000
2024-11-25 13:00:00,193.66000,193.81000,193.5,193.75
2024-11-25 14:00:00,193.75,193.92000,193.61000,193.87000
2024-11-25 15:00:00,193.87000,194.14700,193.86000,194.089996
2024-11-25 16:00:00,194.080002,194.39000,194.080002,194.30000
2024-11-25 17:00:00,194.28999,194.63000,194.19000,194.42999
2024-11-25 18:00:00,194.42000,194.42999,193.99001,194.28000
2024-11-25 19:00:00,194.28999,194.42000,193.98000,194.32001
2024-11-25 20:00:00,194.32001,194.45000,194.13000,194.17000
2024-11-25 21:00:00,194.17999,194.27049,194.12000,194.24001
2024-11-25 22:00:00,194.25,194.27000,194.059998,194.13000
2024-11-25 23:00:00,194.14000,194.17999,193.77000,193.86000
2024-11-26 00:00:00,193.86000,194.20000,193.58000,194.13000
2024-11-26 01:00:00,194.12000,194.17000,193.45000,193.49001
2024-11-26 02:00:00,193.5,193.78999,193.27000,193.75999
2024-11-26 03:00:00,193.75,194.014496,193.60001,193.66000
2024-11-26 04:00:00,193.64999,193.77000,193.58000,193.75
2024-11-26 05:00:00,193.75,193.81000,193.64999,193.80000
2024-11-26 06:00:00,193.80000,193.86000,193.64999,193.81000
2024-11-26 07:00:00,193.82001,193.88000,193.67000,193.72000
2024-11-26 08:00:00,193.72000,193.85001,193.72000,193.78999
2024-11-26 09:00:00,193.82001,193.99001,193.67000,193.72000
2024-11-26 10:00:00,193.75,193.75,193.27000,193.46001
2024-11-26 11:00:00,193.48000,193.5,192.69000,192.72000
2024-11-26 12:00:00,192.73000,193.10001,192.55000,192.97000
2024-11-26 13:00:00,192.98000,193.19000,192.78999,192.97000
2024-11-26 14:00:00,192.98000,193.070007,192.81000,192.92000
2024-11-26 15:00:00,192.92000,193.26550,192.89000,193.11000
2024-11-26 16:00:00,193.10001,193.13499,192.69000,192.89000
2024-11-26 17:00:00,192.89000,193.28999,192.78799,193.28999
2024-11-26 18:00:00,193.28000,193.56000,193.22000,193.22000
2024-11-26 19:00:00,193.23000,193.28000,192.92000,193.27000
2024-11-26 20:00:00,193.28999,193.73000,193.27000,193.5
2024-11-26 21:00:00,193.50999,193.66000,193.49001,193.57001
2024-11-26 22:00:00,193.58000,193.61000,193.40849,193.50999
2024-11-26 23:00:00,193.5,193.5,192.87000,193.20000
2024-11-27 00:00:00,193.19000,193.27000,192.83000,193.059998
2024-11-27 01:00:00,193.059998,193.30000,193,193.050003
2024-11-27 02:00:00,193.059998,193.13000,192.78999,192.80000
2024-11-27 03:00:00,192.80000,192.96001,192.39999,192.53999
2024-11-27 04:00:00,192.55000,192.56000,192.12000,192.23000
2024-11-27 05:00:00,192.24001,192.39000,192.11000,192.25999
2024-11-27 06:00:00,192.32001,192.33000,192.070007,192.10001
2024-11-27 07:00:00,192.080002,192.25999,192.048996,192.22000
2024-11-27 08:00:00,192.23000,192.49001,192.22000,192.42999
2024-11-27 09:00:00,192.38850,192.53000,192.36000,192.39999
2024-11-27 10:00:00,192.39999,192.63000,192.30000,192.30000
2024-11-27 11:00:00,192.30000,192.41000,192.080002,192.25999
2024-11-27 12:00:00,192.25,192.39999,191.78999,191.83000
2024-11-27 13:00:00,191.83000,192.059998,191.80400,191.94000
2024-11-27 14:00:00,191.94000,191.95000,191.58000,191.67000
2024-11-27 15:00:00,191.66000,191.67999,191.39000,191.5
2024-11-27 16:00:00,191.5,191.65100,191.38000,191.58000
2024-11-27 17:00:00,191.60001,191.62000,191.21001,191.24001
2024-11-27 18:00:00,191.22000,191.49001,191.19000,191.37000
2024-11-27 19:00:00,191.34000,191.34100,190.94000,191.28999
2024-11-27 20:00:00,191.28999,191.34000,190.75,190.92000
2024-11-27 21:00:00,190.92000,191.050003,190.69000,190.98000
2024-11-27 22:00:00,190.98000,191.12000,190.92700,191.029999
2024-11-27 23:00:00,191.039993,191.46001,190.85001,191.30000
2024-11-28 00:00:00,191.31000,191.64000,191.26450,191.61000
2024-11-28 01:00:00,191.63000,191.69000,191.14999,191.57001
2024-11-28 02:00:00,191.58000,191.86000,191.45000,191.55000
2024-11-28 03:00:00,191.56000,191.89000,190.94000,191.039993
2024-11-28 04:00:00,191.039993,191.25,190.89000,191.089996
2024-11-28 05:00:00,191.10001,191.26250,191,191.25
2024-11-28 06:00:00,191.23000,191.42999,191.23000,191.38000
2024-11-28 07:00:00,191.39000,191.62000,191.39000,191.58000
2024-11-28 08:00:00,191.57001,191.69000,191.57001,191.61000
2024-11-28 09:00:00,191.58000,191.64999,191.39999,191.44000
2024-11-28 10:00:00,191.41000,191.91000,191.38000,191.87000
2024-11-28 11:00:00,191.87000,192.25,191.75,192.19000
2024-11-28 12:00:00,192.19000,192.25999,191.89000,191.91000
2024-11-28 13:00:00,191.89000,192.050003,191.79950,191.88000
2024-11-28 14:00:00,191.87000,192.13000,191.85699,192.0099945
2024-11-28 15:00:00,192.0099945,192.070007,191.88000,192.059998
2024-11-28 16:00:00,192.070007,192.14000,191.85001,191.92000
2024-11-28 17:00:00,191.89999,192.020004,191.61000,191.87000
2024-11-28 18:00:00,191.87000,192.039993,191.81000,192
2024-11-28 19:00:00,191.98000,192.20000,191.91000,192.080002
2024-11-28 20:00:00,192.070007,192.27000,192.0099945,192.16000
2024-11-28 21:00:00,192.17000,192.44000,192.12000,192.33000
2024-11-28 22:00:00,192.32001,192.48000,192.25,192.32001
2024-11-28 23:00:00,192.32001,192.33650,192.080002,192.24001
2024-11-29 00:00:00,192.23000,192.25,191.92000,191.94000
2024-11-29 01:00:00,191.95000,192.12000,191.82001,192.070007
2024-11-29 02:00:00,192.070007,192.19000,191.99001,192.17000
2024-11-29 03:00:00,192.16000,192.25,192.059998,192.19000
2024-11-29 04:00:00,192.20000,192.25999,192.16499,192.21001
2024-11-29 05:00:00,192.21001,192.28000,192.15900,192.27000
2024-11-29 06:00:00,192.25999,192.30000,192.21750,192.23700
2024-11-29 07:00:00,192.25,192.28000,192.19000,192.19000
2024-11-29 08:00:00,192.19000,192.30000,192.14000,192.27000
2024-11-29 09:00:00,192.26300,192.41989,192.17000,192.28000
2024-11-29 10:00:00,192.28999,192.32001,191.64999,191.95000
2024-11-29 11:00:00,191.94000,191.97000,191.20000,191.27000
2024-11-29 12:00:00,191.25999,191.27000,190.33000,190.46001
2024-11-29 13:00:00,190.48000,191.11000,190.48000,190.83000
2024-11-29 14:00:00,190.83000,191.10001,190.77000,190.81000
2024-11-29 15:00:00,190.82001,190.83800,190.44000,190.67000
2024-11-29 16:00:00,190.67000,190.97000,190.58000,190.74001
2024-11-29 17:00:00,190.73000,190.95000,190.69000,190.87000
2024-11-29 18:00:00,190.82001,190.95000,190.55000,190.81000
2024-11-29 19:00:00,190.83000,190.99001,190.67999,190.81000
2024-11-29 20:00:00,190.80000,190.83000,190.55000,190.61000
2024-11-29 21:00:00,190.60001,190.81000,190.25999,190.38000
2024-11-29 22:00:00,190.38000,190.53000,190.17000,190.50999
2024-11-29 23:00:00,190.53000,190.69000,190.39900,190.67999
2024-11-30 00:00:00,190.67000,190.73000,190.16000,190.24001
2024-11-30 01:00:00,190.24001,190.38000,190.19000,190.25999
2024-11-30 02:00:00,190.25,190.98000,190.21001,190.86000
2024-11-30 03:00:00,190.86000,191.25,190.78999,190.99001
2024-11-30 04:00:00,190.99001,191.050003,190.30000,190.36000
2024-11-30 05:00:00,190.38000,190.59450,190.31000,190.45000
2024-11-30 06:00:00,190.46001,190.61650,190.31000,190.60001
2024-11-30 07:00:00,190.61000,190.75,190.54700,190.73000
2024-11-30 08:00:00,190.74001,190.78000,190.59000,190.67999
2024-12-02 09:00:00,190.55299,190.69000,190.35001,190.5
2024-12-02 10:00:00,190.47000,190.60001,190.25,190.34000
2024-12-02 11:00:00,190.34000,190.78999,190.32001,190.67999
2024-12-02 12:00:00,190.67000,191.059998,190.62000,191.039993
2024-12-02 13:00:00,191.039993,191.16000,190.94000,191.080002
2024-12-02 14:00:00,191.10001,191.24001,190.98000,191
2024-12-02 15:00:00,191,191.19000,190.96001,191.11000
2024-12-02 16:00:00,191.089996,191.30000,191.039993,191.20000
2024-12-02 17:00:00,191.21001,191.21550,190.86900,190.99001
2024-12-02 18:00:00,190.98000,191.080002,190.28000,190.56000
2024-12-02 19:00:00,190.56000,190.81000,190.44000,190.70000
2024-12-02 20:00:00,190.70000,191.089996,190.55000,190.99001
2024-12-02 21:00:00,191,191.11000,190.78999,190.80000
2024-12-02 22:00:00,190.80000,191.059998,190.78000,190.86000
2024-12-02 23:00:00,190.86000,190.88000,190.080002,190.14999
2024-12-03 00:00:00,190.16000,190.56000,190.16000,190.38000
2024-12-03 01:00:00,190.38000,190.42000,189.46001,189.56000
2024-12-03 02:00:00,189.55000,189.66000,189.16000,189.25999
2024-12-03 03:00:00,189.25999,189.38000,188.48000,188.62000
2024-12-03 04:00:00,188.62000,189.17999,188.59000,189.15750
2024-12-03 05:00:00,189.17000,189.39000,189.13000,189.25
2024-12-03 06:00:00,189.25,189.30000,189.11000,189.14999
2024-12-03 07:00:00,189.14999,189.28999,189.029999,189.24001
2024-12-03 08:00:00,189.22000,189.31000,189.21001,189.31000
2024-12-03 09:00:00,189.30901,189.39000,189.17900,189.23900
2024-12-03 10:00:00,189.25999,189.60001,189.20000,189.25999
2024-12-03 11:00:00,189.25999,189.70551,189.25,189.61000
2024-12-03 12:00:00,189.60001,189.62000,189.33000,189.53999
2024-12-03 13:00:00,189.53999,189.62000,189.39999,189.47000
2024-12-03 14:00:00,189.46001,189.88000,189.44000,189.81650
2024-12-03 15:00:00,189.81000,189.94000,189.78000,189.85001
2024-12-03 16:00:00,189.85001,189.92000,189.70000,189.75
2024-12-03 17:00:00,189.75,189.94000,189.66000,189.87000
2024-12-03 18:00:00,189.87000,190.0099945,189.75,189.95000
2024-12-03 19:00:00,189.94000,190.38000,189.85001,190.25
2024-12-03 20:00:00,190.25,190.25999,189.89000,189.92999
2024-12-03 21:00:00,189.91000,190.25,189.88000,190.050003
2024-12-03 22:00:00,190.059998,190.12399,189.56000,189.60001
2024-12-03 23:00:00,189.60001,189.62000,189.25,189.28000
2024-12-04 00:00:00,189.28000,189.31000,188.56000,188.61000
2024-12-04 01:00:00,188.60001,188.86000,188.21001,188.47000
2024-12-04 02:00:00,188.45000,189,188.080002,188.86000
2024-12-04 03:00:00,188.86000,189.31000,188.81000,189
2024-12-04 04:00:00,189.020004,189.42999,188.99001,189.37000
2024-12-04 05:00:00,189.37000,189.41100,189.070007,189.25
2024-12-04 06:00:00,189.25,189.44000,189.059998,189.39000
2024-12-04 07:00:00,189.39000,189.46001,189.32001,189.39999
2024-12-04 08:00:00,189.39000,189.59000,189.39000,189.57001
2024-12-04 09:00:00,189.61000,189.67000,189.33913,189.58000
2024-12-04 10:00:00,189.59000,189.67999,189.52000,189.63000
2024-12-04 11:00:00,189.62000,189.86000,189.56000,189.78999
2024-12-04 12:00:00,189.80000,190.0099945,189.67900,189.92000
2024-12-04 13:00:00,189.92999,189.96001,189.57001,189.67999
2024-12-04 14:00:00,189.67000,189.78000,189.37000,189.75999
2024-12-04 15:00:00,189.77000,190.17999,189.75999,190.16000
2024-12-04 16:00:00,190.17000,190.5,190.070007,190.5
2024-12-04 17:00:00,190.49001,190.55000,190.20000,190.47000
2024-12-04 18:00:00,190.46001,190.78999,190.42999,190.71001
2024-12-04 19:00:00,190.70000,191.089996,190.42999,190.63000
2024-12-04 20:00:00,190.62000,191,190.070007,190.94000
2024-12-04 21:00:00,190.95000,191.20000,190.92000,191.10001
2024-12-04 22:00:00,191.10001,191.42999,191.050003,191.32001
2024-12-04 23:00:00,191.32001,191.53000,191.28999,191.47000
2024-12-05 00:00:00,191.47000,191.53000,191.19000,191.42000
2024-12-05 01:00:00,191.42000,191.48000,191.080002,191.24001
2024-12-05 02:00:00,191.17000,191.25,190.91000,191.17999
2024-12-05 03:00:00,191.13000,191.17999,190.75,190.89000
2024-12-05 04:00:00,190.88000,191.020004,190.74699,190.97000
2024-12-05 05:00:00,190.95000,191.029999,190.68800,190.89999
2024-12-05 06:00:00,190.95000,191.10001,190.82001,191.059998
2024-12-05 07:00:00,191.070007,191.37000,191.045502,191.21001
2024-12-05 08:00:00,191.21001,191.32201,191.14999,191.29849
2024-12-05 09:00:00,191.31351,191.32100,191.081497,191.25
2024-12-05 10:00:00,191.23000,191.50999,191.17000,191.20000
2024-12-05 11:00:00,191.21001,191.23500,190.71001,190.75
2024-12-05 12:00:00,190.75,191.32001,190.70000,191.14999
2024-12-05 13:00:00,191.13000,191.14850,190.88000,191
2024-12-05 14:00:00,191.0099945,191.039993,190.84000,191.0099945
2024-12-05 15:00:00,191,191.13300,190.98000,191.039993
2024-12-05 16:00:00,191.050003,191.050003,190.42999,190.64000
2024-12-05 17:00:00,190.63000,190.64999,190.35001,190.46001
2024-12-05 18:00:00,190.47000,190.82001,190.45799,190.67999
2024-12-05 19:00:00,190.67000,191.20000,190.64000,191.16000
2024-12-05 20:00:00,191.17999,191.23000,191,191.22000
2024-12-05 21:00:00,191.21001,191.30000,190.92751,190.94000
2024-12-05 22:00:00,190.94000,191.21001,190.92300,191.17999
2024-12-05 23:00:00,191.19000,191.5,191.13000,191.42000
2024-12-06 00:00:00,191.41000,192.070007,191.39500,192.059998
2024-12-06 01:00:00,192.050003,192.21001,191.82001,192.0099945
2024-12-06 02:00:00,192,192.013504,191.53000,191.67999
2024-12-06 03:00:00,191.67999,191.69000,191.38000,191.57001
2024-12-06 04:00:00,191.56000,191.60001,191.20000,191.37000
2024-12-06 05:00:00,191.38000,191.5,191.31000,191.31000
2024-12-06 06:00:00,191.31000,191.39999,191.17000,191.38000
2024-12-06 07:00:00,191.37000,191.47000,191.28000,191.37000
2024-12-06 08:00:00,191.38000,191.54300,191.33000,191.54300
2024-12-06 09:00:00,191.56000,191.56000,191.41499,191.49001
2024-12-06 10:00:00,191.5,191.70000,191.48514,191.57001
2024-12-06 11:00:00,191.56000,191.67999,191.17000,191.42999
2024-12-06 12:00:00,191.41000,191.46001,191.20000,191.23000
2024-12-06 13:00:00,191.23000,191.30400,191.0099945,191.020004
2024-12-06 14:00:00,191.029999,191.13000,190.92999,191.12000
2024-12-06 15:00:00,191.12000,191.24001,191.044495,191.20000
2024-12-06 16:00:00,191.19000,191.24150,191.020004,191.11000
2024-12-06 17:00:00,191.089996,191.17999,190.92999,191.016495
2024-12-06 18:00:00,191.020004,191.61000,190.93600,191.57001
2024-12-06 19:00:00,191.59000,191.99001,191.58000,191.88000
2024-12-06 20:00:00,191.89000,192.20850,191.87000,192.12000
2024-12-06 21:00:00,192.13000,192.28999,192.0099945,192.16000
2024-12-06 22:00:00,192.17000,192.25,192.059998,192.21001
2024-12-06 23:00:00,192.21001,192.38000,192.050003,192.059998
2024-12-07 00:00:00,192.050003,192.31000,191.49001,191.49001
2024-12-07 01:00:00,191.49001,191.58000,190.77000,190.97000
2024-12-07 02:00:00,190.96001,191.12000,190.73000,190.98000
2024-12-07 03:00:00,190.99001,191.17000,190.83000,190.86000
2024-12-07 04:00:00,190.87000,190.96001,190.77000,190.86000
2024-12-07 05:00:00,190.88000,191.13000,190.87151,190.92999
2024-12-07 06:00:00,190.94000,191.085495,190.89999,191
2024-12-07 07:00:00,191.0099945,191.14000,190.99001,191.050003
2024-12-07 08:00:00,191.039993,191.27000,191.020004,191.14200
2024-12-09 09:00:00,190.90416,191.34000,190.90416,191.19000
2024-12-09 10:00:00,191.20000,191.28999,191.0099945,191.089996
2024-12-09 11:00:00,191.080002,191.13600,190.72000,190.92999
2024-12-09 12:00:00,190.95000,191.16000,190.82001,190.98000
2024-12-09 13:00:00,190.97000,191.12151,190.91800,190.99001
2024-12-09 14:00:00,190.98000,191.039993,190.81000,190.82001
2024-12-09 15:00:00,190.83000,190.85001,190.61000,190.64000
2024-12-09 16:00:00,190.66000,190.80051,190.63000,190.75999
2024-12-09 17:00:00,190.75999,191.16000,190.75999,191.14999
2024-12-09 18:00:00,191.14999,191.88000,191.13800,191.88000
2024-12-09 19:00:00,191.88000,192.12000,191.75,192.070007
2024-12-09 20:00:00,192.070007,192.23000,192.0099945,192.070007
2024-12-09 21:00:00,192.059998,192.35001,192.050995,192.19000
2024-12-09 22:00:00,192.19000,192.32001,192.070007,192.10001
2024-12-09 23:00:00,192.11000,192.39200,192.051498,192.36000
2024-12-10 00:00:00,192.35001,192.92000,192.34000,192.80000
2024-12-10 01:00:00,192.80000,192.90050,192.44000,192.86000
2024-12-10 02:00:00,192.87000,193.42000,192.82001,193.22000
2024-12-10 03:00:00,193.25,193.33400,193.089996,193.28999
2024-12-10 04:00:00,193.27000,193.38000,193.22000,193.25
2024-12-10 05:00:00,193.25,193.25,193.070007,193.12000
2024-12-10 06:00:00,193.12000,193.13000,192.84000,192.89000
2024-12-10 07:00:00,192.89999,192.92000,192.64999,192.78999
2024-12-10 08:00:00,192.77000,192.81351,192.69000,192.81351
2024-12-10 09:00:00,192.78999,192.95000,192.53999,192.83000
2024-12-10 10:00:00,192.80000,193.059998,192.77000,193
2024-12-10 11:00:00,193.0099945,193.11000,192.80000,193.080002
2024-12-10 12:00:00,193.070007,193.14999,192.82001,192.89000
2024-12-10 13:00:00,192.88000,192.89000,192.55000,192.70000
2024-12-10 14:00:00,192.69000,192.75,192.50999,192.58000
2024-12-10 15:00:00,192.57001,192.70000,192.48000,192.66000
2024-12-10 16:00:00,192.67000,192.85001,192.45599,192.50999
2024-12-10 17:00:00,192.5,193.020004,192.48000,192.95000
2024-12-10 18:00:00,192.96001,193.14999,192.83949,193.10001
2024-12-10 19:00:00,193.10001,193.41000,193.089996,193.19000
2024-12-10 20:00:00,193.22000,193.37000,192.96001,193.36000
2024-12-10 21:00:00,193.36000,193.5,193.23650,193.41000
2024-12-10 22:00:00,193.41000,193.61749,193.35373,193.57001
2024-12-10 23:00:00,193.57001,193.64000,193.19000,193.61000
2024-12-11 00:00:00,193.62000,193.67999,193.27000,193.41000
2024-12-11 01:00:00,193.39999,193.67999,193.30000,193.48000
2024-12-11 02:00:00,193.49001,193.81000,193.30000,193.80000
2024-12-11 03:00:00,193.75999,194,193.69000,193.95000
2024-12-11 04:00:00,193.95000,194.0099945,193.85001,193.88000
2024-12-11 05:00:00,193.88000,193.96851,193.81000,193.92999
2024-12-11 06:00:00,193.94000,194.11000,193.89000,194.070007
2024-12-11 07:00:00,194.059998,194.070007,193.94000,194.039993
2024-12-11 08:00:00,194.050003,194.11150,194,194.087006
2024-12-11 09:00:00,194.070007,194.11000,194,194.059998
2024-12-11 10:00:00,194.059998,194.10001,193.96001,194.050003
2024-12-11 11:00:00,194.050003,194.059998,193.81000,193.84000
2024-12-11 12:00:00,193.85001,193.95000,193.83000,193.86000
2024-12-11 13:00:00,193.86000,193.88000,193.52000,193.52000
2024-12-11 14:00:00,193.52000,193.73000,193.5,193.57001
2024-12-11 15:00:00,193.58000,193.58000,193.44000,193.49001
2024-12-11 16:00:00,193.48000,193.75999,193.45000,193.73000
2024-12-11 17:00:00,193.74001,193.80000,193.58000,193.75999
2024-12-11 18:00:00,193.78000,193.85001,192.94000,193.12000
2024-12-11 19:00:00,193.12000,193.38000,193.10001,193.30000
2024-12-11 20:00:00,193.30000,194.5,192.53999,194.36000
2024-12-11 21:00:00,194.37000,194.37000,194.0099945,194.14999
2024-12-11 22:00:00,194.14999,194.36200,194.089996,194.30000
2024-12-11 23:00:00,194.28999,194.56100,194.28999,194.49001
2024-12-12 00:00:00,194.5,194.81000,194.14999,194.5
2024-12-12 01:00:00,194.48000,194.55000,193.86000,194.070007
2024-12-12 02:00:00,194.080002,194.52451,193.95000,194.30000
2024-12-12 03:00:00,194.28999,194.46300,194.28999,194.41000
2024-12-12 04:00:00,194.42000,194.53050,194.33000,194.33000
2024-12-12 05:00:00,194.33000,194.49001,194.25999,194.42999
2024-12-12 06:00:00,194.45000,194.55000,194.38000,194.55000
2024-12-12 07:00:00,194.55000,194.56000,194.45000,194.50751
2024-12-12 08:00:00,194.50999,194.53000,194.37000,194.41251
2024-12-12 09:00:00,194.39999,194.41000,194.19667,194.38000
2024-12-12 10:00:00,194.38000,194.42000,194.28850,194.38000
2024-12-12 11:00:00,194.37000,194.49001,194.14999,194.28999
2024-12-12 12:00:00,194.30000,194.32001,194.020004,194.059998
2024-12-12 13:00:00,194.050003,194.42000,194.029999,194.42000
2024-12-12 14:00:00,194.42999,194.56262,194.35001,194.5
2024-12-12 15:00:00,194.49001,194.53000,194.27000,194.28999
2024-12-12 16:00:00,194.30000,194.77000,194.28600,194.64999
2024-12-12 17:00:00,194.67000,195,194.65950,194.73000
2024-12-12 18:00:00,194.74001,194.87000,194.64999,194.73000
2024-12-12 19:00:00,194.73000,194.83000,194.47000,194.61000
2024-12-12 20:00:00,194.62000,194.75999,194.49001,194.61000
2024-12-12 21:00:00,194.61000,194.67999,194.029999,194.11000
2024-12-12 22:00:00,194.11000,194.17000,193.89000,193.89000
2024-12-12 23:00:00,193.88000,193.95399,193.70000,193.81000
2024-12-13 00:00:00,193.78999,193.87000,193.38000,193.53999
2024-12-13 01:00:00,193.53000,193.98000,193.10851,193.85001
2024-12-13 02:00:00,193.85001,193.97000,192.94000,193.25
2024-12-13 03:00:00,193.25,193.55000,193.16000,193.32001
2024-12-13 04:00:00,193.33000,193.50999,193.30600,193.42999
2024-12-13 05:00:00,193.42000,193.58000,193.39000,193.44000
2024-12-13 06:00:00,193.41000,193.48100,193.25,193.28000
2024-12-13 07:00:00,193.28200,193.43500,193.27000,193.39999
2024-12-13 08:00:00,193.41000,193.49001,193.37900,193.45750
2024-12-13 09:00:00,193.42250,193.63000,193.38000,193.41000
2024-12-13 10:00:00,193.42000,193.48000,193.30000,193.46001
2024-12-13 11:00:00,193.42000,193.87000,193.39000,193.73000
2024-12-13 12:00:00,193.72000,193.77000,193.44000,193.50999
2024-12-13 13:00:00,193.5,193.68150,193.31000,193.62000
2024-12-13 14:00:00,193.63000,193.78999,193.58000,193.60001
2024-12-13 15:00:00,193.59000,193.78450,193.58000,193.70000
2024-12-13 16:00:00,193.70300,193.77251,193.57001,193.63000
2024-12-13 17:00:00,193.63000,193.70000,193.37000,193.41000
2024-12-13 18:00:00,193.34000,193.34000,192.86000,192.92999
2024-12-13 19:00:00,192.94000,193.41000,192.94000,193.39999
2024-12-13 20:00:00,193.41000,193.99001,193.36000,193.91000
2024-12-13 21:00:00,193.92000,194.089996,193.86301,194.039993
2024-12-13 22:00:00,194.050003,194.33000,194.039993,194.25
2024-12-13 23:00:00,194.25999,194.35001,194.020004,194.31000
2024-12-14 00:00:00,194.32001,194.46001,194.080002,194.17000
2024-12-14 01:00:00,194.17000,194.30000,193.99350,194.10001
2024-12-14 02:00:00,194.10001,194.10001,193.64999,193.84000
2024-12-14 03:00:00,193.83000,194.22150,193.80650,194.14000
2024-12-14 04:00:00,194.13000,194.14101,193.98000,193.98000
2024-12-14 05:00:00,193.98000,194.12000,193.89000,194.0099945
2024-12-14 06:00:00,194.020004,194.089996,193.89000,193.89000
2024-12-14 07:00:00,193.91000,193.94000,193.88000,193.89000
2024-12-14 08:00:00,193.89999,194,193.86000,193.86000
2024-12-16 09:00:00,193.83501,193.96500,193.71001,193.77000
2024-12-16 10:00:00,193.80000,193.91000,193.72501,193.77000
2024-12-16 11:00:00,193.75999,194.39500,193.64999,194.23000
2024-12-16 12:00:00,194.23000,194.49001,194.17999,194.47000
2024-12-16 13:00:00,194.46001,194.57001,194.32001,194.36000
2024-12-16 14:00:00,194.37000,194.38000,194.21500,194.30499
2024-12-16 15:00:00,194.30499,194.44501,194.24500,194.25999
2024-12-16 16:00:00,194.25999,194.34500,194.12000,194.17999
2024-12-16 17:00:00,194.17000,194.28999,194.039993,194.13000
2024-12-16 18:00:00,194.12000,194.25,193.92000,193.95000
2024-12-16 19:00:00,193.92000,194.38000,193.83000,194.27000
2024-12-16 20:00:00,194.30000,194.75500,194.24500,194.62000
2024-12-16 21:00:00,194.62000,194.72000,194.38000,194.52000
2024-12-16 22:00:00,194.53000,194.60001,194.45000,194.53500
2024-12-16 23:00:00,194.53500,195.039993,194.52000,194.94501
2024-12-17 00:00:00,194.94000,195.13499,194.89000,195.059998
2024-12-17 01:00:00,195.070007,195.23500,194.92500,195.17999
2024-12-17 02:00:00,195.19000,195.89500,195.12000,195.74500
2024-12-17 03:00:00,195.74500,195.82001,195.60001,195.61501
2024-12-17 04:00:00,195.61000,195.67000,195.5,195.51500
2024-12-17 05:00:00,195.5,195.66000,195.48000,195.59500
2024-12-17 06:00:00,195.61000,195.62000,195.38000,195.50999
2024-12-17 07:00:00,195.5,195.53999,195.41000,195.50999
2024-12-17 08:00:00,195.5,195.60001,195.49001,195.5
2024-12-17 09:00:00,195.49001,195.56000,195.42999,195.48500
2024-12-17 10:00:00,195.49001,195.72000,195.48000,195.55000
2024-12-17 11:00:00,195.55000,195.91000,195.5,195.67000
2024-12-17 12:00:00,195.67999,195.75,195.39999,195.54500
2024-12-17 13:00:00,195.53999,195.56000,195.28000,195.40500
2024-12-17 14:00:00,195.42000,195.46001,195.21500,195.38000
2024-12-17 15:00:00,195.375,195.60001,195.31000,195.34500
2024-12-17 16:00:00,195.35001,195.53999,195.28000,195.36000
2024-12-17 17:00:00,195.35500,195.45000,195.13000,195.33000
2024-12-17 18:00:00,195.45000,195.80499,195.39999,195.64000
2024-12-17 19:00:00,195.67999,195.80499,195.14999,195.30000
2024-12-17 20:00:00,195.28999,195.33000,195.0099945,195.13000
2024-12-17 21:00:00,195.12000,195.33501,194.83000,195.28999
2024-12-17 22:00:00,195.28999,195.50500,195.10500,195.46001
2024-12-17 23:00:00,195.46001,195.52000,195.31000,195.46001
2024-12-18 00:00:00,195.44000,195.57500,195.25999,195.32001
2024-12-18 01:00:00,195.35001,195.35001,194.85001,194.89999
2024-12-18 02:00:00,194.91000,195.17000,194.65500,195.125
2024-12-18 03:00:00,195.11000,195.26500,195.050003,195.095001
2024-12-18 04:00:00,195.10001,195.13000,194.89500,194.96001
2024-12-18 05:00:00,194.96001,195.095001,194.86000,194.92500
2024-12-18 06:00:00,194.92500,195.0099945,194.83501,194.91000
2024-12-18 07:00:00,194.89999,195.13499,194.88000,195.11501
2024-12-18 08:00:00,195.10001,195.20500,195.10001,195.10001
2024-12-18 09:00:00,195.095001,195.19000,194.99500,195.070007
2024-12-18 10:00:00,195.080002,195.28000,195,195.19501
2024-12-18 11:00:00,195.20000,195.49001,195.14000,195.36000
2024-12-18 12:00:00,195.36000,195.42999,195.17000,195.22000
2024-12-18 13:00:00,195.21001,195.32001,195.10500,195.24001
2024-12-18 14:00:00,195.24001,195.27499,195.039993,195.050003
2024-12-18 15:00:00,195.050003,195.10001,194.80499,194.89999
2024-12-18 16:00:00,194.91000,194.94000,194.75999,194.79500
2024-12-18 17:00:00,194.78999,195.14500,194.78999,195.14500
2024-12-18 18:00:00,195.10001,195.14000,194.71001,194.92000
2024-12-18 19:00:00,194.92000,194.94000,194.71500,194.84000
2024-12-18 20:00:00,194.83000,195.13000,194.79500,194.95500
2024-12-18 21:00:00,194.92999,195.42000,194.92000,195.30499
2024-12-18 22:00:00,195.31000,195.45000,195.25,195.28000
2024-12-18 23:00:00,195.25999,195.50500,195.23000,195.47000
2024-12-19 00:00:00,195.46001,195.81000,195.25,195.25
2024-12-19 01:00:00,195.25,195.42999,195.035004,195.33000
2024-12-19 02:00:00,195.30000,195.66000,195.12000,195.5
2024-12-19 03:00:00,195.5,195.63000,195.36501,195.48000
2024-12-19 04:00:00,195.48000,195.60500,195.36501,195.42000
2024-12-19 05:00:00,195.44000,195.64000,195.30499,195.5
2024-12-19 06:00:00,195.48000,195.71001,194.67500,194.78500
2024-12-19 07:00:00,194.77000,194.77000,194.080002,194.53000
2024-12-19 08:00:00,194.53000,194.77000,194.48500,194.65500
2024-12-19 09:00:00,194.70500,194.83000,194.48500,194.53999
2024-12-19 10:00:00,194.56000,194.60001,194.059998,194.38000
2024-12-19 11:00:00,194.38000,194.93500,194.33000,194.80000
2024-12-19 12:00:00,194.81000,194.91000,194.60001,194.70000
2024-12-19 13:00:00,194.67000,195.48000,194.44000,195.35500
2024-12-19 14:00:00,195.35001,195.72501,195.12000,195.42999
2024-12-19 15:00:00,195.42500,195.53000,195.28500,195.46001
2024-12-19 16:00:00,195.45000,195.74500,195.33000,195.37000
2024-12-19 17:00:00,195.37000,196.72501,195.17999,196.67000
2024-12-19 18:00:00,196.67999,197.63000,196.66499,197.38000
2024-12-19 19:00:00,197.37000,198.50500,197.34000,198.42000
2024-12-19 20:00:00,198.44000,198.95500,198.41499,198.85001
2024-12-19 21:00:00,198.82001,198.83501,198.28999,198.37000
2024-12-19 22:00:00,198.36000,198.56500,197.86000,197.92000
2024-12-19 23:00:00,197.92999,198.059998,197.20500,197.97501
2024-12-20 00:00:00,197.96001,197.96001,197.27000,197.58000
2024-12-20 01:00:00,197.58000,198.11000,197.58000,197.72000
2024-12-20 02:00:00,197.74001,198.065002,197.64999,197.93500
2024-12-20 03:00:00,197.94000,198.13000,197.56000,197.61000
2024-12-20 04:00:00,197.60001,197.67000,197.14999,197.30000
2024-12-20 05:00:00,197.28000,197.43500,197.16000,197.36501
2024-12-20 06:00:00,197.36000,197.42000,196.81000,196.86000
2024-12-20 07:00:00,196.85001,196.96001,196.70000,196.71001
2024-12-20 08:00:00,196.73000,196.87000,196.60500,196.82500
2024-12-20 09:00:00,196.85001,196.94000,196.78000,196.92000
2024-12-20 10:00:00,196.92000,197.065002,196.80000,197.029999
2024-12-20 11:00:00,197.020004,197.30000,196.99500,197.029999
2024-12-20 12:00:00,197.0099945,197.039993,196.32001,196.42999
2024-12-20 13:00:00,196.41000,196.49001,195.92000,196.0099945
2024-12-20 14:00:00,196.020004,196.17999,195.78999,196.029999
2024-12-20 15:00:00,196.039993,196.375,196.020004,196.34000
2024-12-20 16:00:00,196.35001,196.39000,196.0099945,196.089996
2024-12-20 17:00:00,196.11000,196.44000,195.84000,196.32500
2024-12-20 18:00:00,196.34000,196.34000,195.96001,196.089996
2024-12-20 19:00:00,196.11000,196.42999,195.86000,196.20000
2024-12-20 20:00:00,196.24001,196.24001,195.75999,195.96500
2024-12-20 21:00:00,195.94000,196.21500,195.91000,196.080002
2024-12-20 22:00:00,196.080002,196.11501,195.87000,196.054993
2024-12-20 23:00:00,196.070007,196.22000,195.97000,196.029999
2024-12-21 00:00:00,196.039993,196.63499,196.039993,196.5
2024-12-21 01:00:00,196.48000,196.56000,196.20000,196.52000
2024-12-21 02:00:00,196.52000,196.78000,196.24001,196.26500
2024-12-21 03:00:00,196.26500,196.70000,196.23000,196.46001
2024-12-21 04:00:00,196.47000,196.78999,196.47000,196.72000
2024-12-21 05:00:00,196.69000,196.78000,196.56000,196.58000
2024-12-21 06:00:00,196.58000,196.80000,196.49500,196.55499
2024-12-21 07:00:00,196.55000,196.67999,196.47501,196.61000
2024-12-21 08:00:00,196.60001,196.67500,196.53999,196.60500
2024-12-23 09:00:00,196.5,196.77499,196.41000,196.77499
2024-12-23 10:00:00,196.70000,196.81000,196.57001,196.78000
2024-12-23 11:00:00,196.78999,196.98500,196.69000,196.89500
2024-12-23 12:00:00,196.88000,197.024994,196.67000,196.84000
2024-12-23 13:00:00,196.80000,197.059998,196.71001,197.044998
2024-12-23 14:00:00,197.020004,197.10001,196.84000,196.875
2024-12-23 15:00:00,196.86000,197.054993,196.82001,196.98000
2024-12-23 16:00:00,196.99001,197.10001,196.96001,197.039993
2024-12-23 17:00:00,197,197.035004,196.81000,196.83501
2024-12-23 18:00:00,196.81000,197.059998,196.80000,196.88000
2024-12-23 19:00:00,196.92000,196.92999,196.58000,196.875
2024-12-23 20:00:00,196.87000,197.11501,196.77000,196.92999
2024-12-23 21:00:00,196.96001,197.020004,196.61000,196.75999
2024-12-23 22:00:00,196.73000,196.82001,196.5,196.57500
2024-12-23 23:00:00,196.56000,196.92999,196.45000,196.81500
2024-12-24 00:00:00,196.80000,196.98500,196.78000,196.89000
2024-12-24 01:00:00,196.89999,197.070007,196.69000,196.91000
2024-12-24 02:00:00,196.87000,197.080002,196.66000,196.71001
2024-12-24 03:00:00,196.67999,196.88000,196.62000,196.72501
2024-12-24 04:00:00,196.70000,196.85500,196.66000,196.75
2024-12-24 05:00:00,196.75999,197.020004,196.75999,196.875
2024-12-24 06:00:00,196.85001,196.97501,196.74001,196.91000
2024-12-24 07:00:00,196.89999,197.059998,196.81000,196.95000
2024-12-24 08:00:00,196.97000,197.059998,196.89000,197.044998
2024-12-24 09:00:00,197.039993,197.12000,196.84000,196.95000
2024-12-24 10:00:00,196.92999,197.11000,196.81000,196.99500
2024-12-24 11:00:00,196.99001,197.16499,196.87000,197.089996
2024-12-24 12:00:00,197,197.095001,196.73000,196.82001
2024-12-24 13:00:00,196.82001,197.089996,196.78999,196.94000
2024-12-24 14:00:00,196.92999,196.97000,196.71001,196.85001
2024-12-24 15:00:00,196.75,196.92000,196.62000,196.89000
2024-12-24 16:00:00,196.80000,196.95500,196.62000,196.75999
2024-12-24 17:00:00,196.86501,197.0099945,196.64999,196.90500
2024-12-24 18:00:00,196.89500,196.97000,196.74001,196.92999
2024-12-24 19:00:00,196.85001,197.054993,196.74001,196.89000
2024-12-24 20:00:00,196.78999,197.020004,196.63000,196.81000
2024-12-24 21:00:00,196.80000,197.020004,196.67999,196.85001
2024-12-24 22:00:00,196.85001,197.059998,196.81000,196.88000
2024-12-24 23:00:00,196.87000,197.40500,196.78999,197.12000
2024-12-26 02:00:00,197.31500,197.57001,197.31500,197.57001
2024-12-26 08:00:00,197.70000,197.71001,197.65500,197.65500
2024-12-26 09:00:00,197.60001,197.60001,197.14999,197.35500
2024-12-26 10:00:00,197.28000,197.29500,197.070007,197.080002
2024-12-26 11:00:00,197.089996,197.42999,197.020004,197.36000
2024-12-26 12:00:00,197.36000,197.50500,197.25999,197.45000
2024-12-26 13:00:00,197.42999,197.52499,197.39000,197.46001
2024-12-26 14:00:00,197.46001,197.51500,197.39000,197.44000
2024-12-26 15:00:00,197.44000,197.57001,197.375,197.38499
2024-12-26 16:00:00,197.39999,197.53500,197.34000,197.39000
2024-12-26 17:00:00,197.39000,197.56000,197.34000,197.35500
2024-12-26 18:00:00,197.35001,197.46001,197.089996,197.19501
2024-12-26 19:00:00,197.19000,197.28500,197.11501,197.13000
2024-12-26 20:00:00,197.11000,197.375,197.020004,197.28000
2024-12-26 21:00:00,197.27000,197.41499,197.24001,197.32001
2024-12-26 22:00:00,197.32500,197.56500,197.30000,197.46001
2024-12-26 23:00:00,197.46001,197.52499,197.28999,197.39000
2024-12-27 00:00:00,197.39000,197.73000,197.33501,197.68500
2024-12-27 01:00:00,197.67999,197.70500,197.46001,197.53000
2024-12-27 02:00:00,197.53999,197.875,197.44000,197.75
2024-12-27 03:00:00,197.75999,197.88499,197.67000,197.87000
2024-12-27 04:00:00,197.85001,197.92000,197.70000,197.81000
2024-12-27 05:00:00,197.80000,198.0050049,197.78999,197.82001
2024-12-27 06:00:00,197.80000,197.95000,197.75999,197.89000
2024-12-27 07:00:00,197.88000,197.93500,197.78999,197.89999
2024-12-27 08:00:00,197.91000,197.97000,197.85001,197.94000
2024-12-27 09:00:00,197.95500,197.95500,197.70000,197.77000
2024-12-27 10:00:00,197.77000,197.80000,197.55499,197.64000
2024-12-27 11:00:00,197.64000,197.88000,197.5,197.85001
2024-12-27 12:00:00,197.85001,197.88499,197.52000,197.53999
2024-12-27 13:00:00,197.55000,197.56000,197.22000,197.33000
2024-12-27 14:00:00,197.33000,197.50500,197.33000,197.47000
2024-12-27 15:00:00,197.47000,197.52499,197.31000,197.32001
2024-12-27 16:00:00,197.33501,197.64000,197.30000,197.54500
2024-12-27 17:00:00,197.50999,197.65500,197.39000,197.57500
2024-12-27 18:00:00,197.58000,197.82500,197.50999,197.73000
2024-12-27 19:00:00,197.75,197.86000,197.64000,197.70000
2024-12-27 20:00:00,197.69000,197.73000,197.36000,197.49500
2024-12-27 21:00:00,197.49001,197.83501,197.38000,197.72501
2024-12-27 22:00:00,197.72000,197.97000,197.53000,197.89000
2024-12-27 23:00:00,197.89000,198.21001,197.83000,198.10001
2024-12-28 00:00:00,198.089996,198.42000,198.050003,198.39999
2024-12-28 01:00:00,198.42999,198.51500,198.10001,198.39000
2024-12-28 02:00:00,198.38000,198.50999,198.039993,198.17500
2024-12-28 03:00:00,198.17999,198.41000,198.070007,198.27000
2024-12-28 04:00:00,198.25,198.28999,198.020004,198.23000
2024-12-28 05:00:00,198.23500,198.44000,198.19000,198.375
2024-12-28 06:00:00,198.38000,198.73500,198.31000,198.72501
2024-12-28 07:00:00,198.71001,198.73500,198.53000,198.64000
2024-12-28 08:00:00,198.65500,198.67000,198.45000,198.53999
2024-12-30 09:00:00,198.42999,198.53999,198.24001,198.31000
2024-12-30 10:00:00,198.42000,198.67999,198.42000,198.59000
2024-12-30 11:00:00,198.61000,198.73500,198.37000,198.67000
2024-12-30 12:00:00,198.67999,198.70000,198.45500,198.50999
2024-12-30 13:00:00,198.48000,198.55499,198.38000,198.51500
2024-12-30 14:00:00,198.50500,198.54500,198.44000,198.53000
2024-12-30 15:00:00,198.53000,198.55000,198.45000,198.52000
2024-12-30 16:00:00,198.52000,198.74001,198.51500,198.60500
2024-12-30 17:00:00,198.61000,198.97501,198.61000,198.69000
2024-12-30 18:00:00,198.69000,198.72000,198.41000,198.62000
2024-12-30 19:00:00,198.61000,198.71001,198.31000,198.41000
2024-12-30 20:00:00,198.41000,198.63000,198.38499,198.56000
2024-12-30 21:00:00,198.56000,198.81500,198.5,198.64999
2024-12-30 22:00:00,198.66000,198.77000,198.58000,198.59500
2024-12-30 23:00:00,198.58000,198.68500,198.31500,198.46500
2024-12-31 00:00:00,198.45000,198.51500,197.67500,197.70000
2024-12-31 01:00:00,197.67999,198,197.19000,197.24001
2024-12-31 02:00:00,197.22000,197.24001,196.34500,196.66000
2024-12-31 03:00:00,196.64999,196.95000,196.47000,196.88000
2024-12-31 04:00:00,196.88000,197.22501,196.88000,197.13000
2024-12-31 05:00:00,197.14000,197.32500,196.97000,197.070007
2024-12-31 06:00:00,197.085007,197.19501,196.92500,197.070007
2024-12-31 07:00:00,197.050003,197.089996,196.74001,196.75999
2024-12-31 08:00:00,196.75999,196.91000,196.69000,196.86000
2024-12-31 09:00:00,196.875,197.0050049,196.63000,196.78000
2024-12-31 10:00:00,196.89000,197.059998,196.78000,197.024994
2024-12-31 11:00:00,197.029999,197.059998,196.60001,196.60001
2024-12-31 12:00:00,196.60001,196.73500,196.35500,196.45000
2024-12-31 13:00:00,196.45000,196.50500,196.34000,196.37000
2024-12-31 14:00:00,196.375,196.45000,196.31500,196.36000
2024-12-31 15:00:00,196.35001,196.37000,195.92500,196
2024-12-31 16:00:00,195.99001,196.16499,195.89999,196.16499
2024-12-31 17:00:00,196.10500,196.26500,195.97000,196.23000
2024-12-31 18:00:00,196.20000,196.30499,195.94501,196.22501
2024-12-31 19:00:00,196.23000,196.25,195.75999,196.020004
2024-12-31 20:00:00,196.035004,196.77000,195.94000,196.64999
2024-12-31 21:00:00,196.64999,196.85500,196.5,196.85001
2024-12-31 22:00:00,196.85001,196.85500,196.45000,196.625
2024-12-31 23:00:00,196.61000,196.77499,196.38000,196.61000
2025-01-02 04:00:00,196.46001,196.46001,196.46001,196.46001
2025-01-02 05:00:00,196.46001,196.46001,196.36000,196.42000
2025-01-02 06:00:00,196.42000,196.42000,196.41000,196.41000
2025-01-02 07:00:00,196.33000,196.36000,196.28999,196.32001
2025-01-02 08:00:00,196.32001,196.37000,196.31000,196.37000
2025-01-02 09:00:00,196.83000,196.87000,196.72000,196.83000
2025-01-02 10:00:00,196.83000,197.52000,196.71001,197.44000
2025-01-02 11:00:00,197.45000,197.48000,196.92999,197.059998
2025-01-02 12:00:00,197.059998,197.32001,197.020004,197.20000
2025-01-02 13:00:00,197.21001,197.21001,197.070007,197.13000
2025-01-02 14:00:00,197.14000,197.14999,196.95000,197.020004
2025-01-02 15:00:00,197.039993,197.039993,196.78000,196.82001
2025-01-02 16:00:00,196.82001,197.029999,196.75999,197.029999
2025-01-02 17:00:00,197.0099945,197.0099945,196.28999,196.28999
2025-01-02 18:00:00,196.30000,196.45000,195.99001,196.17999
2025-01-02 19:00:00,196.19000,196.35001,195.56000,195.95000
2025-01-02 20:00:00,195.96001,196.050003,195.67999,195.71001
2025-01-02 21:00:00,195.71001,196.070007,195.55000,195.58000
2025-01-02 22:00:00,195.59000,195.78000,195.48000,195.77000
2025-01-02 23:00:00,195.78000,195.82001,195.050003,195.10001
2025-01-03 00:00:00,195.10001,195.11000,194.37000,194.53999
2025-01-03 01:00:00,194.55000,194.88000,194.24001,194.71001
2025-01-03 02:00:00,194.73000,194.80000,194.20000,194.47000
2025-01-03 03:00:00,194.47000,195.13000,194.39999,195.11000
2025-01-03 04:00:00,195.10001,195.32001,194.75,194.94000
2025-01-03 05:00:00,194.95000,195.070007,194.81000,194.81000
2025-01-03 06:00:00,194.82001,195.11000,194.78999,194.96001
2025-01-03 07:00:00,194.96001,195.19000,194.96001,195.13000
2025-01-03 08:00:00,195.12000,195.13000,195,195.029999
2025-01-03 09:00:00,194.86000,195.070007,194.86000,194.98000
2025-01-03 10:00:00,194.95000,195.029999,194.78999,194.81000
2025-01-03 11:00:00,194.80000,194.91000,194.69000,194.74001
2025-01-03 12:00:00,194.74001,194.94000,194.70000,194.80000
2025-01-03 13:00:00,194.80000,194.96001,194.75999,194.92999
2025-01-03 14:00:00,194.92999,195.16000,194.83000,194.97000
2025-01-03 15:00:00,194.97000,195.059998,194.89999,194.94000
2025-01-03 16:00:00,194.94000,195.0099945,194.88000,194.98000
2025-01-03 17:00:00,194.99001,195.039993,194.89999,194.96001
2025-01-03 18:00:00,194.95000,194.97000,194.64999,194.85001
2025-01-03 19:00:00,194.84000,195.14000,194.84000,194.99001
2025-01-03 20:00:00,194.98000,195.17999,194.92000,195.089996
2025-01-03 21:00:00,195.089996,195.11000,194.73000,195.020004
2025-01-03 22:00:00,195.029999,195.25999,195.029999,195.10001
2025-01-03 23:00:00,195.10001,195.14000,194.89000,194.99001
2025-01-04 00:00:00,194.99001,195.070007,194.84000,194.92999
2025-01-04 01:00:00,194.94000,195.24001,194.84000,195.039993
2025-01-04 02:00:00,195.0099945,195.31000,195.0099945,195.25
2025-01-04 03:00:00,195.24001,195.37000,195.13000,195.21001
2025-01-04 04:00:00,195.20000,195.24001,194.94000,195.17999
2025-01-04 05:00:00,195.17999,195.28000,195.14999,195.20000
2025-01-04 06:00:00,195.20000,195.38000,195.19000,195.38000
2025-01-04 07:00:00,195.37000,195.53000,195.32001,195.52000
2025-01-04 08:00:00,195.53000,195.55000,195.31000,195.37000
2025-01-06 09:00:00,195.35001,195.48000,195.17999,195.39999
2025-01-06 10:00:00,195.41000,195.80000,195.41000,195.70000
2025-01-06 11:00:00,195.71001,196.020004,195.69000,195.88000
2025-01-06 12:00:00,195.88000,196.080002,195.78000,196
2025-01-06 13:00:00,196,196.25,195.97000,196.20000
2025-01-06 14:00:00,196.20000,196.24001,196.0099945,196.13000
2025-01-06 15:00:00,196.13000,196.20000,196.039993,196.16000
2025-01-06 16:00:00,196.17000,196.36000,196.12000,196.23000
2025-01-06 17:00:00,196.24001,196.27000,196.13000,196.17000
2025-01-06 18:00:00,196.16000,196.41000,196.039993,196.34000
2025-01-06 19:00:00,196.34000,196.80000,196.33000,196.77000
2025-01-06 20:00:00,196.77000,197.0099945,196.62000,196.78999
2025-01-06 21:00:00,196.80000,196.98000,196.59000,196.81000
2025-01-06 22:00:00,196.81000,197.42000,196.71001,197.19000
2025-01-06 23:00:00,197.17999,197.24001,196.36000,196.53999
2025-01-07 00:00:00,196.53999,196.59000,195.95000,196.31000
2025-01-07 01:00:00,196.30000,196.88000,195.86000,196.78999
2025-01-07 02:00:00,196.80000,197.12000,196.75,197.050003
2025-01-07 03:00:00,197.050003,197.39999,196.94000,197.35001
2025-01-07 04:00:00,197.35001,197.35001,196.99001,197.16000
2025-01-07 05:00:00,197.17000,197.25999,197.020004,197.050003
2025-01-07 06:00:00,197.050003,197.19000,196.95000,197.13000
2025-01-07 07:00:00,197.13000,197.35001,197.10001,197.33000
2025-01-07 08:00:00,197.33000,197.41000,197.31000,197.37000
2025-01-07 09:00:00,197.21001,197.39999,197.17000,197.32001
2025-01-07 10:00:00,197.37000,197.45000,197.30000,197.33000
2025-01-07 11:00:00,197.33000,197.92999,197.33000,197.83000
2025-01-07 12:00:00,197.83000,198.21001,197.74001,198.20000
2025-01-07 13:00:00,198.20000,198.21001,198.050003,198.17000
2025-01-07 14:00:00,198.17000,198.25999,198.070007,198.17999
2025-01-07 15:00:00,198.17999,198.20000,198.039993,198.10001
2025-01-07 16:00:00,198.10001,198.17999,197.88000,197.92999
2025-01-07 17:00:00,197.92999,197.94000,197.73000,197.78999
2025-01-07 18:00:00,197.80000,197.95000,197.64999,197.70000
2025-01-07 19:00:00,197.69000,197.83000,197.33000,197.75
2025-01-07 20:00:00,197.75,198.20000,197.72000,198.0099945
2025-01-07 21:00:00,198.0099945,198.17000,197.85001,198.12000
2025-01-07 22:00:00,198.11000,198.13000,197.74001,197.77000
2025-01-07 23:00:00,197.77000,197.94000,197.56000,197.60001
2025-01-08 00:00:00,197.60001,197.85001,197.52000,197.75
2025-01-08 01:00:00,197.75999,197.86000,197.55000,197.67999
2025-01-08 02:00:00,197.67000,197.98000,197.21001,197.38000
2025-01-08 03:00:00,197.39000,197.46001,197.0099945,197.24001
2025-01-08 04:00:00,197.24001,197.32001,197,197.14000
2025-01-08 05:00:00,197.13000,197.19000,197.0099945,197.13000
2025-01-08 06:00:00,197.12000,197.17999,197.059998,197.059998
2025-01-08 07:00:00,197.070007,197.070007,196.88000,197.029999
2025-01-08 08:00:00,197.029999,197.28000,197.020004,197.21001
2025-01-08 09:00:00,197.19000,197.22000,197.11000,197.20000
2025-01-08 10:00:00,197.19000,197.44000,197.19000,197.39999
2025-01-08 11:00:00,197.39999,197.42000,197.059998,197.37000
2025-01-08 12:00:00,197.37000,197.38000,197.12000,197.23000
2025-01-08 13:00:00,197.23000,197.48000,197.20000,197.41000
2025-01-08 14:00:00,197.41000,197.53999,197.37000,197.39999
2025-01-08 15:00:00,197.41000,197.55000,197.38000,197.50999
2025-01-08 16:00:00,197.5,197.53999,197.39000,197.53999
2025-01-08 17:00:00,197.53000,197.55000,197.34000,197.41000
2025-01-08 18:00:00,197.39000,197.39000,196.95000,197.14000
2025-01-08 19:00:00,197.14000,197.23000,196.87000,196.88000
2025-01-08 20:00:00,196.88000,196.96001,196.73000,196.92000
2025-01-08 21:00:00,196.92000,197.10001,196.82001,197.070007
2025-01-08 22:00:00,197.070007,197.080002,195.41000,195.96001
2025-01-08 23:00:00,195.95000,195.96001,195.27000,195.55000
2025-01-09 00:00:00,195.53999,195.60001,195.14999,195.50999
2025-01-09 01:00:00,195.52000,195.60001,195.13000,195.21001
2025-01-09 02:00:00,195.20000,195.53999,195.13000,195.48000
2025-01-09 03:00:00,195.48000,195.84000,195.39999,195.78000
2025-01-09 04:00:00,195.77000,195.82001,195.5,195.56000
2025-01-09 05:00:00,195.55000,195.92000,195.55000,195.84000
2025-01-09 06:00:00,195.82001,196.020004,195.77000,195.83000
2025-01-09 07:00:00,195.81000,195.82001,195.70000,195.78000
2025-01-09 08:00:00,195.78999,195.88000,195.75,195.75999
2025-01-09 09:00:00,195.71001,195.78000,195.62000,195.74001
2025-01-09 10:00:00,195.72000,195.82001,195.49001,195.5
2025-01-09 11:00:00,195.50999,195.61000,195.36000,195.56000
2025-01-09 12:00:00,195.56000,195.61000,195.35001,195.41000
2025-01-09 13:00:00,195.39999,195.45000,195.33000,195.41000
2025-01-09 14:00:00,195.41000,195.41000,194.98000,195.0099945
2025-01-09 15:00:00,195,195,194.60001,194.80000
2025-01-09 16:00:00,194.80000,195.089996,194.74001,194.91000
2025-01-09 17:00:00,194.92000,194.95000,194.38000,194.44000
2025-01-09 18:00:00,194.42999,194.70000,193.75,193.92999
2025-01-09 19:00:00,193.92999,194.42999,193.69000,194.31000
2025-01-09 20:00:00,194.32001,194.49001,194.089996,194.14999
2025-01-09 21:00:00,194.14999,194.19000,193.64999,194.10001
2025-01-09 22:00:00,194.10001,194.22000,193.88000,194.050003
2025-01-09 23:00:00,194.050003,194.080002,193.48000,193.92000
2025-01-10 00:00:00,193.91000,194.31000,193.78999,193.92999
2025-01-10 01:00:00,193.92999,194.35001,193.92999,194.34000
2025-01-10 02:00:00,194.34000,194.42000,194.17999,194.35001
2025-01-10 03:00:00,194.35001,194.38000,194.089996,194.37000
2025-01-10 04:00:00,194.37000,194.60001,194.37000,194.49001
2025-01-10 05:00:00,194.48000,194.60001,194.44000,194.53000
2025-01-10 06:00:00,194.55000,194.67999,194.50999,194.62000
2025-01-10 07:00:00,194.63000,194.71001,194.57001,194.66000
2025-01-10 08:00:00,194.66000,194.67000,194.59000,194.64000
2025-01-10 09:00:00,194.57001,194.75999,194.56000,194.67999
2025-01-10 10:00:00,194.69000,194.69000,194.34000,194.37000
2025-01-10 11:00:00,194.37000,194.64000,194.25,194.30000
2025-01-10 12:00:00,194.30000,194.64999,194.24001,194.56000
2025-01-10 13:00:00,194.56000,194.78000,194.53999,194.75
2025-01-10 14:00:00,194.74001,194.75999,194.63000,194.64999
2025-01-10 15:00:00,194.64000,194.75999,194.64000,194.72000
2025-01-10 16:00:00,194.72000,194.78000,194.44000,194.47000
2025-01-10 17:00:00,194.47000,194.55000,194.23000,194.24001
2025-01-10 18:00:00,194.24001,194.74001,194.23000,194.67000
2025-01-10 19:00:00,194.67000,194.74001,193.84000,193.94000
2025-01-10 20:00:00,193.94000,194.34000,193.70000,194.30000
2025-01-10 21:00:00,194.30000,194.44000,194.050003,194.36000
2025-01-10 22:00:00,194.35001,194.62000,194.22000,194.37000
2025-01-10 23:00:00,194.39000,194.61000,194.32001,194.58000
2025-01-11 00:00:00,194.57001,194.70000,193.67999,193.94000
2025-01-11 01:00:00,193.94000,193.99001,193.21001,193.42000
2025-01-11 02:00:00,193.5,193.53999,192.67999,192.69000
2025-01-11 03:00:00,192.69000,192.75999,192.21001,192.57001
2025-01-11 04:00:00,192.58000,192.78000,192.53000,192.71001
2025-01-11 05:00:00,192.71001,192.88000,192.64999,192.85001
2025-01-11 06:00:00,192.85001,192.92000,192.69000,192.75999
2025-01-11 07:00:00,192.77000,192.80000,192.60001,192.67000
2025-01-11 08:00:00,192.67999,192.69000,192.53000,192.53999
2025-01-13 09:00:00,192.59000,192.61000,192.48000,192.57001
2025-01-13 10:00:00,192.53999,192.74001,192.47000,192.71001
2025-01-13 11:00:00,192.69000,192.75999,192.50999,192.53000
2025-01-13 12:00:00,192.53000,192.62000,191.71001,191.95000
2025-01-13 13:00:00,191.95000,192.14000,191.88000,191.88000
2025-01-13 14:00:00,191.87000,191.92000,191.12000,191.14999
2025-01-13 15:00:00,191.14999,191.45000,190.97000,191.25
2025-01-13 16:00:00,191.25,191.27000,190.85001,191.20000
2025-01-13 17:00:00,191.21001,191.53000,191.080002,191.30000
2025-01-13 18:00:00,191.30000,191.46001,190.81000,191.13000
2025-01-13 19:00:00,191.13000,191.74001,191.12000,191.27000
2025-01-13 20:00:00,191.27000,191.30000,190.080002,190.21001
2025-01-13 21:00:00,190.20000,191.020004,190.14999,190.99001
2025-01-13 22:00:00,191.0099945,191.11000,190.5,190.50999
2025-01-13 23:00:00,190.5,190.78999,190.42999,190.5
2025-01-14 00:00:00,190.53000,190.94000,190.50999,190.87000
2025-01-14 01:00:00,190.87000,191.28999,190.66000,191.19000
2025-01-14 02:00:00,191.20000,191.55000,191.059998,191.41000
2025-01-14 03:00:00,191.41000,191.77000,191.31000,191.47000
2025-01-14 04:00:00,191.47000,191.63000,191.42999,191.53999
2025-01-14 05:00:00,191.53999,191.88000,191.39999,191.81000
2025-01-14 06:00:00,191.81000,192.020004,191.66000,192.0099945
2025-01-14 07:00:00,192.0099945,192.059998,191.84000,191.96001
2025-01-14 08:00:00,191.96001,192.21001,191.89999,192.17999
2025-01-14 09:00:00,192.16000,192.75999,192.070007,192.5
2025-01-14 10:00:00,192.55000,192.58000,192.32001,192.42000
2025-01-14 11:00:00,192.42000,192.44000,192.12000,192.37000
2025-01-14 12:00:00,192.36000,192.92000,192.12000,192.25999
2025-01-14 13:00:00,192.27000,192.46001,192.11000,192.42000
2025-01-14 14:00:00,192.42000,192.67999,192.33000,192.37000
2025-01-14 15:00:00,192.37000,192.45000,192.20000,192.28999
2025-01-14 16:00:00,192.28999,192.45000,192.10001,192.30000
2025-01-14 17:00:00,192.31000,192.52000,192.25999,192.34000
2025-01-14 18:00:00,192.35001,192.48000,192.14999,192.35001
2025-01-14 19:00:00,192.34000,192.78999,192.19000,192.61000
2025-01-14 20:00:00,192.60001,192.77000,192.30000,192.33000
2025-01-14 21:00:00,192.33000,192.52000,192.25999,192.36000
2025-01-14 22:00:00,192.35001,192.53999,192.21001,192.32001
2025-01-14 23:00:00,192.32001,192.5,191.99001,192.029999
2025-01-15 00:00:00,192.020004,192.020004,191.5,191.75
2025-01-15 01:00:00,191.75999,192.050003,191.67000,191.84000
2025-01-15 02:00:00,191.83000,192.83000,191.83000,192.72000
2025-01-15 03:00:00,192.73000,192.84000,192.34000,192.47000
2025-01-15 04:00:00,192.47000,192.74001,192.30000,192.70000
2025-01-15 05:00:00,192.69000,192.94000,192.67000,192.87000
2025-01-15 06:00:00,192.87000,192.99001,192.64000,192.67999
2025-01-15 07:00:00,192.69000,192.84000,192.57001,192.83000
2025-01-15 08:00:00,192.82001,193.0099945,192.78999,192.98000
2025-01-15 09:00:00,192.97000,193.070007,192.89000,192.92999
2025-01-15 10:00:00,192.94000,193,192.83000,193
2025-01-15 11:00:00,193,193,192.71001,192.77000
2025-01-15 12:00:00,192.77000,192.95000,192.58000,192.63000
2025-01-15 13:00:00,192.64000,192.69000,192.56000,192.64000
2025-01-15 14:00:00,192.63000,192.72000,192.57001,192.69000
2025-01-15 15:00:00,192.67999,192.71001,192.28000,192.35001
2025-01-15 16:00:00,192.35001,192.35001,191.86000,191.92999
2025-01-15 17:00:00,191.92999,192.14000,191.85001,191.92999
2025-01-15 18:00:00,191.95000,192.14000,191.28999,191.92999
2025-01-15 19:00:00,191.92000,192,191.61000,191.78000
2025-01-15 20:00:00,191.75999,191.82001,191.36000,191.67000
2025-01-15 21:00:00,191.67999,191.85001,191.64000,191.71001
2025-01-15 22:00:00,191.71001,192.0099945,191.64999,191.94000
2025-01-15 23:00:00,191.95000,191.96001,191.55000,191.73000
2025-01-16 00:00:00,191.73000,192.39000,191.70000,192.33000
2025-01-16 01:00:00,192.34000,192.39999,191.69000,191.72000
2025-01-16 02:00:00,191.71001,191.87000,191.45000,191.58000
2025-01-16 03:00:00,191.58000,191.75999,191.10001,191.24001
2025-01-16 04:00:00,191.23000,191.38000,191.16000,191.22000
2025-01-16 05:00:00,191.23000,191.41000,191.19000,191.38000
2025-01-16 06:00:00,191.38000,191.45000,191.33000,191.37000
2025-01-16 07:00:00,191.37000,191.60001,191.36000,191.57001
2025-01-16 08:00:00,191.53999,191.62000,191.49001,191.55000
2025-01-16 09:00:00,191.38000,191.57001,191.35001,191.42000
2025-01-16 10:00:00,191.39999,191.42999,191.25,191.25999
2025-01-16 11:00:00,191.25999,191.53999,191.24001,191.27000
2025-01-16 12:00:00,191.25999,191.25999,190.14000,190.22000
2025-01-16 13:00:00,190.23000,190.41000,189.83000,190.35001
2025-01-16 14:00:00,190.34000,190.56000,190.32001,190.46001
2025-01-16 15:00:00,190.45000,190.55000,190.32001,190.55000
2025-01-16 16:00:00,190.55000,190.64999,190.49001,190.60001
2025-01-16 17:00:00,190.61000,190.94000,190.53999,190.75999
2025-01-16 18:00:00,190.67999,190.91000,190.46001,190.84000
2025-01-16 19:00:00,190.85001,190.92000,190.25999,190.28000
2025-01-16 20:00:00,190.27000,190.38000,189.81000,189.89999
2025-01-16 21:00:00,189.89999,190.14000,189.78000,189.95000
2025-01-16 22:00:00,189.96001,190.35001,189.94000,190.21001
2025-01-16 23:00:00,190.20000,190.53999,190.17999,190.41000
2025-01-17 00:00:00,190.41000,190.50999,190.070007,190.16000
2025-01-17 01:00:00,190.17000,190.52000,189.99001,190.44000
2025-01-17 02:00:00,190.44000,190.44000,190.050003,190.14999
2025-01-17 03:00:00,190.16000,190.33000,189.88000,190.30000
2025-01-17 04:00:00,190.31000,190.5,189.96001,190
2025-01-17 05:00:00,190,190.089996,189.89000,190.039993
2025-01-17 06:00:00,190.029999,190.070007,189.85001,190.0099945
2025-01-17 07:00:00,190.0099945,190.020004,189.78999,189.83000
2025-01-17 08:00:00,189.82001,189.91000,189.78000,189.88000
2025-01-17 09:00:00,189.92000,190.059998,189.88000,189.89000
2025-01-17 10:00:00,189.91000,190.12000,189.89000,190.080002
2025-01-17 11:00:00,190.080002,190.21001,189.62000,189.89000
2025-01-17 12:00:00,189.89999,190.089996,189.78999,189.87000
2025-01-17 13:00:00,189.87000,190.23000,189.86000,190.14999
2025-01-17 14:00:00,190.14999,190.21001,190.020004,190.16000
2025-01-17 15:00:00,190.16000,190.22000,189.86000,189.89000
2025-01-17 16:00:00,189.89000,190.17999,189.87000,190.059998
2025-01-17 17:00:00,190.059998,190.16000,189.92000,190.14000
2025-01-17 18:00:00,190.14999,190.14999,189.34000,189.44000
2025-01-17 19:00:00,189.45000,189.84000,189.34000,189.80000
2025-01-17 20:00:00,189.80000,190.080002,189.56000,189.94000
2025-01-17 21:00:00,189.95000,190.16000,189.86000,190.039993
2025-01-17 22:00:00,190.039993,190.17999,189.86000,189.89999
2025-01-17 23:00:00,189.88000,189.89999,189.66000,189.78000
2025-01-18 00:00:00,189.78000,189.83000,189.5,189.66000
2025-01-18 01:00:00,189.66000,190.35001,189.44000,190.27000
2025-01-18 02:00:00,190.28000,190.61000,190.19000,190.42000
2025-01-18 03:00:00,190.39999,190.58000,190.28999,190.37000
2025-01-18 04:00:00,190.35001,190.37000,190.14999,190.22000
2025-01-18 05:00:00,190.21001,190.28000,190.039993,190.14999
2025-01-18 06:00:00,190.14000,190.19000,190,190
2025-01-18 07:00:00,190,190.089996,189.97000,190.050003
2025-01-18 08:00:00,190.039993,190.25,190.020004,190.20000
2025-01-20 09:00:00,190.25999,190.41000,190.23000,190.34000
2025-01-20 10:00:00,190.31000,190.46001,190.17000,190.31000
2025-01-20 11:00:00,190.32001,190.45000,190.070007,190.070007
2025-01-20 12:00:00,190.080002,190.17000,189.89000,190.11000
2025-01-20 13:00:00,190.11000,190.25,190.059998,190.14000
2025-01-20 14:00:00,190.14000,190.20000,189.99001,190.080002
2025-01-20 15:00:00,190.080002,190.44000,190.050003,190.39999
2025-01-20 16:00:00,190.39999,190.56000,190.32001,190.56000
2025-01-20 17:00:00,190.56000,190.87000,190.46001,190.80000
2025-01-20 18:00:00,190.81000,190.88000,190.5,190.56000
2025-01-20 19:00:00,190.56000,190.69000,190.31000,190.41000
2025-01-20 20:00:00,190.41000,190.49001,190.13000,190.32001
2025-01-20 21:00:00,190.33000,190.69000,190.31000,190.62000
2025-01-20 22:00:00,190.63000,190.91000,190.62000,190.83000
2025-01-20 23:00:00,190.83000,190.84000,190.59000,190.75
2025-01-21 00:00:00,190.75,191.66000,190.61000,191.52000
2025-01-21 01:00:00,191.50999,191.60001,191.20000,191.42999
2025-01-21 02:00:00,191.42999,191.66000,191.28999,191.38000
2025-01-21 03:00:00,191.38000,191.50999,191.28000,191.42000
2025-01-21 04:00:00,191.42000,191.53000,191.16000,191.39000
2025-01-21 05:00:00,191.39999,191.64000,191.33000,191.59000
2025-01-21 06:00:00,191.59000,191.99001,191.58000,191.99001
2025-01-21 07:00:00,191.99001,192.020004,191.80000,191.84000
2025-01-21 08:00:00,191.86000,191.91000,191.74001,191.84000
2025-01-21 09:00:00,191.78000,191.95000,191.73000,191.85001
2025-01-21 10:00:00,191.84000,191.88000,191.38000,191.49001
2025-01-21 11:00:00,191.5,191.61000,191.029999,191.30000
2025-01-21 12:00:00,191.27000,191.62000,190.87000,190.94000
2025-01-21 13:00:00,190.94000,191,190.48000,190.67000
2025-01-21 14:00:00,190.66000,190.82001,190.52000,190.80000
2025-01-21 15:00:00,190.81000,190.83000,190.64000,190.71001
2025-01-21 16:00:00,190.71001,190.77000,190.60001,190.67000
2025-01-21 17:00:00,190.67999,190.86000,190.64000,190.72000
2025-01-21 18:00:00,190.69000,191.14000,190.58000,190.97000
2025-01-21 19:00:00,190.97000,190.99001,190.69000,190.89999
2025-01-21 20:00:00,190.89999,191.029999,190.78000,190.96001
2025-01-21 21:00:00,190.95000,191.11000,190.83000,191.059998
2025-01-21 22:00:00,191.070007,191.080002,190.71001,190.78000
2025-01-21 23:00:00,190.78000,190.89000,190.72000,190.80000
2025-01-22 00:00:00,190.81000,190.97000,190.64999,190.91000
2025-01-22 01:00:00,190.92999,191.25,190.84000,191.070007
2025-01-22 02:00:00,191.059998,191.28000,191,191.059998
2025-01-22 03:00:00,191.050003,191.77000,191.020004,191.73000
2025-01-22 04:00:00,191.73000,191.83000,191.67999,191.77000
2025-01-22 05:00:00,191.75999,191.89999,191.72000,191.84000
2025-01-22 06:00:00,191.84000,191.84000,191.71001,191.77000
2025-01-22 07:00:00,191.77000,191.92000,191.75999,191.91000
2025-01-22 08:00:00,191.89999,192.20000,191.89000,192.17000
2025-01-22 09:00:00,191.99001,192.17000,191.95000,192.029999
2025-01-22 10:00:00,192.089996,192.28999,191.91000,192.16000
2025-01-22 11:00:00,192.19000,192.23000,191.88000,191.97000
2025-01-22 12:00:00,191.96001,192.12000,191.88000,192
2025-01-22 13:00:00,192,192.14999,191.96001,192.13000
2025-01-22 14:00:00,192.14000,192.34000,192.020004,192.28999
2025-01-22 15:00:00,192.28999,192.35001,192.17000,192.32001
2025-01-22 16:00:00,192.32001,192.42999,192.28000,192.35001
2025-01-22 17:00:00,192.35001,192.38000,191.96001,192.080002
2025-01-22 18:00:00,192.080002,192.27000,191.89999,192.24001
2025-01-22 19:00:00,192.23000,192.33000,191.71001,192.14999
2025-01-22 20:00:00,192.16000,192.49001,192.12000,192.48000
2025-01-22 21:00:00,192.49001,192.75,192.42000,192.64999
2025-01-22 22:00:00,192.64999,192.74001,192.50999,192.60001
2025-01-22 23:00:00,192.61000,192.75,192.50999,192.53000
2025-01-23 00:00:00,192.53000,192.75999,192.39000,192.45000
2025-01-23 01:00:00,192.45000,192.69000,192.28000,192.63000
2025-01-23 02:00:00,192.63000,192.69000,192.41000,192.67000
2025-01-23 03:00:00,192.64999,193.0099945,192.57001,192.99001
2025-01-23 04:00:00,192.99001,193.0099945,192.84000,192.98000
2025-01-23 05:00:00,192.98000,193.0099945,192.85001,192.97000
2025-01-23 06:00:00,192.97000,193.0099945,192.85001,192.92000
2025-01-23 07:00:00,192.92999,192.94000,192.78999,192.82001
2025-01-23 08:00:00,192.83000,192.86000,192.75,192.77000
2025-01-23 09:00:00,192.78000,192.81000,192.60001,192.60001
2025-01-23 10:00:00,192.61000,192.67999,192.53000,192.63000
2025-01-23 11:00:00,192.64000,192.67999,192.52000,192.60001
2025-01-23 12:00:00,192.60001,192.75,192.53999,192.73000
2025-01-23 13:00:00,192.73000,192.73000,192.56000,192.64000
2025-01-23 14:00:00,192.63000,192.75999,192.61000,192.73000
2025-01-23 15:00:00,192.73000,192.94000,192.71001,192.92000
2025-01-23 16:00:00,192.92000,193.0099945,192.92000,192.94000
2025-01-23 17:00:00,192.92999,192.99001,192.72000,192.77000
2025-01-23 18:00:00,192.77000,192.82001,192.56000,192.71001
2025-01-23 19:00:00,192.71001,192.72000,192.39999,192.41000
2025-01-23 20:00:00,192.42000,192.67000,192.42000,192.62000
2025-01-23 21:00:00,192.61000,192.75,192.39999,192.70000
2025-01-23 22:00:00,192.70000,192.89000,192.60001,192.69000
2025-01-23 23:00:00,192.67999,192.72000,192.49001,192.61000
2025-01-24 00:00:00,192.63000,192.64000,192.39000,192.5
2025-01-24 01:00:00,192.5,192.75,192.45000,192.64999
2025-01-24 02:00:00,192.64999,192.72000,192.41000,192.45000
2025-01-24 03:00:00,192.45000,192.67999,192.30000,192.62000
2025-01-24 04:00:00,192.61000,192.94000,192.61000,192.91000
2025-01-24 05:00:00,192.91000,192.91000,192.71001,192.80000
2025-01-24 06:00:00,192.80000,192.84000,192.53000,192.57001
2025-01-24 07:00:00,192.57001,192.73000,192.53000,192.69000
2025-01-24 08:00:00,192.70000,192.78999,192.64000,192.77000
2025-01-24 09:00:00,192.92999,192.92999,192.70000,192.73000
2025-01-24 10:00:00,192.73000,192.92999,192.63000,192.89999
2025-01-24 11:00:00,192.89000,193.070007,192.74001,193.059998
2025-01-24 12:00:00,193.059998,193.13000,192.92000,193.12000
2025-01-24 13:00:00,193.14000,193.53000,193.12000,193.39000
2025-01-24 14:00:00,193.39000,193.69000,192.53999,192.70000
2025-01-24 15:00:00,192.70000,192.72000,192.080002,192.38000
2025-01-24 16:00:00,192.38000,192.71001,192.25,192.64000
2025-01-24 17:00:00,192.64000,193.21001,192.25,192.62000
2025-01-24 18:00:00,192.63000,192.78000,192.33000,192.48000
2025-01-24 19:00:00,192.47000,192.83000,192.089996,192.74001
2025-01-24 20:00:00,192.75999,193.42999,192.53000,193.36000
2025-01-24 21:00:00,193.36000,193.87000,193.32001,193.80000
2025-01-24 22:00:00,193.80000,193.98000,193.57001,193.80000
2025-01-24 23:00:00,193.78999,194.17999,193.77000,194.14999
2025-01-25 00:00:00,194.14999,194.27000,193.96001,194.070007
2025-01-25 01:00:00,194.070007,194.50999,193.95000,194.42999
2025-01-25 02:00:00,194.42999,194.50999,194.12000,194.41000
2025-01-25 03:00:00,194.39000,194.58000,194.34000,194.39000
2025-01-25 04:00:00,194.39999,194.60001,194.35001,194.49001
2025-01-25 05:00:00,194.49001,194.75999,194.48000,194.62000
2025-01-25 06:00:00,194.63000,194.66000,194.44000,194.50999
2025-01-25 07:00:00,194.50999,194.67000,194.47000,194.66000
2025-01-25 08:00:00,194.66000,194.75,194.60001,194.71001
2025-01-27 09:00:00,194.23000,194.36000,194.17000,194.31000
2025-01-27 10:00:00,194.31000,194.34000,193.86000,194.0099945
2025-01-27 11:00:00,194.0099945,194.089996,193.63000,193.73000
2025-01-27 12:00:00,193.73000,193.81000,193.47000,193.56000
2025-01-27 13:00:00,193.57001,193.83000,193.47000,193.78000
2025-01-27 14:00:00,193.78000,194.10001,193.75,194.050003
2025-01-27 15:00:00,194.059998,194.32001,194.039993,194.25999
2025-01-27 16:00:00,194.25999,194.27000,194.080002,194.25
2025-01-27 17:00:00,194.25,194.64999,194.23000,194.24001
2025-01-27 18:00:00,194.24001,194.24001,193.75,193.75
2025-01-27 19:00:00,193.74001,193.78000,193.16000,193.25999
2025-01-27 20:00:00,193.25999,193.34000,192.61000,193.039993
2025-01-27 21:00:00,193.039993,193.039993,192.17000,192.41000
2025-01-27 22:00:00,192.39000,192.69000,192.21001,192.41000
2025-01-27 23:00:00,192.39999,192.88000,192.37000,192.75999
2025-01-28 00:00:00,192.75,193.14999,192.62000,192.80000
2025-01-28 01:00:00,192.81000,193.029999,192.53999,192.98000
2025-01-28 02:00:00,192.97000,193.070007,192.49001,192.52000
2025-01-28 03:00:00,192.52000,192.63000,192.19000,192.42000
2025-01-28 04:00:00,192.42999,192.64000,192.39999,192.48000
2025-01-28 05:00:00,192.48000,192.82001,192.42999,192.70000
2025-01-28 06:00:00,192.70000,193.14999,192.70000,193.029999
2025-01-28 07:00:00,193.029999,193.28000,192.99001,193.089996
2025-01-28 08:00:00,193.089996,193.23000,193.059998,193.13000
2025-01-28 09:00:00,193.11000,193.19000,193.020004,193.11000
2025-01-28 10:00:00,193.11000,193.16000,192.73000,192.89000
2025-01-28 11:00:00,192.88000,193.25999,192.83000,193.25999
2025-01-28 12:00:00,193.27000,193.75999,193.27000,193.60001
2025-01-28 13:00:00,193.59000,193.74001,193.52000,193.59000
2025-01-28 14:00:00,193.59000,193.85001,193.52000,193.75
2025-01-28 15:00:00,193.75,193.97000,193.73000,193.88000
2025-01-28 16:00:00,193.87000,193.94000,193.74001,193.77000
2025-01-28 17:00:00,193.77000,193.87000,193.61000,193.80000
2025-01-28 18:00:00,193.78000,193.87000,193.67000,193.85001
2025-01-28 19:00:00,193.86000,193.98000,193.45000,193.62000
2025-01-28 20:00:00,193.60001,194.029999,193.33000,193.50999
2025-01-28 21:00:00,193.50999,193.57001,193.19000,193.35001
2025-01-28 22:00:00,193.34000,193.42000,193,193.14999
2025-01-28 23:00:00,193.14999,193.19000,192.94000,192.96001
2025-01-29 00:00:00,192.96001,193.17999,192.94000,193.17999
2025-01-29 01:00:00,193.17000,193.41000,192.77000,193.029999
2025-01-29 02:00:00,192.99001,193.62000,192.98000,193.60001
2025-01-29 03:00:00,193.59000,193.78000,193.35001,193.48000
2025-01-29 04:00:00,193.48000,193.57001,193.38000,193.39999
2025-01-29 05:00:00,193.39999,193.52000,193.32001,193.52000
2025-01-29 06:00:00,193.50999,193.61000,193.37000,193.55000
2025-01-29 07:00:00,193.53999,193.59000,193.42999,193.49001
2025-01-29 08:00:00,193.48000,193.53999,193.44000,193.50999
2025-01-29 09:00:00,193.53999,193.62000,193.45000,193.52000
2025-01-29 10:00:00,193.52000,193.57001,193.45000,193.53999
2025-01-29 11:00:00,193.53999,193.64999,193.42999,193.57001
2025-01-29 12:00:00,193.57001,193.75,193.50999,193.64999
2025-01-29 13:00:00,193.64999,193.75999,193.59000,193.69000
2025-01-29 14:00:00,193.69000,193.69000,193.37000,193.48000
2025-01-29 15:00:00,193.48000,193.5,193.30000,193.39999
2025-01-29 16:00:00,193.39999,193.39999,193.039993,193.059998
2025-01-29 17:00:00,193.059998,193.50999,193.059998,193.36000
2025-01-29 18:00:00,193.36000,193.50999,193.25,193.31000
2025-01-29 19:00:00,193.34000,193.47000,192.95000,192.99001
2025-01-29 20:00:00,192.96001,193.080002,192.89000,192.95000
2025-01-29 21:00:00,192.95000,193.029999,192.83000,192.92999
2025-01-29 22:00:00,192.92999,193.12000,192.86000,193.020004
2025-01-29 23:00:00,193.0099945,193.10001,192.89999,193.039993
2025-01-30 00:00:00,193.039993,193.050003,192.49001,192.70000
2025-01-30 01:00:00,192.69000,192.91000,192.52000,192.56000
2025-01-30 02:00:00,192.57001,192.98000,192.55000,192.74001
2025-01-30 03:00:00,192.74001,193.0099945,192.70000,192.97000
2025-01-30 04:00:00,192.97000,193.19000,192.92000,192.92999
2025-01-30 05:00:00,192.92999,193.17000,192.86000,193.12000
2025-01-30 06:00:00,193.050003,193.36000,193.0099945,193.21001
2025-01-30 07:00:00,193.20000,193.33000,193.13000,193.25999
2025-01-30 08:00:00,193.27000,193.33000,193.14000,193.27000
2025-01-30 09:00:00,193.12000,193.28999,193,193.23000
2025-01-30 10:00:00,193.22000,193.30000,193.12000,193.28000
2025-01-30 11:00:00,193.28000,193.28999,192.63000,192.70000
2025-01-30 12:00:00,192.67999,192.67999,192.31000,192.52000
2025-01-30 13:00:00,192.53000,192.56000,192.13000,192.19000
2025-01-30 14:00:00,192.19000,192.45000,192.13000,192.42000
2025-01-30 15:00:00,192.42000,192.53000,192.39000,192.42000
2025-01-30 16:00:00,192.42000,192.45000,192.17000,192.31000
2025-01-30 17:00:00,192.30000,192.45000,192.020004,192.13000
2025-01-30 18:00:00,192.12000,192.47000,192.0099945,192.38000
2025-01-30 19:00:00,192.5,192.60001,192.33000,192.41000
2025-01-30 20:00:00,192.39999,192.42000,192.059998,192.19000
2025-01-30 21:00:00,192.19000,192.27000,191.92999,192.050003
2025-01-30 22:00:00,192.050003,192.17999,192.0099945,192.12000
2025-01-30 23:00:00,192.12000,192.16000,191.64000,191.74001
2025-01-31 00:00:00,191.73000,191.92000,191.46001,191.89000
2025-01-31 01:00:00,191.87000,192.24001,191.87000,192.0099945
2025-01-31 02:00:00,192.0099945,192.17000,191.75999,192.16000
2025-01-31 03:00:00,192.17000,192.42999,192.050003,192.25999
2025-01-31 04:00:00,192.27000,192.28000,191.95000,192.020004
2025-01-31 05:00:00,192.020004,192.36000,192.020004,192.28999
2025-01-31 06:00:00,192.28999,192.28999,192,192.0099945
2025-01-31 07:00:00,192.0099945,192.050003,191.59000,191.83000
2025-01-31 08:00:00,191.83000,191.89000,191.49001,191.59000
2025-01-31 09:00:00,191.66000,191.66000,191.41000,191.48000
2025-01-31 10:00:00,191.48000,191.83000,191.39000,191.42000
2025-01-31 11:00:00,191.42000,191.69000,191.42000,191.61000
2025-01-31 12:00:00,191.59000,191.60001,191.19000,191.36000
2025-01-31 13:00:00,191.36000,191.58000,191.23000,191.52000
2025-01-31 14:00:00,191.52000,191.75,191.48000,191.67000
2025-01-31 15:00:00,191.67000,191.85001,191.62000,191.83000
2025-01-31 16:00:00,191.83000,192.32001,191.83000,192.17000
2025-01-31 17:00:00,192.17000,192.45000,192.10001,192.28000
2025-01-31 18:00:00,192.28000,192.38000,192.17000,192.32001
2025-01-31 19:00:00,192.31000,192.47000,191.89000,191.92999
2025-01-31 20:00:00,191.82001,192.19000,191.62000,192.19000
2025-01-31 21:00:00,192.19000,192.27000,192.050003,192.050003
2025-01-31 22:00:00,192.050003,192.17000,191.85001,192.14999
2025-01-31 23:00:00,192.17000,192.38000,192.10001,192.31000
2025-02-01 00:00:00,192.28999,192.56000,192.089996,192.16000
2025-02-01 01:00:00,192.16000,192.16000,191.62000,191.64999
2025-02-01 02:00:00,191.64999,192.45000,191.61000,192.38000
2025-02-01 03:00:00,192.37000,193.039993,192.27000,192.81000
2025-02-01 04:00:00,192.81000,193.029999,192.67999,192.74001
2025-02-01 05:00:00,192.75,192.95000,192.22000,192.32001
2025-02-01 06:00:00,192.32001,192.52000,192.059998,192.38000
2025-02-01 07:00:00,192.38000,192.53999,192.25,192.32001
2025-02-01 08:00:00,192.30000,192.41000,192.080002,192.37000
2025-02-03 09:00:00,190.23000,191.070007,190.23000,190.82001
2025-02-03 10:00:00,190.72000,191.35001,190.63000,190.94000
2025-02-03 11:00:00,190.95000,191.47000,190.88000,191.14999
2025-02-03 12:00:00,191.14999,191.67000,191.059998,191.33000
2025-02-03 13:00:00,191.33000,191.38000,190.67000,190.73000
2025-02-03 14:00:00,190.73000,190.92000,190.61000,190.87000
2025-02-03 15:00:00,190.87000,191.13000,190.70000,190.88000
2025-02-03 16:00:00,190.88000,191.020004,190.78999,191.0099945
2025-02-03 17:00:00,191.0099945,191.12000,190.78999,190.94000
2025-02-03 18:00:00,190.95000,191.42999,190.95000,191.17000
2025-02-03 19:00:00,191.17000,191.58000,191.050003,191.31000
2025-02-03 20:00:00,191.32001,191.37000,190.50999,190.53999
2025-02-03 21:00:00,190.55000,190.94000,190.53999,190.77000
2025-02-03 22:00:00,190.77000,190.82001,190.25,190.47000
2025-02-03 23:00:00,190.48000,190.83000,190.41000,190.81000
2025-02-04 00:00:00,190.81000,191.34000,190.80000,191.23000
2025-02-04 01:00:00,191.23000,191.23000,190.73000,190.92999
2025-02-04 02:00:00,190.98000,192.25999,190.029999,192.050003
2025-02-04 03:00:00,192.039993,192.31000,191.59000,191.61000
2025-02-04 04:00:00,191.61000,191.88000,191.38000,191.69000
2025-02-04 05:00:00,191.67999,192.10001,191.47000,192.029999
2025-02-04 06:00:00,192.020004,192.25999,191.89999,191.99001
2025-02-04 07:00:00,192,192.020004,191.82001,191.88000
2025-02-04 08:00:00,191.89000,192.85001,191.80000,192.69000
2025-02-04 09:00:00,192.64999,192.72000,192.41000,192.62000
2025-02-04 10:00:00,192.62000,193.16000,192.60001,193.059998
2025-02-04 11:00:00,193.050003,193.11000,192.84000,192.96001
2025-02-04 12:00:00,192.96001,192.98000,192.58000,192.67000
2025-02-04 13:00:00,192.67999,192.86000,192.63000,192.78000
2025-02-04 14:00:00,192.78000,192.78999,192.67000,192.69000
2025-02-04 15:00:00,192.67999,192.73000,192.62000,192.67999
2025-02-04 16:00:00,192.67000,192.67999,191.78000,192.48000
2025-02-04 17:00:00,192.48000,192.64999,192.39999,192.63000
2025-02-04 18:00:00,192.60001,192.89000,192.56000,192.84000
2025-02-04 19:00:00,192.82001,193.17999,192.48000,192.82001
2025-02-04 20:00:00,192.83000,193.050003,192.78000,193.020004
2025-02-04 21:00:00,193.0099945,193.13000,192.82001,192.94000
2025-02-04 22:00:00,192.94000,192.96001,192.63000,192.66000
2025-02-04 23:00:00,192.66000,192.80000,192.56000,192.77000
2025-02-05 00:00:00,192.77000,193.089996,192.77000,192.97000
2025-02-05 01:00:00,192.98000,193.11000,192.80000,193
2025-02-05 02:00:00,193.0099945,193.10001,192.61000,192.98000
2025-02-05 03:00:00,192.98000,193.11000,192.75999,192.95000
2025-02-05 04:00:00,192.95000,193,192.49001,192.57001
2025-02-05 05:00:00,192.57001,192.69000,192.45000,192.62000
2025-02-05 06:00:00,192.62000,192.64999,192.48000,192.59000
2025-02-05 07:00:00,192.59000,192.66000,192.50999,192.66000
2025-02-05 08:00:00,192.64999,192.69000,192.56000,192.64000
2025-02-05 09:00:00,192.59000,192.70000,192.53999,192.67000
2025-02-05 10:00:00,192.67000,192.78000,192.25999,192.31000
2025-02-05 11:00:00,192.31000,192.57001,192.020004,192.050003
2025-02-05 12:00:00,192.050003,192.050003,191.49001,191.56000
2025-02-05 13:00:00,191.56000,191.59000,191.14000,191.42000
2025-02-05 14:00:00,191.42999,191.47000,191.050003,191.14000
2025-02-05 15:00:00,191.14000,191.30000,191,191.28000
2025-02-05 16:00:00,191.28000,191.47000,191.23000,191.28999
2025-02-05 17:00:00,191.28999,191.45000,191.11000,191.13000
2025-02-05 18:00:00,191.11000,191.67000,191.029999,191.64999
2025-02-05 19:00:00,191.66000,191.74001,191.24001,191.41000
2025-02-05 20:00:00,191.42000,191.60001,191.080002,191.32001
2025-02-05 21:00:00,191.32001,191.56000,191.11000,191.42000
2025-02-05 22:00:00,191.41000,191.64999,191.38000,191.58000
2025-02-05 23:00:00,191.58000,191.71001,191.38000,191.64999
2025-02-06 00:00:00,191.66000,191.82001,191.5,191.53000
2025-02-06 01:00:00,191.53000,191.84000,191.16000,191.25999
2025-02-06 02:00:00,191.21001,191.21001,190.30000,190.45000
2025-02-06 03:00:00,190.46001,190.66000,190.39000,190.61000
2025-02-06 04:00:00,190.61000,190.75,190.41000,190.5
2025-02-06 05:00:00,190.49001,190.63000,190.46001,190.57001
2025-02-06 06:00:00,190.56000,190.77000,190.56000,190.75
2025-02-06 07:00:00,190.74001,190.98000,190.74001,190.89999
2025-02-06 08:00:00,190.91000,190.95000,190.78999,190.84000
2025-02-06 09:00:00,190.85001,190.85001,190.71001,190.78000
2025-02-06 10:00:00,190.74001,190.97000,190.60001,190.84000
2025-02-06 11:00:00,190.83000,190.91000,190.46001,190.5
2025-02-06 12:00:00,190.49001,190.53000,189.91000,190.16000
2025-02-06 13:00:00,190.14999,190.28999,190.029999,190.23000
2025-02-06 14:00:00,190.23000,190.25999,189.98000,190.22000
2025-02-06 15:00:00,190.22000,190.28999,190.080002,190.27000
2025-02-06 16:00:00,190.27000,190.48000,190.070007,190.28000
2025-02-06 17:00:00,190.27000,190.50999,190.27000,190.49001
2025-02-06 18:00:00,190.49001,190.60001,190.22000,190.33000
2025-02-06 19:00:00,190.33000,190.34000,189.89999,189.99001
2025-02-06 20:00:00,189.99001,190.28000,189.61000,189.69000
2025-02-06 21:00:00,189.69000,189.77000,189.25,189.42000
2025-02-06 22:00:00,189.42000,189.5,189.23000,189.38000
2025-02-06 23:00:00,189.37000,189.46001,188.37000,188.56000
2025-02-07 00:00:00,188.56000,188.83000,188.25,188.33000
2025-02-07 01:00:00,188.33000,188.64999,188.30000,188.5
2025-02-07 02:00:00,188.50999,188.73000,188.28000,188.31000
2025-02-07 03:00:00,188.31000,189.070007,188.31000,189.020004
2025-02-07 04:00:00,189.020004,189.11000,188.84000,188.96001
2025-02-07 05:00:00,188.96001,189.039993,188.39000,188.39000
2025-02-07 06:00:00,188.39000,188.42999,188.070007,188.27000
2025-02-07 07:00:00,188.25999,188.52000,188.25999,188.52000
2025-02-07 08:00:00,188.52000,188.52000,188.32001,188.35001
2025-02-07 09:00:00,188.28999,188.36000,188.24001,188.31000
2025-02-07 10:00:00,188.31000,188.33000,187.96001,187.97000
2025-02-07 11:00:00,187.97000,188.14999,187.66000,187.88000
2025-02-07 12:00:00,187.88000,188.48000,187.88000,188.44000
2025-02-07 13:00:00,188.44000,188.69000,188.42000,188.60001
2025-02-07 14:00:00,188.58000,188.60001,188.35001,188.38000
2025-02-07 15:00:00,188.39000,188.53000,188.33000,188.50999
2025-02-07 16:00:00,188.50999,188.58000,188.37000,188.46001
2025-02-07 17:00:00,188.46001,188.67999,188.32001,188.67999
2025-02-07 18:00:00,188.67000,188.95000,188.62000,188.89000
2025-02-07 19:00:00,188.89999,189.24001,188.78999,189.14999
2025-02-07 20:00:00,189.14999,189.28000,189.059998,189.17000
2025-02-07 21:00:00,189.16000,189.58000,189.14999,189.39999
2025-02-07 22:00:00,189.41000,189.53000,189.37000,189.49001
2025-02-07 23:00:00,189.48000,189.56000,189.14000,189.21001
2025-02-08 00:00:00,189.21001,189.55000,188.69000,188.89000
2025-02-08 01:00:00,188.88000,189.17000,188.75,188.83000
2025-02-08 02:00:00,188.83000,188.87000,187.75,188.080002
2025-02-08 03:00:00,188.10001,188.10001,187.059998,187.50999
2025-02-08 04:00:00,187.50999,188.14999,187.44000,188.11000
2025-02-08 05:00:00,188.10001,188.31000,187.70000,187.78999
2025-02-08 06:00:00,187.78999,188.11000,187.67999,187.92000
2025-02-08 07:00:00,187.91000,187.92999,187.70000,187.74001
2025-02-08 08:00:00,187.72000,187.88000,187.69000,187.78999
2025-02-10 09:00:00,187.16000,187.81000,187.14999,187.66000
2025-02-10 10:00:00,187.66000,188.19000,187.61000,188.17000
2025-02-10 11:00:00,188.17000,188.25999,187.99001,188.20000
2025-02-10 12:00:00,188.20000,188.46001,188.19000,188.24001
2025-02-10 13:00:00,188.23000,188.44000,188.19000,188.38000
2025-02-10 14:00:00,188.38000,188.44000,188.21001,188.33000
2025-02-10 15:00:00,188.33000,188.41000,188.24001,188.33000
2025-02-10 16:00:00,188.33000,188.64999,188.33000,188.42999
2025-02-10 17:00:00,188.42999,188.5,188.25999,188.5
2025-02-10 18:00:00,188.49001,188.78999,188.49001,188.75999
2025-02-10 19:00:00,188.75999,189.10001,188.71001,188.92999
2025-02-10 20:00:00,188.92000,189.14999,188.78999,188.85001
2025-02-10 21:00:00,188.84000,188.99001,188.77000,188.78000
2025-02-10 22:00:00,188.78000,188.92000,188.62000,188.66000
2025-02-10 23:00:00,188.66000,188.67999,188.35001,188.39000
2025-02-11 00:00:00,188.39999,188.45000,188.13000,188.17000
2025-02-11 01:00:00,188.17000,188.17999,187.63000,187.73000
2025-02-11 02:00:00,187.72000,187.98000,187.69000,187.84000
2025-02-11 03:00:00,187.83000,187.96001,187.77000,187.87000
2025-02-11 04:00:00,187.86000,188.020004,187.85001,188.020004
2025-02-11 05:00:00,188.020004,188.089996,187.92999,188.020004
2025-02-11 06:00:00,188.0099945,188.10001,187.94000,187.95000
2025-02-11 07:00:00,187.95000,188.029999,187.89999,187.89999
2025-02-11 08:00:00,187.91000,187.99001,187.88000,187.97000
2025-02-11 09:00:00,187.99001,188.050003,187.87000,187.88000
2025-02-11 10:00:00,187.89000,187.94000,187.55000,187.61000
2025-02-11 11:00:00,187.61000,187.70000,187.42999,187.66000
2025-02-11 12:00:00,187.66000,187.92000,187.66000,187.88000
2025-02-11 13:00:00,187.89000,187.89000,187.61000,187.64000
2025-02-11 14:00:00,187.64999,187.81000,187.58000,187.75999
2025-02-11 15:00:00,187.75999,187.88000,187.75,187.86000
2025-02-11 16:00:00,187.86000,187.89999,187.81000,187.84000
2025-02-11 17:00:00,187.85001,187.92000,187.71001,187.75
2025-02-11 18:00:00,187.74001,187.77000,187.5,187.5
2025-02-11 19:00:00,187.50999,187.78999,187.25999,187.67999
2025-02-11 20:00:00,187.67000,188.050003,187.64000,187.89000
2025-02-11 21:00:00,187.89000,188.12000,187.86000,188.050003
2025-02-11 22:00:00,188.050003,188.45000,188.039993,188.39000
2025-02-11 23:00:00,188.39999,188.67000,188.21001,188.66000
2025-02-12 00:00:00,188.66000,188.94000,188.57001,188.83000
2025-02-12 01:00:00,188.83000,189.12000,188.78000,188.95000
2025-02-12 02:00:00,188.99001,189.46001,188.88000,189.17999
2025-02-12 03:00:00,189.17000,189.28999,189.080002,189.27000
2025-02-12 04:00:00,189.27000,189.34000,189.20000,189.30000
2025-02-12 05:00:00,189.30000,189.48000,189.21001,189.39999
2025-02-12 06:00:00,189.39000,189.73000,189.38000,189.67999
2025-02-12 07:00:00,189.67999,189.92000,189.64000,189.86000
2025-02-12 08:00:00,189.85001,189.86000,189.74001,189.80000
2025-02-12 09:00:00,189.78000,189.81000,189.64000,189.73000
2025-02-12 10:00:00,189.72000,190.22000,189.72000,190.22000
2025-02-12 11:00:00,190.21001,190.67000,190.14999,190.64999
2025-02-12 12:00:00,190.66000,191.080002,190.41000,191.080002
2025-02-12 13:00:00,191.080002,191.23000,190.99001,191.080002
2025-02-12 14:00:00,191.080002,191.35001,191.070007,191.28999
2025-02-12 15:00:00,191.28000,191.39000,191.14000,191.22000
2025-02-12 16:00:00,191.22000,191.25,191.080002,191.089996
2025-02-12 17:00:00,191.080002,191.27000,191.059998,191.11000
2025-02-12 18:00:00,191.13000,191.46001,190.92000,191.45000
2025-02-12 19:00:00,191.45000,191.74001,191,191.059998
2025-02-12 20:00:00,191.070007,191.14000,190.85001,191.080002
2025-02-12 21:00:00,191.080002,191.28999,190.98000,191.080002
2025-02-12 22:00:00,191.080002,191.33000,191.039993,191.27000
2025-02-12 23:00:00,191.27000,191.37000,191.080002,191.20000
2025-02-13 00:00:00,191.21001,191.42000,190.84000,191.31000
2025-02-13 01:00:00,191.31000,191.56000,191.059998,191.55000
2025-02-13 02:00:00,191.55000,192.28999,191.42999,192.039993
2025-02-13 03:00:00,192.029999,192.41000,191.80000,192.39999
2025-02-13 04:00:00,192.41000,192.67999,192.37000,192.60001
2025-02-13 05:00:00,192.60001,192.66000,192.059998,192.11000
2025-02-13 06:00:00,192.11000,192.27000,192.070007,192.21001
2025-02-13 07:00:00,192.21001,192.25,192.14000,192.20000
2025-02-13 08:00:00,192.20000,192.25,192.029999,192.14999
2025-02-13 09:00:00,192.21001,192.27000,192.020004,192.12000
2025-02-13 10:00:00,192.12000,192.25,191.96001,192.039993
2025-02-13 11:00:00,192.029999,192.34000,191.92999,192.32001
2025-02-13 12:00:00,192.33000,192.46001,192.11000,192.14999
2025-02-13 13:00:00,192.14999,192.24001,192.080002,192.19000
2025-02-13 14:00:00,192.20000,192.46001,192.20000,192.44000
2025-02-13 15:00:00,192.45000,192.96001,192.44000,192.77000
2025-02-13 16:00:00,192.77000,192.89999,192.55000,192.57001
2025-02-13 17:00:00,192.59000,192.69000,192.37000,192.39000
2025-02-13 18:00:00,192.42000,193.059998,192.42000,192.99001
2025-02-13 19:00:00,193,193,192.13000,192.16000
2025-02-13 20:00:00,192.14999,192.47000,192.039993,192.34000
2025-02-13 21:00:00,192.34000,192.55000,192.12000,192.14000
2025-02-13 22:00:00,192.14000,192.34000,191.74001,191.94000
2025-02-13 23:00:00,191.92999,191.92999,191.62000,191.81000
2025-02-14 00:00:00,191.82001,191.87000,191.30000,191.46001
2025-02-14 01:00:00,191.46001,191.63000,191.17999,191.63000
2025-02-14 02:00:00,191.64000,192.25,191.50999,191.78000
2025-02-14 03:00:00,191.78000,191.92000,191.70000,191.88000
2025-02-14 04:00:00,191.88000,192.0099945,191.78000,191.80000
2025-02-14 05:00:00,191.80000,191.97000,191.27000,191.72000
2025-02-14 06:00:00,191.72000,191.84000,191.57001,191.74001
2025-02-14 07:00:00,191.74001,191.94000,191.70000,191.85001
2025-02-14 08:00:00,191.85001,192.039993,191.83000,192.0099945
2025-02-14 09:00:00,192.020004,192.11000,191.89999,192.070007
2025-02-14 10:00:00,192.080002,192.36000,192.029999,192.23000
2025-02-14 11:00:00,192.25,192.28999,191.63000,191.74001
2025-02-14 12:00:00,191.72000,191.80000,191.53999,191.69000
2025-02-14 13:00:00,191.71001,192.039993,191.64000,191.95000
2025-02-14 14:00:00,191.95000,192.12000,191.92000,191.94000
2025-02-14 15:00:00,191.95000,192.050003,191.63000,191.64000
2025-02-14 16:00:00,191.64000,191.71001,191.49001,191.59000
2025-02-14 17:00:00,191.58000,191.75999,191.5,191.55000
2025-02-14 18:00:00,191.53000,191.99001,191.5,191.88000
2025-02-14 19:00:00,191.88000,192.34000,191.83000,192.24001
2025-02-14 20:00:00,192.23000,192.39999,191.96001,191.98000
2025-02-14 21:00:00,191.98000,192.029999,191.80000,191.86000
2025-02-14 22:00:00,191.85001,192.20000,191.75999,192.13000
2025-02-14 23:00:00,192.12000,192.23000,191.99001,192.23000
2025-02-15 00:00:00,192.22000,192.50999,191.70000,191.80000
2025-02-15 01:00:00,191.78999,192.25,191.74001,192.24001
2025-02-15 02:00:00,192.24001,192.25999,191.86000,191.97000
2025-02-15 03:00:00,191.96001,192.020004,191.64000,191.92999
2025-02-15 04:00:00,191.92000,192.080002,191.87000,192.029999
2025-02-15 05:00:00,192.029999,192.089996,191.86000,191.92999
2025-02-15 06:00:00,191.94000,191.96001,191.67999,191.72000
2025-02-15 07:00:00,191.71001,191.78999,191.70000,191.73000
2025-02-15 08:00:00,191.71001,191.75,191.63000,191.72000
2025-02-17 09:00:00,191.69000,191.71001,191.59000,191.69000
2025-02-17 10:00:00,191.69000,191.75,191.25,191.28999
2025-02-17 11:00:00,191.28999,191.41000,191.050003,191.14999
2025-02-17 12:00:00,191.14999,191.39999,190.95000,191.39000
2025-02-17 13:00:00,191.38000,191.41000,190.80000,190.88000
2025-02-17 14:00:00,190.88000,191.0099945,190.86000,190.92000
2025-02-17 15:00:00,190.92000,191.14000,190.89999,191.059998
2025-02-17 16:00:00,191.070007,191.070007,190.72000,190.75
2025-02-17 17:00:00,190.74001,191.21001,190.72000,191.11000
2025-02-17 18:00:00,191.12000,191.32001,190.87000,191.30000
2025-02-17 19:00:00,191.28999,191.37000,191.059998,191.089996
2025-02-17 20:00:00,191.080002,191.32001,191.020004,191.14000
2025-02-17 21:00:00,191.14999,191.20000,190.95000,191.070007
2025-02-17 22:00:00,191.070007,191.21001,190.84000,190.92999
2025-02-17 23:00:00,190.94000,191,190.69000,190.81000
2025-02-18 00:00:00,190.82001,190.91000,190.73000,190.75999
2025-02-18 01:00:00,190.75,190.80000,190.64000,190.78999
2025-02-18 02:00:00,190.80000,190.87000,190.69000,190.82001
2025-02-18 03:00:00,190.82001,191,190.78000,190.96001
2025-02-18 04:00:00,190.96001,191.19000,190.95000,191.089996
2025-02-18 05:00:00,191.080002,191.14999,191.050003,191.14999
2025-02-18 06:00:00,191.14000,191.28999,191.12000,191.19000
2025-02-18 07:00:00,191.17999,191.21001,191.14999,191.17999
2025-02-18 08:00:00,191.19000,191.32001,191.19000,191.28000
2025-02-18 09:00:00,191.19000,191.28999,191.13000,191.25
2025-02-18 10:00:00,191.23000,191.33000,190.85001,191.13000
2025-02-18 11:00:00,191.13000,191.38000,191.11000,191.28999
2025-02-18 12:00:00,191.28999,191.34000,191.14999,191.27000
2025-02-18 13:00:00,191.27000,191.47000,191.22000,191.42000
2025-02-18 14:00:00,191.42000,191.67999,191.38000,191.67000
2025-02-18 15:00:00,191.69000,191.75,191.55000,191.67000
2025-02-18 16:00:00,191.67000,191.73000,191.46001,191.5
2025-02-18 17:00:00,191.5,191.60001,191.34000,191.48000
2025-02-18 18:00:00,191.49001,191.82001,191.45000,191.82001
2025-02-18 19:00:00,191.81000,191.95000,191.58000,191.61000
2025-02-18 20:00:00,191.60001,191.69000,191.36000,191.44000
2025-02-18 21:00:00,191.42999,191.44000,191.070007,191.16000
2025-02-18 22:00:00,191.17000,191.34000,191.12000,191.25999
2025-02-18 23:00:00,191.25999,191.42000,190.97000,191
2025-02-19 00:00:00,191,191.14000,190.92999,191.029999
2025-02-19 01:00:00,191.029999,191.42000,190.94000,191.38000
2025-02-19 02:00:00,191.39000,191.39999,191.16000,191.32001
2025-02-19 03:00:00,191.32001,191.50999,191.28999,191.44000
2025-02-19 04:00:00,191.42999,191.53000,191.35001,191.44000
2025-02-19 05:00:00,191.44000,191.52000,191.34000,191.52000
2025-02-19 06:00:00,191.52000,191.52000,191.39000,191.39000
2025-02-19 07:00:00,191.39999,191.67999,191.37000,191.64999
2025-02-19 08:00:00,191.64999,191.84000,191.64000,191.83000
2025-02-19 09:00:00,191.81000,192.17999,191.73000,192.13000
2025-02-19 10:00:00,192.13000,192.13000,191.78999,191.80000
2025-02-19 11:00:00,191.80000,191.92999,191.64000,191.88000
2025-02-19 12:00:00,191.87000,191.92000,191.35001,191.89999
2025-02-19 13:00:00,191.89999,192.12000,191.71001,191.81000
2025-02-19 14:00:00,191.81000,191.86000,191.59000,191.63000
2025-02-19 15:00:00,191.63000,191.67000,191.44000,191.48000
2025-02-19 16:00:00,191.47000,191.59000,191.42000,191.59000
2025-02-19 17:00:00,191.59000,191.60001,191.31000,191.34000
2025-02-19 18:00:00,191.39000,191.64000,191.27000,191.37000
2025-02-19 19:00:00,191.38000,191.74001,191.27000,191.36000
2025-02-19 20:00:00,191.35001,191.50999,191.080002,191.16000
2025-02-19 21:00:00,191.16000,191.30000,190.94000,191.070007
2025-02-19 22:00:00,191.080002,191.27000,191.039993,191.089996
2025-02-19 23:00:00,191.089996,191.28999,190.89999,191.20000
2025-02-20 00:00:00,191.21001,191.25,190.99001,191
2025-02-20 01:00:00,191,191.050003,190.50999,190.56000
2025-02-20 02:00:00,190.57001,190.89999,190.46001,190.63000
2025-02-20 03:00:00,190.64000,190.83000,190.53999,190.67000
2025-02-20 04:00:00,190.67000,190.82001,190.53999,190.75
2025-02-20 05:00:00,190.75,190.83000,190.67000,190.70000
2025-02-20 06:00:00,190.71001,190.73000,190.52000,190.67999
2025-02-20 07:00:00,190.67999,190.72000,190.58000,190.67999
2025-02-20 08:00:00,190.66000,190.72000,190.63000,190.64000
2025-02-20 09:00:00,190.58000,190.64000,190.48000,190.49001
2025-02-20 10:00:00,190.5,190.53000,190.11000,190.28999
2025-02-20 11:00:00,190.28999,190.33000,189.92999,190.13000
2025-02-20 12:00:00,190.13000,190.14000,189.5,189.55000
2025-02-20 13:00:00,189.56000,189.87000,189.37000,189.80000
2025-02-20 14:00:00,189.81000,189.82001,189.39999,189.44000
2025-02-20 15:00:00,189.42000,189.48000,189.17999,189.23000
2025-02-20 16:00:00,189.23000,189.42999,189.16000,189.42000
2025-02-20 17:00:00,189.42000,189.42999,188.88000,188.92000
2025-02-20 18:00:00,188.91000,189.25,188.80000,189.14999
2025-02-20 19:00:00,189.14000,189.66000,189.14000,189.56000
2025-02-20 20:00:00,189.56000,189.74001,189.41000,189.60001
2025-02-20 21:00:00,189.60001,189.60001,189.32001,189.35001
2025-02-20 22:00:00,189.35001,189.42000,189.20000,189.42000
2025-02-20 23:00:00,189.42999,189.45000,189.080002,189.11000
2025-02-21 00:00:00,189.11000,189.38000,188.94000,189.31000
2025-02-21 01:00:00,189.30000,189.46001,188.96001,188.99001
2025-02-21 02:00:00,188.98000,189.24001,188.69000,188.99001
2025-02-21 03:00:00,189,189.25999,188.94000,189.17000
2025-02-21 04:00:00,189.17000,189.25,189.070007,189.12000
2025-02-21 05:00:00,189.12000,189.47000,189.11000,189.46001
2025-02-21 06:00:00,189.45000,189.78999,189.45000,189.75999
2025-02-21 07:00:00,189.77000,189.78999,189.58000,189.62000
2025-02-21 08:00:00,189.60001,189.61000,189.55000,189.57001
2025-02-21 09:00:00,189.57001,189.66000,189.39000,189.46001
2025-02-21 10:00:00,189.44000,189.60001,189.21001,189.38000
2025-02-21 11:00:00,189.37000,189.82001,189.37000,189.67999
2025-02-21 12:00:00,189.67999,190.39999,189.64000,190.28000
2025-02-21 13:00:00,190.28000,190.92999,190.17000,190.71001
2025-02-21 14:00:00,190.71001,190.72000,190.33000,190.45000
2025-02-21 15:00:00,190.45000,190.46001,190.20000,190.39000
2025-02-21 16:00:00,190.39000,190.49001,190.31000,190.36000
2025-02-21 17:00:00,190.37000,190.63000,190.28999,190.57001
2025-02-21 18:00:00,190.63000,190.95000,190.56000,190.73000
2025-02-21 19:00:00,190.75,190.78000,190.30000,190.44000
2025-02-21 20:00:00,190.48000,190.48000,190.020004,190.35001
2025-02-21 21:00:00,190.35001,190.41000,190.17000,190.17999
2025-02-21 22:00:00,190.17999,190.24001,189.95000,190.020004
2025-02-21 23:00:00,190.020004,190.24001,189.99001,190.20000
2025-02-22 00:00:00,190.20000,190.37000,190.070007,190.24001
2025-02-22 01:00:00,190.24001,190.30000,189.50999,189.58000
2025-02-22 02:00:00,189.57001,189.61000,188.89999,189.0099945
2025-02-22 03:00:00,189.0099945,189.21001,188.85001,189.029999
2025-02-22 04:00:00,189.029999,189.089996,188.64000,188.67999
2025-02-22 05:00:00,188.67999,188.67999,188.24001,188.41000
2025-02-22 06:00:00,188.41000,188.42000,188.14999,188.28999
2025-02-22 07:00:00,188.30000,188.46001,188.25999,188.37000
2025-02-22 08:00:00,188.37000,188.67999,188.34000,188.63000
2025-02-24 09:00:00,188.63000,188.74001,188.56000,188.66000
2025-02-24 10:00:00,188.64000,189.039993,188.57001,188.97000
2025-02-24 11:00:00,188.98000,188.98000,188.61000,188.64000
2025-02-24 12:00:00,188.64999,189.24001,188.64999,189.21001
2025-02-24 13:00:00,189.22000,189.58000,189.21001,189.28999
2025-02-24 14:00:00,189.28999,189.46001,189.080002,189.16000
2025-02-24 15:00:00,189.16000,189.27000,189.12000,189.16000
2025-02-24 16:00:00,189.16000,189.45000,189.089996,189.36000
2025-02-24 17:00:00,189.36000,189.44000,189.21001,189.31000
2025-02-24 18:00:00,189.30000,189.39000,188.74001,188.98000
2025-02-24 19:00:00,188.99001,189.070007,188.48000,189
2025-02-24 20:00:00,189,189.25999,188.82001,189.020004
2025-02-24 21:00:00,189.0099945,189.19000,188.88000,189.17999
2025-02-24 22:00:00,189.17999,189.35001,189.10001,189.25999
2025-02-24 23:00:00,189.25,189.35001,189.10001,189.28000
2025-02-25 00:00:00,189.27000,189.52000,189.12000,189.38000
2025-02-25 01:00:00,189.39000,189.47000,188.36000,188.42999
2025-02-25 02:00:00,188.42000,188.73000,188.23000,188.42000
2025-02-25 03:00:00,188.42000,189.21001,188.42000,189.050003
2025-02-25 04:00:00,189.050003,189.30000,189.029999,189.080002
2025-02-25 05:00:00,189.070007,189.16000,188.96001,189.13000
2025-02-25 06:00:00,189.14000,189.32001,189.039993,189.080002
2025-02-25 07:00:00,189.080002,189.21001,188.89000,188.99001
2025-02-25 08:00:00,188.99001,189.10001,188.95000,189.029999
2025-02-25 09:00:00,189.059998,189.12000,188.97000,189.089996
2025-02-25 10:00:00,189.089996,189.17000,189.0099945,189.14999
2025-02-25 11:00:00,189.14999,189.50999,189.14999,189.47000
2025-02-25 12:00:00,189.48000,189.67000,189.39000,189.41000
2025-02-25 13:00:00,189.41000,189.47000,189.28999,189.30000
2025-02-25 14:00:00,189.31000,189.36000,189.0099945,189.070007
2025-02-25 15:00:00,189.070007,189.13000,188.85001,188.95000
2025-02-25 16:00:00,188.95000,189.25,188.92000,189.20000
2025-02-25 17:00:00,189.20000,189.30000,189.080002,189.17000
2025-02-25 18:00:00,189.17000,189.20000,188.25,188.28999
2025-02-25 19:00:00,188.28000,188.85001,188.17999,188.61000
2025-02-25 20:00:00,188.62000,189.070007,188.58000,188.85001
2025-02-25 21:00:00,188.85001,189.16000,188.82001,189.10001
2025-02-25 22:00:00,189.10001,189.58000,189.029999,189.56000
2025-02-25 23:00:00,189.56000,189.56000,189.19000,189.47000
2025-02-26 00:00:00,189.46001,189.75,189.27000,189.35001
2025-02-26 01:00:00,189.35001,189.41000,188.82001,188.89999
2025-02-26 02:00:00,188.89000,188.89000,188.28000,188.64999
2025-02-26 03:00:00,188.63000,188.72000,188.16000,188.61000
2025-02-26 04:00:00,188.61000,188.78000,188.38000,188.78000
2025-02-26 05:00:00,188.78000,189.13000,188.73000,188.92999
2025-02-26 06:00:00,188.92999,188.94000,188.71001,188.87000
2025-02-26 07:00:00,188.87000,188.98000,188.67000,188.73000
2025-02-26 08:00:00,188.73000,188.87000,188.71001,188.75
2025-02-26 09:00:00,188.75999,188.92999,188.66000,188.92000
2025-02-26 10:00:00,188.92999,189.020004,188.67999,188.89000
2025-02-26 11:00:00,188.89000,188.91000,188.39999,188.75
2025-02-26 12:00:00,188.75999,189.0099945,188.48000,188.99001
2025-02-26 13:00:00,189,189.17999,188.91000,189.14999
2025-02-26 14:00:00,189.14000,189.23000,188.89000,188.98000
2025-02-26 15:00:00,188.98000,189.12000,188.84000,188.91000
2025-02-26 16:00:00,188.91000,189.12000,188.83000,188.87000
2025-02-26 17:00:00,188.86000,189.22000,188.85001,189.20000
2025-02-26 18:00:00,189.19000,189.25,188.95000,189.14000
2025-02-26 19:00:00,189.13000,189.25,188.73000,188.88000
2025-02-26 20:00:00,188.88000,189.080002,188.86000,189
2025-02-26 21:00:00,189,189.080002,188.78000,189.070007
2025-02-26 22:00:00,189.080002,189.20000,189,189.14999
2025-02-26 23:00:00,189.16000,189.27000,188.99001,189.16000
2025-02-27 00:00:00,189.16000,189.37000,189.020004,189.22000
2025-02-27 01:00:00,189.22000,189.67000,189.020004,189.56000
2025-02-27 02:00:00,189.55000,189.86000,189.50999,189.77000
2025-02-27 03:00:00,189.77000,189.83000,189.28999,189.31000
2025-02-27 04:00:00,189.31000,189.57001,189.059998,189.19000
2025-02-27 05:00:00,189.19000,189.28999,188.71001,188.86000
2025-02-27 06:00:00,188.86000,188.92999,188.62000,188.78999
2025-02-27 07:00:00,188.80000,188.96001,188.69000,188.89000
2025-02-27 08:00:00,188.89999,189.13000,188.86000,188.98000
2025-02-27 09:00:00,189,189.050003,188.87000,188.89999
2025-02-27 10:00:00,188.89999,188.92000,188.64999,188.78999
2025-02-27 11:00:00,188.80000,188.96001,188.58000,188.89999
2025-02-27 12:00:00,188.89999,189.21001,188.78000,189.16000
2025-02-27 13:00:00,189.17000,189.19000,188.91000,188.98000
2025-02-27 14:00:00,188.99001,189.14999,188.87000,188.87000
2025-02-27 15:00:00,188.87000,188.92000,188.63000,188.67999
2025-02-27 16:00:00,188.67999,189.0099945,188.67999,189
2025-02-27 17:00:00,189,189.14000,188.92999,189
2025-02-27 18:00:00,189.0099945,189.11000,188.89000,189.070007
2025-02-27 19:00:00,189.070007,189.77000,188.92999,189.73000
2025-02-27 20:00:00,189.72000,190.11000,189.63000,189.98000
2025-02-27 21:00:00,189.99001,190.080002,189.83000,190
2025-02-27 22:00:00,190.0099945,190.11000,189.71001,189.83000
2025-02-27 23:00:00,189.81000,189.92999,189.47000,189.57001
2025-02-28 00:00:00,189.57001,189.77000,189.0099945,189.14999
2025-02-28 01:00:00,189.14000,189.70000,188.99001,189.089996
2025-02-28 02:00:00,189.10001,189.58000,188.88000,189.35001
2025-02-28 03:00:00,189.35001,189.55000,189.080002,189.16000
2025-02-28 04:00:00,189.16000,189.27000,189.050003,189.14999
2025-02-28 05:00:00,189.14999,189.61000,189.13000,189.57001
2025-02-28 06:00:00,189.57001,189.57001,188.84000,188.95000
2025-02-28 07:00:00,188.95000,188.96001,188.62000,188.80000
2025-02-28 08:00:00,188.81000,188.83000,188.64000,188.77000
2025-02-28 09:00:00,188.95000,188.95000,188.67999,188.75
2025-02-28 10:00:00,188.74001,189.080002,188.48000,189.070007
2025-02-28 11:00:00,189.070007,189.14000,188.27000,188.30000
2025-02-28 12:00:00,188.33000,188.49001,188.029999,188.039993
2025-02-28 13:00:00,188.039993,188.22000,187.69000,188.16000
2025-02-28 14:00:00,188.16000,188.36000,188.070007,188.27000
2025-02-28 15:00:00,188.28000,188.41000,188.13000,188.25
2025-02-28 16:00:00,188.25,188.62000,188.23000,188.58000
2025-02-28 17:00:00,188.58000,188.82001,188.5,188.75
2025-02-28 18:00:00,188.75,189.52000,188.62000,189.37000
2025-02-28 19:00:00,189.37000,189.88000,189.32001,189.72000
2025-02-28 20:00:00,189.71001,189.86000,189.17000,189.24001
2025-02-28 21:00:00,189.24001,189.49001,189.23000,189.36000
2025-02-28 22:00:00,189.37000,189.48000,189.25999,189.42999
2025-02-28 23:00:00,189.42000,189.92000,189.41000,189.85001
2025-03-01 00:00:00,189.85001,190.23000,189.82001,189.86000
2025-03-01 01:00:00,189.86000,190.14000,189.42000,189.92000
2025-03-01 02:00:00,189.89000,190.30000,189.63000,189.73000
2025-03-01 03:00:00,189.74001,189.87000,189.10001,189.64000
2025-03-01 04:00:00,189.64000,189.72000,189.28999,189.31000
2025-03-01 05:00:00,189.28000,189.39999,188.83000,188.85001
2025-03-01 06:00:00,188.82001,189.36000,188.81000,189.25999
2025-03-01 07:00:00,189.27000,189.49001,189.10001,189.33000
2025-03-01 08:00:00,189.36000,189.50999,189.31000,189.46001
2025-03-03 09:00:00,189.67000,189.80000,189.63000,189.77000
2025-03-03 10:00:00,189.77000,190.32001,189.75999,190.059998
2025-03-03 11:00:00,190.059998,190.19000,189.67999,189.73000
2025-03-03 12:00:00,189.74001,190.050003,189.55000,189.64999
2025-03-03 13:00:00,189.64999,189.75,189.50999,189.63000
2025-03-03 14:00:00,189.61000,189.67999,189.30000,189.61000
2025-03-03 15:00:00,189.61000,189.71001,189.47000,189.48000
2025-03-03 16:00:00,189.48000,189.75999,189.48000,189.60001
2025-03-03 17:00:00,189.60001,189.64999,189.39000,189.55000
2025-03-03 18:00:00,189.53999,189.59000,189.22000,189.24001
2025-03-03 19:00:00,189.25,189.36000,188.82001,189.0099945
2025-03-03 20:00:00,189.020004,189.89999,188.95000,189.87000
2025-03-03 21:00:00,189.87000,190.81000,189.87000,190.75999
2025-03-03 22:00:00,190.75999,191.48000,190.70000,191.42999
2025-03-03 23:00:00,191.42999,191.98000,191.37000,191.88000
2025-03-04 00:00:00,191.89000,191.92999,191.35001,191.42000
2025-03-04 01:00:00,191.42000,191.55000,191.070007,191.13000
2025-03-04 02:00:00,191.21001,191.21001,190.55000,190.78000
2025-03-04 03:00:00,190.78000,191.029999,190.64999,190.86000
2025-03-04 04:00:00,190.83000,191.14000,190.78999,190.98000
2025-03-04 05:00:00,190.96001,191.039993,190.72000,190.82001
2025-03-04 06:00:00,190.81000,191.020004,190.53999,190.69000
2025-03-04 07:00:00,190.67999,190.67999,189.10001,189.72000
2025-03-04 08:00:00,189.71001,190.059998,189.71001,189.91000
2025-03-04 09:00:00,189.92000,190.13000,189.89999,190.020004
2025-03-04 10:00:00,190.0099945,190.070007,189.44000,189.64999
2025-03-04 11:00:00,189.64000,189.96001,189.089996,189.42999
2025-03-04 12:00:00,189.42000,189.55000,188.81000,189.11000
2025-03-04 13:00:00,189.10001,189.61000,188.99001,189.46001
2025-03-04 14:00:00,189.44000,189.53000,189.12000,189.25999
2025-03-04 15:00:00,189.25999,189.37000,188.97000,189.33000
2025-03-04 16:00:00,189.36000,189.71001,189.13000,189.64999
2025-03-04 17:00:00,189.64999,189.91000,189.44000,189.88000
2025-03-04 18:00:00,189.88000,189.94000,189.25,189.73000
2025-03-04 19:00:00,189.73000,190.12000,189.14000,189.64000
2025-03-04 20:00:00,189.61000,189.78000,189.21001,189.66000
2025-03-04 21:00:00,189.66000,189.66000,189.11000,189.32001
2025-03-04 22:00:00,189.31000,189.37000,188.75,189.029999
2025-03-04 23:00:00,188.99001,189.020004,188.73000,188.94000
2025-03-05 00:00:00,188.92000,189.17999,188.55000,188.56000
2025-03-05 01:00:00,188.56000,189.12000,188.52000,188.64999
2025-03-05 02:00:00,188.64999,188.98000,188.25,188.64999
2025-03-05 03:00:00,188.64000,189.48000,188.45000,189.37000
2025-03-05 04:00:00,189.36000,189.73000,189.34000,189.56000
2025-03-05 05:00:00,189.56000,190.53000,189.50999,190.47000
2025-03-05 06:00:00,190.47000,191.0099945,190.46001,190.95000
2025-03-05 07:00:00,190.94000,191.35001,190.53999,190.60001
2025-03-05 08:00:00,190.61000,191.78999,190.57001,191.69000
2025-03-05 09:00:00,191.56000,191.63000,191.48000,191.53999
2025-03-05 10:00:00,191.56000,191.91000,191.39000,191.72000
2025-03-05 11:00:00,191.71001,191.74001,191.25,191.73000
2025-03-05 12:00:00,191.71001,192.080002,191.53999,191.63000
2025-03-05 13:00:00,191.62000,191.66000,191.25,191.34000
2025-03-05 14:00:00,191.33000,191.82001,191.17999,191.77000
2025-03-05 15:00:00,191.77000,191.77000,191.45000,191.60001
2025-03-05 16:00:00,191.59000,191.75,191.49001,191.58000
2025-03-05 17:00:00,191.56000,191.63000,191.30000,191.56000
2025-03-05 18:00:00,191.57001,191.87000,191.41000,191.61000
2025-03-05 19:00:00,191.60001,192.32001,191.39000,191.66000
2025-03-05 20:00:00,191.66000,191.92999,191.5,191.73000
2025-03-05 21:00:00,191.75999,192,191.5,191.63000
2025-03-05 22:00:00,191.63000,191.88000,191.39000,191.58000
2025-03-05 23:00:00,191.59000,191.84000,191.47000,191.56000
2025-03-06 00:00:00,191.60001,191.85001,190.88000,191.070007
2025-03-06 01:00:00,191.089996,191.30000,190.89999,191.0099945
2025-03-06 02:00:00,191.14999,191.87000,190.96001,191.62000
2025-03-06 03:00:00,191.61000,191.61000,190.92999,191.42000
2025-03-06 04:00:00,191.39999,191.78999,191.21001,191.73000
2025-03-06 05:00:00,191.73000,191.99001,191.50999,191.98000
2025-03-06 06:00:00,191.98000,192.24001,191.88000,191.89000
2025-03-06 07:00:00,191.89000,192.059998,191.84000,192.059998
2025-03-06 08:00:00,192.039993,192.11000,191.92999,191.99001
2025-03-06 09:00:00,192.080002,192.080002,191.84000,191.89000
2025-03-06 10:00:00,191.88000,192.020004,191.72000,191.91000
2025-03-06 11:00:00,191.91000,192.53000,191.87000,192.30000
2025-03-06 12:00:00,192.30000,192.52000,192.19000,192.28000
2025-03-06 13:00:00,192.28000,192.44000,192.14000,192.42999
2025-03-06 14:00:00,192.42999,192.44000,192.19000,192.32001
2025-03-06 15:00:00,192.32001,192.52000,192.20000,192.47000
2025-03-06 16:00:00,192.48000,192.49001,192.16000,192.16000
2025-03-06 17:00:00,192.16000,192.19000,191.89000,191.92000
2025-03-06 18:00:00,191.91000,191.96001,191.44000,191.53999
2025-03-06 19:00:00,191.53000,191.57001,190.96001,191.050003
2025-03-06 20:00:00,191.020004,191.020004,190.28000,190.42999
2025-03-06 21:00:00,190.41000,190.70000,190.14000,190.36000
2025-03-06 22:00:00,190.35001,190.61000,190.23000,190.39999
2025-03-06 23:00:00,190.39000,190.60001,190.16000,190.22000
2025-03-07 00:00:00,190.21001,190.34000,189.89000,190.13000
2025-03-07 01:00:00,190.14000,190.57001,189.92999,190.39999
2025-03-07 02:00:00,190.39000,191.20000,190.31000,191.089996
2025-03-07 03:00:00,191.11000,191.50999,190.67999,190.73000
2025-03-07 04:00:00,190.72000,190.89999,190.36000,190.64000
2025-03-07 05:00:00,190.64000,190.80000,190.31000,190.45000
2025-03-07 06:00:00,190.45000,190.77000,190.17000,190.44000
2025-03-07 07:00:00,190.42999,190.61000,190.30000,190.36000
2025-03-07 08:00:00,190.36000,190.67999,190.36000,190.63000
2025-03-07 09:00:00,190.64000,190.75999,190.39999,190.61000
2025-03-07 10:00:00,190.61000,190.87000,190.58000,190.87000
2025-03-07 11:00:00,190.86000,190.88000,190.24001,190.61000
2025-03-07 12:00:00,190.61000,190.78999,190.47000,190.55000
2025-03-07 13:00:00,190.56000,190.66000,190.13000,190.19000
2025-03-07 14:00:00,190.19000,190.25999,190.0099945,190.22000
2025-03-07 15:00:00,190.23000,190.32001,190.039993,190.28999
2025-03-07 16:00:00,190.28999,190.39999,189.99001,189.99001
2025-03-07 17:00:00,190,190.33000,189.92999,190.24001
2025-03-07 18:00:00,190.22000,190.66000,190.21001,190.53000
2025-03-07 19:00:00,190.53999,190.86000,190.21001,190.37000
2025-03-07 20:00:00,190.38000,190.89000,190.30000,190.77000
2025-03-07 21:00:00,190.77000,190.85001,190.52000,190.64999
2025-03-07 22:00:00,190.64999,190.86000,190.52000,190.82001
2025-03-07 23:00:00,190.81000,190.89000,190.58000,190.75
2025-03-08 00:00:00,190.74001,191.039993,189.88000,189.97000
2025-03-08 01:00:00,189.96001,190.85001,189.82001,190.59000
2025-03-08 02:00:00,190.60001,191.029999,189.92999,190.64000
2025-03-08 03:00:00,190.64999,190.75,189.83000,190.029999
2025-03-08 04:00:00,190.050003,190.63000,189.67000,190.37000
2025-03-08 05:00:00,190.38000,191.059998,190.35001,191.059998
2025-03-08 06:00:00,191.059998,191.42999,190.88000,191.27000
2025-03-08 07:00:00,191.28000,191.42999,191.12000,191.25
2025-03-08 08:00:00,191.24001,191.35001,191.11000,191.32001
2025-03-10 09:00:00,190.75999,191.050003,190.70000,190.71001
2025-03-10 10:00:00,190.72000,190.99001,190.63000,190.86000
2025-03-10 11:00:00,190.86000,190.95000,190.5,190.57001
2025-03-10 12:00:00,190.53999,190.78000,190.30000,190.59000
2025-03-10 13:00:00,190.58000,190.75,190.39999,190.59000
2025-03-10 14:00:00,190.59000,190.78999,190.53000,190.63000
2025-03-10 15:00:00,190.63000,190.70000,190.53000,190.56000
2025-03-10 16:00:00,190.57001,190.78999,190.49001,190.49001
2025-03-10 17:00:00,190.50999,190.82001,190.47000,190.75
2025-03-10 18:00:00,190.75,190.92000,190.21001,190.30000
2025-03-10 19:00:00,190.34000,190.39000,189.47000,189.53999
2025-03-10 20:00:00,189.53999,190.25,189.47000,190.059998
2025-03-10 21:00:00,190.089996,190.21001,189.80000,189.83000
2025-03-10 22:00:00,189.84000,190.20000,189.55000,190.13000
2025-03-10 23:00:00,190.13000,190.20000,189.81000,190.14999
2025-03-11 00:00:00,190.14000,190.42999,189.89999,190.10001
2025-03-11 01:00:00,190.059998,190.059998,189.31000,189.58000
2025-03-11 02:00:00,189.59000,190.11000,189.56000,189.89999
2025-03-11 03:00:00,189.89999,190.020004,189.67000,189.89000
2025-03-11 04:00:00,189.89000,189.96001,189.53000,189.53999
2025-03-11 05:00:00,189.53999,189.75999,189.39999,189.5
2025-03-11 06:00:00,189.48000,189.86000,189.19000,189.66000
2025-03-11 07:00:00,189.67000,189.75999,189.49001,189.64999
2025-03-11 08:00:00,189.67000,189.67999,189.50999,189.53000
2025-03-11 09:00:00,189.53000,189.53999,189.23000,189.24001
2025-03-11 10:00:00,189.24001,189.39999,189.0099945,189.36000
2025-03-11 11:00:00,189.37000,189.38000,188.81000,189.10001
2025-03-11 12:00:00,189.10001,189.31000,188.80000,189.23000
2025-03-11 13:00:00,189.23000,189.75999,189.16000,189.37000
2025-03-11 14:00:00,189.38000,189.70000,189.37000,189.64000
2025-03-11 15:00:00,189.63000,189.82001,189.47000,189.52000
2025-03-11 16:00:00,189.52000,189.64000,189.39000,189.58000
2025-03-11 17:00:00,189.58000,190.089996,189.53999,189.85001
2025-03-11 18:00:00,189.85001,189.96001,189.55000,189.67999
2025-03-11 19:00:00,189.69000,190.5,189.61000,190.45000
2025-03-11 20:00:00,190.44000,190.73000,190.33000,190.63000
2025-03-11 21:00:00,190.62000,190.91000,190.59000,190.75
2025-03-11 22:00:00,190.74001,191.059998,190.58000,190.77000
2025-03-11 23:00:00,190.77000,191.47000,190.63000,191.28000
2025-03-12 00:00:00,191.31000,191.59000,190.94000,191.12000
2025-03-12 01:00:00,191.11000,191.46001,190.33000,190.55000
2025-03-12 02:00:00,190.52000,191.33000,190.45000,190.95000
2025-03-12 03:00:00,190.92999,190.92999,190.53999,190.56000
2025-03-12 04:00:00,190.56000,190.63000,190.23000,190.60001
2025-03-12 05:00:00,190.59000,191.67999,190.57001,191.59000
2025-03-12 06:00:00,191.58000,191.66000,191.28999,191.38000
2025-03-12 07:00:00,191.38000,191.47000,191.35001,191.39999
2025-03-12 08:00:00,191.38000,191.49001,191.17000,191.24001
2025-03-12 09:00:00,191.24001,191.56000,191.24001,191.5
2025-03-12 10:00:00,191.5,191.69000,191.39000,191.63000
2025-03-12 11:00:00,191.63000,191.75,191.37000,191.63000
2025-03-12 12:00:00,191.64000,191.64000,191.25999,191.52000
2025-03-12 13:00:00,191.52000,191.58000,191.33000,191.47000
2025-03-12 14:00:00,191.46001,191.56000,191.25999,191.35001
2025-03-12 15:00:00,191.35001,191.60001,191.34000,191.47000
2025-03-12 16:00:00,191.47000,191.64000,191.41000,191.45000
2025-03-12 17:00:00,191.46001,191.67999,191.30000,191.64000
2025-03-12 18:00:00,191.64000,192.14999,191.58000,192.11000
2025-03-12 19:00:00,192.10001,192.17000,191.64999,191.98000
2025-03-12 20:00:00,191.99001,192.38000,191.92999,192.21001
2025-03-12 21:00:00,192.22000,192.50999,192.21001,192.30000
2025-03-12 22:00:00,192.30000,192.72000,192.30000,192.53000
2025-03-12 23:00:00,192.52000,193.11000,192.42999,193.020004
2025-03-13 00:00:00,193.020004,193.080002,192.17000,192.35001
2025-03-13 01:00:00,192.31000,192.37000,191.85001,192.020004
2025-03-13 02:00:00,192.020004,192.42999,191.84000,192.34000
2025-03-13 03:00:00,192.34000,192.67999,192.23000,192.37000
2025-03-13 04:00:00,192.37000,192.46001,192.070007,192.080002
2025-03-13 05:00:00,192.080002,192.44000,192.070007,192.37000
2025-03-13 06:00:00,192.36000,192.46001,192.24001,192.37000
2025-03-13 07:00:00,192.37000,192.39999,192.17000,192.19000
2025-03-13 08:00:00,192.16000,192.25999,192.059998,192.14000
2025-03-13 09:00:00,192.13000,192.27000,192.0099945,192.17999
2025-03-13 10:00:00,192.19000,192.25999,191.99001,192.25
2025-03-13 11:00:00,192.25999,192.35001,192.050003,192.059998
2025-03-13 12:00:00,192.039993,192.32001,192.029999,192.059998
2025-03-13 13:00:00,192.059998,192.25999,192.059998,192.17999
2025-03-13 14:00:00,192.17999,192.21001,191.82001,191.84000
2025-03-13 15:00:00,191.83000,191.91000,191.56000,191.64999
2025-03-13 16:00:00,191.64999,191.70000,191.37000,191.42000
2025-03-13 17:00:00,191.42999,191.53000,191.17999,191.41000
2025-03-13 18:00:00,191.42000,191.58000,191.33000,191.42000
2025-03-13 19:00:00,191.44000,191.67999,191.17999,191.53000
2025-03-13 20:00:00,191.52000,192.0099945,191.38000,192
2025-03-13 21:00:00,192,192.089996,191.81000,191.96001
2025-03-13 22:00:00,191.96001,192,191.28000,191.39000
2025-03-13 23:00:00,191.38000,191.85001,191.20000,191.67999
2025-03-14 00:00:00,191.67999,191.84000,191.46001,191.62000
2025-03-14 01:00:00,191.60001,191.94000,191.48000,191.60001
2025-03-14 02:00:00,191.61000,191.67999,191.0099945,191.17999
2025-03-14 03:00:00,191.17999,191.35001,191,191.080002
2025-03-14 04:00:00,191.080002,191.16000,190.75,191.039993
2025-03-14 05:00:00,191.039993,191.41000,191.020004,191.36000
2025-03-14 06:00:00,191.35001,191.41000,191.089996,191.19000
2025-03-14 07:00:00,191.19000,191.50999,191.19000,191.42999
2025-03-14 08:00:00,191.48000,191.48000,191.34000,191.39999
2025-03-14 09:00:00,191.35001,191.67999,191.35001,191.61000
2025-03-14 10:00:00,191.60001,191.71001,191.50999,191.67999
2025-03-14 11:00:00,191.67999,192.13000,191.56000,191.98000
2025-03-14 12:00:00,191.98000,192.12000,191.75,191.75999
2025-03-14 13:00:00,191.75999,191.89999,191.75,191.83000
2025-03-14 14:00:00,191.84000,192.029999,191.83000,192.0099945
2025-03-14 15:00:00,192,192.20000,191.99001,192.17000
2025-03-14 16:00:00,192.19000,192.41000,192.16000,192.25
2025-03-14 17:00:00,192.25999,192.50999,192.17000,192.42999
2025-03-14 18:00:00,192.32001,192.67000,192.059998,192.27000
2025-03-14 19:00:00,192.24001,192.62000,192.11000,192.53000
2025-03-14 20:00:00,192.56000,192.63000,192.39000,192.59000
2025-03-14 21:00:00,192.58000,192.75,192.17999,192.58000
2025-03-14 22:00:00,192.57001,192.63000,192.28999,192.44000
2025-03-14 23:00:00,192.44000,192.67000,192.35001,192.39000
2025-03-15 00:00:00,192.39999,192.53000,192.13000,192.39999
2025-03-15 01:00:00,192.31000,192.69000,191.81000,191.91000
2025-03-15 02:00:00,191.89999,192.070007,191.67999,191.81000
2025-03-15 03:00:00,191.82001,191.84000,191.47000,191.75999
2025-03-15 04:00:00,191.74001,191.98000,191.74001,191.91000
2025-03-15 05:00:00,191.91000,192.14000,191.91000,192.10001
2025-03-15 06:00:00,192.080002,192.31000,192.039993,192.28000
2025-03-15 07:00:00,192.28000,192.36000,192.17000,192.23000
2025-03-17 09:00:00,192.35001,192.42000,192.11000,192.12000
2025-03-17 10:00:00,192.13000,192.31000,191.97000,192.10001
2025-03-17 11:00:00,192.10001,192.5,192.0099945,192.38000
2025-03-17 12:00:00,192.38000,192.52000,192.25999,192.28999
2025-03-17 13:00:00,192.27000,192.37000,192.16000,192.28000
2025-03-17 14:00:00,192.28000,192.48000,192.17999,192.39000
2025-03-17 15:00:00,192.39000,192.81000,192.39000,192.78000
2025-03-17 16:00:00,192.78999,192.78999,192.55000,192.71001
2025-03-17 17:00:00,192.70000,192.85001,192.49001,192.61000
2025-03-17 18:00:00,192.62000,192.75,192.45000,192.53999
2025-03-17 19:00:00,192.53999,192.81000,192.37000,192.75
2025-03-17 20:00:00,192.74001,192.78999,192.48000,192.57001
2025-03-17 21:00:00,192.57001,192.78000,192.41000,192.64000
2025-03-17 22:00:00,192.63000,192.74001,192.48000,192.57001
2025-03-17 23:00:00,192.58000,193.19000,192.42999,193.050003
2025-03-18 00:00:00,193.050003,193.48000,192.95000,193.17999
2025-03-18 01:00:00,193.14999,193.21001,192.78999,192.92000
2025-03-18 02:00:00,192.92000,193.029999,192.77000,192.89999
2025-03-18 03:00:00,192.89000,193.23000,192.85001,193.21001
2025-03-18 04:00:00,193.22000,193.58000,193.14000,193.55000
2025-03-18 05:00:00,193.55000,193.92999,193.52000,193.89000
2025-03-18 06:00:00,193.89000,193.97000,193.77000,193.78000
2025-03-18 07:00:00,193.77000,193.92999,193.61000,193.86000
2025-03-18 08:00:00,193.87000,193.92999,193.69000,193.75999
2025-03-18 09:00:00,193.72000,193.96001,193.71001,193.95000
2025-03-18 10:00:00,193.95000,194.020004,193.89999,193.98000
2025-03-18 11:00:00,193.98000,194.089996,193.82001,194.050003
2025-03-18 12:00:00,194.059998,194.16000,193.95000,193.99001
2025-03-18 13:00:00,193.98000,194.27000,193.95000,194.19000
2025-03-18 14:00:00,194.19000,194.24001,194.12000,194.21001
2025-03-18 15:00:00,194.21001,194.27000,194.059998,194.089996
2025-03-18 16:00:00,194.089996,194.28000,194.039993,194.28000
2025-03-18 17:00:00,194.28000,194.42999,194.25999,194.36000
2025-03-18 18:00:00,194.36000,194.62000,194.32001,194.59000
2025-03-18 19:00:00,194.59000,194.91000,194.55000,194.64000
2025-03-18 20:00:00,194.63000,194.80000,194.42999,194.74001
2025-03-18 21:00:00,194.75,194.80000,194.32001,194.39999
2025-03-18 22:00:00,194.41000,194.42999,194.14000,194.14999
2025-03-18 23:00:00,194.14999,194.37000,194.070007,194.34000
2025-03-19 00:00:00,194.34000,194.44000,193.88000,193.99001
2025-03-19 01:00:00,193.97000,194.25,193.85001,194.11000
2025-03-19 02:00:00,194.12000,194.19000,193.82001,194.11000
2025-03-19 03:00:00,194.11000,194.41000,194,194.24001
2025-03-19 04:00:00,194.22000,194.25,193.99001,194.10001
2025-03-19 05:00:00,194.10001,194.14000,193.86000,194.080002
2025-03-19 06:00:00,194.070007,194.16000,193.98000,194.14999
2025-03-19 07:00:00,194.14999,194.24001,194.080002,194.10001
2025-03-19 08:00:00,194.16000,194.16000,193.97000,194.020004
2025-03-19 09:00:00,194.020004,194.22000,193.97000,194.21001
2025-03-19 10:00:00,194.22000,194.32001,194.11000,194.28000
2025-03-19 11:00:00,194.28000,194.5,194.089996,194.44000
2025-03-19 12:00:00,194.44000,194.48000,194.19000,194.22000
2025-03-19 13:00:00,194.22000,194.37000,193.96001,194.23000
2025-03-19 14:00:00,194.23000,194.27000,194.020004,194.039993
2025-03-19 15:00:00,194.039993,194.25,193.99001,194.21001
2025-03-19 16:00:00,194.21001,194.48000,194.21001,194.47000
2025-03-19 17:00:00,194.47000,194.69000,194.17999,194.23000
2025-03-19 18:00:00,194.23000,194.23000,193.27000,193.62000
2025-03-19 19:00:00,193.64000,194.20000,193.63000,194.13000
2025-03-19 20:00:00,194.13000,194.37000,193.96001,194.27000
2025-03-19 21:00:00,194.27000,194.30000,194.029999,194.20000
2025-03-19 22:00:00,194.19000,194.50999,194.19000,194.42999
2025-03-19 23:00:00,194.42999,194.49001,194.10001,194.23000
2025-03-20 00:00:00,194.24001,194.64000,194.13000,194.59000
2025-03-20 01:00:00,194.58000,194.71001,194.27000,194.35001
2025-03-20 02:00:00,194.33000,194.56000,194.21001,194.53999
2025-03-20 03:00:00,194.53999,194.59000,194.35001,194.53999
2025-03-20 04:00:00,194.53999,194.55000,194.22000,194.38000
2025-03-20 05:00:00,194.42999,194.42999,193.35001,193.60001
2025-03-20 06:00:00,193.59000,193.72000,193.31000,193.46001
2025-03-20 07:00:00,193.47000,193.57001,193.25999,193.35001
2025-03-20 08:00:00,193.37000,193.55000,193.24001,193.55000
2025-03-20 09:00:00,193.53999,193.60001,193.24001,193.27000
2025-03-20 10:00:00,193.28000,193.42000,193.14999,193.14999
2025-03-20 11:00:00,193.14999,193.16000,192.89000,192.92999
2025-03-20 12:00:00,192.92999,193.020004,192.77000,192.84000
2025-03-20 13:00:00,192.84000,193.059998,192.81000,193.059998
2025-03-20 14:00:00,193.059998,193.12000,192.96001,192.99001
2025-03-20 15:00:00,193,193.020004,192.88000,192.95000
2025-03-20 16:00:00,192.95000,192.95000,192.78000,192.81000
2025-03-20 17:00:00,192.78999,192.78999,192.52000,192.57001
2025-03-20 18:00:00,192.58000,192.81000,192.52000,192.75
2025-03-20 19:00:00,192.75,192.94000,192.50999,192.69000
2025-03-20 20:00:00,192.69000,192.77000,192.45000,192.71001
2025-03-20 21:00:00,192.72000,192.72000,192.059998,192.49001
2025-03-20 22:00:00,192.49001,192.57001,192.30000,192.34000
2025-03-20 23:00:00,192.33000,192.74001,192.31000,192.39999
2025-03-21 00:00:00,192.38000,192.78000,192.17999,192.73000
2025-03-21 01:00:00,192.77000,193.080002,192.77000,192.80000
2025-03-21 02:00:00,192.81000,193.17000,192.70000,193.10001
2025-03-21 03:00:00,193.10001,193.19000,192.84000,192.86000
2025-03-21 04:00:00,192.86000,193.039993,192.78000,192.83000
2025-03-21 05:00:00,192.82001,192.96001,192.71001,192.86000
2025-03-21 06:00:00,192.85001,192.99001,192.84000,192.92000
2025-03-21 07:00:00,192.92000,192.97000,192.86000,192.92000
2025-03-21 08:00:00,192.95000,193.039993,192.78000,193.029999
2025-03-21 09:00:00,192.99001,192.99001,192.80000,192.84000
2025-03-21 10:00:00,192.84000,192.89000,192.67999,192.69000
2025-03-21 11:00:00,192.69000,193.20000,192.67000,193.16000
2025-03-21 12:00:00,193.16000,193.41000,193.070007,193.28999
2025-03-21 13:00:00,193.28000,193.30000,193.080002,193.20000
2025-03-21 14:00:00,193.19000,193.24001,193.0099945,193.17000
2025-03-21 15:00:00,193.17000,193.44000,193.16000,193.34000
2025-03-21 16:00:00,193.33000,193.49001,193.28999,193.36000
2025-03-21 17:00:00,193.37000,193.48000,193.23000,193.48000
2025-03-21 18:00:00,193.48000,193.59000,193.059998,193.14000
2025-03-21 19:00:00,193.14000,193.50999,192.95000,193.45000
2025-03-21 20:00:00,193.44000,193.45000,193.16000,193.21001
2025-03-21 21:00:00,193.22000,193.44000,192.98000,193.13000
2025-03-21 22:00:00,193.13000,193.17999,192.67999,192.75
2025-03-21 23:00:00,192.75,192.89000,192.31000,192.33000
2025-03-22 00:00:00,192.33000,192.59000,192.14999,192.59000
2025-03-22 01:00:00,192.60001,192.72000,192.42000,192.56000
2025-03-22 02:00:00,192.56000,192.61000,192.050003,192.089996
2025-03-22 03:00:00,192.089996,192.83000,192.050003,192.83000
2025-03-22 04:00:00,192.83000,193.020004,192.59000,192.84000
2025-03-22 05:00:00,192.84000,192.94000,192.75999,192.89000
2025-03-22 06:00:00,192.89000,192.98000,192.75999,192.92999
2025-03-22 07:00:00,192.92999,192.95000,192.78000,192.92000
2025-03-24 09:00:00,192.81000,193.24001,192.81000,193.17999
2025-03-24 10:00:00,193.17999,193.49001,193.080002,193.45000
2025-03-24 11:00:00,193.45000,193.71001,193.27000,193.67999
2025-03-24 12:00:00,193.67000,193.75999,193.59000,193.63000
2025-03-24 13:00:00,193.63000,193.67999,193.60001,193.64999
2025-03-24 14:00:00,193.64999,193.78999,193.39000,193.46001
2025-03-24 15:00:00,193.46001,193.49001,193.37000,193.46001
2025-03-24 16:00:00,193.46001,193.55000,193.36000,193.45000
2025-03-24 17:00:00,193.45000,193.77000,193.42999,193.71001
2025-03-24 18:00:00,193.71001,193.99001,193.64000,193.75999
2025-03-24 19:00:00,193.75,194.0099945,193.64000,193.81000
2025-03-24 20:00:00,193.80000,194.020004,193.55000,193.85001
2025-03-24 21:00:00,193.84000,194.020004,193.81000,193.98000
2025-03-24 22:00:00,193.98000,194.0099945,193.84000,193.85001
2025-03-24 23:00:00,193.84000,194.0099945,193.81000,193.92999
2025-03-25 00:00:00,193.92000,194.13000,193.66000,194.080002
2025-03-25 01:00:00,194.089996,194.53999,194.039993,194.52000
2025-03-25 02:00:00,194.52000,194.69000,194.38000,194.63000
2025-03-25 03:00:00,194.63000,194.73000,194.19000,194.28999
2025-03-25 04:00:00,194.30000,194.45000,194.17000,194.45000
2025-03-25 05:00:00,194.45000,194.70000,194.31000,194.60001
2025-03-25 06:00:00,194.62000,194.67000,194.55000,194.64999
2025-03-25 07:00:00,194.64000,194.78000,194.64000,194.75
2025-03-25 08:00:00,194.70000,194.78000,194.67000,194.67999
2025-03-25 09:00:00,194.69000,194.78999,194.67000,194.75
2025-03-25 10:00:00,194.75,194.92000,194.67000,194.86000
2025-03-25 11:00:00,194.87000,195.0099945,194.83000,194.97000
2025-03-25 12:00:00,194.97000,194.97000,194.61000,194.69000
2025-03-25 13:00:00,194.69000,194.73000,194.56000,194.70000
2025-03-25 14:00:00,194.70000,194.75,194.56000,194.67999
2025-03-25 15:00:00,194.67999,194.74001,194.56000,194.58000
2025-03-25 16:00:00,194.58000,194.58000,194.39999,194.39999
2025-03-25 17:00:00,194.41000,194.53000,194.31000,194.42999
2025-03-25 18:00:00,194.42999,194.63000,194.39000,194.52000
2025-03-25 19:00:00,194.52000,194.64999,194.34000,194.5
2025-03-25 20:00:00,194.49001,194.64999,194.37000,194.59000
2025-03-25 21:00:00,194.59000,194.66000,194.42000,194.53999
2025-03-25 22:00:00,194.53999,194.57001,194.32001,194.37000
2025-03-25 23:00:00,194.37000,194.45000,194.13000,194.28000
2025-03-26 00:00:00,194.28000,194.28999,193.92000,193.92999
2025-03-26 01:00:00,193.91000,194.0099945,193.67999,193.86000
2025-03-26 02:00:00,193.87000,194,193.64000,193.92000
2025-03-26 03:00:00,193.91000,194.070007,193.89000,194.070007
2025-03-26 04:00:00,194.070007,194.24001,194.020004,194.070007
2025-03-26 05:00:00,194.050003,194.050003,193.89999,193.99001
2025-03-26 06:00:00,193.99001,194.12000,193.97000,194.029999
2025-03-26 07:00:00,194.020004,194.080002,194,194.050003
2025-03-26 08:00:00,194.0099945,194.14000,193.96001,194.10001
2025-03-26 09:00:00,194.070007,194.16000,194.050003,194.10001
2025-03-26 10:00:00,194.10001,194.14999,194.0099945,194.10001
2025-03-26 11:00:00,194.10001,194.28999,193.96001,194.23000
2025-03-26 12:00:00,194.22000,194.42000,194.080002,194.25999
2025-03-26 13:00:00,194.25999,194.52000,194.21001,194.5
2025-03-26 14:00:00,194.49001,194.64999,194.48000,194.60001
2025-03-26 15:00:00,194.61000,194.73000,194.59000,194.73000
2025-03-26 16:00:00,194.73000,194.78999,194.58000,194.58000
2025-03-26 17:00:00,194.59000,194.78999,194.53999,194.70000
2025-03-26 18:00:00,194.62000,194.67000,194.11000,194.17999
2025-03-26 19:00:00,194.20000,194.20000,193.48000,193.77000
2025-03-26 20:00:00,193.78000,193.89000,193.53000,193.78999
2025-03-26 21:00:00,193.78000,193.91000,193.63000,193.85001
2025-03-26 22:00:00,193.85001,193.92000,193.71001,193.72000
2025-03-26 23:00:00,193.72000,193.99001,193.58000,193.91000
2025-03-27 00:00:00,193.91000,194.10001,193.70000,193.77000
2025-03-27 01:00:00,193.73000,194.25,193.73000,194.17999
2025-03-27 02:00:00,194.19000,194.38000,193.92000,194.17000
2025-03-27 03:00:00,194.17999,194.25,193.84000,194.17999
2025-03-27 04:00:00,194.17000,194.35001,193.64999,193.80000
2025-03-27 05:00:00,193.81000,194.070007,193.77000,193.86000
2025-03-27 06:00:00,193.86000,194.11000,193.82001,194.070007
2025-03-27 07:00:00,194.059998,194.11000,194.0099945,194.050003
2025-03-27 08:00:00,194.12000,194.12000,193.75999,193.75999
2025-03-27 09:00:00,193.80000,193.96001,193.53000,193.53000
2025-03-27 10:00:00,193.53000,193.78000,193.50999,193.77000
2025-03-27 11:00:00,193.75999,194.029999,193.72000,193.96001
2025-03-27 12:00:00,193.96001,193.96001,193.56000,193.67000
2025-03-27 13:00:00,193.67000,194.029999,193.67000,193.92000
2025-03-27 14:00:00,193.91000,193.96001,193.74001,193.87000
2025-03-27 15:00:00,193.87000,194.080002,193.86000,194.070007
2025-03-27 16:00:00,194.070007,194.20000,193.92999,194
2025-03-27 17:00:00,193.99001,194.50999,193.98000,194.32001
2025-03-27 18:00:00,194.30000,194.39000,193.97000,194.38000
2025-03-27 19:00:00,194.39000,194.67000,194.20000,194.67000
2025-03-27 20:00:00,194.67999,195,194.62000,195
2025-03-27 21:00:00,195,195.23000,194.89999,195.19000
2025-03-27 22:00:00,195.20000,195.33000,195.13000,195.28999
2025-03-27 23:00:00,195.30000,195.52000,195.10001,195.12000
2025-03-28 00:00:00,195.13000,195.20000,194.83000,195.059998
2025-03-28 01:00:00,195.050003,195.58000,194.89000,195.50999
2025-03-28 02:00:00,195.50999,195.92999,195.38000,195.70000
2025-03-28 03:00:00,195.71001,195.92000,195.61000,195.67000
2025-03-28 04:00:00,195.67999,195.98000,195.60001,195.64000
2025-03-28 05:00:00,195.64000,195.80000,195.62000,195.69000
2025-03-28 06:00:00,195.69000,195.80000,195.56000,195.59000
2025-03-28 07:00:00,195.59000,195.64000,195.57001,195.59000
2025-03-28 08:00:00,195.59000,195.70000,195.48000,195.66000
2025-03-28 09:00:00,195.66000,195.66000,195.5,195.56000
2025-03-28 10:00:00,195.55000,195.57001,195.25,195.38000
2025-03-28 11:00:00,195.38000,195.73000,195.30000,195.48000
2025-03-28 12:00:00,195.48000,195.5,195.13000,195.17999
2025-03-28 13:00:00,195.17000,195.35001,195.14000,195.31000
2025-03-28 14:00:00,195.31000,195.34000,195.14999,195.24001
2025-03-28 15:00:00,195.24001,195.39000,195.14999,195.25
2025-03-28 16:00:00,195.25,195.33000,195.080002,195.11000
2025-03-28 17:00:00,195.12000,195.20000,194.89999,194.92999
2025-03-28 18:00:00,195.14999,195.16000,194.74001,194.77000
2025-03-28 19:00:00,194.77000,195,194.64999,194.89000
2025-03-28 20:00:00,194.89999,195.20000,194.83000,195.020004
2025-03-28 21:00:00,195.029999,195.12000,194.92000,194.97000
2025-03-28 22:00:00,194.97000,195.070007,194.92000,194.99001
2025-03-28 23:00:00,194.98000,195.14000,194.80000,194.98000
2025-03-29 00:00:00,194.99001,195.31000,194.80000,194.89999
2025-03-29 01:00:00,194.89999,194.92000,194.24001,194.34000
2025-03-29 02:00:00,194.35001,194.77000,194.28999,194.46001
2025-03-29 03:00:00,194.46001,194.58000,194.17999,194.27000
2025-03-29 04:00:00,194.27000,194.28999,193.87000,194.080002
2025-03-29 05:00:00,194.10001,194.25999,193.97000,194.059998
2025-03-29 06:00:00,194.050003,194.12000,193.84000,193.86000
2025-03-29 07:00:00,193.85001,194.039993,193.74001,193.89999
2025-03-31 09:00:00,193.5,193.60001,193.23000,193.31000
2025-03-31 10:00:00,193.31000,193.59000,193.080002,193.58000
2025-03-31 11:00:00,193.57001,193.70000,193.039993,193.48000
2025-03-31 12:00:00,193.49001,193.61000,193.21001,193.30000
2025-03-31 13:00:00,193.31000,193.33000,192.89999,193.020004
2025-03-31 14:00:00,193.020004,193.059998,192.75,192.96001
2025-03-31 15:00:00,192.96001,193.25999,192.88000,193.16000
2025-03-31 16:00:00,193.16000,193.41000,193.0099945,193.11000
2025-03-31 17:00:00,193.11000,193.25,192.86000,193.20000
2025-03-31 18:00:00,193.20000,193.37000,192.75999,193.24001
2025-03-31 19:00:00,193.23000,193.36000,192.85001,192.94000
2025-03-31 20:00:00,192.92999,193.14000,192.81000,192.88000
2025-03-31 21:00:00,192.88000,193.31000,192.78000,193.20000
2025-03-31 22:00:00,193.23000,193.57001,193.059998,193.49001
2025-03-31 23:00:00,193.49001,193.62000,193.34000,193.48000
2025-04-01 00:00:00,193.47000,193.67999,193.30000,193.52000
2025-04-01 01:00:00,193.52000,193.67999,192.95000,193.020004
2025-04-01 02:00:00,193.039993,193.58000,192.92000,193.25
2025-04-01 03:00:00,193.25999,193.67000,193.17999,193.48000
2025-04-01 04:00:00,193.46001,193.81000,193.45000,193.64999
2025-04-01 05:00:00,193.64999,194,193.63000,193.82001
2025-04-01 06:00:00,193.82001,193.92000,193.67999,193.73000
2025-04-01 07:00:00,193.72000,193.78000,193.67000,193.73000
2025-04-01 08:00:00,193.72000,193.80000,193.56000,193.61000
2025-04-01 09:00:00,193.67999,193.77000,193.58000,193.66000
2025-04-01 10:00:00,193.64999,193.94000,193.64999,193.72000
2025-04-01 11:00:00,193.71001,193.82001,193.47000,193.56000
2025-04-01 12:00:00,193.53999,193.69000,193.39000,193.60001
2025-04-01 13:00:00,193.60001,193.78000,193.53999,193.75999
2025-04-01 14:00:00,193.77000,193.84000,193.56000,193.56000
2025-04-01 15:00:00,193.56000,193.60001,193.47000,193.5
2025-04-01 16:00:00,193.49001,193.75,193.46001,193.58000
2025-04-01 17:00:00,193.56000,193.91000,193.42000,193.75999
2025-04-01 18:00:00,193.75,193.75,193.059998,193.14000
2025-04-01 19:00:00,193.13000,193.50999,193.0099945,193.45000
2025-04-01 20:00:00,193.46001,193.67999,193.38000,193.53000
2025-04-01 21:00:00,193.53999,193.57001,192.83000,192.85001
2025-04-01 22:00:00,192.85001,192.91000,192.30000,192.33000
2025-04-01 23:00:00,192.32001,192.63000,192.31000,192.56000
2025-04-02 00:00:00,192.58000,192.87000,192.53000,192.63000
2025-04-02 01:00:00,192.64000,192.96001,192.21001,192.89999
2025-04-02 02:00:00,192.91000,193.22000,192.80000,193.050003
2025-04-02 03:00:00,193.050003,193.49001,193,193.27000
2025-04-02 04:00:00,193.28000,193.37000,193.080002,193.14000
2025-04-02 05:00:00,193.14999,193.14999,192.78999,192.88000
2025-04-02 06:00:00,192.88000,193.33000,192.88000,193.33000
2025-04-02 07:00:00,193.32001,193.39999,193.17999,193.34000
2025-04-02 08:00:00,193.28999,193.42999,193.24001,193.39999
2025-04-02 09:00:00,193.38000,193.80000,193.38000,193.69000
2025-04-02 10:00:00,193.70000,193.70000,193.5,193.50999
2025-04-02 11:00:00,193.5,193.57001,193.36000,193.39999
2025-04-02 12:00:00,193.39999,193.66000,193.36000,193.61000
2025-04-02 13:00:00,193.62000,193.75999,193.52000,193.57001
2025-04-02 14:00:00,193.56000,193.59000,193.46001,193.5
2025-04-02 15:00:00,193.5,193.69000,193.46001,193.64999
2025-04-02 16:00:00,193.66000,193.67000,193.5,193.58000
2025-04-02 17:00:00,193.58000,193.74001,193.36000,193.41000
2025-04-02 18:00:00,193.39999,193.49001,193.10001,193.27000
2025-04-02 19:00:00,193.23000,193.42000,193.089996,193.37000
2025-04-02 20:00:00,193.37000,193.66000,193.23000,193.49001
2025-04-02 21:00:00,193.5,193.5,193.12000,193.28999
2025-04-02 22:00:00,193.30000,193.33000,193.080002,193.21001
2025-04-02 23:00:00,193.23000,193.36000,192.99001,193.089996
2025-04-03 00:00:00,193.080002,193.62000,193,193.45000
2025-04-03 01:00:00,193.45000,194.13000,193.44000,194.10001
2025-04-03 02:00:00,194.080002,194.63000,194,194.59000
2025-04-03 03:00:00,194.58000,194.84000,194.53999,194.81000
2025-04-03 04:00:00,194.81000,194.92999,194.69000,194.74001
2025-04-03 05:00:00,194.73000,194.84000,194.58000,194.59000
2025-04-03 06:00:00,194.60001,194.89000,194.60001,194.77000
2025-04-03 07:00:00,194.75,195.77000,193.67000,194.16000
2025-04-03 08:00:00,193.87000,194,193.020004,193.31000
2025-04-03 09:00:00,193.28999,193.28999,192.30000,193.050003
2025-04-03 10:00:00,193.059998,193.24001,192.73000,192.92000
2025-04-03 11:00:00,192.94000,193.28000,192.69000,192.85001
2025-04-03 12:00:00,192.85001,193.21001,192.75,192.89999
2025-04-03 13:00:00,192.89999,193.059998,192.67000,193.050003
2025-04-03 14:00:00,193.050003,193.050003,192.34000,192.5
2025-04-03 15:00:00,192.5,192.71001,192.33000,192.69000
2025-04-03 16:00:00,192.71001,192.86000,192.44000,192.46001
2025-04-03 17:00:00,192.45000,193.050003,192.39000,192.63000
2025-04-03 18:00:00,192.63000,193.47000,192.58000,193.46001
2025-04-03 19:00:00,193.46001,193.67000,193.16000,193.24001
2025-04-03 20:00:00,193.24001,193.27000,192.74001,193.020004
2025-04-03 21:00:00,193.020004,193.32001,192.88000,192.89999
2025-04-03 22:00:00,192.89999,193.050003,192.39999,192.39999
2025-04-03 23:00:00,192.39000,192.75999,191.91000,191.96001
2025-04-04 00:00:00,191.95000,192.28999,191.5,191.52000
2025-04-04 01:00:00,191.38000,191.94000,191.16000,191.52000
2025-04-04 02:00:00,191.50999,191.74001,191.25,191.47000
2025-04-04 03:00:00,191.46001,191.98000,191.45000,191.53999
2025-04-04 04:00:00,191.55000,191.67000,191.28000,191.36000
2025-04-04 05:00:00,191.34000,191.89000,191.14999,191.73000
2025-04-04 06:00:00,191.75,191.85001,191.28999,191.32001
2025-04-04 07:00:00,191.31000,191.44000,191.17999,191.33000
2025-04-04 08:00:00,191.34000,191.48000,191.080002,191.25
2025-04-04 09:00:00,191.25,191.28999,190.70000,190.86000
2025-04-04 10:00:00,190.86000,191.46001,190.83000,191.45000
2025-04-04 11:00:00,191.44000,191.63000,191.080002,191.23000
2025-04-04 12:00:00,191.23000,191.77000,191.23000,191.39000
2025-04-04 13:00:00,191.39000,191.61000,191.20000,191.21001
2025-04-04 14:00:00,191.21001,191.23000,190.81000,190.89000
2025-04-04 15:00:00,190.89000,191.089996,190.39000,190.47000
2025-04-04 16:00:00,190.48000,191.070007,190.33000,191.039993
2025-04-04 17:00:00,191.050003,191.14999,190.63000,190.63000
2025-04-04 18:00:00,190.64000,190.80000,190.14999,190.25999
2025-04-04 19:00:00,190.27000,190.42000,189.94000,190.080002
2025-04-04 20:00:00,190.12000,190.25,189.64999,190.059998
2025-04-04 21:00:00,190.059998,190.17999,188.55000,188.70000
2025-04-04 22:00:00,188.71001,189.36000,188,189.32001
2025-04-04 23:00:00,189.27000,189.72000,188.87000,189.31000
2025-04-05 00:00:00,189.31000,189.70000,188.75999,189.14000
2025-04-05 01:00:00,189.14000,189.25,187.53999,188.30000
2025-04-05 02:00:00,188.28999,189.28000,188.25999,188.63000
2025-04-05 03:00:00,188.63000,189.25999,188.44000,189.19000
2025-04-05 04:00:00,189.20000,190.039993,188.82001,190.0099945
2025-04-05 05:00:00,189.99001,190.28999,189.13000,189.22000
2025-04-05 06:00:00,189.23000,189.71001,188.89000,189.039993
2025-04-05 07:00:00,189.039993,189.62000,188.86000,189.59000
2025-04-07 09:00:00,186.96001,187.89000,186.73000,187.74001
2025-04-07 10:00:00,187.74001,188.30000,187.35001,188.25
2025-04-07 11:00:00,188.25,188.78999,188.080002,188.38000
2025-04-07 12:00:00,188.38000,188.77000,188.20000,188.55000
2025-04-07 13:00:00,188.56000,188.64999,188.28999,188.52000
2025-04-07 14:00:00,188.52000,188.78999,188.059998,188.23000
2025-04-07 15:00:00,188.22000,188.84000,188.13000,188.38000
2025-04-07 16:00:00,188.32001,188.57001,187.13000,187.56000
2025-04-07 17:00:00,187.58000,188.059998,187.39000,187.99001
2025-04-07 18:00:00,188,188.50999,187.92000,188.20000
2025-04-07 19:00:00,188.20000,188.34000,187.39000,187.45000
2025-04-07 20:00:00,187.46001,188.45000,187.42999,187.55000
2025-04-07 21:00:00,187.53999,187.82001,187.23000,187.73000
2025-04-07 22:00:00,187.73000,188.94000,187.52000,188.70000
2025-04-07 23:00:00,188.66000,188.66000,187.59000,188.24001
2025-04-08 00:00:00,188.23000,190.10001,187.95000,188.23000
2025-04-08 01:00:00,188.22000,188.64999,187.71001,188.28999
2025-04-08 02:00:00,188.28999,188.46001,188.020004,188.33000
2025-04-08 03:00:00,188.34000,189.089996,188.33000,188.88000
2025-04-08 04:00:00,188.88000,188.94000,188.32001,188.49001
2025-04-08 05:00:00,188.48000,188.55000,187.96001,188.13000
2025-04-08 06:00:00,188.12000,188.39999,188.020004,188.070007
2025-04-08 07:00:00,188.13000,188.31000,187.96001,188
2025-04-08 08:00:00,188,188.53999,187.98000,188.37000
2025-04-08 09:00:00,188.36000,188.53999,188.13000,188.19000
2025-04-08 10:00:00,188.16000,188.53999,188.020004,188.24001
2025-04-08 11:00:00,188.22000,188.59000,188.080002,188.49001
2025-04-08 12:00:00,188.49001,188.53999,188.31000,188.36000
2025-04-08 13:00:00,188.36000,188.63000,188.25999,188.58000
2025-04-08 14:00:00,188.58000,188.92999,188.58000,188.92999
2025-04-08 15:00:00,188.92999,188.95000,188.49001,188.66000
2025-04-08 16:00:00,188.66000,188.75,188.25999,188.25999
2025-04-08 17:00:00,188.22000,188.25,187.56000,187.94000
2025-04-08 18:00:00,187.95000,188.089996,187.53000,188
2025-04-08 19:00:00,188.0099945,188.050003,187.44000,187.60001
2025-04-08 20:00:00,187.60001,187.81000,187.25,187.30000
2025-04-08 21:00:00,187.32001,187.92999,187.28000,187.73000
2025-04-08 22:00:00,187.72000,187.87000,187.45000,187.59000
2025-04-08 23:00:00,187.58000,188.46001,187.37000,188.46001
2025-04-09 00:00:00,188.47000,188.75,187.77000,187.95000
2025-04-09 01:00:00,187.95000,188.050003,187.30000,187.72000
2025-04-09 02:00:00,187.72000,187.75999,187.13000,187.14999
2025-04-09 03:00:00,187.17999,187.47000,186.91000,187.45000
2025-04-09 04:00:00,187.45000,187.88000,187.11000,187.23000
2025-04-09 05:00:00,187.24001,187.31000,186.55000,186.88000
2025-04-09 06:00:00,186.86000,187.059998,186.71001,186.73000
2025-04-09 07:00:00,186.71001,186.88000,186.56000,186.83000
2025-04-09 08:00:00,186.82001,186.86000,186.5,186.53999
2025-04-09 09:00:00,186.53999,186.57001,186.14000,186.5
2025-04-09 10:00:00,186.5,186.59000,185.72000,186.35001
2025-04-09 11:00:00,186.34000,186.97000,186.31000,186.78000
2025-04-09 12:00:00,186.80000,187.16000,186.67000,186.74001
2025-04-09 13:00:00,186.73000,186.91000,186.21001,186.28999
2025-04-09 14:00:00,186.28000,186.5,185.81000,186.33000
2025-04-09 15:00:00,186.33000,186.67999,186.19000,186.28999
2025-04-09 16:00:00,186.30000,186.71001,185.84000,185.94000
2025-04-09 17:00:00,185.94000,186.42999,185.58000,186.27000
2025-04-09 18:00:00,186.27000,186.5,186.020004,186.35001
2025-04-09 19:00:00,186.35001,186.67999,186.11000,186.39000
2025-04-09 20:00:00,186.39000,186.5,185.75,186.21001
2025-04-09 21:00:00,186.19000,186.19000,184.77000,184.77000
2025-04-09 22:00:00,184.78000,185.10001,184.41000,184.77000
2025-04-09 23:00:00,184.78000,185.5,184.62000,185.17999
2025-04-10 00:00:00,185.17000,185.28999,184.39000,184.64000
2025-04-10 01:00:00,184.64999,185.33000,184.64999,185.28000
2025-04-10 02:00:00,185.28999,185.47000,184.94000,185.0099945
2025-04-10 03:00:00,185.0099945,188.20000,184.52000,188.11000
2025-04-10 04:00:00,188.14999,189.82001,188.10001,188.78000
2025-04-10 05:00:00,188.78000,189.83000,188.78000,189.42000
2025-04-10 06:00:00,189.44000,189.67999,189.22000,189.45000
2025-04-10 07:00:00,189.53000,189.53999,188.88000,189
2025-04-10 08:00:00,189.029999,189.20000,188.85001,189.029999
2025-04-10 09:00:00,189.050003,189.27000,188.95000,189.050003
2025-04-10 10:00:00,189,189.16000,188.39999,188.46001
2025-04-10 11:00:00,188.44000,188.71001,188.22000,188.52000
2025-04-10 12:00:00,188.50999,188.59000,188.25999,188.39999
2025-04-10 13:00:00,188.39999,188.70000,188.32001,188.63000
2025-04-10 14:00:00,188.64000,188.67000,188.31000,188.55000
2025-04-10 15:00:00,188.53999,188.71001,188.44000,188.53000
2025-04-10 16:00:00,188.53000,189.42999,188.53000,189.22000
2025-04-10 17:00:00,189.22000,189.22000,188.33000,188.36000
2025-04-10 18:00:00,188.35001,188.57001,188.12000,188.28999
2025-04-10 19:00:00,188.28000,188.37000,187.94000,188.25
2025-04-10 20:00:00,188.24001,188.32001,187.88000,187.97000
2025-04-10 21:00:00,187.98000,188.28000,187.87000,188.20000
2025-04-10 22:00:00,188.19000,188.22000,187.69000,188
2025-04-10 23:00:00,188.0099945,188.039993,187.059998,187.16000
2025-04-11 00:00:00,187.14999,187.52000,186.92999,187.49001
2025-04-11 01:00:00,187.48000,187.56000,186.64999,186.77000
2025-04-11 02:00:00,186.75,187.30000,186.36000,187.24001
2025-04-11 03:00:00,187.23000,187.91000,186.92999,187.82001
2025-04-11 04:00:00,187.83000,187.94000,187.5,187.69000
2025-04-11 05:00:00,187.71001,187.92000,187.27000,187.62000
2025-04-11 06:00:00,187.61000,187.74001,187.32001,187.32001
2025-04-11 07:00:00,187.38000,187.57001,187.34000,187.41000
2025-04-11 08:00:00,187.47000,187.49001,186.92999,187.14000
2025-04-11 09:00:00,187.14000,187.14000,186.64000,186.75
2025-04-11 10:00:00,186.75,186.80000,186.080002,186.61000
2025-04-11 11:00:00,186.58000,186.94000,186.41000,186.74001
2025-04-11 12:00:00,186.75,187.070007,186.5,186.87000
2025-04-11 13:00:00,186.88000,187.0099945,186.64999,186.66000
2025-04-11 14:00:00,186.67000,186.67000,186.039993,186.11000
2025-04-11 15:00:00,186.11000,186.89999,186.11000,186.75
2025-04-11 16:00:00,186.88000,187.39999,186.64000,187.33000
2025-04-11 17:00:00,187.33000,187.48000,186.59000,186.64999
2025-04-11 18:00:00,186.66000,186.84000,186.25999,186.70000
2025-04-11 19:00:00,186.69000,187.070007,186.17999,187.029999
2025-04-11 20:00:00,187.029999,187.17999,186.58000,186.94000
2025-04-11 21:00:00,186.95000,187.0099945,186.55000,186.64999
2025-04-11 22:00:00,186.64000,187.25999,186.64000,187.029999
2025-04-11 23:00:00,187.029999,187.71001,186.66000,187.35001
2025-04-12 00:00:00,187.44000,187.53999,186.89999,187.42999
2025-04-12 01:00:00,187.42000,187.63000,187.029999,187.34000
2025-04-12 02:00:00,187.34000,187.82001,187.28000,187.66000
2025-04-12 03:00:00,187.66000,188.17999,187.64000,188.089996
2025-04-12 04:00:00,188.080002,188.19000,187.72000,187.82001
2025-04-12 05:00:00,187.78999,187.98000,187.67000,187.75
2025-04-12 06:00:00,187.75,187.89999,187.59000,187.78999
2025-04-12 07:00:00,187.84599,187.84599,187.84599,187.84599
2025-04-14 09:00:00,187.88100,188.21600,187.79300,188.0059967
2025-04-14 10:00:00,188,188.085007,187.15500,187.16200
2025-04-14 11:00:00,187.15800,187.31000,186.57100,186.99300
2025-04-14 12:00:00,187.0010071,187.40199,186.93900,187.36800
2025-04-14 13:00:00,187.36700,187.59200,187.10699,187.45200
2025-04-14 14:00:00,187.45599,187.64101,187.12900,187.43201
2025-04-14 15:00:00,187.44000,187.65800,187.26401,187.36600
2025-04-14 16:00:00,187.36800,187.70799,187.26401,187.53700
2025-04-14 17:00:00,187.53600,188.38699,187.19200,188.37000
2025-04-14 18:00:00,188.37199,188.64999,188.20200,188.23100
2025-04-14 19:00:00,188.23199,188.60400,188.17900,188.54700
2025-04-14 20:00:00,188.55000,188.86900,188.44000,188.85400
2025-04-14 21:00:00,188.85699,189.0019989,188.64500,188.73300
2025-04-14 22:00:00,188.73199,188.95300,188.62199,188.85699
2025-04-14 23:00:00,188.86501,189.19701,188.70900,188.98500
2025-04-15 00:00:00,188.97501,189.20200,188.76700,188.94000
2025-04-15 01:00:00,188.94299,188.99899,188.32300,188.34500
2025-04-15 02:00:00,188.34500,188.65900,188.13600,188.56100
2025-04-15 03:00:00,188.56200,188.77800,188.36600,188.59599
2025-04-15 04:00:00,188.59599,188.77800,188.49400,188.56200
2025-04-15 05:00:00,188.56599,188.78200,188.52600,188.64799
2025-04-15 06:00:00,188.64500,188.81599,188.53101,188.55701
2025-04-15 07:00:00,188.51900,188.67400,188.43401,188.45000
2025-04-15 08:00:00,188.44501,188.74001,188.44400,188.63000
2025-04-15 09:00:00,188.62100,188.80600,188.50700,188.64900
2025-04-15 10:00:00,188.63901,189.12601,188.61600,189.046997
2025-04-15 11:00:00,189.041000,189.11000,188.84801,188.93700
2025-04-15 12:00:00,188.93300,188.97099,188.71800,188.85300
2025-04-15 13:00:00,188.85800,188.95100,188.70300,188.89200
2025-04-15 14:00:00,188.89200,189.098999,188.87399,188.97000
2025-04-15 15:00:00,188.96899,189.11800,188.84300,188.89999
2025-04-15 16:00:00,188.88699,189.18900,188.53999,189.13699
2025-04-15 17:00:00,189.12801,189.55400,189.087006,189.49200
2025-04-15 18:00:00,189.49100,189.52100,188.94800,189.063995
2025-04-15 19:00:00,189.056000,189.22099,188.85100,189.20799
2025-04-15 20:00:00,189.20399,189.34801,189.10001,189.13499
2025-04-15 21:00:00,189.13200,189.32201,188.93900,189.074005
2025-04-15 22:00:00,189.070999,189.17000,188.63499,188.91600
2025-04-15 23:00:00,188.91701,189.25101,188.87900,189.20599
2025-04-16 00:00:00,189.21300,189.33000,188.78300,189.037994
2025-04-16 01:00:00,189.039001,189.34200,188.93100,189.17799
2025-04-16 02:00:00,189.17799,189.34700,189.0059967,189.054993
2025-04-16 03:00:00,189.054001,189.30701,189.022003,189.16701
2025-04-16 04:00:00,189.16600,189.23700,189.080002,189.21500
2025-04-16 05:00:00,189.20799,189.42400,189.18201,189.38100
2025-04-16 06:00:00,189.38699,189.58299,189.33299,189.35100
2025-04-16 07:00:00,189.26500,189.54700,189.13699,189.26700
2025-04-16 08:00:00,189.26601,189.37801,189.065994,189.29401
2025-04-16 09:00:00,189.25301,189.50600,189.22800,189.32100
2025-04-16 10:00:00,189.32401,189.35201,189.070999,189.18900
2025-04-16 11:00:00,189.19000,189.41701,189.050995,189.13100
2025-04-16 12:00:00,189.13200,189.21201,188.94600,188.99400
2025-04-16 13:00:00,188.99200,189.10899,188.83099,188.94099
2025-04-16 14:00:00,188.94701,189.20599,188.86099,189.10201
2025-04-16 15:00:00,189.098999,189.19200,188.58200,188.74100
2025-04-16 16:00:00,188.74800,189.089005,188.57700,188.78500
2025-04-16 17:00:00,188.79401,188.97800,188.54300,188.67000
2025-04-16 18:00:00,188.66299,189.68300,188.64200,189.43800
2025-04-16 19:00:00,189.44400,189.61900,189.27100,189.44901
2025-04-16 20:00:00,189.44299,189.53500,189.16499,189.33000
2025-04-16 21:00:00,189.32100,189.39101,189.17900,189.25101
2025-04-16 22:00:00,189.24300,189.37100,188.79300,189.052002
2025-04-16 23:00:00,189.052994,189.17999,188.80000,188.81500
2025-04-17 00:00:00,188.81500,189.050995,188.59900,188.83701
2025-04-17 01:00:00,188.84399,189.0030060,188.71100,188.75400
2025-04-17 02:00:00,188.75,188.83000,188.51401,188.55499
2025-04-17 03:00:00,188.55701,188.70399,188.033005,188.056000
2025-04-17 04:00:00,188.059006,188.24699,187.83299,187.91000
2025-04-17 05:00:00,187.91600,188.10600,187.56200,188.035995
2025-04-17 06:00:00,188.035004,188.14200,187.64301,187.73700
2025-04-17 07:00:00,187.73900,188.091995,187.5,187.61600
2025-04-17 08:00:00,187.65601,187.88800,187.43201,187.72600
2025-04-17 09:00:00,187.70100,187.88300,187.45399,187.75800
2025-04-17 10:00:00,187.75500,188.38600,187.66200,188.33800
2025-04-17 11:00:00,188.33701,188.64200,188.22301,188.55000
2025-04-17 12:00:00,188.54900,188.63499,188.31599,188.49400
2025-04-17 13:00:00,188.49001,188.57001,188.34300,188.39400
2025-04-17 14:00:00,188.39799,188.49899,188.35899,188.42000
2025-04-17 15:00:00,188.41800,188.64700,188.30400,188.51100
2025-04-17 16:00:00,188.50999,188.82001,188.45300,188.76199
2025-04-17 17:00:00,188.77000,189.21201,188.67599,189.17700
2025-04-17 18:00:00,189.17900,189.36400,188.80299,188.85699
2025-04-17 19:00:00,188.85699,189.12100,188.80701,189
2025-04-17 20:00:00,188.99400,189.074997,188.47600,188.50301
2025-04-17 21:00:00,188.50400,188.65800,188.44600,188.57201
2025-04-17 22:00:00,188.57100,188.74200,188.26700,188.52100
2025-04-17 23:00:00,188.51500,188.64999,188.32800,188.39000
2025-04-18 00:00:00,188.39101,188.50400,188.067993,188.13901
2025-04-18 01:00:00,188.14301,188.65700,188.12100,188.65100
2025-04-18 02:00:00,188.64900,189.0039978,188.55400,188.83099
2025-04-18 03:00:00,188.83299,188.98199,188.63800,188.94600
2025-04-18 04:00:00,188.94901,189.17300,188.86800,188.96800
2025-04-18 05:00:00,188.97000,188.98000,188.77200,188.85500
2025-04-18 06:00:00,188.85699,189.035995,188.81200,188.83299
2025-04-18 07:00:00,188.83701,189.0070038,188.62300,188.89799
2025-04-18 08:00:00,188.89999,189.046997,188.65900,188.75600
2025-04-18 09:00:00,188.83000,188.96100,188.67700,188.82001
2025-04-18 10:00:00,188.82201,189.14799,188.68800,189.087006
2025-04-18 11:00:00,189.085007,189.16499,188.78500,188.88300
2025-04-18 12:00:00,188.87801,188.94901,188.76801,188.85600
2025-04-18 13:00:00,188.85899,188.94200,188.66000,188.83000
2025-04-18 14:00:00,188.82100,188.88000,188.68100,188.82300
2025-04-18 15:00:00,188.82600,188.97099,188.72501,188.86301
2025-04-18 16:00:00,188.86200,188.94299,188.71001,188.87100
2025-04-18 17:00:00,188.87601,189.031998,188.74400,188.86400
2025-04-18 18:00:00,188.85001,188.96700,188.64301,188.93700
2025-04-18 19:00:00,188.93800,189.0090027,188.81900,188.92700
2025-04-18 20:00:00,188.92999,188.99001,188.73300,188.95900
2025-04-18 21:00:00,188.96800,189.050003,188.79800,188.90100
2025-04-18 22:00:00,188.90401,189.029999,188.79700,188.93700
2025-04-18 23:00:00,188.93300,188.99699,188.83800,188.93100
2025-04-19 00:00:00,188.93401,189.076004,188.88300,188.96100
2025-04-19 01:00:00,188.97400,188.98900,188.76401,188.81400
2025-04-19 02:00:00,188.82201,188.90401,188.71300,188.86900
2025-04-19 03:00:00,188.85400,188.98801,188.75101,188.80099
2025-04-19 04:00:00,188.81400,188.90199,188.75700,188.85400
2025-04-19 05:00:00,188.86200,188.98100,188.75900,188.89200
2025-04-19 06:00:00,188.89700,189.078995,188.76401,188.89600
2025-04-19 07:00:00,189.054993,189.054993,189.054993,189.054993
2025-04-21 09:00:00,188.56799,188.61400,188.26700,188.52200
2025-04-21 10:00:00,188.52200,188.73700,188.36800,188.42500
2025-04-21 11:00:00,188.42700,188.47000,188.22200,188.23000
2025-04-21 12:00:00,188.22800,188.33600,187.98900,188.23000
2025-04-21 13:00:00,188.23399,188.38600,188.12700,188.35600
2025-04-21 14:00:00,188.35100,188.60600,188.33200,188.39000
2025-04-21 15:00:00,188.38699,188.52901,188.31200,188.37900
2025-04-21 16:00:00,188.37399,188.47600,188.25999,188.35500
2025-04-21 17:00:00,188.36099,188.54500,188.22800,188.49500
2025-04-21 18:00:00,188.49500,188.61900,188.42799,188.57600
2025-04-21 19:00:00,188.57600,188.66499,188.45700,188.47900
2025-04-21 20:00:00,188.48100,188.77600,188.45200,188.77200
2025-04-21 21:00:00,188.77100,188.84399,188.55099,188.60400
2025-04-21 22:00:00,188.60500,188.74699,188.46899,188.70200
2025-04-21 23:00:00,188.69600,188.80701,188.58299,188.60699
2025-04-22 00:00:00,188.60201,188.70300,188.40500,188.67500
2025-04-22 01:00:00,188.67000,188.72301,188.39799,188.42000
2025-04-22 02:00:00,188.42000,188.57899,188.36200,188.41800
2025-04-22 03:00:00,188.41499,188.45200,188.11099,188.12700
2025-04-22 04:00:00,188.12801,188.23399,188.018997,188.082993
2025-04-22 05:00:00,188.080994,188.45799,188.074005,188.39700
2025-04-22 06:00:00,188.39999,188.60201,188.30701,188.39101
2025-04-22 07:00:00,188.46201,188.58299,188.24699,188.39200
2025-04-22 08:00:00,188.38400,188.41200,188.27400,188.32001
2025-04-22 09:00:00,188.32100,188.51100,188.24200,188.48199
2025-04-22 10:00:00,188.48000,188.76801,188.27400,188.32100
2025-04-22 11:00:00,188.32800,188.54900,188.27901,188.41400
2025-04-22 12:00:00,188.41400,188.43201,188.23199,188.28200
2025-04-22 13:00:00,188.27600,188.28700,187.80299,187.92799
2025-04-22 14:00:00,187.92900,187.94701,187.82300,187.88800
2025-04-22 15:00:00,187.89400,188.037994,187.68401,187.74001
2025-04-22 16:00:00,187.73000,188.15900,187.66400,187.99500
2025-04-22 17:00:00,187.99100,188.087997,187.58200,187.66200
2025-04-22 18:00:00,187.66299,188.12601,187.58800,188.10600
2025-04-22 19:00:00,188.11000,188.18201,187.67500,187.77299
2025-04-22 20:00:00,187.77299,187.77499,187.45900,187.57600
2025-04-22 21:00:00,187.57201,187.68201,187.47301,187.61700
2025-04-22 22:00:00,187.62000,187.91400,187.48399,187.90700
2025-04-22 23:00:00,187.90800,188.34900,187.89000,188.26300
2025-04-23 00:00:00,188.26401,188.46899,188.20200,188.28700
2025-04-23 01:00:00,188.28799,188.50800,188.21500,188.39799
2025-04-23 02:00:00,188.39799,188.75200,188.30299,188.58800
2025-04-23 03:00:00,188.58800,188.70000,188.24400,188.31900
2025-04-23 04:00:00,188.31100,188.71800,188.29100,188.70000
2025-04-23 05:00:00,188.69901,188.83200,188.66600,188.78900
2025-04-23 06:00:00,188.78700,188.86400,188.63200,188.64200
2025-04-23 07:00:00,188.66901,189.62199,188.54601,189.42799
2025-04-23 08:00:00,189.38699,189.95799,189.23100,189.52699
2025-04-23 09:00:00,189.55000,189.66400,189.25800,189.38800
2025-04-23 10:00:00,189.38699,189.50999,188.91901,189.046005
2025-04-23 11:00:00,189.044998,189.21800,188.62300,188.69800
2025-04-23 12:00:00,188.69299,188.87100,188.64000,188.83800
2025-04-23 13:00:00,188.84399,189.024002,188.72099,189.0070038
2025-04-23 14:00:00,189.0030060,189.042007,188.78000,188.87300
2025-04-23 15:00:00,188.87801,189.056000,188.72200,188.94099
2025-04-23 16:00:00,188.94099,189.033005,188.63699,188.78101
2025-04-23 17:00:00,188.77000,188.90401,188.50800,188.75900
2025-04-23 18:00:00,188.76199,188.85001,188.20100,188.79100
2025-04-23 19:00:00,188.78400,189.12700,188.68100,189.026001
2025-04-23 20:00:00,189.024002,189.054001,188.66800,188.86501
2025-04-23 21:00:00,188.86400,189.0090027,188.37399,188.38800
2025-04-23 22:00:00,188.38200,188.75800,188.34900,188.71001
2025-04-23 23:00:00,188.70599,189.58099,188.67300,189.54800
2025-04-24 00:00:00,189.54100,189.64600,189.029007,189.33000
2025-04-24 01:00:00,189.33299,189.43900,188.80800,189.070007
2025-04-24 02:00:00,189.069000,189.71800,188.99699,189.64900
2025-04-24 03:00:00,189.64999,190.19000,189.55000,190.10300
2025-04-24 04:00:00,190.10300,190.31100,190.087006,190.27299
2025-04-24 05:00:00,190.26801,190.30400,190.048004,190.22400
2025-04-24 06:00:00,190.22200,190.30000,190.039993,190.16299
2025-04-24 07:00:00,190.16200,190.22800,189.52699,189.75999
2025-04-24 08:00:00,189.72800,189.85201,189.58200,189.83299
2025-04-24 09:00:00,189.87601,190.10201,189.82300,189.93900
2025-04-24 10:00:00,189.94000,190.11600,189.68300,189.78600
2025-04-24 11:00:00,189.78500,189.95599,189.55499,189.62199
2025-04-24 12:00:00,189.62601,189.68800,189.40700,189.67000
2025-04-24 13:00:00,189.67400,189.73599,189.48700,189.58000
2025-04-24 14:00:00,189.57700,189.63800,189.39700,189.42900
2025-04-24 15:00:00,189.43201,189.67799,189.39799,189.44400
2025-04-24 16:00:00,189.43300,189.71300,189.40300,189.41100
2025-04-24 17:00:00,189.41299,189.67000,189.29401,189.54700
2025-04-24 18:00:00,189.54700,189.82600,189.49500,189.73500
2025-04-24 19:00:00,189.73199,189.84000,189.47900,189.50500
2025-04-24 20:00:00,189.50999,189.63400,189.47900,189.51401
2025-04-24 21:00:00,189.51500,189.79500,189.48700,189.77000
2025-04-24 22:00:00,189.76801,189.80600,189.30701,189.41100
2025-04-24 23:00:00,189.41299,189.77800,189.38200,189.70599
2025-04-25 00:00:00,189.69400,189.85800,189.49699,189.69701
2025-04-25 01:00:00,189.68800,189.87801,189.65800,189.80000
2025-04-25 02:00:00,189.79900,190.17000,189.74500,190.12399
2025-04-25 03:00:00,190.125,190.25800,190.046005,190.20900
2025-04-25 04:00:00,190.20500,190.25600,190.093002,190.20500
2025-04-25 05:00:00,190.20399,190.34000,190.052994,190.31100
2025-04-25 06:00:00,190.31200,190.38800,190.17599,190.28300
2025-04-25 07:00:00,190.27699,190.37399,189.92200,190.24600
2025-04-25 08:00:00,190.25,190.43401,190.18401,190.34399
2025-04-25 09:00:00,190.34000,190.50900,190.27000,190.37900
2025-04-25 10:00:00,190.37801,190.50999,190.29900,190.37601
2025-04-25 11:00:00,190.37399,190.39999,190.12300,190.13000
2025-04-25 12:00:00,190.12601,190.24699,190.048996,190.22000
2025-04-25 13:00:00,190.21800,190.88300,190.19000,190.86099
2025-04-25 14:00:00,190.86000,191.0019989,190.76401,190.82001
2025-04-25 15:00:00,190.82201,191.0010071,190.67400,190.69701
2025-04-25 16:00:00,190.69400,191.057007,190.68600,190.99200
2025-04-25 17:00:00,190.97600,191.24300,190.55600,190.69400
2025-04-25 18:00:00,190.69200,190.89000,190.48100,190.77299
2025-04-25 19:00:00,190.77400,191.020996,190.53799,190.99400
2025-04-25 20:00:00,190.99600,191.12399,190.67300,190.84100
2025-04-25 21:00:00,190.83701,190.90601,190.67700,190.77400
2025-04-25 22:00:00,190.77600,191.070999,190.72600,191.067993
2025-04-25 23:00:00,191.067993,191.53400,191.061996,191.25700
2025-04-26 00:00:00,191.25700,191.66200,191.20599,191.61600
2025-04-26 01:00:00,191.61600,191.72099,191.41800,191.59500
2025-04-26 02:00:00,191.60001,191.67799,191.49800,191.55000
2025-04-26 03:00:00,191.55099,191.62300,191.14400,191.24200
2025-04-26 04:00:00,191.24400,191.36800,191.17000,191.34700
2025-04-26 05:00:00,191.35100,191.38000,191.26700,191.31599
2025-04-26 06:00:00,191.32001,191.44400,191.14101,191.24001
2025-04-26 07:00:00,191.23599,191.29900,191.23599,191.29900
2025-04-28 09:00:00,191.20300,191.28400,191.125,191.17200
2025-04-28 10:00:00,191.17101,191.20000,190.78900,190.83299
2025-04-28 11:00:00,190.84000,190.95399,190.65500,190.94800
2025-04-28 12:00:00,190.94901,191.098007,190.88300,190.94501
2025-04-28 13:00:00,190.94501,190.97600,190.82800,190.89400
2025-04-28 14:00:00,190.89200,191.057999,190.76401,190.83200
2025-04-28 15:00:00,190.82899,191.23700,190.80299,191.076004
2025-04-28 16:00:00,191.078003,191.29500,191.059006,191.23900
2025-04-28 17:00:00,191.24001,191.33099,191.091003,191.10600
2025-04-28 18:00:00,191.10300,191.47600,191.078995,191.34200
2025-04-28 19:00:00,191.33400,191.55099,191.32300,191.39999
2025-04-28 20:00:00,191.40100,191.46700,191.30600,191.38100
2025-04-28 21:00:00,191.38600,191.39500,191.19901,191.22900
2025-04-28 22:00:00,191.23100,191.29601,191.11301,191.24699
2025-04-28 23:00:00,191.25,191.42101,191.21300,191.24300
2025-04-29 00:00:00,191.24899,191.46001,191.14301,191.31599
2025-04-29 01:00:00,191.31700,191.34399,190.99300,191.12199
2025-04-29 02:00:00,191.11800,191.16901,190.87700,190.91400
2025-04-29 03:00:00,190.90900,190.97900,190.75900,190.92599
2025-04-29 04:00:00,190.92200,191.042007,190.79300,190.81700
2025-04-29 05:00:00,190.81599,190.96700,190.74899,190.91499
2025-04-29 06:00:00,190.92200,190.98500,190.75400,190.75400
2025-04-29 07:00:00,190.64900,190.94800,190.52901,190.84100
2025-04-29 08:00:00,190.87601,191.10001,190.81300,191.076004
2025-04-29 09:00:00,191.076004,191.16600,190.94901,191.013000
2025-04-29 10:00:00,191.016998,191.067001,190.80099,190.97200
2025-04-29 11:00:00,190.96800,191.14600,190.89301,191.12601
2025-04-29 12:00:00,191.12601,191.18201,191.022995,191.11200
2025-04-29 13:00:00,191.11400,191.11600,190.98199,191.033997
2025-04-29 14:00:00,191.035004,191.12700,190.90700,190.92400
2025-04-29 15:00:00,190.92000,191.033997,190.80901,190.99699
2025-04-29 16:00:00,190.99100,191.15800,190.92500,191.052994
2025-04-29 17:00:00,191.054001,191.13499,190.94000,191.10800
2025-04-29 18:00:00,191.11000,191.26401,190.95799,191.22400
2025-04-29 19:00:00,191.22400,191.34599,191.13000,191.20000
2025-04-29 20:00:00,191.20100,191.21100,190.88901,190.90300
2025-04-29 21:00:00,190.91400,191.059998,190.88200,191.031006
2025-04-29 22:00:00,191.035004,191.085999,190.79201,190.81900
2025-04-29 23:00:00,190.83299,190.85600,190.56300,190.64500
2025-04-30 00:00:00,190.65401,190.89400,190.42400,190.62100
2025-04-30 01:00:00,190.61900,190.75200,190.48900,190.62199
2025-04-30 02:00:00,190.62100,190.73500,190.40199,190.43500
2025-04-30 03:00:00,190.43900,190.65900,190.39200,190.64200
2025-04-30 04:00:00,190.63901,190.73500,190.60300,190.67799
2025-04-30 05:00:00,190.67900,190.76300,190.63100,190.74800
2025-04-30 06:00:00,190.75,190.95200,190.70000,190.72701
2025-04-30 07:00:00,190.61400,190.85300,190.48399,190.71201
2025-04-30 08:00:00,190.74699,190.88000,190.64101,190.76300
2025-04-30 09:00:00,190.76801,190.85400,190.65199,190.79100
2025-04-30 10:00:00,190.78900,190.97600,190.67700,190.88400
2025-04-30 11:00:00,190.88901,190.91200,190.68900,190.75101
2025-04-30 12:00:00,190.74600,190.89400,190.63499,190.75400
2025-04-30 13:00:00,190.75900,190.79300,190.61900,190.74400
2025-04-30 14:00:00,190.73801,190.88000,190.69299,190.83501
2025-04-30 15:00:00,190.84000,190.95799,190.76900,190.94099
2025-04-30 16:00:00,190.94800,191.10201,190.89900,191.076004
2025-04-30 17:00:00,191.078003,191.22701,190.98500,191.14600
2025-04-30 18:00:00,191.14900,191.18900,190.96400,191.018997
2025-04-30 19:00:00,191.024002,191.26300,191.0099945,191.19701
2025-04-30 20:00:00,191.20100,191.24100,191.061005,191.098007
2025-04-30 21:00:00,191.10201,191.22301,190.97800,191.018997
2025-04-30 22:00:00,191.020996,191.033997,190.57401,190.68300
2025-04-30 23:00:00,190.68201,190.69701,190.011002,190.059006
2025-05-01 00:00:00,190.063995,190.71100,189.96700,190.49600
2025-05-01 01:00:00,190.48900,190.59200,190.21500,190.28799
2025-05-01 02:00:00,190.28900,190.46800,190.22200,190.42200
2025-05-01 03:00:00,190.42200,190.68700,190.26401,190.54300
2025-05-01 04:00:00,190.54201,190.84000,190.42400,190.43800
2025-05-01 05:00:00,190.43900,190.67900,190.39700,190.47400
2025-05-01 06:00:00,190.47900,190.87601,190.46700,190.67500
2025-05-01 07:00:00,190.48900,190.65199,190.375,190.49400
2025-05-01 08:00:00,190.49200,190.66000,190.42999,190.53600
2025-05-01 09:00:00,190.54300,190.59801,190.43401,190.52000
2025-05-01 10:00:00,190.52100,190.53799,190.33000,190.46400
2025-05-01 11:00:00,190.45799,190.59000,190.38800,190.56500
2025-05-01 12:00:00,190.56400,190.58400,190.46400,190.49200
2025-05-01 13:00:00,190.49001,191.17999,190.33900,191.11400
2025-05-01 14:00:00,191.11200,191.33501,191.11099,191.25999
2025-05-01 15:00:00,191.25999,191.57899,191.24800,191.42000
2025-05-01 16:00:00,191.42000,192.15401,191.36800,192.14500
2025-05-01 17:00:00,192.14301,192.18700,191.86600,192.089005
2025-05-01 18:00:00,192.084000,192.29800,191.98399,192.16000
2025-05-01 19:00:00,192.16100,192.32201,192.076004,192.26100
2025-05-01 20:00:00,192.26100,192.47600,192.17400,192.43100
2025-05-01 21:00:00,192.44000,192.63100,192.31500,192.50301
2025-05-01 22:00:00,192.50101,192.78300,192.24699,192.68600
2025-05-01 23:00:00,192.68401,192.88000,192.54700,192.54800
2025-05-02 00:00:00,192.57100,193.35201,192.54100,193.24899
2025-05-02 01:00:00,193.24600,193.36600,193.044998,193.087006
2025-05-02 02:00:00,193.085007,193.13901,192.91499,193.085007
2025-05-02 03:00:00,193.085999,193.18900,192.97000,193.061996
2025-05-02 04:00:00,193.063004,193.45500,193.052994,193.42300
2025-05-02 05:00:00,193.42900,193.45500,193.22900,193.25301
2025-05-02 06:00:00,193.25101,193.28400,192.92300,192.94299
2025-05-02 07:00:00,193.0059967,193.37100,192.81100,192.81799
2025-05-02 08:00:00,192.83099,193.084000,192.79401,193.067993
2025-05-02 09:00:00,193.065002,193.37801,193.050995,193.18100
2025-05-02 10:00:00,193.17700,193.74500,193.12601,193.70100
2025-05-02 11:00:00,193.70100,193.71300,193.22301,193.27400
2025-05-02 12:00:00,193.27800,193.42900,193.22000,193.35300
2025-05-02 13:00:00,193.35400,193.37300,193.16800,193.29201
2025-05-02 14:00:00,193.28700,193.50800,193.24800,193.47800
2025-05-02 15:00:00,193.48000,193.52600,193.33299,193.36200
2025-05-02 16:00:00,193.35600,193.40300,193.17500,193.28799
2025-05-02 17:00:00,193.28900,193.38901,192.95599,193.0099945
2025-05-02 18:00:00,193.0010071,193.016006,192.46201,192.50500
2025-05-02 19:00:00,192.50400,192.57899,192.27000,192.42700
2025-05-02 20:00:00,192.42999,192.59399,192.22099,192.25800
2025-05-02 21:00:00,192.25,192.36301,192.011993,192.17599
2025-05-02 22:00:00,192.17400,192.34000,191.83600,192.23399
2025-05-02 23:00:00,192.23300,192.24600,191.46800,191.62199
2025-05-03 00:00:00,191.62199,191.97200,191.53999,191.83501
2025-05-03 01:00:00,191.83099,192.091995,191.83000,191.93600
2025-05-03 02:00:00,191.93500,192.30200,191.93401,192.17400
2025-05-03 03:00:00,192.17599,192.29601,192.061005,192.15601
2025-05-03 04:00:00,192.15100,192.52699,192.11800,192.50400
2025-05-03 05:00:00,192.50400,192.63300,192.41299,192.50301
2025-05-03 06:00:00,192.49500,192.59399,192.18100,192.30800
2025-05-03 07:00:00,192.34100,192.34100,192.34100,192.34100
2025-05-05 09:00:00,192,192.13000,191.83900,191.94200
2025-05-05 10:00:00,191.94099,192.048996,191.86700,191.94800
2025-05-05 11:00:00,191.94501,191.95399,191.58200,191.67101
2025-05-05 12:00:00,191.67000,191.71800,191.54300,191.70700
2025-05-05 13:00:00,191.71001,191.76601,191.62900,191.73900
2025-05-05 14:00:00,191.74001,191.75101,191.55299,191.64999
2025-05-05 15:00:00,191.64999,191.74100,191.55200,191.66100
2025-05-05 16:00:00,191.65900,191.81000,191.63400,191.66400
2025-05-05 17:00:00,191.67200,191.81700,191.59900,191.72200
2025-05-05 18:00:00,191.71600,191.73000,191.24800,191.32401
2025-05-05 19:00:00,191.32001,191.41400,191.22400,191.37801
2025-05-05 20:00:00,191.37199,191.58701,191.32100,191.55400
2025-05-05 21:00:00,191.55600,191.69400,191.51500,191.55200
2025-05-05 22:00:00,191.55200,191.67999,191.44000,191.47000
2025-05-05 23:00:00,191.47000,191.53999,191.22200,191.35800
2025-05-06 00:00:00,191.34100,191.63300,191.23399,191.30600
2025-05-06 01:00:00,191.30099,191.41000,191.042007,191.22701
2025-05-06 02:00:00,191.22800,191.44501,191.16400,191.36400
2025-05-06 03:00:00,191.36400,191.41100,191.28101,191.32401
2025-05-06 04:00:00,191.32100,191.39600,191.21201,191.24300
2025-05-06 05:00:00,191.24300,191.30800,191.044006,191.10300
2025-05-06 06:00:00,191.10001,191.14000,190.98199,190.98199
2025-05-06 07:00:00,191.018997,191.17799,190.92900,190.99400
2025-05-06 08:00:00,190.99200,191.11800,190.875,191.046997
2025-05-06 09:00:00,191.048004,191.11099,190.84300,190.98700
2025-05-06 10:00:00,190.98900,191.093002,190.91100,191.087006
2025-05-06 11:00:00,191.074005,191.35201,191.042999,191.18201
2025-05-06 12:00:00,191.18401,191.20799,190.92500,191.080994
2025-05-06 13:00:00,191.080002,191.17799,191.011002,191.16100
2025-05-06 14:00:00,191.15700,191.20500,191.080002,191.16400
2025-05-06 15:00:00,191.16800,191.23000,191.052002,191.093994
2025-05-06 16:00:00,191.085999,191.33600,191.078003,191.14301
2025-05-06 17:00:00,191.14200,191.22200,190.79401,190.89799
2025-05-06 18:00:00,190.90800,190.96201,190.44400,190.58400
2025-05-06 19:00:00,190.57300,190.85899,190.47701,190.82401
2025-05-06 20:00:00,190.82300,191.10100,190.75900,190.99300
2025-05-06 21:00:00,190.99400,191.19200,190.83200,190.89000
2025-05-06 22:00:00,190.88800,191.13300,190.85001,190.92000
2025-05-06 23:00:00,190.91600,191.11900,190.57500,190.68800
2025-05-07 00:00:00,190.68700,191.16200,190.61301,191.020004
2025-05-07 01:00:00,191.020004,191.044006,190.83200,190.83200
2025-05-07 02:00:00,190.84599,191.020996,190.56200,190.65199
2025-05-07 03:00:00,190.65800,190.70799,190.46300,190.47800
2025-05-07 04:00:00,190.48000,190.61800,190.43600,190.53101
2025-05-07 05:00:00,190.53101,190.64700,190.46201,190.50301
2025-05-07 06:00:00,190.50400,190.59700,190.30901,190.47800
2025-05-07 07:00:00,190.46001,190.63699,190.30701,190.45799
2025-05-07 08:00:00,190.45399,191.25900,190.39000,191.20000
2025-05-07 09:00:00,191.20900,191.26199,190.97400,191.050995
2025-05-07 10:00:00,191.052994,191.17000,190.75101,190.86301
2025-05-07 11:00:00,190.86301,190.96100,190.71800,190.85899
2025-05-07 12:00:00,190.85800,191.080002,190.85500,191.0059967
2025-05-07 13:00:00,191.0039978,191.070999,190.93500,190.99100
2025-05-07 14:00:00,190.98700,191.22200,190.96001,191.16800
2025-05-07 15:00:00,191.16800,191.20399,191.022995,191.078003
2025-05-07 16:00:00,191.076004,191.12900,190.86800,190.92799
2025-05-07 17:00:00,190.92700,191.33501,190.89400,191.16000
2025-05-07 18:00:00,191.16200,191.50301,191.082001,191.12399
2025-05-07 19:00:00,191.12399,191.20100,191.028000,191.087997
2025-05-07 20:00:00,191.082001,191.25800,191.046005,191.18201
2025-05-07 21:00:00,191.17799,191.42599,191.11000,191.39799
2025-05-07 22:00:00,191.39000,191.62000,191.33501,191.61501
2025-05-07 23:00:00,191.61501,191.61800,191.22600,191.38100
2025-05-08 00:00:00,191.38200,191.66299,191.31300,191.53900
2025-05-08 01:00:00,191.53799,191.54201,191.24899,191.43100
2025-05-08 02:00:00,191.43201,191.51100,191.26300,191.42400
2025-05-08 03:00:00,191.42500,191.44501,191.078003,191.10201
2025-05-08 04:00:00,191.14900,191.40300,190.65601,191.19200
2025-05-08 05:00:00,191.19200,191.43401,190.99400,191.22000
2025-05-08 06:00:00,191.21800,191.27400,191.024994,191.16200
2025-05-08 07:00:00,191.063004,191.20399,190.92000,191.074997
2025-05-08 08:00:00,191.12399,191.21400,191.011002,191.18700
2025-05-08 09:00:00,191.16600,191.24800,191.070999,191.19400
2025-05-08 10:00:00,191.19501,191.36301,190.98500,191.25999
2025-05-08 11:00:00,191.25999,191.48900,191.093002,191.45900
2025-05-08 12:00:00,191.46100,191.73100,191.44501,191.68600
2025-05-08 13:00:00,191.68600,191.78700,191.56300,191.62900
2025-05-08 14:00:00,191.63000,191.73399,191.58501,191.68201
2025-05-08 15:00:00,191.67700,191.77299,191.53200,191.72800
2025-05-08 16:00:00,191.72200,191.89799,191.53000,191.81000
2025-05-08 17:00:00,191.81000,191.90199,191.62399,191.81100
2025-05-08 18:00:00,191.81300,192.18700,191.74899,192.10300
2025-05-08 19:00:00,192.10001,192.27200,192.084000,192.22400
2025-05-08 20:00:00,192.22701,192.40500,191.99899,192.014008
2025-05-08 21:00:00,192.011002,192.88400,191.69901,192.74699
2025-05-08 22:00:00,192.75200,193.091995,192.70399,192.77400
2025-05-08 23:00:00,192.77200,192.88100,192.61200,192.74400
2025-05-09 00:00:00,192.74800,193.11099,192.68900,192.98900
2025-05-09 01:00:00,192.99200,193.27200,192.87399,193.23300
2025-05-09 02:00:00,193.23700,193.39400,193.13600,193.31000
2025-05-09 03:00:00,193.30800,193.36700,193.16400,193.18401
2025-05-09 04:00:00,193.18500,193.36200,193.14500,193.30499
2025-05-09 05:00:00,193.30800,193.49899,193.17400,193.25101
2025-05-09 06:00:00,193.24800,193.30701,193.12199,193.25400
2025-05-09 07:00:00,193.25500,193.37000,193.037994,193.33800
2025-05-09 08:00:00,193.33800,193.35899,193.11099,193.21800
2025-05-09 09:00:00,193.21600,193.35001,193.16701,193.22200
2025-05-09 10:00:00,193.22501,193.26199,192.81500,192.89301
2025-05-09 11:00:00,192.89301,192.94701,192.74500,192.75900
2025-05-09 12:00:00,192.76700,192.95200,192.73199,192.76700
2025-05-09 13:00:00,192.76401,192.83299,192.60500,192.72000
2025-05-09 14:00:00,192.72200,192.73300,192.52699,192.58800
2025-05-09 15:00:00,192.58600,192.64301,192.48300,192.55600
2025-05-09 16:00:00,192.55800,192.57201,192.36000,192.39400
2025-05-09 17:00:00,192.39301,192.74400,192.34399,192.52499
2025-05-09 18:00:00,192.52699,192.70399,192.41600,192.66100
2025-05-09 19:00:00,192.65700,192.81400,192.58900,192.80701
2025-05-09 20:00:00,192.80400,192.90401,192.73599,192.77901
2025-05-09 21:00:00,192.77901,192.90401,192.49001,192.67599
2025-05-09 22:00:00,192.67599,192.97200,192.65401,192.96201
2025-05-09 23:00:00,192.96100,193.031998,192.74699,192.86200
2025-05-10 00:00:00,192.86700,193.054993,192.78200,192.91400
2025-05-10 01:00:00,192.91499,193.27699,192.89999,193.27400
2025-05-10 02:00:00,193.27299,193.38200,193.21001,193.32100
2025-05-10 03:00:00,193.32201,193.46700,193.28000,193.37900
2025-05-10 04:00:00,193.37601,193.43100,193.26500,193.41901
2025-05-10 05:00:00,193.41299,193.45500,193.33000,193.41299
2025-05-10 06:00:00,193.40800,193.45599,193.26199,193.33299
2025-05-10 07:00:00,193.36700,193.36700,193.36700,193.36700
2025-05-12 09:00:00,193.75301,193.85600,193.69200,193.73801
2025-05-12 10:00:00,193.73399,194.046005,193.64700,193.88600
2025-05-12 11:00:00,193.88800,194.21001,193.85201,193.98500
2025-05-12 12:00:00,193.98399,193.99899,193.62199,193.72701
2025-05-12 13:00:00,193.72000,193.77800,193.66100,193.67900
2025-05-12 14:00:00,193.68401,193.89500,193.67500,193.87399
2025-05-12 15:00:00,193.875,194.0079956,193.83600,193.91701
2025-05-12 16:00:00,193.92000,194.17200,193.90601,194.11501
2025-05-12 17:00:00,194.12900,194.86200,194.10400,194.77699
2025-05-12 18:00:00,194.78101,195.17400,194.65700,194.94901
2025-05-12 19:00:00,194.95200,195.48100,194.87199,195.40401
2025-05-12 20:00:00,195.40700,195.51199,194.99500,195.016006
2025-05-12 21:00:00,195.013000,195.20799,194.83701,194.85201
2025-05-12 22:00:00,194.92599,195.40199,194.91299,195.36600
2025-05-12 23:00:00,195.36600,195.59700,195.16701,195.47800
2025-05-13 00:00:00,195.47701,195.79601,195.42200,195.63699
2025-05-13 01:00:00,195.63800,195.72301,195.33400,195.35201
2025-05-13 02:00:00,195.35300,195.78799,195.31000,195.70599
2025-05-13 03:00:00,195.70700,195.76401,195.58701,195.64900
2025-05-13 04:00:00,195.64799,195.67999,195.45200,195.50900
2025-05-13 05:00:00,195.50800,195.58000,195.42400,195.54401
2025-05-13 06:00:00,195.53900,195.67599,195.48500,195.57201
2025-05-13 07:00:00,195.55701,195.64600,195.27200,195.38000
2025-05-13 08:00:00,195.37199,195.53600,195.34300,195.48199
2025-05-13 09:00:00,195.49001,195.58000,195.33701,195.36400
2025-05-13 10:00:00,195.36400,195.36700,194.77400,194.78999
2025-05-13 11:00:00,194.78999,195.046997,194.78500,194.91299
2025-05-13 12:00:00,194.90601,195.074005,194.88100,195.037994
2025-05-13 13:00:00,195.042007,195.076004,194.95599,195.0039978
2025-05-13 14:00:00,195.0059967,195.11800,194.95300,194.97200
2025-05-13 15:00:00,194.97400,195.17101,194.90700,195.10699
2025-05-13 16:00:00,195.11400,195.32800,195.050003,195.24600
2025-05-13 17:00:00,195.24300,195.46100,195.15199,195.32899
2025-05-13 18:00:00,195.32700,195.46001,195.20500,195.42000
2025-05-13 19:00:00,195.41901,195.55600,195.39500,195.52800
2025-05-13 20:00:00,195.52901,195.63100,195.47301,195.48801
2025-05-13 21:00:00,195.48100,195.72600,195.46201,195.70900
2025-05-13 22:00:00,195.70599,196.050995,195.60001,195.98399
2025-05-13 23:00:00,195.98300,196,195.45200,195.60100
2025-05-14 00:00:00,195.59399,196.059998,195.57201,196.035995
2025-05-14 01:00:00,196.028000,196.33299,195.96300,196.16901
2025-05-14 02:00:00,196.17200,196.23399,195.89700,196.20500
2025-05-14 03:00:00,196.20300,196.38100,196.19299,196.31400
2025-05-14 04:00:00,196.30800,196.35800,196.12199,196.17700
2025-05-14 05:00:00,196.18100,196.25301,196.067001,196.15199
2025-05-14 06:00:00,196.15100,196.34700,196.10699,196.22501
2025-05-14 07:00:00,196.20300,196.29300,196.10201,196.22400
2025-05-14 08:00:00,196.22200,196.26601,195.99899,196.18401
2025-05-14 09:00:00,196.17799,196.28600,196.093994,196.25301
2025-05-14 10:00:00,196.25400,196.40601,196.078003,196.19400
2025-05-14 11:00:00,196.19099,196.21400,195.75,195.89799
2025-05-14 12:00:00,195.89500,195.93900,195.74699,195.81799
2025-05-14 13:00:00,195.81799,195.86400,195.61600,195.75
2025-05-14 14:00:00,195.74600,195.86301,195.43900,195.49400
2025-05-14 15:00:00,195.49500,195.68700,195.375,195.61600
2025-05-14 16:00:00,195.62100,195.75600,195.47400,195.69701
2025-05-14 17:00:00,195.69501,195.90800,195.62900,195.89799
2025-05-14 18:00:00,195.89999,195.92000,195.10899,195.19400
2025-05-14 19:00:00,195.20399,195.23000,194.43700,194.74600
2025-05-14 20:00:00,194.73599,194.86400,194.56599,194.78400
2025-05-14 21:00:00,194.78200,194.91800,194.69000,194.90401
2025-05-14 22:00:00,194.89700,194.98399,194.68401,194.80099
2025-05-14 23:00:00,194.79700,194.89900,194.23199,194.41901
2025-05-15 00:00:00,194.42101,194.66800,194.26401,194.65199
2025-05-15 01:00:00,194.64999,194.98399,194.51900,194.91499
2025-05-15 02:00:00,194.91299,195.26900,194.79700,194.84200
2025-05-15 03:00:00,194.84599,194.88100,194.55800,194.63100
2025-05-15 04:00:00,194.63800,194.74400,194.54300,194.62300
2025-05-15 05:00:00,194.62399,194.76300,194.57100,194.68900
2025-05-15 06:00:00,194.68800,194.77000,194.50700,194.62100
2025-05-15 07:00:00,194.51801,194.67300,194.36200,194.36700
2025-05-15 08:00:00,194.36600,194.55200,194.36600,194.47000
2025-05-15 09:00:00,194.47600,194.52400,194.26801,194.48801
2025-05-15 10:00:00,194.48900,194.60001,194.0050049,194.059006
2025-05-15 11:00:00,194.052002,194.25600,193.96899,194.20399
2025-05-15 12:00:00,194.20300,194.30400,194.13600,194.17999
2025-05-15 13:00:00,194.18600,194.22200,193.88400,194.014008
2025-05-15 14:00:00,194.014008,194.044998,193.86200,193.92400
2025-05-15 15:00:00,193.92400,193.96800,193.64600,193.74300
2025-05-15 16:00:00,193.74200,193.97200,193.51199,193.61800
2025-05-15 17:00:00,193.61200,193.80499,193.53500,193.55099
2025-05-15 18:00:00,193.54800,193.77299,193.53400,193.69200
2025-05-15 19:00:00,193.69800,193.91499,193.67300,193.90601
2025-05-15 20:00:00,193.90401,194.035004,193.81799,194.0059967
2025-05-15 21:00:00,194.0039978,194.031006,193.72400,193.85300
2025-05-15 22:00:00,193.85001,194.23900,193.62000,193.99400
2025-05-15 23:00:00,193.98599,194.067993,193.78101,193.80800
2025-05-16 00:00:00,193.80099,193.86800,193.42599,193.67999
2025-05-16 01:00:00,193.68300,193.72800,193.50999,193.50999
2025-05-16 02:00:00,193.51199,193.61200,193.44901,193.50400
2025-05-16 03:00:00,193.50900,193.70200,193.50500,193.66600
2025-05-16 04:00:00,193.66600,193.76500,193.60500,193.73700
2025-05-16 05:00:00,193.73700,193.76300,193.60800,193.75500
2025-05-16 06:00:00,193.74899,193.86700,193.71400,193.79500
2025-05-16 07:00:00,193.77600,193.89101,193.60600,193.65800
2025-05-16 08:00:00,193.66200,193.78101,193.55901,193.56700
2025-05-16 09:00:00,193.57500,193.83400,193.53101,193.64900
2025-05-16 10:00:00,193.65601,193.69600,193.050995,193.17000
2025-05-16 11:00:00,193.16901,193.35500,193.028000,193.31200
2025-05-16 12:00:00,193.30901,193.58099,193.24200,193.55600
2025-05-16 13:00:00,193.55000,193.60001,193.34300,193.37199
2025-05-16 14:00:00,193.36900,193.57001,193.29500,193.52000
2025-05-16 15:00:00,193.51300,193.65900,193.43900,193.51401
2025-05-16 16:00:00,193.51601,193.65300,193.27901,193.27901
2025-05-16 17:00:00,193.29100,193.48000,193.13901,193.375
2025-05-16 18:00:00,193.375,193.48700,193.29201,193.31700
2025-05-16 19:00:00,193.31799,193.55901,193.22400,193.48700
2025-05-16 20:00:00,193.48199,193.5,193.26500,193.42900
2025-05-16 21:00:00,193.43100,193.58200,193.41701,193.45000
2025-05-16 22:00:00,193.44600,193.53700,193.22000,193.28101
2025-05-16 23:00:00,193.28400,193.49600,193.20200,193.41800
2025-05-17 00:00:00,193.41499,193.74899,193.32201,193.61400
2025-05-17 01:00:00,193.61400,193.67000,193.53200,193.56599
2025-05-17 02:00:00,193.55901,193.65199,193.47200,193.63800
2025-05-17 03:00:00,193.63800,193.79900,193.61700,193.64999
2025-05-17 04:00:00,193.64999,193.74200,193.57600,193.71500
2025-05-17 05:00:00,193.72501,193.79900,193.68900,193.76900
2025-05-17 06:00:00,193.77000,193.78500,193.36000,193.39000
2025-05-17 07:00:00,193.40300,193.40300,193.40300,193.40300
2025-05-19 09:00:00,193.070007,193.37199,192.99200,193.22701
2025-05-19 10:00:00,193.23801,193.32600,192.81900,192.90300
2025-05-19 11:00:00,192.90401,193.061005,192.76100,192.96001
2025-05-19 12:00:00,192.95799,193.17599,192.93800,193.098999
2025-05-19 13:00:00,193.10400,193.17700,193.0019989,193.12601
2025-05-19 14:00:00,193.12700,193.26900,193.10400,193.24300
2025-05-19 15:00:00,193.24200,193.25999,193.054993,193.070999
2025-05-19 16:00:00,193.070007,193.25101,193.0079956,193.14500
2025-05-19 17:00:00,193.14600,193.63300,193.091995,193.63000
2025-05-19 18:00:00,193.62700,193.74500,193.48399,193.67000
2025-05-19 19:00:00,193.67000,194.028000,193.55400,194.014008
2025-05-19 20:00:00,194.011993,194.054993,193.86000,193.87399
2025-05-19 21:00:00,193.86900,194.070007,193.81799,193.89799
2025-05-19 22:00:00,193.89500,193.95000,193.78101,193.90900
2025-05-19 23:00:00,193.90401,193.99300,193.65800,193.78700
2025-05-20 00:00:00,193.78999,194.028000,193.59200,193.67599
2025-05-20 01:00:00,193.68201,193.76700,193.56000,193.62801
2025-05-20 02:00:00,193.62700,193.71800,193.58299,193.61800
2025-05-20 03:00:00,193.62199,193.70000,193.57700,193.62801
2025-05-20 04:00:00,193.63499,193.65500,193.57401,193.61501
2025-05-20 05:00:00,193.61600,193.62900,193.44901,193.51199
2025-05-20 06:00:00,193.50600,193.60100,193.42700,193.50500
2025-05-20 07:00:00,193.5,193.61700,193.25900,193.52699
2025-05-20 08:00:00,193.49100,193.62399,193.44901,193.58701
2025-05-20 09:00:00,193.59200,193.70000,193.47900,193.66800
2025-05-20 10:00:00,193.66499,194.20700,193.66400,194.018997
2025-05-20 11:00:00,194.018997,194.020996,193.47701,193.54500
2025-05-20 12:00:00,193.53300,193.93500,193.47301,193.78900
2025-05-20 13:00:00,193.78101,193.83900,193.54900,193.56200
2025-05-20 14:00:00,193.56200,193.59801,193.42400,193.45700
2025-05-20 15:00:00,193.45399,193.54100,193.022003,193.11900
2025-05-20 16:00:00,193.12000,193.22600,193.035004,193.17799
2025-05-20 17:00:00,193.17799,193.19901,192.91100,193.016998
2025-05-20 18:00:00,193.016006,193.27000,193.0070038,193.22000
2025-05-20 19:00:00,193.22099,193.375,193.14000,193.19701
2025-05-20 20:00:00,193.20300,193.25999,193.048004,193.21800
2025-05-20 21:00:00,193.21201,193.36900,193.087997,193.20100
2025-05-20 22:00:00,193.19400,193.21600,193.020004,193.17400
2025-05-20 23:00:00,193.17200,193.57899,193.15500,193.47099
2025-05-21 00:00:00,193.47501,193.50200,193.22400,193.25999
2025-05-21 01:00:00,193.26300,193.57201,193.19600,193.47600
2025-05-21 02:00:00,193.47800,193.66901,193.36000,193.62700
2025-05-21 03:00:00,193.62601,193.70900,193.53101,193.53400
2025-05-21 04:00:00,193.53300,193.60699,193.34399,193.38100
2025-05-21 05:00:00,193.38400,193.51500,193.32201,193.50900
2025-05-21 06:00:00,193.50700,193.55400,193.43700,193.49500
2025-05-21 07:00:00,193.46400,193.62300,193.25900,193.37199
2025-05-21 08:00:00,193.37100,193.46500,193.067001,193.41200
2025-05-21 09:00:00,193.39999,193.44701,193.29401,193.34000
2025-05-21 10:00:00,193.33501,193.47400,193.14799,193.31000
2025-05-21 11:00:00,193.30901,193.45399,193.17999,193.36400
2025-05-21 12:00:00,193.35699,193.42799,193.078995,193.11400
2025-05-21 13:00:00,193.11400,193.27100,193.044998,193.11000
2025-05-21 14:00:00,193.10699,193.20000,192.96500,193.050995
2025-05-21 15:00:00,193.048996,193.095993,192.82300,192.87100
2025-05-21 16:00:00,192.87399,193.30200,192.85600,193.21500
2025-05-21 17:00:00,193.21400,193.28799,192.98500,193.011993
2025-05-21 18:00:00,193.011002,193.26199,192.95900,193.097000
2025-05-21 19:00:00,193.093994,193.19800,192.99500,193.084000
2025-05-21 20:00:00,193.074997,193.11099,192.67700,192.68600
2025-05-21 21:00:00,192.69501,192.83501,192.57201,192.83099
2025-05-21 22:00:00,192.83000,192.89900,192.66901,192.86000
2025-05-21 23:00:00,192.85899,193.18600,192.78900,193.059998
2025-05-22 00:00:00,193.061005,193.17700,192.91701,193.026001
2025-05-22 01:00:00,193.024002,193.23399,193.0019989,193.17999
2025-05-22 02:00:00,193.17900,193.29900,193.13699,193.16100
2025-05-22 03:00:00,193.15700,193.21201,192.59801,192.82700
2025-05-22 04:00:00,192.82600,192.92400,192.73000,192.87000
2025-05-22 05:00:00,192.86900,192.93700,192.74200,192.77100
2025-05-22 06:00:00,192.77200,192.88000,192.75999,192.78600
2025-05-22 07:00:00,192.77800,192.84100,192.56200,192.74200
2025-05-22 08:00:00,192.74001,193.57800,192.67300,193.15601
2025-05-22 09:00:00,193.15401,193.23801,192.77699,192.84300
2025-05-22 10:00:00,192.84399,192.89999,192.36400,192.60201
2025-05-22 11:00:00,192.60001,192.74100,192.34399,192.45700
2025-05-22 12:00:00,192.46201,192.53900,192.29700,192.34100
2025-05-22 13:00:00,192.33600,192.44000,192.27699,192.39999
2025-05-22 14:00:00,192.39600,192.46001,192.34000,192.43600
2025-05-22 15:00:00,192.42900,192.57100,192.33800,192.55200
2025-05-22 16:00:00,192.54700,192.55499,192.12100,192.34000
2025-05-22 17:00:00,192.34500,192.41400,192.018997,192.15401
2025-05-22 18:00:00,192.15300,192.27400,191.88800,192.018005
2025-05-22 19:00:00,192.020004,192.32300,191.97501,192.29300
2025-05-22 20:00:00,192.29900,192.47099,192.12100,192.47000
2025-05-22 21:00:00,192.46899,192.73900,192.35699,192.39101
2025-05-22 22:00:00,192.39000,192.61501,192.30701,192.54700
2025-05-22 23:00:00,192.54100,193.091995,192.53000,193.033997
2025-05-23 00:00:00,193.037003,193.23399,192.81400,192.97301
2025-05-23 01:00:00,192.97701,193.20100,192.95900,193.17700
2025-05-23 02:00:00,193.17500,193.46500,193.14301,193.24500
2025-05-23 03:00:00,193.24200,193.51401,193.18700,193.45200
2025-05-23 04:00:00,193.46300,193.58701,193.43800,193.48199
2025-05-23 05:00:00,193.48700,193.51601,193.17200,193.21899
2025-05-23 06:00:00,193.21800,193.24400,193.076996,193.22400
2025-05-23 07:00:00,193.16800,193.42200,193.028000,193.28700
2025-05-23 08:00:00,193.28799,193.35100,192.98399,193.033997
2025-05-23 09:00:00,193.028000,193.14999,192.92400,193.026001
2025-05-23 10:00:00,193.031998,193.31300,192.99100,193.21300
2025-05-23 11:00:00,193.21201,193.32001,192.97600,192.98300
2025-05-23 12:00:00,192.98399,193.067001,192.95200,192.98500
2025-05-23 13:00:00,192.98801,193.016998,192.82500,192.86301
2025-05-23 14:00:00,192.85800,192.98900,192.81100,192.96800
2025-05-23 15:00:00,192.96800,193.046997,192.93201,192.96700
2025-05-23 16:00:00,192.96800,193.091995,192.84300,192.87199
2025-05-23 17:00:00,192.87000,193.19701,192.83400,193.15100
2025-05-23 18:00:00,193.14999,193.36900,193.14799,193.28500
2025-05-23 19:00:00,193.28200,193.48000,193.17599,193.42000
2025-05-23 20:00:00,193.42101,193.52499,193.36501,193.47800
2025-05-23 21:00:00,193.47400,193.57100,192.078003,192.35100
2025-05-23 22:00:00,192.35001,192.85899,192.061005,192.75301
2025-05-23 23:00:00,192.74800,192.87601,192.46500,192.49699
2025-05-24 00:00:00,192.49699,192.72000,192.29700,192.50999
2025-05-24 01:00:00,192.51100,192.81700,192.48300,192.62300
2025-05-24 02:00:00,192.62199,192.89999,192.61800,192.85201
2025-05-24 03:00:00,192.85400,193.0059967,192.84599,192.88400
2025-05-24 04:00:00,192.88400,192.95900,192.74600,192.81599
2025-05-24 05:00:00,192.82201,192.89700,192.76700,192.83501
2025-05-24 06:00:00,192.84700,193.050995,192.83099,192.96001
2025-05-24 07:00:00,193.020996,193.026993,193.020996,193.026993
2025-05-26 09:00:00,193.25800,193.43500,193.23399,193.35600
2025-05-26 10:00:00,193.35001,193.45799,193.27499,193.32700
2025-05-26 11:00:00,193.32500,193.52901,193.25400,193.38600
2025-05-26 12:00:00,193.39400,193.40300,193.25800,193.32600
2025-05-26 13:00:00,193.32100,193.57401,193.30200,193.43600
2025-05-26 14:00:00,193.43800,193.69701,193.43300,193.63499
2025-05-26 15:00:00,193.63600,193.81000,193.60600,193.66499
2025-05-26 16:00:00,193.65700,194.037003,193.64900,193.75500
2025-05-26 17:00:00,193.75700,193.91701,193.71300,193.86700
2025-05-26 18:00:00,193.86200,193.89400,193.65500,193.81900
2025-05-26 19:00:00,193.81900,193.93100,193.67400,193.75400
2025-05-26 20:00:00,193.74699,193.78900,193.68100,193.74800
2025-05-26 21:00:00,193.74699,193.82800,193.72600,193.80701
2025-05-26 22:00:00,193.80400,193.83701,193.71899,193.81300
2025-05-26 23:00:00,193.81400,193.82001,193.71300,193.78200
2025-05-27 00:00:00,193.78200,193.79401,193.57001,193.65199
2025-05-27 01:00:00,193.64600,193.75200,193.55499,193.74400
2025-05-27 02:00:00,193.74200,193.77600,193.58000,193.59100
2025-05-27 03:00:00,193.59100,193.62199,193.53400,193.61301
2025-05-27 04:00:00,193.60899,193.65100,193.60100,193.60800
2025-05-27 05:00:00,193.60300,193.65800,193.59000,193.64999
2025-05-27 06:00:00,193.65601,193.73801,193.63600,193.70700
2025-05-27 07:00:00,193.66299,193.82201,193.45900,193.57800
2025-05-27 08:00:00,193.56799,193.62199,193.49400,193.55800
2025-05-27 09:00:00,193.54201,193.62199,193.45500,193.47400
2025-05-27 10:00:00,193.47900,193.47900,193.18700,193.24400
2025-05-27 11:00:00,193.24500,193.28101,193.054993,193.12801
2025-05-27 12:00:00,193.12801,193.23300,193.061005,193.20000
2025-05-27 13:00:00,193.20100,193.31599,193.19701,193.28101
2025-05-27 14:00:00,193.27699,193.64500,193.27100,193.63699
2025-05-27 15:00:00,193.63901,194.26601,193.63699,194.17799
2025-05-27 16:00:00,194.17799,194.40700,194.0059967,194.35400
2025-05-27 17:00:00,194.35600,194.58900,194.27299,194.41000
2025-05-27 18:00:00,194.40401,194.77699,194.37300,194.74100
2025-05-27 19:00:00,194.73900,195.0039978,194.73300,194.93800
2025-05-27 20:00:00,194.93700,195.19600,194.88400,195.17999
2025-05-27 21:00:00,195.18600,195.33299,195.087006,195.22800
2025-05-27 22:00:00,195.23000,195.46001,195.21300,195.32001
2025-05-27 23:00:00,195.32001,195.37601,195.0099945,195.23900
2025-05-28 00:00:00,195.23599,195.62399,195.19701,195.21800
2025-05-28 01:00:00,195.21600,195.23300,194.89400,194.94400
2025-05-28 02:00:00,194.94299,195.091995,194.91000,195.0070038
2025-05-28 03:00:00,195.0070038,195.011002,194.86700,194.95000
2025-05-28 04:00:00,194.95900,194.98300,194.89400,194.92400
2025-05-28 05:00:00,194.92500,194.95200,194.85699,194.90601
2025-05-28 06:00:00,194.90800,195.011002,194.85800,194.86200
2025-05-28 07:00:00,194.93401,195.078995,194.80901,194.90401
2025-05-28 08:00:00,194.89999,194.91499,194.76601,194.81700
2025-05-28 09:00:00,194.81400,194.95200,194.76601,194.78000
2025-05-28 10:00:00,194.77600,194.79800,194.48599,194.78500
2025-05-28 11:00:00,194.78300,195.39600,194.63800,194.75600
2025-05-28 12:00:00,194.76199,194.98199,194.64900,194.94400
2025-05-28 13:00:00,194.93800,195.095993,194.58099,194.63200
2025-05-28 14:00:00,194.62601,194.73300,194.47200,194.56500
2025-05-28 15:00:00,194.57201,194.88100,194.44501,194.48000
2025-05-28 16:00:00,194.48300,194.84399,194.37399,194.79401
2025-05-28 17:00:00,194.79401,194.86700,194.46800,194.57600
2025-05-28 18:00:00,194.57500,194.71001,194.44099,194.58501
2025-05-28 19:00:00,194.58000,194.89500,194.54201,194.84599
2025-05-28 20:00:00,194.84599,194.86099,194.64600,194.67900
2025-05-28 21:00:00,194.68201,194.70000,194.48801,194.66100
2025-05-28 22:00:00,194.66800,194.73100,194.46899,194.64799
2025-05-28 23:00:00,194.64900,195.19299,194.64200,195.11501
2025-05-29 00:00:00,195.12199,195.17999,194.88901,195.12300
2025-05-29 01:00:00,195.11700,195.26300,195.089005,195.22301
2025-05-29 02:00:00,195.22301,195.36000,195.20799,195.26601
2025-05-29 03:00:00,195.26900,195.30499,195.14101,195.14700
2025-05-29 04:00:00,195.15401,195.22900,194.97099,195.085007
2025-05-29 05:00:00,195.085007,195.19800,195.039001,195.095993
2025-05-29 06:00:00,195.098999,195.14500,194.97501,195.052994
2025-05-29 07:00:00,194.94501,195.061996,194.86600,194.98100
2025-05-29 08:00:00,194.98700,195.15601,194.98000,195.13800
2025-05-29 09:00:00,195.11800,195.91800,195.10800,195.67000
2025-05-29 10:00:00,195.67700,196.18700,195.65601,196.18201
2025-05-29 11:00:00,196.18201,196.29900,195.82500,195.98900
2025-05-29 12:00:00,195.98599,196.020996,195.71899,195.84500
2025-05-29 13:00:00,195.83600,195.89101,195.71500,195.81200
2025-05-29 14:00:00,195.81700,195.92799,195.78300,195.87399
2025-05-29 15:00:00,195.87601,196.16701,195.80400,196.044006
2025-05-29 16:00:00,196.044998,196.17300,195.73700,195.89999
2025-05-29 17:00:00,195.89700,195.95100,195.51700,195.58701
2025-05-29 18:00:00,195.57100,195.66800,195.44701,195.53000
2025-05-29 19:00:00,195.53300,195.61501,195.41800,195.59200
2025-05-29 20:00:00,195.59200,195.66701,195.27100,195.37000
2025-05-29 21:00:00,195.37300,195.39000,195.12900,195.28900
2025-05-29 22:00:00,195.28500,195.31400,194.88800,195.0050049
2025-05-29 23:00:00,194.99600,195.065994,194.72600,194.78500
2025-05-30 00:00:00,194.78000,194.85300,194.54800,194.69200
2025-05-30 01:00:00,194.69200,194.69901,194.28600,194.35600
2025-05-30 02:00:00,194.35699,194.60300,194.32300,194.49300
2025-05-30 03:00:00,194.49200,194.58000,194.40401,194.41901
2025-05-30 04:00:00,194.41901,194.48399,194.36501,194.375
2025-05-30 05:00:00,194.37199,194.51500,194.35600,194.5
2025-05-30 06:00:00,194.49600,194.59100,194.42200,194.54700
2025-05-30 07:00:00,194.53600,194.55400,194.32700,194.41499
2025-05-30 08:00:00,194.41400,194.48801,194.22701,194.34300
2025-05-30 09:00:00,194.32401,194.45399,194.046005,194.054001
2025-05-30 10:00:00,194.052002,194.31799,193.85500,194.041000
2025-05-30 11:00:00,194.035004,194.048004,193.75400,194.0039978
2025-05-30 12:00:00,194.0070038,194.076004,193.80099,193.90500
2025-05-30 13:00:00,193.90401,193.97200,193.75800,193.78300
2025-05-30 14:00:00,193.78400,193.79900,193.62199,193.67799
2025-05-30 15:00:00,193.68201,193.99800,193.67500,193.86301
2025-05-30 16:00:00,193.86800,194.078995,193.81799,193.88400
2025-05-30 17:00:00,193.88100,194.21300,193.73300,194.11501
2025-05-30 18:00:00,194.11700,194.21201,193.94701,193.97200
2025-05-30 19:00:00,193.97200,194.18300,193.94400,194.029007
2025-05-30 20:00:00,194.028000,194.035995,193.80901,193.90401
2025-05-30 21:00:00,193.90900,194.10001,193.79100,193.84500
2025-05-30 22:00:00,193.83800,193.96899,193.38300,193.91901
2025-05-30 23:00:00,193.91400,194.037003,193.67200,193.67799
2025-05-31 00:00:00,193.70200,194.66100,193.63699,194.50800
2025-05-31 01:00:00,194.50400,194.55200,194.10600,194.17000
2025-05-31 02:00:00,194.16400,194.17999,193.63499,193.68800
2025-05-31 03:00:00,193.69600,193.84399,193.66600,193.71500
2025-05-31 04:00:00,193.71500,193.87801,193.71001,193.79300
2025-05-31 05:00:00,193.78799,193.96100,193.76900,193.84000
2025-05-31 06:00:00,193.84000,193.90500,193.71800,193.78000
2025-05-31 07:00:00,193.82899,193.82899,193.82899,193.82899
2025-06-02 09:00:00,193.67000,193.73000,193.62100,193.66200
2025-06-02 10:00:00,193.65500,193.80000,193.58800,193.60899
2025-06-02 11:00:00,193.61000,193.76401,193.49400,193.51900
2025-06-02 12:00:00,193.51801,193.71899,193.49400,193.55200
2025-06-02 13:00:00,193.54300,193.60001,193.48599,193.50301
2025-06-02 14:00:00,193.50700,193.64999,193.49699,193.60400
2025-06-02 15:00:00,193.61099,193.68900,193.44800,193.53799
2025-06-02 16:00:00,193.53900,193.83900,193.47900,193.79700
2025-06-02 17:00:00,193.79900,193.89700,193.54500,193.60400
2025-06-02 18:00:00,193.60100,193.69701,193.43300,193.56799
2025-06-02 19:00:00,193.56599,193.60300,193.45200,193.54800
2025-06-02 20:00:00,193.54601,193.57700,193.20500,193.22800
2025-06-02 21:00:00,193.22600,193.27200,193.098007,193.23000
2025-06-02 22:00:00,193.22600,193.53101,193.22600,193.42200
2025-06-02 23:00:00,193.42599,193.50800,193.17599,193.30499
2025-06-03 00:00:00,193.31400,193.45300,192.99899,193.35300
2025-06-03 01:00:00,193.34900,193.55099,193.30701,193.42000
2025-06-03 02:00:00,193.41600,193.46899,193.26801,193.27800
2025-06-03 03:00:00,193.27600,193.33600,193.23801,193.29800
2025-06-03 04:00:00,193.29700,193.39500,193.22000,193.38000
2025-06-03 05:00:00,193.375,193.41499,193.24500,193.31200
2025-06-03 06:00:00,193.31200,193.37399,193.19600,193.26601
2025-06-03 07:00:00,193.17700,193.33900,193.087006,193.17400
2025-06-03 08:00:00,193.18100,193.22000,193.065002,193.093994
2025-06-03 09:00:00,193.10400,193.23801,192.98100,193.085999
2025-06-03 10:00:00,193.082001,193.42300,193.072006,193.33000
2025-06-03 11:00:00,193.32600,193.81200,193.32401,193.70100
2025-06-03 12:00:00,193.69800,193.80400,193.45900,193.50101
2025-06-03 13:00:00,193.49001,193.64700,193.38200,193.52800
2025-06-03 14:00:00,193.52600,193.56700,193.26601,193.31300
2025-06-03 15:00:00,193.31400,193.41800,193.18700,193.32001
2025-06-03 16:00:00,193.32700,193.54601,193.31700,193.35001
2025-06-03 17:00:00,193.34801,193.35600,192.87700,193.098007
2025-06-03 18:00:00,193.098007,193.10899,192.72200,192.99600
2025-06-03 19:00:00,192.99899,193.21899,192.91800,193.067001
2025-06-03 20:00:00,193.067993,193.25500,193.011993,193.20200
2025-06-03 21:00:00,193.20200,193.32401,193.12100,193.20599
2025-06-03 22:00:00,193.20599,193.68201,193.16600,193.66600
2025-06-03 23:00:00,193.66800,194.10001,193.58000,193.91299
2025-06-04 00:00:00,193.89700,194.55400,193.89700,194.50400
2025-06-04 01:00:00,194.50101,194.72600,194.44800,194.60400
2025-06-04 02:00:00,194.60600,194.77901,194.59500,194.63600
2025-06-04 03:00:00,194.62700,194.75999,194.55800,194.58800
2025-06-04 04:00:00,194.58701,194.64500,194.52000,194.62700
2025-06-04 05:00:00,194.62700,194.74899,194.61400,194.72200
2025-06-04 06:00:00,194.72501,194.72501,194.50700,194.54500
2025-06-04 07:00:00,194.51100,194.72099,194.26300,194.56200
2025-06-04 08:00:00,194.56200,194.73599,194.52901,194.64999
2025-06-04 09:00:00,194.64999,194.78000,194.54601,194.58900
2025-06-04 10:00:00,194.58701,194.81000,194.54601,194.76900
2025-06-04 11:00:00,194.76801,195.031998,194.52100,194.57001
2025-06-04 12:00:00,194.57100,194.67799,194.53700,194.62700
2025-06-04 13:00:00,194.62300,194.78999,194.57500,194.71300
2025-06-04 14:00:00,194.71201,194.93700,194.70700,194.91000
2025-06-04 15:00:00,194.91200,194.96001,194.74600,194.83200
2025-06-04 16:00:00,194.82100,194.90900,194.52800,194.74899
2025-06-04 17:00:00,194.74699,194.96899,194.56000,194.93401
2025-06-04 18:00:00,194.93401,195.089005,194.79401,194.83000
2025-06-04 19:00:00,194.82300,195.041000,194.75101,195.035995
2025-06-04 20:00:00,195.033997,195.23100,194.87801,195.076004
2025-06-04 21:00:00,195.080002,195.11000,194.91800,194.96100
2025-06-04 22:00:00,194.95799,194.98199,194.22701,194.41200
2025-06-04 23:00:00,194.41200,194.68100,194.40500,194.51801
2025-06-05 00:00:00,194.51801,194.52800,194.067993,194.32700
2025-06-05 01:00:00,194.32700,194.40401,193.80600,193.90900
2025-06-05 02:00:00,193.90800,193.91701,193.46899,193.57700
2025-06-05 03:00:00,193.57600,193.66400,193.52299,193.60899
2025-06-05 04:00:00,193.61000,193.66499,193.55800,193.62000
2025-06-05 05:00:00,193.62399,193.66299,193.52100,193.54601
2025-06-05 06:00:00,193.54800,193.56200,193.375,193.42400
2025-06-05 07:00:00,193.45700,193.62700,193.35001,193.40199
2025-06-05 08:00:00,193.39999,193.54800,193.38600,193.45200
2025-06-05 09:00:00,193.45399,193.53900,193.25500,193.39799
2025-06-05 10:00:00,193.40401,193.57201,193.32201,193.44200
2025-06-05 11:00:00,193.44200,193.66400,193.39500,193.61501
2025-06-05 12:00:00,193.61301,193.62900,193.44000,193.58000
2025-06-05 13:00:00,193.57800,193.72800,193.50600,193.68100
2025-06-05 14:00:00,193.67799,193.79401,193.62100,193.76199
2025-06-05 15:00:00,193.76801,193.92000,193.71300,193.88699
2025-06-05 16:00:00,193.89600,194.093002,193.86200,194.029007
2025-06-05 17:00:00,194.031998,194.45200,193.96600,194.38200
2025-06-05 18:00:00,194.37801,194.52100,194.34000,194.38600
2025-06-05 19:00:00,194.38499,194.42400,194.17599,194.27000
2025-06-05 20:00:00,194.26900,194.41901,194.21400,194.29700
2025-06-05 21:00:00,194.29500,194.49400,194.21100,194.42300
2025-06-05 22:00:00,194.42000,195.024002,194.039001,194.68201
2025-06-05 23:00:00,194.67400,194.83000,194.41600,194.54401
2025-06-06 00:00:00,194.54401,195.087997,194.54401,194.97900
2025-06-06 01:00:00,194.97800,195.46500,194.97800,195.38800
2025-06-06 02:00:00,195.38699,195.50101,194.96201,194.99899
2025-06-06 03:00:00,195.0010071,195.34000,194.97701,195.24500
2025-06-06 04:00:00,195.25,195.25800,194.90100,195.054001
2025-06-06 05:00:00,195.054993,195.14400,194.77400,195.033005
2025-06-06 06:00:00,195.031998,195.13100,194.67700,194.67700
2025-06-06 07:00:00,194.73599,195.056000,194.54900,194.77499
2025-06-06 08:00:00,194.76401,194.88699,194.69000,194.85699
2025-06-06 09:00:00,194.86800,194.96500,194.78000,194.92700
2025-06-06 10:00:00,194.92799,195.19299,194.92599,195.15401
2025-06-06 11:00:00,195.15601,195.23900,194.99800,195.014008
2025-06-06 12:00:00,195.011993,195.23100,194.99300,195.18201
2025-06-06 13:00:00,195.18600,195.19200,195.035995,195.11000
2025-06-06 14:00:00,195.10699,195.26900,195.098007,195.25400
2025-06-06 15:00:00,195.25101,195.30901,195.15300,195.16901
2025-06-06 16:00:00,195.16701,195.24001,195.028000,195.15199
2025-06-06 17:00:00,195.15500,195.15700,194.80299,194.92599
2025-06-06 18:00:00,194.92700,195.037994,194.80400,195.022003
2025-06-06 19:00:00,195.016998,195.17200,194.92400,195.10001
2025-06-06 20:00:00,195.093994,195.24500,195.020004,195.22099
2025-06-06 21:00:00,195.22301,195.40199,195.18800,195.34900
2025-06-06 22:00:00,195.34801,195.77800,195.20399,195.76300
2025-06-06 23:00:00,195.75800,196.033005,195.67799,195.92999
2025-06-07 00:00:00,195.92900,196.16100,195.87801,195.99100
2025-06-07 01:00:00,195.98801,196.18700,195.86200,196.022995
2025-06-07 02:00:00,196.028000,196.085999,195.93100,195.98000
2025-06-07 03:00:00,195.98399,195.98599,195.83600,195.95000
2025-06-07 04:00:00,195.94800,196.033997,195.94400,195.97200
2025-06-07 05:00:00,195.97200,195.98399,195.87900,195.92101
2025-06-07 06:00:00,195.92000,195.95900,195.86301,195.91000
2025-06-07 07:00:00,195.89400,195.89400,195.89400,195.89400
2025-06-09 09:00:00,195.84700,195.90500,195.75,195.87000
2025-06-09 10:00:00,195.87199,196.125,195.72800,196.10800
2025-06-09 11:00:00,196.11000,196.14900,195.80400,195.89900
2025-06-09 12:00:00,195.89400,195.92000,195.74400,195.88499
2025-06-09 13:00:00,195.87900,195.88499,195.75101,195.80800
2025-06-09 14:00:00,195.80600,195.81100,195.65800,195.68700
2025-06-09 15:00:00,195.68900,195.82800,195.65700,195.78300
2025-06-09 16:00:00,195.78000,195.81900,195.58200,195.66499
2025-06-09 17:00:00,195.66600,195.73399,195.46800,195.52499
2025-06-09 18:00:00,195.52499,195.69099,195.45399,195.66800
2025-06-09 19:00:00,195.66701,195.69400,195.46600,195.56799
2025-06-09 20:00:00,195.57001,195.59599,195.43800,195.47800
2025-06-09 21:00:00,195.47501,195.99699,195.45399,195.94901
2025-06-09 22:00:00,195.94800,195.96001,195.65601,195.77499
2025-06-09 23:00:00,195.77299,195.87601,195.69600,195.80901
2025-06-10 00:00:00,195.80901,195.89999,195.68100,195.87801
2025-06-10 01:00:00,195.87900,195.90401,195.74600,195.79500
2025-06-10 02:00:00,195.79401,195.86200,195.73000,195.77499
2025-06-10 03:00:00,195.77600,195.86600,195.72701,195.85201
2025-06-10 04:00:00,195.85899,196.061996,195.81200,196.052994
2025-06-10 05:00:00,196.054993,196.067993,195.95599,195.98700
2025-06-10 06:00:00,195.99100,196.024002,195.80200,195.85600
2025-06-10 07:00:00,195.85400,195.96500,195.64101,195.83600
2025-06-10 08:00:00,195.82700,196.013000,195.81599,195.96100
2025-06-10 09:00:00,195.96400,196.0070038,195.85201,195.94299
2025-06-10 10:00:00,195.94501,196.050003,195.82201,195.89000
2025-06-10 11:00:00,195.88600,196.22900,195.84399,196.20100
2025-06-10 12:00:00,196.19800,196.44299,196.13200,196.20200
2025-06-10 13:00:00,196.20599,196.21001,196.087006,196.14200
2025-06-10 14:00:00,196.14200,196.22400,196.078995,196.22000
2025-06-10 15:00:00,196.21100,196.21300,195.59200,195.71899
2025-06-10 16:00:00,195.72200,195.73100,194.93100,194.93700
2025-06-10 17:00:00,194.93100,195.065994,194.77000,195.0019989
2025-06-10 18:00:00,194.99600,195.25200,194.83501,195.089996
2025-06-10 19:00:00,195.093994,195.26199,195.033005,195.20200
2025-06-10 20:00:00,195.19800,195.32800,195.15800,195.30200
2025-06-10 21:00:00,195.30600,195.31700,195.014008,195.26601
2025-06-10 22:00:00,195.26601,195.38800,195.14500,195.36900
2025-06-10 23:00:00,195.36900,195.66400,195.34900,195.58701
2025-06-11 00:00:00,195.59300,195.86501,195.57899,195.68600
2025-06-11 01:00:00,195.68600,195.84200,195.54900,195.73599
2025-06-11 02:00:00,195.73500,195.82401,195.67799,195.68600
2025-06-11 03:00:00,195.68600,195.76199,195.64700,195.66000
2025-06-11 04:00:00,195.66200,195.66600,195.57001,195.60800
2025-06-11 05:00:00,195.60400,195.69600,195.53101,195.65100
2025-06-11 06:00:00,195.64799,195.68700,195.48199,195.53400
2025-06-11 07:00:00,195.49600,195.67900,195.35100,195.53500
2025-06-11 08:00:00,195.54800,195.72000,195.45500,195.70399
2025-06-11 09:00:00,195.73199,195.92000,195.54700,195.64101
2025-06-11 10:00:00,195.63800,195.72400,195.39000,195.52901
2025-06-11 11:00:00,195.52800,195.61600,195.38800,195.41000
2025-06-11 12:00:00,195.41600,195.59599,195.28700,195.39200
2025-06-11 13:00:00,195.39200,195.52400,195.33200,195.5
2025-06-11 14:00:00,195.49600,195.57201,195.38499,195.54401
2025-06-11 15:00:00,195.54201,195.67101,195.53500,195.57899
2025-06-11 16:00:00,195.57899,195.75900,195.41100,195.44501
2025-06-11 17:00:00,195.43600,195.75200,195.39400,195.67000
2025-06-11 18:00:00,195.66901,195.79500,195.62601,195.75600
2025-06-11 19:00:00,195.75200,195.88100,195.57700,195.82001
2025-06-11 20:00:00,195.81799,195.93401,195.78101,195.87801
2025-06-11 21:00:00,195.88100,196.074997,195.81000,196.057007
2025-06-11 22:00:00,196.054001,196.24200,195.53200,195.65300
2025-06-11 23:00:00,195.65800,196.10201,195.56100,196.085007
2025-06-12 00:00:00,196.12100,196.23199,195.90401,196.035004
2025-06-12 01:00:00,196.042007,196.085999,195.76700,195.84801
2025-06-12 02:00:00,195.85500,195.97099,195.70900,195.95300
2025-06-12 03:00:00,195.94501,196.080994,195.86000,196.014999
2025-06-12 04:00:00,196.0099945,196.011993,195.61501,195.76801
2025-06-12 05:00:00,195.76900,195.82800,195.66701,195.79800
2025-06-12 06:00:00,195.80099,195.92400,195.72000,195.78900
2025-06-12 07:00:00,195.79300,195.90100,195.65500,195.76500
2025-06-12 08:00:00,195.81400,195.81400,195.60500,195.68800
2025-06-12 09:00:00,195.68600,195.74699,195.55800,195.61200
2025-06-12 10:00:00,195.61301,195.77499,195.52200,195.65900
2025-06-12 11:00:00,195.65900,195.69701,195.35300,195.56700
2025-06-12 12:00:00,195.56700,195.59900,195.37199,195.38800
2025-06-12 13:00:00,195.38800,195.53600,195.38499,195.45200
2025-06-12 14:00:00,195.45399,195.64400,195.43500,195.51199
2025-06-12 15:00:00,195.50800,195.54800,195.22301,195.29700
2025-06-12 16:00:00,195.28600,195.31400,194.79900,194.96800
2025-06-12 17:00:00,194.96800,195.10899,194.83600,194.85001
2025-06-12 18:00:00,194.85100,195.10600,194.70900,195.074005
2025-06-12 19:00:00,195.070007,195.14999,194.98500,195.10600
2025-06-12 20:00:00,195.098999,195.13901,194.80800,195.072998
2025-06-12 21:00:00,195.069000,195.27600,194.97900,195.20599
2025-06-12 22:00:00,195.20700,195.26700,194.91000,195.018997
2025-06-12 23:00:00,195.018005,195.17300,194.88300,195.044006
2025-06-13 00:00:00,195.042007,195.52000,195.042007,195.39101
2025-06-13 01:00:00,195.39200,195.51500,195.12399,195.15800
2025-06-13 02:00:00,195.15900,195.26801,195.039993,195.18401
2025-06-13 03:00:00,195.18401,195.32800,195.067001,195.085007
2025-06-13 04:00:00,195.080994,195.17799,195.050995,195.13499
2025-06-13 05:00:00,195.14400,195.30800,195.12900,195.29900
2025-06-13 06:00:00,195.30000,195.45799,195.26199,195.27800
2025-06-13 07:00:00,195.28900,195.49200,195.11800,195.42799
2025-06-13 08:00:00,195.41200,195.43900,195.24600,195.35001
2025-06-13 09:00:00,195.32401,195.33400,194.98599,195.0079956
2025-06-13 10:00:00,195.0099945,195.15300,193.75301,194.097000
2025-06-13 11:00:00,194.095001,194.34300,193.80600,194.21001
2025-06-13 12:00:00,194.21100,194.26500,193.77901,193.96201
2025-06-13 13:00:00,193.96400,194.67500,193.95000,194.47099
2025-06-13 14:00:00,194.47800,194.52901,194.25101,194.41299
2025-06-13 15:00:00,194.41701,194.67400,194.30901,194.32899
2025-06-13 16:00:00,194.33000,194.53900,194.13300,194.46400
2025-06-13 17:00:00,194.46300,195.037003,194.37900,194.97301
2025-06-13 18:00:00,194.97000,195.097000,194.83501,194.97200
2025-06-13 19:00:00,194.96400,195.26801,194.93201,195.18600
2025-06-13 20:00:00,195.18700,195.37399,195.067993,195.37399
2025-06-13 21:00:00,195.375,195.43100,195.10600,195.13600
2025-06-13 22:00:00,195.13800,195.28999,194.98000,195.28799
2025-06-13 23:00:00,195.28799,195.40601,195.0010071,195.12601
2025-06-14 00:00:00,195.11800,195.68500,195.026993,195.64500
2025-06-14 01:00:00,195.64101,195.97400,195.63100,195.78900
2025-06-14 02:00:00,195.78500,195.86700,195.72701,195.80400
2025-06-14 03:00:00,195.80400,195.80600,195.65601,195.72400
2025-06-14 04:00:00,195.72301,195.76199,195.13200,195.23900
2025-06-14 05:00:00,195.23700,195.33900,195.057999,195.33400
2025-06-14 06:00:00,195.32401,195.62900,195.28000,195.54700
2025-06-14 07:00:00,195.62300,195.62300,195.62300,195.62300
2025-06-16 09:00:00,195.84200,196.057999,195.75900,195.86800
2025-06-16 10:00:00,195.87601,195.87601,195.58299,195.60300
2025-06-16 11:00:00,195.60300,195.62900,195.40900,195.54800
2025-06-16 12:00:00,195.55000,195.70399,195.49200,195.57600
2025-06-16 13:00:00,195.57500,195.58800,195.48700,195.56700
2025-06-16 14:00:00,195.57201,195.58299,195.44901,195.48801
2025-06-16 15:00:00,195.49001,195.56000,195.39700,195.51199
2025-06-16 16:00:00,195.50600,195.98801,195.42300,195.95100
2025-06-16 17:00:00,195.95100,196.17599,195.82201,195.85800
2025-06-16 18:00:00,195.85899,196.044006,195.68900,195.89301
2025-06-16 19:00:00,195.89400,196.0010071,195.70700,195.78500
2025-06-16 20:00:00,195.78300,195.85001,195.57100,195.62300
2025-06-16 21:00:00,195.62000,195.76300,195.54800,195.67500
2025-06-16 22:00:00,195.67599,195.90199,195.66800,195.71600
2025-06-16 23:00:00,195.72099,195.82300,195.58600,195.74400
2025-06-17 00:00:00,195.74500,196.0059967,195.57500,195.85400
2025-06-17 01:00:00,195.85100,195.98900,195.75800,195.98000
2025-06-17 02:00:00,195.98100,196.22400,195.96800,196.19501
2025-06-17 03:00:00,196.19600,196.39999,196.14200,196.28900
2025-06-17 04:00:00,196.29100,196.61200,196.27499,196.59700
2025-06-17 05:00:00,196.59801,196.68700,196.50200,196.63300
2025-06-17 06:00:00,196.63800,196.67000,196.45599,196.50600
2025-06-17 07:00:00,196.60300,196.67900,196.33099,196.46100
2025-06-17 08:00:00,196.45399,196.59599,196.22900,196.29300
2025-06-17 09:00:00,196.29800,196.47301,196.28200,196.30499
2025-06-17 10:00:00,196.30400,196.84399,196.25900,196.79900
2025-06-17 11:00:00,196.80099,196.80099,196.49300,196.55600
2025-06-17 12:00:00,196.55600,196.73199,196.45500,196.68201
2025-06-17 13:00:00,196.68100,196.68600,196.28999,196.36000
2025-06-17 14:00:00,196.35600,196.39700,196.048004,196.24899
2025-06-17 15:00:00,196.24500,196.37000,196.17900,196.28700
2025-06-17 16:00:00,196.28799,196.59100,196.22099,196.50500
2025-06-17 17:00:00,196.49899,196.625,195.97000,196.050003
2025-06-17 18:00:00,196.054001,196.41000,195.95599,196.30901
2025-06-17 19:00:00,196.30901,196.48300,196.125,196.14400
2025-06-17 20:00:00,196.14301,196.31799,196.097000,196.17000
2025-06-17 21:00:00,196.17400,196.25301,195.95399,196.12100
2025-06-17 22:00:00,196.12199,196.37801,195.83000,196.24600
2025-06-17 23:00:00,196.23500,196.36700,196.14301,196.22000
2025-06-18 00:00:00,196.22099,196.30000,195.91400,196.17300
2025-06-18 01:00:00,196.17400,196.22701,195.80299,196.0010071
2025-06-18 02:00:00,196.0030060,196.018997,195.50600,195.63600
2025-06-18 03:00:00,195.63200,195.69099,195.12601,195.27901
2025-06-18 04:00:00,195.27800,195.31000,195.11501,195.20100
2025-06-18 05:00:00,195.19501,195.21400,194.93600,194.96899
2025-06-18 06:00:00,194.96300,195.10600,194.90300,194.99600
2025-06-18 07:00:00,194.98801,195.16400,194.87399,194.95500
2025-06-18 08:00:00,194.93500,195.23399,194.80901,195.14000
2025-06-18 09:00:00,195.15199,195.26401,195.087997,195.22800
2025-06-18 10:00:00,195.23100,195.34500,195.074005,195.17300
2025-06-18 11:00:00,195.17300,195.22600,195.039993,195.065002
2025-06-18 12:00:00,195.063995,195.098007,194.95799,194.98000
2025-06-18 13:00:00,194.98399,195.056000,194.93600,194.94299
2025-06-18 14:00:00,194.94299,194.99500,194.84000,194.95300
2025-06-18 15:00:00,194.95399,194.98399,194.76900,194.94299
2025-06-18 16:00:00,194.94200,195.26801,194.875,195.076996
2025-06-18 17:00:00,195.074005,195.24899,195.054993,195.089996
2025-06-18 18:00:00,195.091003,195.33501,194.99899,195.024994
2025-06-18 19:00:00,195.024002,195.24200,195.0070038,195.13400
2025-06-18 20:00:00,195.13100,195.18600,194.62601,194.65700
2025-06-18 21:00:00,194.66299,194.95100,194.61200,194.83099
2025-06-18 22:00:00,194.82100,194.97099,194.78200,194.83200
2025-06-18 23:00:00,194.84000,194.87300,194.52600,194.71300
2025-06-19 00:00:00,194.71300,195.078003,194.58299,194.78500
2025-06-19 01:00:00,194.78600,194.86099,194.66901,194.72900
2025-06-19 02:00:00,194.73000,194.80701,194.62399,194.68600
2025-06-19 03:00:00,194.70000,194.75,194.53600,194.54500
2025-06-19 04:00:00,194.54201,194.65800,194.32800,194.58200
2025-06-19 05:00:00,194.57201,194.70399,194.51601,194.59599
2025-06-19 06:00:00,194.59801,194.82899,194.58800,194.77299
2025-06-19 07:00:00,194.82100,194.82100,194.45700,194.72200
2025-06-19 08:00:00,194.72000,194.81799,194.49699,194.61400
2025-06-19 09:00:00,194.58800,194.65500,194.40300,194.44200
2025-06-19 10:00:00,194.44400,194.47200,194.24200,194.36200
2025-06-19 11:00:00,194.36099,194.44901,194.0079956,194.41200
2025-06-19 12:00:00,194.41200,194.5,194.32100,194.48399
2025-06-19 13:00:00,194.48199,194.56300,194.43700,194.5
2025-06-19 14:00:00,194.49699,194.56100,194.43401,194.50800
2025-06-19 15:00:00,194.50999,194.55000,194.33900,194.375
2025-06-19 16:00:00,194.37100,194.74699,194.35300,194.74001
2025-06-19 17:00:00,194.74001,194.99200,194.70799,194.84801
2025-06-19 18:00:00,194.84801,195.082001,194.73599,195.070999
2025-06-19 19:00:00,195.072006,195.28600,194.99300,195.19400
2025-06-19 20:00:00,195.18800,195.77400,195.16200,195.59900
2025-06-19 21:00:00,195.61099,195.90300,195.35699,195.88400
2025-06-19 22:00:00,195.88499,195.95300,195.56799,195.62100
2025-06-19 23:00:00,195.61900,195.64400,195.19701,195.38400
2025-06-20 00:00:00,195.38200,195.63400,195.35800,195.62601
2025-06-20 01:00:00,195.62700,195.73300,195.51601,195.58299
2025-06-20 02:00:00,195.58200,195.66000,195.53200,195.61400
2025-06-20 03:00:00,195.61501,195.78999,195.57201,195.75600
2025-06-20 04:00:00,195.75400,195.84399,195.71800,195.79601
2025-06-20 05:00:00,195.79800,195.88000,195.72301,195.87801
2025-06-20 06:00:00,195.87399,195.91499,195.66901,195.73500
2025-06-20 07:00:00,195.63800,195.92400,195.54401,195.79401
2025-06-20 08:00:00,195.80400,196.031006,195.77000,195.92999
2025-06-20 09:00:00,195.92200,195.95500,195.67300,195.71400
2025-06-20 10:00:00,195.71500,195.93700,195.67700,195.91299
2025-06-20 11:00:00,195.91000,196.016998,195.79601,195.89900
2025-06-20 12:00:00,195.89200,195.97501,195.83800,195.88200
2025-06-20 13:00:00,195.88600,196.11600,195.85201,196.080002
2025-06-20 14:00:00,196.082993,196.21600,196.033005,196.15300
2025-06-20 15:00:00,196.15401,196.32899,196.13400,196.29201
2025-06-20 16:00:00,196.27600,196.28799,195.76601,195.78200
2025-06-20 17:00:00,195.78799,196.014008,195.69000,195.96201
2025-06-20 18:00:00,195.95799,196.098007,195.80901,196.054001
2025-06-20 19:00:00,196.056000,196.13000,195.91400,196.11501
2025-06-20 20:00:00,196.11800,196.29500,196.035995,196.27200
2025-06-20 21:00:00,196.26300,196.53200,196.20700,196.50800
2025-06-20 22:00:00,196.50800,196.59500,196.37100,196.56799
2025-06-20 23:00:00,196.56900,196.70300,196.52000,196.57100
2025-06-21 00:00:00,196.57001,196.69200,196.24001,196.46500
2025-06-21 01:00:00,196.46800,196.57700,196.38400,196.48300
2025-06-21 02:00:00,196.47900,196.58501,196.43800,196.45700
2025-06-21 03:00:00,196.45599,196.53500,196.39101,196.49500
2025-06-21 04:00:00,196.49400,196.63600,196.45100,196.54700
2025-06-21 05:00:00,196.54800,196.64600,196.51199,196.55701
2025-06-21 06:00:00,196.54900,196.59900,196.37300,196.45399
2025-06-21 07:00:00,196.50301,196.50301,196.50301,196.50301
2025-06-23 09:00:00,196.52800,196.58200,196.41000,196.43300
2025-06-23 10:00:00,196.42500,196.58701,196.29900,196.56200
2025-06-23 11:00:00,196.56100,196.93700,196.48700,196.86000
2025-06-23 12:00:00,196.86200,196.90199,196.63600,196.75800
2025-06-23 13:00:00,196.76401,196.88300,196.72200,196.82401
2025-06-23 14:00:00,196.82401,197.21100,196.81900,197.098007
2025-06-23 15:00:00,197.098007,197.75600,197.093994,197.57600
2025-06-23 16:00:00,197.57600,198.014999,197.54800,197.73399
2025-06-23 17:00:00,197.73801,198.035004,197.60300,198.029007
2025-06-23 18:00:00,198.013000,198.19600,197.95000,198.0050049
2025-06-23 19:00:00,198.0039978,198.093002,197.73900,197.91000
2025-06-23 20:00:00,197.91100,198.022003,197.83099,197.99600
2025-06-23 21:00:00,197.99500,198.054001,197.43100,197.68600
2025-06-23 22:00:00,197.68201,197.72600,197.24600,197.41000
2025-06-23 23:00:00,197.41200,197.87000,197.29700,197.76601
2025-06-24 00:00:00,197.75301,197.83400,197.55499,197.68401
2025-06-24 01:00:00,197.68500,197.77499,197.54800,197.57401
2025-06-24 02:00:00,197.57600,197.63000,197.30901,197.46899
2025-06-24 03:00:00,197.47900,197.85201,197.44099,197.68401
2025-06-24 04:00:00,197.68500,197.69501,197.47800,197.61400
2025-06-24 05:00:00,197.62000,197.71100,197.56900,197.68800
2025-06-24 06:00:00,197.68700,197.69600,197.55200,197.62300
2025-06-24 07:00:00,197.60001,197.69600,197.34000,197.55901
2025-06-24 08:00:00,197.55800,197.68700,197.38400,197.58200
2025-06-24 09:00:00,197.57001,197.66701,197.45700,197.65199
2025-06-24 10:00:00,197.64500,197.65300,197.24001,197.27400
2025-06-24 11:00:00,197.26500,197.38400,197.14400,197.24899
2025-06-24 12:00:00,197.25,197.27600,197.080002,197.21500
2025-06-24 13:00:00,197.21700,197.26199,197.018997,197.23700
2025-06-24 14:00:00,197.23900,197.30800,197.16400,197.25600
2025-06-24 15:00:00,197.25700,197.36501,197.10899,197.17101
2025-06-24 16:00:00,197.17000,197.33099,197.056000,197.20300
2025-06-24 17:00:00,197.19901,197.38901,196.93800,197.32800
2025-06-24 18:00:00,197.33200,197.36400,197.067001,197.32899
2025-06-24 19:00:00,197.32800,197.57899,197.23100,197.28900
2025-06-24 20:00:00,197.28799,197.49100,197.20500,197.44701
2025-06-24 21:00:00,197.45000,197.54100,197.30000,197.34000
2025-06-24 22:00:00,197.34200,197.42500,197.14600,197.19400
2025-06-24 23:00:00,197.19400,197.35800,197.082001,197.25200
2025-06-25 00:00:00,197.25301,197.26100,196.95900,197.16200
2025-06-25 01:00:00,197.16100,197.31500,197.042999,197.26500
2025-06-25 02:00:00,197.26601,197.36400,197.082993,197.16400
2025-06-25 03:00:00,197.15700,197.35400,197.093994,197.34100
2025-06-25 04:00:00,197.34000,197.36501,197.13200,197.21700
2025-06-25 05:00:00,197.21899,197.25,197.15300,197.17500
2025-06-25 06:00:00,197.17799,197.30400,197.14200,197.25
2025-06-25 07:00:00,197.23399,197.53000,197.057999,197.076004
2025-06-25 08:00:00,197.078995,197.33800,197.072006,197.29800
2025-06-25 09:00:00,197.29300,197.36600,197.13499,197.32600
2025-06-25 10:00:00,197.32401,197.48599,197.14200,197.28999
2025-06-25 11:00:00,197.28799,197.31599,197.039001,197.14101
2025-06-25 12:00:00,197.14101,197.28300,197.046005,197.20599
2025-06-25 13:00:00,197.20799,197.35400,197.18500,197.33800
2025-06-25 14:00:00,197.33701,197.37801,197.21001,197.34599
2025-06-25 15:00:00,197.34599,197.68401,197.34599,197.58299
2025-06-25 16:00:00,197.58200,197.98900,197.54401,197.97900
2025-06-25 17:00:00,197.97900,198.067001,197.71400,197.82899
2025-06-25 18:00:00,197.82600,198.20200,197.76100,198.15601
2025-06-25 19:00:00,198.15800,198.25999,198.048004,198.23599
2025-06-25 20:00:00,198.23700,198.31400,198.12399,198.26700
2025-06-25 21:00:00,198.27499,198.40700,198.24800,198.31900
2025-06-25 22:00:00,198.31300,198.36800,198.12300,198.32401
2025-06-25 23:00:00,198.31700,198.57201,198.31500,198.49400
2025-06-26 00:00:00,198.49800,198.52400,198.25900,198.50400
2025-06-26 01:00:00,198.50400,198.52800,198.25,198.36400
2025-06-26 02:00:00,198.36200,198.44299,198.31400,198.39999
2025-06-26 03:00:00,198.39799,198.47000,198.34500,198.45799
2025-06-26 04:00:00,198.45300,198.46600,198.26199,198.31300
2025-06-26 05:00:00,198.31599,198.47701,198.31200,198.47301
2025-06-26 06:00:00,198.47400,198.57600,198.39799,198.43500
2025-06-26 07:00:00,198.34399,198.44400,198.17700,198.30499
2025-06-26 08:00:00,198.30600,198.48199,198.26100,198.47200
2025-06-26 09:00:00,198.46600,198.47099,198.29500,198.38200
2025-06-26 10:00:00,198.38200,198.47000,198.059998,198.072006
2025-06-26 11:00:00,198.067993,198.29201,198.0059967,198.14600
2025-06-26 12:00:00,198.14101,198.38000,198.095001,198.31799
2025-06-26 13:00:00,198.31700,198.52699,198.29201,198.50700
2025-06-26 14:00:00,198.51100,198.59399,198.27901,198.35400
2025-06-26 15:00:00,198.35400,198.50700,198.21700,198.29100
2025-06-26 16:00:00,198.28999,198.34100,197.85500,197.97200
2025-06-26 17:00:00,197.96500,197.99100,197.73900,197.89301
2025-06-26 18:00:00,197.89000,198.035004,197.70300,197.89000
2025-06-26 19:00:00,197.88901,198.067001,197.80299,198.0099945
2025-06-26 20:00:00,198.0079956,198.11400,197.95300,197.96400
2025-06-26 21:00:00,197.96400,197.99899,197.82100,197.91800
2025-06-26 22:00:00,197.91800,198.059006,197.75101,197.95900
2025-06-26 23:00:00,197.95599,198.20500,197.92101,198.18401
2025-06-27 00:00:00,198.18300,198.40601,198.17200,198.30701
2025-06-27 01:00:00,198.30901,198.53300,198.25500,198.48801
2025-06-27 02:00:00,198.48700,198.51601,198.28999,198.40601
2025-06-27 03:00:00,198.40900,198.45100,198.31200,198.36301
2025-06-27 04:00:00,198.36200,198.39000,198.23100,198.24600
2025-06-27 05:00:00,198.25,198.29100,198.16499,198.24800
2025-06-27 06:00:00,198.25101,198.29700,198.12700,198.15401
2025-06-27 07:00:00,198.23300,198.32600,197.95500,198.16600
2025-06-27 08:00:00,198.18600,198.44600,198.13400,198.38699
2025-06-27 09:00:00,198.34599,198.61800,198.21300,198.56900
2025-06-27 10:00:00,198.56300,198.80299,198.46100,198.60699
2025-06-27 11:00:00,198.60699,198.67700,198.20200,198.20700
2025-06-27 12:00:00,198.20900,198.39799,198.13300,198.34500
2025-06-27 13:00:00,198.34399,198.52299,198.29500,198.42599
2025-06-27 14:00:00,198.42300,198.45799,198.32700,198.35201
2025-06-27 15:00:00,198.35100,198.44099,198.13800,198.23399
2025-06-27 16:00:00,198.22900,198.30901,198.10201,198.28799
2025-06-27 17:00:00,198.28500,198.59200,198.18900,198.51199
2025-06-27 18:00:00,198.51100,198.57500,198.28999,198.48300
2025-06-27 19:00:00,198.47800,198.53000,198.30299,198.51601
2025-06-27 20:00:00,198.51500,198.62601,198.32600,198.35600
2025-06-27 21:00:00,198.35600,198.60001,198.31500,198.49300
2025-06-27 22:00:00,198.48900,198.64500,198.32201,198.47200
2025-06-27 23:00:00,198.47099,198.67400,198.44299,198.56100
2025-06-28 00:00:00,198.55701,198.74800,198.33000,198.70599
2025-06-28 01:00:00,198.70500,198.71300,198.40401,198.54100
2025-06-28 02:00:00,198.53799,198.56000,198.19000,198.26601
2025-06-28 03:00:00,198.26500,198.40100,198.14700,198.17000
2025-06-28 04:00:00,198.17599,198.23700,198.0019989,198.18500
2025-06-28 05:00:00,198.18500,198.42700,198.17200,198.41000
2025-06-28 06:00:00,198.41100,198.49500,198.31100,198.44299
2025-06-28 07:00:00,198.42799,198.42799,198.42799,198.42799
2025-06-30 09:00:00,198.28600,198.31100,198.16400,198.23599
2025-06-30 10:00:00,198.23199,198.45500,198.20300,198.31900
2025-06-30 11:00:00,198.31799,198.36200,197.98199,198.011993
2025-06-30 12:00:00,198.011002,198.018997,197.73100,197.92700
2025-06-30 13:00:00,197.92500,197.93201,197.74400,197.75999
2025-06-30 14:00:00,197.76100,197.77100,197.57001,197.62300
2025-06-30 15:00:00,197.62300,197.65401,197.48700,197.55499
2025-06-30 16:00:00,197.55600,197.69600,197.49200,197.61501
2025-06-30 17:00:00,197.61800,197.61900,197.20900,197.49100
2025-06-30 18:00:00,197.48399,197.52499,197.28799,197.42500
2025-06-30 19:00:00,197.42500,197.56799,197.37000,197.55600
2025-06-30 20:00:00,197.55499,197.56300,197.41901,197.54601
2025-06-30 21:00:00,197.54700,197.87300,197.48599,197.80701
2025-06-30 22:00:00,197.80800,197.84500,197.67700,197.81500
2025-06-30 23:00:00,197.81400,197.85001,197.46700,197.56599
2025-07-01 00:00:00,197.56700,198.0070038,197.44000,197.93900
2025-07-01 01:00:00,197.93900,197.97600,197.61000,197.78900
2025-07-01 02:00:00,197.79300,197.86301,197.63800,197.78700
2025-07-01 03:00:00,197.78700,197.83200,197.63699,197.75
2025-07-01 04:00:00,197.75200,197.87399,197.70399,197.81400
2025-07-01 05:00:00,197.81500,197.86400,197.65199,197.69701
2025-07-01 06:00:00,197.69901,197.80499,197.58701,197.69400
2025-07-01 07:00:00,197.71201,197.83701,197.54700,197.67999
2025-07-01 08:00:00,197.69400,197.75101,197.56200,197.60800
2025-07-01 09:00:00,197.61800,197.64000,197.42200,197.45100
2025-07-01 10:00:00,197.45399,197.47600,197.23100,197.26401
2025-07-01 11:00:00,197.26300,197.39799,197.17700,197.38000
2025-07-01 12:00:00,197.38000,197.43300,197.23100,197.42999
2025-07-01 13:00:00,197.43100,197.66499,197.33000,197.65800
2025-07-01 14:00:00,197.65401,197.75301,197.49699,197.52100
2025-07-01 15:00:00,197.52299,197.53500,197.33900,197.38300
2025-07-01 16:00:00,197.38400,197.51700,197.26900,197.38901
2025-07-01 17:00:00,197.39000,197.44501,196.92400,196.96600
2025-07-01 18:00:00,196.96400,197.039993,196.78600,197.016998
2025-07-01 19:00:00,197.016006,197.054993,196.78400,196.90900
2025-07-01 20:00:00,196.90800,197,196.83099,196.95900
2025-07-01 21:00:00,196.95700,196.96100,196.30901,196.32401
2025-07-01 22:00:00,196.32201,196.65100,196.27200,196.59100
2025-07-01 23:00:00,196.59200,196.74200,196.40500,196.49001
2025-07-02 00:00:00,196.43700,196.82800,196.43700,196.76801
2025-07-02 01:00:00,196.76601,197.070999,196.75,197.044998
2025-07-02 02:00:00,197.046997,197.29201,197.037994,197.20900
2025-07-02 03:00:00,197.20599,197.34100,197.18600,197.29500
2025-07-02 04:00:00,197.29601,197.49500,197.27200,197.43500
2025-07-02 05:00:00,197.43401,197.55400,197.29100,197.53700
2025-07-02 06:00:00,197.53799,197.54300,197.042007,197.048996
2025-07-02 07:00:00,197.098999,197.18300,196.91499,197.11800
2025-07-02 08:00:00,197.11800,197.15199,197.022003,197.074997
2025-07-02 09:00:00,197.082001,197.16800,197.014008,197.069000
2025-07-02 10:00:00,197.070007,197.46899,197.0079956,197.24600
2025-07-02 11:00:00,197.24400,197.42999,197.20300,197.35001
2025-07-02 12:00:00,197.34399,197.43100,197.27200,197.31799
2025-07-02 13:00:00,197.31100,197.38901,197.23100,197.28400
2025-07-02 14:00:00,197.28400,197.38100,197.19099,197.29700
2025-07-02 15:00:00,197.29401,197.54700,197.27100,197.46201
2025-07-02 16:00:00,197.46100,197.52699,197.34000,197.42000
2025-07-02 17:00:00,197.42101,197.54700,197.21600,197.22301
2025-07-02 18:00:00,197.21700,197.22701,197.035995,197.20500
2025-07-02 19:00:00,197.20200,197.52200,197.17200,197.34200
2025-07-02 20:00:00,197.34700,197.43800,197.12100,197.22000
2025-07-02 21:00:00,197.22099,197.47800,196.88600,196.98900
2025-07-02 22:00:00,196.98900,197.0079956,195.47000,195.77000
2025-07-02 23:00:00,195.77299,195.90100,195.54700,195.63400
2025-07-03 00:00:00,195.64500,195.90100,195.35699,195.78200
2025-07-03 01:00:00,195.78101,195.88800,195.62601,195.81000
2025-07-03 02:00:00,195.81300,195.98801,195.66200,195.92200
2025-07-03 03:00:00,195.92000,196.018005,195.86099,195.89600
2025-07-03 04:00:00,195.89500,195.93600,195.78799,195.83800
2025-07-03 05:00:00,195.83800,195.88901,195.73399,195.82300
2025-07-03 06:00:00,195.82201,195.88600,195.74400,195.85100
2025-07-03 07:00:00,195.82600,196.32500,195.76900,196.087997
2025-07-03 08:00:00,196.089996,196.13800,195.98300,196.089996
2025-07-03 09:00:00,196.089996,196.091995,195.85400,195.88800
2025-07-03 10:00:00,195.88499,196.0019989,195.74699,195.95000
2025-07-03 11:00:00,195.95000,196.10800,195.82600,195.92599
2025-07-03 12:00:00,195.92999,195.97200,195.83099,195.89301
2025-07-03 13:00:00,195.90199,196.054001,195.88300,196.033997
2025-07-03 14:00:00,196.029007,196.052994,195.90401,196.033997
2025-07-03 15:00:00,196.035995,196.24100,195.99699,196.21300
2025-07-03 16:00:00,196.21400,196.36800,196.17400,196.24800
2025-07-03 17:00:00,196.25,196.58800,196.23100,196.43700
2025-07-03 18:00:00,196.43900,196.71700,196.43900,196.58200
2025-07-03 19:00:00,196.58701,196.62100,196.37700,196.43201
2025-07-03 20:00:00,196.43300,196.55800,196.23599,196.50400
2025-07-03 21:00:00,196.5,196.58600,196.40100,196.48000
2025-07-03 22:00:00,196.48100,197.44000,196.26199,197.42599
2025-07-03 23:00:00,197.42500,197.73399,197.38300,197.65700
2025-07-04 00:00:00,197.66499,198.057999,197.52499,198
2025-07-04 01:00:00,198.0019989,198.033005,197.74899,197.92200
2025-07-04 02:00:00,197.91701,198.10800,197.89500,197.99899
2025-07-04 03:00:00,198.0099945,198.037003,197.88000,197.97600
2025-07-04 04:00:00,197.97800,197.99500,197.84599,197.93100
2025-07-04 05:00:00,197.93300,197.95100,197.82800,197.91701
2025-07-04 06:00:00,197.91800,197.96899,197.82100,197.84700
2025-07-04 07:00:00,197.84700,197.95599,197.73900,197.82700
2025-07-04 08:00:00,197.83200,197.90100,197.78101,197.80000
2025-07-04 09:00:00,197.78600,197.86200,197.72099,197.74699
2025-07-04 10:00:00,197.74699,197.86501,197.46700,197.57201
2025-07-04 11:00:00,197.57100,197.65800,197.49699,197.56300
2025-07-04 12:00:00,197.56599,197.60001,197.44400,197.48700
2025-07-04 13:00:00,197.48801,197.50700,197.32300,197.38200
2025-07-04 14:00:00,197.38100,197.45399,197.27600,197.41800
2025-07-04 15:00:00,197.40700,197.52499,197.33701,197.39600
2025-07-04 16:00:00,197.39500,197.40300,197.21201,197.26500
2025-07-04 17:00:00,197.26300,197.39600,197.19000,197.23700
2025-07-04 18:00:00,197.23399,197.30800,197.12700,197.22400
2025-07-04 19:00:00,197.22099,197.25101,196.98399,197.091003
2025-07-04 20:00:00,197.091003,197.14101,196.97099,196.99699
2025-07-04 21:00:00,196.99100,197.11200,196.92400,197.059998
2025-07-04 22:00:00,197.061996,197.063995,196.89700,196.91701
2025-07-04 23:00:00,196.92200,197.20000,196.91800,197.17300
2025-07-05 00:00:00,197.17799,197.24400,197.044006,197.15800
2025-07-05 01:00:00,197.15700,197.24001,197.12100,197.20300
2025-07-05 02:00:00,197.19800,197.25999,197.15700,197.19501
2025-07-05 03:00:00,197.19400,197.25999,197.15800,197.18201
2025-07-05 04:00:00,197.18600,197.27200,197.16299,197.25900
2025-07-05 05:00:00,197.25900,197.36900,197.18800,197.33299
2025-07-05 06:00:00,197.33200,197.41499,197.037003,197.11700
2025-07-05 07:00:00,197.11700,197.11700,197.11700,197.11700
2025-07-07 09:00:00,197.26401,197.36200,197.16299,197.23500
2025-07-07 10:00:00,197.24200,197.25700,196.92400,197
2025-07-07 11:00:00,196.99600,197.093994,196.77699,197.042999
2025-07-07 12:00:00,197.042007,197.40500,197.0039978,197.35600
2025-07-07 13:00:00,197.35800,197.40300,197.25,197.37000
2025-07-07 14:00:00,197.37399,197.45799,197.27200,197.42500
2025-07-07 15:00:00,197.42300,197.55099,197.36900,197.50700
2025-07-07 16:00:00,197.50999,197.60001,197.33501,197.41600
2025-07-07 17:00:00,197.41701,197.59300,197.36200,197.52901
2025-07-07 18:00:00,197.52901,197.57899,197.18300,197.36700
2025-07-07 19:00:00,197.36800,197.97400,197.29700,197.92500
2025-07-07 20:00:00,197.92400,197.92700,197.75600,197.82300
2025-07-07 21:00:00,197.82600,198.15100,197.77000,198.091003
2025-07-07 22:00:00,198.084000,198.31000,198.084000,198.25101
2025-07-07 23:00:00,198.25,198.69600,198.22099,198.59900
2025-07-08 00:00:00,198.59900,198.94099,198.56200,198.81000
2025-07-08 01:00:00,198.80800,198.98700,198.77600,198.90300
2025-07-08 02:00:00,198.91000,199.0019989,198.50999,198.64799
2025-07-08 03:00:00,198.64900,198.95200,198.55701,198.71300
2025-07-08 04:00:00,198.70900,198.98599,198.67999,198.96899
2025-07-08 05:00:00,198.96600,198.98700,198.72800,198.77400
2025-07-08 06:00:00,198.77400,198.81100,198.56599,198.56599
2025-07-08 07:00:00,198.69000,198.88300,198.50800,198.62900
2025-07-08 08:00:00,198.63901,198.71500,198.50700,198.60699
2025-07-08 09:00:00,198.62399,198.90199,198.62300,198.73801
2025-07-08 10:00:00,198.73700,199.23399,198.69600,199.18900
2025-07-08 11:00:00,199.18900,199.47301,199.082993,199.26601
2025-07-08 12:00:00,199.26500,199.32001,199.10100,199.13800
2025-07-08 13:00:00,199.13100,199.27100,199.089005,199.13800
2025-07-08 14:00:00,199.13901,199.15401,198.88800,199.014008
2025-07-08 15:00:00,199.011002,199.13400,198.97200,199.10500
2025-07-08 16:00:00,199.10699,199.33701,199.063004,199.29100
2025-07-08 17:00:00,199.28900,199.43401,199.16800,199.20100
2025-07-08 18:00:00,199.20599,199.27299,198.96800,198.98900
2025-07-08 19:00:00,198.99400,199.065002,198.77499,198.80499
2025-07-08 20:00:00,198.80099,198.84900,198.68600,198.77000
2025-07-08 21:00:00,198.76801,199.11800,198.72900,198.96500
2025-07-08 22:00:00,198.96500,199.125,198.85100,199.11700
2025-07-08 23:00:00,199.11900,199.15401,198.85600,198.91100
2025-07-09 00:00:00,198.91100,199.20399,198.66499,198.99400
2025-07-09 01:00:00,198.98900,199.31599,198.94400,199.26300
2025-07-09 02:00:00,199.25800,199.28200,199.10201,199.25500
2025-07-09 03:00:00,199.25400,199.41901,199.22301,199.41600
2025-07-09 04:00:00,199.41200,199.43300,199.34599,199.36200
2025-07-09 05:00:00,199.37100,199.38699,199.22800,199.25
2025-07-09 06:00:00,199.25200,199.28300,199.095993,199.18600
2025-07-09 07:00:00,199.18500,199.30800,198.94200,199.098007
2025-07-09 08:00:00,199.095993,199.27800,199.070007,199.23900
2025-07-09 09:00:00,199.25800,199.53900,199.24100,199.50999
2025-07-09 10:00:00,199.50700,199.55000,199.32500,199.42599
2025-07-09 11:00:00,199.42599,199.62399,199.32899,199.52901
2025-07-09 12:00:00,199.54201,199.61900,199.48100,199.61900
2025-07-09 13:00:00,199.61200,199.66400,199.57300,199.59900
2025-07-09 14:00:00,199.59700,199.79800,199.59200,199.75400
2025-07-09 15:00:00,199.75500,199.80400,199.67300,199.70000
2025-07-09 16:00:00,199.70599,199.82800,199.64301,199.69600
2025-07-09 17:00:00,199.69000,199.73900,199.36200,199.49800
2025-07-09 18:00:00,199.49300,199.55099,199.37300,199.5
2025-07-09 19:00:00,199.49800,199.51801,199.27400,199.36501
2025-07-09 20:00:00,199.36600,199.37700,199.14301,199.20100
2025-07-09 21:00:00,199.20599,199.33600,199.12700,199.26300
2025-07-09 22:00:00,199.26300,199.45599,199.18201,199.34100
2025-07-09 23:00:00,199.33600,199.40199,198.96700,198.97701
2025-07-10 00:00:00,198.97600,199.19099,198.88901,199.016006
2025-07-10 01:00:00,199.014999,199.16600,198.97200,199.035995
2025-07-10 02:00:00,199.031998,199.046005,198.75800,198.88100
2025-07-10 03:00:00,198.88600,198.91600,198.73000,198.84300
2025-07-10 04:00:00,198.84500,198.92101,198.77100,198.83200
2025-07-10 05:00:00,198.83299,198.95700,198.78600,198.91100
2025-07-10 06:00:00,198.91400,199.078003,198.69800,198.75700
2025-07-10 07:00:00,198.78400,198.88300,198.62300,198.78600
2025-07-10 08:00:00,198.76601,198.83000,198.68800,198.71800
2025-07-10 09:00:00,198.73199,198.81599,198.54100,198.66901
2025-07-10 10:00:00,198.66701,198.68201,198.37300,198.44501
2025-07-10 11:00:00,198.44501,198.59300,198.38600,198.51199
2025-07-10 12:00:00,198.50301,198.79100,198.48801,198.77400
2025-07-10 13:00:00,198.77200,198.97800,198.75500,198.96500
2025-07-10 14:00:00,198.96800,199.11800,198.91200,198.92599
2025-07-10 15:00:00,198.92400,199.095993,198.89900,199.037994
2025-07-10 16:00:00,199.039001,199.19200,198.90401,198.92400
2025-07-10 17:00:00,198.92400,199.25101,198.84300,199.11200
2025-07-10 18:00:00,199.11900,199.22000,199.022003,199.125
2025-07-10 19:00:00,199.12199,199.19701,198.93201,198.93900
2025-07-10 20:00:00,198.93600,199.029007,198.66400,198.71201
2025-07-10 21:00:00,198.71201,198.73500,198.56200,198.60800
2025-07-10 22:00:00,198.61301,198.74001,198.37000,198.57300
2025-07-10 23:00:00,198.57401,198.73900,198.47400,198.65199
2025-07-11 00:00:00,198.65300,198.82001,198.52499,198.59399
2025-07-11 01:00:00,198.59300,198.82500,198.52200,198.71400
2025-07-11 02:00:00,198.71001,198.74600,198.62399,198.65401
2025-07-11 03:00:00,198.65900,198.66299,198.53500,198.58501
2025-07-11 04:00:00,198.58400,198.59100,198.46100,198.51401
2025-07-11 05:00:00,198.51100,198.58200,198.49800,198.52699
2025-07-11 06:00:00,198.52600,198.62399,198.48000,198.50301
2025-07-11 07:00:00,198.53400,198.60100,198.23900,198.53101
2025-07-11 08:00:00,198.53400,198.64700,198.48599,198.61000
2025-07-11 09:00:00,198.61900,198.65401,198.52000,198.63600
2025-07-11 10:00:00,198.64000,198.79401,198.22900,198.65199
2025-07-11 11:00:00,198.65100,199.10600,198.62199,198.99899
2025-07-11 12:00:00,198.99400,199.33800,198.96300,199.27000
2025-07-11 13:00:00,199.26100,199.36600,199.18401,199.33600
2025-07-11 14:00:00,199.33800,199.44400,199.23100,199.38000
2025-07-11 15:00:00,199.38000,199.42400,199.13499,199.16800
2025-07-11 16:00:00,199.17500,199.17500,198.67900,198.84100
2025-07-11 17:00:00,198.83800,199.013000,198.77901,198.85500
2025-07-11 18:00:00,198.85300,198.97000,198.69200,198.94299
2025-07-11 19:00:00,198.94299,199.23900,198.87300,199.089996
2025-07-11 20:00:00,199.095001,199.16499,198.62300,198.63699
2025-07-11 21:00:00,198.62900,198.82201,198.42700,198.52699
2025-07-11 22:00:00,198.52100,198.60699,198.23300,198.46800
2025-07-11 23:00:00,198.47501,198.75900,198.42900,198.75900
2025-07-12 00:00:00,198.74500,199.052994,198.74500,198.97701
2025-07-12 01:00:00,198.97800,199.16000,198.87100,198.87300
2025-07-12 02:00:00,198.87900,199.16299,198.82500,199.037994
2025-07-12 03:00:00,199.035995,199.18201,199.022995,199.17101
2025-07-12 04:00:00,199.17101,199.24200,199.13600,199.18300
2025-07-12 05:00:00,199.17799,199.18500,198.90500,198.91100
2025-07-12 06:00:00,198.91600,198.98700,198.78500,198.82300
2025-07-12 07:00:00,198.85400,198.85400,198.85400,198.85400
2025-07-14 09:00:00,198.88800,198.98100,198.64600,198.78000
2025-07-14 10:00:00,198.77600,198.82001,198.31900,198.36200
2025-07-14 11:00:00,198.36099,198.50600,198.25600,198.46800
2025-07-14 12:00:00,198.46899,198.56000,198.39999,198.44501
2025-07-14 13:00:00,198.43900,198.67300,198.36900,198.58299
2025-07-14 14:00:00,198.58099,198.70399,198.43201,198.59300
2025-07-14 15:00:00,198.60201,198.62601,198.38901,198.43300
2025-07-14 16:00:00,198.43201,198.44299,198.097000,198.15900
2025-07-14 17:00:00,198.15700,198.72701,198.13200,198.70500
2025-07-14 18:00:00,198.70100,198.75,198.45700,198.52100
2025-07-14 19:00:00,198.52000,198.62900,198.39999,198.59900
2025-07-14 20:00:00,198.59700,198.68401,198.48700,198.54300
2025-07-14 21:00:00,198.55299,198.78799,198.51601,198.74800
2025-07-14 22:00:00,198.74699,198.79201,198.44800,198.64500
2025-07-14 23:00:00,198.64301,198.72000,198.52800,198.66200
2025-07-15 00:00:00,198.66400,198.69299,198.25,198.30099
2025-07-15 01:00:00,198.29401,198.45399,198.28000,198.39700
2025-07-15 02:00:00,198.39900,198.58099,198.32800,198.45500
2025-07-15 03:00:00,198.45300,198.52400,198.32600,198.42000
2025-07-15 04:00:00,198.42300,198.48300,198.35899,198.42101
2025-07-15 05:00:00,198.42200,198.46201,198.30299,198.33800
2025-07-15 06:00:00,198.33501,198.46300,198.24300,198.28900
2025-07-15 07:00:00,198.25999,198.45500,198.18500,198.34100
2025-07-15 08:00:00,198.33800,198.42700,198.24600,198.39700
2025-07-15 09:00:00,198.39101,198.5,198.38600,198.44099
2025-07-15 10:00:00,198.43500,198.53500,198.25400,198.28400
2025-07-15 11:00:00,198.28400,198.58299,198.26801,198.50600
2025-07-15 12:00:00,198.50700,198.56000,198.25200,198.27800
2025-07-15 13:00:00,198.27699,198.34200,198.20100,198.31000
2025-07-15 14:00:00,198.31200,198.37000,198.27299,198.33400
2025-07-15 15:00:00,198.33600,198.39200,198.28000,198.32201
2025-07-15 16:00:00,198.32001,198.56500,198.30000,198.42799
2025-07-15 17:00:00,198.42500,198.75500,198.40100,198.74899
2025-07-15 18:00:00,198.74500,198.75500,198.48000,198.56200
2025-07-15 19:00:00,198.56400,198.80299,198.50900,198.73300
2025-07-15 20:00:00,198.72900,198.82600,198.66701,198.78600
2025-07-15 21:00:00,198.78799,198.92999,198.75301,198.84599
2025-07-15 22:00:00,198.83800,199.085999,198.69600,198.88300
2025-07-15 23:00:00,198.88699,199.25400,198.83400,199.16299
2025-07-16 00:00:00,199.15700,199.51300,199.15100,199.34500
2025-07-16 01:00:00,199.34700,199.52100,199.25900,199.26500
2025-07-16 02:00:00,199.26601,199.46201,199.20900,199.32300
2025-07-16 03:00:00,199.31900,199.39900,199.25,199.35600
2025-07-16 04:00:00,199.35400,199.36301,199.26500,199.30000
2025-07-16 05:00:00,199.30099,199.36200,199.22600,199.24300
2025-07-16 06:00:00,199.24699,199.27600,199.14799,199.16800
2025-07-16 07:00:00,199.20100,199.34399,199.14200,199.14200
2025-07-16 08:00:00,199.14400,199.32700,199.13000,199.28101
2025-07-16 09:00:00,199.27800,199.34801,199.17101,199.25600
2025-07-16 10:00:00,199.25400,199.57800,199.13400,199.53300
2025-07-16 11:00:00,199.52299,199.58000,199.28900,199.36200
2025-07-16 12:00:00,199.36301,199.43900,199.28400,199.32100
2025-07-16 13:00:00,199.31599,199.56799,199.31000,199.52901
2025-07-16 14:00:00,199.52901,199.73500,199.47701,199.50400
2025-07-16 15:00:00,199.50600,199.53999,199.29800,199.38499
2025-07-16 16:00:00,199.38499,199.67400,199.27400,199.30499
2025-07-16 17:00:00,199.31100,199.42700,199.24001,199.41000
2025-07-16 18:00:00,199.40700,199.45000,199.27299,199.30901
2025-07-16 19:00:00,199.30701,199.40401,199.074005,199.22501
2025-07-16 20:00:00,199.22400,199.37700,199.11900,199.35500
2025-07-16 21:00:00,199.35899,199.37601,199.19600,199.35899
2025-07-16 22:00:00,199.35699,199.37601,198.93900,199.15300
2025-07-16 23:00:00,199.15601,199.21001,198.96600,199.044006
2025-07-17 00:00:00,199.044998,199.10100,198.67300,198.82700
2025-07-17 01:00:00,198.83099,198.93201,197.90401,198.80800
2025-07-17 02:00:00,198.81599,199.016998,198.65900,198.69600
2025-07-17 03:00:00,198.70100,198.72200,198.17999,198.18600
2025-07-17 04:00:00,198.19000,198.38499,198.10400,198.36900
2025-07-17 05:00:00,198.37199,198.44701,198.33701,198.37601
2025-07-17 06:00:00,198.37300,198.48399,198.35100,198.35100
2025-07-17 07:00:00,198.41400,198.52901,198.21201,198.27299
2025-07-17 08:00:00,198.27299,198.47099,198.21899,198.36000
2025-07-17 09:00:00,198.34500,198.54700,198.24800,198.46001
2025-07-17 10:00:00,198.46100,198.86099,198.44901,198.82401
2025-07-17 11:00:00,198.82600,198.94501,198.67799,198.83099
2025-07-17 12:00:00,198.83900,198.88600,198.69901,198.74400
2025-07-17 13:00:00,198.74500,199.026993,198.70200,198.93800
2025-07-17 14:00:00,198.94000,198.99100,198.78799,198.81300
2025-07-17 15:00:00,198.81100,198.89301,198.74100,198.85699
2025-07-17 16:00:00,198.84599,199.11099,198.69000,198.91000
2025-07-17 17:00:00,198.91100,199.11301,198.90100,199.031998
2025-07-17 18:00:00,199.031998,199.29401,199.0019989,199.25999
2025-07-17 19:00:00,199.26100,199.36000,199.14301,199.30200
2025-07-17 20:00:00,199.30299,199.38901,199.125,199.17500
2025-07-17 21:00:00,199.18201,199.24699,199.10100,199.22501
2025-07-17 22:00:00,199.22701,199.55200,199.17599,199.28200
2025-07-17 23:00:00,199.28400,199.33099,198.97200,199.085007
2025-07-18 00:00:00,199.084000,199.24001,198.98500,199.097000
2025-07-18 01:00:00,199.098999,199.26700,199.059006,199.24500
2025-07-18 02:00:00,199.24500,199.31400,199.14400,199.16200
2025-07-18 03:00:00,199.15601,199.28900,199.12900,199.25200
2025-07-18 04:00:00,199.25,199.46201,199.24800,199.43401
2025-07-18 05:00:00,199.42999,199.48199,199.31200,199.38100
2025-07-18 06:00:00,199.38000,199.39900,199.22400,199.29201
2025-07-18 07:00:00,199.28500,199.41100,199.11501,199.28300
2025-07-18 08:00:00,199.27600,199.36900,199.16400,199.19000
2025-07-18 09:00:00,199.17900,199.40700,199.16100,199.375
2025-07-18 10:00:00,199.38100,199.59599,199.24400,199.56599
2025-07-18 11:00:00,199.56300,199.62199,199.38499,199.48100
2025-07-18 12:00:00,199.48300,199.58299,199.38499,199.57300
2025-07-18 13:00:00,199.57001,199.70200,199.50500,199.65199
2025-07-18 14:00:00,199.64301,199.68800,199.54100,199.56400
2025-07-18 15:00:00,199.57401,199.62801,199.52600,199.57300
2025-07-18 16:00:00,199.57600,199.82201,199.48801,199.77499
2025-07-18 17:00:00,199.77699,199.97099,199.72900,199.81700
2025-07-18 18:00:00,199.81200,199.82600,199.56900,199.65100
2025-07-18 19:00:00,199.65900,199.90601,199.58600,199.86900
2025-07-18 20:00:00,199.87000,199.87900,199.63600,199.78200
2025-07-18 21:00:00,199.78400,199.88499,199.74100,199.83800
2025-07-18 22:00:00,199.83800,199.87601,199.64900,199.65199
2025-07-18 23:00:00,199.65100,199.79201,199.61200,199.63800
2025-07-19 00:00:00,199.63699,199.74300,199.56700,199.58400
2025-07-19 01:00:00,199.58299,199.63499,199.47099,199.61501
2025-07-19 02:00:00,199.61501,199.62900,199.45799,199.51700
2025-07-19 03:00:00,199.51700,199.61099,199.46400,199.55701
2025-07-19 04:00:00,199.55701,199.62399,199.54401,199.60001
2025-07-19 05:00:00,199.59900,199.61900,199.47200,199.51100
2025-07-19 06:00:00,199.51401,199.57899,199.45399,199.54201
2025-07-19 07:00:00,199.51100,199.51100,199.51100,199.51100
2025-07-21 09:00:00,199.29100,199.36700,199.065002,199.14999
2025-07-21 10:00:00,199.14400,199.18201,198.80099,198.89200
2025-07-21 11:00:00,198.89000,199.22000,198.89000,199.19000
2025-07-21 12:00:00,199.19099,199.20700,199.093002,199.17400
2025-07-21 13:00:00,199.16800,199.24800,199.10300,199.17500
2025-07-21 14:00:00,199.17200,199.24200,199.14500,199.19299
2025-07-21 15:00:00,199.18600,199.20200,198.99800,199.057007
2025-07-21 16:00:00,199.065002,199.070007,198.55800,198.86200
2025-07-21 17:00:00,198.86301,199.23399,198.84399,199.12700
2025-07-21 18:00:00,199.12399,199.16901,198.80000,198.94800
2025-07-21 19:00:00,198.94901,199.085999,198.82500,199.054993
2025-07-21 20:00:00,199.050995,199.074005,198.81000,198.85300
2025-07-21 21:00:00,198.85400,198.92500,198.73900,198.86099
2025-07-21 22:00:00,198.86400,198.875,198.57800,198.81400
2025-07-21 23:00:00,198.81400,198.95300,198.68401,198.70100
2025-07-22 00:00:00,198.70399,198.94800,198.60800,198.91400
2025-07-22 01:00:00,198.91100,198.98500,198.73900,198.75
2025-07-22 02:00:00,198.74400,198.78400,198.51401,198.58200
2025-07-22 03:00:00,198.58000,198.70500,198.53000,198.58000
2025-07-22 04:00:00,198.58900,198.77800,198.57800,198.74600
2025-07-22 05:00:00,198.73900,198.76900,198.64900,198.69099
2025-07-22 06:00:00,198.69099,198.84801,198.68401,198.80200
2025-07-22 07:00:00,198.74899,198.85100,198.51401,198.69600
2025-07-22 08:00:00,198.69701,198.82401,198.65700,198.80800
2025-07-22 09:00:00,198.81799,198.93100,198.79100,198.82700
2025-07-22 10:00:00,198.82700,199.12100,198.72099,198.85600
2025-07-22 11:00:00,198.85300,199.013000,198.81300,198.92999
2025-07-22 12:00:00,198.93100,198.93600,198.76801,198.80800
2025-07-22 13:00:00,198.80499,198.95700,198.74300,198.91100
2025-07-22 14:00:00,198.90800,199.018005,198.86099,198.96800
2025-07-22 15:00:00,198.96700,199.12199,198.90900,199.091995
2025-07-22 16:00:00,199.093994,199.24500,198.99400,199.12801
2025-07-22 17:00:00,199.13400,199.28700,198.89200,198.91800
2025-07-22 18:00:00,198.91400,199.29100,198.79401,199.12300
2025-07-22 19:00:00,199.12700,199.12700,198.91000,198.96700
2025-07-22 20:00:00,198.96500,199.0059967,198.83099,198.84399
2025-07-22 21:00:00,198.83600,198.90700,198.39700,198.50600
2025-07-22 22:00:00,198.50900,198.55200,197.84300,197.90401
2025-07-22 23:00:00,197.90199,198.031006,197.52100,197.64600
2025-07-23 00:00:00,197.64500,197.75600,197.42700,197.71700
2025-07-23 01:00:00,197.71300,197.97400,197.66400,197.87399
2025-07-23 02:00:00,197.87601,198.14000,197.875,198.11000
2025-07-23 03:00:00,198.10600,198.21800,198.10001,198.17900
2025-07-23 04:00:00,198.18201,198.27699,198.095993,198.25999
2025-07-23 05:00:00,198.25600,198.36200,198.21300,198.31300
2025-07-23 06:00:00,198.31400,198.50999,198.30000,198.38400
2025-07-23 07:00:00,198.38499,198.48199,198.21100,198.22099
2025-07-23 08:00:00,198.28999,198.51700,198.23100,198.42500
2025-07-23 09:00:00,198.40100,198.66400,197.91600,198.42999
2025-07-23 10:00:00,198.43500,198.45399,197.74200,198.078995
2025-07-23 11:00:00,198.078995,198.41100,198.0090027,198.25301
2025-07-23 12:00:00,198.25400,199.0050049,198.067001,198.64000
2025-07-23 13:00:00,198.63699,198.83400,198.54500,198.75200
2025-07-23 14:00:00,198.75301,198.89101,198.73199,198.77400
2025-07-23 15:00:00,198.76500,199.050995,198.69701,198.99500
2025-07-23 16:00:00,198.99600,199.084000,198.37399,198.74100
2025-07-23 17:00:00,198.73801,198.81200,198.59599,198.75
2025-07-23 18:00:00,198.74400,198.92999,198.62900,198.78101
2025-07-23 19:00:00,198.78101,198.80000,198.32300,198.44400
2025-07-23 20:00:00,198.44099,198.45399,198.11900,198.16299
2025-07-23 21:00:00,198.16200,198.16499,197.86301,197.95700
2025-07-23 22:00:00,197.95100,198.375,197.89999,198.32100
2025-07-23 23:00:00,198.32001,198.52200,198.25600,198.48300
2025-07-24 00:00:00,198.48500,198.56700,198.23801,198.53799
2025-07-24 01:00:00,198.53700,198.91701,198.44200,198.81200
2025-07-24 02:00:00,198.81100,198.90199,198.59801,198.77499
2025-07-24 03:00:00,198.78400,198.94200,198.65500,198.81000
2025-07-24 04:00:00,198.81100,198.89000,198.72701,198.875
2025-07-24 05:00:00,198.87100,199.029007,198.86301,199.0039978
2025-07-24 06:00:00,199.0050049,199.013000,198.83900,198.94000
2025-07-24 07:00:00,198.97200,198.98100,198.73399,198.85400
2025-07-24 08:00:00,198.93900,199.011002,198.75400,198.92599
2025-07-24 09:00:00,198.91701,198.92999,198.66701,198.72000
2025-07-24 10:00:00,198.71300,198.85699,198.58000,198.75999
2025-07-24 11:00:00,198.76199,198.76601,198.12801,198.20799
2025-07-24 12:00:00,198.20700,198.42400,198.20500,198.33000
2025-07-24 13:00:00,198.32899,198.38699,198.16499,198.24899
2025-07-24 14:00:00,198.24899,198.35001,198.18600,198.29100
2025-07-24 15:00:00,198.28200,198.36800,198.22301,198.25600
2025-07-24 16:00:00,198.25301,198.49699,198.20799,198.38600
2025-07-24 17:00:00,198.38600,198.62700,198.24699,198.54100
2025-07-24 18:00:00,198.53900,198.62399,198.29900,198.47400
2025-07-24 19:00:00,198.47501,198.60400,198.44099,198.54401
2025-07-24 20:00:00,198.54300,198.60899,198.41100,198.43201
2025-07-24 21:00:00,198.44200,198.61301,198.37399,198.50500
2025-07-24 22:00:00,198.49800,198.71500,198.41100,198.69099
2025-07-24 23:00:00,198.69000,198.85001,198.45700,198.58600
2025-07-25 00:00:00,198.58501,198.80000,198.40900,198.76601
2025-07-25 01:00:00,198.76199,198.84700,198.58600,198.69701
2025-07-25 02:00:00,198.69701,198.71700,198.27901,198.47200
2025-07-25 03:00:00,198.47701,198.55000,198.39301,198.46500
2025-07-25 04:00:00,198.46700,198.60201,198.45599,198.57201
2025-07-25 05:00:00,198.57401,198.60201,198.46001,198.46700
2025-07-25 06:00:00,198.47301,198.62100,198.42300,198.53700
2025-07-25 07:00:00,198.53600,198.74600,198.47501,198.67400
2025-07-25 08:00:00,198.71100,198.82500,198.57001,198.58800
2025-07-25 09:00:00,198.60300,198.67999,198.50700,198.57700
2025-07-25 10:00:00,198.57899,198.96700,198.55701,198.83200
2025-07-25 11:00:00,198.83099,199.056000,198.79401,198.92500
2025-07-25 12:00:00,198.92400,199.0090027,198.89999,198.91800
2025-07-25 13:00:00,198.91701,198.92400,198.625,198.65900
2025-07-25 14:00:00,198.65700,198.73100,198.46500,198.50800
2025-07-25 15:00:00,198.50600,198.60699,198.24699,198.40199
2025-07-25 16:00:00,198.40500,198.45300,198.125,198.38200
2025-07-25 17:00:00,198.37700,198.60001,198.36600,198.49699
2025-07-25 18:00:00,198.49200,199.074005,198.48900,198.92000
2025-07-25 19:00:00,198.91800,199.080994,198.86301,199.070007
2025-07-25 20:00:00,199.074005,199.078995,198.84801,198.86700
2025-07-25 21:00:00,198.85800,198.87399,198.59500,198.63300
2025-07-25 22:00:00,198.63200,198.67700,198.52400,198.62100
2025-07-25 23:00:00,198.61400,198.625,198.20300,198.42700
2025-07-26 00:00:00,198.42700,198.46400,198.26801,198.39999
2025-07-26 01:00:00,198.40100,198.51700,198.27299,198.42300
2025-07-26 02:00:00,198.42000,198.44299,198.22200,198.29601
2025-07-26 03:00:00,198.30600,198.33800,198.20599,198.28600
2025-07-26 04:00:00,198.28999,198.29401,198.21100,198.25200
2025-07-26 05:00:00,198.24899,198.36400,198.21201,198.35800
2025-07-26 06:00:00,198.35800,198.47400,198.28300,198.35699
2025-07-26 07:00:00,198.42500,198.42500,198.42500,198.42500
2025-07-28 09:00:00,198.57201,198.73399,198.49600,198.58501
2025-07-28 10:00:00,198.58299,198.67200,198.41901,198.44000
2025-07-28 11:00:00,198.44000,198.70399,198.40700,198.65700
2025-07-28 12:00:00,198.66100,198.83099,198.63800,198.67400
2025-07-28 13:00:00,198.67500,198.69400,198.47701,198.57100
2025-07-28 14:00:00,198.56500,198.57700,198.44099,198.50800
2025-07-28 15:00:00,198.50900,198.57899,198.41100,198.52000
2025-07-28 16:00:00,198.51300,198.78500,198.50200,198.66100
2025-07-28 17:00:00,198.65800,198.92200,198.45900,198.83800
2025-07-28 18:00:00,198.84200,199.026993,198.81700,198.99400
2025-07-28 19:00:00,198.99400,199.10600,198.93800,199.052994
2025-07-28 20:00:00,199.050995,199.16400,198.93900,199.13901
2025-07-28 21:00:00,199.14400,199.21500,198.82600,198.90500
2025-07-28 22:00:00,198.90500,198.96800,198.81000,198.94800
2025-07-28 23:00:00,198.95500,198.96400,198.76300,198.93201
2025-07-29 00:00:00,198.93800,198.99300,198.76500,198.86600
2025-07-29 01:00:00,198.86700,199.014008,198.78999,198.79900
2025-07-29 02:00:00,198.80000,198.83600,198.61301,198.64999
2025-07-29 03:00:00,198.64999,198.67400,198.38300,198.41901
2025-07-29 04:00:00,198.41901,198.42700,198.31200,198.37199
2025-07-29 05:00:00,198.37000,198.39999,198.31200,198.37700
2025-07-29 06:00:00,198.37300,198.42999,198.23801,198.23801
2025-07-29 07:00:00,198.27299,198.47701,198.21400,198.45000
2025-07-29 08:00:00,198.45500,198.48599,198.34000,198.42101
2025-07-29 09:00:00,198.40100,198.51700,198.32600,198.33200
2025-07-29 10:00:00,198.33099,198.45700,198.18100,198.42000
2025-07-29 11:00:00,198.42101,198.46001,198.22099,198.35300
2025-07-29 12:00:00,198.35699,198.38901,198.042007,198.12801
2025-07-29 13:00:00,198.125,198.18900,197.88100,197.92000
2025-07-29 14:00:00,197.91701,198.076004,197.91400,198.035004
2025-07-29 15:00:00,198.035995,198.052002,197.79900,197.87801
2025-07-29 16:00:00,197.87601,197.94800,197.72600,197.92799
2025-07-29 17:00:00,197.92700,198.13200,197.92700,198.095001
2025-07-29 18:00:00,198.091995,198.21400,197.96001,198.19000
2025-07-29 19:00:00,198.18900,198.39500,198.13901,198.37100
2025-07-29 20:00:00,198.37199,198.46500,198.23700,198.30800
2025-07-29 21:00:00,198.31000,198.39200,198.18100,198.38901
2025-07-29 22:00:00,198.38901,198.44501,197.98000,197.99899
2025-07-29 23:00:00,198.0050049,198.065002,197.75301,197.95599
2025-07-30 00:00:00,197.96500,198.10899,197.83800,197.87900
2025-07-30 01:00:00,197.88000,198.23100,197.82300,198.17000
2025-07-30 02:00:00,198.17101,198.25900,198.125,198.15900
2025-07-30 03:00:00,198.15800,198.18401,198.018005,198.074005
2025-07-30 04:00:00,198.074997,198.35100,198.067993,198.23300
2025-07-30 05:00:00,198.23100,198.36700,198.17999,198.34399
2025-07-30 06:00:00,198.34599,198.37801,198.098007,198.14200
2025-07-30 07:00:00,198.093002,198.31300,198.093002,198.14500
2025-07-30 08:00:00,198.14999,198.27400,198.13300,198.21800
2025-07-30 09:00:00,198.23000,198.31400,198.18201,198.19099
2025-07-30 10:00:00,198.19099,198.24100,197.85600,197.88800
2025-07-30 11:00:00,197.88699,197.95799,197.77100,197.86800
2025-07-30 12:00:00,197.87000,197.89301,197.76401,197.77499
2025-07-30 13:00:00,197.77699,197.78101,197.58501,197.68300
2025-07-30 14:00:00,197.68201,197.83299,197.66400,197.80000
2025-07-30 15:00:00,197.79300,197.80800,197.44099,197.58600
2025-07-30 16:00:00,197.58400,197.72099,197.52699,197.65300
2025-07-30 17:00:00,197.64999,197.86099,197.52499,197.85001
2025-07-30 18:00:00,197.85201,197.90300,197.69000,197.78300
2025-07-30 19:00:00,197.78000,198.095001,197.76100,198.093994
2025-07-30 20:00:00,198.085007,198.22000,198,198.0010071
2025-07-30 21:00:00,198.0059967,198.35001,197.89200,198.33099
2025-07-30 22:00:00,198.33099,198.42300,198.039993,198.11000
2025-07-30 23:00:00,198.10100,198.19501,197.85800,197.96400
2025-07-31 00:00:00,197.96700,198.037003,197.79800,197.92999
2025-07-31 01:00:00,197.93100,197.97400,197.80901,197.86400
2025-07-31 02:00:00,197.86099,197.91000,197.78000,197.80901
2025-07-31 03:00:00,197.80800,197.88800,197.70599,197.75101
2025-07-31 04:00:00,197.73599,197.89500,197.63100,197.71400
2025-07-31 05:00:00,197.71800,197.90900,197.60899,197.89700
2025-07-31 06:00:00,197.89600,198.016998,197.80600,197.80600
2025-07-31 07:00:00,197.80200,198.074997,197.69600,197.81100
2025-07-31 08:00:00,197.81599,197.96100,197.74699,197.89200
2025-07-31 09:00:00,197.88300,197.98399,197.78700,197.80701
2025-07-31 10:00:00,197.80000,197.93300,197.67000,197.84500
2025-07-31 11:00:00,197.84200,197.84801,197.47800,197.50400
2025-07-31 12:00:00,197.50600,197.52400,197.11900,197.34900
2025-07-31 13:00:00,197.35001,197.36600,196.96001,197.22701
2025-07-31 14:00:00,197.22400,197.58099,197.21500,197.55499
2025-07-31 15:00:00,197.54900,197.58900,197.32899,197.35201
2025-07-31 16:00:00,197.35300,197.83400,197.29601,197.67799
2025-07-31 17:00:00,197.67500,198.37399,197.61301,198.085999
2025-07-31 18:00:00,198.080002,198.32700,197.96500,198.25700
2025-07-31 19:00:00,198.25900,198.44400,198.21100,198.37399
2025-07-31 20:00:00,198.36900,198.40601,198.10100,198.34599
2025-07-31 21:00:00,198.34801,198.53600,198.20100,198.42300
2025-07-31 22:00:00,198.42799,198.58800,198.21300,198.48801
2025-07-31 23:00:00,198.49300,198.62900,198.36000,198.57500
2025-08-01 00:00:00,198.57001,199.24699,198.49001,199.11099
2025-08-01 01:00:00,199.10600,199.20300,198.90601,199.085007
2025-08-01 02:00:00,199.089005,199.51601,199.057999,199.24500
2025-08-01 03:00:00,199.24600,199.24899,198.82800,198.92500
2025-08-01 04:00:00,198.92599,199.35100,198.90199,199.27901
2025-08-01 05:00:00,199.27800,199.37601,199.12900,199.14301
2025-08-01 06:00:00,199.13000,199.21800,198.98900,198.98900
2025-08-01 07:00:00,199.0079956,199.22800,198.83000,198.88499
2025-08-01 08:00:00,198.95799,199.11099,198.90100,199.018005
2025-08-01 09:00:00,199.067001,199.20300,198.97501,199.18500
2025-08-01 10:00:00,199.17799,199.24200,198.91100,199.11400
2025-08-01 11:00:00,199.125,199.30400,198.98801,199.12100
2025-08-01 12:00:00,199.12100,199.14700,198.83800,198.92900
2025-08-01 13:00:00,198.92799,198.95700,198.76900,198.78200
2025-08-01 14:00:00,198.78000,198.81200,198.71800,198.78200
2025-08-01 15:00:00,198.77600,198.81799,198.61200,198.66299
2025-08-01 16:00:00,198.66400,198.97701,198.61000,198.86200
2025-08-01 17:00:00,198.86501,198.88000,198.52200,198.62601
2025-08-01 18:00:00,198.62199,198.63499,198.20200,198.21100
2025-08-01 19:00:00,198.20900,198.23599,197.77800,197.88100
2025-08-01 20:00:00,197.87801,198.057999,197.82100,197.97501
2025-08-01 21:00:00,197.97099,198.059998,197.91400,198.050995
2025-08-01 22:00:00,198.048996,198.20700,197.45200,197.45200
2025-08-01 23:00:00,197.44901,197.46600,196.45100,196.59000
2025-08-02 00:00:00,196.54201,196.75999,195.99500,196.41200
2025-08-02 01:00:00,196.41701,196.49600,196.14799,196.28400
2025-08-02 02:00:00,196.28500,196.36301,195.77800,195.79900
2025-08-02 03:00:00,195.78799,195.86400,195.32899,195.62000
2025-08-02 04:00:00,195.62199,195.74001,195.44000,195.55000
2025-08-02 05:00:00,195.54500,195.65900,195.41299,195.51801
2025-08-02 06:00:00,195.51601,195.82700,195.46500,195.68600
2025-08-02 07:00:00,195.76900,195.76900,195.76700,195.76700
2025-08-04 09:00:00,195.51100,195.85400,195.48000,195.83501
2025-08-04 10:00:00,195.83501,195.87300,195.63100,195.81200
2025-08-04 11:00:00,195.80400,196.21001,195.78799,196.17900
2025-08-04 12:00:00,196.17300,196.35300,196.028000,196.28101
2025-08-04 13:00:00,196.28300,196.28600,196.078003,196.17700
2025-08-04 14:00:00,196.17500,196.18500,196.044006,196.095001
2025-08-04 15:00:00,196.091995,196.28200,196.078003,196.18700
2025-08-04 16:00:00,196.18100,196.28799,195.99200,196.12300
2025-08-04 17:00:00,196.125,196.46100,196.048004,196.33600
2025-08-04 18:00:00,196.33600,196.52901,196.29100,196.36900
2025-08-04 19:00:00,196.36400,196.52600,196.33600,196.47501
2025-08-04 20:00:00,196.47301,196.5,196.14999,196.22400
2025-08-04 21:00:00,196.22900,196.35600,195.88200,195.88400
2025-08-04 22:00:00,195.88200,195.94501,195.64400,195.72400
2025-08-04 23:00:00,195.72600,195.95300,195.56300,195.64799
2025-08-05 00:00:00,195.64900,196.095993,195.56300,195.71600
2025-08-05 01:00:00,195.71300,195.89101,195.44400,195.45500
2025-08-05 02:00:00,195.45399,195.53300,195.33000,195.34000
2025-08-05 03:00:00,195.34700,195.36400,195.18401,195.19200
2025-08-05 04:00:00,195.19400,195.23500,195.022995,195.076004
2025-08-05 05:00:00,195.078995,195.19701,195.070007,195.19099
2025-08-05 06:00:00,195.19400,195.44901,195.19400,195.32401
2025-08-05 07:00:00,195.39900,195.53999,195.25800,195.32201
2025-08-05 08:00:00,195.32300,195.37801,195.18800,195.30000
2025-08-05 09:00:00,195.28700,195.32001,195.065994,195.19901
2025-08-05 10:00:00,195.19501,195.44800,195.026993,195.39200
2025-08-05 11:00:00,195.39101,195.53101,195.28600,195.41400
2025-08-05 12:00:00,195.42200,195.53900,195.37399,195.51900
2025-08-05 13:00:00,195.52000,195.55299,195.41100,195.45300
2025-08-05 14:00:00,195.45500,195.50600,195.31400,195.40900
2025-08-05 15:00:00,195.40800,195.45599,195.27299,195.36501
2025-08-05 16:00:00,195.36400,195.65601,195.25600,195.63400
2025-08-05 17:00:00,195.63699,195.78799,195.52100,195.62000
2025-08-05 18:00:00,195.62100,195.98599,195.50999,195.98599
2025-08-05 19:00:00,195.98500,196.23100,195.91400,196.22301
2025-08-05 20:00:00,196.22501,196.36099,196.10899,196.11800
2025-08-05 21:00:00,196.125,196.15100,195.90100,196.063004
2025-08-05 22:00:00,196.057007,196.21600,195.91000,196.12399
2025-08-05 23:00:00,196.12601,196.27100,195.98700,196.14101
2025-08-06 00:00:00,196.13600,196.17500,195.69701,195.95900
2025-08-06 01:00:00,195.95599,196.29601,195.91400,196.27000
2025-08-06 02:00:00,196.27100,196.41400,196.25,196.37000
2025-08-06 03:00:00,196.37399,196.45700,196.32800,196.39600
2025-08-06 04:00:00,196.39600,196.43300,196.22301,196.23801
2025-08-06 05:00:00,196.24300,196.31500,196.21700,196.25900
2025-08-06 06:00:00,196.25900,196.28999,196.14700,196.26700
2025-08-06 07:00:00,196.26401,196.31000,196.076996,196.21201
2025-08-06 08:00:00,196.22800,196.25999,196.12801,196.20799
2025-08-06 09:00:00,196.20799,196.34399,196.17999,196.18800
2025-08-06 10:00:00,196.17799,196.35600,196.16200,196.28999
2025-08-06 11:00:00,196.29500,196.43401,196.27901,196.40100
2025-08-06 12:00:00,196.40199,196.47400,196.24800,196.25400
2025-08-06 13:00:00,196.25500,196.26900,196.089996,196.17200
2025-08-06 14:00:00,196.17200,196.22701,196.097000,196.13699
2025-08-06 15:00:00,196.13600,196.28999,196.11600,196.18700
2025-08-06 16:00:00,196.18201,196.30499,196.091003,196.26300
2025-08-06 17:00:00,196.25999,196.34500,196.19501,196.30200
2025-08-06 18:00:00,196.30000,196.39600,196.20799,196.34700
2025-08-06 19:00:00,196.34300,196.60500,196.33800,196.57001
2025-08-06 20:00:00,196.57201,196.65100,196.49400,196.53200
2025-08-06 21:00:00,196.53200,196.64500,196.37000,196.48399
2025-08-06 22:00:00,196.48599,196.49300,196.32401,196.34900
2025-08-06 23:00:00,196.34300,196.41000,196.17300,196.20799
2025-08-07 00:00:00,196.20700,196.51401,196.16000,196.47600
2025-08-07 01:00:00,196.47301,196.90800,196.42900,196.70500
2025-08-07 02:00:00,196.70399,196.81799,196.64000,196.66299
2025-08-07 03:00:00,196.66000,196.86400,196.62700,196.64400
2025-08-07 04:00:00,196.64101,196.70700,196.44701,196.52200
2025-08-07 05:00:00,196.52600,196.61800,196.51300,196.58299
2025-08-07 06:00:00,196.58299,197.085999,196.57100,196.76601
2025-08-07 07:00:00,196.69099,196.96800,196.66600,196.80200
2025-08-07 08:00:00,196.79100,196.84200,196.61600,196.66000
2025-08-07 09:00:00,196.65900,196.70500,196.57001,196.61900
2025-08-07 10:00:00,196.61600,197.014008,196.58099,196.98399
2025-08-07 11:00:00,196.98900,197.14101,196.91600,196.96800
2025-08-07 12:00:00,196.96600,197.072006,196.88901,197.031006
2025-08-07 13:00:00,197.029007,197.18500,196.97600,197.072006
2025-08-07 14:00:00,197.065994,197.093002,196.85699,196.91600
2025-08-07 15:00:00,196.91800,196.95100,196.82100,196.91499
2025-08-07 16:00:00,196.91200,196.94800,196.35300,196.40601
2025-08-07 17:00:00,196.40300,196.52901,196.23399,196.33800
2025-08-07 18:00:00,196.33900,196.78900,196.30800,196.69701
2025-08-07 19:00:00,196.69800,196.99800,196.68800,196.97200
2025-08-07 20:00:00,196.97301,197.11600,196.90401,197.11400
2025-08-07 21:00:00,197.11301,197.92599,197.035995,197.58701
2025-08-07 22:00:00,197.58400,197.90800,197.42400,197.66901
2025-08-07 23:00:00,197.66901,197.73900,197.45799,197.69099
2025-08-08 00:00:00,197.69299,197.83099,197.55901,197.69200
2025-08-08 01:00:00,197.68900,197.97800,197.56500,197.92900
2025-08-08 02:00:00,197.92200,198.020996,197.82201,197.90500
2025-08-08 03:00:00,197.90300,198.016006,197.82001,197.84200
2025-08-08 04:00:00,197.84100,197.89000,197.73000,197.88800
2025-08-08 05:00:00,197.88699,197.89101,197.43800,197.72000
2025-08-08 06:00:00,197.72000,197.83000,197.60400,197.71300
2025-08-08 07:00:00,197.60001,197.76601,197.53799,197.55800
2025-08-08 08:00:00,197.61000,197.67599,197.43401,197.60300
2025-08-08 09:00:00,197.61099,197.63200,197.38300,197.46001
2025-08-08 10:00:00,197.46500,197.92101,197.37300,197.88499
2025-08-08 11:00:00,197.87801,197.99899,197.84700,197.91200
2025-08-08 12:00:00,197.91000,197.99500,197.84300,197.86800
2025-08-08 13:00:00,197.87100,197.95399,197.80099,197.80600
2025-08-08 14:00:00,197.80499,197.81799,197.68500,197.70799
2025-08-08 15:00:00,197.71500,197.92799,197.67400,197.91299
2025-08-08 16:00:00,197.90900,197.96001,197.76199,197.84500
2025-08-08 17:00:00,197.84000,198.14999,197.69099,198.033997
2025-08-08 18:00:00,198.026993,198.40500,197.87900,198.35400
2025-08-08 19:00:00,198.35600,198.65300,198.27000,198.62000
2025-08-08 20:00:00,198.62000,198.67599,198.49899,198.66901
2025-08-08 21:00:00,198.67101,198.82600,198.52800,198.67000
2025-08-08 22:00:00,198.66901,198.70200,198.35699,198.45200
2025-08-08 23:00:00,198.44800,198.63000,198.38400,198.56900
2025-08-09 00:00:00,198.57001,198.72200,198.50500,198.63800
2025-08-09 01:00:00,198.63800,198.74400,198.53799,198.55000
2025-08-09 02:00:00,198.54700,198.70100,198.52499,198.66800
2025-08-09 03:00:00,198.66600,198.78000,198.60800,198.75999
2025-08-09 04:00:00,198.78101,198.78101,198.56799,198.65100
2025-08-09 05:00:00,198.64900,198.74400,198.59700,198.72501
2025-08-09 06:00:00,198.73199,198.81100,198.59599,198.66100
2025-08-09 07:00:00,198.72099,198.72099,198.72099,198.72099
2025-08-11 09:00:00,198.58000,198.63000,198.48500,198.49300
2025-08-11 10:00:00,198.49001,198.52400,198.40300,198.49400
2025-08-11 11:00:00,198.49300,198.58800,198.45799,198.55800
2025-08-11 12:00:00,198.55600,198.61000,198.52100,198.53999
2025-08-11 13:00:00,198.54201,198.60001,198.49100,198.58400
2025-08-11 14:00:00,198.58200,198.60800,198.53400,198.60300
2025-08-11 15:00:00,198.59900,198.68800,198.57500,198.67999
2025-08-11 16:00:00,198.68100,198.79100,198.67400,198.78101
2025-08-11 17:00:00,198.78200,198.80499,198.17300,198.28700
2025-08-11 18:00:00,198.28300,198.66200,198.22000,198.60600
2025-08-11 19:00:00,198.60201,198.71700,198.55901,198.67799
2025-08-11 20:00:00,198.68800,198.77800,198.62601,198.63600
2025-08-11 21:00:00,198.63699,198.71201,198.53600,198.57899
2025-08-11 22:00:00,198.58200,198.65401,198.35699,198.40500
2025-08-11 23:00:00,198.40300,198.58000,198.36200,198.47600
2025-08-12 00:00:00,198.47701,198.56599,198.34700,198.48300
2025-08-12 01:00:00,198.48599,198.54800,198.38800,198.52400
2025-08-12 02:00:00,198.52499,198.67599,198.49200,198.66800
2025-08-12 03:00:00,198.66499,198.76401,198.64000,198.75500
2025-08-12 04:00:00,198.75600,199.070007,198.73900,199.026001
2025-08-12 05:00:00,199.020004,199.042007,198.93401,199.031998
2025-08-12 06:00:00,199.028000,199.065994,198.91701,198.97600
2025-08-12 07:00:00,198.97501,199.020996,198.70000,198.90300
2025-08-12 08:00:00,198.90601,199.089996,198.83400,199.065994
2025-08-12 09:00:00,199.080994,199.11000,198.98399,199.016006
2025-08-12 10:00:00,199.016998,199.34801,199.011993,199.31000
2025-08-12 11:00:00,199.30600,199.30701,199.14999,199.18800
2025-08-12 12:00:00,199.18700,199.28799,199.13901,199.25800
2025-08-12 13:00:00,199.26199,199.39200,199.23199,199.36200
2025-08-12 14:00:00,199.35899,199.375,199.26801,199.35699
2025-08-12 15:00:00,199.35800,199.37000,198.98599,199.12601
2025-08-12 16:00:00,199.097000,199.44600,199.097000,199.17999
2025-08-12 17:00:00,199.17999,199.55499,199.16100,199.54201
2025-08-12 18:00:00,199.54300,199.97800,199.44901,199.90700
2025-08-12 19:00:00,199.89900,199.94600,199.66299,199.82800
2025-08-12 20:00:00,199.82800,199.85800,199.69800,199.78600
2025-08-12 21:00:00,199.78600,199.84000,199.65401,199.75500
2025-08-12 22:00:00,199.75700,200.022003,199.57001,199.63499
2025-08-12 23:00:00,199.61900,200.044998,199.50600,199.89799
2025-08-13 00:00:00,199.89500,200.080994,199.72099,199.83701
2025-08-13 01:00:00,199.83900,199.93900,199.50500,199.63499
2025-08-13 02:00:00,199.62700,199.70000,199.54900,199.63800
2025-08-13 03:00:00,199.63000,199.67400,199.54300,199.58501
2025-08-13 04:00:00,199.59100,199.61000,199.30600,199.37399
2025-08-13 05:00:00,199.375,199.41200,199.30701,199.40401
2025-08-13 06:00:00,199.39900,199.60800,199.35800,199.54900
2025-08-13 07:00:00,199.54700,199.61800,199.37399,199.57001
2025-08-13 08:00:00,199.55499,199.58000,199.46899,199.52200
2025-08-13 09:00:00,199.51401,199.58701,199.47501,199.55099
2025-08-13 10:00:00,199.55600,199.64200,199.42300,199.56400
2025-08-13 11:00:00,199.56300,199.89500,199.49899,199.85400
2025-08-13 12:00:00,199.84801,199.97800,199.83400,199.90401
2025-08-13 13:00:00,199.90500,199.97800,199.81599,199.84500
2025-08-13 14:00:00,199.84200,199.96899,199.76500,199.77699
2025-08-13 15:00:00,199.77600,199.85800,199.70399,199.80600
2025-08-13 16:00:00,199.81500,199.85001,199.63901,199.73801
2025-08-13 17:00:00,199.73900,199.88300,199.61000,199.82201
2025-08-13 18:00:00,199.82001,199.89600,199.54800,199.64600
2025-08-13 19:00:00,199.64600,199.87801,199.60600,199.86000
2025-08-13 20:00:00,199.86200,200.022003,199.82800,200.0039978
2025-08-13 21:00:00,200.0030060,200.27901,199.92500,199.95000
2025-08-13 22:00:00,199.95200,199.99800,199.77299,199.89200
2025-08-13 23:00:00,199.88499,199.97301,199.77400,199.80800
2025-08-14 00:00:00,199.81700,199.92700,199.65100,199.70100
2025-08-14 01:00:00,199.69901,199.89200,199.53999,199.82800
2025-08-14 02:00:00,199.82800,200.0010071,199.81599,199.98900
2025-08-14 03:00:00,199.99400,200.056000,199.94600,200.014008
2025-08-14 04:00:00,200.0070038,200.14600,199.99600,200.024994
2025-08-14 05:00:00,200.026001,200.14500,200.0039978,200.12900
2025-08-14 06:00:00,200.13100,200.16600,200.011002,200.028000
2025-08-14 07:00:00,199.90300,200.080994,199.82401,199.87900
2025-08-14 08:00:00,199.88499,200.029007,199.85100,199.96800
2025-08-14 09:00:00,199.97501,199.99100,199.85100,199.86099
2025-08-14 10:00:00,199.86200,199.86700,199.19200,199.28999
2025-08-14 11:00:00,199.28799,199.30800,198.90800,198.98500
2025-08-14 12:00:00,198.98700,199.19701,198.96500,199.17900
2025-08-14 13:00:00,199.18401,199.18900,198.89200,198.91800
2025-08-14 14:00:00,198.91200,198.94099,198.67101,198.72099
2025-08-14 15:00:00,198.72400,198.90900,198.71899,198.78999
2025-08-14 16:00:00,198.78799,198.97200,198.58900,198.90500
2025-08-14 17:00:00,198.90300,199.046997,198.69299,198.91600
2025-08-14 18:00:00,198.91600,199.016998,198.79800,198.89799
2025-08-14 19:00:00,198.89799,199.16901,198.82700,199.091003
2025-08-14 20:00:00,199.091995,199.18500,198.98100,198.98900
2025-08-14 21:00:00,198.99100,199.091995,198.84599,198.85001
2025-08-14 22:00:00,198.84700,199.37300,198.82001,199.15700
2025-08-14 23:00:00,199.16299,199.58099,199.15300,199.52499
2025-08-15 00:00:00,199.52499,199.92999,199.51601,199.92000
2025-08-15 01:00:00,199.92101,200.11900,199.81700,199.81700
2025-08-15 02:00:00,199.82401,200.063004,199.81300,199.93100
2025-08-15 03:00:00,199.93401,200.095001,199.89500,200.087997
2025-08-15 04:00:00,200.091003,200.16000,200.048996,200.12000
2025-08-15 05:00:00,200.11900,200.14400,200.039001,200.044006
2025-08-15 06:00:00,200.041000,200.046005,199.84200,199.85600
2025-08-15 07:00:00,200.0010071,200.12399,199.80800,199.90401
2025-08-15 08:00:00,199.90700,199.96300,199.83900,199.92500
2025-08-15 09:00:00,199.92000,200.011002,199.78799,199.80200
2025-08-15 10:00:00,199.80499,199.85100,199.57201,199.60100
2025-08-15 11:00:00,199.60001,199.67300,199.29900,199.38000
2025-08-15 12:00:00,199.37801,199.54401,199.37100,199.47099
2025-08-15 13:00:00,199.47099,199.54601,199.39101,199.44600
2025-08-15 14:00:00,199.44701,199.46100,199.27699,199.33501
2025-08-15 15:00:00,199.33400,199.44701,199.19901,199.41200
2025-08-15 16:00:00,199.41200,199.44901,199.25999,199.35300
2025-08-15 17:00:00,199.35300,199.50600,199.23801,199.26801
2025-08-15 18:00:00,199.26401,199.26900,198.93500,198.93700
2025-08-15 19:00:00,198.93600,199.15401,198.90800,199.14000
2025-08-15 20:00:00,199.14000,199.27100,199.026993,199.24800
2025-08-15 21:00:00,199.25101,199.38600,199.22800,199.30200
2025-08-15 22:00:00,199.30200,199.50700,199.10300,199.19701
2025-08-15 23:00:00,199.19299,199.49400,199.11099,199.35800
2025-08-16 00:00:00,199.36600,199.43500,199.10400,199.11700
2025-08-16 01:00:00,199.11600,199.43100,199.11600,199.375
2025-08-16 02:00:00,199.375,199.61200,199.34900,199.56300
2025-08-16 03:00:00,199.55701,199.68800,199.53999,199.58200
2025-08-16 04:00:00,199.58200,199.63300,199.51900,199.52699
2025-08-16 05:00:00,199.52800,199.59900,199.44901,199.58200
2025-08-16 06:00:00,199.58099,199.61800,199.32401,199.43600
2025-08-16 07:00:00,199.48300,199.48300,199.48300,199.48300
2025-08-18 09:00:00,199.58800,199.77200,199.57201,199.58701
2025-08-18 10:00:00,199.58099,199.87700,199.56900,199.80200
2025-08-18 11:00:00,199.80200,200,199.76199,199.76601
2025-08-18 12:00:00,199.76700,199.89500,199.73399,199.80901
2025-08-18 13:00:00,199.80099,199.86900,199.73599,199.79500
2025-08-18 14:00:00,199.79500,199.98399,199.78400,199.88200
2025-08-18 15:00:00,199.88400,199.96700,199.83000,199.86700
2025-08-18 16:00:00,199.86900,199.89200,199.59100,199.61900
2025-08-18 17:00:00,199.62199,199.67101,199.37100,199.63000
2025-08-18 18:00:00,199.63200,199.71201,199.50200,199.59000
2025-08-18 19:00:00,199.59300,199.72099,199.48300,199.59399
2025-08-18 20:00:00,199.58900,199.70900,199.54500,199.58400
2025-08-18 21:00:00,199.58200,199.76801,199.57500,199.75600
2025-08-18 22:00:00,199.75101,200.11000,199.72900,200.080002
2025-08-18 23:00:00,200.072006,200.26700,200.042999,200.11200
2025-08-19 00:00:00,200.11301,200.14500,199.93100,199.95700
2025-08-19 01:00:00,199.95399,200.035004,199.70000,199.75101
2025-08-19 02:00:00,199.75301,199.80299,199.61000,199.64200
2025-08-19 03:00:00,199.65700,199.70900,199.54401,199.66499
2025-08-19 04:00:00,199.66600,199.69701,199.56799,199.69099
2025-08-19 05:00:00,199.68800,199.78200,199.64200,199.65100
2025-08-19 06:00:00,199.64600,199.74400,199.59801,199.66400
2025-08-19 07:00:00,199.65601,199.71400,199.43800,199.60001
2025-08-19 08:00:00,199.60001,199.81100,199.55200,199.72099
2025-08-19 09:00:00,199.74400,199.83299,199.74300,199.80299
2025-08-19 10:00:00,199.80600,199.86301,199.52299,199.52901
2025-08-19 11:00:00,199.53500,199.77200,199.26500,199.38100
2025-08-19 12:00:00,199.39000,199.52600,199.35100,199.51100
2025-08-19 13:00:00,199.51801,199.65800,199.42500,199.57800
2025-08-19 14:00:00,199.57300,199.63000,199.48700,199.54900
2025-08-19 15:00:00,199.54601,199.59300,199.30901,199.31100
2025-08-19 16:00:00,199.31100,199.47800,199.24400,199.46400
2025-08-19 17:00:00,199.46600,199.71201,199.43900,199.70500
2025-08-19 18:00:00,199.70500,199.78101,199.57401,199.63800
2025-08-19 19:00:00,199.63300,199.76601,199.60001,199.73900
2025-08-19 20:00:00,199.73900,199.75200,199.63800,199.73399
2025-08-19 21:00:00,199.73199,199.80299,199.62900,199.72200
2025-08-19 22:00:00,199.71800,199.86000,199.56599,199.65199
2025-08-19 23:00:00,199.64101,199.68800,199.45000,199.48900
2025-08-20 00:00:00,199.48199,199.59700,199.38100,199.46500
2025-08-20 01:00:00,199.46899,199.50800,199.28300,199.32899
2025-08-20 02:00:00,199.32300,199.32700,199.076996,199.13000
2025-08-20 03:00:00,199.13000,199.15700,198.88100,198.93700
2025-08-20 04:00:00,198.93201,198.96001,198.81400,198.92200
2025-08-20 05:00:00,198.91701,199.089996,198.82500,199.080994
2025-08-20 06:00:00,199.091003,199.24300,199.076996,199.18500
2025-08-20 07:00:00,199.17500,199.19400,198.96201,199.026001
2025-08-20 08:00:00,199.018997,199.17200,198.99100,199.12100
2025-08-20 09:00:00,199.11501,199.25999,199.11301,199.21700
2025-08-20 10:00:00,199.21700,199.24100,198.82500,198.92200
2025-08-20 11:00:00,198.92300,199.024994,198.67400,198.71899
2025-08-20 12:00:00,198.72200,198.78101,198.61900,198.73900
2025-08-20 13:00:00,198.74200,198.82899,198.67999,198.75
2025-08-20 14:00:00,198.75,198.89600,198.72800,198.85300
2025-08-20 15:00:00,198.84801,198.90199,198.74300,198.84399
2025-08-20 16:00:00,198.78700,199.035995,198.65199,198.79900
2025-08-20 17:00:00,198.79800,199.43201,198.75900,199.42200
2025-08-20 18:00:00,199.42200,199.44600,199.11301,199.24699
2025-08-20 19:00:00,199.24600,199.26801,199.029999,199.10600
2025-08-20 20:00:00,199.10600,199.11099,198.91701,198.96700
2025-08-20 21:00:00,198.96700,198.97600,198.73900,198.75900
2025-08-20 22:00:00,198.75900,198.85300,198.61600,198.65300
2025-08-20 23:00:00,198.65300,198.77400,198.21201,198.32700
2025-08-21 00:00:00,198.32700,198.46100,197.85300,198.041000
2025-08-21 01:00:00,198.044006,198.23000,197.89301,197.95599
2025-08-21 02:00:00,197.95599,198.14400,197.95200,198.020996
2025-08-21 03:00:00,198.018005,198.10400,197.92700,198.0090027
2025-08-21 04:00:00,198.018997,198.17400,197.98100,198.10201
2025-08-21 05:00:00,198.10001,198.26500,198.061996,198.22701
2025-08-21 06:00:00,198.22800,198.38000,198.16701,198.24400
2025-08-21 07:00:00,198.24699,198.32401,198.033005,198.13400
2025-08-21 08:00:00,198.13400,198.28500,198.11501,198.22600
2025-08-21 09:00:00,198.22600,198.45200,198.15300,198.34399
2025-08-21 10:00:00,198.32500,198.45399,198.19299,198.30901
2025-08-21 11:00:00,198.30901,198.45599,198.25,198.39200
2025-08-21 12:00:00,198.39200,198.43401,198.13200,198.16800
2025-08-21 13:00:00,198.16200,198.33800,198.12000,198.30200
2025-08-21 14:00:00,198.30299,198.33800,198.18600,198.23100
2025-08-21 15:00:00,198.23399,198.41200,198.20100,198.31700
2025-08-21 16:00:00,198.31599,198.50101,198.19000,198.37601
2025-08-21 17:00:00,198.375,198.59399,198.29300,198.57600
2025-08-21 18:00:00,198.57800,198.80701,198.46700,198.72600
2025-08-21 19:00:00,198.71201,199.10899,198.66299,198.98100
2025-08-21 20:00:00,198.98000,199.19501,198.91701,199.17400
2025-08-21 21:00:00,199.17200,199.23599,198.96201,198.99600
2025-08-21 22:00:00,198.99899,199.013000,198.61000,198.64700
2025-08-21 23:00:00,198.66100,198.85500,198.40700,198.40900
2025-08-22 00:00:00,198.40700,199.016998,198.39700,198.89700
2025-08-22 01:00:00,198.89400,199.082001,198.86301,198.98300
2025-08-22 02:00:00,198.98199,199.052002,198.84700,198.96100
2025-08-22 03:00:00,198.95700,199.072006,198.82401,198.98801
2025-08-22 04:00:00,198.98900,199.057007,198.91701,199.031998
2025-08-22 05:00:00,199.033997,199.11301,198.97800,198.98500
2025-08-22 06:00:00,198.98500,199.044998,198.92900,198.92999
2025-08-22 07:00:00,198.93600,199.018005,198.72701,198.89900
2025-08-22 08:00:00,198.89900,199.063995,198.86099,199.0039978
2025-08-22 09:00:00,199.0019989,199.14900,198.95300,199.072006
2025-08-22 10:00:00,199.074005,199.27299,198.91000,199.24001
2025-08-22 11:00:00,199.22701,199.33701,199.089005,199.19200
2025-08-22 12:00:00,199.19200,199.23500,199.087997,199.13200
2025-08-22 13:00:00,199.11900,199.28900,199.080994,199.22000
2025-08-22 14:00:00,199.21800,199.32401,199.15800,199.19800
2025-08-22 15:00:00,199.20200,199.24699,199.016006,199.089005
2025-08-22 16:00:00,199.091003,199.13699,198.84399,199.011002
2025-08-22 17:00:00,199.0099945,199.22800,198.94901,199.19099
2025-08-22 18:00:00,199.19400,199.39500,199.16299,199.34801
2025-08-22 19:00:00,199.34801,199.51700,199.30499,199.40500
2025-08-22 20:00:00,199.40601,199.49100,199.29500,199.29800
2025-08-22 21:00:00,199.29800,199.50999,199.29700,199.46899
2025-08-22 22:00:00,199.46899,199.53400,199.35500,199.44000
2025-08-22 23:00:00,199.43900,199.52400,199.33299,199.45399
2025-08-23 00:00:00,199.43800,199.46300,198.33701,198.58701
2025-08-23 01:00:00,198.58600,198.64301,198.40199,198.56500
2025-08-23 02:00:00,198.56300,198.62300,198.31300,198.40601
2025-08-23 03:00:00,198.39500,198.54401,198.37399,198.48100
2025-08-23 04:00:00,198.48500,198.65500,198.44099,198.61200
2025-08-23 05:00:00,198.61400,198.69701,198.55499,198.64101
2025-08-23 06:00:00,198.63699,198.78200,198.61099,198.68401
2025-08-23 07:00:00,198.76601,198.76601,198.76601,198.76601
2025-08-25 09:00:00,198.75500,199.011993,198.75301,198.92999
2025-08-25 10:00:00,198.92999,199.15300,198.83600,198.93401
2025-08-25 11:00:00,198.93401,198.95000,198.76100,198.88499
2025-08-25 12:00:00,198.88499,199.063995,198.85800,199.029999
2025-08-25 13:00:00,199.026993,199.089005,198.96800,199.067993
2025-08-25 14:00:00,199.065002,199.093994,198.90900,198.93100
2025-08-25 15:00:00,198.93100,199.074005,198.92700,199.0090027
2025-08-25 16:00:00,199.011993,199.10899,198.86600,198.95200
2025-08-25 17:00:00,198.95200,199.031006,198.81700,198.95300
2025-08-25 18:00:00,198.95200,198.99400,198.86099,198.87900
2025-08-25 19:00:00,198.87900,198.88100,198.73801,198.83900
2025-08-25 20:00:00,198.83900,198.91800,198.76801,198.89900
2025-08-25 21:00:00,198.89799,199.17101,198.87300,199.16499
2025-08-25 22:00:00,199.16499,199.18700,198.96700,199.026993
2025-08-25 23:00:00,199.026993,199.29100,198.98199,198.99400
2025-08-26 00:00:00,198.99899,199.18700,198.94000,199.13800
2025-08-26 01:00:00,199.13800,199.21800,198.93600,199.11200
2025-08-26 02:00:00,199.11200,199.13901,198.97400,198.99001
2025-08-26 03:00:00,198.99400,199.0030060,198.86600,198.89500
2025-08-26 04:00:00,198.89500,199.024994,198.87000,198.95100
2025-08-26 05:00:00,198.95100,198.98801,198.80099,198.86800
2025-08-26 06:00:00,198.87000,198.93401,198.66901,198.88200
2025-08-26 07:00:00,198.87700,198.95700,198.59399,198.69600
2025-08-26 08:00:00,198.68900,198.84100,198.67300,198.77200
2025-08-26 09:00:00,198.77200,198.90100,198.73801,198.87300
2025-08-26 10:00:00,198.86600,198.88901,198.26601,198.31200
2025-08-26 11:00:00,198.31200,198.54401,198.30299,198.46001
2025-08-26 12:00:00,198.45799,198.71600,198.43600,198.625
2025-08-26 13:00:00,198.62300,198.82300,198.60300,198.80800
2025-08-26 14:00:00,198.80901,198.88400,198.74001,198.84200
2025-08-26 15:00:00,198.84300,198.97099,198.79700,198.89600
2025-08-26 16:00:00,198.89400,198.97800,198.69299,198.89101
2025-08-26 17:00:00,198.89101,198.98399,198.54900,198.72600
2025-08-26 18:00:00,198.72600,198.80400,198.60001,198.67700
2025-08-26 19:00:00,198.67700,198.91701,198.625,198.88400
2025-08-26 20:00:00,198.88400,198.96500,198.78700,198.92599
2025-08-26 21:00:00,198.92599,199.011993,198.79401,198.89101
2025-08-26 22:00:00,198.89000,198.91600,198.71600,198.86900
2025-08-26 23:00:00,198.86900,199.016998,198.80400,198.89200
2025-08-27 00:00:00,198.89000,199.054993,198.80200,198.80600
2025-08-27 01:00:00,198.80499,198.86600,198.54601,198.60201
2025-08-27 02:00:00,198.60300,198.61501,198.36600,198.52901
2025-08-27 03:00:00,198.52901,198.60699,198.48700,198.56799
2025-08-27 04:00:00,198.56400,198.73399,198.53900,198.65601
2025-08-27 05:00:00,198.65500,198.75,198.59399,198.71600
2025-08-27 06:00:00,198.71201,198.73500,198.54500,198.62700
2025-08-27 07:00:00,198.61501,198.72000,198.47301,198.62399
2025-08-27 08:00:00,198.61900,198.79700,198.58299,198.75700
2025-08-27 09:00:00,198.73900,198.79900,198.64500,198.74200
2025-08-27 10:00:00,198.74200,198.87900,198.64000,198.79900
2025-08-27 11:00:00,198.81700,198.89700,198.74100,198.81200
2025-08-27 12:00:00,198.81100,198.90500,198.80701,198.86301
2025-08-27 13:00:00,198.86099,199,198.84900,198.94099
2025-08-27 14:00:00,198.93900,199.024002,198.91701,198.95200
2025-08-27 15:00:00,198.95200,198.99699,198.86501,198.88699
2025-08-27 16:00:00,198.89101,198.93300,198.75200,198.87100
2025-08-27 17:00:00,198.87100,198.92700,198.73199,198.77800
2025-08-27 18:00:00,198.77600,198.89500,198.66499,198.87199
2025-08-27 19:00:00,198.87100,198.97501,198.77901,198.97000
2025-08-27 20:00:00,198.97099,198.99100,198.79100,198.80200
2025-08-27 21:00:00,198.80701,199.0030060,198.77901,198.95700
2025-08-27 22:00:00,198.95700,199.061005,198.89600,199.020996
2025-08-27 23:00:00,199.020996,199.18500,198.89500,199.12100
2025-08-28 00:00:00,199.125,199.14400,198.92400,199.026001
2025-08-28 01:00:00,199.024994,199.042007,198.90500,198.95399
2025-08-28 02:00:00,198.95399,199.10100,198.84599,198.87399
2025-08-28 03:00:00,198.87300,198.98000,198.80701,198.94600
2025-08-28 04:00:00,198.94600,199.031006,198.90199,198.95599
2025-08-28 05:00:00,198.95900,199.091003,198.95799,199.050995
2025-08-28 06:00:00,199.048996,199.078003,198.90300,199.024994
2025-08-28 07:00:00,198.86800,198.98700,198.68600,198.88600
2025-08-28 08:00:00,198.88200,198.93900,198.70500,198.80099
2025-08-28 09:00:00,198.82001,198.96400,198.76199,198.95700
2025-08-28 10:00:00,198.95100,199.10400,198.875,198.90700
2025-08-28 11:00:00,198.91600,199.065994,198.82001,198.97000
2025-08-28 12:00:00,198.96800,199.13200,198.93201,199.011993
2025-08-28 13:00:00,199.013000,199.054001,198.67200,198.69099
2025-08-28 14:00:00,198.69000,198.83200,198.67400,198.72000
2025-08-28 15:00:00,198.72000,198.77901,198.57300,198.72600
2025-08-28 16:00:00,198.59000,198.97099,198.54800,198.92300
2025-08-28 17:00:00,198.91800,198.96700,198.61000,198.66100
2025-08-28 18:00:00,198.66000,198.77499,198.59200,198.68600
2025-08-28 19:00:00,198.68600,198.71001,198.59900,198.65700
2025-08-28 20:00:00,198.65601,198.80800,198.62801,198.65900
2025-08-28 21:00:00,198.65900,198.68700,198.46001,198.55901
2025-08-28 22:00:00,198.55901,198.69600,198.41299,198.625
2025-08-28 23:00:00,198.62801,198.73000,198.52800,198.66100
2025-08-29 00:00:00,198.65900,198.81300,198.50101,198.58200
2025-08-29 01:00:00,198.58099,198.72701,198.55600,198.65100
2025-08-29 02:00:00,198.64999,198.66400,198.60001,198.61600
