Datetime,Open,High,Low,Close,Volume,EMA_21,EMA_44,RSI_14,ATR_14,Engulfing_Signal,Price_Position,Volume_Ratio,Label
2023-08-25 14:30:00+00:00,34121.44922,34243.94141,34029.21875,34241.89844,0,34241.89844,34241.89844,,,0,,,
2023-08-25 15:30:00+00:00,34241.53906,34296.69141,34161.98047,34296.64844,23763182,34246.87571,34244.33177,,,0,,,
2023-08-25 16:30:00+00:00,34297.16016,34313.46875,34218.07031,34241.28125,21866942,34246.36712,34244.19619,,,-1,,,
2023-08-25 17:30:00+00:00,34242.51172,34403.19141,34205.37109,34399.60156,21251282,34260.29753,34251.1031,,,0,,,
2023-08-25 18:30:00+00:00,34399.80859,34441.91016,34351.73828,34398.35938,25758911,34272.8486,34257.64782,,,0,,,
2023-08-25 19:30:00+00:00,34398.46875,34421.30078,34317.26953,34346.37109,32381891,34279.53247,34261.59108,,,0,,,
2023-08-28 13:30:00+00:00,34441.64063,34652.91016,34441.64063,34611.71875,0,34309.73122,34277.15231,,,0,,,
2023-08-28 14:30:00+00:00,34612.5,34616.53125,34502.28125,34516.32813,25349327,34328.51276,34287.78234,,,0,,,
2023-08-28 15:30:00+00:00,34516.67188,34557.07031,34485.57031,34502.37891,21670156,34344.31877,34297.31997,,,0,,,
2023-08-28 16:30:00+00:00,34502.32813,34609.53906,34488.37109,34575,19507980,34365.28979,34309.6613,,,1,,,
2023-08-28 17:30:00+00:00,34574.87109,34586.14063,34447.67188,34455.80078,19907493,34373.51806,34316.15639,,,0,,,
2023-08-28 18:30:00+00:00,34455.83984,34525.42188,34442.73047,34507.5,20534504,34385.69824,34324.66055,,,0,,,
2023-08-28 19:30:00+00:00,34506.55078,34609.21094,34498.73828,34558.10156,32012138,34401.37127,34335.03571,,,0,,,
2023-08-29 13:30:00+00:00,34531.12109,34709.46875,34531.12109,34686,48182728,34427.24661,34350.63412,69.85476976,140.0209263,0,,,
2023-08-29 14:30:00+00:00,34686.17969,34732.94922,34607.71875,34697.42969,32652813,34451.80871,34366.04726,70.15973447,133.6286272,0,,,
2023-08-29 15:30:00+00:00,34697.66016,34807.16016,34697.66016,34799.48047,23893024,34483.41523,34385.31096,71.35883507,131.844308,0,,,
2023-08-29 16:30:00+00:00,34799.55078,34806.80859,34751.03906,34794.12109,19523072,34511.66122,34403.48029,74.52493094,129.0136719,0,,,
2023-08-29 17:30:00+00:00,34794.35938,34824.23047,34759.28125,34777.32031,20809599,34535.81204,34420.09541,69.1622937,119.5228795,0,,,
2023-08-29 18:30:00+00:00,34788.76953,34837.44922,34765.01953,34831.78906,27851791,34562.71905,34438.3929,70.86194319,118.2555804,0,,,
2023-08-29 19:30:00+00:00,34831.25,34864.42188,34818.39844,34854.94922,37744971,34589.28543,34456.90652,75.17771916,114.1121652,0,,1.590394284,
2023-08-30 13:30:00+00:00,34847.80078,35025.57031,34811.73828,34824.98828,50809219,34610.71296,34473.26571,63.76661035,107.4902344,0,,1.933854267,
2023-08-30 14:30:00+00:00,34825.39063,34891.67969,34819.85156,34888.92188,25487869,34636.00468,34491.73931,75.06912249,104.4601004,0,,0.9669224736,
2023-08-30 15:30:00+00:00,34888.71094,34922.96875,34882.76172,34907.67969,19554147,34660.70241,34510.22555,77.09442062,102.2248884,0,,0.7450860541,
2023-08-30 16:30:00+00:00,34908.37109,34932.78125,34893.03906,34893.26953,17958435,34681.84487,34527.24973,73.07202202,96.40876116,0,,0.6886034111,
2023-08-30 17:30:00+00:00,34893.01172,34915.96875,34834.17188,34839.14844,19384580,34696.1452,34541.11189,80.68488097,92.36077009,0,,0.7524840026,
2023-08-30 18:30:00+00:00,34839.21094,34913.51172,34836.17188,34891.91016,23137155,34713.94201,34556.70293,80.71767915,91.97851563,0,,0.9145644693,
2023-08-30 19:30:00+00:00,34891.78906,34902.48047,34869,34893.25,33916551,34730.24274,34571.66058,79.06987775,86.47907366,0,,1.256430191,
2023-08-31 13:30:00+00:00,34909.08984,35070.21094,34909.08984,34996.37891,0,34754.43693,34590.53695,78.13015556,86.38002232,0,,0,
2023-08-31 14:30:00+00:00,35002.16016,35012.94922,34915.83984,34945.23828,28246559,34771.78251,34606.30145,70.95120775,84.37137277,0,,1.084082368,
2023-08-31 15:30:00+00:00,34945.5,34945.5,34862.78906,34877.28906,25653657,34781.37402,34618.34534,56.98094163,82.44140625,0,,0.9730926738,
2023-08-31 16:30:00+00:00,34876.89844,34885.57813,34807.35156,34871.12891,26779738,34789.53355,34629.58017,56.89918249,84.04547991,0,,1.002737541,
2023-08-31 17:30:00+00:00,34871.39063,34878.44141,34818.19922,34865.78906,27284581,34796.46587,34640.07834,58.0921551,83.70926339,0,,1.00889101,
2023-08-31 18:30:00+00:00,34865.69141,34866.55078,34744.42188,34764.48828,29595957,34793.55882,34645.60767,44.32984262,87.25920759,0,,1.099268384,
2023-08-31 19:30:00+00:00,34764.64063,34794.53906,34724.42188,34727.12891,49496381,34787.51973,34649.23084,39.48265,88.98018973,0,,1.833946123,
2023-09-01 13:30:00+00:00,34876.23828,34979.17969,34844.35938,34923.32813,0,34799.86595,34661.41294,56.35350471,91.71010045,0,,0,
2023-09-01 14:30:00+00:00,34923.35938,34923.35938,34768.66016,34775.64063,36790640,34797.66365,34666.48973,43.39588267,97.62946429,-1,,1.414956855,1
2023-09-01 15:30:00+00:00,34775.83984,34783.14063,34720.69922,34773.66016,25745225,34795.48151,34671.25286,42.03098506,99.21763393,0,,0.9784463307,
2023-09-01 16:30:00+00:00,34773.48828,34798.92188,34754.26953,34769.53125,22846035,34793.1224,34675.62078,42.55125028,99.56835938,0,,0.8649157276,
2023-09-01 17:30:00+00:00,34769.23828,34803.17188,34758.64063,34783.62109,21841503,34792.25864,34680.4208,46.48812906,96.90652902,1,,0.8364014418,0
2023-09-01 18:30:00+00:00,34783.12891,34834.26953,34764.48828,34832.26953,24653566,34795.896,34687.16963,46.20825303,96.36662946,0,,0.9683600669,
2023-09-01 19:30:00+00:00,34832.14063,34853.35156,34810.73828,34831.57813,38095740,34799.13983,34693.58779,46.07587763,97.01897321,0,,1.534669526,
2023-09-05 13:30:00+00:00,34843.21875,34871.26172,34730.55078,34790.12891,0,34798.32065,34697.8785,35.75867426,94.4296875,0,,0,
2023-09-05 14:30:00+00:00,34790.46094,34815.67188,34731.42969,34777.76953,36858668,34796.45237,34701.42922,37.78213488,93.51060268,0,,1.509719536,
2023-09-05 15:30:00+00:00,34777.57031,34800.76953,34767.32813,34782.58984,24948815,34795.19214,34705.03635,42.39015111,89.99135045,0,,1.007472508,
2023-09-05 16:30:00+00:00,34783.01172,34787.53906,34691.33984,34693.08984,20971985,34785.91011,34704.5054,37.38304304,91.27511161,-1,,0.8441761733,1
2023-09-05 17:30:00+00:00,34693.07813,34743.19141,34683.62891,34739.19922,21073734,34781.66367,34706.04735,41.5191119,91.2265625,0,,0.8518093097,
2023-09-05 18:30:00+00:00,34738.71094,34751.80859,34681.92969,34692.03906,26365034,34773.51598,34705.42476,44.76661832,87.49441964,0,,1.08220224,
2023-09-05 19:30:00+00:00,34692.05859,34731.12109,34635.62891,34641.87109,39084013,34761.54826,34702.60015,43.95327962,89.30691964,0,,1.485147228,
2023-09-06 13:30:00+00:00,34611.67969,34611.67969,34487.5,34502.66016,0,34738.01298,34693.71393,17.54124746,82.32979911,0,,0,
2023-09-06 14:30:00+00:00,34502.76172,34525.30859,34414.82813,34437.62109,35918347,34710.70462,34682.33202,20.10557517,79.17131696,0,0.3923202774,1.413134639,
2023-09-06 15:30:00+00:00,34437.51172,34461.10938,34383.76172,34386.92188,27363526,34681.26983,34669.20268,18.510461,80.23604911,0,0.2476699626,1.075327624,
2023-09-06 16:30:00+00:00,34385.46875,34389.89063,34291.55859,34367.53125,28693122,34652.74814,34655.79506,18.06157284,84.0703125,0,0.1875031053,1.124465775,
2023-09-06 17:30:00+00:00,34367.33984,34447.37109,34357.85156,34438.12109,25590096,34633.23659,34646.12066,24.81176028,87.28376116,1,0.2691249735,1.010794187,1
2023-09-06 18:30:00+00:00,34437.98047,34472.78906,34419.16016,34448.44141,30816810,34616.43703,34637.33492,20.36112016,86.13002232,0,0.2014799207,1.263872718,
2023-09-06 19:30:00+00:00,34456.64844,34469.42969,34429.03906,34441.10938,48013628,34600.49815,34628.61378,20.15442309,85.97126116,0,0.1920636115,1.792655342,
2023-09-07 13:30:00+00:00,34351.17969,34524.39844,34351.17969,34392.5,0,34581.58923,34618.11984,19.93620603,88.29324777,0,0.1296360398,0,
2023-09-07 14:30:00+00:00,34392.28906,34501.05859,34372.26953,34477.17188,44608939,34572.09674,34611.85548,29.51274447,91.47516741,0,0.2383776055,1.723205941,
2023-09-07 15:30:00+00:00,34476.5,34560.85938,34470.10156,34553.51953,34726658,34570.4079,34609.26278,35.77465335,95.56919643,0,0.3364286252,1.3113698,
2023-09-07 16:30:00+00:00,34552.5,34557.92188,34489.01172,34541.73828,27977879,34567.80157,34606.26169,39.59682529,93.61997768,0,0.3212983169,1.044417267,
2023-09-07 17:30:00+00:00,34541.48828,34545.39063,34482.80078,34483.01172,31935623,34560.09341,34600.78391,32.69113021,93.83621652,0,0.2458775428,1.176173729,
2023-09-07 18:30:00+00:00,34482.53906,34511.85156,34456.32031,34505.01953,35615884,34555.08669,34596.52772,36.91978165,92.81138393,0,0.2741415206,1.317733539,
2023-09-07 19:30:00+00:00,34505.28906,34536.87109,34493.10938,34503.30859,53833628,34550.37959,34592.38464,39.60423896,89.11635045,0,0.2719442145,1.8113713,
2023-09-08 13:30:00+00:00,34487.41016,34610.67969,34478.19922,34604.67969,0,34555.31596,34592.93109,58.11485139,87.55273438,1,0.4021320892,0,1
2023-09-08 14:30:00+00:00,34605,34619.16016,34568.60938,34606.16016,37245844,34559.93816,34593.51905,64.91393018,83.27204241,0,0.4040334111,1.307250707,
2023-09-08 15:30:00+00:00,34606.26953,34627.85156,34555.26172,34589.85156,27403518,34562.65756,34593.35605,69.12091633,82.93219866,-1,0.3830887702,0.9510713643,0
2023-09-08 16:30:00+00:00,34589.89844,34616.78906,34557.05078,34586.19141,21456143,34564.797,34593.03762,71.23252338,80.17550223,0,0.3783881406,0.7441668835,
2023-09-08 17:30:00+00:00,34586.08984,34610.01953,34533.05859,34546.25,23035960,34563.11091,34590.95817,61.16412445,79.27845982,0,0.3270925828,0.8035992238,
2023-09-08 18:30:00+00:00,34546.26953,34554.37109,34498.55078,34501.92969,27982823,34557.54898,34587.00135,55.16027646,79.43498884,0,0.2701733263,0.9954431092,
2023-09-08 19:30:00+00:00,34502.32031,34585.32031,34495.67969,34582.80078,41510331,34559.8446,34586.81466,61.97105008,82.95284598,0,0.3740336619,1.375131808,
2023-09-11 13:30:00+00:00,34650.01172,34784.51953,34608.69922,34714.39844,0,34573.89495,34592.48505,73.85150624,84.98856027,0,0.54304061,0,
2023-09-11 14:30:00+00:00,34714.55078,34714.98828,34591.60938,34625.80859,33927700,34578.61437,34593.96609,60.94986504,84.60212054,-1,0.4292673138,1.181378871,1
2023-09-11 15:30:00+00:00,34624.53125,34655.96875,34578.58984,34651.44922,27824267,34585.23572,34596.5209,57.79685265,83.64648438,0,0.4621968044,0.9703221954,
2023-09-11 16:30:00+00:00,34651.82813,34679.82031,34642.85156,34678.42969,22838715,34593.7079,34600.16129,60.62577052,81.36495536,0,0.4968470163,0.8002992881,
2023-09-11 17:30:00+00:00,34678.37109,34692.55078,34655.92188,34678.44922,22392039,34601.41166,34603.64075,66.71834902,79.51060268,0,0.4968720997,0.7964026733,
2023-09-11 18:30:00+00:00,34678.01953,34690.96094,34648.21875,34665.78125,27818685,34607.26344,34606.40255,63.97538729,78.59709821,0,0.480603005,1.026264811,
2023-09-11 19:30:00+00:00,34665.91016,34667.62109,34630.39844,34666.87891,41307338,34612.68303,34609.09039,64.23472302,78.13002232,0,0.4820126922,1.415987873,
2023-09-12 13:30:00+00:00,34620.01953,34643.32813,34560.55078,34592.92969,0,34610.88727,34608.37214,48.92620516,76.26199777,0,0.3870419144,0,
2023-09-12 14:30:00+00:00,34592.37109,34670.92969,34578.51953,34669.98047,41796948,34616.25938,34611.11029,55.12452167,79.25195313,1,0.5245727653,1.531294868,1
2023-09-12 15:30:00+00:00,34670.67188,34762.14063,34670.67188,34750.76953,27523696,34628.48757,34617.31736,61.70864669,80.64983259,0,0.6678255535,1.009212184,
2023-09-12 16:30:00+00:00,34750.46875,34845.55859,34723.42969,34840.53906,23421406,34647.76498,34627.23833,66.44591611,85.1063058,0,0.7983764223,0.8724113448,
2023-09-12 17:30:00+00:00,34840.01953,34852.60938,34710.23828,34717.39844,39935905,34654.09529,34631.24544,59.99133449,89.77845982,0,0.6192943288,1.475678155,
2023-09-12 18:30:00+00:00,34717.37891,34724.55859,34600.5,34620.98047,34772191,34651.08486,34630.78922,56.55146025,94.65262277,0,0.4790747084,1.331774157,
2023-09-12 19:30:00+00:00,34621.21094,34659.07813,34620.21094,34645.10156,44552628,34650.54092,34631.42533,53.65687007,91.02594866,0,0.514153757,1.572225202,
2023-09-13 13:30:00+00:00,34667.28125,34767.10938,34598.75,34635.16016,0,34649.14267,34631.59132,44.57402702,88.64313616,0,0.4996960763,0,
2023-09-13 14:30:00+00:00,34635.32031,34737.96875,34634.10938,34725.60938,34890956,34656.09419,34635.7699,56.81666587,87.24888393,0,0.6870057685,1.299506636,
2023-09-13 15:30:00+00:00,34725.67969,34728.98828,34674.14063,34705.57031,27892692,34660.59202,34638.87214,53.72512327,85.63950893,0,0.7141788631,1.026553028,
2023-09-13 16:30:00+00:00,34705.92969,34716.01172,34660.51953,34669.98047,21315271,34661.44551,34640.25473,49.42525681,86.96261161,0,0.6527856392,0.7869717445,
2023-09-13 17:30:00+00:00,34669.96094,34688.55859,34628.5,34643.5,22642232,34659.8141,34640.39897,47.7052502,88.63616071,0,0.6071062775,0.8442876186,
2023-09-13 18:30:00+00:00,34643.71094,34652.64063,34509.94922,34540.28906,30092788,34648.94819,34635.94964,42.63584016,95.77539063,0,0.4290652543,1.146511036,
2023-09-13 19:30:00+00:00,34540.10938,34603.92188,34540.10938,34575.76172,42049568,34642.29487,34633.27462,44.86039379,97.67466518,0,0.4902563273,1.483242926,
2023-09-14 13:30:00+00:00,34785.35156,34823.67969,34688.55078,34724.53125,0,34649.77091,34637.33047,56.84539049,107.7882254,0,0.7468868764,0,
2023-09-14 14:30:00+00:00,34724.76953,34828.53125,34724.76953,34798.55078,36575451,34663.29635,34644.49582,56.70887314,108.6160714,0,0.9036475921,1.350099725,
2023-09-14 15:30:00+00:00,34799.10938,34896.60156,34790.51172,34884.07813,28269979,34683.36742,34655.14392,56.92189116,109.6110491,0,0.9793015734,1.03316549,
2023-09-14 16:30:00+00:00,34883.85938,34938.48828,34883.53125,34913.53906,22856420,34704.29212,34666.62815,54.04369125,104.813058,0,0.9614344198,0.8346112597,
2023-09-14 17:30:00+00:00,34913.57031,34933.28125,34890.85938,34899.55078,25900912,34722.0429,34676.98026,61.47794795,97.67382813,0,0.9398118517,0.9491053038,
2023-09-14 18:30:00+00:00,34899.21875,34977.96875,34897.07813,34924.89063,29045208,34740.48361,34687.9985,71.03446038,94.59040179,1,0.9226728735,1.088785132,0
2023-09-14 19:30:00+00:00,34924.46875,34939.23047,34903.30859,34910.89063,44941031,34755.97515,34697.90482,68.6573876,94.38002232,0,0.9022769049,1.553775326,
2023-09-15 13:30:00+00:00,34902.03906,34902.03906,34777.57031,34798.28125,0,34759.82116,34702.36599,60.00795671,91.87723214,0,0.738221385,0,
2023-09-15 14:30:00+00:00,34796.35938,34812.44141,34674.30078,34755.85156,36046017,34759.46029,34704.74313,51.97162008,94.32589286,0,0.6764074869,1.322302777,
2023-09-15 15:30:00+00:00,34756.55078,34764.64063,34704.48047,34714.39844,26432299,34755.36376,34705.17226,50.55991041,94.70535714,0,0.6160162986,0.9643101863,
2023-09-15 16:30:00+00:00,34713.87109,34741.87109,34597.60156,34603.05078,32045579,34741.51712,34700.63352,46.12724445,101.046596,0,0.4537989199,1.186167698,
2023-09-15 17:30:00+00:00,34602.51953,34668.23047,34572.26953,34624.05859,28168531,34730.83908,34697.23019,48.86789105,103.6110491,0,0.4353600319,1.055559457,
2023-09-15 18:30:00+00:00,34624.07031,34680.92188,34618.78125,34646.32813,30558823,34723.15626,34694.96788,56.81751971,97.85742188,0,0.4708895786,1.175964061,
2023-09-15 19:30:00+00:00,34646.48828,34660.30078,34588.37891,34617.26172,55373104,34713.52948,34691.51427,52.69030134,98.43666295,-1,0.4245160727,1.925696618,1
2023-09-18 13:30:00+00:00,34612.28906,34679.30078,34545.35156,34603.17188,0,34703.49697,34687.58794,40.4683013,90.29603795,0,0.40203667,0,
2023-09-18 14:30:00+00:00,34603.58984,34659.66016,34595.03906,34659.66016,26579020,34699.51181,34686.34671,38.78246384,87.48325893,0,0.474477457,0.9864317343,
2023-09-18 15:30:00+00:00,34659.75,34714.71094,34659.75,34697.60156,21348711,34699.33815,34686.84692,33.68511709,83.83761161,0,0.462536131,0.7922692152,
2023-09-18 16:30:00+00:00,34697.67969,34725.05859,34683.21094,34692.80859,20251820,34698.74455,34687.11189,29.81705444,82.90122768,0,0.4533480104,0.7549110551,
2023-09-18 17:30:00+00:00,34692.73828,34713.17969,34658.48828,34663.94141,17953843,34695.58063,34686.08209,29.02723302,83.77762277,0,0.398009615,0.6847432925,
2023-09-18 18:30:00+00:00,34664.23047,34674.73828,34614.10938,34633.87109,22688844,34689.97067,34683.7616,24.31124015,82.33035714,0,0.340364829,0.8985047533,
2023-09-18 19:30:00+00:00,34633.82813,34633.82813,34600.98828,34622.78906,34428337,34683.86325,34681.05171,24.43712741,82.11328125,0,0.2893130427,1.276390696,
2023-09-19 13:30:00+00:00,34571.83984,34597.55859,34420.35156,34454.39063,0,34663.00211,34670.97788,22.23574826,87.05022321,0,0.06104378284,0,
2023-09-19 14:30:00+00:00,34454.55859,34455.10156,34367.85938,34396.32813,29056710,34638.75902,34658.77123,21.68828133,83.41462054,0,0.04666171537,1.153787579,
2023-09-19 15:30:00+00:00,34396.07031,34401.66016,34338.96875,34355.55859,28856213,34613.01352,34645.29511,21.71165678,83.59542411,0,0.02596219679,1.132337779,
2023-09-19 16:30:00+00:00,34355.82031,34399,34311.69141,34389.78125,22168613,34592.71968,34633.93894,30.85994741,79.52678571,0,0.1172032105,0.8763289941,
2023-09-19 17:30:00+00:00,34390.03125,34473.42969,34389.80078,34450.92969,23181555,34579.82968,34625.80519,35.50663501,78.64732143,0,0.2089794626,0.927115623,
2023-09-19 18:30:00+00:00,34451,34534.60156,34450,34493.60156,31211911,34571.99076,34619.92948,37.63691786,80.25167411,0,0.2730246765,1.283516624,
2023-09-19 19:30:00+00:00,34493.55859,34554.94141,34475.89063,34516.89063,42888985,34566.98166,34615.34997,41.79833381,80.7608817,0,0.3079786829,1.620779719,
2023-09-20 13:30:00+00:00,34575.5,34691.73047,34571.83984,34681.60156,0,34577.40165,34618.29449,55.14282494,83.68164063,0,0.5551894563,0,
2023-09-20 14:30:00+00:00,34681.64844,34724.42188,34656.60938,34687.37891,33187671,34587.39958,34621.36491,51.94707555,83.90959821,0,0.5638605357,1.327644198,
2023-09-20 15:30:00+00:00,34686.89063,34731.96875,34682.55078,34731.96875,23055154,34600.54223,34626.28063,52.39174877,83.50725446,0,0.6307843838,0.9391907772,
2023-09-20 16:30:00+00:00,34732.01953,34776.28125,34724.55859,34740.05859,18336011,34613.22554,34631.33743,53.27329408,84.21261161,0,0.6429262401,0.7622135044,
2023-09-20 17:30:00+00:00,34739.53125,34739.71875,34585.03906,34671.05078,28568286,34618.48238,34633.10247,50.46656139,91.37890625,0,0.5393540368,1.192494752,
2023-09-20 18:30:00+00:00,34670.73828,34745.92969,34543.71875,34598.05078,35297454,34616.62496,34631.54462,47.77463914,101.4919085,0,0.4297900532,1.537817291,
2023-09-20 19:30:00+00:00,34598.01172,34600.05078,34434.28906,34438.60938,48159202,34600.44173,34622.96972,40.33866909,110.9832589,0,0.1904881953,1.898953496,
2023-09-21 13:30:00+00:00,34332.23047,34378.30078,34186.80078,34313.80859,0,34574.38417,34609.22922,42.27216312,114.5097656,0,0.1605320457,0,
2023-09-21 14:30:00+00:00,34313.44141,34353.28125,34226.03906,34249.10156,41530960,34544.81302,34593.22355,41.9656028,117.3669085,0,0.07874532806,1.658513234,
2023-09-21 15:30:00+00:00,34249.12891,34312.05078,34228.10938,34247.17969,29125948,34517.75545,34577.84382,43.82371143,118.8847656,0,0.07631616627,1.142875962,
2023-09-21 16:30:00+00:00,34247.03906,34312.87891,34205.21875,34305.05859,24615467,34498.41937,34565.72003,45.2985932,120.3384487,1,0.1494724473,0.9534276362,0
2023-09-21 17:30:00+00:00,34305.30078,34314.14063,34212.87109,34213.21094,23605849,34472.49133,34550.05296,37.24321242,121.5970982,-1,0.03338122534,0.9127013584,1
2023-09-21 18:30:00+00:00,34212.30078,34243.28906,34119.89844,34124.57813,31125905,34440.86286,34531.14297,31.12789165,124.3677455,0,0.005453734306,1.211190937,
2023-09-21 19:30:00+00:00,34123.55078,34131.07031,34058.71875,34065.26953,48963003,34406.71801,34510.43748,27.72445099,123.8892299,0,0.007126223824,1.739561831,
2023-09-22 13:30:00+00:00,34077.07813,34139.66016,34007.30859,34112.46875,0,34379.96808,34492.74998,18.24755479,120.8543527,0,0.1083387997,0,
2023-09-22 14:30:00+00:00,34113.28906,34148.85938,34072.28125,34148.14844,33669358,34358.89356,34477.43436,20.88719984,121.4804688,0,0.1450969661,1.250042687,
2023-09-22 15:30:00+00:00,34148.19141,34156.14844,34078.98047,34111.46094,23634888,34336.39969,34461.16887,16.2107547,123.4626116,-1,0.1073005244,0.8751108082,1
2023-09-22 16:30:00+00:00,34111.69141,34148.23047,34044.57813,34061.94922,22605282,34311.44965,34443.42578,14.66800182,127.171875,0,0.05629223024,0.837882283,
2023-09-22 17:30:00+00:00,34061.96875,34061.96875,33982.82031,34011.67969,24612445,34284.19783,34424.23706,14.96012322,121.7525112,0,0.02900007066,0.9235753213,
2023-09-22 18:30:00+00:00,34011.71094,34149.67188,33978.73828,34115.14063,25385851,34268.82899,34410.49944,25.14225967,119.5184152,0,0.1365073905,0.9849427076,
2023-09-22 19:30:00+00:00,34111.51953,34119.25,33947.23828,33958.07813,38131284,34240.57892,34390.39183,25.2039862,119.9648438,0,0.0105166618,1.377550361,
2023-09-25 13:30:00+00:00,33907.58984,33924.37109,33809.51172,33822.51953,0,34202.57352,34365.15306,24.92723576,112.5904018,0,0.0111324697,0,
2023-09-25 14:30:00+00:00,33821.75,33945.60938,33780.67188,33912.73047,29198495,34176.22415,34345.04539,33.26895651,115.2829241,1,0.1102972842,1.109016241,0
2023-09-25 15:30:00+00:00,33913.33984,33989.51172,33904.16016,33980.87109,21817972,34158.46478,34328.85987,37.57250511,115.3836496,0,0.1672093387,0.8232456852,
2023-09-25 16:30:00+00:00,33980.87109,33986.5,33901.32813,33920.44922,19255843,34136.827,34310.70828,32.09440537,113.7773438,0,0.116744098,0.7395637083,
2023-09-25 17:30:00+00:00,33920.71875,33983.62891,33899.71094,33928.37109,18240638,34117.87646,34293.71552,35.6151142,112.5379464,0,0.1233605648,0.7242970261,
2023-09-25 18:30:00+00:00,33927.85938,33972.69922,33867.89063,33933.33984,23148233,34101.10041,34277.69882,39.45069579,111.2106585,0,0.1275105381,0.9671948407,
2023-09-25 19:30:00+00:00,33933.37891,34017.53125,33920.57813,34004.23828,33369597,34092.29476,34265.54502,46.67582955,112.9679129,0,0.1929694428,1.303405646,
2023-09-26 13:30:00+00:00,33862.67969,33879.92969,33704.17188,33754.35156,0,34061.57265,34242.82531,34.02232183,124.9475446,0,0.04189086071,0,
2023-09-26 14:30:00+00:00,33755.44141,33790.85156,33674.78906,33674.78906,33126491,34026.41051,34217.57925,29.67651479,127.7678571,0,0,1.396249954,
2023-09-26 15:30:00+00:00,33674.73828,33737.96875,33658.16016,33723.44922,24773927,33998.86857,34195.61792,33.51040695,127.9564732,0,0.05839176353,1.04384877,
2023-09-26 16:30:00+00:00,33723.51953,33745.67188,33677.51953,33678.35938,19707700,33969.73137,34172.62865,33.63682718,125.4207589,0,0.01806532303,0.8372593527,
2023-09-26 17:30:00+00:00,33677.48828,33686.03906,33584.69141,33591.85156,25021765,33935.37866,34146.81634,32.6280638,127.0064174,0,0.006008910102,1.076986,
2023-09-26 18:30:00+00:00,33591.96875,33641.89844,33569.60156,33595.26953,30391840,33904.45965,34122.30314,26.54664519,119.9609375,0,0.02127156777,1.362582904,
2023-09-26 19:30:00+00:00,33594.98047,33643.82813,33584.30859,33620.53125,41236236,33878.64798,34100.00217,32.71663213,111.9257813,0,0.0422064679,1.692340646,
2023-09-27 13:30:00+00:00,33682.80859,33731.64844,33574.19141,33616.98047,0,33854.86002,34078.53454,37.83072454,112.5608259,0,0.03926386326,0,
2023-09-27 14:30:00+00:00,33616.85156,33616.85156,33498.42969,33564.07813,32871279,33828.4253,34055.66981,28.40336622,109.2474888,0,0.05137407147,1.420248119,
2023-09-27 15:30:00+00:00,33564.48828,33571.64844,33420.19922,33445.39063,26631116,33793.60397,34028.54629,18.78532296,113.96875,0,0.01857660943,1.140712558,
2023-09-27 16:30:00+00:00,33445.87891,33495.07813,33335.98047,33341,24900147,33752.45815,33997.98868,17.86931904,119.2491629,0,0.003485057646,1.065911754,
2023-09-27 17:30:00+00:00,33340.39844,33452.78125,33306.30078,33452.78125,26943323,33725.2148,33973.75724,26.3521414,123.7179129,1,0.09964790136,1.149542823,1
2023-09-27 18:30:00+00:00,33453.03125,33639.91016,33453.03125,33595.69922,35283281,33713.44066,33956.95466,35.23672884,129.5979353,0,0.1968723011,1.514570798,
2023-09-27 19:30:00+00:00,33593.71094,33593.71094,33482.66016,33552.17969,41999409,33698.78057,33938.96466,29.74895969,130.7469308,0,0.1672667845,1.653789294,
2023-09-28 13:30:00+00:00,33519.44141,33643.21094,33473.5,33602.94922,0,33690.06863,33924.03064,41.7448681,121.4358259,1,0.2018043394,0,1
2023-09-28 14:30:00+00:00,33603.48047,33690.12109,33524.17188,33683.5,35277965,33689.47148,33913.34039,50.4744479,124.9991629,0,0.2566015173,1.433542677,
2023-09-28 15:30:00+00:00,33684.83984,33773.71094,33684.83984,33771.76953,31949071,33696.95312,33907.04835,52.52294514,125.7421875,0,0.3166496153,1.265630491,
2023-09-28 16:30:00+00:00,33771.62891,33777.89844,33636.33984,33636.37891,23373595,33691.44637,33895.0186,47.99695825,130.9854911,0,0.2245459256,0.9166026273,
2023-09-28 17:30:00+00:00,33636.30859,33696.08984,33592.35938,33676.01172,21892284,33690.04322,33885.28496,54.20362356,131.155692,0,0.2515073808,0.8606319769,
2023-09-28 18:30:00+00:00,33676.16016,33747.46875,33589.82813,33743.58984,29450345,33694.9111,33878.9874,56.96206709,137.2516741,0,0.2974795052,1.166743584,
2023-09-28 19:30:00+00:00,33743.55078,33746.55078,33618.82813,33662.48047,37451967,33691.96286,33869.36487,51.87097763,142.1233259,0,0.2423023265,1.381273392,
2023-09-29 13:30:00+00:00,33882.60938,33893.67969,33682.58984,33707.12891,0,33693.34159,33862.15438,53.87852509,147.390625,0,0.2726758168,0,
2023-09-29 14:30:00+00:00,33707.05859,33772.96094,33654.82031,33683.71875,34918545,33692.46679,33854.22391,55.28141813,147.3613281,0,0.2567503288,1.344831653,
2023-09-29 15:30:00+00:00,33684.01172,33698.73047,33580.85938,33632.66016,25911909,33687.02982,33844.37663,58.79177104,144.9628906,0,0.2220161301,0.9861734717,
2023-09-29 16:30:00+00:00,33634.08984,33645.76172,33449.17969,33516.76953,23618109,33671.55161,33829.81632,58.16372813,147.640346,0,0.1431779228,0.9012818175,
2023-09-29 17:30:00+00:00,33516.78125,33536.25,33420.5,33425.01172,23378166,33649.13889,33811.825,48.68578189,145.4453125,0,0.08245940116,0.9042260756,
2023-09-29 18:30:00+00:00,33427.23828,33569.48828,33407.44922,33508.64063,29194348,33636.36632,33798.35014,45.63491286,143.6531808,0,0.1405500007,1.156109105,
2023-09-29 19:30:00+00:00,33508.98047,33602.33984,33459.87891,33514.39063,47910484,33625.27762,33785.72972,48.03068179,145.7547433,0,0.1608423913,1.732888003,
2023-10-02 13:30:00+00:00,33455.5,33491.28906,33351.44141,33395.98047,0,33604.43243,33768.40753,39.92446774,145.2717634,0,0.08365642491,0,
2023-10-02 14:30:00+00:00,33401.28906,33492.69141,33329.07031,33488.83984,33929674,33593.92401,33755.9823,40.63588703,145.1054688,0,0.1743481067,1.286719455,
2023-10-02 15:30:00+00:00,33488.71875,33511.91016,33256.44141,33293.80078,28321527,33566.64008,33735.4409,29.14920012,156.9095982,0,0.03532136012,1.067118066,
2023-10-02 16:30:00+00:00,33293.69922,33346.60938,33219.55859,33337.10938,21975664,33545.77365,33717.73727,35.804258,155.8733259,0,0.1073933044,0.835836636,
2023-10-02 17:30:00+00:00,33337.30078,33430.46875,33295.67969,33297.83984,22515409,33523.23422,33699.07516,32.05536938,158.0917969,0,0.07151702455,0.8776765782,
2023-10-02 18:30:00+00:00,33297.48828,33373.05078,33267.35938,33355.78906,25758522,33508.01193,33683.818,31.42876384,154.3811384,1,0.1330725937,1.036919963,1
2023-10-02 19:30:00+00:00,33355.83984,33435.17188,33342.58984,33430.12891,42893313,33500.93165,33672.54293,38.80039465,151.8710938,0,0.2248266025,1.589462748,
2023-10-03 13:30:00+00:00,33318.83984,33398.53906,33123.28125,33134.21875,0,33467.59412,33648.61741,27.76974448,157.2745536,0,0.01058945442,0,
2023-10-03 14:30:00+00:00,33134.21875,33158.44141,33028.16016,33043.03906,35733941,33428.9982,33621.70282,26.38224096,158.1417411,0,0.01319065676,1.406217482,
2023-10-03 15:30:00+00:00,33042.76172,33099.44922,32983.82031,33094.82031,30127114,33398.6184,33598.28582,30.18384565,157.9815848,0,0.09468338909,1.170027446,
2023-10-03 16:30:00+00:00,33095.51953,33113.37109,33043.23828,33056.51953,24465135,33367.5185,33574.20732,32.01423913,148.9494978,0,0.06235718259,0.9454134977,
2023-10-03 17:30:00+00:00,33056.46094,33058.53906,32916.19922,32934.53125,24597049,33328.15602,33545.77727,31.27529549,150.8487723,0,0.01486213023,0.9595087565,
2023-10-03 18:30:00+00:00,32934.5,33011.39063,32930.87109,32948.48828,29265935,33293.64077,33519.23109,27.4139946,145.0259487,0,0.02617736383,1.160161504,
2023-10-03 19:30:00+00:00,32948.44922,33022.35156,32922.76172,33012.30078,42352968,33268.06441,33496.70086,30.66066834,141.9637277,0,0.07988155113,1.548928903,
2023-10-04 13:30:00+00:00,33034.17969,33076.07813,32878.73047,32882.32813,0,33232.99747,33469.3954,30.38997838,144.4207589,-1,0.003159162085,0,0
2023-10-04 14:30:00+00:00,32883.25,33031.14063,32873.23047,33029.53906,37056725,33214.50126,33449.84623,33.16370218,144.0128348,0,0.1365974718,1.416828299,
2023-10-04 15:30:00+00:00,33026.5,33121.10156,32971.17969,33103.41016,26140366,33204.40206,33434.44907,42.34057265,136.4737723,0,0.2011531332,0.9946557598,
2023-10-04 16:30:00+00:00,33103.76172,33132.78125,32987.89844,32988.46875,21063131,33184.77176,33414.62773,36.7385025,137.7474888,-1,0.1007062856,0.8050096875,0
2023-10-04 17:30:00+00:00,32988.58984,33001.58984,32911.87109,32962.17188,21773530,33164.53541,33394.51858,37.10468896,134.5281808,0,0.07772554883,0.8441307841,
2023-10-04 18:30:00+00:00,32961.58984,33111.25,32940.85938,33083.32813,26806846,33157.15293,33380.68789,40.01768908,139.1495536,1,0.1836035243,1.083593384,1
2023-10-04 19:30:00+00:00,33084.96094,33156.44922,33073.30078,33116.92969,42887588,33153.49627,33368.9653,38.17206046,138.4757254,0,0.212967799,1.59532917,
2023-10-05 13:30:00+00:00,33099.23047,33162.30078,33035.19922,33106.53906,0,33149.22743,33357.30191,48.66727353,125.6367188,0,0.228633223,0,
2023-10-05 14:30:00+00:00,33106.53906,33114.23047,32947.01953,32984.07813,34429517,33134.21386,33340.71419,47.24415199,128.2745536,0,0.1086263326,1.350593562,
2023-10-05 15:30:00+00:00,32983.71875,33036.10938,32943.89844,33032.10156,26697322,33124.93092,33326.99807,47.05817686,126.6018415,0,0.1556874079,1.037666867,
2023-10-05 16:30:00+00:00,33032.17188,33050.37891,32941.55859,33012.46875,20748915,33114.70709,33313.01899,47.89696882,129.3652344,0,0.1364480257,0.8092433418,
2023-10-05 17:30:00+00:00,33012.30859,33132.44922,32986.42969,33107.46094,28005127,33114.04835,33303.88308,58.47428427,129.6280692,1,0.2295366241,1.087483734,1
2023-10-05 18:30:00+00:00,33108.03906,33174.37891,33095.44922,33138.03906,29659646,33116.22932,33296.51223,59.13989836,129.5145089,0,0.259501981,1.1821046,
2023-10-05 19:30:00+00:00,33138.53125,33145.76953,33100.48828,33118.26953,39589539,33116.4148,33288.59034,55.33633381,125.6353237,0,0.2401286198,1.462486523,
2023-10-06 13:30:00+00:00,33040.69922,33066.51172,32846.94141,32977.82813,0,33103.81601,33274.77868,54.75897564,130.9196429,0,0.1250424496,0,
2023-10-06 14:30:00+00:00,32977.46875,33272.80078,32977.46875,33249.94922,46172470,33117.10085,33273.67515,59.76755217,140.7354911,1,0.3850129681,1.770037373,1
2023-10-06 15:30:00+00:00,33254.01172,33470.14844,33254.01172,33369.03125,35666137,33140.00361,33277.9132,61.31758612,145.7553013,0,0.4987778255,1.338535545,
2023-10-06 16:30:00+00:00,33370.21875,33451.60938,33331.96094,33431.44922,26013639,33166.49866,33284.73702,69.75889214,143.952846,0,0.5584087474,0.9736929673,
2023-10-06 17:30:00+00:00,33432.03906,33503.58984,33407.28906,33502.03906,24112940,33197.00234,33294.39489,73.16513915,144.4229911,0,0.6258466591,0.9113384394,
2023-10-06 18:30:00+00:00,33502,33557.69141,33467.42188,33510.89844,32049446,33225.53835,33304.01727,70.30323715,138.7000558,0,0.634310451,1.235348656,
2023-10-06 19:30:00+00:00,33510.96875,33518.78125,33399.73828,33402.44141,46036680,33241.62044,33308.39168,62.65772147,141.2639509,-1,0.530696173,1.629877875,0
2023-10-09 13:30:00+00:00,33259.83984,33417.51172,33259.83984,33345.53906,0,33251.06759,33310.04267,60.17603151,143.4475446,0,0.4763345959,0,
2023-10-09 14:30:00+00:00,33345.41016,33390.28906,33253.69141,33385.67188,25697970,33263.30434,33313.40397,68.38799222,141.2608817,0,0.514675424,0.9744960625,
2023-10-09 15:30:00+00:00,33385.5,33462.5,33347.85156,33409.37109,20765010,33276.58314,33317.66918,67.66779475,142.8635603,0,0.5373164406,0.7878779961,
2023-10-09 16:30:00+00:00,33409.16016,33440.05859,33348.33984,33439.64063,17288898,33291.40655,33323.09013,69.8074248,141.6420201,0,0.5662343963,0.6616143129,
2023-10-09 17:30:00+00:00,33439.87109,33618.35156,33439.87109,33604.42969,24497221,33319.8632,33335.59411,71.64291838,143.9771205,0,0.7236654041,0.9416248502,
2023-10-09 18:30:00+00:00,33604.60938,33631.80859,33561.94141,33587.85938,22955266,33344.22648,33346.8059,69.83157097,143.3297991,0,0.7078349784,0.9175027994,
2023-10-09 19:30:00+00:00,33588.35938,33607.41016,33544.05859,33607.37891,31839714,33368.14943,33358.38692,71.56849235,144.6205357,0,0.7264829362,1.196474674,
2023-10-10 13:30:00+00:00,33683.41016,33788.28906,33604.32031,33777.32813,0,33405.3475,33377.00653,84.36169498,138.3805804,0,0.8888436923,0,
2023-10-10 14:30:00+00:00,33774.30859,33860.91016,33724.87891,33822.14063,34115046,33443.23778,33396.79027,80.56412204,127.0019531,0,0.9617645699,1.35051953,
2023-10-10 15:30:00+00:00,33821.67969,33898.21875,33803.57813,33878.08984,22105470,33482.76979,33418.18136,79.15844398,118.0334821,0,0.9808529059,0.8727504765,
2023-10-10 16:30:00+00:00,33879.05078,33888.96875,33751.46094,33789.46875,23806432,33510.65151,33434.68302,69.90941675,119.3091518,-1,0.8965544148,0.9477619993,1
2023-10-10 17:30:00+00:00,33789.53906,33810.12891,33737.25,33766.07813,20712357,33533.87211,33449.41169,65.49667113,117.6361607,0,0.8743046963,0.8395354557,
2023-10-10 18:30:00+00:00,33766.07813,33816.98828,33713.69141,33737.48828,24221941,33552.38267,33462.2151,62.99771895,118.5666853,0,0.8471093573,1.013350265,
2023-10-10 19:30:00+00:00,33737.39063,33766.55859,33724.76172,33743.85938,33243895,33569.78964,33474.73262,72.18248912,113.0491071,0,0.8531696931,1.300366142,
2023-10-11 13:30:00+00:00,33822.19922,33882.55078,33766.94922,33810.23828,0,33591.64861,33489.64398,79.82500564,111.6933594,0,0.9163108867,0,
2023-10-11 14:30:00+00:00,33811.17188,33833.67188,33688.73828,33709.48828,32139727,33602.36131,33499.41484,69.28258736,112.2887835,0,0.8204750917,1.392530848,
2023-10-11 15:30:00+00:00,33708.73828,33746.92969,33650.23828,33672.03906,22051773,33608.69565,33507.08703,65.38931584,111.0061384,0,0.7848525046,0.9637174771,
2023-10-11 16:30:00+00:00,33671.60938,33700.62891,33628.94141,33643.73828,18661955,33611.88134,33513.16042,61.98541995,109.5753348,0,0.7579321287,0.8254054483,
2023-10-11 17:30:00+00:00,33643.83984,33740.67188,33612.25,33697.30078,20064311,33619.64675,33521.34443,56.27325259,105.9832589,0,0.808882052,0.9115921811,
2023-10-11 18:30:00+00:00,33697.53906,33747.46094,33696.44141,33742.58984,23390882,33630.82339,33531.17756,60.06136746,104.6369978,0,0.8519620848,1.120366004,
2023-10-11 19:30:00+00:00,33741.44141,33814.96094,33735.17969,33800.87891,37680269,33646.28298,33543.16429,61.978411,105.8105469,0,0.9074080267,1.655409156,
2023-10-12 13:30:00+00:00,33845.64844,33863.80078,33660.78125,33705.53906,0,33651.6699,33550.38095,45.10369155,107.171317,-1,0.8167185009,0,1
2023-10-12 14:30:00+00:00,33705.55078,33755.91016,33653.21094,33734.08984,35980099,33659.16262,33558.54579,43.85833937,104.7904576,0,0.8438766828,1.617972964,
2023-10-12 15:30:00+00:00,33733.87109,33834.48828,33703.48828,33818.87891,26451822,33673.68229,33570.11615,46.02969218,107.3875558,0,0.9245300546,1.165488547,
2023-10-12 16:30:00+00:00,33818.39063,33819.78906,33571.28906,33572.58984,27482974,33664.49206,33570.22609,37.99571901,115.3155692,0,0.6902540436,1.203008861,
2023-10-12 17:30:00+00:00,33572.71094,33585.91016,33455.60156,33549.25,29705048,33654.01551,33569.29382,37.99785506,119.4176897,0,0.6680526294,1.281346274,
2023-10-12 18:30:00+00:00,33549.10938,33648.08984,33533.33984,33611.96875,27067838,33650.19308,33571.19048,43.30503919,120.2357701,1,0.7277121954,1.179730192,1
2023-10-12 19:30:00+00:00,33612.94922,33685.23828,33610.82031,33630.21875,38663749,33648.37723,33573.81396,44.0144844,122.5658482,0,0.7450720292,1.554179152,
2023-10-13 13:30:00+00:00,33733.33984,33957.71875,33733.33984,33781.82813,0,33660.50913,33583.05903,48.62690163,136.0521763,0,0.8416508709,0,
2023-10-13 14:30:00+00:00,33780.83984,33827.82031,33612.42969,33660.42969,36853275,33660.50191,33586.49773,47.67533549,141.0848214,0,0.732359447,1.541402919,
2023-10-13 15:30:00+00:00,33660.21875,33761.64063,33594.57813,33757.19922,29481899,33669.29257,33594.08446,53.82056773,146.1113281,0,0.8194781948,1.21862836,
2023-10-13 16:30:00+00:00,33757.35156,33781.48828,33567.51953,33571.5,25537573,33660.40234,33593.08071,47.16020946,156.2742746,-1,0.6522986788,1.045167541,1
2023-10-13 17:30:00+00:00,33571.35938,33699.21094,33551.57813,33671.33984,25273850,33661.39666,33596.55889,49.01526736,157.6464844,0,0.7421815381,1.032152473,
2023-10-13 18:30:00+00:00,33670.58984,33719.39063,33614.51172,33634.96094,30864482,33658.99341,33598.26565,45.88971003,161.4935826,0,0.7094306845,1.266620924,
2023-10-13 19:30:00+00:00,33634.89844,33682.85156,33588.96875,33677.10156,43101978,33660.63961,33601.76947,45.2139791,162.5008371,1,0.7473686432,1.625099191,1
2023-10-16 13:30:00+00:00,33832.42188,33957.96094,33832.42188,33956.60938,0,33687.54595,33617.54013,58.4977154,168.0608259,0,0.9987834935,0,
2023-10-16 14:30:00+00:00,33957.83984,34088.98047,33955.67188,34049.85156,33137264,33720.48282,33636.75397,60.2388884,170.2472098,0,0.9684962354,1.301033043,
2023-10-16 15:30:00+00:00,34050.28906,34055.80078,33972.37891,34000.60938,25835858,33745.94887,33652.92532,56.03184276,166.8487723,0,0.9288499884,1.000278739,
2023-10-16 16:30:00+00:00,34000.48047,34056.64844,33894.05078,33975.98828,23159722,33766.86155,33667.28368,65.69939617,160.7128906,0,0.9090268648,0.8913266186,
2023-10-16 17:30:00+00:00,33976.26172,34035.73047,33959.85156,33963.66016,23054531,33784.75233,33680.45597,66.26737692,156.8250558,0,0.8991011505,0.8878528858,
2023-10-16 18:30:00+00:00,33963.37109,34039.76953,33948.89844,34039.62109,24527584,33807.92222,33696.41886,66.61446145,155.1194196,1,0.9602594021,0.9691258445,0
2023-10-16 19:30:00+00:00,34040.07031,34044.03125,33969.30859,33976.98828,42152709,33823.29186,33708.88861,63.02302314,155.141183,0,0.9098319925,1.53748785,
2023-10-17 13:30:00+00:00,33869.83984,33985.05859,33854.69922,33918.26172,0,33831.92548,33718.19408,55.50806963,141.0597098,0,0.8625496128,0,
2023-10-17 14:30:00+00:00,33918.21875,34004.87891,33902.41016,33996.46875,31622849,33846.88396,33730.56185,64.0567197,132.9938616,0,0.9167694616,1.222084345,
2023-10-17 15:30:00+00:00,33995.87891,34143.76172,33993.55859,34143.76172,26815716,33873.87285,33748.92629,65.5143762,131.7896205,0,1,1.037647619,
2023-10-17 16:30:00+00:00,34143.58984,34147.62891,34003.82813,34016.51953,24321018,33886.84073,33760.81932,68.73982202,126.7776228,0,0.8533349647,0.9510207008,
2023-10-17 17:30:00+00:00,34016.08984,34016.08984,33889.75,33911.01172,25756798,33889.03809,33767.49454,60.0446604,125.2873884,0,0.7353090261,1.009752032,
2023-10-17 18:30:00+00:00,33910.94922,33966.03125,33854.73828,33965.69922,28326128,33896.00728,33776.30363,63.65175442,125.7455357,0,0.7964850031,1.133445829,
2023-10-17 19:30:00+00:00,33965.82813,33997.62109,33916.87891,33994.48828,38244415,33904.9601,33786.00073,63.24665373,124.8069196,0,0.8286897854,1.421546717,
2023-10-18 13:30:00+00:00,33960.25,33982.60938,33834.17188,33851,0,33900.05464,33788.88959,45.02766089,116.1967076,0,0.6681771307,0,
2023-10-18 14:30:00+00:00,33851.41016,33880.92969,33783.89063,33832.37109,33671693,33893.90159,33790.8221,38.98671878,113.6060268,0,0.6473379711,1.33246598,
2023-10-18 15:30:00+00:00,33832.21875,33864.96094,33751.05859,33769.53906,23859171,33882.59591,33789.87618,38.45739574,115.7832031,0,0.5272561211,0.9473079445,
2023-10-18 16:30:00+00:00,33769.53906,33903.42188,33719.17188,33842.42969,24261539,33878.94443,33792.2119,43.63530765,117.3297991,0,0.6181616476,0.9652233796,
2023-10-18 17:30:00+00:00,33843.32813,33885.01172,33728.10156,33803.32031,25601963,33872.06951,33792.7056,42.54923672,123.1177455,0,0.513522016,1.029326156,
2023-10-18 18:30:00+00:00,33803.14844,33840.25,33681.25,33693.67188,30943562,33855.85154,33788.3041,34.41225856,127.984096,0,0.3440186499,1.275254026,
2023-10-18 19:30:00+00:00,33694.25,33717.42969,33598.64063,33657.64063,44005548,33837.83237,33782.49684,35.25745756,131.1316964,0,0.2919524269,1.662788915,
2023-10-19 13:30:00+00:00,33669.51953,33709.62109,33553.10938,33553.10938,0,33811.94846,33772.30184,33.82688282,132.999721,0,0.1409016759,0,
2023-10-19 14:30:00+00:00,33536.76172,33615.96094,33509.71875,33615.53125,33082205,33794.09235,33765.33426,32.88846621,133.2692522,0,0.2311031333,1.314331945,
2023-10-19 15:30:00+00:00,33615.39844,33839.44922,33593.05078,33644.73047,33536331,33780.514,33759.97409,24.92324966,140.140346,0,0.2732968689,1.305464813,
2023-10-19 16:30:00+00:00,33645.05859,33852.39063,33561.91016,33757.08984,32899532,33778.38453,33759.8459,36.76547953,150.6174665,0,0.4356594923,1.256597592,
2023-10-19 17:30:00+00:00,33756.85938,33791.98047,33585.44141,33599.39844,25452669,33762.11307,33752.7149,34.9069705,156.3152902,0,0.2077907417,0.9704501909,
2023-10-19 18:30:00+00:00,33600.07813,33600.07813,33402.64844,33429.10156,33972510,33731.83929,33738.33209,26.62735183,162.4679129,0,0.03550848124,1.315811146,
2023-10-19 19:30:00+00:00,33432.42969,33481.42969,33368.57813,33408.60938,40029367,33702.45476,33723.67774,24.29501308,164.7614397,0,0.05138464778,1.438862335,
2023-10-20 13:30:00+00:00,33365.26953,33425.76953,33212.32031,33240.10938,0,33660.42336,33702.18582,23.77325203,168.5566406,0,0.0297111164,0,
2023-10-20 14:30:00+00:00,33240.23828,33290.42969,33212.32813,33241.32031,39206790,33622.32308,33681.70291,24.23975184,167.2039621,0,0.03100580941,1.459750156,
2023-10-20 15:30:00+00:00,33239.14844,33320.05078,33204.46094,33263.07031,29423365,33589.66374,33663.09701,27.10633189,167.3244978,0,0.0621409727,1.085185256,
2023-10-20 16:30:00+00:00,33262.64063,33349.26172,33246.10938,33301.96094,26845796,33563.50894,33647.04652,24.79469224,161.531808,0,0.1033750119,0.988135613,
2023-10-20 17:30:00+00:00,33303.14844,33328.71094,33199.10156,33208.46094,23644952,33531.23185,33627.55383,23.59755886,159.5817522,-1,0.009867269575,0.8778826092,1
2023-10-20 18:30:00+00:00,33208.51953,33258.51953,33147.17969,33193.62891,27042551,33500.54067,33608.26828,25.76623239,156.1774554,0,0.04642836226,1.025349753,
2023-10-20 19:30:00+00:00,33191.89844,33203.76953,33118.12109,33122.76172,42982316,33466.19713,33586.69021,24.92464336,153.8102679,0,0.004507615138,1.506930402,
2023-10-23 13:30:00+00:00,32993.01953,33136.35938,32892.19141,33083.01953,0,33431.3628,33564.30484,26.53666031,160.0714286,0,0.1520012944,0,
2023-10-23 14:30:00+00:00,33079.58984,33176.08984,33026.05078,33142.16016,36875395,33405.07165,33545.54286,26.29524,163.1997768,0,0.1991088764,1.341395648,
2023-10-23 15:30:00+00:00,33141.23047,33170.21875,33061.92188,33132.16016,30822453,33380.26152,33527.17029,23.82905056,153.3353795,0,0.1911435257,1.10798937,
2023-10-23 16:30:00+00:00,33130.19141,33234.85156,33090.01172,33114.03125,28123089,33356.05877,33508.80856,13.67076987,142.9324777,0,0.176703216,1.006393671,
2023-10-23 17:30:00+00:00,33113.5,33165.48047,33054.28906,33081.87891,29037392,33331.13332,33489.83391,15.93042333,136.1219308,0,0.1510927466,1.042668467,
2023-10-23 18:30:00+00:00,33082.19141,33142.46875,32955.48828,32958.35938,51510718,33297.24478,33466.21282,16.97596159,135.375558,0,0.05270510778,1.825043931,
2023-10-23 19:30:00+00:00,32958.83984,32987.01172,32913.89844,32935.51953,50766901,33264.36067,33442.62645,16.9202279,132.5371094,0,0.03451237119,1.650273663,
2023-10-24 13:30:00+00:00,33089.64063,33256.67969,33082.51172,33256.67969,0,33263.6624,33434.36215,50.95480328,140.2307478,0,0.2903276995,0,
2023-10-24 14:30:00+00:00,33257.46875,33272.19141,33144.85156,33145.55078,41456521,33252.92498,33421.52609,45.10206609,143.7477679,0,0.2018096281,1.405085944,
2023-10-24 15:30:00+00:00,33145.71094,33170.39844,33024.78125,33037.12109,34293350,33233.30644,33404.44142,39.38539797,145.8925781,0,0.1154415791,1.159565642,
2023-10-24 16:30:00+00:00,33037.03125,33063.21875,32988.42969,33062.80859,27643872,33217.80664,33389.25774,38.62402402,143.8666295,0,0.1359025738,0.931275972,
2023-10-24 17:30:00+00:00,33062.87891,33121.96094,33044.5,33121.96094,26519978,33209.09339,33377.37788,45.74638104,140.1417411,0,0.1830194902,0.9047716074,
2023-10-24 18:30:00+00:00,33123.48047,33208.42969,33123.48047,33199.57813,38931000,33208.22837,33369.47567,50.27553742,138.3652344,0,0.2448443023,1.330686751,
2023-10-24 19:30:00+00:00,33199.44141,33204.55078,33137.23047,33140.23047,48593684,33202.04674,33359.28699,50.81778948,137.0560826,0,0.1975718126,1.533600788,
2023-10-25 13:30:00+00:00,33203.53125,33252.85156,32992.85156,33005.78906,0,33184.20513,33343.57598,46.67896245,138.186942,0,0.09048451735,0,
2023-10-25 14:30:00+00:00,33006.07031,33258.89063,32989.71875,33245.62109,44350863,33189.7884,33339.22242,53.85060479,146.6964286,0,0.2815191417,1.455460834,
2023-10-25 15:30:00+00:00,33245.05859,33253.32813,33113.42188,33131.71094,33422922,33184.50863,33329.99969,49.98448131,148.9542411,0,0.1907857072,1.085128173,
2023-10-25 16:30:00+00:00,33132.48047,33174.46875,33044.42969,33052.91016,30213207,33172.54514,33317.6846,47.97346478,147.8970424,0,0.1280181212,0.9705710283,
2023-10-25 17:30:00+00:00,33051.46875,33078.55078,32995.48047,33042.71875,30269397,33160.74274,33305.4639,48.68241547,145.8883929,0,0.1199003087,0.9673622694,
2023-10-25 18:30:00+00:00,33042.64844,33088.33984,33015.96094,33074.55078,37195190,33152.9071,33295.20109,54.16644489,137.702567,1,0.145255638,1.199794656,1
2023-10-25 19:30:00+00:00,33074.85938,33105.69922,33027.89844,33037.69922,51474368,33142.43366,33283.75656,53.62755377,138.0373884,-1,0.115902076,1.533115264,1
2023-10-26 13:30:00+00:00,33017.17188,33105.03125,32950.25,32996.73828,0,33129.18863,33271.0002,38.4796496,126.1531808,0,0.08327525265,0,
2023-10-26 14:30:00+00:00,32996.28125,33079.35156,32887.32813,32902.66016,48678859,33108.59513,33254.62953,39.07013535,130.7734375,0,0.01216537471,1.492115044,
2023-10-26 15:30:00+00:00,32902.48828,32948.46094,32803.39844,32855.39844,36932482,33085.57725,33236.88592,41.34625043,130.733817,0,0.0386838427,1.116981738,
2023-10-26 16:30:00+00:00,32855.32813,32875.39063,32772.51953,32787.01172,37323966,33058.43493,33216.89151,37.37961262,132.7396763,0,0.0105389344,1.11485163,
2023-10-26 17:30:00+00:00,32786.67969,32920.23828,32743.99023,32912.91016,29964628,33045.2054,33203.38123,40.98460626,139.7958984,1,0.1327882822,0.9247896877,1
2023-10-26 18:30:00+00:00,32916.76953,33020.75,32886.94141,32888.64844,35680318,33030.97295,33189.39311,35.94419919,143.1773158,0,0.1153913866,1.127438885,
2023-10-26 19:30:00+00:00,32888.26172,32896.64063,32768.55859,32783.78125,54053955,33008.50098,33171.36591,34.52339359,147.5174386,0,0.03174061593,1.573626443,
2023-10-27 13:30:00+00:00,32782.39844,32787.55859,32666.58984,32670.32031,0,32977.75728,33149.09722,35.16404544,137.586635,0,0.002834660627,0,
2023-10-27 14:30:00+00:00,32669.9707,32753.43945,32598.86914,32706.16016,47520814,32953.06663,33129.41113,20.89035032,129.4008092,0,0.08224352515,1.442714448,
2023-10-27 15:30:00+00:00,32706.34961,32707.99023,32570.42969,32596.40039,31317232,32920.64243,33105.72176,20.98434241,129.2332589,-1,0.01948301226,0.9455074165,0
2023-10-27 16:30:00+00:00,32596.33984,32632.82031,32457.68945,32489.59961,30062385,32881.45672,33078.33856,20.36615012,132.4541016,0,0.02207196558,0.9027942915,
2023-10-27 17:30:00+00:00,32489.46094,32505.33984,32390.56055,32397.09961,32798523,32837.42425,33048.06127,18.74301449,134.719029,0,0.004375561158,0.994116365,
2023-10-27 18:30:00+00:00,32398.2207,32474.71094,32331.08008,32408.5,40899314,32798.43114,33019.63632,17.10301903,139.8084542,0,0.05089028143,1.25427542,
2023-10-27 19:30:00+00:00,32407.38086,32430.21094,32327.19922,32422.23047,51997591,32764.23108,32993.08495,18.8908019,141.6092355,0,0.06230775338,1.476876998,
2023-10-30 13:30:00+00:00,32537.53906,32745.25977,32537.53906,32668.00977,0,32755.48369,32978.63717,36.23444199,153.6269531,0,0.2234542796,0,
2023-10-30 14:30:00+00:00,32668.23047,32778.23047,32642.96094,32716.67969,34881489,32751.95605,32966.99461,41.90415785,149.5731027,0,0.2553649772,1.054994794,
2023-10-30 15:30:00+00:00,32716.88086,32799.26172,32712.64063,32755.25977,27166480,32752.25639,32957.58417,45.60770466,145.3987165,0,0.2806602143,0.8254566616,
2023-10-30 16:30:00+00:00,32755.25,32924.58984,32713.08008,32914.03906,25558312,32766.9639,32955.64884,55.16233601,153.1586217,0,0.3847647196,0.7821906968,
2023-10-30 17:30:00+00:00,32914.39844,32936.83984,32879.69922,32922.64063,26600399,32781.11633,32954.1818,50.4371157,144.6509487,0,0.4065053442,0.8274984949,
2023-10-30 18:30:00+00:00,32922.32031,33002.96875,32922.32031,32978.14063,33530399,32799.02763,32955.24664,53.91045051,140.8537946,0,0.5113930344,1.073029173,
2023-10-30 19:30:00+00:00,32978.42969,32984.82813,32924.55078,32927.51172,42302703,32810.708,32954.01398,56.59295175,136.0106027,0,0.5200976029,1.267933897,
2023-10-31 13:30:00+00:00,33029.10938,33029.10938,32787.12109,32892.03125,0,32818.10103,32951.25919,60.95354806,144.6548549,0,0.5141519162,0,
2023-10-31 14:30:00+00:00,32892.10938,32947.92188,32852.69141,32896.14063,34224264,32825.19554,32948.80948,59.68971398,140.4162946,0,0.5566600929,1.111388906,
2023-10-31 15:30:00+00:00,32896.64063,32951.23828,32859.07031,32916.69922,25996496,32833.51405,32947.38235,67.97171745,137.1739676,0,0.5767749037,0.8600204452,
2023-10-31 16:30:00+00:00,32916.62891,32990.46094,32875.44922,32977.08984,22501956,32846.5664,32948.70269,78.85551376,132.8797433,0,0.6358619214,0.7537174257,
2023-10-31 17:30:00+00:00,32976.96875,33040.35156,32974.17969,32974.17969,24045944,32858.16761,32949.835,88.21119391,129.4077846,0,0.6460038926,0.8214400857,
2023-10-31 18:30:00+00:00,32973.98047,33070.28125,32970.42188,33050.41016,26175204,32875.6442,32954.305,89.14328727,126.28125,1,0.7653089063,0.9388868768,1
2023-10-31 19:30:00+00:00,33050.21875,33062.80078,32986.55078,33048.32031,44738470,32891.34203,32958.48346,88.72839214,124.3696987,0,0.7630974132,1.485543246,
2023-11-01 13:30:00+00:00,33081.87109,33225.53906,33010.85156,33191.89063,0,32918.66463,32968.85711,87.09680988,116.6309989,0,0.9150249258,0,
2023-11-01 14:30:00+00:00,33192.23047,33281,33179.37891,33188.62109,34851502,32943.20613,32978.6244,85.71529925,114.2275391,0,0.9031465395,1.248416265,
2023-11-01 15:30:00+00:00,33188.57813,33197.51172,33092.41016,33103.39063,21977877,32957.76835,32984.16957,74.60811844,115.5475725,0,0.8137877652,0.7988368887,
2023-11-01 16:30:00+00:00,33103.76953,33137.23828,33058.30859,33094.01172,22082241,32970.15411,32989.05144,66.12804985,106.077567,0,0.8039545732,0.8185722671,
2023-11-01 17:30:00+00:00,33094.19141,33182.33984,33064.71094,33158.73047,23659998,32987.29742,32996.59273,69.22347822,110.3981585,0,0.8718081033,0.906007696,
2023-11-01 18:30:00+00:00,33157.82031,33331.35938,33058.69141,33286.35156,43497238,33014.48416,33009.4709,72.45821568,124.1138393,0,0.9551786513,1.693188101,
2023-11-01 19:30:00+00:00,33286.35156,33337.14844,33252.07031,33277.75,44456432,33038.41742,33021.39442,77.18565235,125.8853237,0,0.9411867088,1.59271433,
2023-11-02 13:30:00+00:00,33457.82031,33615.53906,33450.03125,33603.30859,0,33089.77116,33047.25727,88.06723392,132.7282366,0,0.9905067993,0,
2023-11-02 14:30:00+00:00,33603.35938,33682.57031,33600.17188,33638.66016,39502533,33139.67016,33073.54184,88.45336883,131.8116629,0,0.9676028532,1.474795142,
2023-11-02 15:30:00+00:00,33638.92188,33684.03906,33621.57813,33646.94922,25111539,33185.78644,33099.02661,88.30474301,129.6897321,0,0.9726645382,0.9383015517,
2023-11-02 16:30:00+00:00,33646.64063,33731.42188,33643.53906,33729.35938,23814680,33235.20216,33127.0414,88.56880785,127.7519531,0,0.9985312158,0.8944993497,
2023-11-02 17:30:00+00:00,33729.42188,33795.21875,33729.42188,33771.14844,23811042,33283.92455,33155.66838,89.29402339,127.7296317,0,0.9836035475,0.9109913565,
2023-11-02 18:30:00+00:00,33771.14063,33803.73828,33761.44141,33786.21094,30110907,33329.58695,33183.6925,88.60682181,123.6180246,0,0.9881294412,1.179528592,
2023-11-02 19:30:00+00:00,33786.89844,33852.96094,33784.69141,33840.37891,44744695,33376.02258,33212.87856,89.40513438,123.0479911,0,0.9917536067,1.611541575,
2023-11-03 13:30:00+00:00,33988.82813,34071.39844,33970.32031,33986.76172,0,33431.54432,33247.27337,89.43470088,124.2145647,0,0.9514753144,0,
2023-11-03 14:30:00+00:00,33986.48047,34044.94141,33946.60156,34016.28125,37532518,33484.70222,33281.45149,90.0190764,123.9801897,1,0.9683997178,1.40936826,1
2023-11-03 15:30:00+00:00,34016.10156,34110.89844,34016.10156,34104.55078,29663584,33541.05209,33318.03368,98.26630961,123.2441406,0,0.9964412967,1.099106363,
2023-11-03 16:30:00+00:00,34104.37109,34163.62891,34070.82031,34086.05859,23887505,33590.59814,33352.16813,97.41035559,124.2354911,0,0.95776026,0.8853487671,
2023-11-03 17:30:00+00:00,34086.26953,34132.57813,34076.80078,34123.98828,23488372,33639.08815,33386.47124,97.34230472,119.8175223,0,0.9784142974,0.8749119042,
2023-11-03 18:30:00+00:00,34122.92188,34152.60156,34090.12109,34096.80078,28181350,33680.69839,33418.04145,94.09351928,104.8041295,0,0.9636097557,1.083119037,
2023-11-03 19:30:00+00:00,34097.35938,34109.67188,34051.10938,34061.01172,42615155,33715.27233,33446.6179,91.3898946,102.9101563,0,0.9441213632,1.513888985,
2023-11-06 14:30:00+00:00,34092.60938,34167.26172,34044.98828,34095.80078,0,33749.86582,33475.47047,87.57017701,87.51618304,0,0.9611638531,0,
2023-11-06 15:30:00+00:00,34096.05859,34119.21875,34076.80859,34103.37109,28731928,33782.00267,33503.37717,87.02000274,84.65987723,0,0.9652780137,1.074308204,
2023-11-06 16:30:00+00:00,34102.92969,34128.16016,34091.07031,34100.91016,21757948,33810.99426,33529.93419,86.50258189,82.84765625,0,0.9639405931,0.8140394279,
2023-11-06 17:30:00+00:00,34100.46094,34105.42188,34010.39063,34054.92969,21297299,33833.17021,33553.26732,77.80795409,83.35825893,0,0.9389520567,0.8003423495,
2023-11-06 18:30:00+00:00,34054.92969,34059.14844,33989.71875,34020.01953,21018321,33850.15651,33574.01187,71.50959831,83.61328125,0,0.9199797901,0.8246912622,
2023-11-06 19:30:00+00:00,34020.07031,34089.21875,34017.42188,34077.73047,25422638,33870.84505,33596.39936,73.46573008,85.72042411,0,0.9513433647,1.036195303,
2023-11-06 20:30:00+00:00,34077.64063,34105.67969,34052.92188,34102.82031,36582874,33891.93371,33618.90696,72.16258832,84.6124442,0,0.9649786862,1.387620569,
2023-11-07 14:30:00+00:00,34075.64844,34142.89844,34026.71875,34142.89844,0,33914.74868,33642.19547,66.07081112,76.40959821,0,0.986759536,0,
2023-11-07 15:30:00+00:00,34142.67969,34197.92969,34131.26172,34169.64844,34429111,33937.92139,33665.63782,65.87626365,74.14732143,0,0.9848822423,1.385226661,
2023-11-07 16:30:00+00:00,34169.82031,34206.98047,34127.05859,34134.78125,24859375,33955.81774,33686.48864,53.51839897,73.08482143,-1,0.9615916912,0.9980986626,1
2023-11-07 17:30:00+00:00,34134.69922,34178.07813,34102.17969,34158.05859,22933535,33974.20327,33707.44731,58.28747167,71.87695313,0,0.9739746979,0.9224014824,
2023-11-07 18:30:00+00:00,34158.35938,34175.91016,34141.30078,34167.03125,22889603,33991.73309,33727.87326,55.30826372,70.36495536,0,0.9787479427,0.9342012353,
2023-11-07 19:30:00+00:00,34167.10156,34176.67188,34135.30078,34163.94141,27670140,34007.38839,33747.25406,58.80334351,68.85714286,0,0.9771042176,1.170080621,
2023-11-07 20:30:00+00:00,34163.71094,34200.57813,34108.62891,34158.01953,40522362,34021.08213,33765.51031,63.80034676,71.24190848,0,0.9739539175,1.578331249,
2023-11-08 14:30:00+00:00,34185.92188,34252.75,34183.48047,34195.60938,0,34036.94824,33784.62582,64.08653369,69.27455357,0,0.9666859488,0,
2023-11-08 15:30:00+00:00,34196.39063,34200.55859,34111.16016,34126.10938,29249549,34045.0538,33799.80287,52.73165833,72.63085938,-1,0.9213309197,1.230169051,1
2023-11-08 16:30:00+00:00,34125.14844,34137.73828,33996.19922,34039.57813,25715430,34044.55601,33810.45955,43.87010127,80.09151786,0,0.861586535,1.077390698,
2023-11-08 17:30:00+00:00,34038.91016,34084.19922,34019.51953,34064.89063,21832098,34046.40461,33821.76759,51.03845966,77.92354911,0,0.8779872411,0.9178767286,
2023-11-08 18:30:00+00:00,34064.76172,34104.78125,34061.94922,34082.23047,19071711,34049.66151,33833.34372,56.73233006,76.02371652,0,0.8836543613,0.8174774422,
2023-11-08 19:30:00+00:00,34082.37891,34093.62891,34052.64063,34082.71875,27819672,34052.66671,33844.42706,50.61612838,73.82310268,0,0.883987516,1.231494055,
2023-11-08 20:30:00+00:00,34083.12109,34145.55859,34069.16016,34115.16016,41493488,34058.34794,33856.45964,51.49697194,75.51171875,0,0.9061223184,1.682292051,
2023-11-09 14:30:00+00:00,34163.71094,34167.53906,33999.28906,34012.19141,0,34054.15189,33863.38105,36.24283588,79.23102679,-1,0.8358666421,0,0
2023-11-09 15:30:00+00:00,34011.98828,34123.23828,33983.25,34097.48828,34883493,34058.09156,33873.78582,43.23833647,84.46819196,0,0.8891034136,1.460505431,
2023-11-09 16:30:00+00:00,34097.32813,34125.5,34082.76172,34084.48047,29640270,34060.49055,33883.15002,45.08530209,81.81222098,0,0.8792624067,1.219679698,
2023-11-09 17:30:00+00:00,34085.08984,34116.46094,33951.87109,34039.57813,26710098,34058.58942,33890.10238,38.89307973,88.14732143,0,0.8452248936,1.08638258,
2023-11-09 18:30:00+00:00,34038.64844,34047.78125,33878.25,33929.53906,30009476,34046.85757,33891.85512,31.28301747,97.78459821,0,0.7479498958,1.209298134,
2023-11-09 19:30:00+00:00,33929.58984,33943.42969,33863.58984,33873.19141,30825600,34031.06974,33891.02563,28.86031082,100.5323661,0,0.7040082126,1.256764249,
2023-11-09 20:30:00+00:00,33873.25,33899.80078,33859.76953,33891.57031,38671949,34018.38797,33891.04983,30.97184175,96.82393973,0,0.7147528745,1.461450452,
2023-11-10 14:30:00+00:00,34020.82031,34071.23047,33929.37109,33950.53125,53526370,34012.21918,33893.69345,33.01643675,102.890346,0,0.7566477734,1.952362057,
2023-11-10 15:30:00+00:00,33949.57813,34049.96094,33905.62109,34027.35156,32406318,34013.59485,33899.63381,43.22496275,106.8147321,1,0.8112938514,1.165965073,1
2023-11-10 16:30:00+00:00,34028.26172,34073.64844,34009.85156,34066.48047,22943342,34018.40263,33907.04922,51.97395197,101.2617188,0,0.844053019,0.8254767938,
2023-11-10 17:30:00+00:00,34066.55078,34185.67969,34066.55078,34165.87891,28394797,34031.80957,33918.55276,56.68336668,105.155971,0,0.9272705272,1.011595899,
2023-11-10 18:30:00+00:00,34165.62109,34228.01953,34163.92969,34224.98828,23233116,34049.37127,33932.17212,58.95270105,106.6743862,0,0.9767501202,0.8342993776,
2023-11-10 19:30:00+00:00,34225.05078,34267.67188,34194.71875,34267.67188,28013306,34069.21678,33947.08322,61.01587656,108.9575893,0,1,1.029068464,
2023-11-10 20:30:00+00:00,34268.12891,34310.35938,34261.57813,34286.51953,44297347,34088.97157,33962.16928,60.37421723,106.984933,0,0.9774732211,1.504825233,
2023-11-13 14:30:00+00:00,34259.25,34276.26953,34205.80859,34241.60938,0,34102.84774,33974.58884,64.93933305,100.7321429,0,0.920088629,0,
2023-11-13 15:30:00+00:00,34242.10938,34317.07031,34239.30859,34317.07031,30898611,34122.32252,33989.81024,64.4843775,96.28738839,0,1,1.094393288,
2023-11-13 16:30:00+00:00,34317.75,34405.83984,34310.83984,34386.01172,26322116,34146.29426,34007.41919,68.52317557,100.0203683,0,0.9747174642,0.9249443409,
2023-11-13 17:30:00+00:00,34386.01172,34386.21875,34318.80859,34323.17969,18930130,34162.37476,34021.45299,67.04624429,93.07896205,0,0.8915649068,0.6653596242,
2023-11-13 18:30:00+00:00,34321.55078,34367.19922,34304.78906,34358.57813,19015373,34180.21143,34036.43633,78.3299286,85.42745536,0,0.9301294156,0.6788595882,
2023-11-13 19:30:00+00:00,34358.57813,34376.41016,34318.53125,34356.78906,22057817,34196.26394,34050.67423,84.41191677,83.85881696,0,0.9238812846,0.8157785499,
2023-11-13 20:30:00+00:00,34357.03906,34362.32813,34323.30078,34330.48828,31589981,34208.46615,34063.11041,80.88439824,83.78710938,0,0.8786899267,1.103831719,
2023-11-14 14:30:00+00:00,34581.19922,34853.89844,34581.19922,34848.64844,0,34266.66454,34098.02321,88.38825368,108.3406808,0,0.9947189947,0,
2023-11-14 15:30:00+00:00,34849.32813,34916.64063,34837.01953,34912.53125,34042796,34325.3797,34134.22357,88.25839434,103.7179129,0,0.9961117538,1.256450111,
2023-11-14 16:30:00+00:00,34912.60156,34920.03125,34782.82031,34791.92969,28029043,34367.79333,34163.45495,79.29175512,108.9617746,-1,0.8791793005,1.031982939,0
2023-11-14 17:30:00+00:00,34792.26953,34837.87891,34790.12109,34824.12891,21234962,34409.27838,34192.81824,78.10350693,103.858817,0,0.9095484237,0.7946725982,
2023-11-14 18:30:00+00:00,34824.21875,34846.35156,34767.41016,34816.94141,25416669,34446.33866,34220.55705,76.4454791,104.9196429,0,0.9027694371,0.9608889931,
2023-11-14 19:30:00+00:00,34816.67188,34931.01172,34816.67188,34909.07031,33866953,34488.40517,34251.15763,77.44207346,107.8758371,1,0.9795177911,1.292091663,1
2023-11-14 20:30:00+00:00,34909.23828,34915.30859,34794.12109,34826.71094,46167736,34519.16024,34276.73778,71.92064192,113.0477121,0,0.9026356668,1.786468255,
2023-11-15 14:30:00+00:00,34906.71875,34986.67188,34868.48047,34958.78125,0,34559.12579,34307.05082,77.17975745,118.7084263,0,0.9752501846,0,
2023-11-15 15:30:00+00:00,34958.26172,34996.85938,34940.64063,34945.92969,40480639,34594.28978,34335.44544,75.02020416,117.1696429,0,0.9552104983,1.612802118,
2023-11-15 16:30:00+00:00,34946.21094,34975.42969,34876.98828,34975.23828,30810931,34628.92146,34363.88068,74.20675932,117.4154576,0,0.9809855889,1.221668172,
2023-11-15 17:30:00+00:00,34974.5,34979.75,34911.69922,34965.33984,27462941,34659.50495,34390.6122,77.5809596,117.4612165,0,0.972280527,1.079863323,
2023-11-15 18:30:00+00:00,34965.73047,35024.05078,34958.57031,35024.05078,27961343,34692.64548,34418.76502,78.02109959,117.6805246,0,1,1.099573195,
2023-11-15 19:30:00+00:00,35024.07031,35043.51953,35002,35028.82031,28504241,34723.20683,34445.87859,78.22641509,116.5119978,0,0.9875824974,1.156846081,
2023-11-15 20:30:00+00:00,35028.82031,35051.10156,34964.92969,34999.37891,47743921,34748.31338,34470.47861,78.02057901,119.8794643,0,0.9565841807,1.766539253,
2023-11-16 14:30:00+00:00,34868.03125,35022.46094,34868.03125,34935.28906,0,34765.31117,34491.13685,55.85805443,93.52371652,0,0.9027873868,0,
2023-11-16 15:30:00+00:00,34934.98047,34959.33984,34839.94141,34846.80078,51776083,34772.71932,34506.94413,45.69886152,96.36495536,0,0.8285106285,1.935223314,
2023-11-16 16:30:00+00:00,34845.5,34884.12109,34824.19922,34876.28906,37385644,34782.13475,34523.35946,56.26748546,90.84430804,0,0.8532629902,1.350766568,
2023-11-16 17:30:00+00:00,34875.80078,34906.03125,34858.41016,34887.35156,37693729,34791.69991,34539.53689,54.8494382,90.83454241,0,0.8625488145,1.317443339,
2023-11-16 18:30:00+00:00,34887.35156,34889.28125,34818.03125,34822.28125,35601674,34794.48003,34552.10331,50.376184,90.28515625,0,0.8079290185,1.215552773,
2023-11-16 19:30:00+00:00,34821.85156,34887.30078,34820.42188,34884.37891,37044749,34802.65266,34566.87111,48.18367288,86.89508929,0,0.8600535771,1.253154324,
2023-11-16 20:30:00+00:00,34884.35938,34955.19141,34880.53125,34945.91016,61653605,34815.67607,34583.71729,59.04560896,83.57170759,0,0.9117026962,1.88867253,
2023-11-17 14:30:00+00:00,34964.82031,35028.21875,34889.98047,34939.42188,0,34826.92569,34599.52638,48.18493452,82.02008929,0,0.9062564553,0,
2023-11-17 15:30:00+00:00,34940.05078,34940.05078,34885.07031,34899.30078,36403442,34833.50524,34612.84969,45.84091147,81.93164063,0,0.8725789475,1.160806901,
2023-11-17 16:30:00+00:00,34899.48047,34958.19922,34882.82031,34924.53125,25152418,34841.78033,34626.7022,45.44401626,80.2843192,0,0.893757316,0.7970639582,
2023-11-17 17:30:00+00:00,34925.30078,34941.85156,34904.98828,34931.89063,21737676,34849.97218,34640.26613,46.9808407,78.05664063,0,0.89993475,0.6928920174,
2023-11-17 18:30:00+00:00,34932.14844,34992.26172,34932.14844,34952.85156,27105469,34859.32485,34654.15882,43.10351351,77.69168527,0,0.9175292887,0.8734032498,
2023-11-17 19:30:00+00:00,34952.64063,34985.92188,34940.64063,34972.17188,29844833,34869.58367,34668.29273,44.66335963,77.96037946,0,0.9337466924,0.9876453823,
2023-11-17 20:30:00+00:00,34971,34973.08984,34906.07813,34948.87109,53873533,34876.79162,34680.76288,45.18615041,76.59179688,0,0.914188097,1.636904141,
2023-11-20 14:30:00+00:00,34932.48828,35046.94922,34907.98047,35029.37109,0,34890.66248,34696.25658,58.69488307,75.4874442,1,0.9817595194,0,1
2023-11-20 15:30:00+00:00,35028.92969,35056.57813,35011.73828,35037.10156,36425063,34903.97512,34711.40525,70.67310549,70.16183036,0,0.9837262511,1.168649172,
2023-11-20 16:30:00+00:00,35038.35938,35080.41016,35031.30078,35071.30078,28875417,34919.18655,34727.4006,70.97023514,69.38950893,0,0.9925372179,0.9243345096,
2023-11-20 17:30:00+00:00,35071.46875,35133.82031,35044.44141,35122.85938,28880473,34937.70226,34744.97655,73.29598145,72.37220982,0,0.9913967813,0.9231383114,
2023-11-20 18:30:00+00:00,35122.73828,35155,35119.08984,35139.62891,26087154,34956.05923,34762.51665,84.70799334,69.84793527,0,0.9881325416,0.8370860488,
2023-11-20 19:30:00+00:00,35139.42188,35222.17969,35139.42188,35219.83984,30497214,34980.03928,34782.84213,85.29078177,70.98214286,0,0.9982825702,1.00644531,
2023-11-20 20:30:00+00:00,35219.64844,35227.48047,35131.01953,35159.28125,42745222,34996.33401,34799.57276,72.49285555,72.53934152,0,0.9501362336,1.31770394,
2023-11-21 14:30:00+00:00,35104.83984,35118.03906,35038.44141,35052.69141,0,35001.45741,34810.82247,59.85963862,71.29659598,0,0.8677703046,0,
2023-11-21 15:30:00+00:00,35053.01953,35099,35039.91016,35058.44141,33575375,35006.63777,34821.82776,64.73417722,71.59012277,0,0.8721202378,1.132014235,
2023-11-21 16:30:00+00:00,35058.21094,35089.92969,35042.32813,35087.57031,24676721,35013.99527,34833.63854,64.98692979,69.60602679,0,0.8850962263,0.8506573609,
2023-11-21 17:30:00+00:00,35087.60938,35105.21875,35055.5,35063.05078,21231415,35018.45487,34843.83464,61.68781894,70.52427455,0,0.8583637844,0.750478899,
2023-11-21 18:30:00+00:00,35063.07813,35109.57031,35061.03906,35085.35156,22140909,35024.53638,34854.56873,61.77908657,69.67857143,0,0.8663637799,0.803799975,
2023-11-21 19:30:00+00:00,35085.07813,35104.28125,35051.17969,35077.21875,24203792,35029.32569,34864.46428,59.52806122,70.23716518,0,0.8545049492,0.9427793642,
2023-11-21 20:30:00+00:00,35076.17969,35103.30859,35052.76953,35090.37109,39411121,35034.87527,34874.50458,63.07517939,69.06054688,1,0.865799012,1.425699251,1
2023-11-22 14:30:00+00:00,35189.32813,35269.87891,35155.80078,35216.60938,0,35051.39655,34889.70924,65.95309889,71.9561942,0,0.9499379593,0,
2023-11-22 15:30:00+00:00,35216.67969,35257.87109,35170.28906,35236.35156,27805171,35068.21065,34905.11557,66.63600903,75.00920759,0,0.9674671943,1.071249629,
2023-11-22 16:30:00+00:00,35236.53906,35315.19922,35234.92969,35269.12109,21963025,35086.47523,34921.29359,66.55616582,77.23493304,0,0.9543966134,0.8458021471,
2023-11-22 17:30:00+00:00,35269.17188,35282.98828,35214.39844,35273.03906,18773475,35103.43558,34936.92672,63.65813107,75.75,0,0.9582742157,0.7347597188,
2023-11-22 18:30:00+00:00,35273.07813,35275.57031,35246.17969,35272.89063,18593244,35118.84058,34951.85845,62.49734411,75.2843192,0,0.9581273075,0.7440894171,
2023-11-22 19:30:00+00:00,35272.64063,35289.57813,35194.58984,35289.57813,23442461,35134.36218,34966.86821,57.42470493,76.15792411,1,0.9742932506,0.9989814527,1
2023-11-22 20:30:00+00:00,35289.46875,35296.41016,35267.19922,35267.19922,28261874,35146.43827,34980.21626,62.50622437,71.35435268,0,0.9516079488,1.135952235,
2023-11-24 14:30:00+00:00,35299.89844,35391.53906,35299.89844,35388.73047,0,35168.46484,34998.37245,87.63891563,71.60435268,0,0.9965340545,0,
2023-11-24 15:30:00+00:00,35388.89844,35399.44141,35362.28125,35368.5,23690945,35186.64985,35014.82256,83.63775056,70.03794643,0,0.9510444994,1.039123043,
2023-11-24 16:30:00+00:00,35377.33984,35377.35938,35329.73047,35342.17969,19039121,35200.78893,35029.37177,77.79151672,70.03989955,0,0.9094004944,0.853507695,
2023-11-27 14:30:00+00:00,35376.44141,35410.37109,35315.62891,35340.17969,0,35213.46081,35043.18545,81.81361602,73.25585938,0,0.8908309943,0,
2023-11-27 15:30:00+00:00,35340.08984,35357.57813,35306,35340.51953,24703988,35225.01161,35056.4003,80.84794907,73.4734933,0,0.8913595548,1.19268651,
2023-11-27 16:30:00+00:00,35340.51172,35343.98047,35280.57031,35295.80078,24045284,35231.44699,35067.04032,74.277409,74.20982143,0,0.8140846856,1.215765516,
2023-11-27 17:30:00+00:00,35296.19922,35331.94141,35289.42969,35327.07031,19900576,35240.14002,35078.59721,75.27255741,73.63643973,0,0.8648263185,0.9580054876,
2023-11-27 18:30:00+00:00,35327.19922,35353.73047,35320.78125,35345.16016,19572065,35249.6873,35090.44445,67.84710999,63.16796875,0,0.8899095879,0.9750560279,
2023-11-27 19:30:00+00:00,35344.91016,35346.37109,35293.73828,35340.51953,21643757,35257.94478,35101.5589,65.09492704,60.67159598,0,0.8820751917,1.086473382,
2023-11-27 20:30:00+00:00,35341.71094,35374.23047,35322.21094,35333.69922,35995330,35264.83154,35111.87625,60.11898933,58.65373884,0,0.8705610034,1.742329991,
2023-11-28 14:30:00+00:00,35332.12891,35369.96094,35307.73047,35358.35156,0,35273.33336,35122.83071,62.55230126,58.19949777,1,0.9121795844,0,1
2023-11-28 15:30:00+00:00,35358.26953,35481.28906,35356.25,35463.23828,31847482,35290.59745,35137.95993,71.40823661,65.03152902,0,0.9727846685,1.597610592,
2023-11-28 16:30:00+00:00,35463.76172,35518.67188,35455.94922,35461.48828,22195986,35306.13298,35152.33897,70.00681911,62.72684152,0,0.9183838451,1.163696533,
2023-11-28 17:30:00+00:00,35461.53125,35461.53125,35340.67188,35405.64063,19563332,35315.17913,35163.59682,64.94732314,69.27315848,0,0.8386744274,0.9756369782,
2023-11-28 18:30:00+00:00,35405.55078,35418.51953,35379.98047,35393.42969,21307415,35322.29281,35173.81161,50.66414919,63.14453125,0,0.821246181,1.080116062,
2023-11-28 19:30:00+00:00,35393.64844,35444.82031,35377.60938,35416.71875,25433165,35330.87699,35184.60749,56.75643131,65.29101563,0,0.85448585,1.278017987,
2023-11-28 20:30:00+00:00,35416.19141,35447.16016,35392.05859,35411.55078,38660014,35338.21097,35194.69386,60.33280968,65.82477679,0,0.8471097879,1.850221605,
2023-11-29 14:30:00+00:00,35436.80078,35517.82031,35433.08984,35452.08984,0,35348.5636,35206.13368,64.95234914,66.64815848,0,0.9049697821,0,
2023-11-29 15:30:00+00:00,35451.91016,35504.19922,35413.35938,35428.30859,34185855,35355.81314,35216.00812,61.03809355,69.45256696,0,0.871027631,1.667414838,
2023-11-29 16:30:00+00:00,35427.73047,35522.05859,35419.19922,35521.78125,25854296,35370.90115,35229.59803,75.31041362,72.2703683,1,0.9996047189,1.268491026,1
2023-11-29 17:30:00+00:00,35521.94141,35562.78125,35514.57813,35557.67188,21338773,35387.88031,35244.17909,75.5633693,72.67689732,0,0.992510993,0.9948670394,
2023-11-29 18:30:00+00:00,35557.64063,35579.12891,35526.01172,35543.66016,24293387,35402.04211,35257.48936,72.20551992,74.11746652,0,0.9490617374,1.131030162,
2023-11-29 19:30:00+00:00,35543.87109,35543.87109,35420.98828,35429.87109,32187957,35404.57202,35265.15077,58.0336321,79.13532366,0,0.7856441615,1.454071523,
2023-11-29 20:30:00+00:00,35429.85156,35435.58984,35405.89063,35433.53125,40603530,35407.20468,35272.63435,59.02723323,77.54101563,0,0.790900676,1.680150036,
2023-11-30 14:30:00+00:00,35596.57031,35725.10938,35592.21875,35695.10156,60334115,35433.37712,35291.41067,71.31687487,93.92299107,0,0.9634105101,2.325182881,
2023-11-30 15:30:00+00:00,35694.37109,35776.39063,35686.71875,35753.39844,37067415,35462.46997,35311.94346,69.51896951,91.39676339,0,0.9735816876,1.393552575,
2023-11-30 16:30:00+00:00,35752.44141,35757.58984,35645.89844,35662.44922,25599768,35480.6499,35327.52149,62.07006579,94.89453125,0,0.8690798923,0.9522241705,
2023-11-30 17:30:00+00:00,35662.62109,35719.12891,35658.17969,35682.67969,19073757,35499.01624,35343.3063,67.38318398,90.61523438,0,0.8923249551,0.7101369227,
2023-11-30 18:30:00+00:00,35682.87891,35778.91016,35662.46875,35772.07813,24748632,35523.84005,35362.36283,71.66064821,96.1796875,0,0.9921554732,0.9161236531,
2023-11-30 19:30:00+00:00,35772.25,35827.78125,35752.64063,35772.42188,29314328,35546.4384,35380.58768,70.89663212,96.74609375,0,0.9321612009,1.098718973,
2023-11-30 20:30:00+00:00,35772.33984,35970.69922,35765.28125,35946.10938,58157167,35582.77212,35405.72197,76.21359037,107.4829799,0,0.9738238401,1.965544835,
2023-12-01 14:30:00+00:00,35914.44922,36070.17969,35914.44922,35993.17188,0,35620.08119,35431.83086,76.36480607,111.015904,0,0.925361098,0,
2023-12-01 15:30:00+00:00,35993.57813,36071.26953,35937.10938,36064.73047,42085955,35660.50385,35459.95973,79.63073431,114.1102121,0,0.9936687796,1.451718241,
2023-12-01 16:30:00+00:00,36063.71094,36198.37109,36032.55078,36196.10938,35450599,35709.19527,35492.67749,80.3251964,118.6074219,0,0.9980501243,1.190224255,
2023-12-01 17:30:00+00:00,36196.25,36264.85156,36185.44922,36195.19922,28407958,35753.37744,35523.90068,79.60155692,120.8359375,0,0.9432063218,0.9425386492,
2023-12-01 18:30:00+00:00,36195.05078,36215.83984,36174.10156,36200.57813,27603685,35794.03205,35553.97523,80.74840106,120.0231585,1,0.9475922169,0.9125680007,1
2023-12-01 19:30:00+00:00,36200.82031,36240.48047,36182.32031,36222.12109,29509899,35832.94924,35583.6706,90.58787743,115.4001116,0,0.9651163162,0.990569092,
2023-12-01 20:30:00+00:00,36222.51953,36261.64844,36205.30078,36244.05078,44512564,35870.3221,35613.02083,90.760829,117.3035714,0,0.9829853722,1.390301533,
2023-12-04 14:30:00+00:00,36089.37891,36238.17969,36029.69141,36118.08984,0,35892.84644,35635.46835,74.63161199,111.7879464,0,0.8790762794,0,
2023-12-04 15:30:00+00:00,36117.35938,36127.62109,36059.46094,36094.23828,41933313,35911.15479,35655.85812,70.67742226,110.2513951,0,0.8594238816,1.347855233,
2023-12-04 16:30:00+00:00,36094.21875,36148.12109,36063.98047,36139.37891,27526168,35931.90244,35677.34793,80.63624137,108.2834821,1,0.8966173157,0.8760573311,1
2023-12-04 17:30:00+00:00,36139.17969,36184.01172,36130.48047,36163.67969,22970101,35952.9731,35698.96268,80.73697243,107.7536272,0,0.916530505,0.7325970483,
2023-12-04 18:30:00+00:00,36163.67969,36191.44141,36152.30859,36162.10156,24417683,35971.98478,35719.54663,78.07438816,102.2315848,0,0.9073532053,0.788536317,
2023-12-04 19:30:00+00:00,36163.16016,36202.76172,36153.14063,36177.08984,28684689,35990.63069,35739.88188,78.52709379,100.4087612,0,0.9198202764,0.9445108029,
2023-12-04 20:30:00+00:00,36176.96875,36232.76172,36158.32813,36202.69922,43727254,36009.90965,35760.45154,72.86117008,91.05273438,0,0.9419279017,1.48029536,
2023-12-05 14:30:00+00:00,36135.64844,36135.64844,36010.85156,36094.46094,0,36017.59613,35775.2964,58.13740381,93.63253348,0,0.8407953662,0,
2023-12-05 15:30:00+00:00,36094.62109,36151.30078,36035.5,36096.53906,37017573,36024.77276,35789.57386,52.87659232,92.32114955,0,0.8427370642,1.310028885,
2023-12-05 16:30:00+00:00,36095.92188,36113.25,36033.58984,36094.69922,30535717,36031.12971,35803.13498,38.02282772,86.16685268,0,0.8410180045,1.059158621,
2023-12-05 17:30:00+00:00,36094.53125,36139.48828,36052.12109,36130.23047,24205840,36040.13887,35817.67256,42.90685773,86.73577009,1,0.8650621185,0.8403922954,1
2023-12-05 18:30:00+00:00,36130.16016,36147.76953,36102.44922,36114.75,23764289,36046.9217,35830.876,40.83170597,86.99162946,0,0.8475013493,0.8330886431,
2023-12-05 19:30:00+00:00,36114.55859,36158.76953,36094.35156,36152.60156,26268363,36056.52896,35845.17492,42.82384819,87.43861607,1,0.8859573928,0.9753920215,1
2023-12-05 20:30:00+00:00,36152.5,36164.67969,36104.39844,36131.26953,41898519,36063.32356,35857.89023,38.34377624,87.71958705,0,0.8642846938,1.44348194,
2023-12-06 14:30:00+00:00,36183.73047,36292.57813,36183.73047,36208.94141,0,36076.56154,35873.49251,60.43090612,83.93024554,0,0.917355659,0,
2023-12-06 15:30:00+00:00,36209.92188,36224.51172,36149.83984,36167.32031,32944261,36084.81234,35886.55152,58.0617917,84.3953683,-1,0.8762284135,1.229428902,0
2023-12-06 16:30:00+00:00,36166.91016,36169.76172,36119.28125,36138.82031,26431115,36089.72216,35897.76347,49.93603221,81.99107143,0,0.8480665756,0.9900201841,
2023-12-06 17:30:00+00:00,36138.19922,36177.30859,36120.94141,36176.23047,22261285,36097.58655,35910.13978,51.39536702,82.19363839,1,0.8840175074,0.842259608,1
2023-12-06 18:30:00+00:00,36176.28125,36192.78906,36131.37891,36136.57813,22103140,36101.13124,35920.2037,47.38384663,83.78487723,-1,0.8438188054,0.8481604193,0
2023-12-06 19:30:00+00:00,36136.53906,36157.48828,36060.51953,36071.48828,26385774,36098.43642,35926.92746,40.18401789,87.16685268,0,0.7786533596,1.048979559,
2023-12-06 20:30:00+00:00,36071.01953,36083.71094,36024.25,36064.17188,39447243,36095.32146,35933.02721,36.67014983,86.09737723,0,0.7680796126,1.45421639,
2023-12-07 14:30:00+00:00,36124.17188,36151.05859,36032.94922,36093.64063,0,36095.16866,35940.16559,49.90696108,80.83035714,0,0.7980017531,0,
2023-12-07 15:30:00+00:00,36093.05078,36118.85938,36021.94922,36044.69141,31991166,36090.57982,35944.81118,44.68463418,79.48102679,0,0.7395891468,1.266841377,
2023-12-07 16:30:00+00:00,36044.51953,36107.76953,36035.07813,36099.64844,30300851,36091.40424,35951.69284,50.45755599,78.98325893,1,0.7973228062,1.182738178,1
2023-12-07 17:30:00+00:00,36100.03906,36153.23828,36098.32813,36140.98828,23440355,36095.91188,35960.10597,50.98399314,76.66489955,0,0.8407512885,0.9166998147,
2023-12-07 18:30:00+00:00,36141.14063,36164.17188,36134.94141,36149.80859,21992056,36100.81158,35968.53719,53.2462835,75.515625,0,0.8439623963,0.871464675,
2023-12-07 19:30:00+00:00,36150.08984,36154.42969,36106.67969,36123.23047,25574197,36102.84966,35975.41245,47.22236588,74.3250558,-1,0.814914273,1.051221035,0
2023-12-07 20:30:00+00:00,36123.37891,36134.73047,36093.85938,36117.64063,35908236,36104.19429,35981.7337,48.67155553,72.93861607,0,0.8057371396,1.374556908,
2023-12-08 14:30:00+00:00,36084.82031,36261.98828,36061.64063,36210.51172,52430822,36113.85951,35991.90162,50.14865764,75.72712054,1,0.9074460774,1.949524327,1
2023-12-08 15:30:00+00:00,36210.32813,36246.32031,36109.82031,36141.62891,30740098,36116.38401,35998.55616,47.68723319,80.14341518,0,0.8297605202,1.142568512,
2023-12-08 16:30:00+00:00,36140.87891,36159.94141,36083.5,36157.66016,27660893,36120.13638,36005.62745,51.73492953,81.99776786,0,0.8478404525,1.021559145,
2023-12-08 17:30:00+00:00,36157.08984,36221.35938,36142.25,36211.55078,20582442,36128.44678,36014.7796,53.15677019,83.62220982,0,0.9086179249,0.7646337322,
2023-12-08 18:30:00+00:00,36211.64063,36230.35938,36177.42188,36224.60156,20234444,36137.18813,36024.10502,58.25990059,83.01702009,0,0.9233365053,0.7602262487,
2023-12-08 19:30:00+00:00,36224.46875,36277.67969,36218,36270.75,27406674,36149.33011,36035.06702,69.38741382,80.35351563,0,0.9753823923,1.058509805,
2023-12-08 20:30:00+00:00,36270.82813,36296.19922,36236.80078,36240.05078,37676675,36157.57745,36044.17741,66.36760868,80.34905134,0,0.9369337352,1.356467314,
2023-12-11 14:30:00+00:00,36254.32813,36335.21875,36231.19141,36298.48828,0,36170.38752,36055.48011,68.08821805,79.34319196,0,0.950564645,0,
2023-12-11 15:30:00+00:00,36298.71875,36371.89063,36291.85156,36356.85938,39277626,36187.33951,36068.87475,77.11354337,78.13811384,0,0.9792955761,1.467187174,
2023-12-11 16:30:00+00:00,36357.62109,36359.03906,36301.96875,36309.32813,27046936,36198.42938,36079.56156,68.4498522,77.02232143,0,0.9138248302,1.001368183,
2023-12-11 17:30:00+00:00,36309.76953,36390.10156,36304.10156,36377.01172,21720254,36214.66414,36092.78157,69.8477144,79.24302455,0,0.982115791,0.8047269494,
2023-12-11 18:30:00+00:00,36376.98828,36390.28906,36337.64063,36350.23047,26471328,36226.98835,36104.22374,66.35971737,80.91573661,0,0.9449608742,0.9805969782,
2023-12-11 19:30:00+00:00,36350.03125,36375.85156,36337.30859,36362.26172,33243480,36239.28593,36115.6921,69.98589047,80.25809152,0,0.9560457737,1.245777455,
2023-12-11 20:30:00+00:00,36362.64063,36416.17969,36350.44922,36405.30078,39019735,36254.37819,36128.5636,72.63439373,82.03376116,0,0.983286323,1.362615344,
2023-12-12 14:30:00+00:00,36442.10156,36492.53125,36373.21875,36485.48828,0,36275.3882,36144.42691,72.07705046,76.24553571,0,0.987816662,0,
2023-12-12 15:30:00+00:00,36485.44922,36531.96875,36475.82813,36502.46094,31860112,36296.03118,36160.33954,81.60449983,70.50558036,0,0.950395314,1.175029069,
2023-12-12 16:30:00+00:00,36502.92188,36559.96094,36502.42969,36554.76953,28496398,36319.55284,36177.86976,82.70366605,69.15485491,0,0.9905457701,1.041264031,
2023-12-12 17:30:00+00:00,36555.32031,36567.75,36500.71094,36513.69141,22363915,36337.2018,36192.79517,75.41900543,68.29268973,0,0.9029291696,0.8166270784,
2023-12-12 18:30:00+00:00,36513.83984,36539.75,36502.33984,36525.44141,23357721,36354.3145,36207.57944,75.36508731,67.18359375,0,0.9240281694,0.8563818762,
2023-12-12 19:30:00+00:00,36525.5,36596.10938,36525.5,36586.28125,27776407,36375.40238,36224.41064,75.9606361,67.96847098,0,0.983207187,1.033798531,
2023-12-12 20:30:00+00:00,36586.25,36592.44922,36550.35156,36578.69922,37792714,36393.88391,36240.15679,78.96442508,66.73270089,0,0.9702521592,1.445980498,
2023-12-13 14:30:00+00:00,36601.80078,36602.92188,36523.58984,36574.64844,0,36410.31705,36255.02309,76.04267201,64.96875,0,0.9522464868,0,
2023-12-13 15:30:00+00:00,36574.48047,36619.83984,36563.89844,36595.14844,33453295,36427.1199,36270.13977,74.19984449,63.24748884,0,0.9594550388,1.344099181,
2023-12-13 16:30:00+00:00,36595.64844,36605.92969,36571.71094,36576.75,23370752,36440.72264,36283.76689,78.86658796,61.61523438,0,0.9292435584,0.9337684488,
2023-12-13 17:30:00+00:00,36576.69141,36603.48047,36569.78906,36578.76172,21153651,36453.27165,36296.87777,75.37536357,57.87890625,0,0.9325469368,0.8436359312,
2023-12-13 18:30:00+00:00,36578.73047,36826.10156,36575.12109,36810.26172,35657169,36485.72529,36319.69484,88.19271482,72.04547991,0,0.9805705688,1.399038614,
2023-12-13 19:30:00+00:00,36810.25,37057.80859,36802.82813,36963.21094,56521593,36529.13308,36348.29555,90.43158774,87.50530134,0,0.9096451397,2.138607704,
2023-12-13 20:30:00+00:00,36963.19141,37093.73047,36928.92188,37093.73047,55939419,36580.46011,36381.42599,91.43929347,94.58231027,0,1,1.914021052,
2023-12-14 14:30:00+00:00,37115.62891,37223.17188,37088.28906,37161.44922,0,36633.2773,36416.09369,91.30883153,95.69447545,0,0.9490871714,0,
2023-12-14 15:30:00+00:00,37164.21875,37219.75,37125.37109,37162.53906,58003585,36681.39201,36449.26904,91.13677527,98.42578125,0,0.9495240852,2.013308962,
2023-12-14 16:30:00+00:00,37162.91016,37276.82031,37148.10156,37269.67188,40240668,36734.872,36485.73139,91.7036956,103.5106027,0,0.9943034487,1.353259907,
2023-12-14 17:30:00+00:00,37270.76172,37287.5,37148.80859,37150.33984,38040502,36772.6418,36515.26954,84.0317219,108.6286272,-1,0.8916201876,1.254859291,0
2023-12-14 18:30:00+00:00,37151.26172,37173.60156,37051.51953,37168.80078,40139351,36808.65625,36544.31538,84.14547173,114.6766183,0,0.9062074628,1.309204267,
2023-12-14 19:30:00+00:00,37169.85156,37225.57813,37153.48828,37207.60938,44932551,36844.92472,36573.79511,83.76582574,114.7781808,0,0.9368728413,1.451544671,
2023-12-14 20:30:00+00:00,37208.89844,37261.69922,37185.26172,37261.69922,60718177,36882.81331,36604.36863,85.33139347,117.2310268,0,0.979613002,1.786306888,
2023-12-15 14:30:00+00:00,37194.5,37250.16016,37092.01953,37183.53125,0,36910.1513,36630.10919,79.25409325,123.6844308,0,0.9178470342,0,
2023-12-15 15:30:00+00:00,37181.69922,37270.62891,37173.41016,37262.80078,41821035,36942.21035,36658.22881,80.36303689,126.6328125,1,0.9804834234,1.264846255,1
2023-12-15 16:30:00+00:00,37281.55859,37295.62109,37252.64844,37289.71875,32980447,36973.80202,36686.29503,82.17458751,127.2580915,0,0.9953658836,0.981708417,
2023-12-15 17:30:00+00:00,37290.25,37292.41016,37245.58984,37271.14844,30146081,37000.83351,36712.28852,80.78567732,128.1958705,-1,0.980785745,0.8883642494,0
2023-12-15 18:30:00+00:00,37270.58984,37282.03125,37154.16016,37154.16016,30026148,37014.7723,36731.92726,67.02441175,119.4023438,0,0.8889345519,0.8819066056,
2023-12-15 19:30:00+00:00,37153.01172,37233.03906,37152.33984,37227.12891,33292317,37034.07745,36753.93622,64.18860174,106.953683,0,0.9462246212,0.9843438413,
2023-12-15 20:30:00+00:00,37227.05078,37347.60156,37205.51953,37272.53906,68480053,37055.75577,36776.98523,60.58131955,105.3303571,0,0.9433769341,1.83859603,
2023-12-18 14:30:00+00:00,37330.14063,37384.53906,37300.92969,37324.71094,0,37080.20624,36801.3286,59.84240843,103.6958705,0,0.9560923448,0,
2023-12-18 15:30:00+00:00,37324.55078,37392.71094,37296.10938,37385.01172,32809788,37107.91583,36827.27007,62.51829839,103.8546317,1,0.9943832552,0.9102419927,1
2023-12-18 16:30:00+00:00,37384.73828,37393.44922,37351.91016,37362.37891,25341384,37131.04884,36851.05269,55.76471846,97.62751116,0,0.9771267862,0.6989856331,
2023-12-18 17:30:00+00:00,37362.35156,37365.17188,37309.71094,37330.51172,21575542,37149.18183,36872.36198,62.57086168,91.68247768,0,0.9527428338,0.6068995721,
2023-12-18 18:30:00+00:00,37330.30859,37344.21875,37300.83984,37307.03125,23813021,37163.53178,36891.68061,59.5774625,86.06082589,0,0.9351123208,0.702138245,
2023-12-18 19:30:00+00:00,37307.12109,37349.71094,37284.85156,37341.48047,25408381,37179.70893,36911.67172,59.33179033,85.54436384,0,0.9609788146,0.7844889084,
2023-12-18 20:30:00+00:00,37339.91016,37339.91016,37301.57813,37308.51953,35297679,37191.41898,36929.3094,53.36277326,82.93470982,0,0.9362298097,1.033506054,
2023-12-19 14:30:00+00:00,37311.82031,37479.69922,37311.82031,37469.94922,0,37216.73991,36953.33783,68.37383665,83.04185268,0,0.9931244026,0,
2023-12-19 15:30:00+00:00,37469.89063,37534.60156,37462.46875,37525.12891,28651772,37244.77528,36978.75077,67.36517656,81.25,0,0.9934720929,0.9340823345,
2023-12-19 16:30:00+00:00,37523.92188,37533.48047,37463.55859,37470.85938,23300416,37265.32838,37000.62226,61.57182356,83.1749442,0,0.9560732418,0.7783226085,
2023-12-19 17:30:00+00:00,37470.91016,37512.57813,37469.89063,37498.53906,21644048,37286.52935,37022.7519,64.35929314,82.8797433,0,0.974099573,0.7460392689,
2023-12-19 18:30:00+00:00,37498.55859,37525.37891,37483.76953,37508.48047,20607222,37306.70672,37044.33984,75.87253414,76.71819196,0,0.9807534006,0.7413823047,
2023-12-19 19:30:00+00:00,37508.48047,37517.76172,37480,37499.83984,24366507,37324.26428,37064.58428,71.9781396,73.65122768,0,0.9735973891,0.937963687,
2023-12-19 20:30:00+00:00,37500.73047,37562.82813,37493.16016,37557.32031,33690238,37345.45119,37086.48366,72.51290793,68.47879464,0,0.9958638776,1.217898288,
2023-12-20 14:30:00+00:00,37520.12891,37539.51172,37460.60938,37515.73828,0,37360.93184,37105.56164,65.35850005,67.38671875,0,0.9646376199,0,
2023-12-20 15:30:00+00:00,37515.69141,37587.92969,37515.67188,37587.67969,28367612,37381.54528,37126.98911,65.9950057,65.64787946,1,0.9998071104,1.119439337,1
2023-12-20 16:30:00+00:00,37588.05859,37631.05859,37560.82031,37628.30859,22275703,37403.97831,37149.26998,70.40805314,67.69782366,0,0.9979309149,0.8929070983,
2023-12-20 17:30:00+00:00,37628.98828,37641.30078,37590.69922,37600.94922,18270423,37421.88475,37169.34461,70.89858607,67.35072545,0,0.9698238214,0.7500295171,
2023-12-20 18:30:00+00:00,37600.62109,37615.57031,37556.35938,37564.01172,20244011,37434.80539,37186.88537,69.45405511,68.48158482,0,0.9407288914,0.8539186213,
2023-12-20 19:30:00+00:00,37564.35938,37568.07031,37200.83984,37208.30859,43375779,37414.21477,37187.83751,43.21752001,90.07952009,0,0.6679487871,1.931935898,
2023-12-20 20:30:00+00:00,37207.69141,37246.80078,37073.03906,37081.60156,46063861,37383.9772,37183.11592,39.450391,99.64090402,0,0.5664108601,1.860777454,
2023-12-21 14:30:00+00:00,37225.32031,37408.67969,37225.32031,37305.80078,0,37376.87026,37188.56858,42.78943828,110.7765067,0,0.7354272108,0,
2023-12-21 15:30:00+00:00,37307.01953,37337.03125,37267.60156,37324.32031,24938623,37372.09299,37194.60199,40.88550993,110.5834263,0,0.728024105,1.079849218,
2023-12-21 16:30:00+00:00,37323.89063,37329.46094,37162.87891,37177.96094,23354826,37354.44462,37193.86238,37.73127998,117.4877232,0,0.5937717258,1.007389732,
2023-12-21 17:30:00+00:00,37178.17188,37222.32031,37127.05078,37220.48047,20915240,37342.26606,37195.04541,38.49589988,121.2435826,0,0.6310502721,0.9078340056,
2023-12-21 18:30:00+00:00,37220.03125,37261.75,37199.42969,37250.60156,19881322,37333.93293,37197.51457,39.50601977,122.7229353,0,0.6569687284,0.8734334121,
2023-12-21 19:30:00+00:00,37250.32813,37344.10156,37210.03125,37340.19922,24790520,37334.50259,37203.85611,43.90524708,129.6021205,0,0.7306087358,1.114836742,
2023-12-21 20:30:00+00:00,37342.51953,37418.76172,37327.10938,37407.30859,34333169,37341.12132,37212.89845,44.31465904,131.172433,0,0.7906505344,1.433321912,
2023-12-22 14:30:00+00:00,37349.26953,37534.51953,37349.26953,37518.19922,59640039,37357.21931,37226.46737,50.08861258,137.4966518,0,0.8898627916,2.338551957,
2023-12-22 15:30:00+00:00,37518.25,37530.41016,37401.94922,37446.82031,34689031,37365.36485,37236.26083,44.92592926,141.5111607,0,0.8194913257,1.330488157,
2023-12-22 16:30:00+00:00,37447.07813,37471.73047,37424.62109,37442.42969,21818227,37372.37075,37245.42389,43.12472729,139.859096,0,0.8144013824,0.8365526084,
2023-12-22 17:30:00+00:00,37442.21094,37477.19141,37426.66016,37465.92188,19189254,37380.8754,37255.2238,44.9912916,139.8540737,1,0.8363257226,0.7377582563,1
2023-12-22 18:30:00+00:00,37465.42188,37468.57813,37284.01953,37287.87109,22145752,37372.42046,37256.67479,40.72755605,148.8074777,0,0.6685083278,0.8550753621,
2023-12-22 19:30:00+00:00,37287.94922,37424.64844,37268.87891,37421.51953,23873001,37376.88401,37264.00123,58.41411077,133.703125,0,0.7378790491,0.9395741761,
2023-12-22 20:30:00+00:00,37421.17188,37423.21094,37346.80859,37390.48047,31049188,37378.12005,37269.62253,63.18511824,126.7488839,0,0.6479116517,1.151642834,
2023-12-26 14:30:00+00:00,37405.89844,37496.35156,37371.82813,37476.19141,0,37387.03563,37278.80337,58.24874056,112.280692,0,0.7200498066,0,
2023-12-26 15:30:00+00:00,37476.67969,37510.80859,37466.82031,37474.44922,27137883,37394.98232,37287.49874,57.38786432,110.4634487,0,0.7170958512,1.052447118,
2023-12-26 16:30:00+00:00,37474.30078,37521.23828,37473.87109,37508.94922,22987677,37405.34295,37297.34098,68.30299862,101.9481027,1,0.7755921157,0.8834153185,1
2023-12-26 17:30:00+00:00,37509.33984,37535.33984,37492.46875,37526.78906,17957471,37416.3835,37307.53867,67.41355955,98.20535714,0,0.8058403539,0.693150156,
2023-12-26 18:30:00+00:00,37526.67188,37558.51172,37516.82813,37555.83984,17636299,37429.06135,37318.57428,67.37385551,96.7313058,0,0.8550972288,0.7163383211,
2023-12-26 19:30:00+00:00,37555.75,37617.98828,37551.98828,37583.46094,19632910,37443.09768,37330.34702,64.89725618,91.86914063,0,0.8982161883,0.8426676309,
2023-12-26 20:30:00+00:00,37584.23828,37601.67969,37523.55078,37546.78906,27936600,37452.52417,37339.96667,58.87249469,90.9031808,-1,0.8336827634,1.131249332,1
2023-12-27 14:30:00+00:00,37518.62109,37629.05078,37488.60156,37621.44141,0,37467.88028,37352.47666,56.88474884,87.703125,1,0.9650524145,0,0
2023-12-27 15:30:00+00:00,37621.19922,37632.21875,37574.10938,37591.73828,25810291,37479.1401,37363.11051,60.23268258,82.67801339,0,0.912782265,1.094992953,
2023-12-27 16:30:00+00:00,37591.87109,37636.98828,37587.17188,37619.94922,21170771,37491.94093,37374.52556,62.12675117,82.87137277,0,0.9624265338,0.8976762935,
2023-12-27 17:30:00+00:00,37619.85156,37683.69922,37588.10156,37643.26953,23303492,37505.69807,37386.46974,62.11785556,86.09040179,0,0.933793474,0.9809898862,
2023-12-27 18:30:00+00:00,37643.75,37655.39844,37546.10156,37609.80078,21776194,37515.16196,37396.39556,77.41321731,80.71456473,-1,0.8789859847,0.9225495519,1
2023-12-27 19:30:00+00:00,37610.03906,37619.32031,37565.62891,37605.87109,20346698,37523.40824,37405.70558,70.14943216,73.42327009,0,0.8725508383,0.8883066337,
2023-12-27 20:30:00+00:00,37605.89063,37668.83984,37565.55078,37668.83984,31317489,37536.6293,37417.40044,78.43938572,75.34375,0,0.9756667029,1.457379037,
2023-12-28 14:30:00+00:00,37661.51953,37731.32031,37650.98047,37723.94922,0,37553.65838,37431.02483,77.00127714,72.18777902,0,0.988802516,0,
2023-12-28 15:30:00+00:00,37723.87891,37742.66016,37681.32031,37694.85938,23881901,37566.49483,37442.75081,72.66956473,73.42717634,0,0.92861518,1.202655337,
2023-12-28 16:30:00+00:00,37694.94922,37730.16016,37688.30859,37699.30859,17182050,37578.56881,37454.15338,70.86880556,73.03320313,0,0.9352595626,0.8696565057,
2023-12-28 17:30:00+00:00,37699.14844,37752.69922,37687.37891,37726.41016,17616164,37592.00893,37466.25368,71.44859774,74.63671875,0,0.961320283,0.9019681957,
2023-12-28 18:30:00+00:00,37726.60938,37760.75,37721.76172,37754.21875,15849714,37606.75528,37479.05213,71.37217934,74.44419643,0,0.9905029139,0.8285422168,
2023-12-28 19:30:00+00:00,37754.28125,37768.69141,37725.51953,37750.96094,19664165,37619.86489,37491.13696,69.04525024,72.81361607,0,0.9745124574,1.059469475,
2023-12-28 20:30:00+00:00,37751.19922,37778.85156,37689.57031,37719.78906,33498793,37628.9489,37501.29928,69.91975964,73.61021205,0,0.9163198442,1.655460827,
2023-12-29 14:30:00+00:00,37701.62891,37759.42969,37696.89844,37726.44141,0,37637.81186,37511.3056,64.33477677,68.04464286,0,0.9257449305,0,
2023-12-29 15:30:00+00:00,37727,37731.69922,37591.57031,37594.17969,26947554,37633.8453,37514.98889,50.26038846,73.9031808,-1,0.7383556185,1.412610069,1
2023-12-29 16:30:00+00:00,37593.14844,37615.98828,37538.80078,37559.12109,20343050,37627.05219,37516.95032,43.60576844,75.85825893,0,0.688684362,1.059770826,
2023-12-29 17:30:00+00:00,37559.23047,37662.67969,37556.37109,37618.35156,18970328,37626.26122,37521.45704,47.56450492,76.62332589,0,0.7726024971,0.9848367765,
2023-12-29 18:30:00+00:00,37618.42969,37683.51953,37618.35938,37659.37109,16715404,37629.27121,37527.58655,54.77455377,73.47126116,0,0.8307192509,0.8743951682,
2023-12-29 19:30:00+00:00,37659.37109,37707.08984,37658.69922,37702.33984,19402600,37635.91381,37535.35337,58.64185435,73.09263393,0,0.8915976711,1.038136622,
2023-12-29 20:30:00+00:00,37702.48047,37720.21875,37629.35938,37696.94922,41009702,37641.46249,37542.53541,52.80773493,72.20479911,0,0.8839601966,1.977293791,
2024-01-02 14:30:00+00:00,37566.21875,37696.46094,37495.91016,37658.94922,0,37643.05219,37547.70935,43.27763683,80.82617188,0,0.8301215355,0,
2024-01-02 15:30:00+00:00,37657.64844,37723.26172,37630.92969,37684.30078,42500905,37646.80206,37553.78008,48.89951062,83.03989955,0,0.8660398034,2.071566704,
2024-01-02 16:30:00+00:00,37685.08984,37772.03906,37665.64844,37748.16016,29542171,37656.01643,37562.4192,54.53056848,87.64983259,0,0.9565162047,1.418370692,
2024-01-02 17:30:00+00:00,37748.16016,37790.07813,37727.12109,37737.01172,22981996,37663.37964,37570.17886,51.0131856,87.48102679,0,0.9259923078,1.100220618,
2024-01-02 18:30:00+00:00,37735.76953,37752.07031,37654.60156,37677.85156,26341790,37664.69527,37574.96432,43.11425754,91.65820313,0,0.8434861246,1.24322404,
2024-01-02 19:30:00+00:00,37677.44922,37687.98047,37583.92969,37615.80859,33097272,37660.25103,37576.77962,38.98184181,96.00669643,0,0.7569595014,1.555521908,
2024-01-02 20:30:00+00:00,37614.83984,37728.78125,37606.26953,37723.87109,49512778,37666.03467,37583.31702,50.29571064,98.38030134,1,0.9076660747,2.084492541,0
2024-01-03 14:30:00+00:00,37629.23047,37629.23047,37468.75,37501.30859,71531568,37651.05957,37579.6722,37.57705871,112.1367188,0,0.5644681415,2.736960883,
2024-01-03 15:30:00+00:00,37497.19141,37510.82031,37406.89844,37479.55078,36265275,37635.46786,37575.22236,42.79619201,109.5505022,0,0.5316522815,1.338717685,
2024-01-03 16:30:00+00:00,37479.53906,37497.62891,37442.60938,37486.53906,28237879,37621.92888,37571.28088,45.27179362,107.9670759,0,0.5421922408,1.022346754,
2024-01-03 17:30:00+00:00,37486.60938,37588.73047,37481.41016,37573.64063,23473797,37617.53904,37571.38576,47.18945518,108.0393415,0,0.6735617286,0.8382944651,
2024-01-03 18:30:00+00:00,37573.37109,37610.32813,37470.94922,37598.19141,25321992,37615.78016,37572.57712,46.0729151,113.3401228,0,0.6751253257,0.8952526904,
2024-01-03 19:30:00+00:00,37598.30078,37614.07813,37454.41016,37477.67969,27726605,37603.22558,37568.35945,36.88480852,121.2885045,-1,0.4614255313,0.9903726598,0
2024-01-03 20:30:00+00:00,37477.71875,37514.73047,37401.85156,37425.30859,43841163,37587.0513,37562.00164,34.96679465,122.8613281,0,0.3001341558,1.45226199,
2024-01-04 14:30:00+00:00,37425.28125,37642.73828,37425.28125,37602.17188,0,37588.4259,37563.78698,47.27642718,124.0340402,1,0.63947327,0,0
2024-01-04 15:30:00+00:00,37601.71094,37716.41016,37589.21875,37694.44141,50982727,37598.06367,37569.59385,50.45709376,126.5239955,0,0.8165064043,1.678565395,
2024-01-04 16:30:00+00:00,37695.33984,37709.64844,37570.71094,37571.89063,37650769,37595.68431,37569.69593,42.45383671,128.8487723,-1,0.5813740847,1.202637937,1
2024-01-04 17:30:00+00:00,37574.82031,37575.12891,37512.01953,37568.30078,28127782,37593.1949,37569.63392,42.73037589,128.859654,0,0.5744864233,0.882372715,
2024-01-04 18:30:00+00:00,37568.35938,37574.58984,37531.48828,37534.96094,22030489,37587.9009,37568.0929,43.70283149,124.9762835,0,0.5105188605,0.6882627992,
2024-01-04 19:30:00+00:00,37535.16016,37568.53125,37490.96094,37505.67188,30401424,37580.42553,37565.31863,45.0020031,123.0848214,0,0.4543233379,0.9657862392,
2024-01-04 20:30:00+00:00,37505.62109,37534.58984,37436.05078,37453.19141,49904997,37568.85879,37560.3352,37.06400233,121.3724888,0,0.2399957701,1.468931633,
2024-01-05 14:30:00+00:00,37455.46094,37623.62109,37394.67969,37530.89063,0,37565.40714,37559.02655,51.64096052,119.5025112,0,0.3803048416,0,
2024-01-05 15:30:00+00:00,37530.75,37585.05078,37494.55078,37501.83984,35893650,37559.6283,37556.48492,51.22648485,118.5438058,0,0.2710181581,1.115881037,
2024-01-05 16:30:00+00:00,37501.44922,37513.26953,37347.48047,37350.46875,29643916,37540.61379,37547.32864,43.53916121,126.4559152,0,0.006751687922,0.9121403166,
2024-01-05 17:30:00+00:00,37350.66016,37430.62109,37323.82031,37430.55859,22155889,37530.60877,37542.13886,43.16069355,126.4188058,0,0.2289254537,0.686153297,
2024-01-05 18:30:00+00:00,37430.51172,37519.37891,37430.51172,37474.85938,28621544,37525.54065,37539.14866,44.213987,122.8108259,0,0.323938942,0.8925763923,
2024-01-05 19:30:00+00:00,37474.41016,37500.07031,37377.23047,37417.53125,28685312,37515.72161,37533.74345,47.00035845,120.1802455,0,0.2009852382,0.9245918115,
2024-01-05 20:30:00+00:00,37416.92969,37500.17969,37372.35938,37461.57813,38123135,37510.79948,37530.5361,51.82392853,121.2474888,0,0.2954541646,1.29871885,
2024-01-08 14:30:00+00:00,37327.37109,37366.30078,37249.23828,37365.05078,0,37497.54959,37523.1812,37.02744404,120.8819754,0,0.2141345564,0,
2024-01-08 15:30:00+00:00,37365.46875,37431.44922,37342.30078,37385.69922,37834208,37487.38138,37517.07089,31.67294279,118.1646205,0,0.2523130259,1.350210505,
2024-01-08 16:30:00+00:00,37387.51172,37436.32813,37368.57813,37385.82813,30883862,37478.14926,37511.23787,37.07702993,113.0797991,0,0.2525513705,1.087786526,
2024-01-08 17:30:00+00:00,37385.96875,37483.10156,37382.96094,37434.21875,25812595,37474.15558,37507.8148,41.23293199,115.7248884,0,0.3420244845,0.9083823183,
2024-01-08 18:30:00+00:00,37434.35156,37587.32031,37430.37109,37580.69922,26175951,37483.84137,37511.05411,52.60518411,123.8568638,0,0.6128633852,0.9236896134,
2024-01-08 19:30:00+00:00,37580.78125,37644.32813,37580.78125,37603.67969,35060562,37494.73576,37515.1708,55.62278697,122.8610491,0,0.655353725,1.256676164,
2024-01-08 20:30:00+00:00,37605.19141,37692.92188,37601.75,37680.07031,48430068,37511.58436,37522.49967,62.66866174,122.3348214,0,0.7965981727,1.597248028,
2024-01-09 14:30:00+00:00,37523.55078,37523.55078,37373.30078,37428.05859,0,37503.9911,37518.30229,45.19362436,127.8939732,0,0.3306345022,0,
2024-01-09 15:30:00+00:00,37428.01953,37466.89844,37396.76172,37464.19141,32957073,37500.37295,37515.89736,48.2518827,126.4394531,0,0.3974432126,1.1968234,
2024-01-09 16:30:00+00:00,37463.98828,37535.96875,37452.82813,37530.19141,25932025,37503.08372,37516.53265,59.06356254,120.5359933,0,0.5194756419,0.945481032,
2024-01-09 17:30:00+00:00,37530.30859,37548.28906,37467.46875,37476.92188,20835194,37500.70537,37514.77217,52.40314723,118.6802455,0,0.4209815464,0.7613096015,
2024-01-09 18:30:00+00:00,37475.19922,37552.37891,37434.03125,37470.78125,24703073,37497.98499,37512.81702,49.77991213,120.7859933,0,0.4096276769,0.9121363876,
2024-01-09 19:30:00+00:00,37470.91016,37532.60938,37462.07813,37498.21875,27738784,37498.00625,37512.16821,54.49970809,117.0496652,0,0.4603589614,1.067930188,
2024-01-09 20:30:00+00:00,37497.19141,37541.89844,37481.60156,37521.41016,41351438,37500.13387,37512.57896,53.41612136,112.2265625,0,0.5032393196,1.474629659,
2024-01-10 14:30:00+00:00,37552.91016,37656.42188,37524.39844,37579.83984,0,37507.37987,37515.56833,62.8211944,106.703125,0,0.6112744213,0,
2024-01-10 15:30:00+00:00,37579.44922,37610.85156,37544.26172,37572.44922,32357705,37513.29527,37518.09637,61.3267627,105.0917969,0,0.5976093316,1.226464087,
2024-01-10 16:30:00+00:00,37573.17969,37584.28906,37543.71094,37577.48828,22692837,37519.13099,37520.73601,61.55574502,103.1509487,0,0.6069264382,0.8592592234,
2024-01-10 17:30:00+00:00,37577.82813,37614.92188,37552.37109,37572.78906,20564356,37524.009,37523.04948,58.81946378,100.4659598,-1,0.5982376946,0.7907266519,1
2024-01-10 18:30:00+00:00,37572.89063,37691.98828,37566.39844,37684.53125,24391021,37538.60193,37530.22645,56.91424885,98.22600446,0,0.80484634,0.9456745195,
2024-01-10 19:30:00+00:00,37684.98828,37740.76953,37648.73828,37663.62891,30084292,37549.96802,37536.15545,54.00314054,100.2547433,0,0.7661984038,1.184875667,
2024-01-10 20:30:00+00:00,37663.28906,37711.80078,37609.23047,37686.07031,43681995,37562.34096,37542.81833,50.43176145,101.0689174,1,0.8076920299,1.584153096,1
2024-01-11 14:30:00+00:00,37747.14063,37801.89844,37442.14844,37548.94141,0,37561.12282,37543.09047,60.42191478,104.8532366,-1,0.5422918979,0,1
2024-01-11 15:30:00+00:00,37549.30078,37580.96094,37428.87891,37474.85938,36011581,37553.28068,37540.05797,50.86325159,110.7064732,0,0.4082456302,1.388316543,
2024-01-11 16:30:00+00:00,37471.69141,37503.16016,37424.28125,37467.21094,26455743,37545.45616,37536.82033,44.37215082,110.4020647,0,0.394406316,1.018657528,
2024-01-11 17:30:00+00:00,37467.17188,37612.19922,37467.17188,37595.42188,22874421,37549.9985,37539.42484,59.33829143,114.9882813,1,0.6263950636,0.8863956024,1
2024-01-11 18:30:00+00:00,37595.19141,37677.96094,37578.26953,37671.92188,23613316,37561.08244,37545.3136,64.26845489,113.655692,0,0.7648164771,0.9357832129,
2024-01-11 19:30:00+00:00,37671.53906,37737.96094,37649.62109,37680.08984,32501438,37571.9013,37551.30365,63.26414331,114.9277344,0,0.7795958468,1.329992208,
2024-01-11 20:30:00+00:00,37680.46875,37734.32031,37666.26953,37709.92969,42268666,37584.44933,37558.3537,63.61697205,115.4815848,0,0.8335889625,1.591995305,
2024-01-12 14:30:00+00:00,37818.05078,37825.26953,37532.64844,37558.62891,0,37582.10202,37558.36593,48.6491462,126.7393973,-1,0.5371073618,0,1
2024-01-12 15:30:00+00:00,37561.21094,37585.16016,37470.19141,37544.16016,33875795,37578.65276,37557.73456,48.21446182,130.1950335,0,0.5119893669,1.33895985,
2024-01-12 16:30:00+00:00,37544.32813,37566.30078,37481.62109,37519.14844,24451993,37573.24328,37556.01962,46.40828439,133.3451451,0,0.4685685998,0.9596196059,
2024-01-12 17:30:00+00:00,37518.82031,37585.51953,37500.64844,37575.12109,18193041,37573.41399,37556.86858,50.13504649,134.9394531,1,0.5657380784,0.7232254601,1
2024-01-12 18:30:00+00:00,37574.87891,37633.01953,37568.48047,37605.98047,20365137,37576.37458,37559.05133,44.98100624,130.578683,0,0.6193104758,0.821614219,
2024-01-12 19:30:00+00:00,37605.85156,37605.89063,37533.48047,37556.17969,25451168,37574.53868,37558.9237,43.37905039,129.1835938,0,0.5328554766,1.060831088,
2024-01-12 20:30:00+00:00,37555.71094,37607.26953,37545.10156,37590.64063,36154700,37576.00249,37560.33334,44.20551792,126.2977121,0,0.5926802474,1.401374279,
2024-01-16 14:30:00+00:00,37493.53906,37543.17969,37324.58984,37488.48047,0,37568.04594,37557.13988,46.16600281,119.6049107,0,0.415328487,0,
2024-01-16 15:30:00+00:00,37488.51953,37507.78906,37356.53125,37415.07813,49998156,37554.13978,37550.82602,46.20583306,119.5460379,0,0.2879007758,1.957116972,
2024-01-16 16:30:00+00:00,37415.10938,37456.19922,37331.32031,37331.46094,32578016,37533.89625,37541.07647,42.14203667,122.8317522,0,0.142739923,1.245931204,
2024-01-16 17:30:00+00:00,37331.42969,37366.46875,37294.39844,37363.42188,28545255,37518.39858,37533.18071,34.88645501,117.6205357,0,0.1982246514,1.083096178,
2024-01-16 18:30:00+00:00,37363.44141,37374.55859,37201.39063,37234.89844,31290023,37492.62584,37519.92372,23.33749595,122.8688616,-1,0.05370884023,1.184531684,0
2024-01-16 19:30:00+00:00,37234.92188,37300.75,37218.03125,37278.5,31591349,37473.15985,37509.19377,26.51467733,122.4673549,0,0.1235967016,1.223949532,
2024-01-16 20:30:00+00:00,37278.62109,37363.94922,37264.89844,37351.53906,43472673,37462.10342,37502.1869,30.04905756,124.6816406,0,0.2406692004,1.553448554,
2024-01-17 14:30:00+00:00,37281.85938,37326.51953,37190.28906,37295.07813,0,37446.9193,37492.98206,33.59655734,115.2979911,0,0.1650272216,0,
2024-01-17 15:30:00+00:00,37294.73828,37366.14063,37273.30859,37337,35681765,37436.92664,37486.04953,37.53238388,113.7167969,0,0.231047953,1.339136881,
2024-01-17 16:30:00+00:00,37336.73828,37371.66016,37259.51172,37267.58984,26007647,37421.53238,37476.34021,35.62836701,115.6788504,0,0.1217372582,0.9703619247,
2024-01-17 17:30:00+00:00,37267.39063,37282,37195.53125,37206.39844,22202780,37401.97475,37464.3428,29.05960911,115.7929688,0,0.02536987481,0.8305855088,
2024-01-17 18:30:00+00:00,37206.46875,37213.44922,37132.89063,37203.80859,27352029,37383.95965,37452.7635,26.40225902,116.937221,0,0.1024265299,1.033165333,
2024-01-17 19:30:00+00:00,37203.91016,37229.89844,37156.30859,37169.19141,27732590,37364.43526,37440.16029,26.88123364,117.015067,0,0.05242906871,1.077110664,
2024-01-17 20:30:00+00:00,37169.30859,37296.85156,37167.25,37271.28906,38241036,37355.96742,37432.65491,32.34834352,121.8317522,0,0.1998882927,1.382576369,
2024-01-18 14:30:00+00:00,37300.80859,37300.80859,37122.94922,37222.42969,0,37343.82763,37423.31156,34.37372379,115.5323661,0,0.1416454387,0,
2024-01-18 15:30:00+00:00,37223.71875,37285.78125,37185.42969,37244.75,42928143,37334.82057,37415.37549,39.35729837,111.8962054,0,0.1734262545,1.596478238,
2024-01-18 16:30:00+00:00,37245.53906,37292.51172,37157.05859,37198.37891,36251809,37322.41678,37405.7312,41.27862625,112.6515067,-1,0.1074006919,1.304387238,0
2024-01-18 17:30:00+00:00,37198.66016,37221.10156,37158.62891,37195.71094,24897897,37310.89807,37396.39697,38.57043978,111.9659598,0,0.1036019,0.8886123235,
2024-01-18 18:30:00+00:00,37195.60938,37406.35938,37193.51172,37404.75,27920580,37319.43006,37396.76821,60.43074,114.8002232,1,0.4012425331,0.9921206787,1
2024-01-18 19:30:00+00:00,37403.73828,37480.03125,37361.37109,37480.03125,31567212,37334.03017,37400.46879,61.91270054,117.3674665,0,0.508431872,1.130916448,
2024-01-18 20:30:00+00:00,37480.30859,37522.28906,37443.60938,37468.67188,40545872,37346.27033,37403.50004,57.46841875,115.9123884,0,0.4922578062,1.354226614,
2024-01-19 14:30:00+00:00,37572.5,37611.5,37451.71094,37561.64063,0,37365.84945,37410.52851,66.24004036,115.8080357,0,0.6246315227,0,
2024-01-19 15:30:00+00:00,37560.98828,37661.44141,37507.01172,37632.75,36126962,37390.11313,37420.40502,67.39945765,120.2078683,1,0.7258807302,1.308105161,1
2024-01-19 16:30:00+00:00,37633.53125,37648.92969,37574.89844,37642.96875,32538111,37413.10001,37430.29674,73.73738372,117.4852121,0,0.7404307152,1.169702526,
2024-01-19 17:30:00+00:00,37643.48828,37784.82031,37639.03906,37783.64063,31239196,37446.78552,37446.00091,83.16828572,121.7218192,0,0.9407266093,1.123110836,
2024-01-19 18:30:00+00:00,37783.42969,37933.73047,37783.42969,37877.21094,36674444,37485.9151,37465.1658,85.03098901,126.703404,0,0.9302900366,1.306580044,
2024-01-19 19:30:00+00:00,37877.94141,37901.57031,37838.92188,37863.87109,37495654,37520.27474,37482.88604,86.95596156,125.921875,0,0.9138369628,1.350212545,
2024-01-19 20:30:00+00:00,37864.73828,37871.25,37827.66016,37852.76172,47648881,37550.50083,37499.32496,84.24913145,119.7781808,0,0.9001349008,1.580256195,
2024-01-22 14:30:00+00:00,37919.55078,38109.19922,37911.60938,38088.96875,0,37599.45246,37525.53135,91.81192418,125.390904,0,0.9794874842,0,
2024-01-22 15:30:00+00:00,38089.82031,38096.78906,37985.62109,38013.55859,43041637,37637.09847,37547.22145,85.28832741,126.1635045,0,0.9030259823,1.473007565,
2024-01-22 16:30:00+00:00,38017.33984,38019.67188,37968.32813,37993.64063,29378211,37669.51139,37567.0623,87.41101454,120.155692,0,0.8828303232,0.9932113286,
2024-01-22 17:30:00+00:00,37993.57813,37997.67188,37916.96094,37920.96094,26153335,37692.37044,37582.79113,82.00904771,121.4584263,0,0.8091373574,0.8859807395,
2024-01-22 18:30:00+00:00,37920.51172,37994.51172,37916.35938,37972.42969,25370327,37717.83037,37600.1084,79.10245114,111.8373326,0,0.8613236692,0.8629079589,
2024-01-22 19:30:00+00:00,37972.03125,38013.78125,37952.28125,38005.62109,28355070,37743.99317,37618.13119,78.15993805,107.7544643,0,0.89497782,0.980917999,
2024-01-22 20:30:00+00:00,38005.78906,38019.76172,37980,38008.73047,41106591,37768.06019,37635.49115,79.19321939,104.9746094,0,0.898130545,1.327646648,
2024-01-23 14:30:00+00:00,37959.78906,37980.73047,37893.87109,37937.94141,78017334,37783.50394,37648.93339,70.84092335,101.765346,0,0.8263545627,2.384651126,
2024-01-23 15:30:00+00:00,37938.10156,37938.75,37812.98828,37820.73047,42714503,37786.88817,37656.56881,59.90523512,99.71763393,0,0.7075095057,1.292827844,
2024-01-23 16:30:00+00:00,37820.05078,37846.21094,37804.98828,37831.35156,31470832,37790.9303,37664.33694,59.92222862,97.37416295,0,0.7182786755,0.9431373744,
2024-01-23 17:30:00+00:00,37831.57813,37870.12891,37814.42188,37857.57813,26542464,37796.98919,37672.92543,54.42818241,90.94029018,0,0.7448708809,0.7970869854,
2024-01-23 18:30:00+00:00,37857.80078,37899.03906,37846.33984,37871.53906,24961202,37803.76645,37681.7527,49.62449959,83.96875,0,0.7590264575,0.7571105676,
2024-01-23 19:30:00+00:00,37871.62109,37936.41016,37863.82813,37913.5,37692667,37813.74223,37692.05258,53.16566086,84.67829241,0,0.8015724018,1.148243494,
2024-01-23 20:30:00+00:00,37913.12891,37927.48047,37881.21094,37904.19922,48046879,37821.96559,37701.48132,53.28861273,84.86969866,0,0.7921419518,1.363855565,
2024-01-24 14:30:00+00:00,37975.37109,38064.21875,37924.48047,37951.76953,0,37833.76595,37712.60524,38.43991706,77.98270089,0,0.8403754753,0,
2024-01-24 15:30:00+00:00,37952.82031,38053.98828,37934.53125,38038.23047,41589559,37852.35363,37727.07748,52.04078995,78.57477679,0,0.9280418251,1.227738259,
2024-01-24 16:30:00+00:00,38038.19141,38060.60938,37999.25,38022.05859,33135873,37867.78136,37740.18775,52.36531521,79.29017857,0,0.9116444867,0.9754517009,
2024-01-24 17:30:00+00:00,38022.67188,38050.08984,37948.39063,37968.78906,30134412,37876.96388,37750.34781,54.11380497,80.78934152,0,0.8576322877,0.8957172852,
2024-01-24 18:30:00+00:00,37968.57813,37969.05078,37858.94922,37880.82813,31033068,37877.31517,37756.14693,42.5865274,83.07142857,0,0.7684450253,0.9313745858,
2024-01-24 19:30:00+00:00,37880.89844,37931.98828,37841.26172,37851.21875,33297383,37874.94277,37760.37235,37.43107714,85.15904018,0,0.7384228454,1.021327348,
2024-01-24 20:30:00+00:00,37851.42969,37895.32813,37795.71094,37810.48828,43062359,37869.08327,37762.59972,34.79373412,89.4344308,0,0.6971245247,1.239019692,
2024-01-25 14:30:00+00:00,37862.57031,38037.48047,37855.82031,37988.12109,0,37879.90489,37772.62289,53.30700634,97.44391741,0,0.8772338403,0,
2024-01-25 15:30:00+00:00,37988.89844,37991.96094,37829.62891,37914.37891,49329856,37883.03889,37778.92316,56.54683882,100.0560826,0,0.8024635615,1.468120515,
2024-01-25 16:30:00+00:00,37914.35156,37924.51172,37822.41016,37837.05859,39658421,37878.85886,37781.50696,50.36493798,104.4045759,0,0.7240652725,1.157033797,
2024-01-25 17:30:00+00:00,37837.07031,37879.07031,37796.46875,37839.80859,36148153,37875.30884,37784.09814,48.8285495,106.3256138,0,0.7268536122,1.03829752,
2024-01-25 18:30:00+00:00,37840.14063,37895.39063,37815.01172,37888.28125,36859094,37876.48815,37788.7285,51.05568583,108.3027344,0,0.7760020596,1.045943814,
2024-01-25 19:30:00+00:00,37888.39063,37928.26953,37856.35938,37919.92969,37881775,37880.43738,37794.55967,50.41076883,108.2547433,0,0.80809173,1.079905355,
2024-01-25 20:30:00+00:00,37919.98047,38057.53125,37915.44922,38057.53125,54253030,37896.53682,37806.24729,58.41613029,115.0984933,0,0.947611692,1.600829363,
2024-01-26 14:30:00+00:00,38006.67969,38134.75,37997.76953,38128.85938,104416028,37917.65706,37820.58561,59.47309253,113.452846,0,0.9941780782,2.823913041,
2024-01-26 15:30:00+00:00,38128.07813,38215.30859,38126.10938,38171.28125,44252365,37940.7138,37836.17208,57.46922271,111.2915737,0,0.9596951839,1.176463734,
2024-01-26 16:30:00+00:00,38170.78906,38184.26953,38123.26953,38155.07813,35031309,37960.20147,37850.34568,57.46720639,111.265904,0,0.9448620389,0.9209272305,
2024-01-26 17:30:00+00:00,38155.55859,38155.55859,38037.48047,38094.25,38368532,37972.3877,37861.18587,56.98363137,112.4358259,0,0.8891769536,0.9911906428,
2024-01-26 18:30:00+00:00,38094.67969,38099.64063,38022.98828,38073.21875,26613143,37981.55416,37870.60956,61.57138964,110.046596,0,0.8699239032,0.6974905267,
2024-01-26 19:30:00+00:00,38073.08984,38130.80078,38058.48047,38091.96094,31602188,37991.59114,37880.4474,64.67129444,108.7318638,0,0.8870814321,0.8464873131,
2024-01-26 20:30:00+00:00,38092.01953,38127.26172,38072.30859,38105.28125,50789392,38001.9266,37890.44001,68.58619144,105.5415737,0,0.8992755074,1.273785534,
2024-01-29 14:30:00+00:00,38115.82813,38170.26953,38083.80078,38107.78906,0,38011.55046,37900.09997,59.6831598,95.50418527,0,0.9015712835,0,
2024-01-29 15:30:00+00:00,38107.17188,38130.89844,38067.5,38104.82031,34687775,38020.02954,37909.19865,67.40320842,88.4375,0,0.895593403,0.9159476548,
2024-01-29 16:30:00+00:00,38103.91016,38127.91016,38085.26172,38117.17188,29191686,38028.86066,37918.44191,79.0468012,84.19084821,1,0.9072650898,0.7717813412,1
2024-01-29 17:30:00+00:00,38117.10938,38128.39063,38061.17188,38117.14063,22705078,38036.88611,37927.27296,78.92146878,83.09207589,0,0.9070977043,0.6069679032,
2024-01-29 18:30:00+00:00,38116.94141,38152.53125,38098.25,38150.51172,20743380,38047.21571,37937.19468,78.23596215,81.22795759,0,0.9365853659,0.5639902526,
2024-01-29 19:30:00+00:00,38150.42188,38340.05078,38144.96094,38296.28125,34587017,38069.85803,37953.15409,82.52954285,90.0265067,0,0.9552769596,0.9513450758,
2024-01-29 20:30:00+00:00,38296.25,38343.92969,38266.78125,38335.87891,42027901,38094.04175,37970.16408,78.96602467,85.38839286,0,0.99105787,1.092845683,
2024-01-30 14:30:00+00:00,38298.23047,38341.60156,38257.80078,38291.26953,0,38111.97155,37984.43543,67.89628188,81.58984375,0,0.9409784246,0,
2024-01-30 15:30:00+00:00,38291.32813,38352.62109,38262.19922,38352.32031,44619241,38133.82144,38000.78587,69.16232531,81.67717634,0,0.9996443024,1.231254183,
2024-01-30 16:30:00+00:00,38352.46094,38403.85938,38345.71875,38372.17188,31364917,38155.48966,38017.29191,72.80246833,81.47293527,0,0.9617744352,0.8712551352,
2024-01-30 17:30:00+00:00,38371.75,38435.53125,38349.76953,38430.58984,28558841,38180.49877,38035.66071,85.50727028,79.16462054,0,0.9937960393,0.8025600084,
2024-01-30 18:30:00+00:00,38430.78125,38454.80078,38409.64844,38451.05078,26721417,38205.0944,38054.12249,89.93567353,76.91462054,0,0.9944144155,0.7628879109,
2024-01-30 19:30:00+00:00,38451.57813,38497.39063,38449.14063,38482.91016,32105988,38230.35038,38073.17972,90.20721683,75.1953125,0,0.9793631353,0.9465401299,
2024-01-30 20:30:00+00:00,38483,38487.21094,38448.30859,38463.69141,42410626,38251.5632,38090.5358,86.41888084,74.04882813,0,0.9519735011,1.376117695,
2024-01-31 14:30:00+00:00,38426.78125,38588.85938,38426.78125,38497.26953,0,38273.90014,38108.61285,87.22549525,79.44949777,1,0.884523704,0,1
2024-01-31 15:30:00+00:00,38497.46875,38532.10156,38468.12109,38494.12891,40861538,38293.92094,38125.7469,87.19684698,79.49107143,0,0.8805640101,1.413995181,
2024-01-31 16:30:00+00:00,38496.98047,38517.23047,38420.28906,38514.12109,29728110,38313.93913,38143.00797,87.38109076,83.36914063,0,0.9057701211,1.044340687,
2024-01-31 17:30:00+00:00,38514.85156,38517.83984,38450,38463.83984,29698238,38327.56647,38157.26717,79.82619449,83.41350446,-1,0.8423756193,1.037668242,1
2024-01-31 18:30:00+00:00,38464.01953,38495.73828,38369.92188,38399.96875,29403070,38334.1485,38168.05391,70.39049778,88.52315848,0,0.7618470691,1.031317175,
2024-01-31 19:30:00+00:00,38399.89844,38553.39063,38215.71094,38238.01953,50860519,38325.4095,38171.16349,45.3604335,98.70814732,0,0.5576618106,1.783717978,
2024-01-31 20:30:00+00:00,38237.82031,38243.39063,38144.32813,38144.32813,60593327,38308.94756,38169.97081,35.95612452,100.2734375,0,0.4395358687,1.920949002,
2024-02-01 14:30:00+00:00,38175.33984,38296.26172,38146.25,38291.21875,72007611,38307.33585,38175.3596,49.99676245,105.140067,0,0.6247352817,2.155308284,
2024-02-01 15:30:00+00:00,38290.98047,38296.64063,38106.83984,38192.89844,39793632,38296.93245,38176.13911,40.29718035,112.2385603,0,0.5007732238,1.1724865,
2024-02-01 16:30:00+00:00,38192.76953,38389.89063,38191.96094,38342.83984,30422043,38301.10585,38183.54803,48.45882609,122.2234933,1,0.6898190558,0.886284468,1
2024-02-01 17:30:00+00:00,38342.44141,38485.89063,38335.35938,38390.60938,26208167,38309.24253,38192.75076,47.87555991,126.8498884,0,0.7500467874,0.7574919017,
2024-02-01 18:30:00+00:00,38390.55078,38449,38347.66016,38399.57813,25149866,38317.45486,38201.94308,47.23108281,130.8632813,0,0.7613545699,0.7369545616,
2024-02-01 19:30:00+00:00,38400,38497.85156,38373.78906,38488.26172,30556519,38332.98275,38214.66836,50.27129572,136.2784598,0,0.8731666716,0.9106891154,
2024-02-01 20:30:00+00:00,38488.14844,38522.5,38449.73828,38515.08984,44575073,38349.53794,38228.02042,52.58567835,138.6969866,0,0.9069915192,1.245742309,
2024-02-02 14:30:00+00:00,38448.10156,38470.21094,38336.57031,38422.46094,0,38356.16731,38236.66222,46.4476901,139.8713728,0,0.7902051752,0,
2024-02-02 15:30:00+00:00,38422.98047,38529.17969,38391.71094,38523.89063,48901379,38371.41488,38249.42793,51.29258718,145.1205357,0,0.918087527,1.420403905,
2024-02-02 16:30:00+00:00,38521.62109,38607.55078,38520.55078,38585.30859,34017112,38390.85976,38264.35596,52.9843707,144.4104353,0,0.9726027397,0.9803001231,
2024-02-02 17:30:00+00:00,38585.26953,38655.85938,38457.16016,38599.78906,32879246,38409.85334,38279.2641,55.87572892,153.7575335,0,0.9348132136,0.9391761737,
2024-02-02 18:30:00+00:00,38599.82031,38731.08984,38586.35156,38704.23047,27782063,38436.61489,38298.15149,62.70466,155.109096,0,0.9712850324,0.7985093713,
2024-02-02 19:30:00+00:00,38704.12109,38783.62109,38697.53906,38779.76172,34976343,38467.81006,38319.55639,74.3803222,137.1378348,0,0.9960933948,1.016142912,
2024-02-02 20:30:00+00:00,38780.28125,38781.60938,38648.39063,38653.03125,45618110,38484.64835,38334.37749,72.23231358,139.577567,-1,0.8678120243,1.242946142,1
2024-02-05 14:30:00+00:00,38546.76953,38633.87891,38253.48047,38309.01953,0,38468.68209,38333.25047,50.66362209,157.2645089,0,0.5192215614,0,
2024-02-05 15:30:00+00:00,38309.67188,38316.85938,38220.39844,38277.60938,36095126,38451.31185,38330.77754,53.32389168,150.5973772,0,0.4874026061,1.031971235,
2024-02-05 16:30:00+00:00,38277,38353.94922,38268.85156,38349.71094,30594035,38442.0754,38331.61902,50.28714898,142.5379464,1,0.5604425609,0.8735746167,1
2024-02-05 17:30:00+00:00,38350.87109,38414.62109,38350.87109,38362.35156,26000456,38434.82778,38332.98491,48.78335923,136.422154,0,0.5732477019,0.7460348224,
2024-02-05 18:30:00+00:00,38361.89063,38447.42188,38360.96875,38439.83984,21442233,38435.28342,38337.73402,51.63688916,135.358817,0,0.6450775113,0.6423558009,
2024-02-05 19:30:00+00:00,38439.98047,38476.10156,38379.39063,38465.58984,28618222,38438.03855,38343.4165,49.0285347,133.4051339,0,0.6570210507,0.9004576944,
2024-02-05 20:30:00+00:00,38467.53125,38489.80859,38368.71094,38368.71094,38388977,38431.73604,38344.5407,44.0830299,136.8577009,-1,0.5220875403,1.275341887,1
2024-02-06 14:30:00+00:00,38392.89844,38545.28125,38350.46094,38444.14844,0,38432.86444,38348.96771,50.88901414,138.0220424,0,0.5680193659,0,
2024-02-06 15:30:00+00:00,38445.91016,38487.85156,38417.28125,38460.26172,32261761,38435.3551,38353.91411,47.19556497,133.2435826,0,0.5748811126,1.143902878,
2024-02-06 16:30:00+00:00,38460.32813,38491.55078,38419.48047,38491.55078,30235393,38440.4638,38360.03129,45.75489385,132.1771763,0,0.6160166802,1.064454264,
2024-02-06 17:30:00+00:00,38491.55078,38494,38411.55859,38440.5,21957351,38440.46709,38363.60768,43.01899584,123.8730469,0,0.5489004838,0.7773897809,
2024-02-06 18:30:00+00:00,38441.07813,38502.51172,38406.32031,38422.78125,23969493,38438.85929,38366.23762,36.65044856,120.4054129,0,0.5256057354,0.8586409386,
2024-02-06 19:30:00+00:00,38422.73047,38467.05859,38397.33984,38437.98047,24428019,38438.77939,38369.42619,32.80467577,119.2366071,0,0.5233467646,0.9078258348,
2024-02-06 20:30:00+00:00,38437.28125,38526.21875,38413.71094,38520.69922,35334190,38446.22665,38376.14943,43.03375269,117.7572545,0,0.6360687116,1.232230872,
2024-02-07 14:30:00+00:00,38613.89063,38714.17969,38571.01172,38711.46094,0,38470.33886,38391.05217,75.26125569,103.0379464,0,0.9001173309,0,
2024-02-07 15:30:00+00:00,38709.37109,38725.73047,38657.28125,38675.28125,34730147,38488.96999,38403.68457,74.81329824,101.0371094,0,0.850038119,1.322269516,
2024-02-07 16:30:00+00:00,38675.05078,38694.21094,38648.64063,38676.85938,23159985,38506.05084,38415.82567,72.38275446,98.21372768,0,0.8522225286,0.8983843548,
2024-02-07 17:30:00+00:00,38676.14063,38730.66016,38641.96094,38728.78906,23774156,38526.29977,38429.73516,73.79174613,99.91294643,0,0.9241025807,0.9294331386,
2024-02-07 18:30:00+00:00,38729.03125,38748.10938,38677.55078,38702.17969,22231132,38542.28885,38441.8438,68.23793308,98.77762277,0,0.8811718104,0.8913152956,
2024-02-07 19:30:00+00:00,38701.96094,38724.67969,38673.96094,38681.37891,26967985,38554.9334,38452.48981,65.10565922,95.49246652,0,0.8489287528,1.123224565,
2024-02-07 20:30:00+00:00,38681.30859,38704.10938,38653.87109,38680.58984,39514632,38566.35672,38462.62759,75.22574612,90.43108259,0,0.847762848,1.520661213,
2024-02-08 14:30:00+00:00,38702.10938,38755.67969,38639.17188,38664.17969,0,38575.24971,38471.58546,69.67556692,84.83733259,0,0.8235154915,0,
2024-02-08 15:30:00+00:00,38663.64844,38666.16016,38545.33984,38549.76953,41434005,38572.93333,38475.06031,56.80724395,88.4266183,0,0.654465069,1.675969708,
2024-02-08 16:30:00+00:00,38549.44141,38603.83984,38544.35938,38599.67188,29900403,38575.36411,38480.5986,57.99642921,87.52734375,0,0.7281998892,1.199980654,
2024-02-08 17:30:00+00:00,38599.85938,38664.23828,38596.48828,38640.46094,25983567,38581.282,38487.70359,65.01666236,86.47795759,0,0.7884690862,1.033370998,
2024-02-08 18:30:00+00:00,38640.01172,38687.75,38627.69141,38664.60156,23350692,38588.85651,38495.56572,67.98672772,83.89704241,0,0.8241388466,0.9384913551,
2024-02-08 19:30:00+00:00,38664.48047,38720.37109,38646.60938,38705.80859,27047771,38599.48852,38504.90985,69.17917044,84.18582589,0,0.8850256268,1.112434526,
2024-02-08 20:30:00+00:00,38704.91016,38742.01172,38679.07031,38730.05078,40181681,38611.35781,38514.91611,66.36198222,80.6453683,0,0.9208454541,1.526478769,
2024-02-09 14:30:00+00:00,38731.96875,38734.28125,38639.78125,38661.41016,0,38615.90803,38521.42696,45.16538,73.57533482,-1,0.8194232812,0,1
2024-02-09 15:30:00+00:00,38661.98828,38684.10938,38620.67188,38632.92188,36972054,38617.45474,38526.38229,45.8466111,73.21735491,0,0.7773295009,1.476115144,
2024-02-09 16:30:00+00:00,38633.30859,38636.46094,38567.89844,38631.96875,30241597,38618.77419,38531.07502,45.59301755,74.85965402,0,0.7759211802,1.187758037,
2024-02-09 17:30:00+00:00,38631.80859,38670.73047,38611.60156,38666.96094,26934108,38623.15481,38537.1144,43.72143945,72.74748884,1,0.8276250173,1.051731265,1
2024-02-09 18:30:00+00:00,38667.07813,38682.92969,38643.67969,38680.62109,26106993,38628.37902,38543.49247,47.75162344,70.51116071,0,0.8478090225,1.016102985,
2024-02-09 19:30:00+00:00,38680.48828,38717.73047,38657.26172,38672.25,27668002,38632.36729,38549.21503,49.02259287,71.20758929,0,0.8354400425,1.09316719,
2024-02-09 20:30:00+00:00,38672.28906,38672.28906,38623.44141,38667.30859,39101523,38635.54377,38554.46363,48.59054504,71.10825893,0,0.828138708,1.434127708,
2024-02-12 14:30:00+00:00,38656.76172,38708.96875,38628.92188,38684.57813,0,38640.00144,38560.2465,52.16081566,68.50390625,1,0.8536558618,0,1
2024-02-12 15:30:00+00:00,38685.53125,38830.94141,38683.73828,38828.17969,29012611,38657.10855,38572.15464,77.77440046,70.38839286,0,0.9961860064,1.123598908,
2024-02-12 16:30:00+00:00,38829.05859,38891.10156,38829.05859,38860.89063,23203084,38675.63419,38584.98735,76.98497248,70.63420759,0,0.956788468,0.8996026456,
2024-02-12 17:30:00+00:00,38860.85938,38927.07813,38838.01953,38884.96094,21328681,38694.6639,38598.31951,76.16153679,72.15625,0,0.9404013045,0.8283796993,
2024-02-12 18:30:00+00:00,38884.87109,38901.16016,38758.64063,38799.67969,25147053,38704.21079,38607.26885,62.78108783,78.04631696,0,0.819722514,0.9801464977,
2024-02-12 19:30:00+00:00,38799.48828,38809.10938,38759.57813,38774.14844,22749924,38710.56876,38614.68572,56.6640003,76.3155692,0,0.7835940523,0.9166633964,
2024-02-12 20:30:00+00:00,38773.57813,38815.48047,38773.08984,38807.44922,37174360,38719.37607,38623.25299,57.41630734,74.84765625,1,0.8307169311,1.393503458,1
2024-02-13 14:30:00+00:00,38699.17188,38699.17188,38252.41016,38335.69141,0,38684.49565,38610.47247,32.39224265,107.7433036,0,0.1631474214,0,
2024-02-13 15:30:00+00:00,38335.10156,38397.96875,38295.25,38379.48047,36686043,38656.76699,38600.20616,36.52237857,110.5491071,0,0.2251119341,1.470707444,
2024-02-13 16:30:00+00:00,38380.14063,38403.60938,38295.12109,38303.05859,24016459,38624.61169,38586.9996,33.80868321,113.4009487,-1,0.116969764,0.9666075667,1
2024-02-13 17:30:00+00:00,38303.12891,38349.26953,38241.5,38256.03906,22324902,38591.10508,38572.29025,30.00820987,116.875279,0,0.05043391742,0.9003849159,
2024-02-13 18:30:00+00:00,38256.26172,38256.82031,38078.78906,38095.83984,26086869,38546.08097,38551.11467,25.10012907,126.7882254,0,0.02010020169,1.054151323,
2024-02-13 19:30:00+00:00,38095.55078,38150.46875,38039.85938,38086.03125,31866601,38504.25827,38530.4443,25.06943983,130.3696987,0,0.0520411398,1.309709606,
2024-02-13 20:30:00+00:00,38085.85938,38279.96094,38075.76953,38275.32813,44640606,38483.44644,38519.1058,35.58957421,141.4656808,1,0.2654010074,1.680551236,1
2024-02-14 14:30:00+00:00,38372.67188,38420.66016,38295.85156,38388.76953,0,38474.83945,38513.31308,39.84334554,146.1289063,0,0.3932628298,0,
2024-02-14 15:30:00+00:00,38389.82813,38416.26172,38247.16016,38320.44141,30589211,38460.80326,38504.741,31.61643448,147.6930804,-1,0.3162489874,1.236834654,0
2024-02-14 16:30:00+00:00,38320.32031,38328.19141,38194.62109,38278.32813,23841295,38444.21461,38494.67821,29.04993089,152.7393973,0,0.2687823606,0.9700569827,
2024-02-14 17:30:00+00:00,38280.37891,38325.25,38251.89063,38276.26953,19786357,38428.94688,38484.97116,27.7581595,151.6180246,0,0.2664620831,0.8155562827,
2024-02-14 18:30:00+00:00,38277.19922,38358.71875,38225.96875,38318.10938,22811477,38418.87074,38477.55508,31.8262495,150.9202009,0,0.3136205135,0.949751933,
2024-02-14 19:30:00+00:00,38318.05859,38410.42969,38296.37891,38396.05859,27678566,38416.79691,38473.93301,36.27447922,155.5287388,0,0.4014784615,1.180463346,
2024-02-14 20:30:00+00:00,38396.12891,38442.55859,38354.32813,38418.07813,40778546,38416.91338,38471.45057,35.74821207,158.8030134,0,0.426297066,1.600028816,
2024-02-15 14:30:00+00:00,38397.94141,38664.82813,38397.94141,38603.73047,69414574,38433.89675,38477.32968,62.40993402,138.2207031,0,0.6355491177,2.523594582,
2024-02-15 15:30:00+00:00,38604.51172,38605.57031,38550.26953,38566.01172,35534643,38445.90721,38481.2711,58.68502419,134.8337054,0,0.5930356451,1.263552436,
2024-02-15 16:30:00+00:00,38565.89844,38644.35938,38558.07031,38633.5,25122617,38462.9611,38488.03683,65.51464843,133.2480469,1,0.6691028847,0.8873328894,1
2024-02-15 17:30:00+00:00,38633.42969,38687.94141,38585.28906,38687.82031,22956461,38483.40284,38496.9161,70.13464873,132.8825335,0,0.730328273,0.8139730136,
2024-02-15 18:30:00+00:00,38688.01172,38728.08984,38646.80859,38709.71875,25370784,38503.97702,38506.37399,82.86523316,125.9718192,0,0.7550103906,0.8954177804,
2024-02-15 19:30:00+00:00,38710.01172,38773.55078,38703.05859,38755.35156,28549546,38526.82925,38517.43966,84.50966333,123.1063058,0,0.8064439435,1.023179346,
2024-02-15 20:30:00+00:00,38755.19141,38781.89063,38726.53906,38771.82031,49198040,38549.10116,38528.74547,81.15031321,112.4748884,0,0.8250061639,1.620345775,
2024-02-16 14:30:00+00:00,38751.71094,38751.71094,38583.23828,38687.25,0,38561.66015,38535.79012,69.43083973,115.5641741,0,0.7296854637,0,
2024-02-16 15:30:00+00:00,38687.30859,38741.10938,38664.17969,38728.87109,30836706,38576.86114,38544.37149,77.54628898,108.9804688,0,0.7765973372,1.068145394,
2024-02-16 16:30:00+00:00,38728.80859,38782.83984,38712.62891,38774.85938,25375416,38594.86098,38554.6154,83.31411379,104.4547991,0,0.8284315452,0.8743535823,
2024-02-16 17:30:00+00:00,38774.76172,38784.92969,38672.67969,38751.19141,18835788,38609.07284,38563.35211,80.96632877,107.2327009,0,0.8017549576,0.6572298503,
2024-02-16 18:30:00+00:00,38750.69922,38825.03125,38750.58984,38804.71094,21831690,38626.85812,38574.07917,81.25188159,103.0678013,1,0.8620777711,0.7753387177,1
2024-02-16 19:30:00+00:00,38804.57031,38806.03125,38627.01953,38685.69922,26218216,38632.20731,38579.04006,67.67010467,107.7078683,0,0.7279375506,0.9626133763,
2024-02-16 20:30:00+00:00,38685.30859,38698.33984,38590.23047,38623.64063,37118694,38631.42852,38581.02231,61.9566304,109.1277902,0,0.6579902082,1.275888342,
2024-02-20 14:30:00+00:00,38576.26172,38654.26172,38523.17969,38625.53125,0,38630.89241,38583.00048,51.61282865,99.42745536,0,0.6601211652,0,
2024-02-20 15:30:00+00:00,38626.53125,38663.08984,38575.71094,38612.98828,36526328,38629.26476,38584.33327,53.60980705,101.71875,0,0.6459837625,1.295387447,
2024-02-20 16:30:00+00:00,38612.80859,38621.19141,38477.94922,38488.01953,28106399,38616.42428,38580.05266,39.72827916,105.7868304,0,0.5051292663,0.9822870174,
2024-02-20 17:30:00+00:00,38487.85156,38560.05078,38460.19922,38520.10156,22631249,38607.66767,38577.38817,37.77420898,105.5867746,0,0.5412894931,0.7911858607,
2024-02-20 18:30:00+00:00,38519.94922,38575.23828,38498.39063,38559.96094,22588151,38603.3307,38576.61363,39.36202093,105.2700893,0,0.5862157022,0.7967688214,
2024-02-20 19:30:00+00:00,38560.35156,38606.05078,38537.69141,38590.92188,26204581,38602.20262,38577.24955,38.07116381,105.1177455,0,0.6211123243,0.9487196897,
2024-02-20 20:30:00+00:00,38591.17969,38595.92188,38484.96875,38576.28906,44967371,38599.84684,38577.20686,35.77695945,109.0892857,0,0.6046194216,1.703397645,
2024-02-21 14:30:00+00:00,38483.66016,38549.96094,38391.46875,38490.94141,0,38589.94635,38573.37284,35.73654544,108.8205915,0,0.5084225635,0,
2024-02-21 15:30:00+00:00,38491.46875,38534.05078,38450.85156,38510.62891,28543524,38582.73567,38570.58422,33.62083118,109.2684152,0,0.5306126942,1.151275956,
2024-02-21 16:30:00+00:00,38510.53906,38513.85156,38465.64844,38474,35236876,38572.85061,38566.29159,27.09864649,107.6964286,0,0.4893276038,1.386898117,
2024-02-21 17:30:00+00:00,38474.14063,38526.19141,38430.53125,38509.82031,22872877,38567.12058,38563.78175,31.96062289,106.5114397,0,0.5297013138,0.9047073538,
2024-02-21 18:30:00+00:00,38509.85938,38551.51172,38420.87891,38449.28906,25355178,38556.40863,38558.69319,23.71231119,110.5251116,-1,0.4614754676,1.009267595,0
2024-02-21 19:30:00+00:00,38449.46875,38452.64063,38338.57813,38390.73047,26103939,38541.34698,38551.22818,26.04101887,105.8858817,0,0.3954730372,1.089132223,
2024-02-21 20:30:00+00:00,38391.78906,38618.03125,38391.78906,38614.05078,38632893,38547.95641,38554.0203,49.38275951,114.3995536,0,0.6471813251,1.491658163,
2024-02-22 14:30:00+00:00,38845.19141,38994.5,38802.07031,38898.44922,0,38579.8194,38569.32825,62.88151155,132.2114955,0,0.8993854035,0,
2024-02-22 15:30:00+00:00,38898.48047,38909.82031,38821.62891,38881,33875584,38607.19945,38583.18033,62.59162332,132.2695313,0,0.881107092,1.366917351,
2024-02-22 16:30:00+00:00,38881.14844,38926,38845.14844,38921.21875,25419725,38635.74666,38598.20426,72.11337143,127.813058,0,0.9232368201,1.012267656,
2024-02-22 17:30:00+00:00,38921.21875,38996.80859,38909.25,38994.87891,25725576,38668.39505,38615.83424,73.24891448,126.9349888,0,0.9979835006,1.016565716,
2024-02-22 18:30:00+00:00,38995.30078,39149.60938,38993.96094,39142.14844,25737193,38711.46354,38639.22598,75.79510682,132.5636161,0,0.9932769205,1.01799227,
2024-02-22 19:30:00+00:00,39142.12891,39147.57813,39009.62891,39054.44922,30798859,38742.64405,38657.68035,69.55444158,137.5343192,0,0.9142508166,1.233616528,
2024-02-22 20:30:00+00:00,39054.76172,39120.17188,39028.62891,39061.64844,47194724,38771.64445,38675.63449,70.60468171,136.1478795,0,0.9207380604,1.727096367,
2024-02-23 14:30:00+00:00,39127.96875,39282.28125,39127.96875,39258.51953,0,38815.90582,38701.54049,79.76695429,138.7059152,0,0.9808746777,0,
2024-02-23 15:30:00+00:00,39258.98828,39282.14844,39168.30078,39202.98047,31197858,38851.09443,38723.82671,76.12323946,140.8950893,0,0.9361724203,1.216086519,
2024-02-23 16:30:00+00:00,39203.17969,39231.25,39169.42969,39173.75,22017152,38880.42675,38743.8233,76.55062428,141.8677455,0,0.9126454128,0.859252774,
2024-02-23 17:30:00+00:00,39173.55078,39191.78125,39148.17969,39189.37109,23669159,38908.5126,38763.62542,76.1855878,138.1492746,0,0.9252185122,0.9217804519,
2024-02-23 18:30:00+00:00,39189.16016,39193.42188,39095.48828,39099.94922,18101470,38925.91593,38778.57315,74.52624325,135.8136161,0,0.8532446708,0.7162517165,
2024-02-23 19:30:00+00:00,39100.17969,39171.92188,39094.35938,39153.71875,22470206,38946.62528,38795.24629,78.86459759,133.2064732,0,0.8965226687,0.9305342603,
2024-02-23 20:30:00+00:00,39153.82813,39196.12109,39128.96094,39128.96094,38585111,38963.20125,38810.07805,72.92349964,121.7678571,0,0.8729226496,1.479666605,
2024-02-26 14:30:00+00:00,39144.78906,39245.89063,39135.23047,39195.92969,0,38984.35838,38827.22701,66.42312155,102.9450335,0,0.9206079564,0,
2024-02-26 15:30:00+00:00,39195.58984,39213.39063,39119.12109,39142.33984,35336642,38998.72033,38841.23202,63.87424566,103.3791853,0,0.8713371953,1.433261469,
2024-02-26 16:30:00+00:00,39141.12109,39162.10938,39121.21094,39156.91016,29436849,39013.10122,38855.26216,62.86289274,100.5253906,0,0.884733211,1.178279625,
2024-02-26 17:30:00+00:00,39155.96875,39161.37891,39070.66016,39084.62109,23371225,39019.60303,38865.45589,54.90503356,100.7511161,0,0.8128771966,0.9392179319,
2024-02-26 18:30:00+00:00,39084.73828,39129.85156,39025.80078,39119.46094,23883044,39028.68102,38876.74501,48.58621462,97.0655692,0,0.8458597124,0.9640886617,
2024-02-26 19:30:00+00:00,39119.53125,39143.39063,39087,39117.14844,24825366,39036.72351,38887.4296,54.37244956,91.23995536,0,0.8325059134,1.030855826,
2024-02-26 20:30:00+00:00,39117.67188,39123.19141,39061.82813,39063.55078,36947952,39039.16236,38895.25721,50.12460023,89.08426339,0,0.7682211037,1.424928701,
2024-02-27 14:30:00+00:00,39087.89844,39087.89844,38918.76172,38961.87109,0,39032.13588,38898.21783,27.80200636,85.40597098,0,0.6604756859,0,
2024-02-27 15:30:00+00:00,38961.83984,38962.12109,38902.48828,38910.62891,27645292,39021.08979,38898.76943,27.98194827,81.53348214,0,0.6061766313,1.135461584,
2024-02-27 16:30:00+00:00,38910.80859,38926.87891,38882.94141,38899.82031,23378681,39010.06529,38898.81614,28.78056161,80.25613839,0,0.5947232478,0.9648714899,
2024-02-27 17:30:00+00:00,38900.42188,38924.53906,38881.89844,38903.71875,22902334,39000.39742,38899.03403,27.46318703,80.1875,0,0.5988542477,0.9507739346,
2024-02-27 18:30:00+00:00,38903.69141,38954.30078,38894.17969,38940.26953,30223568,38994.93125,38900.86672,36.25524532,77.48660714,0,0.6375854761,1.256209792,
2024-02-27 19:30:00+00:00,38940.35938,38982.33984,38918.46094,38975.60156,34223601,38993.17401,38904.18827,34.16560173,76.50920759,0,0.6750252496,1.461873871,
2024-02-27 20:30:00+00:00,38975.17969,38994.96094,38939.73828,38973.53125,40759518,38991.3883,38907.27018,35.60169639,75.65652902,0,0.672831432,1.601631348,
2024-02-28 14:30:00+00:00,38938.07813,38938.07813,38741.67969,38838.23828,0,38977.46557,38904.2021,20.58817861,83.86523438,0,0.5294675232,0,
2024-02-28 15:30:00+00:00,38837.48828,38941.69922,38833.87891,38899.46094,31008019,38970.37424,38903.99138,30.27642256,84.83314732,0,0.5943424342,1.274036775,
2024-02-28 16:30:00+00:00,38901.73828,38912.55078,38864.92969,38900.37891,27329875,38964.01103,38903.83082,28.69535315,85.31333705,0,0.5953151647,1.114529882,
2024-02-28 17:30:00+00:00,38899.01172,38920.5,38856.33984,38920.30078,24842842,38960.03737,38904.56282,35.05329733,83.41629464,1,0.6164254847,0.9993698636,1
2024-02-28 18:30:00+00:00,38920.03125,38938.92188,38836.73047,38851.92188,22075514,38950.20869,38902.22322,27.06388223,83.28348214,0,0.5439674156,0.8887522423,
2024-02-28 19:30:00+00:00,38851.64063,38930.10938,38822.58984,38928.35938,26443885,38948.22239,38903.38483,35.64017542,86.93554688,1,0.6249648161,1.091292551,0
2024-02-28 20:30:00+00:00,38928.80859,38956.46094,38897.19922,38953.08984,37796776,38948.66488,38905.59394,41.21211745,86.78543527,0,0.6511705879,1.446957674,
2024-02-29 14:30:00+00:00,39013.75,39074.12891,38854.08984,38938.46875,0,38947.73796,38907.05504,47.83882255,90.42131696,0,0.6356772687,0,
2024-02-29 15:30:00+00:00,38938.69922,38997.42969,38888.87891,38946.92188,35928438,38947.66377,38908.8269,53.63921943,93.91545759,0,0.6446346673,1.455812892,
2024-02-29 16:30:00+00:00,38946.10938,38946.10938,38809.28125,38861.07031,30702618,38939.79164,38906.70439,46.62267979,100.6085379,0,0.5536616057,1.225855709,
2024-02-29 17:30:00+00:00,38861.76953,38931.46875,38861.57031,38922.60938,27053448,38938.22962,38907.41128,51.49612048,102.5912388,0,0.6188717983,1.073362693,
2024-02-29 18:30:00+00:00,38922.55859,38965.64844,38903.96094,38915.33984,27230704,38936.14873,38907.76366,47.92956229,102.703125,0,0.6111686011,1.075264634,
2024-02-29 19:30:00+00:00,38916.5,38959.25,38887.91016,38957.89844,29821591,38938.12597,38909.99187,48.54717513,103.2360491,0,0.6562660397,1.194376428,
2024-02-29 20:30:00+00:00,38957.07813,39048.42969,38956.66016,38968.48047,70420090,38940.88547,38912.59136,49.59121346,105.8465402,0,0.667479345,2.471804919,
2024-03-01 14:30:00+00:00,38989.51172,39015.37891,38850.5,39015.28125,0,38947.64873,38917.15536,66.72472453,101.062779,0,0.71707204,0,
2024-03-01 15:30:00+00:00,39015.10156,39076.71875,38972.76953,39006.05078,48435431,38952.958,38921.10627,61.1660815,100.7862723,0,0.707290925,1.707883648,
2024-03-01 16:30:00+00:00,39006.16016,39082.55078,38959.28906,39065.16016,32414116,38963.1582,38927.50866,65.38618657,106.1891741,0,0.7699264864,1.124104458,
2024-03-01 17:30:00+00:00,39064.48047,39081.5,39036.26953,39067.44141,27041638,38972.63849,38933.72789,64.20704846,104.8370536,0,0.772343825,0.9429926035,
2024-03-01 18:30:00+00:00,39066.83984,39120.35938,39044.19922,39097.35938,29089239,38983.97675,38941.0004,75.59932204,102.9776786,0,0.8040465586,1.02355944,
2024-03-01 19:30:00+00:00,39097.87109,39105.53906,39034.94141,39082.82813,31425832,38992.96324,38947.30386,68.50029006,100.3404018,0,0.7886484428,1.124238144,
2024-03-01 20:30:00+00:00,39082.73047,39109.26953,39070.98047,39086.82031,41129780,39001.4957,38953.50459,66.85373898,98.84235491,0,0.7805023556,1.370559031,
2024-03-04 14:30:00+00:00,38931.21875,39035.28906,38913.30078,39028.46094,0,39003.94709,38956.83598,60.21532076,95.51953125,0,0.5304854257,0,
2024-03-04 15:30:00+00:00,39027.89063,39032.69922,38958.07813,38976.46875,49914689,39001.44906,38957.70855,53.05226458,93.09598214,0,0.434310736,1.686972073,
2024-03-04 16:30:00+00:00,38976.19922,39058.44141,38972.21875,39055.53906,41930192,39006.36633,38962.05657,70.37455391,89.42327009,1,0.5805743024,1.377348044,0
2024-03-04 17:30:00+00:00,39054.80078,39070.17188,38978.07813,38993.58984,35303678,39005.20483,38963.45805,57.4302608,90.97293527,0,0.4659811842,1.135016598,
2024-03-04 18:30:00+00:00,38993.78906,39018.10938,38976.94922,39010.82031,33820385,39005.71533,38965.56304,59.7907504,89.50669643,0,0.4978539532,1.074586401,
2024-03-04 19:30:00+00:00,39010.25,39087.85938,39006.01953,39025.57031,36958077,39007.52033,38968.23003,57.3588881,90.25669643,0,0.5251383731,1.175848054,
2024-03-04 20:30:00+00:00,39027.12109,39041.62109,38974.16016,38992.96094,47884780,39006.19675,38969.32918,52.54039417,88.5203683,-1,0.4648178389,1.41565249,1
2024-03-05 14:30:00+00:00,38906.98047,38906.98047,38759.80078,38827.01172,0,38989.9072,38963.00396,34.33626478,93.39760045,0,0.1578464384,0,
2024-03-05 15:30:00+00:00,38826.82031,38826.82031,38712.01953,38743.37891,46800230,38967.49554,38953.24285,30.55362761,94.18638393,0,0.05500400814,1.425372015,
2024-03-05 16:30:00+00:00,38742.78125,38762.71094,38656.78125,38751.94922,33482573,38947.90042,38944.29646,24.93654584,92.9483817,0,0.1615455004,1.009875441,
2024-03-05 17:30:00+00:00,38751.87109,38754.57813,38662.60156,38694.23828,29226208,38924.84022,38933.18277,22.56930886,96.28738839,0,0.06358247354,0.8788534849,
2024-03-05 18:30:00+00:00,38693.92188,38717.67969,38593.01172,38627.05859,35167750,38897.76917,38919.57725,17.22767534,99.75223214,0,0.05214883598,1.049087289,
2024-03-05 19:30:00+00:00,38626.89844,38627.78906,38457.82813,38465.05859,37999853,38858.43184,38899.37642,14.29061728,106.8496094,0,0.009174994052,1.191172311,
2024-03-05 20:30:00+00:00,38464.82031,38605.07031,38460.41016,38583.64844,50412483,38833.45153,38885.34407,24.31731904,114.4475446,0,0.1596577841,1.464549053,
2024-03-06 14:30:00+00:00,38721.14844,38837.5,38683.51172,38708.21875,0,38822.06673,38877.47183,34.68919716,120.1855469,0,0.3177293996,0,
2024-03-06 15:30:00+00:00,38707.55078,38839.48828,38694.85156,38839.39844,41588811,38823.64234,38875.77968,43.90794381,125.1866629,1,0.5050148896,1.281279601,1
2024-03-06 16:30:00+00:00,38840.48828,38858.12891,38776.17969,38802.17969,36152289,38821.69119,38872.50857,38.30440992,124.8814174,0,0.4889404091,1.098374943,
2024-03-06 17:30:00+00:00,38801.91016,38823.80078,38743.19141,38793.83984,28647819,38819.15925,38869.01218,40.29898315,124.0611049,0,0.4775941236,0.8709589742,
2024-03-06 18:30:00+00:00,38794.10156,38796.03125,38570.80078,38662.26953,36826302,38804.89655,38859.82362,34.76442043,137.2089844,0,0.2982097274,1.110487138,
2024-03-06 19:30:00+00:00,38662.39063,38672.76172,38575.75,38617.05859,33398752,38787.82037,38849.03406,32.60663476,138.2926897,0,0.2322625125,1.019008217,
2024-03-06 20:30:00+00:00,38616.42969,38694.69141,38597.89063,38662.55859,41614796,38776.43294,38840.74626,36.0850725,140.3883929,1,0.3076972753,1.193889687,1
2024-03-07 14:30:00+00:00,38784.30078,38885.17969,38784.30078,38830.03906,0,38781.30622,38840.27039,50.12733265,139.6356027,0,0.5618013301,0,
2024-03-07 15:30:00+00:00,38830.03906,38910.35156,38775.12891,38794.01953,38209786,38782.46198,38838.21479,52.21885997,141.0806362,0,0.5074347908,1.187571354,
2024-03-07 16:30:00+00:00,38793.23047,38832.17188,38761.12109,38777.39063,32248994,38782.00094,38835.5115,51.10691888,138.5892857,0,0.4823357389,1.007088865,
2024-03-07 17:30:00+00:00,38776.73828,38828.64844,38730.46094,38827.96875,28653052,38786.17984,38835.17626,55.85475888,139.0329241,1,0.5586764775,0.9020711433,1
2024-03-07 18:30:00+00:00,38828.57813,38883.33984,38789.19141,38798.33984,32647798,38787.28529,38833.53909,57.75368162,136.8529576,0,0.5139557096,1.034857368,
2024-03-07 19:30:00+00:00,38798.82031,38803.96875,38730.12891,38761.05078,31425305,38784.90034,38830.31739,65.10465255,129.9871652,0,0.4576729871,1.022788015,
2024-03-07 20:30:00+00:00,38761.41016,38835.17188,38757.35938,38789.83984,42973220,38785.34938,38828.51838,61.58373603,125.2123326,0,0.5011261261,1.307217864,
2024-03-08 14:30:00+00:00,38776.80078,38971.14844,38767.14844,38858.96094,0,38792.04134,38829.87139,59.03129476,121.6515067,0,0.6054549314,0,
2024-03-08 15:30:00+00:00,38859.08984,38919.94922,38814.89844,38866.55078,42295423,38798.81493,38831.50158,51.90954194,118.8239397,0,0.6169107589,1.365494706,
2024-03-08 16:30:00+00:00,38867.76172,38905.57031,38834.17188,38885.64844,38295706,38806.70888,38833.90811,56.02363448,118.0703125,0,0.6457360502,1.218525499,
2024-03-08 17:30:00+00:00,38888.87891,38899.75,38756.62891,38785.26172,30125401,38804.75914,38831.74605,49.45354647,122.5354353,-1,0.4942160747,0.9663075573,1
2024-03-08 18:30:00+00:00,38785.42969,38873.42188,38705.03125,38865.82813,29576957,38810.31087,38833.26081,63.86852961,118.4754464,0,0.6158200085,0.9617069971,
2024-03-08 19:30:00+00:00,38865.60156,38926.39063,38729.82031,38737.10156,32747021,38803.65548,38828.98706,57.34295477,125.5867746,0,0.4215249281,1.096267739,
2024-03-08 20:30:00+00:00,38736.12109,38791.87891,38721.87891,38725.07031,43584717,38796.51137,38824.36854,53.98705447,123.672433,0,0.4033654073,1.359871792,
2024-03-11 13:30:00+00:00,38667.21094,38709.26172,38485.05859,38498.85156,0,38769.45139,38809.90112,30.34896442,124.9146205,0,0.06191924909,0,
2024-03-11 14:30:00+00:00,38498.94922,38624.44141,38483.25,38579.94141,35985511,38752.22321,38799.68069,37.94255089,125.3409598,0,0.1843132399,1.201005159,
2024-03-11 15:30:00+00:00,38580.73047,38687.73047,38558.30859,38670,27450050,38744.74837,38793.9171,44.41355767,129.5103237,0,0.3202443281,0.9179716246,
2024-03-11 16:30:00+00:00,38670,38746.51953,38667.32813,38739.96094,24232411,38744.31315,38791.51905,45.51234553,128.1534598,0,0.4258407622,0.8278006418,
2024-03-11 17:30:00+00:00,38739.96094,38767.03125,38704.17188,38735.75,24303502,38743.53468,38789.04043,46.72351389,125.9185268,0,0.41948493,0.843330387,
2024-03-11 18:30:00+00:00,38735.62891,38782.85938,38714.82031,38753.64844,25227771,38744.45411,38787.46745,49.60446836,125.5041853,1,0.4465001651,0.9010197772,1
2024-03-11 19:30:00+00:00,38753.05859,38794.76172,38732.46875,38769.58984,41635568,38746.73918,38786.67289,48.90291287,124.3956473,0,0.4705615301,1.384119313,
2024-03-12 13:30:00+00:00,38883.32031,38968.67188,38711.39063,38962.85156,0,38766.38576,38794.50305,54.9611628,128.2014509,0,0.7622635725,0,
2024-03-12 14:30:00+00:00,38962.67188,39065.16016,38959.42969,38983.87109,40078323,38786.15715,38802.91941,55.53153087,128.25,0,0.7939896703,1.403209924,
2024-03-12 15:30:00+00:00,38984.66016,39029.19141,38924.85156,38931.83984,31980658,38799.40103,38808.64921,52.11227855,130.6029576,-1,0.7154556389,1.11321222,1
2024-03-12 16:30:00+00:00,38931.80078,38949.28125,38815.75,38914.26953,29996823,38809.84363,38813.34344,56.38282247,129.9179688,0,0.6889356634,1.048997008,
2024-03-12 17:30:00+00:00,38914.46094,39030.55859,38914.03906,39030.51172,24965645,38829.90436,38822.99537,57.87009554,126.2128906,0,0.8643872931,0.8830289921,
2024-03-12 18:30:00+00:00,39030.66016,39071.55859,38985.25,39069.71875,30365202,38851.70567,38833.96085,67.38280134,118.3370536,0,0.9392872776,1.098503531,
2024-03-12 19:30:00+00:00,39069.91016,39069.91016,39000.03125,39000.08984,40663409,38865.19514,38841.34436,63.55657736,118.328404,-1,0.8324029046,1.37026848,1
2024-03-13 13:30:00+00:00,39054.57813,39158.78125,39024.26172,39153.19141,0,38891.37662,38855.20423,84.76009844,112.5198103,0,0.9920253672,0,
2024-03-13 14:30:00+00:00,39152.46875,39183.66016,39113.25,39145.12891,38768392,38914.44501,38868.08977,82.54955952,107.4640067,0,0.9469143709,1.405447895,
2024-03-13 15:30:00+00:00,39145.23828,39186.62109,39136.67969,39164.21875,29355737,38937.15171,38881.25106,80.99612916,101.7868304,0,0.969261032,1.065703177,
2024-03-13 16:30:00+00:00,39164.71094,39201.94141,39125.53906,39178.42969,27862097,38959.08607,38894.459,79.5672697,101.5876116,0,0.9684030384,1.014637767,
2024-03-13 17:30:00+00:00,39177.94141,39178.73047,39108.67188,39108.80078,22790612,38972.6965,38903.9853,73.11645245,102.1018415,0,0.8748300462,0.845276327,
2024-03-13 18:30:00+00:00,39109.07031,39123.64844,38937.92188,38977.23047,30694673,38973.10868,38907.24064,62.14372096,110.5080915,0,0.6980151502,1.166307617,
2024-03-13 19:30:00+00:00,38978.10938,39068.55078,38975.01953,39045.64063,47431805,38979.70249,38913.39175,64.18503635,112.7393973,0,0.7899502869,1.653286209,
2024-03-14 13:30:00+00:00,39122.39063,39160.25,38861.37109,38974.01172,0,38979.18515,38916.08597,50.65539849,115.7106585,-1,0.6936895319,0,1
2024-03-14 14:30:00+00:00,38974.19141,39028.55078,38923.17188,38941.82031,42049948,38975.78835,38917.22972,47.5624833,115.6855469,0,0.6504280997,1.52243852,
2024-03-14 15:30:00+00:00,38942.89844,38986.48828,38905.94141,38970.17969,31459319,38975.27847,38919.58305,52.2851196,113.9860491,0,0.6885397364,1.124290978,
2024-03-14 16:30:00+00:00,38969.67969,38979.07813,38835.21094,38835.21094,31703857,38962.54506,38915.83318,45.86643683,114.7243304,0,0.5071577433,1.118242985,
2024-03-14 17:30:00+00:00,38835.03906,38950.26953,38798.69141,38908.87109,29601757,38957.66561,38915.52375,43.3436506,117.2285156,0,0.6061482574,1.036106365,
2024-03-14 18:30:00+00:00,38908.17969,38919.92969,38733.89063,38764.28906,36270070,38940.08592,38908.80221,35.0146423,124.3521205,0,0.4118471545,1.281541135,
2024-03-14 19:30:00+00:00,38764.39844,38922.78906,38704.35938,38922.78906,52675356,38938.51348,38909.42385,46.51158691,134.9628906,0,0.6235460829,1.70273771,
2024-03-15 13:30:00+00:00,38809.64844,38928.12891,38737.17188,38807.39063,141114675,38926.59322,38904.88904,33.84503644,137.2675781,0,0.4510150284,3.921213425,
2024-03-15 14:30:00+00:00,38807.03906,38878.73828,38785.08984,38827.75,38994276,38917.60747,38901.46064,35.34125967,138.9274554,1,0.4793434247,1.073093731,1
2024-03-15 15:30:00+00:00,38827.57031,38830.87891,38700.35938,38711.57813,35264107,38898.87753,38893.02142,30.81446945,144.6830357,0,0.3176998125,0.9634594719,
2024-03-15 16:30:00+00:00,38712.21875,38729.10938,38618.19922,38679.51953,34981750,38878.93589,38883.53244,29.16847438,147.1478795,0,0.2730929152,0.9428445373,
2024-03-15 17:30:00+00:00,38679.48828,38726.33984,38670.92188,38698.16016,30514966,38862.50174,38875.29367,32.09155582,146.1021205,0,0.2990298122,0.8222877208,
2024-03-15 18:30:00+00:00,38697.92188,38767.39063,38684.60938,38732.57031,36724545,38850.68979,38868.95041,38.34218687,138.7488839,0,0.3469087154,0.9948973905,
2024-03-15 19:30:00+00:00,38732.17969,38736.71094,38668.03125,38720.53125,69428373,38838.85719,38862.35401,33.62942565,136.9737723,0,0.3301573498,1.719191516,
2024-03-18 13:30:00+00:00,38826.92969,38884.64844,38770.44141,38859.33984,0,38840.71925,38862.22004,44.59170664,127.3479353,0,0.523298095,0,
2024-03-18 14:30:00+00:00,38860.51172,38895.85156,38814.53125,38894.01953,34644571,38845.56473,38863.63335,47.75084088,125.6294643,0,0.5715520287,0.8949694816,
2024-03-18 15:30:00+00:00,38893.98828,38898.41016,38843.67969,38866.07813,26128052,38847.42959,38863.74201,45.09980583,123.7854353,0,0.5326738593,0.6764783168,
2024-03-18 16:30:00+00:00,38866.07031,38877.94922,38831.35156,38877.64063,22848801,38850.17605,38864.35973,52.25975301,116.8376116,0,0.5487621273,0.5915310564,
2024-03-18 17:30:00+00:00,38877.37891,38885.26172,38792.28125,38880.51953,22648582,38852.93454,38865.07794,48.36690427,112.6520647,0,0.5527678887,0.5925188232,
2024-03-18 18:30:00+00:00,38880.51953,38886.71094,38823.30859,38856.21094,27850991,38853.2324,38864.68385,56.14650048,103.8922991,0,0.5189444792,0.7477739722,
2024-03-18 19:30:00+00:00,38855.80078,38874.51172,38760.78906,38787.60156,41533897,38847.26596,38861.25797,39.72531975,96.41322545,0,0.423480175,1.056253707,
2024-03-19 13:30:00+00:00,38819.60938,38895.46875,38761.28125,38865.17188,0,38848.89377,38861.43192,54.65948466,92.35825893,0,0.5314128869,0,
2024-03-19 14:30:00+00:00,38865.05859,38977.53906,38863.48047,38971.5,31392970,38860.03979,38866.32384,60.18048225,93.81612723,0,0.6793597304,0.8435324239,
2024-03-19 15:30:00+00:00,38971.85156,39039.48047,38971.85156,39031.21094,25740727,38875.6008,38873.65215,74.60429145,89.34905134,0,0.7624425904,0.6972420087,
2024-03-19 16:30:00+00:00,39030.96875,39104.80078,39030.96875,39050.91016,23468729,38891.53802,38881.53029,79.14296224,86.70061384,0,0.7898524336,0.641024684,
2024-03-19 17:30:00+00:00,39050.80859,39062.96875,38995.32031,39021.89063,22611898,38903.38825,38887.76852,74.99592827,87.57421875,0,0.7494741419,0.6293606478,
2024-03-19 18:30:00+00:00,39022.08984,39053.57813,39016.26953,39038.07031,25082261,38915.63208,38894.4486,74.27161567,84.32617188,0,0.7719868468,0.7259970648,
2024-03-19 19:30:00+00:00,39038.92969,39122.71094,39023.80859,39111.19141,39201522,38933.4102,38904.08162,78.29156931,86.48493304,0,0.8737288366,1.330983406,
2024-03-20 13:30:00+00:00,39072.05078,39140.69141,38988.64844,39139.87891,0,38952.18008,38914.5615,74.1720294,85.62248884,0,0.9136451341,0,
2024-03-20 14:30:00+00:00,39141.16016,39174.66016,39100.14063,39151.87891,31696930,38970.33452,38925.10894,73.12154116,85.13671875,0,0.9303421475,1.159998362,
2024-03-20 15:30:00+00:00,39151.71875,39156.19141,39111.48828,39118.26953,24341199,38983.78316,38933.69385,72.38576709,84.42047991,0,0.8700006069,0.9084926581,
2024-03-20 16:30:00+00:00,39118.48047,39174.71094,39099.03125,39104.19922,25701155,38994.73007,38941.27187,70.02133344,86.49776786,0,0.8325593223,0.9679460375,
2024-03-20 17:30:00+00:00,39104.30078,39301.19141,39086.83984,39272.26172,35481725,39019.96022,38955.98253,76.7958104,95.1671317,0,0.9576427256,1.339432443,
2024-03-20 18:30:00+00:00,39272.21875,39529.12891,39148.39063,39515.82813,52013433,39065.03912,38980.86455,84.70813122,117.8339844,0,0.9853986741,2.030238395,
2024-03-20 19:30:00+00:00,39515.80859,39521.39063,39433.14844,39508.64063,51331468,39105.36653,39004.32127,90.56193306,116.0139509,0,0.9775083834,1.821172467,
2024-03-21 13:30:00+00:00,39661.03125,39860.98828,39589.23047,39858.98047,0,39173.87689,39042.30612,92.7782355,131.5968192,0,0.9983844302,0,
2024-03-21 14:30:00+00:00,39860.60938,39889.05078,39803.25,39818.76953,58059201,39232.50349,39076.81561,88.67168974,129.578404,0,0.9446975146,2.069826486,
2024-03-21 15:30:00+00:00,39818.71094,39865.85938,39802.14844,39838.03125,37040916,39287.55147,39110.64741,88.23736319,129.2734375,0,0.9598540595,1.287937076,
2024-03-21 16:30:00+00:00,39838.07031,39870.44141,39806.35938,39829.57813,28326781,39336.82662,39142.59989,87.30076159,128.5770089,0,0.9532025155,0.9753128243,
2024-03-21 17:30:00+00:00,39830.05078,39843.92188,39810.35156,39831.87891,30725520,39381.83137,39173.23451,89.82044438,126.1428571,0,0.9550129404,1.052693877,
2024-03-21 18:30:00+00:00,39831.92188,39833.91016,39789.44922,39827.03125,33020211,39422.30409,39202.29215,89.22373613,126.6537388,-1,0.9511984459,1.148056586,1
2024-03-21 19:30:00+00:00,39827.23047,39853.78125,39769.78125,39773.66016,47511837,39454.24555,39227.68628,83.59481474,125.5892857,0,0.9092021221,1.52587564,
2024-03-22 13:30:00+00:00,39774.05859,39824.76172,39645.10156,39669.19141,0,39473.78608,39247.30873,74.92641865,127.561942,0,0.8269983832,0,
2024-03-22 14:30:00+00:00,39668.98047,39675.53906,39592.60156,39620.92969,35922433,39487.16277,39263.91411,71.35909723,128.1632254,0,0.7890224935,1.194354459,
2024-03-22 15:30:00+00:00,39621.35156,39628.55078,39562.07031,39572.98047,29446227,39494.96438,39277.65039,70.43917377,129.71875,0,0.751292502,0.9693996269,
2024-03-22 16:30:00+00:00,39573.23047,39606.10156,39544.03125,39591.19922,25393704,39503.713,39291.58589,71.80922526,128.7466518,0,0.7656283619,0.8321759356,
2024-03-22 17:30:00+00:00,39591.5,39621,39577.82031,39618.28125,23561238,39514.1283,39306.10569,67.73514113,116.5200893,0,0.786938507,0.7740534236,
2024-03-22 18:30:00+00:00,39618.32031,39619.41016,39498.69141,39523.12891,26738663,39514.94654,39315.75116,50.44134524,97.94726563,-1,0.7120656056,0.8968001401,1
2024-03-22 19:30:00+00:00,39523.01172,39546.85156,39469.53125,39469.53125,39179554,39510.81787,39322.58583,47.76138091,97.1671317,0,0.6698910057,1.233045954,
2024-03-25 13:30:00+00:00,39410.53906,39430.17188,39355.17188,39376.80859,0,39498.63521,39324.99573,10.85621868,80.16796875,0,0.5969299621,0,
2024-03-25 14:30:00+00:00,39377.57813,39380.69922,39335.12891,39354.96875,35671852,39485.57462,39326.32787,11.18999523,77.29436384,0,0.5797447578,1.15982276,
2024-03-25 15:30:00+00:00,39354.35938,39374.28125,39347.03125,39353.76953,28711517,39473.59234,39327.5475,8.214745556,74.69001116,0,0.5788011238,0.9289704529,
2024-03-25 16:30:00+00:00,39354.25,39360.71094,39315.30859,39334.30078,23764836,39460.92947,39327.84764,8.06149653,73.35574777,0,0.5634816714,0.7837755966,
2024-03-25 17:30:00+00:00,39333.91016,39351.42969,39309.92969,39348.91016,21406174,39450.7459,39328.78375,9.93882603,73.92215402,0,0.5749774081,0.7435124344,
2024-03-25 18:30:00+00:00,39349.01953,39361.33984,39296.03125,39306.67969,26004327,39437.64897,39327.80135,9.358448659,75.41127232,-1,0.541747352,0.9447787833,1
2024-03-25 19:30:00+00:00,39307.14844,39334.60156,39297.39063,39317.14844,40655390,39426.69438,39327.32789,11.78344157,72.06919643,0,0.5499849387,1.375490198,
2024-03-26 13:30:00+00:00,39338.32031,39388.55859,39308.89063,39379.51953,0,39422.40576,39329.64752,23.91151389,64.92689732,0,0.5990631282,0,
2024-03-26 14:30:00+00:00,39379.39063,39430.32031,39366.23828,39409.91016,31031139,39421.26979,39333.21475,30.36299791,63.58007813,0,0.6229767196,1.177492796,
2024-03-26 15:30:00+00:00,39409.64063,39439.44141,39379.44141,39421.14844,24622597,39421.25876,39337.12291,34.8346872,63.1171875,0,0.6318198305,0.9409300432,
2024-03-26 16:30:00+00:00,39421.41016,39431.32813,39380.92969,39396.44141,22154255,39419.00264,39339.75929,30.79607432,62.28348214,-1,0.612378511,0.860700432,1
2024-03-26 17:30:00+00:00,39395.46094,39413.96875,39368.69922,39394.46875,22853298,39416.77228,39342.19082,26.78143033,62.4327567,0,0.5949433907,0.9057464451,
2024-03-26 18:30:00+00:00,39394.71094,39414.91016,39360.53125,39365.82813,24451460,39412.141,39343.24137,31.06894704,57.69419643,0,0.5714870706,1.015492154,
2024-03-26 19:30:00+00:00,39365.89844,39368.82813,39277.19141,39297.92188,49063921,39401.75744,39341.22717,30.03453917,58.71679688,0,0.5158726858,1.849261519,
2024-03-27 13:30:00+00:00,39461.98047,39609.94922,39461.98047,39510.57031,0,39411.64952,39348.75353,62.1669829,72.8359375,0,0.6645455018,0,
2024-03-27 14:30:00+00:00,39510.92188,39554.05859,39494.78125,39512.51953,32917740,39420.81952,39356.03202,64.86887023,73.81501116,0,0.6662731317,1.321515516,
2024-03-27 15:30:00+00:00,39512.10156,39534.98047,39462.03906,39498.80859,25924994,39427.90944,39362.37764,63.37227728,77.07868304,0,0.6541208649,1.03967598,
2024-03-27 16:30:00+00:00,39499.05078,39575.48828,39499.05078,39565.92969,24994201,39440.45673,39371.4244,69.63073806,79.31277902,0,0.7136115775,0.9994763568,
2024-03-27 17:30:00+00:00,39564.94141,39591.76953,39531.82031,39589.35938,25381313,39453.99334,39381.1104,70.07808779,80.63058036,0,0.7343777589,1.017718313,
2024-03-27 18:30:00+00:00,39589.57813,39636.16016,39554.89844,39622.30859,30508444,39469.29472,39391.83032,76.7707222,81.77008929,0,0.7635812834,1.244944186,
2024-03-27 19:30:00+00:00,39623.44141,39769.41016,39618.96875,39765.71094,55854244,39496.24165,39408.44724,81.0450731,89.85797991,0,0.890681531,2.046049046,
2024-03-28 13:30:00+00:00,39763.73828,39848.05078,39738.28906,39738.28906,0,39518.24596,39423.10687,76.09277431,92.00753348,0,0.8663186807,0,
2024-03-28 14:30:00+00:00,39738.44922,39768.10156,39717.25,39765.05859,35105728,39540.68347,39438.30473,75.96618495,91.0625,0,0.8790992816,1.358859358,
2024-03-28 15:30:00+00:00,39765.10938,39793.41016,39760.42969,39787.82031,28959890,39563.15046,39453.83875,76.36445343,89.13253348,0,0.8896308821,1.109810079,
2024-03-28 16:30:00+00:00,39787.96094,39788.05078,39750.85156,39764.12891,24726863,39581.42123,39467.62943,76.47614761,88.18973214,-1,0.8612599402,0.9415994451,1
2024-03-28 17:30:00+00:00,39764.23828,39805.05859,39744.01172,39796.19141,24572827,39600.94579,39482.23218,77.72547624,89.31668527,0,0.8968690212,0.9382911362,
2024-03-28 18:30:00+00:00,39796.33984,39867.44141,39754.98828,39855.51953,27797271,39624.08886,39498.82273,82.42335208,93.46484375,0,0.9627597038,1.088125771,
2024-03-28 19:30:00+00:00,39855.51172,39868.58984,39786.19922,39786.19922,51521006,39638.82616,39511.59502,82.26929849,92.80440848,0,0.8857715518,1.832049531,
2024-04-01 13:30:00+00:00,39807.92969,39815,39574.76953,39584.96875,0,39633.93003,39514.85607,54.99218906,87.67606027,0,0.6622820527,0,
2024-04-01 14:30:00+00:00,39584.66016,39597.01172,39541.73828,39565.12891,30897146,39627.67539,39517.09042,53.44735791,87.39006696,0,0.5962135894,1.149266538,
2024-04-01 15:30:00+00:00,39565.17969,39568.41016,39492.69141,39551.87891,22682899,39620.7848,39518.63658,53.47966397,87.58844866,0,0.5796967366,0.8428963505,
2024-04-01 16:30:00+00:00,39551.96875,39560.92188,39491.21875,39520.73828,18528952,39611.68966,39518.72998,46.89020424,87.09012277,0,0.5408782369,0.6941126528,
2024-04-01 17:30:00+00:00,39521.07813,39555.32813,39503.80078,39534.67969,19436106,39604.68875,39519.43886,46.18749319,86.48856027,0,0.5582569656,0.7350001218,
2024-04-01 18:30:00+00:00,39534.48828,39557.05078,39517.14844,39525.57813,24258022,39597.49688,39519.71172,43.02352444,83.5343192,0,0.5092585268,0.9624907368,
2024-04-01 19:30:00+00:00,39525.42188,39588.51953,39514.98047,39553.57031,42294075,39593.50355,39521.21654,31.64402082,78.04129464,1,0.4517033121,1.54820784,0
2024-04-02 13:30:00+00:00,39256.26953,39256.26953,39055.23828,39153.21094,63369541,39553.47695,39504.86074,19.23197016,105.796317,0,0.1174996252,2.197227998,
2024-04-02 14:30:00+00:00,39151.55859,39192.82031,39117.75,39148.37109,33428862,39516.64915,39489.01675,16.80404394,107.5262277,0,0.1116951503,1.144202195,
2024-04-02 15:30:00+00:00,39148.64063,39157.87891,39058.48047,39105.08984,28013804,39479.23466,39471.95334,14.04330957,112.2703683,0,0.06115232017,0.9539260879,
2024-04-02 16:30:00+00:00,39104.37891,39125.96094,39057.83984,39074.41016,22869380,39442.43244,39454.28475,13.94069354,114.4790737,0,0.02351791156,0.7820930245,
2024-04-02 17:30:00+00:00,39075,39117.55078,39051.69922,39107.53125,24882121,39411.98687,39438.87348,14.03584645,114.8222656,0,0.06834700943,0.8591911346,
2024-04-02 18:30:00+00:00,39107.89063,39194.76172,39105.82031,39175.30078,30228668,39390.46996,39427.15914,14.78714885,113.1428571,0,0.1513073583,1.092129103,
2024-04-02 19:30:00+00:00,39176.14844,39216,39168.67188,39180.12891,45148512,39371.34804,39416.18002,16.38078977,110.6383929,0,0.1572177273,1.50816361,
2024-04-03 13:30:00+00:00,39139.58984,39305.76172,39127.85938,39241.87109,0,39359.57741,39408.43296,27.48368309,106.1863839,0,0.2327996787,0,
2024-04-03 14:30:00+00:00,39241.98047,39281.66016,39224.60156,39250.82031,38745271,39349.6904,39401.42795,29.07388624,106.3138951,0,0.2437549014,1.351418954,
2024-04-03 15:30:00+00:00,39250.76953,39264.82031,39181.5,39243.10156,33337927,39340.00051,39394.39122,29.28961061,106.8568638,0,0.234305962,1.145608842,
2024-04-03 16:30:00+00:00,39243.28906,39266.19922,39169.78125,39224.19922,27219018,39329.47312,39386.82713,29.77848337,108.765067,0,0.2111665806,0.9311081333,
2024-04-03 17:30:00+00:00,39223.98047,39242.44141,39172.41016,39176.26953,30432055,39315.54552,39377.46902,26.64212579,110.0867746,0,0.1524932576,1.036349355,
2024-04-03 18:30:00+00:00,39176.51172,39185.25,39017.12891,39067.5,43793323,39292.99593,39363.69262,23.57900524,119.2452567,0,0.05915843174,1.511246244,
2024-04-03 19:30:00+00:00,39067.55078,39166.17188,39060.94922,39135.85156,54949471,39278.71007,39353.56635,26.97865268,121.5083705,0,0.1394340609,1.73201446,
2024-04-04 13:30:00+00:00,39343.60156,39421.35156,39248.37109,39290.73828,0,39279.80355,39350.77399,60.39087909,106.3060826,0,0.3213410774,0,
2024-04-04 14:30:00+00:00,39290.53906,39308.53125,39246.5,39284.32031,31759328,39280.21416,39347.82049,60.24720729,105.374721,0,0.3138034811,1.036710182,
2024-04-04 15:30:00+00:00,39284.37891,39360.73828,39281.73047,39317.23047,28939882,39283.57928,39346.46094,66.24412247,103.9182478,0,0.3524548799,0.9288920808,
2024-04-04 16:30:00+00:00,39317.57813,39321.01953,39289.21875,39289.96094,22875968,39284.15943,39343.94982,66.59189724,101.3239397,0,0.3204281245,0.730225592,
2024-04-04 17:30:00+00:00,39290.44141,39290.82031,38907.78125,38908.87109,32182528,39250.04231,39324.61299,40.04244838,123.9801897,0,0.001134298503,1.014470077,
2024-04-04 18:30:00+00:00,38909.12891,38909.12891,38625.69141,38626.53125,49171370,39193.35949,39293.58714,27.36296282,137.8727679,0,0.0006757138996,1.533377962,
2024-04-04 19:30:00+00:00,38626.07031,38662.96094,38559.42188,38590.32031,57470984,39138.53774,39262.33083,26.28411129,141.8878348,0,0.02360158378,1.808832235,
2024-04-05 13:30:00+00:00,38664.98047,38751.26953,38602.17969,38695.42188,0,39098.25448,39237.13488,28.76791335,140.6768973,0,0.1038827738,0,
2024-04-05 14:30:00+00:00,38695.42969,38874.67188,38685.85156,38874.67188,38998359,39077.92879,39221.02541,37.0929952,150.0884487,0,0.2408017974,1.272368484,
2024-04-05 15:30:00+00:00,38874.57031,39013.76172,38840.03125,38991.53125,31558325,39070.07447,39210.82567,41.96922463,156.546317,0,0.3300641211,1.015238049,
2024-04-05 16:30:00+00:00,38991.37109,39040.17188,38927.12891,38967.53906,23628444,39060.75307,39200.01293,41.83328237,157.733817,0,0.3117378344,0.7616680289,
2024-04-05 17:30:00+00:00,38967.89844,38987.46094,38837.57031,38893.67969,29139258,39045.56458,39186.39812,41.15418759,163.438058,0,0.2553207995,0.9409625226,
2024-04-05 18:30:00+00:00,38892.98047,38940.60156,38852.23828,38916.35938,27570183,39033.81865,39174.3964,44.99937964,157.7410714,0,0.2726445411,0.9163004267,
2024-04-05 19:30:00+00:00,38916.28906,38965.66016,38894.42969,38903.16016,39904494,39021.94061,39162.34146,42.00958812,155.313058,0,0.262562398,1.243757981,
2024-04-08 13:30:00+00:00,38916.42188,39013.19922,38881.25,38967.85938,0,39017.02413,39153.69781,38.18054424,144.3451451,0,0.3119825032,0,
2024-04-08 14:30:00+00:00,38968.23047,38996.10938,38943.28125,38952.23828,34150961,39011.13451,39144.74405,37.92501016,143.687779,0,0.3000504256,1.131306109,
2024-04-08 15:30:00+00:00,38951.71094,38951.71094,38857.69922,38906.37891,30344873,39001.61127,39134.15005,35.20020488,144.797154,0,0.2650210206,1.000045568,
2024-04-08 16:30:00+00:00,38906.05078,38948.57031,38897.55078,38941.23828,21944647,38996.12282,39125.57619,37.50654251,146.1699219,0,0.2916481425,0.7334656592,
2024-04-08 17:30:00+00:00,38941.23828,38964.75,38912.25,38936.71875,19624029,38990.72245,39117.18253,51.36635273,122.5599888,0,0.288195926,0.6835103157,
2024-04-08 18:30:00+00:00,38936.85156,38953.58984,38901.46875,38951.71094,21886347,38987.17595,39109.82823,71.62952878,106.0373884,0,0.2996476173,0.8088828535,
2024-04-08 19:30:00+00:00,38950.76172,38974.78906,38878.67969,38907.07813,46108332,38979.89433,39100.81712,70.83590281,105.5066964,0,0.2655551146,1.570291337,
2024-04-09 13:30:00+00:00,38983.66016,38992.89063,38805.94922,38812.42188,0,38964.66956,39087.99955,57.80333267,107.3632813,0,0.1932525131,0,
2024-04-09 14:30:00+00:00,38810.78125,38810.78125,38572.08984,38675.10938,39968194,38938.34591,39069.64888,35.90146924,111.0426897,0,0.0883671941,1.410989171,
2024-04-09 15:30:00+00:00,38675.03125,38799.64063,38671.80859,38769.92969,48788830,38923.03534,39056.32802,33.84128973,107.7642299,0,0.1607951138,1.647046688,
2024-04-09 16:30:00+00:00,38769.10938,38801.69922,38715.12891,38750.67188,28223460,38907.36593,39042.74331,34.07656831,105.8733259,0,0.1460851507,0.9591968367,
2024-04-09 17:30:00+00:00,38751.14063,38790.66016,38710.67969,38722.58984,25813521,38890.56811,39028.51426,36.53241825,100.8797433,0,0.1246348617,0.9135536862,
2024-04-09 18:30:00+00:00,38722.35938,38855.28125,38671,38854.08984,30434643,38887.2519,39020.76207,45.81528559,107.7310268,1,0.2250803379,1.131216649,0
2024-04-09 19:30:00+00:00,38853.48828,38893.26172,38773.64844,38884.12891,45315966,38886.96799,39014.68948,48.74934541,111.186942,0,0.2480254933,1.553505087,
2024-04-10 13:30:00+00:00,38662.28125,38662.28125,38352.5,38492.51953,0,38851.10904,38991.48193,28.15055285,139.7354911,0,0.09573985043,0,
2024-04-10 14:30:00+00:00,38491.21094,38594.07813,38410.55859,38450.73047,36993050,38814.71099,38967.44853,27.48925187,149.0705915,0,0.07893093112,1.345595143,
2024-04-10 15:30:00+00:00,38451.08984,38454.94141,38360.42969,38393.37891,26489778,38776.40807,38941.93432,27.20854679,149.0686384,0,0.03307302613,0.9585580196,
2024-04-10 16:30:00+00:00,38393.05859,38494.62891,38304.66016,38409.92969,29459102,38743.09186,38918.28967,26.00477735,158.9935826,0,0.08199459637,1.065389323,
2024-04-10 17:30:00+00:00,38409.62891,38467.05078,38315.46875,38357.44141,27369414,38708.03272,38893.36308,24.92483962,166.0708705,0,0.04111139509,0.9901751664,
2024-04-10 18:30:00+00:00,38356.85156,38490.87109,38312.05078,38447.51172,30149146,38684.349,38873.54747,29.50676519,175.1208147,1,0.1112672971,1.110334315,0
2024-04-10 19:30:00+00:00,38448.57031,38508.25,38396.39844,38449.05859,42222716,38662.95896,38854.6813,30.70804993,176.2452567,0,0.1124721604,1.442803799,
2024-04-11 13:30:00+00:00,38523.26172,38567.57031,38197.28125,38205.05859,0,38621.33165,38825.80918,27.27644736,189.3415179,-1,0.006353674026,0,1
2024-04-11 14:30:00+00:00,38204.48828,38285.32031,38204.01172,38237.03125,33171114,38586.39525,38799.64127,32.20754166,177.9827009,0,0.03247362475,1.197594662,
2024-04-11 15:30:00+00:00,38236.41016,38384.44141,38228.67969,38322.71875,29373956,38562.42466,38778.44471,31.7008612,179.9776786,0,0.1024757309,1.046469384,
2024-04-11 16:30:00+00:00,38322.85156,38512.51953,38318.39844,38475.87891,33258474,38554.55687,38764.99734,39.86637741,187.6598772,0,0.2275993898,1.156764095,
2024-04-11 17:30:00+00:00,38476.46875,38598.98047,38447.85156,38565.14844,39149527,38555.51974,38756.11517,44.44468948,192.7419085,0,0.3005278241,1.321973302,
2024-04-11 18:30:00+00:00,38565.03125,38593.91016,38525.96875,38545.62891,39619949,38554.62057,38746.76022,38.18206852,184.4319196,0,0.2845814106,1.352676415,
2024-04-11 19:30:00+00:00,38545.46875,38564.26172,38450.53906,38451.98047,51555767,38545.28965,38733.6589,34.2127645,184.0111607,0,0.2080756441,1.617799719,
2024-04-12 13:30:00+00:00,38319.14063,38319.14063,38131.48047,38137.87109,0,38508.2516,38707.17944,36.26632944,168.9305246,0,0.004954467955,0,
2024-04-12 14:30:00+00:00,38137.10938,38159.87891,38047.67969,38134.82031,48702998,38474.3033,38681.74126,37.38806878,163.8362165,0,0.06343627367,1.630764693,
2024-04-12 15:30:00+00:00,38135.37109,38189.42188,38053.33984,38059.23828,36446838,38436.57012,38654.07446,36.85165146,166.8055246,0,0.008414377524,1.203807614,
2024-04-12 16:30:00+00:00,38059.33984,38070.26172,37896.35156,37908.83984,38005398,38388.59464,38620.95292,32.16132253,165.6584821,0,0.008189036885,1.230509977,
2024-04-12 17:30:00+00:00,37908.91016,38019.80859,37879.28906,37967.33984,35481216,38350.29875,38591.90345,36.17166816,164.8683036,0,0.05709935962,1.139474751,
2024-04-12 18:30:00+00:00,37967.51172,37970.62891,37877.30078,37891.07031,42412390,38308.55071,38560.75531,30.08035038,158.7617188,-1,0.008917796887,1.368448779,0
2024-04-12 19:30:00+00:00,37890.39063,37985.05078,37880.85156,37985.05078,56034749,38279.14162,38535.16844,34.42036399,158.2151228,1,0.06978397428,1.658088927,1
2024-04-15 13:30:00+00:00,38075.37891,38386.80859,38075.37891,38123.10938,0,38264.95687,38516.85471,47.03770958,160.4628906,0,0.1591972212,0,
2024-04-15 14:30:00+00:00,38125.05078,38154.82813,38041.26172,38081.03906,41892920,38248.23707,38497.48512,44.40207914,162.7670201,0,0.1373420055,1.280530543,
2024-04-15 15:30:00+00:00,38080.73828,38156.57813,38030.83984,38053.10938,29418221,38230.49819,38477.73509,39.90640538,160.6224888,0,0.1185143248,0.8992756852,
2024-04-15 16:30:00+00:00,38052.48828,38052.48828,37822.48828,37822.48828,31108575,38193.40638,38448.61301,26.87944047,163.2296317,0,0,0.9455437102,
2024-04-15 17:30:00+00:00,37821.5,37838.85938,37717.01953,37746.78125,40760575,38152.8041,38417.42049,20.7610158,161.1375558,0,0.01891072816,1.219253282,
2024-04-15 18:30:00+00:00,37746.62891,37821.82031,37657.78906,37715.28906,37031113,38113.03,38386.21465,20.58490603,168.0011161,0,0.04159484586,1.116363752,
2024-04-15 19:30:00+00:00,37715.21875,37797.10156,37715.21875,37730.21875,47236639,38078.22898,38357.05927,22.92105718,165.7268415,0,0.05239481195,1.32937301,
2024-04-16 13:30:00+00:00,37992.21875,37992.21875,37793.08984,37806.69922,0,38053.54446,38332.59883,34.87896753,161.5482701,0,0.107719913,0,
2024-04-16 14:30:00+00:00,37805.64844,37852.53906,37749.78125,37837.01172,43796525,38033.85966,38310.57273,36.73259849,160.8738839,0,0.1296476306,1.265956739,
2024-04-16 15:30:00+00:00,37837.35938,37942.30078,37803.53125,37886.35156,35623048,38020.44983,38291.71846,42.11347867,161.0658482,0,0.1653395123,1.026192034,
2024-04-16 16:30:00+00:00,37886.14844,37919.83984,37805.57031,37845.05859,24077570,38004.50518,38271.86691,46.76888249,156.8058036,0,0.1354686485,0.7089932508,
2024-04-16 17:30:00+00:00,37848.14844,37985.41016,37713.69922,37751.42188,36033609,37981.4976,38248.73602,39.43775008,166.1766183,0,0.069080796,1.06668564,
2024-04-16 18:30:00+00:00,37750.03125,37944.19922,37748.76172,37934.66016,27901134,37977.23965,38234.77709,51.93030891,173.4701451,1,0.204271078,0.8559108978,1
2024-04-16 19:30:00+00:00,37934.71875,37934.71875,37787.89844,37793.64844,41666615,37960.54954,38215.17137,41.86298312,176.5145089,0,0.1002348805,1.201407292,
2024-04-17 13:30:00+00:00,37949.67188,38036.69922,37820.41016,37866.17969,0,37951.97047,38199.66063,38.43277807,165.1782924,0,0.1537472801,0,
2024-04-17 14:30:00+00:00,37866.17188,37873.08984,37697.17188,37697.17188,38149726,37928.80696,38177.3278,34.4906063,169.6319754,0,0.02942704533,1.179955296,
2024-04-17 15:30:00+00:00,37696.42188,37722.57813,37636.48828,37686.92188,34384137,37906.8174,38155.53198,34.99048937,166.7999442,0,0.03718188337,1.069476469,
2024-04-17 16:30:00+00:00,37686.30078,37791.17188,37611.55859,37786.73828,28683745,37895.90112,38139.14115,48.35865651,163.156529,1,0.1268193914,0.9017049966,1
2024-04-17 17:30:00+00:00,37790.55859,37858.44141,37754.37109,37804.23828,28659593,37887.56814,38124.25658,52.78690388,161.8872768,0,0.1394883222,0.9208515355,
2024-04-17 18:30:00+00:00,37805.46875,37956.46094,37710.60938,37742.96094,31605708,37874.42203,38107.3101,51.30450796,167.7315848,-1,0.09512726903,1.056995031,0
2024-04-17 19:30:00+00:00,37743.76953,37810.17188,37725.57813,37739.78125,42020322,37862.18196,38090.97549,50.45584555,167.9252232,0,0.09282536953,1.313032943,
2024-04-18 13:30:00+00:00,37847.21094,38010.26953,37835.25,37993.39063,0,37874.11002,38086.63838,57.61381776,168.531529,0,0.2764230631,0,
2024-04-18 14:30:00+00:00,37994.94922,38083.76172,37988.30078,38024.48047,32731941,37887.78006,38083.87581,57.64067555,168.0103237,0,0.3221665509,1.088397084,
2024-04-18 15:30:00+00:00,38026.46875,38036.28906,37922.5,37938.10156,23415840,37892.35474,38077.39695,52.04736383,166.2260045,-1,0.2547727023,0.788707103,0
2024-04-18 16:30:00+00:00,37938.19141,37940.03125,37686.58984,37765.73828,29413445,37880.84415,38063.54546,47.15675512,176.1668527,0,0.1202928233,1.010023836,
2024-04-18 17:30:00+00:00,37766.48047,37805.64063,37681.51953,37741.42969,29049207,37868.17011,38049.2292,49.62309633,165.624721,0,0.1013269697,1.011376707,
2024-04-18 18:30:00+00:00,37741.62891,37812.85156,37696.73828,37785.05859,29043296,37860.61452,38037.48828,43.69277085,159.9587054,0,0.1353667605,1.044243087,
2024-04-18 19:30:00+00:00,37785.62891,37866.07813,37755.14844,37769.94922,42520876,37852.37222,38025.59766,48.88216588,157.3950893,0,0.1235782467,1.420259064,
2024-04-19 13:30:00+00:00,37801.98047,37991.85156,37781.60938,37965.66016,0,37862.67112,38022.93377,54.20376551,155.8844866,0,0.3370076398,0,
2024-04-19 14:30:00+00:00,37963.89844,37999.67188,37901.30078,37944.30078,40825230,37870.092,38019.43897,61.93188462,150.3454241,0,0.3369807738,1.457570234,
2024-04-19 15:30:00+00:00,37944.30078,37974.82813,37840.48828,37849.17969,39232231,37868.19088,38011.87189,57.24072292,153.7918527,0,0.2406479943,1.363800852,
2024-04-19 16:30:00+00:00,37849.21875,38044.98047,37832.08984,37970.62109,31354469,37877.50272,38010.03852,58.0503605,156.1688058,0,0.3636363636,1.0988892,
2024-04-19 17:30:00+00:00,37970.23828,38102.57031,37919.37109,37923.07031,30873588,37881.64523,38006.17327,55.06906837,161.8208705,0,0.3154798639,1.076428697,
2024-04-19 18:30:00+00:00,37921.55859,37974.37109,37860.16016,37948.05859,45917116,37887.68281,38003.59039,59.02845843,152.4179688,0,0.3407864546,1.58915618,
2024-04-19 19:30:00+00:00,37947.94141,38010.07813,37900.42969,37984.51953,60426155,37896.48614,38002.7428,60.46676356,154.2075893,0,0.3777118443,1.893326894,
2024-04-22 13:30:00+00:00,38116.89063,38191.32031,38003.96094,38083.92969,0,37913.52647,38006.35111,54.46039566,149.6584821,0,0.4783883219,0,
2024-04-22 14:30:00+00:00,38083.94141,38103.23828,37985.07031,38024.12109,39361443,37923.58052,38007.14088,49.98278263,151.2804129,0,0.4178178653,1.30091615,
2024-04-22 15:30:00+00:00,38024.19922,38180.05078,38011.17188,38152.14844,29282392,37944.35942,38013.58566,59.86128408,155.2154018,0,0.5474760661,0.9668417984,
2024-04-22 16:30:00+00:00,38152.53125,38299.26953,38125.28906,38297.39844,25181395,37976.45388,38026.19957,75.12154245,149.5396205,0,0.6945763114,0.8362374565,
2024-04-22 17:30:00+00:00,38298.96875,38447.16016,38286.48047,38429.05859,31374366,38017.59976,38044.10441,79.49861751,152.1509487,0,0.8279136008,1.042297379,
2024-04-22 18:30:00+00:00,38429.28125,38445.17969,38293.37109,38319.89844,35566680,38045.08146,38056.36192,71.72276147,154.7006138,0,0.7210655236,1.194375127,
2024-04-22 19:30:00+00:00,38319.55078,38319.55078,38201.32031,38247.53906,46866406,38063.4867,38064.85868,68.53553745,155.2469308,0,0.6675536713,1.459021613,
2024-04-23 13:30:00+00:00,38356.07031,38436.51172,38297.71875,38387.76953,0,38092.96696,38079.21028,67.11955489,152.8948103,0,0.9289247081,0,
2024-04-23 14:30:00+00:00,38385.55859,38509.12109,38381.73828,38460.01172,37505158,38126.33466,38096.13479,70.08672367,154.9670759,0,0.9452858436,1.202486426,
2024-04-23 15:30:00+00:00,38459.83984,38493.01172,38410.30859,38487.94141,30809703,38159.208,38113.54841,76.25365653,151.2787388,0,0.9764031056,0.9856113259,
2024-04-23 16:30:00+00:00,38488.32813,38517.30859,38454.96875,38514.94141,26114990,38191.5474,38131.3881,74.25500954,140.5251116,0,0.9973864891,0.8393655099,
2024-04-23 17:30:00+00:00,38514.98828,38561.5,38488.92188,38515.17969,26479337,38220.96852,38148.44551,77.54597659,132.6236049,0,0.9512387688,0.8545973441,
2024-04-23 18:30:00+00:00,38514.85156,38528.42188,38469.37891,38486.23828,26710593,38245.08395,38163.45852,74.94531997,128.6830357,0,0.9207722516,0.8846306426,
2024-04-23 19:30:00+00:00,38486.01172,38519.51953,38465.14063,38497.80859,43673404,38268.05892,38178.31852,74.35354733,124.7352121,0,0.9329522791,1.348871592,
2024-04-24 13:30:00+00:00,38552.78906,38552.78906,38427.64063,38485.46875,0,38287.82345,38191.96964,70.76730373,118.9029018,-1,0.9199621687,0,1
2024-04-24 14:30:00+00:00,38485.60938,38486.10156,38323.87891,38367.46094,35521809,38295.06322,38199.76926,66.74898719,122.0496652,0,0.7957357567,1.178132323,
2024-04-24 15:30:00+00:00,38367.57813,38398.25,38310.55078,38384.96094,31916112,38303.23574,38208,62.729929,116.2511161,0,0.8141579456,1.057559157,
2024-04-24 16:30:00+00:00,38384.82813,38438.48828,38319.60938,38433.67188,26039927,38315.09357,38218.02986,58.33078613,112.3152902,0,0.8654357793,0.8698140486,
2024-04-24 17:30:00+00:00,38433.05859,38546.75,38433.05859,38447.51953,28647714,38327.13229,38228.2294,51.31849124,108.9589844,0,0.8800131587,0.9853419904,
2024-04-24 18:30:00+00:00,38447.73047,38510.82031,38392.73047,38487.01172,33656340,38341.66679,38239.73084,63.25432971,106.5505022,0,0.9215864465,1.21348003,
2024-04-24 19:30:00+00:00,38487.21094,38510.05859,38462.32813,38462.32813,51014742,38352.636,38249.62405,68.42941413,101.4899554,0,0.8956021136,1.684426155,
2024-04-25 13:30:00+00:00,38052.08984,38052.08984,37754.37891,37823.42188,0,38304.52563,38230.68173,23.90686351,138.5597098,0,0.2230277361,0,
2024-04-25 14:30:00+00:00,37823.07031,37884.92188,37759.05078,37873.39063,46349655,38265.33153,38214.80213,22.30663977,138.4517299,0,0.2756296647,1.588872276,
2024-04-25 15:30:00+00:00,37874.71875,37988.10156,37837.73828,37984.03906,34973890,38239.75949,38204.54599,27.93493321,143.2845982,0,0.3921088883,1.179118752,
2024-04-25 16:30:00+00:00,37984.25,38035.17188,37967.83984,38020.17969,29997963,38219.79769,38196.35193,28.50723728,143.641183,0,0.430153998,1.013711098,
2024-04-25 17:30:00+00:00,38020.83984,38156.57813,38000.14063,38002.14063,33207234,38200.01069,38187.72032,28.05268505,149.6311384,0,0.4111643399,1.126652427,
2024-04-25 18:30:00+00:00,37998.42969,38157.21875,37973.39844,38147.44922,38107023,38195.23237,38185.93049,36.81922906,158.5438058,1,0.564130189,1.31239344,1
2024-04-25 19:30:00+00:00,38147.28906,38147.28906,38047.91016,38091.87109,50734595,38185.83589,38181.75007,34.72968366,161.7695313,0,0.5056232909,1.60689766,
2024-04-26 13:30:00+00:00,38114.69922,38302.76953,38065.05078,38257.92969,0,38192.38987,38185.13583,42.32785417,169.8102679,0,0.6804325925,0,
2024-04-26 14:30:00+00:00,38258,38285.01953,38147.23047,38168.80078,48741470,38190.24541,38184.40983,43.16855037,168.0650112,0,0.5866069042,1.593153183,
2024-04-26 15:30:00+00:00,38169.28125,38260.28125,38164.92969,38254.67969,38823318,38196.10307,38187.53294,45.72116223,168.6116071,0,0.6770113288,1.243151488,
2024-04-26 16:30:00+00:00,38254.21094,38321.64063,38242.10156,38301.01953,31311424,38205.64093,38192.57679,45.63649213,165.8016183,0,0.7257931205,0.9949180256,
2024-04-26 17:30:00+00:00,38301.21094,38337.64063,38275.87891,38283.76953,30203438,38212.74353,38196.6298,44.6255859,162.0923549,0,0.6843901898,0.9544155733,
2024-04-26 18:30:00+00:00,38284.35156,38310.41016,38263.17188,38306.53125,32931546,38221.26969,38201.51431,44.01070226,157.031529,0,0.7102563533,1.058588874,
2024-04-26 19:30:00+00:00,38306.69922,38306.69922,38231.05859,38232.82031,49582320,38222.31974,38202.90568,42.62373702,159.0251116,-1,0.6264920653,1.476190354,1
2024-04-29 13:30:00+00:00,38282.16016,38394.30078,38282.16016,38356.48047,0,38234.51617,38209.73123,75.61617504,119.9916295,0,0.767018089,0,
2024-04-29 14:30:00+00:00,38356.87891,38367.92969,38283.39844,38315.96094,39704310,38241.92024,38214.45255,71.46266983,117.0387835,0,0.7209721452,1.233001586,
2024-04-29 15:30:00+00:00,38315.03125,38338.37891,38288.71875,38337.76953,29502310,38250.63381,38219.9333,68.771844,109.8457031,0,0.7457551881,0.9112833329,
2024-04-29 16:30:00+00:00,38337.76172,38373.82813,38333.44922,38363.53125,26723053,38260.89722,38226.31544,68.42400919,107.9204799,0,0.7750305183,0.8278970599,
2024-04-29 17:30:00+00:00,38363.85938,38406.19922,38354.82031,38359.57813,27379564,38269.86821,38232.23822,69.47423979,100.4162946,0,0.7705382311,0.8565644971,
2024-04-29 18:30:00+00:00,38359.32031,38379.51172,38215.46875,38309.98828,35652003,38273.51549,38235.69378,59.88680429,99.00362723,0,0.7091548882,1.142829551,
2024-04-29 19:30:00+00:00,38310.33984,38391.51172,38305.53906,38391.51172,42835520,38284.24242,38242.61902,67.66862913,98.03459821,0,0.789389371,1.28488449,
2024-04-30 13:30:00+00:00,38337.39844,38337.39844,38138.17969,38187.55078,0,38275.45227,38240.17154,46.02759539,99.14983259,0,0.5366875904,0,
2024-04-30 14:30:00+00:00,38185.39844,38279.44922,38069.58984,38083.62891,41717442,38258.01378,38233.21409,45.27159487,104.2977121,0,0.4079313532,1.330372015,
2024-04-30 15:30:00+00:00,38084.19141,38099.89063,38038.53906,38062.80859,33119447,38240.26786,38225.64052,38.5187159,101.8691406,0,0.3821355803,1.050950571,
2024-04-30 16:30:00+00:00,38064.33984,38065.39844,37952.85156,37994.28125,31148063,38217.90544,38215.35788,32.12000601,104.2268415,0,0.2972321571,0.9916341212,
2024-04-30 17:30:00+00:00,37993.85938,38076.44141,37969.19141,37975.46094,28742388,38195.86503,38204.6958,32.0613116,107.4760045,0,0.2739143271,0.9288934414,
2024-04-30 18:30:00+00:00,37975.30859,38005.78125,37908.48828,37934.12109,40111484,38172.07013,38192.67025,28.7901507,111.0513393,0,0.2226954405,1.318959714,
2024-04-30 19:30:00+00:00,37934.46094,37968.55078,37810.12109,37823.57031,73369295,38140.38832,38176.26581,27.63069118,116.9648438,0,0.08572617763,2.15285997,
2024-05-01 13:30:00+00:00,37845.55859,37940.60938,37780.53906,37877.03906,0,38116.44748,38162.96684,21.61612144,116.8641183,0,0.1519724329,0,
2024-05-01 14:30:00+00:00,37876.44922,37935.82031,37839.98047,37911.85938,43148411,38097.84856,38151.80651,25.91385332,117.671875,0,0.1951138063,1.354351183,
2024-05-01 15:30:00+00:00,37912.37891,37962.64844,37897.80078,37940.26953,33384305,38083.5232,38142.40487,26.49233044,118.7566964,0,0.2303131791,1.044475531,
2024-05-01 16:30:00+00:00,37940.37109,37943.51953,37892.19141,37938.21875,25092665,38070.3137,38133.32993,24.12178543,119.5387835,0,0.2277723196,0.7913868148,
2024-05-01 17:30:00+00:00,37938.12109,38066.32813,37928.30859,38064.92188,33773348,38069.82354,38130.28957,34.40159805,125.7273996,1,0.3847538754,1.063751069,1
2024-05-01 18:30:00+00:00,38065.21875,38349.19922,37952.44922,38260.73828,70078401,38087.17942,38136.08729,47.74234676,142.3493304,0,0.6273648142,2.138225002,
2024-05-01 19:30:00+00:00,38261.17969,38261.17969,37885.92188,37885.92188,63390598,38068.88328,38124.96883,31.73483183,163.0125558,-1,0.1629779841,1.763611449,0
2024-05-02 13:30:00+00:00,38075.64844,38148.60938,37895.66016,38053.28125,0,38067.46491,38121.78272,45.01755373,163.6808036,0,0.3703314733,0,
2024-05-02 14:30:00+00:00,38055.10156,38135.14844,37973.66016,38075.25,37504721,38068.17265,38119.71459,49.66894163,160.2257254,0,0.3975501275,1.091569258,
2024-05-02 15:30:00+00:00,38075.37891,38103.57031,38017.91016,38044.62891,29996354,38066.03231,38116.37745,49.28722394,161.9620536,-1,0.3596114663,0.8689004064,0
2024-05-02 16:30:00+00:00,38046.98047,38161.92188,37991.26172,38161.92188,27832681,38074.74954,38118.40165,56.33065254,166.1130022,0,0.504934107,0.8056968238,
2024-05-02 17:30:00+00:00,38161.62109,38210.10156,38127.16016,38192.51172,33131434,38085.45519,38121.69543,58.12432194,164.3766741,0,0.5428340504,0.9625962321,
2024-05-02 18:30:00+00:00,38193.07031,38295.28906,38186.05078,38238.69922,37760743,38099.38647,38126.8956,61.35929232,165.2299107,0,0.6066059014,1.105243513,
2024-05-02 19:30:00+00:00,38238.41016,38238.41016,38148.12109,38234.37891,49837387,38111.65851,38131.67263,66.63966356,160.3833705,0,0.6011947572,1.359561438,
2024-05-03 13:30:00+00:00,38709.35938,38808.51953,38536.85938,38587.28125,0,38154.89694,38151.92191,73.15212852,189.9598214,0,0.790124509,0,
2024-05-03 14:30:00+00:00,38587.30859,38613.26172,38518.28125,38593.30859,48561548,38194.75255,38171.53909,72.63851003,189.8984375,0,0.7958422886,1.374000089,
2024-05-03 15:30:00+00:00,38592.80078,38683.07031,38592.80078,38663.30859,31309360,38237.34855,38193.39551,73.37426505,191.7142857,0,0.8622470911,0.8856647093,
2024-05-03 16:30:00+00:00,38664.17188,38698.62891,38637.91016,38677.46875,33161494,38277.35948,38214.90988,73.71267329,192.3850446,0,0.8756799822,0.9322303182,
2024-05-03 17:30:00+00:00,38677.48828,38728.96875,38651.67969,38713.55078,30374578,38317.01323,38237.0717,72.09009033,188.047154,0,0.9099088416,0.8657335332,
2024-05-03 18:30:00+00:00,38713.17188,38732.16016,38656.48828,38685.28125,38410384,38350.49214,38256.99212,66.32107234,165.1130022,0,0.8830912325,1.152170243,
2024-05-03 19:30:00+00:00,38685.08984,38707.07813,38651.66016,38677.32031,49049686,38380.20379,38275.67338,92.37778094,142.2672991,0,0.8755391685,1.37048942,
2024-05-06 13:30:00+00:00,38762.42969,38886.46875,38762.42969,38821.67188,0,38420.33726,38299.93998,92.1852214,138.4430804,0,0.9427634871,0,
2024-05-06 14:30:00+00:00,38782.46875,38806.62891,38704.42188,38720.19922,36327337,38447.59743,38318.61816,82.56535477,135.2832031,0,0.8525218367,1.075421211,
2024-05-06 15:30:00+00:00,38720.32813,38736.73828,38689.37891,38720.23047,28011484,38472.38226,38336.4676,85.20047218,132.547433,0,0.8496845838,0.8256745075,
2024-05-06 16:30:00+00:00,38720.37891,38785.21094,38718.98047,38777.96875,26611858,38500.16285,38356.08987,84.22126167,125.0881696,0,0.9018924971,0.7927863587,
2024-05-06 17:30:00+00:00,38777.35156,38864.14063,38773.21094,38853.85938,27416695,38532.31708,38378.21296,84.97733668,125.6587612,0,0.9705140613,0.8721871607,
2024-05-06 18:30:00+00:00,38853.64063,38856.14063,38747.91016,38765.12109,34205977,38553.48108,38395.40888,76.64225784,125.5867746,0,0.8902754329,1.141143109,
2024-05-06 19:30:00+00:00,38765.48828,38853.62891,38759.12891,38853.05859,44863031,38580.7154,38415.74887,78.86811024,125.8669085,0,0.9697899816,1.392468834,
2024-05-07 13:30:00+00:00,38858.94141,38977.60938,38858.94141,38963.91016,0,38615.55128,38440.11159,72.70184361,93.75334821,0,0.988556045,0,
2024-05-07 14:30:00+00:00,38963.87891,38972.32031,38924.5,38936.82031,46873113,38644.75756,38462.18753,70.19293033,90.38476563,0,0.9659259259,1.502972518,
2024-05-07 15:30:00+00:00,38935.87109,38938.76172,38897.39844,38909.39063,33399654,38668.81511,38482.06323,65.22777485,86.89146205,0,0.9430119106,1.061476184,
2024-05-07 16:30:00+00:00,38909.71094,38940.89063,38869.60938,38937.69922,25512452,38693.25912,38502.31372,65.82617083,87.64592634,0,0.9666601403,0.8207493799,
2024-05-07 17:30:00+00:00,38937.62109,38946.89063,38853.67188,38863.53125,26691514,38708.73841,38518.36783,58.71737936,88.78376116,0,0.9047022353,0.8742465366,
2024-05-07 18:30:00+00:00,38863.30078,38888.82031,38840.39844,38887.78125,32617064,38725.01503,38534.7862,61.8252491,86.83733259,0,0.9249600261,1.099333209,
2024-05-07 19:30:00+00:00,38887.87891,38932.60156,38876.82031,38878.28906,44989514,38738.94903,38550.053,61.71487904,86.86328125,0,0.9170305107,1.409475196,
2024-05-08 13:30:00+00:00,38818.89844,38921.44922,38814.98828,38909.51953,0,38754.45544,38566.02929,55.8987541,79.52845982,1,0.9431195954,0,1
2024-05-08 14:30:00+00:00,38909.26172,38983.17188,38892.39844,38971.53125,31478351,38774.1896,38584.0516,67.82072091,77.63727679,0,0.9903207156,1.067073261,
2024-05-08 15:30:00+00:00,38970.03906,38982.12109,38950.83984,38956.73828,26702254,38790.78494,38600.61545,66.42575772,76.48883929,0,0.9780202291,0.9151895421,
2024-05-08 16:30:00+00:00,38956.89844,38972.44922,38928.19141,38953.71094,22010054,38805.59639,38616.30858,63.20935313,74.91936384,0,0.9755029655,0.7653402594,
2024-05-08 17:30:00+00:00,38953.76172,39039.73047,38948.30859,39037.35938,24466084,38826.66576,38635.02195,63.63346142,74.95452009,0,0.9981169711,0.8718797305,
2024-05-08 18:30:00+00:00,39037.19141,39060.60938,38996.92188,39048.26172,28643250,38846.81084,38653.38816,73.78770774,71.77287946,0,0.9903539234,1.059253231,
2024-05-08 19:30:00+00:00,39048.12891,39094.73828,39046.28125,39056.71094,37436038,38865.89267,38671.31362,69.74705887,68.48409598,0,0.9710642472,1.294791783,
2024-05-09 13:30:00+00:00,39064.26953,39221.82031,38988.85156,39205.76953,0,38896.79057,38695.06721,71.8340057,76.22823661,0,0.9888635329,0,
2024-05-09 14:30:00+00:00,39205.96875,39274.5,39205.64844,39247.19922,34733291,38928.6459,38719.60642,77.3125073,77.73046875,0,0.9817259069,1.266136106,
2024-05-09 15:30:00+00:00,39247.94141,39255.75,39203.94141,39216.19922,24575902,38954.78711,38741.67721,76.82974319,78.4765625,0,0.960975699,0.8992046051,
2024-05-09 16:30:00+00:00,39215.92969,39303.89063,39212.19141,39303.55078,25214620,38986.4929,38766.64937,78.99843951,79.93498884,1,0.9997769105,0.9263062699,1
2024-05-09 17:30:00+00:00,39304.67969,39331.32813,39296.55078,39331.12891,26536828,39017.82344,38791.73734,90.01878832,75.76060268,0,0.9998715372,0.9888094417,
2024-05-09 18:30:00+00:00,39330.91016,39387.60938,39326.44141,39378.30859,27444849,39050.59482,38817.80718,90.3957383,76.67103795,0,0.994212586,1.056943451,
2024-05-09 19:30:00+00:00,39378.17188,39413.66016,39369.48047,39394.44922,47627860,39081.85431,38843.43571,92.04622835,75.84235491,0,0.988236673,1.680135245,
2024-05-10 13:30:00+00:00,39466.51953,39579.87891,39466.51953,39515.03125,0,39121.23403,38873.2844,93.05693667,81.48297991,0,0.9639603066,0,
2024-05-10 14:30:00+00:00,39514.42969,39537.80859,39442.75,39457.92188,35498588,39151.84202,38899.26829,84.82926065,81.7890625,0,0.9299056608,1.359634191,
2024-05-10 15:30:00+00:00,39458.44141,39494.85938,39406.26172,39472.85156,26136551,39181.0247,38924.76088,86.95039348,85.88309152,0,0.9368181472,0.9998630611,
2024-05-10 16:30:00+00:00,39472.92188,39510.23828,39460.73047,39465.62109,20812939,39206.8971,38948.79911,86.43022745,86.25809152,0,0.9325497575,0.8052610252,
2024-05-10 17:30:00+00:00,39465.80078,39494.07031,39458.33984,39479.23047,22310780,39231.65468,38972.37384,84.92771702,82.28013393,0,0.9405838309,0.8807737142,
2024-05-10 18:30:00+00:00,39479.35156,39527.35156,39447.82813,39523.37891,25454999,39258.17507,38996.86295,85.68034076,83.41127232,0,0.9666461433,1.04520119,
2024-05-10 19:30:00+00:00,39524.08984,39545.48828,39502.12109,39510.05078,41954787,39281.07286,39019.6713,83.79724275,83.04771205,0,0.9587781014,1.586078316,
2024-05-13 13:30:00+00:00,39591.28125,39647.39063,39577.57031,39588.35156,0,39309.00729,39044.94598,81.88619538,76.21707589,0,0.96629672,0,
2024-05-13 14:30:00+00:00,39588.58984,39590.19141,39519.80859,39521.98047,40439521,39328.36848,39066.14751,71.98744718,76.32645089,0,0.9250714744,1.581840913,
2024-05-13 15:30:00+00:00,39522.14063,39526.60938,39491.01172,39502.78125,30748546,39344.22419,39085.55346,73.37313547,75.16852679,0,0.9126822952,1.182555805,
2024-05-13 16:30:00+00:00,39503.30859,39504.73828,39403.05078,39450.60938,27175013,39353.89557,39101.77816,62.72399738,75.88197545,0,0.8811799919,1.039705637,
2024-05-13 17:30:00+00:00,39450.80078,39459.21094,39418.26953,39455.30859,28963444,39363.11494,39117.49063,61.18735923,76.32226563,0,0.8736494004,1.107451983,
2024-05-13 18:30:00+00:00,39455.21094,39473.39063,39428.30078,39445.30078,26856660,39370.58638,39132.05997,56.46857367,75.17382813,0,0.8652077965,1.048095092,
2024-05-13 19:30:00+00:00,39445.46875,39473.94922,39416.60156,39435.58984,42558694,39376.49578,39145.55018,54.02236514,76.11439732,0,0.858730684,1.533525408,
2024-05-14 13:30:00+00:00,39466.76172,39546.42188,39418.80859,39509.46094,0,39388.58352,39161.724,49.40063887,71.98465402,0,0.8778420492,0,
2024-05-14 14:30:00+00:00,39509.57031,39512.07813,39411.87109,39440.03906,35454705,39393.2613,39174.09355,48.12549135,72.35239955,-1,0.8163583023,1.33491768,0
2024-05-14 15:30:00+00:00,39438.80859,39441.87109,39416.32813,39433.80078,28370375,39396.94671,39185.6361,45.8306572,67.8484933,0,0.7974664321,1.061874542,
2024-05-14 16:30:00+00:00,39433.32813,39437.85156,39371.92188,39390.69922,21104074,39396.37875,39194.75001,42.5699233,69.02148438,0,0.745719294,0.7980177662,
2024-05-14 17:30:00+00:00,39390.73828,39492.46094,39386.32813,39489.85938,24554646,39404.87699,39207.86599,50.90116645,74.05022321,0,0.8417932815,0.9335973592,
2024-05-14 18:30:00+00:00,39489.71875,39616.41016,39485.35156,39587,31584889,39421.43363,39224.71639,54.9493427,77.7313058,0,0.9393504298,1.23867359,
2024-05-14 19:30:00+00:00,39586.48828,39597.21094,39550.62109,39551.46875,43888578,39433.255,39239.23871,53.11448059,77.96149554,0,0.9036668275,1.584803409,
2024-05-15 13:30:00+00:00,39615.10156,39794.07031,39615.10156,39706.67188,0,39458.11108,39260.01352,57.97491417,85.48018973,0,0.9208842967,0,
2024-05-15 14:30:00+00:00,39706.89063,39838.46875,39706.85938,39838.46875,59587914,39492.68905,39285.72264,69.60277174,89.86690848,0,1,2.15968443,
2024-05-15 15:30:00+00:00,39838.76172,39842.5,39761.60156,39795.51172,31560904,39520.21839,39308.37993,67.61289655,93.10267857,0,0.959251217,1.12202878,
2024-05-15 16:30:00+00:00,39796.57031,39864.89844,39788.17969,39856.37109,37954870,39550.77772,39332.7351,74.16113471,91.31919643,0,0.9925585042,1.312834371,
2024-05-15 17:30:00+00:00,39857.12891,39865.73047,39808.92969,39836.60156,32269621,39576.76171,39355.12916,72.30384652,92.45200893,0,0.9739413339,1.103183535,
2024-05-15 18:30:00+00:00,39836.89063,39864.17188,39813.14844,39847.94922,35266670,39601.41512,39377.03228,73.51617966,92.87583705,0,0.9840929264,1.219584446,
2024-05-15 19:30:00+00:00,39847.73828,39935.03906,39840.21875,39915.89063,52498695,39630.0038,39400.98154,76.26489399,95.55245536,0,0.983716071,1.664411784,
2024-05-16 13:30:00+00:00,39912.33984,39997.73047,39879.83984,39989.46094,0,39662.68172,39427.13618,76.25708351,94.85797991,0,0.9930081709,0,
2024-05-16 14:30:00+00:00,39989.39063,40051.05078,39970.42188,40029.35938,43515113,39696.01605,39453.90165,83.31316575,93.45954241,0,0.9824512059,1.442892832,
2024-05-16 15:30:00+00:00,40030.01172,40048.21094,39977.32813,39980.82813,36954177,39721.90806,39477.32061,79.51134395,96.69810268,-1,0.9431884259,1.20579287,1
2024-05-16 16:30:00+00:00,39980.19141,40003.37891,39923.48047,39939.75,30404626,39741.71187,39497.87302,79.68531542,97.69587054,0,0.9099553775,0.9897577434,
2024-05-16 17:30:00+00:00,39940.67188,39955.69141,39874.37891,39917.21875,34925862,39757.66704,39516.51061,75.19343429,95.92299107,0,0.8917271325,1.122198229,
2024-05-16 18:30:00+00:00,39917.75,39977.69141,39916.73828,39960.44922,35287983,39776.10179,39536.24122,73.50966669,90.91545759,0,0.9267014714,1.147234001,
2024-05-16 19:30:00+00:00,39960,39972.98047,39864.67969,39879.16016,52591881,39785.47073,39551.48206,69.50535014,95.3233817,0,0.860936947,1.575136388,
2024-05-17 13:30:00+00:00,39911.71875,39951.30078,39861.01172,39911.26172,0,39796.90627,39567.47226,64.26901764,84.44391741,0,0.8869077717,0,
2024-05-17 14:30:00+00:00,39910.92969,39923.87891,39879.5,39885.73828,30373999,39804.98191,39581.61742,53.87056122,78.19977679,0,0.8573234664,0.9576801433,
2024-05-17 15:30:00+00:00,39886.07031,39914.46875,39863.57031,39895.39063,24644723,39813.20089,39595.5629,58.65015731,76.05691964,0,0.8613716377,0.7727251743,
2024-05-17 16:30:00+00:00,39895.39063,39947.21875,39891.41016,39941.32031,21852749,39824.84811,39610.92989,57.55245775,74.56333705,0,0.9022758582,0.6880986538,
2024-05-17 17:30:00+00:00,39941.30078,39955.67188,39858.85938,39901.73047,28626248,39831.83741,39623.85436,55.59320214,77.42131696,0,0.8645918201,0.9056007315,
2024-05-17 18:30:00+00:00,39901.73047,39980.19922,39892.53906,39979.66016,26421836,39845.27584,39639.66795,60.15039857,80.03822545,0,0.9327897971,0.8596130886,
2024-05-17 19:30:00+00:00,39979.58984,40007.73047,39963.44141,40007.21094,41542334,39859.99722,39656.0032,57.50487955,76.42885045,0,0.9587272868,1.265993814,
2024-05-20 13:30:00+00:00,39989.76172,40051.57813,39911.05078,40050.82813,0,39877.34548,39673.55097,55.30442181,78.04575893,0,0.9992942681,0,
2024-05-20 14:30:00+00:00,40051,40074.83984,40034.98828,40064.82031,30033716,39894.38865,39690.94072,53.20886237,75.13309152,0,0.9884951783,1.00925662,
2024-05-20 15:30:00+00:00,40065.17969,40077.39844,39986.16016,39996.73828,25435733,39903.69316,39704.53172,51.39051053,76.58705357,-1,0.9076541222,0.8731110995,1
2024-05-20 16:30:00+00:00,39996.82813,39998.16016,39908.21875,39918.94141,21518479,39905.07936,39714.06104,48.29106168,77.30440848,0,0.8168565147,0.7525327419,
2024-05-20 17:30:00+00:00,39918.57813,39918.57813,39796.76172,39852.98828,22494289,39900.34381,39720.23559,45.07615004,80.2234933,0,0.7126069926,0.8046283701,
2024-05-20 18:30:00+00:00,39852.89063,39871.14063,39815.67188,39829.08984,23561134,39893.86618,39725.07355,39.62252506,79.83175223,0,0.6693438061,0.8887893563,
2024-05-20 19:30:00+00:00,39829.39844,39832.03906,39787.08984,39816.35938,39833099,39886.8201,39729.1307,44.43598458,75.30664063,0,0.6312580355,1.397608508,
2024-05-21 13:30:00+00:00,39804.39844,39873.21875,39778.73047,39862.55859,0,39884.61451,39735.06083,45.79017031,75.60658482,1,0.6954684887,0,0
2024-05-21 14:30:00+00:00,39862.55859,39890.66016,39830.17969,39869.66016,36340406,39883.25503,39741.04302,48.5645132,76.75669643,0,0.7055348224,1.382055882,
2024-05-21 15:30:00+00:00,39869.82031,39873.48047,39805.78125,39822.10938,29674698,39877.69633,39744.64597,43.8720046,77.95675223,-1,0.6381324681,1.130122056,1
2024-05-21 16:30:00+00:00,39822.37109,39839.35156,39789.98828,39813.19922,23199633,39871.83296,39747.69278,38.57901958,77.49637277,0,0.6255024861,0.9037064509,
2024-05-21 17:30:00+00:00,39813.08984,39852.57031,39808.05078,39842.07813,26466426,39869.12797,39751.88769,44.57894625,73.76116071,1,0.6664378025,1.04898252,0
2024-05-21 18:30:00+00:00,39841.87109,39869.82813,39818.75,39860.26953,26753957,39868.32266,39756.70466,37.82853866,71.14815848,0,0.6922237849,1.117604015,
2024-05-21 19:30:00+00:00,39860.23828,39905.80078,39854.17969,39879.92188,41917826,39869.37713,39762.18098,36.81091845,71.671875,0,0.7200806193,1.610083641,
2024-05-22 13:30:00+00:00,39863.32813,39890.91016,39798.57031,39881.67969,0,39870.49555,39767.49203,30.80891347,68.22991071,0,0.722572286,0,
2024-05-22 14:30:00+00:00,39881.76953,39888.33984,39820.82031,39823.53125,26580502,39866.22607,39769.98266,25.11722338,70.2061942,-1,0.6401479496,1.079952727,1
2024-05-22 15:30:00+00:00,39823.58984,39833,39766.82813,39830.39844,21468575,39862.96901,39772.66781,30.36763146,68.41573661,0,0.6498820611,0.8729389231,
2024-05-22 16:30:00+00:00,39830.69141,39854.30078,39812.60938,39812.78906,20529680,39858.4072,39774.45098,35.39653709,64.96930804,-1,0.6249210972,0.8487331343,1
2024-05-22 17:30:00+00:00,39813.01953,39816.46875,39577.32031,39577.32031,25143806,39832.85384,39765.68961,24.13825959,73.32421875,0,0.2911484923,1.042242628,
2024-05-22 18:30:00+00:00,39576.44141,39652.57813,39559.08984,39624.55859,27618194,39813.91791,39759.41712,31.61697586,76.03989955,0,0.3581078836,1.178828563,
2024-05-22 19:30:00+00:00,39624.75,39689.57031,39573.17188,39669.58984,36920623,39800.79718,39755.4248,37.53243564,81.14341518,0,0.421938849,1.460783253,
2024-05-23 13:30:00+00:00,39694.94922,39694.94922,39387.96094,39397.96875,62770102,39764.17641,39739.53786,21.4634989,96.32198661,-1,0.03692096433,2.33247619,1
2024-05-23 14:30:00+00:00,39399.75,39456.10156,39362.23047,39369.80859,37770215,39728.32479,39723.10545,20.07184889,98.70703125,0,0.01059628693,1.372061255,
2024-05-23 15:30:00+00:00,39369.64063,39445.17969,39369.57031,39420.12891,27864311,39700.30698,39709.63983,26.0113478,99.27204241,1,0.08095781695,1.000680084,0
2024-05-23 16:30:00+00:00,39419.73047,39430.03906,39245.01172,39284.39844,23920386,39662.49712,39690.74021,22.59178723,108.9623326,0,0.04731781258,0.85684928,
2024-05-23 17:30:00+00:00,39284.35156,39285.46875,39034.07031,39062.48828,32732790,39607.95086,39662.8179,16.33043496,123.7393973,0,0.0272378057,1.153567873,
2024-05-23 18:30:00+00:00,39061.85156,39104.12109,39033.25,39057.21875,34880968,39557.8843,39635.90238,14.92569908,125.1531808,0,0.02295530898,1.240095135,
2024-05-23 19:30:00+00:00,39057.03906,39083.57031,39025.51172,39066.89844,42170198,39513.24922,39610.61332,14.17807182,125.6130022,1,0.03934522417,1.394694012,0
2024-05-24 13:30:00+00:00,39089.23047,39186.85938,39078.03906,39116.76953,0,39477.20562,39588.66471,17.66871733,127.5859375,0,0.08675631213,0,
2024-05-24 14:30:00+00:00,39116.94922,39220.30859,39042.62109,39181.80078,29717869,39450.35063,39570.58187,23.03219727,135.4550781,0,0.148579747,1.045619511,
2024-05-24 15:30:00+00:00,39182.03906,39204.10938,39132.53125,39174.73828,22079297,39425.29496,39552.98882,22.45134437,135.8412388,0,0.1418656209,0.7783914749,
2024-05-24 16:30:00+00:00,39174.62891,39175.46094,39116.23828,39146.80859,17607610,39399.97802,39534.93636,22.25830912,137.093471,0,0.1153136292,0.6305920837,
2024-05-24 17:30:00+00:00,39146.73828,39152.28125,39091.76172,39093.26172,19068395,39372.09472,39515.30638,26.23441282,124.3342634,0,0.06440807626,0.692437663,
2024-05-24 18:30:00+00:00,39093.28125,39116.64844,39020.28906,39050.44141,23395083,39342.85351,39494.64571,21.69003775,124.5393415,0,0.02852339073,0.8791201098,
2024-05-24 19:30:00+00:00,39050.39063,39089.94922,39037.89844,39069.03125,31179758,39317.96058,39475.72952,19.59329301,119.9430804,0,0.04610893504,1.106806597,
2024-05-28 13:30:00+00:00,39028.98828,39028.98828,38905.76953,38927.64063,0,39282.47694,39451.37001,22.56962164,109.6768973,0,0.01866725346,0,
2024-05-28 14:30:00+00:00,38927.71094,38954.51172,38892.87109,38934.14063,32367845,39250.81001,39428.38204,23.93246294,107.374721,0,0.03484050534,1.181875145,
2024-05-28 15:30:00+00:00,38933.98047,38942.30078,38891.21094,38902.75,25583537,39219.16819,39405.02061,18.32591197,105.6233259,0,0.009727857105,0.925613391,
2024-05-28 16:30:00+00:00,38902.94922,38924.01172,38815.53906,38828.91016,21479403,39183.69019,39379.4157,19.82850075,100.1551339,0,0.0105963422,0.7823115335,
2024-05-28 17:30:00+00:00,38828.76172,38849.05078,38750.51172,38755.96875,25794016,39144.80642,39351.70695,24.70390262,89.23660714,0,0.004112657978,0.9425873417,
2024-05-28 18:30:00+00:00,38756.12891,38791.53125,38706.14063,38763.82031,30334294,39110.17132,39325.57866,25.88949808,90.27371652,0,0.04206334285,1.122004516,
2024-05-28 19:30:00+00:00,38763.73828,38858.83984,38762.03906,38853.46094,40138300,39086.83401,39304.59565,34.49770757,93.04101563,0,0.107434438,1.549489222,
2024-05-29 13:30:00+00:00,38716.28125,38716.28125,38413.67188,38538.87891,0,39037.01991,39270.56379,19.68417774,115.8858817,0,0.07525697676,0,
2024-05-29 14:30:00+00:00,38539.08984,38555.76172,38473.60156,38497.39063,32460546,38987.9627,39236.20054,13.18690092,109.0625,0,0.05032001766,1.338826844,
2024-05-29 15:30:00+00:00,38497.23828,38532.03125,38455.05859,38520.91016,22759459,38945.50338,39204.40985,15.44362964,109.4478237,0,0.06445667435,0.9409607745,
2024-05-29 16:30:00+00:00,38520.42188,38526.35938,38462.26953,38509.89063,20038443,38905.90222,39173.54233,15.72470623,109.7954799,0,0.05783327151,0.8507899123,
2024-05-29 17:30:00+00:00,38510.05859,38514.66016,38461.21875,38470.51172,22748002,38866.32127,39142.29653,15.96820192,109.2898996,0,0.03416417399,0.991366693,
2024-05-29 18:30:00+00:00,38470.25,38523.19141,38442.53125,38505.64844,27365595,38833.53283,39114.00106,19.97623363,108.1685268,0,0.05528346098,1.232358462,
2024-05-29 19:30:00+00:00,38505.76953,38529.26172,38427.73828,38446.87891,41449050,38798.38247,39084.35118,17.16698207,111.7022879,-1,0.01995942843,1.707245036,1
2024-05-30 13:30:00+00:00,38368.35156,38368.35156,38000.96094,38067.96875,0,38731.98122,39039.17863,13.72596851,131.8920201,0,0.03227056557,0,
2024-05-30 14:30:00+00:00,38069.41016,38085.05859,38045.28125,38055.10156,8859536,38670.44671,38995.44187,13.10700304,130.3303571,0,0.02607380429,0.4003144196,
2024-05-30 15:30:00+00:00,38090.71094,38136.58984,38080,38101.67188,62059880,38618.73991,38955.71876,16.80199956,132.5016741,0,0.04850179093,2.548235793,
2024-05-30 16:30:00+00:00,38101.75,38199.46875,38098.05859,38180.19141,27515605,38578.87186,38921.25088,23.21989512,131.9972098,0,0.0897409067,1.110556233,
2024-05-30 17:30:00+00:00,38180.48047,38193.87109,38107.69141,38147.55078,28018270,38539.66085,38886.86421,24.01909598,131.1143973,0,0.07644374733,1.120391234,
2024-05-30 18:30:00+00:00,38147.69922,38158.82813,38093.44141,38132.53125,37910821,38502.64907,38853.3383,23.20646984,129.6855469,0,0.06907158779,1.495842266,
2024-05-30 19:30:00+00:00,38132.46094,38148.96094,38016.85156,38108.42969,55070687,38466.81095,38820.23125,16.51615486,132.2075893,0,0.05641878521,1.95997383,
2024-05-31 13:30:00+00:00,38140.26172,38281.92188,38092.26953,38149.51953,0,38437.96627,38790.42184,26.79708741,114.3406808,0,0.07799007052,0,
2024-05-31 14:30:00+00:00,38148.73828,38183.83984,38121.96094,38166.26953,44064782,38413.26657,38762.68174,29.66818415,112.8920201,0,0.08678346072,1.608008036,
2024-05-31 15:30:00+00:00,38174.69141,38190.19922,38122.23828,38186.01172,31541012,38392.60704,38737.05196,29.3404083,112.2483259,0,0.09714768507,1.130242352,
2024-05-31 16:30:00+00:00,38185.57031,38301.51172,38177.73047,38292.07813,30565548,38383.46804,38717.27534,37.97363517,116.5119978,0,0.1528302699,1.086003099,
2024-05-31 17:30:00+00:00,38292.07031,38388.92188,38288.5,38360.66016,30148757,38381.3946,38701.42578,44.12411199,119.8677455,0,0.1888343631,1.071547582,
2024-05-31 18:30:00+00:00,38360.76172,38414.69141,38341.96875,38385.57813,37523953,38381.77492,38687.38811,43.50653192,119.3007813,0,0.2019157615,1.33990204,
2024-05-31 19:30:00+00:00,38384.69922,38719.42969,38371.35938,38706.98047,89271735,38411.33906,38688.25888,60.9545996,136.9112723,0,0.3706450879,2.749480386,
2024-06-03 13:30:00+00:00,38709.98828,38735.60938,38575.69922,38648.12891,0,38432.86541,38686.47532,83.45323741,116.4821429,0,0.3424261151,0,
2024-06-03 14:30:00+00:00,38648.07031,38648.98047,38446.08984,38464.71875,34095359,38435.76117,38676.61948,69.73746621,128.1330915,0,0.2457152673,1.085412492,
2024-06-03 15:30:00+00:00,38464.64844,38470.66016,38288.33984,38297.37109,28766516,38423.18025,38659.76399,58.44666021,135.3353795,0,0.1599329757,0.9032226107,
2024-06-03 16:30:00+00:00,38296.01172,38358.26953,38247.21875,38352.55859,26933584,38416.7601,38646.11042,57.59253651,136.0239955,0,0.1897102992,0.8401508208,
2024-06-03 17:30:00+00:00,38352.73047,38444.23828,38351.92969,38412.05859,24929394,38416.33269,38635.70812,61.3818815,136.4617746,0,0.2264367321,0.7805992859,
2024-06-03 18:30:00+00:00,38412.12891,38502.03125,38412.12891,38484.42969,25432442,38422.52333,38628.98463,64.43010642,138.2179129,0,0.2854026532,0.8168337924,
2024-06-03 19:30:00+00:00,38483.83984,38575.98828,38457.76953,38571.39063,40189100,38436.05672,38626.4249,68.05366837,137.2257254,0,0.3367376822,1.212529281,
2024-06-04 13:30:00+00:00,38518.85938,38669.51953,38397.82031,38669.19141,0,38457.25078,38628.32563,69.40680834,143.0862165,0,0.3944717187,0,
2024-06-04 14:30:00+00:00,38668.96094,38680,38515.05859,38546.07031,31686856,38465.32528,38624.66984,63.13951571,150.4478237,0,0.3746094128,1.016150832,
2024-06-04 15:30:00+00:00,38546.78125,38551.44922,38477.60938,38545.57031,25817532,38472.62029,38621.1543,62.60707115,150.8677455,0,0.3770961809,0.8301906392,
2024-06-04 16:30:00+00:00,38545.12109,38638.73047,38520.92188,38638.64063,24202948,38487.71304,38621.93147,62.26315469,150.4411272,1,0.4462175135,0.7830755586,1
2024-06-04 17:30:00+00:00,38639.23047,38783.78125,38593.83984,38776.03125,26853243,38513.92379,38628.78035,64.01545806,156.8353795,0,0.6033986753,0.884649409,
2024-06-04 18:30:00+00:00,38776.19141,38786.62109,38601.05078,38653.30859,30908927,38526.59514,38629.8705,58.47443167,164.8959263,0,0.534997261,1.060464807,
2024-06-04 19:30:00+00:00,38653.28906,38720.75,38629.25,38705.07813,39827518,38542.82086,38633.21306,49.92739168,146.5694754,0,0.5774540049,1.279066375,
2024-06-05 13:30:00+00:00,38774.82031,38807.32031,38548.76953,38596.12891,0,38547.66705,38631.56487,48.08837805,153.6152344,-1,0.4881035902,0,0
2024-06-05 14:30:00+00:00,38595.12109,38738.01953,38595.12109,38735.80859,38136243,38564.77083,38636.19793,60.29686253,149.3300781,0,0.6026563897,1.303157938,
2024-06-05 15:30:00+00:00,38735.19922,38791.07031,38704.80078,38733.55859,28610690,38580.11517,38640.52507,68.94369686,142.469308,0,0.608900476,0.9809354815,
2024-06-05 16:30:00+00:00,38733.67188,38780.17969,38692.58984,38744.42969,23261297,38595.05285,38645.14305,67.70037511,140.7935268,0,0.6330087271,0.8070571415,
2024-06-05 17:30:00+00:00,38744.01172,38809.37891,38720.80078,38805.57031,25724184,38614.1908,38652.27315,67.74817566,140.5270647,0,0.6988579688,0.9111589408,
2024-06-05 18:30:00+00:00,38805.76953,38844.32031,38776.55859,38776.60938,29463460,38628.95613,38657.79921,63.71494162,138.9405692,0,0.6952201557,1.167241156,
2024-06-05 19:30:00+00:00,38776.67969,38818.23828,38743.96875,38805.55859,44244335,38645.0109,38664.36629,61.62498012,135.8013393,0,0.7388487738,1.611569996,
2024-06-06 13:30:00+00:00,38825.39844,39004.16016,38740.33984,38933.21094,0,38671.2109,38676.31494,62.7296321,135.2385603,0,0.9068338558,0,
2024-06-06 14:30:00+00:00,38933.62891,38933.62891,38811.92188,38872.46875,29645518,38689.50707,38685.03289,66.74441906,132.1503906,0,0.8687285598,1.149346728,
2024-06-06 15:30:00+00:00,38872.82813,38885.26953,38815.05859,38823.17969,24778601,38701.65912,38691.17275,63.56259542,131.891183,0,0.8195966809,0.9646878838,
2024-06-06 16:30:00+00:00,38823.46094,38863.10938,38809.46875,38849.98047,20008774,38715.14288,38698.23087,61.03985145,127.3077567,0,0.8463119941,0.7865212919,
2024-06-06 17:30:00+00:00,38849.78125,38870.35938,38735.98828,38796.60938,23758704,38722.54893,38702.60325,51.17838641,123.3384487,0,0.7931111016,0.9370090306,
2024-06-06 18:30:00+00:00,38796.64844,38904.19141,38780.98047,38899.94141,25128421,38738.67552,38711.37383,64.44395641,118.8842076,0,0.8961136053,1.021361679,
2024-06-06 19:30:00+00:00,38900.19141,38900.19141,38853.94922,38884.76953,38924565,38751.95679,38719.08031,60.99487077,115.6515067,0,0.8809901137,1.466135518,
2024-06-07 13:30:00+00:00,38861.23828,38988.05078,38751.85156,38985.80859,0,38773.21605,38730.9349,74.07659484,114.0549665,1,0.9817069609,0,0
2024-06-07 14:30:00+00:00,38985.5,39105.23047,38900.75,38963.48828,34166597,38790.51352,38741.2706,66.45344504,118.453683,0,0.8716416749,1.346084867,
2024-06-07 15:30:00+00:00,38964.01953,38990.46094,38930.03906,38953.69141,24526670,38805.34787,38750.71153,65.73641766,116.6074219,0,0.8627698599,0.9656782402,
2024-06-07 16:30:00+00:00,38953.82031,39011.98828,38903.37109,38977.39844,22004636,38820.98884,38760.7865,66.35388446,118.109375,0,0.8842383787,0.8747286378,
2024-06-07 17:30:00+00:00,38977.58984,38982.94141,38825.73047,38898.23828,23243355,38828.01151,38766.89547,56.3445749,123.0117188,-1,0.81255284,0.9382657226,1
2024-06-07 18:30:00+00:00,38897.87891,38945,38843.28906,38874.19922,24023289,38832.21039,38771.66452,56.72689087,125.4366629,0,0.7907836416,1.001702162,
2024-06-07 19:30:00+00:00,38874.16016,38881.58984,38785.69922,38797.73828,39598380,38829.07657,38772.82336,49.49408161,126.9810268,0,0.7215424506,1.525221144,
2024-06-10 13:30:00+00:00,38784.89844,38849.83984,38665.44922,38767.32813,0,38823.46307,38772.57913,37.72403506,121.3074777,0,0.6940037426,0,
2024-06-10 14:30:00+00:00,38768.39063,38775.32813,38692.17969,38735.62891,30393062,38815.47815,38770.93689,39.41847048,118.5532924,0,0.6604109466,1.258788536,
2024-06-10 15:30:00+00:00,38735.76172,38793.57813,38734.92188,38765.58984,27109684,38810.94285,38770.69925,45.40948182,117.7279576,0,0.6879389861,1.113923636,
2024-06-10 16:30:00+00:00,38765.42969,38775.92188,38729.08984,38769.67188,25502262,38807.19094,38770.65359,43.35799438,117.2416295,0,0.6916895469,1.048353432,
2024-06-10 17:30:00+00:00,38769.76172,38863.03125,38764.91016,38827.5,43499616,38809.03722,38773.18009,52.53614357,114.6523438,0,0.7448218932,1.738050298,
2024-06-10 18:30:00+00:00,38827.33984,38877.85938,38820.25,38850.51953,38930130,38812.80834,38776.6174,45.32605323,109.9665179,0,0.7659721848,1.572165093,
2024-06-10 19:30:00+00:00,38850.85938,38876.73828,38805.89063,38876.73828,46150816,38818.62015,38781.06722,49.25601054,111.7240513,0,0.7900619112,1.704891241,
2024-06-11 13:30:00+00:00,38795.71094,38795.71094,38446.23828,38604.37109,0,38799.14296,38773.21406,23.17863696,125.6026786,0,0.5055491713,0,
2024-06-11 14:30:00+00:00,38604.78906,38694.87109,38583.58984,38633.60156,55634824,38784.09375,38767.00906,27.02676235,118.9455915,0,0.5203462619,2.05066111,
2024-06-11 15:30:00+00:00,38634.64844,38671.76172,38563.21094,38568.32813,41204926,38764.47869,38758.17879,25.08825535,122.3833705,-1,0.4538081273,1.46168608,0
2024-06-11 16:30:00+00:00,38568.57031,38631.58984,38557.75,38600.19922,30733401,38749.54419,38751.15748,25.87071141,119.8992746,0,0.4554919137,1.076901431,
2024-06-11 17:30:00+00:00,38600.16016,38730.69922,38599.78125,38729.60938,27649126,38747.73194,38750.19979,39.86448096,118.0212054,0,0.5622191568,0.9645683165,
2024-06-11 18:30:00+00:00,38729,38760.78906,38696.26172,38700.55078,33459082,38743.44274,38747.99316,39.62538041,115.3652344,0,0.5283517944,1.178489706,
2024-06-11 19:30:00+00:00,38701.41016,38752.58984,38672.89063,38750.96094,45479778,38744.12621,38748.12506,47.11550042,114.2087054,0,0.5871040878,1.483093546,
2024-06-12 13:30:00+00:00,38950.64844,39120.26172,38930.42969,38953.78906,0,38763.18647,38757.26569,59.48179283,127.4165737,0,0.8093190574,0,
2024-06-12 14:30:00+00:00,38954.12109,39019.62891,38847.76953,38871.76953,58836797,38773.05766,38762.35475,56.58588943,133.7530692,-1,0.7153723283,1.918216433,1
2024-06-12 15:30:00+00:00,38871.46875,38880.53906,38815.21875,38815.35938,40383956,38776.90327,38764.71051,52.34755884,134.2290737,0,0.6507590638,1.278312117,
2024-06-12 16:30:00+00:00,38810.83984,38830.12109,38769.46094,38794.12109,33817718,38778.46853,38766.01764,51.13486776,135.2167969,0,0.626432333,1.052844258,
2024-06-12 17:30:00+00:00,38793.25,38808.21094,38676.39844,38771.12891,41850511,38777.80129,38766.24481,47.29595527,137.6233259,0,0.5455964371,1.267747696,
2024-06-12 18:30:00+00:00,38772.44141,38858.87891,38649.14063,38659.60938,55375615,38767.05657,38761.50546,41.55897989,148.4896763,0,0.3623671902,1.638304409,
2024-06-12 19:30:00+00:00,38659.64063,38760.55078,38621.44922,38706.82031,68971105,38761.58055,38759.07501,42.62406273,153.3649554,0,0.4277163481,1.851617009,
2024-06-13 13:30:00+00:00,38677.12109,38677.12109,38440.39844,38459.01953,0,38734.075,38745.73921,43.55295895,141.6450893,0,0.08471167104,0,
2024-06-13 14:30:00+00:00,38458.80859,38497.35156,38407.69922,38497.35156,38076624,38712.55469,38734.69976,44.00505995,140.1001674,0,0.1258168143,1.04958429,
2024-06-13 15:30:00+00:00,38497.12891,38518.37891,38415.53125,38419.89063,31277222,38685.94886,38720.70824,43.5381183,139.6928013,0,0.0171092448,0.8553503526,
2024-06-13 16:30:00+00:00,38419.58984,38593.21875,38414.5,38583.87891,25047537,38676.66978,38714.62694,49.36282614,147.1841518,1,0.2472480484,0.7027147972,1
2024-06-13 17:30:00+00:00,38584.16016,38628.76953,38560.26953,38626.80859,22421628,38672.13694,38710.7239,45.69582781,142.7257254,0,0.3074949566,0.6439567057,
2024-06-13 18:30:00+00:00,38626.94141,38712.21094,38616.16016,38646.14844,32560845,38669.77435,38707.85388,47.70353564,144.9773996,0,0.3346362161,0.9537716939,
2024-06-13 19:30:00+00:00,38644.67188,38683.82813,38615.82031,38641.21875,43173776,38667.17839,38704.89232,45.1825203,144.1422991,0,0.3277179633,1.189434812,
2024-06-14 13:30:00+00:00,38528.39063,38534.25,38305.85156,38359.60156,0,38639.21686,38689.54606,25.60384149,141.718471,0,0.06599868578,0,
2024-06-14 14:30:00+00:00,38359.96094,38520.55078,38324.35938,38512.30078,31990696,38627.67903,38681.66849,36.05054449,143.4564732,0,0.2534953882,0.9677940969,
2024-06-14 15:30:00+00:00,38512.35156,38557.67969,38481.87891,38516.42188,28083015,38617.56474,38674.3242,37.90881686,144.2050781,0,0.2585556073,0.8529972034,
2024-06-14 16:30:00+00:00,38516.46875,38595.23828,38507.03906,38556.76953,21331920,38612.03791,38669.09955,40.54593999,146.172154,0,0.3080977893,0.654215081,
2024-06-14 17:30:00+00:00,38556.75,38558.48828,38465.71875,38524.73047,22065576,38604.10087,38662.68314,40.25581611,143.3833705,0,0.2687575843,0.6887482369,
2024-06-14 18:30:00+00:00,38524.69922,38579.05859,38505.94922,38565.94922,22491377,38600.63254,38658.38386,46.07799838,133.6241629,1,0.3193693672,0.7281638701,1
2024-06-14 19:30:00+00:00,38565.53125,38591.78906,38531.96094,38590.92969,32965160,38599.75046,38655.3859,45.05503664,127.9617746,0,0.3500424483,1.013188634,
2024-06-17 13:30:00+00:00,38565.17969,38565.17969,38431.94922,38530.10938,0,38593.41945,38649.81805,53.60926561,120.2873884,0,0.2753622493,0,
2024-06-17 14:30:00+00:00,38529.98047,38653.76172,38498.98828,38631.60938,36919244,38596.89126,38649.00878,56.40547774,124.9388951,1,0.3999923257,1.254861189,1
2024-06-17 15:30:00+00:00,38631.89844,38697.71875,38579.62891,38695.96094,28553232,38605.8976,38651.09554,63.33824029,126.0276228,0,0.4790084849,0.9792671909,
2024-06-17 16:30:00+00:00,38695.87109,38711.44922,38661.66016,38694.44922,25426553,38613.94774,38653.02237,56.33708851,116.8183594,0,0.4771522718,0.8973056844,
2024-06-17 17:30:00+00:00,38695.10938,38826.67969,38694.14844,38821.71094,33287086,38632.83531,38660.51964,60.18577115,121.3920201,0,0.6334147125,1.222346039,
2024-06-17 18:30:00+00:00,38822.85156,38827.98828,38760.67188,38809.67969,34474841,38648.91207,38667.14897,58.61207797,119.3395647,0,0.6186417509,1.35156675,
2024-06-17 19:30:00+00:00,38809.69141,38839.87891,38761.23828,38782.62109,48053706,38661.06743,38672.28107,57.2770878,120.0990513,0,0.5854169764,1.721737826,
2024-06-18 13:30:00+00:00,38779.12109,38936.92969,38764.51953,38781.14844,0,38671.98389,38677.11962,80.48440131,108.4592634,0,0.5836087276,0,
2024-06-18 14:30:00+00:00,38781.89063,38808.19922,38727.67188,38765.30078,36597598,38680.46724,38681.03878,72.81077426,100.1975446,-1,0.5641496674,1.393016673,0
2024-06-18 15:30:00+00:00,38765.30078,38838.30859,38760.32031,38779.05859,28714384,38689.43009,38685.39522,73.27517568,100.3537946,0,0.5810426449,1.08538298,
2024-06-18 16:30:00+00:00,38779.33984,38798.30078,38752.39063,38779.71875,25807935,38697.63815,38689.58737,71.25302551,97.33314732,0,0.5818532393,0.9693176756,
2024-06-18 17:30:00+00:00,38779.80078,38833.69141,38766.39844,38792.85938,23172532,38706.29463,38694.17724,76.5152159,95.51339286,0,0.5979883831,0.8859548716,
2024-06-18 18:30:00+00:00,38792.69141,38808.03125,38746.98828,38786.85156,27584784,38713.61799,38698.2961,73.48014914,94.6515067,0,0.5906114951,1.087043018,
2024-06-18 19:30:00+00:00,38787.71875,38846.12109,38784.42969,38837.94922,37879195,38724.92082,38704.5029,74.87510719,94.78459821,0,0.6533534143,1.389045691,
2024-06-20 13:30:00+00:00,38804.73047,39011.67969,38778.46094,38965.60156,0,38746.80089,38716.10729,88.65190198,100.0873326,0,0.8100954966,0,
2024-06-20 14:30:00+00:00,38961.78125,38971.39063,38881.28906,38898.78125,45724520,38760.61729,38724.22613,75.26821339,95.46791295,0,0.7280480025,1.72204315,
2024-06-20 15:30:00+00:00,38898.73828,38984.05078,38887.14063,38941.03125,35157273,38777.01856,38733.86192,74.18917043,93.95507813,0,0.7799260393,1.290471145,
2024-06-20 16:30:00+00:00,38940.17969,39031.37109,38908.08984,39008.83984,28831014,38798.09322,38746.08316,77.4400971,99.20452009,0,0.8631870267,1.045282841,
2024-06-20 17:30:00+00:00,39010.08984,39215.91016,38991.28906,39215.07813,32872558,38836.00094,38766.92738,80.17342634,105.7823661,0,0.9990857388,1.16979693,
2024-06-20 18:30:00+00:00,39215.16016,39232.5,39106.60938,39155.55859,37469969,38865.05163,38784.19988,74.72923381,109.9662388,0,0.9169680721,1.322796869,
2024-06-20 19:30:00+00:00,39155.98047,39155.98047,39072.37891,39135.69141,50353411,38889.65525,38799.82172,75.50567759,110.3205915,0,0.8955282394,1.632519273,
2024-06-21 13:30:00+00:00,39208.51172,39257.17969,39061.67188,39254.51953,0,38922.82473,38820.03051,79.23862743,111.9704241,0,0.9972037448,0,
2024-06-21 14:30:00+00:00,39253.92969,39253.92969,39108.94141,39109.66016,40165254,38939.80977,38832.90294,68.34611126,116.6169085,0,0.8449330705,1.357914586,
2024-06-21 15:30:00+00:00,39109.91016,39135.21094,39083.71875,39124.30859,28800517,38956.58239,38845.8543,68.37612169,114.7243304,0,0.8603309518,0.9681715338,
2024-06-21 16:30:00+00:00,39124.05078,39168.28906,39114.94141,39132.17969,33864630,38972.54578,38858.57988,68.61702128,115.2555804,0,0.8686047467,1.137305066,
2024-06-21 17:30:00+00:00,39132.05078,39187.07813,39110.89844,39183.35938,25098471,38991.71065,38873.01452,69.82941246,115.890346,0,0.9224028907,0.8563871808,
2024-06-21 18:30:00+00:00,39182.96875,39182.96875,39133.01172,39148.44141,32556334,39005.9589,38885.25572,67.83763889,115.1263951,0,0.8856984479,1.141025581,
2024-06-21 19:30:00+00:00,39148.96094,39195.19922,39137.78125,39155.10156,75174622,39019.51733,38897.24886,66.36288519,114.8211496,0,0.8926993512,2.32801833,
2024-06-24 13:30:00+00:00,39184.48828,39503.48047,39184.48828,39466.76172,0,39060.17591,38922.56055,71.73044807,123.046875,0,0.9693404611,0,
2024-06-24 14:30:00+00:00,39467.41016,39571.23047,39466.10156,39535.21094,46818478,39103.36091,38949.78945,77.55684701,124.1202567,0,0.9715345885,1.492623221,
2024-06-24 15:30:00+00:00,39534.14063,39547.75,39476.80078,39492.28906,30075120,39138.71801,38973.90055,73.8550999,122.265904,0,0.9376144127,0.9523490424,
2024-06-24 16:30:00+00:00,39493.03906,39502.78125,39399.62891,39417.94141,26232204,39164.10196,38993.6357,67.60381088,120.828125,0,0.8788591609,0.8266559113,
2024-06-24 17:30:00+00:00,39417.71094,39425.12891,39363.14844,39416.42969,26676442,39187.04084,39012.42654,60.51727374,109.2109375,0,0.8776644841,0.8418600866,
2024-06-24 18:30:00+00:00,39416.69922,39451.14063,39410.46094,39428.44141,29439322,39208.98635,39030.91609,64.99793896,103.124442,0,0.8871570707,0.9415910654,
2024-06-24 19:30:00+00:00,39428.07813,39477.64844,39404.73047,39413.85938,47656091,39227.61117,39047.93579,65.37775494,102.3613281,0,0.875633225,1.416299626,
2024-06-25 13:30:00+00:00,39398.78906,39423.26172,39234.12109,39285.48828,0,39232.87273,39058.49368,51.69414741,101.906529,0,0.7741844865,0,
2024-06-25 14:30:00+00:00,39287.07813,39304.32813,39127.03125,39149.25,34457321,39225.27066,39062.52729,52.18638766,104.172154,0,0.6665184897,1.099920973,
2024-06-25 15:30:00+00:00,39149.35156,39161.71875,39067.80859,39067.80859,26509971,39210.95593,39062.76202,47.09411188,107.2020089,0,0.6021572096,0.8493781242,
2024-06-25 16:30:00+00:00,39068.48047,39112.98828,38997.23047,39112.92969,22051645,39202.04445,39064.99169,49.04647653,111.6598772,0,0.6378153777,0.7189974606,
2024-06-25 17:30:00+00:00,39113.39063,39162,39087.26953,39161.33984,21066503,39198.34403,39069.27383,48.90629062,111.5563616,0,0.6760728166,0.7057498256,
2024-06-25 18:30:00+00:00,39161.03906,39165.76172,39103.46094,39148.37891,24244262,39193.80175,39072.78961,49.9968264,112.4101563,0,0.6658300842,0.8493538672,
2024-06-25 19:30:00+00:00,39149.32031,39149.32031,39084.96875,39116.58984,39721179,39186.78248,39074.73629,48.09313265,112.9054129,0,0.6407079154,1.301036187,
2024-06-26 13:30:00+00:00,39063.14844,39063.14844,38908.98828,38974.69922,57514793,39167.50219,39070.2902,20.71219984,102.8498884,0,0.5285750007,1.831804092,
2024-06-26 14:30:00+00:00,38974.53125,39083.89844,38966.71875,39063.46094,41479019,39158.04389,39069.98668,22.5841309,103.7106585,1,0.5927650149,1.294931682,1
2024-06-26 15:30:00+00:00,39063.26953,39160.66016,39056.28906,39151.94922,31632306,39157.48983,39073.62946,31.21590914,106.0979353,0,0.631977398,0.9909806921,
2024-06-26 16:30:00+00:00,39152.23047,39170.55859,39111.71094,39146.28906,25989908,39156.47158,39076.85877,33.7768799,102.9333147,0,0.6270092163,0.8130796224,
2024-06-26 17:30:00+00:00,39146.03125,39171.64063,39129.44141,39162.46094,29147364,39157.01607,39080.66331,35.09395376,101.5203683,1,0.6412040212,0.9167473034,1
2024-06-26 18:30:00+00:00,39163.07813,39180.80859,39127.10938,39130.10938,29971753,39154.57,39082.86092,32.89847868,102.4503348,-1,0.6128075541,1.014815678,0
2024-06-26 19:30:00+00:00,39130.23047,39183.73828,39111.35156,39126.57813,40048471,39152.02529,39084.8039,33.32063285,102.4123884,0,0.6097080122,1.269904218,
2024-06-27 13:30:00+00:00,39107.10156,39192.23828,39049,39187.07031,0,39155.2112,39089.34908,43.79699341,99.13364955,1,0.6628048111,0,1
2024-06-27 14:30:00+00:00,39185.85938,39250.69141,39164.73828,39186.98828,35516490,39158.10002,39093.6886,52.87134951,92.60909598,0,0.6416460833,1.205266345,
2024-06-27 15:30:00+00:00,39186.76953,39247.32813,39168.05859,39224.48047,37607654,39164.13461,39099.50157,62.77487578,91.56333705,0,0.6503131771,1.252064091,
2024-06-27 16:30:00+00:00,39223.42969,39248.48828,39182.17188,39244.01172,30825113,39171.39617,39105.92424,61.15376689,88.03180804,0,0.6402490874,1.019215565,
2024-06-27 17:30:00+00:00,39243.82031,39245.62109,39046.16016,39046.39063,27492392,39160.03203,39103.2783,42.19968509,96.94112723,0,0.4016068907,0.9119562831,
2024-06-27 18:30:00+00:00,39044.80078,39129.32031,39026.75,39125.83984,30287349,39156.92364,39104.28104,48.5971174,99.81752232,0,0.4720098541,1.034468486,
2024-06-27 19:30:00+00:00,39126.75,39176.21875,39126.28906,39176.21875,45934896,39158.67775,39107.47827,53.62749338,98.81947545,0,0.5317317354,1.4547906,
2024-06-28 13:30:00+00:00,39092.39063,39427.32031,39092.16016,39354.60156,0,39176.489,39118.46153,72.12865588,107.9308036,0,0.7431963733,0,
2024-06-28 14:30:00+00:00,39355.85938,39443.60156,39238.57031,39258.5,56699022,39183.94455,39124.68546,61.26437093,114.2059152,0,0.6292723812,1.807917709,
2024-06-28 15:30:00+00:00,39259.14063,39307.94141,39142.26172,39199.17969,46169954,39185.32956,39127.99631,52.82287625,118.5851004,0,0.5486147313,1.417673,
2024-06-28 16:30:00+00:00,39199.07813,39215.10938,39148.96875,39154.44141,40641048,39182.52155,39129.17165,50.46550532,119.1060268,0,0.4943366539,1.211496688,
2024-06-28 17:30:00+00:00,39154.05078,39155.26172,39055.03906,39056.14844,33246730,39171.03308,39125.92618,44.44997308,123.250558,0,0.3750841208,0.9779522281,
2024-06-28 18:30:00+00:00,39056.07813,39063.46875,38993,39033.82813,41346426,39158.5599,39121.83293,44.92045174,124.4483817,0,0.3480043222,1.213304505,
2024-06-28 19:30:00+00:00,39033.62891,39133.82813,38937.14844,39116.89063,83503487,39154.77179,39121.61327,49.52848125,133.3264509,1,0.4268954269,2.360391213,1
2024-07-01 13:30:00+00:00,39186.19922,39438.35938,39162.75,39191.32031,0,39158.09438,39124.71136,50.20409082,146.0571987,0,0.5207810829,0,
2024-07-01 14:30:00+00:00,39194.01953,39200.85938,39037.94141,39146.48047,43490444,39157.03857,39125.67888,48.13493234,151.5546875,-1,0.3843680113,1.283058183,0
2024-07-01 15:30:00+00:00,39148.41016,39193.33984,39113.48828,39191.87891,30352492,39160.20587,39128.6211,48.50980252,151.5962612,0,0.4454652909,0.8897357018,
2024-07-01 16:30:00+00:00,39192.92188,39215.66016,39162.48828,39184.33984,31560570,39162.39987,39131.09749,47.24220104,150.6573661,0,0.4165783087,0.9218879262,
2024-07-01 17:30:00+00:00,39184.30078,39197.71875,39151.01953,39154.89844,26850424,39161.71792,39132.15531,55.93785538,139.7458147,0,0.3713296448,0.7878958086,
2024-07-01 18:30:00+00:00,39154.76953,39154.76953,39072.83984,39095.32031,31080952,39155.68178,39130.5182,48.29275541,138.280692,0,0.2813653898,0.9241956729,
2024-07-01 19:30:00+00:00,39095.48047,39191.64063,39090.92188,39162.03906,38510257,39156.25971,39131.91913,49.22103673,141.8763951,0,0.3821121427,1.083093989,
2024-07-02 13:30:00+00:00,39108.25,39208.53906,39085.69141,39151.67969,0,39155.84335,39132.79737,36.32861023,126.7112165,0,0.3664692628,0,
2024-07-02 14:30:00+00:00,39151.89063,39173.32031,39104.53125,39172.28125,42266062,39157.3377,39134.55221,43.53334115,116.9796317,0,0.3975780669,1.242648693,
2024-07-02 15:30:00+00:00,39172.26172,39192.05078,39094.39844,39126.83984,28672533,39154.56517,39134.20944,44.45893948,112.1205357,0,0.3289605625,0.8456664202,
2024-07-02 16:30:00+00:00,39127.41016,39163.57031,39091.57031,39158.55859,25791873,39154.92821,39135.29162,50.3217849,112.5390625,0,0.3768565597,0.7626168151,
2024-07-02 17:30:00+00:00,39158.32813,39278.19922,39154.42188,39270.05078,26342367,39165.3939,39141.28092,66.37990344,114.2215402,0,0.5452121698,0.7834632584,
2024-07-02 18:30:00+00:00,39270.19141,39293.46094,39252.03125,39286.69141,26270003,39176.42094,39147.74361,69.5333104,112.1473214,0,0.5703398728,0.8048473817,
2024-07-02 19:30:00+00:00,39286.83984,39340.48828,39281.25,39333.82813,36318806,39190.73069,39156.01403,67.74290424,102.3300781,0,0.6415173358,1.054073346,
2024-07-03 13:30:00+00:00,39358.94922,39411.17188,39293.53906,39333.42188,0,39203.70261,39163.89882,63.2233628,87.7703683,0,0.6409038895,0,
2024-07-03 14:30:00+00:00,39332.23047,39350.71875,39243.82031,39254.73828,37366985,39208.34222,39167.93613,59.47707501,83.76897321,0,0.5220899643,1.198405977,
2024-07-03 15:30:00+00:00,39254.53906,39313.96094,39230.85938,39265.60156,35936478,39213.54761,39172.27682,56.86915378,84.00111607,0,0.5582884365,1.161288673,
2024-07-05 13:30:00+00:00,39313.39844,39335.51172,39168.69922,39202.08984,0,39212.506,39173.60184,51.49765332,92.11830357,-1,0.4936090151,0,0
2024-07-05 14:30:00+00:00,39200.78906,39322.48828,39190.71094,39288.01172,35899983,39219.37015,39178.68673,60.25408785,98.1953125,0,0.6665201234,1.237474469,
2024-07-05 15:30:00+00:00,39287.96094,39346.82031,39260.5,39261.41016,30043743,39223.19197,39182.36332,63.47918159,98.49972098,0,0.6197407558,1.140712537,
2024-07-05 16:30:00+00:00,39261.37891,39276.10156,39222.05859,39259.98828,21718301,39226.53709,39185.81332,58.89152867,95.16573661,0,0.6172403608,0.7919562052,
2024-07-05 17:30:00+00:00,39260.05078,39339.87891,39260.05078,39320.92969,23782038,39235.11824,39191.81849,64.07173571,92.09737723,0,0.7705409138,0.8995334017,
2024-07-05 18:30:00+00:00,39321.19141,39381.01172,39313.07031,39340.69922,22684335,39244.71651,39198.43541,64.02195901,92.03683036,0,0.8075200386,0.8706398677,
2024-07-05 19:30:00+00:00,39340.67188,39399.62109,39338.78906,39370.92969,39835826,39256.19043,39206.10183,70.85026727,89.40680804,0,0.8640664616,1.505024966,
2024-07-08 13:30:00+00:00,39391.98047,39654.96094,39391.98047,39536.25,0,39281.65039,39220.77508,76.26718972,104.5518973,0,0.840864224,0,
2024-07-08 14:30:00+00:00,39534.19922,39558.87891,39418.12891,39421.46094,41200269,39294.36044,39229.69445,60.48200851,105.7642299,0,0.6869858459,1.60737673,
2024-07-08 15:30:00+00:00,39421.71875,39427.92969,39289.76172,39323.75,33703482,39297.03222,39233.8747,52.30662251,112.6741071,0,0.5560012358,1.327344872,
2024-07-08 16:30:00+00:00,39323.91016,39353.55859,39278.42969,39291.53125,27627665,39296.53213,39236.43721,47.31751789,113.8091518,0,0.5128109798,1.031921203,
2024-07-08 17:30:00+00:00,39291.64063,39349.28125,39290.44141,39332.73047,27934706,39299.82289,39240.71691,49.95830801,109.609654,0,0.5680398389,1.072083301,
2024-07-08 18:30:00+00:00,39332.87891,39341.92969,39289.71094,39335,33573624,39303.02081,39244.90727,55.33109507,105.7039621,0,0.5542555507,1.276489672,
2024-07-08 19:30:00+00:00,39334.76172,39349.41016,39305.67188,39342.33984,45744563,39306.59527,39249.23761,55.12103312,102.8922991,0,0.5644808446,1.675676657,
2024-07-09 13:30:00+00:00,39357.37109,39357.37109,39146.60156,39192.21094,0,39296.19669,39246.70309,49.40905968,106.0320871,-1,0.3553330431,0,0
2024-07-09 14:30:00+00:00,39192.25,39273.82813,39184.67188,39252.32813,41344785,39292.20864,39246.95309,47.79746835,102.9877232,0,0.4390835873,1.546421531,
2024-07-09 15:30:00+00:00,39252.35938,39366.62891,39241.98047,39366.62891,34704957,39298.97412,39252.27201,55.86008546,105.7254464,0,0.5983184589,1.302001265,
2024-07-09 16:30:00+00:00,39366.41016,39492.28125,39361.80859,39413.26172,30764983,39309.3639,39259.42711,58.12717481,111.1847098,0,0.6632836308,1.091214705,
2024-07-09 17:30:00+00:00,39413.03125,39425.60938,39308.21875,39308.71094,30200792,39309.30454,39261.61751,49.38075102,113.8632813,0,0.5176316935,1.084992393,
2024-07-09 18:30:00+00:00,39309.01172,39330.83984,39248.10938,39307.98047,31411055,39309.18417,39263.67808,48.30917679,114.9196429,0,0.5166140618,1.137720792,
2024-07-09 19:30:00+00:00,39308.03906,39325.55078,39280.42969,39295.80859,46348674,39307.96821,39265.1061,46.04409484,113.797433,0,0.4996571615,1.54876633,
2024-07-10 13:30:00+00:00,39272.44922,39326.01172,39261.12891,39264.19141,0,39303.9885,39265.06545,33.32519309,98.14397321,0,0.455610579,0,
2024-07-10 14:30:00+00:00,39263.66016,39368.92969,39256.71875,39367.89063,37602746,39309.79778,39269.63546,46.67135922,96.10546875,1,0.6000761863,1.318971598,1
2024-07-10 15:30:00+00:00,39367.98047,39489.48047,39366.12109,39469.48047,33866891,39324.31439,39278.51746,59.0116574,95.04771205,0,0.7416031781,1.16314839,
2024-07-10 16:30:00+00:00,39470.92969,39528.67188,39442.28906,39488.03906,28415203,39339.19845,39287.82953,62.36043952,95.8515625,0,0.7674575533,0.968208479,
2024-07-10 17:30:00+00:00,39489.62109,39517.25,39467.62891,39487.48047,25576005,39352.67864,39296.70291,60.25832246,95.19308036,0,0.7666793644,0.8671945424,
2024-07-10 18:30:00+00:00,39487.62109,39556.53906,39484.98047,39543.48828,31169910,39370.02497,39307.67114,62.90144018,96.57449777,0,0.8447050501,1.072623183,
2024-07-10 19:30:00+00:00,39544.03906,39736.19922,39541.64063,39714.39844,43592759,39401.33165,39325.74791,69.14720392,107.3473772,0,0.9727166511,1.395452635,
2024-07-11 13:30:00+00:00,39695.17969,39875.60156,39623.12109,39741.03906,0,39432.21414,39344.2053,82.35686979,110.3267299,0,0.856612444,0,
2024-07-11 14:30:00+00:00,39741.51953,39860.17969,39725.80859,39824.44141,49569888,39467.87116,39365.54912,82.82833717,113.5563616,0,0.9454845907,1.653847816,
2024-07-11 15:30:00+00:00,39821.85938,39841.46094,39732.46875,39771.60156,39057568,39495.48302,39383.5959,75.00108519,112.438058,0,0.8891793343,1.278733138,
2024-07-11 16:30:00+00:00,39771.35938,39791.92188,39702.23047,39773.39063,27632423,39520.74735,39400.92011,73.53579397,109.5251116,0,0.8910857295,0.9051251808,
2024-07-11 17:30:00+00:00,39773.66016,39808.48828,39730.85938,39746.91016,26044761,39541.3076,39416.29744,81.89240978,106.6849888,-1,0.8463679987,0.8637707976,0
2024-07-11 18:30:00+00:00,39747.42969,39791.85938,39731.12109,39736.71094,28908536,39559.07154,39430.53804,80.77904596,105.1141183,0,0.8341921554,0.9862827495,
2024-07-11 19:30:00+00:00,39736.64063,39783.07031,39721.14063,39757.78906,46453226,39577.13677,39445.08253,82.7473349,106.3147321,1,0.8532410088,1.46849325,1
2024-07-12 13:30:00+00:00,39783.28125,39961.26172,39783.28125,39952.53906,0,39611.26425,39467.63616,89.62835695,116.2140067,0,0.9901818534,0,
2024-07-12 14:30:00+00:00,39952.07813,40095.19141,39914.67188,40092.01172,38081411,39654.96857,39495.38618,90.03866174,121.093192,0,0.9968898297,1.280699981,
2024-07-12 15:30:00+00:00,40090.75,40098.98828,40028.62109,40051.78125,29300262,39691.04245,39520.11485,84.540774,117.3080357,0,0.953995904,0.9878178037,
2024-07-12 16:30:00+00:00,40052.76953,40169.28906,40037.35156,40169.28906,29953650,39734.51941,39548.96704,86.16486534,120.561942,0,1,1.010266756,
2024-07-12 17:30:00+00:00,40169.55859,40257.23828,40156.35156,40195.26172,31304462,39776.40508,39577.69125,86.58611443,124.2237723,0,0.9470985209,1.05601632,
2024-07-12 18:30:00+00:00,40195.83984,40208.89063,40159.12891,40185.16016,28296831,39813.56463,39604.68987,84.82142857,122.6668527,0,0.9381658183,0.9845346178,
2024-07-12 19:30:00+00:00,40185.46875,40185.46875,39977.71875,40013.76953,44102763,39831.76507,39622.87118,66.23742028,123.609096,0,0.7911337049,1.425130895,
2024-07-15 13:30:00+00:00,40138.39844,40285.62109,40136.10156,40165.80078,0,39862.13196,39647.00139,70.27993808,124.9927455,0,0.8996522473,0,
2024-07-15 14:30:00+00:00,40163.73047,40319.91016,40158.92969,40272.51953,36711019,39899.43992,39674.80219,70.92722868,126.8934152,0,0.9596094112,1.256859354,
2024-07-15 15:30:00+00:00,40257.98047,40351.10156,40250.01172,40280.75,35748119,39934.10447,39701.73321,74.81343568,126.3289621,0,0.9415927252,1.208720266,
2024-07-15 16:30:00+00:00,40280.82813,40280.82813,40173.53906,40195.87109,26826648,39957.90144,39723.69489,69.04707395,127.5859375,-1,0.8711245589,0.9051524686,0
2024-07-15 17:30:00+00:00,40195.87891,40235.30078,40136.82031,40235.30078,25545199,39983.11956,39746.43293,71.76443965,129.0753348,0,0.9038598744,0.8701725228,
2024-07-15 18:30:00+00:00,40235.21094,40333.53125,40228.44141,40299.10938,25147714,40011.84591,39770.99633,73.91960233,132.2433036,0,0.9568350457,0.8844171024,
2024-07-15 19:30:00+00:00,40298.75,40308.42969,40139.80859,40222.19922,41183629,40030.96893,39791.04979,68.85648396,139.8641183,0,0.8929826951,1.350574932,
2024-07-16 13:30:00+00:00,40263.78125,40766.26953,40263.78125,40748.83984,68083643,40096.22993,39833.61824,75.46819053,164.1925223,0,0.989238728,2.166951241,
2024-07-16 14:30:00+00:00,40747.10938,40849.67969,40719.46094,40809.75,34566287,40161.09539,39877.00187,74.17015041,160.5996094,0,0.9765544006,1.108088115,
2024-07-16 15:30:00+00:00,40810.80078,40810.80078,40696.25,40793.32031,33394619,40218.57038,39917.72714,75.37846986,163.7555804,0,0.9669073461,1.060731251,
2024-07-16 16:30:00+00:00,40792.05078,40851.48047,40768.21094,40769.05859,29389328,40268.61476,39955.56409,71.92597141,160.2792969,0,0.9516552908,0.9285766579,
2024-07-16 17:30:00+00:00,40768.76953,40887.94922,40758.55078,40864.35156,25950091,40322.77265,39995.95464,73.28021833,162.3158482,1,0.9864486243,0.8237615474,1
2024-07-16 18:30:00+00:00,40863.67969,40954.55859,40859.46094,40947.55859,27766837,40379.57138,40038.24815,75.24263055,165.5541295,0,0.9961282266,0.9083740217,
2024-07-16 19:30:00+00:00,40947.08984,40988.80859,40908.80859,40956.30859,35767724,40432.00203,40079.05084,84.97362013,156.4291295,0,0.9823581175,1.105442915,
2024-07-17 13:30:00+00:00,40862.57031,41135.87891,40849.71094,41117.39063,115438935,40494.31009,40125.19927,85.07387475,157.4517299,0,0.9907060314,3.186817909,
2024-07-17 14:30:00+00:00,41116.35938,41116.35938,41017.62891,41099.05078,50296299,40549.28651,40168.48156,82.58750909,153.0789621,0,0.9814866815,1.349378052,
2024-07-17 15:30:00+00:00,41099.12109,41190.08984,41071.51953,41157.80859,37111145,40604.6067,40212.45165,83.25468694,154.327567,0,0.98420287,0.9861706627,
2024-07-17 16:30:00+00:00,41156.82031,41211.12109,41098.32813,41145.28125,37923762,40653.75893,40253.91075,88.08769373,154.7207031,0,0.9681088782,0.998978793,
2024-07-17 17:30:00+00:00,41145.17969,41202.23828,41111.23047,41198.78125,32483482,40703.30642,40295.90499,88.22067333,154.186942,1,0.994022898,0.8509797576,0
2024-07-17 18:30:00+00:00,41198.69141,41221.98047,41154.26953,41205.98047,38159918,40749.00406,40336.35279,87.66674779,151.5170201,0,0.9922905644,1.007530039,
2024-07-17 19:30:00+00:00,41205.92969,41220.23047,41139.76172,41196.12891,53683026,40789.65177,40374.56506,92.83834121,145.2204241,0,0.9875436903,1.323582842,
2024-07-18 13:30:00+00:00,41156.55859,41376,41045.92969,41367.89844,0,40842.21965,40418.71321,89.58788176,129.9347098,1,0.996366032,0,0
2024-07-18 14:30:00+00:00,41368.07813,41368.07813,41051.66016,41056.92188,63489954,40861.73803,40447.07804,61.97601617,143.234654,-1,0.8543905309,1.582879627,1
2024-07-18 15:30:00+00:00,41058.12109,41082.64063,40838.67969,40846.82031,46137662,40860.38188,40464.84436,52.18257383,152.4782366,0,0.7520267834,1.12322777,
2024-07-18 16:30:00+00:00,40846.94922,40938.98047,40839.87891,40929.73828,34441696,40866.68701,40485.50632,56.25566499,153.609096,0,0.7902797665,0.8295048825,
2024-07-18 17:30:00+00:00,40930.03125,40946.44922,40724.01953,40724.01953,30207137,40853.71724,40496.1069,44.96909336,160.2541853,-1,0.6936024525,0.7231127373,1
2024-07-18 18:30:00+00:00,40723.94141,40759.92188,40597.5,40634.39063,35191389,40833.77845,40502.25285,38.82437892,165.063058,0,0.6514814407,0.8485138767,
2024-07-18 19:30:00+00:00,40634.19922,40767.10938,40624.44141,40660,43677760,40817.98041,40509.26383,39.55173924,169.5393415,0,0.6621496085,1.085057882,
2024-07-19 13:30:00+00:00,40592.35156,40626.16016,40362.85938,40369.80078,0,40777.23681,40503.06547,25.83895752,170.3231027,0,0.5252167598,0,
2024-07-19 14:30:00+00:00,40368.96875,40422.05859,40240.92188,40240.92969,38258477,40728.48162,40491.41499,24.11600719,176.1356027,0,0.4644078918,0.9868385143,
2024-07-19 15:30:00+00:00,40239.07031,40412.71094,40216.32031,40322.75,31237981,40691.59692,40483.91877,25.15728971,181.6941964,0,0.475963454,0.8038354487,
2024-07-19 16:30:00+00:00,40322.67969,40332.71875,40203.26953,40229.69141,26387115,40649.60551,40472.61978,24.00698201,182.8839286,0,0.4071975436,0.6786283171,
2024-07-19 17:30:00+00:00,40229.89844,40321.53125,40203.57813,40270.26172,23629658,40615.11971,40463.62609,23.44496752,184.8085938,0,0.4205852914,0.6109619063,
2024-07-19 18:30:00+00:00,40270.53125,40387.07813,40236.19141,40344.17188,30303879,40590.48809,40458.31701,26.25876752,190.749721,0,0.4543535337,0.7891026119,
2024-07-19 19:30:00+00:00,40346.10156,40352.55078,40230.78125,40290.62109,45540059,40563.22746,40450.86386,25.64140824,193.6997768,0,0.4083062888,1.304572962,
2024-07-22 13:30:00+00:00,40414.48828,40461.69141,40222.76953,40362.07031,0,40544.94044,40446.91748,21.39905719,187.1891741,0,0.4215631873,0,
2024-07-22 14:30:00+00:00,40360.5,40472.53125,40309.03125,40309.35938,39641509,40523.52398,40440.80379,25.08319663,176.2664621,0,0.3627314842,1.218998967,
2024-07-22 15:30:00+00:00,40309.32031,40318.32031,40249.94141,40280.57031,28440422,40501.43728,40433.6823,28.53169596,163.7248884,0,0.3455313488,0.8874997152,
2024-07-22 16:30:00+00:00,40280.23047,40424.03906,40254.46875,40388.39844,25169883,40491.16103,40431.66968,29.85659509,168.7583705,1,0.409953674,0.7945069861,1
2024-07-22 17:30:00+00:00,40387.96875,40419.44922,40348.41016,40374.32031,26420460,40480.53914,40429.12082,34.82306031,157.9447545,0,0.394704044,0.8497263733,
2024-07-22 18:30:00+00:00,40373.96094,40442.62891,40373.96094,40425.53125,29443446,40475.53843,40428.96128,40.62280776,151.2480469,1,0.4256498381,0.9853592765,1
2024-07-22 19:30:00+00:00,40425.39063,40450.51953,40386.57031,40413.82813,43766324,40469.9284,40428.2887,38.80782564,145.625279,0,0.4185778625,1.364744635,
2024-07-23 13:30:00+00:00,40443.73047,40499.80078,40324.69141,40457.12109,0,40468.7641,40429.57014,55.11936169,136.9087612,0,0.4230752251,0,
2024-07-23 14:30:00+00:00,40456.69922,40500.96094,40335.60938,40468.01953,35287681,40468.69641,40431.279,65.45099853,135.78125,0,0.3786607859,1.244616872,
2024-07-23 15:30:00+00:00,40467.66016,40527.89063,40379.85156,40420.25,29542041,40464.29219,40430.78882,56.95613399,132.327567,0,0.3164822885,1.051046594,
2024-07-23 16:30:00+00:00,40420.12891,40439.39063,40354.62891,40415.46094,21834778,40459.85299,40430.10758,65.16360251,129.1356027,0,0.3130573248,0.7885824495,
2024-07-23 17:30:00+00:00,40414.85156,40494.82813,40377.60156,40458.35938,20487359,40459.7172,40431.36322,65.29550407,129.0837054,1,0.3437367304,0.7601017823,1
2024-07-23 18:30:00+00:00,40458.46094,40484.32031,40439.71875,40469.55078,24453889,40460.61116,40433.06044,61.35349091,121.4919085,0,0.3517404179,0.940814698,
2024-07-23 19:30:00+00:00,40469.39844,40469.39844,40319.69922,40359.73047,37377132,40451.44019,40429.80133,55.67932305,123.4977679,0,0.2732009163,1.341552407,
2024-07-24 13:30:00+00:00,40210.62891,40258.44141,39947.37891,40016.73047,0,40411.92113,40411.44263,30.37798247,135.8856027,0,0.04854440607,0,
2024-07-24 14:30:00+00:00,40016.82813,40089.69141,39950.60156,39989.14063,43638291,40373.48654,40392.67365,31.27067683,134.1420201,0,0.02923218685,1.642501076,
2024-07-24 15:30:00+00:00,39989.55078,40087.85156,39983.01172,40056.21094,39777326,40344.6433,40377.71975,37.43986284,136.7463728,0,0.07617977344,1.460377198,
2024-07-24 16:30:00+00:00,40056.71875,40080.91016,39995.71094,40025.46094,31818148,40315.62672,40362.06381,27.76288581,130.7198661,0,0.05465552174,1.150866164,
2024-07-24 17:30:00+00:00,40025.73047,40073.62109,39976.91016,39995.17969,31759479,40286.49517,40345.75784,27.22237867,132.5535714,0,0.03345938364,1.145728015,
2024-07-24 18:30:00+00:00,39994.87891,40008.53125,39904.53906,39916.92188,36085653,40252.8976,40326.69847,20.40602953,135.0767299,0,0.008415318534,1.324380665,
2024-07-24 19:30:00+00:00,39916.23047,39953.26172,39807.44922,39862.46094,58753551,40217.40336,40306.06569,19.43879098,140.9241071,0,0.0350716849,1.946457074,
2024-07-25 13:30:00+00:00,39828.62891,40075.67188,39817.5,40066.57813,0,40203.69197,40295.4218,31.62832919,146.8571429,1,0.1652027523,0,1
2024-07-25 14:30:00+00:00,40066.05859,40186.67969,39956.82031,40113.41016,50842959,40195.48454,40287.33239,33.86420192,151.4648438,0,0.1950596316,1.733898227,
2024-07-25 15:30:00+00:00,40112.92188,40376.08984,40077.64844,40356.82813,38569190,40210.15213,40290.42109,47.55028879,162.2078683,0,0.3502461717,1.285944635,
2024-07-25 16:30:00+00:00,40356.55859,40438.82031,40264.64844,40273.19141,30706932,40215.88298,40289.65533,44.82024968,168.594308,0,0.2969251573,1.016543172,
2024-07-25 17:30:00+00:00,40272.35156,40285.05078,40179.01172,40189.32031,25760004,40213.46819,40285.19599,40.48859305,167.7952009,0,0.2434547216,0.85800794,
2024-07-25 18:30:00+00:00,40189.21875,40225.12891,40032.48828,40202.75,30934851,40212.49381,40281.53173,40.58262762,178.3694196,0,0.2520165658,1.052869654,
2024-07-25 19:30:00+00:00,40202.44922,40211.19141,39929.12109,39940.10156,47534134,40187.73088,40266.35705,36.63060009,187.8136161,0,0.08457000266,1.496752935,
2024-07-26 13:30:00+00:00,40140.85938,40610.37891,40140.85938,40566.80078,0,40222.19178,40279.71011,64.84219535,206.2368862,0,0.4841102829,0,
2024-07-26 14:30:00+00:00,40566.83984,40588.92969,40403.03906,40547.96875,36875331,40251.80787,40291.63271,65.15010315,209.5797991,0,0.4721042762,1.214584454,
2024-07-26 15:30:00+00:00,40548.14844,40731.28906,40536.17188,40667.32031,32922543,40289.58172,40308.32994,66.11077471,216.0281808,0,0.5481946163,1.064943066,
2024-07-26 16:30:00+00:00,40668.35156,40753.82813,40601.80078,40749.46875,28800413,40331.38964,40327.93611,68.5835118,220.8016183,0,0.600566805,0.9192454955,
2024-07-26 17:30:00+00:00,40748.73828,40752.55859,40557.07813,40614.58984,28033177,40357.13511,40340.67628,65.08856033,227.8565848,0,0.5145772994,0.8896750635,
2024-07-26 18:30:00+00:00,40615.32813,40663.73047,40531.25,40634.37891,27827269,40382.33909,40353.72973,67.98937498,229.8914621,0,0.5271934434,0.896729266,
2024-07-26 19:30:00+00:00,40634.96094,40634.96094,40516.98828,40593.60938,42311746,40401.54548,40364.39104,68.45941127,227.9029018,-1,0.5012015968,1.276466773,1
2024-07-29 13:30:00+00:00,40665.71094,40682.48828,40444.92188,40482.82031,0,40408.9341,40369.65457,61.02865683,226.4310826,0,0.4305701172,0,
2024-07-29 14:30:00+00:00,40484.62109,40521.76953,40388.82813,40500.87891,33310291,40417.29272,40375.48676,60.42524121,219.5083705,0,0.4443270817,1.087069472,
2024-07-29 15:30:00+00:00,40502,40645.39844,40422.71094,40596.87109,25979377,40433.61803,40385.32606,57.01513052,214.0973772,0,0.6190614767,0.8559829221,
2024-07-29 16:30:00+00:00,40596.60938,40644.55078,40571.96094,40584.57031,20565994,40447.34096,40394.18136,59.49581514,206.8415179,0,0.6822836644,0.6903501493,
2024-07-29 17:30:00+00:00,40579.16016,40597.46094,40548.69922,40574.76953,24805756,40458.92538,40402.2075,62.31083054,202.750279,0,0.6736789399,0.8487368213,
2024-07-29 18:30:00+00:00,40574.73828,40604.37109,40545.05078,40584.94922,23866440,40470.38209,40410.32936,62.23242393,193.2273996,1,0.8101826412,0.8684288552,1
2024-07-29 19:30:00+00:00,40584.26172,40634.69922,40524,40542.55859,39418991,40476.94359,40416.20621,72.44656481,180.9866071,0,0.7660101029,1.338357036,
2024-07-30 13:30:00+00:00,40622.12891,40780.42188,40608.51953,40689.03125,0,40496.22429,40428.33177,57.09195908,150.0998884,0,0.906070716,0,
2024-07-30 14:30:00+00:00,40689.26172,40752.35156,40552.33984,40601.89063,40355300,40505.83032,40436.0455,52.89883072,151.1085379,-1,0.8165094889,1.494617079,1
2024-07-30 15:30:00+00:00,40602.05078,40630.35156,40541.71094,40620.33984,32008543,40516.24027,40444.23636,47.16698467,143.5030692,0,0.8354711921,1.182632264,
2024-07-30 16:30:00+00:00,40620.94141,40664.37891,40529.10156,40592.12891,35506370,40523.13924,40450.80936,39.85195785,142.3066406,-1,0.806476608,1.288665258,1
2024-07-30 17:30:00+00:00,40593.60156,40761.96875,40584.30859,40701.78906,26699270,40539.38013,40461.96401,55.81325097,141.0337612,0,0.9191829164,0.976526969,
2024-07-30 18:30:00+00:00,40701.44141,40708.85938,40632.51172,40689.98047,30745905,40553.07107,40472.09808,53.74661767,137.0242746,0,0.9070463022,1.160151216,
2024-07-30 19:30:00+00:00,40687.60938,40866.25,40670.12891,40736.87891,49878902,40569.78088,40483.86611,59.57489022,142.6063058,1,0.8778135641,1.72022427,1
2024-07-31 13:30:00+00:00,40768.87891,40881.21875,40655.89063,40864.57813,0,40596.58063,40500.78665,74.94945266,141.7321429,0,0.9845026102,0,
2024-07-31 14:30:00+00:00,40865.01953,40979.51953,40820.10938,40953.87109,40642803,40629.06158,40520.92373,77.08321656,143.6227679,0,0.9781169805,1.475889963,
2024-07-31 15:30:00+00:00,40954.48047,41000.48047,40931.25,40986.37891,30179304,40661.54497,40541.61063,75.20066721,132.6615513,0,0.9881800561,1.093184821,
2024-07-31 16:30:00+00:00,40986.35156,41053.14844,40978.19141,41002.60938,28796599,40692.55083,40562.09946,76.90976937,132.8306362,0,0.959429161,1.041658831,
2024-07-31 17:30:00+00:00,41002.41016,41071.80078,40905.26172,41039.28906,32701565,40724.07248,40583.30789,78.90165122,141.2433036,0,0.9742858555,1.172575792,
2024-07-31 18:30:00+00:00,41038.48828,41198.62891,40837.82813,40864.39844,45504984,40736.82939,40595.8008,64.42941108,162.7776228,0,0.7597503243,1.622378256,
2024-07-31 19:30:00+00:00,40863.12891,41011.44922,40814.60938,40843.51953,55772733,40746.52849,40606.81052,65.89324466,168.9305246,0,0.7447422657,1.808632874,
2024-08-01 13:30:00+00:00,40916.96094,41096.66016,40600.35938,40600.35938,74279606,40733.24039,40606.52381,45.75125965,187.390346,0,0.5699552426,2.258739626,
2024-08-01 14:30:00+00:00,40599.33984,40614.19922,40324.98047,40331.82813,51115373,40696.74837,40594.31511,38.97612685,193.7622768,0,0.3769311117,1.49713083,
2024-08-01 15:30:00+00:00,40332.23047,40434.60156,40282.03906,40377.64844,44987179,40667.73928,40584.68548,40.30993727,198.328125,0,0.4098674124,1.272143804,
2024-08-01 16:30:00+00:00,40377.66016,40378.17969,40219.85938,40253.85938,37592382,40630.11384,40569.9821,37.4514924,199.9740513,-1,0.3208860511,1.044157061,1
2024-08-01 17:30:00+00:00,40250.92969,40263.26172,40117.85156,40140.76172,40303271,40585.62728,40550.90564,29.24097141,197.6704799,0,0.2395898265,1.094470294,
2024-08-01 18:30:00+00:00,40137.07031,40221.05859,40098.57031,40211.10938,48695535,40551.5802,40535.80358,33.01663827,200.9662388,0,0.2901567352,1.305920612,
2024-08-01 19:30:00+00:00,40210.48047,40352.80859,40200.25,40336.76953,64897636,40532.05196,40526.95762,36.56075659,197.8546317,0,0.3804830657,1.601099722,
2024-08-02 13:30:00+00:00,40075.32813,40075.32813,39605.30859,39621.53906,0,40449.27806,40486.7168,20.0633695,234.0069754,0,0.01018656991,0,
2024-08-02 14:30:00+00:00,39621.57031,39649.42969,39358.67969,39393.25,114997107,40353.27551,40438.11827,14.77333446,243.3883929,0,0.01878873186,2.695360962,
2024-08-02 15:30:00+00:00,39393.35156,39624.48828,39387.57813,39618.51172,86044852,40286.4788,40401.69132,21.5958755,255.3655134,0,0.1412169578,1.903994677,
2024-08-02 16:30:00+00:00,39618.48047,39651.57031,39489.26172,39499.07813,61049269,40214.89692,40361.57517,20.06194445,261.6049107,0,0.07630560456,1.301433484,
2024-08-02 17:30:00+00:00,39499.30078,39582.12109,39419.69922,39582.12109,52529315,40157.37184,40326.93277,21.51112795,261.3108259,0,0.1214388984,1.094396736,
2024-08-02 18:30:00+00:00,39581.14844,39672.98828,39539.64063,39654.64063,67419189,40111.66901,40297.05312,25.36197526,245.0641741,0,0.1608527749,1.379408467,
2024-08-02 19:30:00+00:00,39657.62891,39745.37109,39558.28125,39721.26172,92005280,40076.17743,40271.46239,27.56206596,244.3677455,0,0.1970608904,1.720506352,
2024-08-05 13:30:00+00:00,38633.28906,38974.80078,38499.26953,38610.94141,0,39942.97416,40197.66146,20.46557697,296.202846,0,0.04136976945,0,
2024-08-05 14:30:00+00:00,38608.21094,38881.51172,38603.10938,38840.55859,78828949,39842.75456,40137.34577,27.60218108,295.4302455,1,0.1264333551,1.463154071,1
2024-08-05 15:30:00+00:00,38839.92188,39029.05078,38818.85156,39020.39063,61132842,39767.9942,40087.70332,30.40379271,299.547154,0,0.193053618,1.101634504,
2024-08-05 16:30:00+00:00,39021.80859,39021.80859,38757.83984,38842.85938,47857104,39683.89104,40032.37693,29.93917597,307.093471,0,0.1272856986,0.8507834267,
2024-08-05 17:30:00+00:00,38843.44922,38883.39844,38735.23047,38847.82031,38481541,39607.88461,39979.72997,31.03450647,307.2904576,0,0.1291235189,0.688406333,
2024-08-05 18:30:00+00:00,38846.71094,38854.48828,38619.76953,38661.98828,64513363,39521.89403,39921.16367,28.02136595,315.3069196,0,0.06028050637,1.145143466,
2024-08-05 19:30:00+00:00,38663.39844,38711.08984,38571.21875,38711.08984,73594547,39448.18456,39867.38261,26.4229807,314.4006696,0,0.07847058619,1.307133629,
2024-08-06 13:30:00+00:00,38736.21875,39150.07031,38638.30078,39044.39844,104317114,39411.47673,39830.80554,40.58704505,298.7084263,0,0.2019475107,1.769216465,
2024-08-06 14:30:00+00:00,39046.53125,39251.67969,38937.30859,38938.07031,55097935,39368.43978,39791.12841,42.2686076,300.3956473,0,0.1625573776,0.9265161646,
2024-08-06 15:30:00+00:00,38935.67188,39226.58984,38935.07031,39181.58984,39375594,39351.45343,39764.03781,42.62446852,304.296317,1,0.2527712015,0.6611410809,1
2024-08-06 16:30:00+00:00,39180.32813,39289.69141,39148.10938,39283,41329513,39345.23039,39742.65835,46.33012672,302.8158482,0,0.2903394324,0.6933512489,
2024-08-06 17:30:00+00:00,39286.67969,39375.01953,39226.55078,39374.30078,36441934,39347.87315,39726.28691,46.48025045,301.8191964,0,0.3241625617,0.617705397,
2024-08-06 18:30:00+00:00,39374.51172,39449.53125,39144.14063,39258.92969,46132105,39339.78738,39705.51547,43.39392801,314.1079799,-1,0.2814223861,0.7945950518,0
2024-08-06 19:30:00+00:00,39260.57813,39280.21875,38981.87109,38982.94141,54878233,39307.34684,39673.40107,38.47966433,322.0549665,0,0.1791802453,0.9025833766,
2024-08-07 13:30:00+00:00,39230.08984,39477.96094,39187.76172,39309.55078,92611932,39307.5472,39657.22995,64.42983886,270.1283482,0,0.3001753888,1.551755715,
2024-08-07 14:30:00+00:00,39309.55078,39457.32813,39293.92188,39371.30859,46073334,39313.34369,39644.52233,61.77951554,261.9143415,0,0.3230540811,0.7987270228,
2024-08-07 15:30:00+00:00,39367.64063,39413.67969,39173.39844,39236.83984,34033224,39306.38879,39626.40311,54.90261309,264.063058,0,0.2732390208,0.6041473737,
2024-08-07 16:30:00+00:00,39236.78906,39258.92188,38918.98828,39002.33984,36158778,39278.74798,39598.66696,53.5213843,269.4891183,0,0.1863665569,0.6513437371,
2024-08-07 17:30:00+00:00,39002.16016,39109.19922,38761.71875,38826.55859,39175790,39237.63985,39564.35104,49.56346412,283.7257254,0,0.1212469394,0.7241104238,
2024-08-07 18:30:00+00:00,38822.51953,38918.48828,38731.51172,38885.71875,42062353,39205.64703,39534.1896,54.84557608,280.3155692,0,0.1431633084,0.8150859118,
2024-08-07 19:30:00+00:00,38884.87109,38935.26953,38743.71094,38775.60156,58867559,39166.55198,39500.47458,51.36122435,284.0075335,0,0.1023694858,1.079184516,
2024-08-08 13:30:00+00:00,38940.37891,39334.01953,38922.78906,39328.60156,77401077,39181.28376,39492.83578,55.48800357,287.3395647,0,0.3072329083,1.420808236,
2024-08-08 14:30:00+00:00,39332.01953,39359.51172,39247.67188,39324.53906,43205172,39194.30697,39485.35592,57.7696314,272.8730469,0,0.3057279216,0.8063613533,
2024-08-08 15:30:00+00:00,39323.28906,39361.55859,39255.33984,39311.75,35863583,39204.98361,39477.6401,52.8843507,259.6372768,0,0.3009901076,0.6769174426,
2024-08-08 16:30:00+00:00,39311.75,39404.26953,39216.05859,39402.69922,30258461,39222.95776,39474.3094,52.66489141,262.9679129,0,0.3346829977,0.5755887905,
2024-08-08 17:30:00+00:00,39402.55859,39508.39844,39382.92188,39434.67969,30223884,39242.20521,39472.54808,51.38069827,261.3256138,0,0.3465304268,0.5943136554,
2024-08-08 18:30:00+00:00,39434.64844,39469.16016,39379.78125,39397.53125,34688040,39256.32575,39469.214,53.28702606,245.8962054,0,0.3327684809,0.7092250153,
2024-08-08 19:30:00+00:00,39397.48047,39480.91016,39325.03906,39442.89063,50517370,39273.2862,39468.04407,62.24778286,235.719308,1,0.3495722365,1.092981299,1
2024-08-09 13:30:00+00:00,39408.05859,39452.30078,39230.42969,39404.35938,67687412,39285.20194,39465.21364,52.98214229,216.2087054,0,0.3352980163,1.444791258,
2024-08-09 14:30:00+00:00,39404.19922,39524.98828,39326.71875,39426.05078,40390818,39298.00638,39463.47307,51.76640231,218.6989397,1,0.3433337771,0.861210946,1
2024-08-09 15:30:00+00:00,39424.05859,39473.42188,39361.83984,39388.28125,29667441,39306.21319,39460.13121,55.21190986,209.5061384,0,0.329341742,0.6405313177,
2024-08-09 16:30:00+00:00,39388.57813,39606.12109,39386.94922,39606.12109,28244251,39333.47754,39466.61965,71.02039373,200.8803013,0,0.4100423133,0.6152487827,
2024-08-09 17:30:00+00:00,39607.05078,39628.66016,39419.98047,39426.87109,24582650,39341.96787,39464.85304,70.84927418,190.9659598,0,0.3436376687,0.5483579486,
2024-08-09 18:30:00+00:00,39426.73047,39504.08984,39392.57813,39476.60156,29224332,39354.20729,39465.3752,70.65707824,185.5756138,0,0.362060732,0.6711005855,
2024-08-09 19:30:00+00:00,39476.33984,39525.55859,39452.10938,39496.03125,41028132,39367.10038,39466.73769,76.89111163,177.1392299,0,0.3837550306,1.001475528,
2024-08-12 13:30:00+00:00,39556.01172,39587.05859,39251.71875,39405.94922,0,39370.63209,39464.03598,54.41173194,161.2050781,-1,0.3490732887,0,0
2024-08-12 14:30:00+00:00,39407.60156,39523.26172,39292.10156,39335.92969,36631977,39367.47733,39458.34237,50.60423211,169.7279576,0,0.3955971497,0.9442702592,
2024-08-12 15:30:00+00:00,39336.39063,39491.60156,39314.26953,39415.01172,27232388,39371.79864,39456.41656,55.11772609,174.8074777,0,0.473170584,0.7101451851,
2024-08-12 16:30:00+00:00,39415.08984,39427.46875,39302.21875,39364.87891,26769345,39371.16957,39452.34822,48.04656606,170.3102679,0,0.4606975869,0.7095481603,
2024-08-12 17:30:00+00:00,39364.94922,39391.92188,39269.85938,39312.64063,24422153,39365.84876,39446.139,43.82583812,170.0664063,0,0.4388205839,0.6628294927,
2024-08-12 18:30:00+00:00,39312.51953,39352.08984,39303.89063,39325.39063,28572458,39362.17074,39440.7724,46.25790242,167.125,0,0.4456993168,0.8087182414,
2024-08-12 19:30:00+00:00,39325.39063,39361.01953,39276.82813,39360.53906,35806653,39362.02241,39437.20648,45.68250145,162.0050223,0,0.4646621961,1.076865068,
2024-08-13 13:30:00+00:00,39445.26953,39651.17969,39392.41016,39477.08984,0,39372.48309,39438.97907,53.52473696,166.9171317,0,0.6204212942,0,
2024-08-13 14:30:00+00:00,39479,39579.35938,39403.12109,39556.94922,45212707,39389.25273,39444.22219,56.00516111,165.343471,0,0.8487909167,1.432684999,
2024-08-13 15:30:00+00:00,39556.87891,39702.80078,39550.10938,39651.35938,34133695,39413.08061,39453.42828,61.47286293,168.2798549,0,0.9245553319,1.07501656,
2024-08-13 16:30:00+00:00,39651.28906,39732.03125,39620.71875,39677.30859,30405597,39437.10134,39463.37852,53.72852782,160.5756138,0,0.9453796528,0.9573288166,
2024-08-13 17:30:00+00:00,39677.35156,39710.17188,39616.62109,39701.35156,29150217,39461.12408,39473.9551,67.16735157,152.3521205,0,0.9646742027,0.9258745935,
2024-08-13 18:30:00+00:00,39701.28125,39758.26172,39695.76953,39744.66016,30109444,39486.90009,39485.98644,66.90146742,148.8507254,0,0.9891964679,0.9883749888,
2024-08-13 19:30:00+00:00,39744.98047,39792.80078,39722.07031,39762.42969,45250121,39511.94824,39498.2728,66.83203017,148.656529,0,0.9765207885,1.542176894,
2024-08-14 13:30:00+00:00,39800.58984,39868.64844,39749.28906,39837.10156,0,39541.50763,39513.33186,77.78281204,133.2293527,0,0.9769626399,0,
2024-08-14 14:30:00+00:00,39837.23828,39915.78906,39737.19922,39911.87891,38518290,39575.17775,39531.04506,86.88712429,129.4743304,0,0.9970918916,1.387310562,
2024-08-14 15:30:00+00:00,39911.67188,40051.82031,39906.58984,39910.92969,30266696,39605.70065,39547.92882,85.29370882,127.1813616,0,0.9048423097,1.086157568,
2024-08-14 16:30:00+00:00,39910.53125,40001.92188,39906.03125,40000.71094,22809332,39641.61068,39568.05247,92.83387279,125.0842634,1,0.9654806693,0.8211537163,1
2024-08-14 17:30:00+00:00,40001.03125,40037.87109,39964.89844,39975.66016,21758747,39671.97881,39586.16837,96.36373569,121.577846,0,0.9485613428,0.7940019087,
2024-08-14 18:30:00+00:00,39975.48828,40068.75,39972.96094,39993.51953,29067242,39701.20978,39604.27286,96.38953529,124.9771205,0,0.9497636735,1.084361758,
2024-08-14 19:30:00+00:00,39993.96875,40062.21094,39963.37109,39993.19141,46598043,39727.75357,39621.55813,96.15820884,126.0234375,0,0.9495445629,1.599342203,
2024-08-15 13:30:00+00:00,40295.73828,40536.67188,40295.73828,40363.03906,0,39785.5068,39654.51284,97.19497426,144.0834263,0,0.9085358953,0,
2024-08-15 14:30:00+00:00,40364.21094,40491.14844,40335.19922,40445.51953,48230247,39845.50795,39689.66869,97.20278559,142.6342076,0,0.949504567,1.701000319,
2024-08-15 15:30:00+00:00,40445.23828,40533.87109,40444.21094,40525.80078,36821980,39907.35276,39726.83012,97.16015623,138.1319754,0,0.9939777677,1.276029626,
2024-08-15 16:30:00+00:00,40527.28125,40542.66016,40455.78125,40505.5,38843508,39961.72978,39761.43767,94.93961194,136.3867188,0,0.9794825452,1.313267896,
2024-08-15 17:30:00+00:00,40505.23828,40531.35938,40499.12109,40530.78906,31934137,40013.46244,39795.63107,94.94644596,132.0072545,1,0.9934455434,1.073566748,1
2024-08-15 18:30:00+00:00,40530.98047,40575.46875,40517.17188,40575.46875,37594599,40064.55392,39830.29052,94.95394423,131.7075893,0,1,1.260074042,
2024-08-15 19:30:00+00:00,40575.30859,40590.51172,40491.32031,40566.85938,53728533,40110.21805,39863.02691,93.96241077,133.7405134,0,0.9872768458,1.652084745,
2024-08-16 13:30:00+00:00,40528.85938,40625.92969,40490.64844,40495.19922,0,40145.21634,39891.12346,86.08408833,134.8777902,0,0.93099175,0,
2024-08-16 14:30:00+00:00,40495.67969,40567.53125,40453.57813,40562.57813,37724441,40183.15832,39920.96589,85.97026141,130.2608817,0,0.9665588252,1.239282149,
2024-08-16 15:30:00+00:00,40563.53906,40644.30859,40543.01953,40614.55078,27729401,40222.37582,39951.79188,86.81877087,127.1222098,0,0.9844427744,0.9149579551,
2024-08-16 16:30:00+00:00,40616.69922,40712.67188,40615.26953,40673.92188,24675626,40263.42546,39983.88655,86.38547807,127.281529,0,0.9804407534,0.8202509766,
2024-08-16 17:30:00+00:00,40674.05078,40691.51953,40646.57031,40672.51953,22079977,40300.61583,40014.49246,88.65166787,125.2798549,0,0.9797329138,0.7438957863,
2024-08-16 18:30:00+00:00,40672.46875,40726.03125,40667.28125,40672.14844,25115984,40334.39152,40043.72161,88.38517523,122.6342076,0,0.9729845651,0.8758892724,
2024-08-16 19:30:00+00:00,40672.19922,40690.82031,40646.16016,40658.67969,39002821,40363.87226,40071.05308,87.09053779,118.7642299,0,0.9660238751,1.273562325,
2024-08-19 13:30:00+00:00,40670.82813,40825.46875,40670.82813,40802.69922,0,40403.76562,40103.57069,82.74764473,91.85770089,0,0.9880329141,0,
2024-08-19 14:30:00+00:00,40803.08984,40886.14063,40791.60156,40851.91016,34512415,40444.50604,40136.83022,81.84801509,87.47126116,0,0.9795037201,1.193732324,
2024-08-19 15:30:00+00:00,40851.80859,40865.33984,40792.67969,40855.23047,28705984,40481.84462,40168.75912,79.35807283,86.25697545,0,0.9814918335,0.9828734817,
2024-08-19 16:30:00+00:00,40855.35938,40907.32031,40838.5,40839.03906,20114216,40514.31684,40198.54934,79.94360981,84.96707589,-1,0.9596270351,0.6906415744,1
2024-08-19 17:30:00+00:00,40838.48828,40844.28125,40799.80078,40806.37891,22965338,40540.86794,40225.56399,74.41802513,85.84151786,0,0.9398044185,0.7968856508,
2024-08-19 18:30:00+00:00,40806.44922,40860.73828,40805.25,40828.69922,27229517,40567.03442,40252.37,73.36259649,85.64090402,0,0.9531149542,0.9777052253,
2024-08-19 19:30:00+00:00,40828.78906,40894.98828,40809.07031,40891.96875,38608096,40596.5739,40280.79661,77.24606178,84.69280134,0,0.9908452213,1.296407177,
2024-08-20 13:30:00+00:00,40874.51953,40888.64063,40793.03125,40866.23047,0,40621.08814,40306.81589,83.68752571,82.0968192,0,0.975496408,0,
2024-08-20 14:30:00+00:00,40865.41016,40885.91016,40763.57813,40769.01172,36545310,40634.53574,40327.35793,67.77959453,82.6953125,0,0.9164602179,1.335940359,
2024-08-20 15:30:00+00:00,40768.67969,40863.60156,40756.64844,40852.14844,26747598,40654.31871,40350.68195,69.42111817,83.09988839,0,0.9666756324,0.9998840535,
2024-08-20 16:30:00+00:00,40851.89844,40869.78125,40786.60156,40829.37109,20931885,40670.23256,40371.95703,63.51484442,82.03264509,0,0.9529178877,0.7989090077,
2024-08-20 17:30:00+00:00,40829.46094,40909.37891,40793.96875,40889.62109,23738038,40690.17697,40394.96432,67.12284031,87.0655692,0,0.9880809028,0.9306202869,
2024-08-20 18:30:00+00:00,40889.92188,40894.19141,40819.03906,40819.17969,25787845,40701.90449,40413.81833,60.44221273,88.23716518,-1,0.9455864229,1.069559104,1
2024-08-20 19:30:00+00:00,40819.26172,40844.42969,40794.80078,40830.51172,35953159,40713.59606,40432.33804,62.24072394,88.59207589,0,0.9524225836,1.387703726,
2024-08-21 13:30:00+00:00,40933.53125,40963.60938,40772.21875,40860.21875,0,40726.92539,40451.35496,54.89466091,90.34933036,0,0.9396044213,0,
2024-08-21 14:30:00+00:00,40859.78906,40974.39844,40738.42969,40848.14844,35128170,40737.94567,40468.99023,49.65829495,100.4514509,0,0.9259330556,1.440145437,
2024-08-21 15:30:00+00:00,40848.78906,40868.07813,40749.19922,40824.46094,24000510,40745.8107,40484.78892,47.30470488,103.7527902,0,0.9120363368,0.9853096269,
2024-08-21 16:30:00+00:00,40824.44141,40879.87109,40822.12891,40874.92188,18854074,40757.54808,40502.12817,52.96517708,102.9614955,1,0.9416401978,0.7791890151,1
2024-08-21 17:30:00+00:00,40875.14844,40892.60938,40831.57813,40891.64063,20584310,40769.73831,40519.43983,57.23625321,104.1436942,0,0.9514485679,0.8587363909,
2024-08-21 18:30:00+00:00,40891.60156,40920.89063,40814.44141,40862.19922,24788846,40778.14384,40534.67358,52.80922432,107.7837612,0,0.9339059962,1.065739289,
2024-08-21 19:30:00+00:00,40861.92969,40908.21094,40828.25,40890.55078,36141020,40788.36266,40550.49035,49.87369608,107.3582589,0,0.9506072558,1.44178739,
2024-08-22 13:30:00+00:00,40890.48828,41026.64063,40783.64844,40800.60938,0,40789.47599,40561.60675,44.7548037,117.6478795,0,0.8616894897,0,
2024-08-22 14:30:00+00:00,40800.01172,40854.58984,40711.32031,40719.69141,29663091,40783.13194,40568.63273,45.95227104,119.1434152,0,0.8109359248,1.268246874,
2024-08-22 15:30:00+00:00,40720.39063,40838.33984,40695.21875,40834.10156,28853746,40787.76554,40580.43135,48.59120571,121.7268415,0,0.8696004148,1.211017901,
2024-08-22 16:30:00+00:00,40833.92969,40867.07031,40659.14844,40680.92969,22297292,40778.05319,40584.89794,40.37223019,130.6369978,0,0.7548183342,0.9371513934,
2024-08-22 17:30:00+00:00,40680.28125,40708.92969,40584.46875,40700.55859,24939862,40771.00823,40590.03841,37.05550088,131.2834821,0,0.7687393515,1.053286249,
2024-08-22 18:30:00+00:00,40700.71875,40726.37891,40651.21875,40673.89063,26751537,40762.17936,40593.76518,39.41825134,131.2840402,-1,0.7349480339,1.158811886,0
2024-08-22 19:30:00+00:00,40674.83984,40735.14844,40641.78906,40731.73047,47880128,40759.41128,40599.89697,43.26199561,134.4076451,0,0.7739407731,1.879175976,
2024-08-23 13:30:00+00:00,40712.78125,41152.53906,40712.78125,41123.44141,0,40792.50492,40623.16561,62.01908499,152.1481585,0,0.979441223,0,
2024-08-23 14:30:00+00:00,41123.17188,41207.92188,40934.80859,41164.14844,37461262,40826.2907,40647.20929,64.06123981,154.8013393,0,0.970236783,1.548770738,
2024-08-23 15:30:00+00:00,41163.28906,41195.85938,40875,40899.89844,26830754,40832.98231,40658.43992,52.76486084,169.2285156,0,0.7634029836,1.095907457,
2024-08-23 16:30:00+00:00,40900.10156,41039.85938,40842.96094,41033.07813,22054749,40851.17284,40675.09051,55.46520669,179.1682478,0,0.8657001236,0.9039380681,
2024-08-23 17:30:00+00:00,41032.73828,41087.67188,41021.32031,41073.82813,17656795,40871.41423,40692.81218,56.19277262,179.5482701,0,0.8922553005,0.7359461726,
2024-08-23 18:30:00+00:00,41073.80859,41171.96094,41053.87109,41170.21875,24737851,40898.57828,40714.03025,60.01417298,180.3797433,0,0.9697054346,1.055765439,
2024-08-23 19:30:00+00:00,41168.51953,41207.78125,41100.96094,41171.07813,40155695,40923.35099,40734.34349,59.28636638,182.2982701,0,0.9703959448,1.578510134,
2024-08-26 13:30:00+00:00,41244.69141,41400.21875,41240.64844,41397.76172,0,40966.47924,40763.82874,68.12663781,181.3088728,0,0.9977753964,0,
2024-08-26 14:30:00+00:00,41399.98828,41420.05078,41192.94922,41203.57031,32764292,40988.03297,40783.37281,63.74311308,187.296875,-1,0.8004515307,1.358343806,1
2024-08-26 15:30:00+00:00,41203.14844,41251.01953,41179.60938,41246.64844,21690225,41011.54347,40803.96284,62.21196452,182.1746652,0,0.8223045053,0.8939787723,
2024-08-26 16:30:00+00:00,41246.32031,41308.23047,41232.87109,41264.55078,19046535,41034.54413,40824.43342,68.77996294,172.7059152,0,0.8391056395,0.78751277,
2024-08-26 17:30:00+00:00,41265.21875,41268.19922,41140.23047,41211.78125,20637670,41050.6566,40841.64887,66.10677215,172.9564732,-1,0.7845055109,0.8606873902,1
2024-08-26 18:30:00+00:00,41211.76953,41246.26172,41200.30859,41212.26172,20338217,41065.34797,40858.12056,67.24671704,170.8702567,0,0.7850026474,0.8771015229,
2024-08-26 19:30:00+00:00,41212.92188,41250.62891,41199.42188,41250.14063,32572058,41082.14731,40875.54367,66.82240977,167.859375,0,0.8241955888,1.312511537,
2024-08-27 13:30:00+00:00,41240.51953,41260.78906,41141.46094,41228.35938,0,41095.43931,40891.22437,54.48021858,144.9715402,0,0.8016587381,0,
2024-08-27 14:30:00+00:00,41229.62109,41258.69922,41173.07813,41190.73828,27455549,41104.10285,40904.5361,51.13844281,131.5792411,0,0.7627325527,1.180197357,
2024-08-27 15:30:00+00:00,41184.85938,41193.03906,41127.46875,41169.71094,21844761,41110.06723,40916.32165,64.59086761,113.344308,0,0.7145599501,0.9399276198,
2024-08-27 16:30:00+00:00,41169,41222.33984,41109.42188,41222.32031,19515246,41120.27205,40929.92159,61.21071875,107.3457031,1,0.7633619904,0.8496094732,1
2024-08-27 17:30:00+00:00,41222.05078,41254.51953,41215.14844,41244.35156,19940058,41131.55201,40943.89625,60.33093838,105.4185268,0,0.7897283424,0.8811691507,
2024-08-27 18:30:00+00:00,41244.41016,41258.82813,41222.25,41240.51953,18836028,41141.45815,40957.07951,54.79707649,99.59626116,0,0.7851422801,0.8894615992,
2024-08-27 19:30:00+00:00,41241.33984,41271.75,41222.76172,41258.89063,34181877,41152.13383,40970.49334,55.85215499,95.46540179,0,0.8071282648,1.493572718,
2024-08-28 13:30:00+00:00,41249.39844,41351.10938,41166.39844,41254.5,0,41161.43984,40983.11586,36.43264599,92.29185268,0,0.801873694,0,
2024-08-28 14:30:00+00:00,41254.10156,41316.83984,41190.17969,41210.16016,35925184,41165.86896,40993.20671,50.8714113,85.11746652,0,0.748809073,1.673457578,
2024-08-28 15:30:00+00:00,41210.23828,41210.23828,41021.25,41036.33984,26632927,41154.09359,40995.12374,29.33513476,93.51590402,0,0.5407860352,1.227519074,
2024-08-28 16:30:00+00:00,41035.75,41129.32031,41021.55078,41051.69141,19344793,41144.7843,40997.63786,28.97912263,95.83091518,0,0.5591583337,0.8881520094,
2024-08-28 17:30:00+00:00,41051.69141,41081.91016,40842.28906,40865.64063,23027351,41119.4076,40991.77132,22.94025676,103.8060826,0,0.3364982306,1.061392105,
2024-08-28 18:30:00+00:00,40865.80078,41087.57031,40861.83984,41060.26953,26465310,41114.03141,40994.81568,40.88485541,116.6473214,0,0.5694243814,1.259598822,
2024-08-28 19:30:00+00:00,41060.41016,41141.98047,41034.17969,41091.32031,37049051,41111.96677,40999.10478,40.39671592,120.6897321,0,0.6065850432,1.620455458,
2024-08-29 13:30:00+00:00,41345.5,41397.28906,41086.80859,41366.78906,0,41135.13243,41015.4463,56.40526042,134.343471,0,0.9362579415,0,
2024-08-29 14:30:00+00:00,41366.87891,41409.55078,41292.83984,41382.82031,38653182,41157.64951,41031.77403,59.06899541,136.5641741,0,0.95544367,1.751129182,
2024-08-29 15:30:00+00:00,41383.21094,41554.14844,41369.85156,41532.39063,31826062,41191.71688,41054.02366,65.27012092,145.0446429,0,0.977561856,1.40127197,
2024-08-29 16:30:00+00:00,41532.14063,41577.96875,41491.67969,41516.5,21945588,41221.24262,41074.57816,62.78121733,143.1425781,0,0.9381290891,0.963469732,
2024-08-29 17:30:00+00:00,41516.69141,41570.41016,41476.35938,41477.07813,25050516,41244.50039,41092.46705,59.96074419,147.0482701,0,0.8984492954,1.088524505,
2024-08-29 18:30:00+00:00,41477.25,41477.25,41269.71875,41429.87891,32681821,41261.35299,41107.46313,57.81452513,159.2592076,0,0.8509412745,1.419790363,
2024-08-29 19:30:00+00:00,41429.85156,41450.32813,41306.62109,41336.55859,38740261,41268.18986,41117.64515,53.01849383,166.0248326,0,0.7570104114,1.552356357,
2024-08-30 13:30:00+00:00,41366.16016,41498.98047,41317.75,41417.57031,0,41281.7699,41130.97516,55.98135073,165.7762277,0,0.8385521515,0,
2024-08-30 14:30:00+00:00,41417.85156,41441.46875,41275.10156,41281.87109,59214174,41281.7791,41137.68165,52.46511403,168.6124442,-1,0.701965117,2.326552086,1
2024-08-30 15:30:00+00:00,41281.85156,41296.28906,41192.87109,41196.16016,36363399,41273.99556,41140.28069,55.84819897,162.500279,0,0.6156934134,1.382960607,
2024-08-30 16:30:00+00:00,41196.07813,41298.67188,41145.85156,41229.10156,26970266,41269.91429,41144.22829,56.40934454,165.718192,0,0.6488503397,1.012192597,
2024-08-30 17:30:00+00:00,41228.85938,41324.33984,41228.71875,41299.98047,23870295,41272.64758,41151.15061,67.1158399,155.4324777,0,0.7201929731,0.8874671422,
2024-08-30 18:30:00+00:00,41300.05078,41407.92969,41291.71875,41396.26953,34002622,41283.88594,41162.04478,64.35303226,147.609654,0,0.8171120093,1.264595538,
2024-08-30 19:30:00+00:00,41396.33984,41585.21094,41373.96875,41548.03906,66667311,41307.89986,41179.20008,67.6857824,154.9983259,0,0.962855693,2.205955976,
2024-09-03 13:30:00+00:00,41489.67188,41489.67188,41052.64063,41103.01172,0,41289.27366,41175.81393,40.97123986,168.2067522,0,0.5181583981,0,
2024-09-03 14:30:00+00:00,41102.51953,41174.07031,41056.94141,41131.26172,52536520,41274.90894,41173.83383,41.46089853,168.2366071,0,0.5463874468,1.767690673,
2024-09-03 15:30:00+00:00,41131.28906,41153.53906,41085.01953,41115.55078,35545178,41260.42184,41171.24348,34.4360661,159.9667969,0,0.5306881611,1.164253505,
2024-09-03 16:30:00+00:00,41114.78125,41136.80078,41052.67969,41120.98828,27414117,41247.74606,41169.00991,35.11623189,159.811942,0,0.5361216285,0.8915222725,
2024-09-03 17:30:00+00:00,41120.94922,41122.07031,40985.62109,40998.16016,32058601,41225.05643,41161.41659,33.04203977,162.8404018,0,0.4133845974,1.033166971,
2024-09-03 18:30:00+00:00,40997.89844,41024.69141,40930.01953,40964.35156,35855217,41201.35599,41152.65814,33.35837548,154.7790179,0,0.3419069544,1.1577494,
2024-09-03 19:30:00+00:00,40964.14063,40989.89063,40778.08984,40939.60156,62298232,41177.56013,41143.18896,35.07807429,159.6428571,0,0.3156726676,1.82774941,
2024-09-04 13:30:00+00:00,40872.05859,41084.48047,40872.05859,41065.03125,0,41167.33023,41139.71529,37.17602592,161.8708147,1,0.4037574661,0,0
2024-09-04 14:30:00+00:00,41067.28125,41172.58984,41011.10938,41011.10938,39368521,41153.12834,41133.99947,39.52771609,161.5217634,0,0.2887045489,1.210254275,
2024-09-04 15:30:00+00:00,41012.10938,41031.01172,40923.26172,40969.17188,29858476,41136.40502,41126.6738,40.91305721,161.8311942,0,0.2367451833,0.9068695162,
2024-09-04 16:30:00+00:00,40969.01172,41023.55078,40872.08984,40879.87891,25458916,41113.08447,41115.70513,36.62322505,161.734096,0,0.1261137434,0.7727656478,
2024-09-04 17:30:00+00:00,40879.37891,40928.51172,40840.89063,40915.19141,33620555,41095.09419,41106.79341,34.84802806,161.1626674,0,0.1698649231,1.01904763,
2024-09-04 18:30:00+00:00,40915.19141,40946.82031,40843.94922,40932.80078,36749786,41080.34024,41099.06041,30.54427748,160.2098214,0,0.1916824361,1.117265756,
2024-09-04 19:30:00+00:00,40932.55078,41006.60938,40875.91016,40965.60938,50970976,41069.91016,41093.12925,22.83760347,154.4567522,0,0.2323313474,1.43818596,
2024-09-05 13:30:00+00:00,41056.32813,41084.78125,40828.85156,40932.55859,0,41057.42366,41085.99278,37.08978804,137.3518415,0,0.1913823727,0,
2024-09-05 14:30:00+00:00,40936.05859,40976.58984,40631.69141,40640.87891,42088757,41019.55595,41066.20994,23.45201238,153.6210938,0,0.009635355857,1.284497211,
2024-09-05 15:30:00+00:00,40641.12109,40663.67969,40519.07813,40606.12109,30104677,40981.97096,41045.76155,22.97813619,159.0555246,0,0.08164364489,0.9143843707,
2024-09-05 16:30:00+00:00,40606.44922,40698.17969,40582.17969,40631.62891,23745456,40950.12169,41027.35565,24.58389126,161.3325893,0,0.1055691936,0.7213693436,
2024-09-05 17:30:00+00:00,40631.64063,40842.19922,40625.30078,40790.10156,24815814,40935.5744,41016.81102,39.5797711,167.0789621,0,0.2542117026,0.7645549473,
2024-09-05 18:30:00+00:00,40789.37109,40866.16016,40688.42188,40739.55078,27921545,40917.75407,41004.48835,38.9269648,173.0122768,0,0.2067966145,0.9148435813,
2024-09-05 19:30:00+00:00,40739.44922,40805.23828,40681.60156,40754.69922,41426798,40902.9309,40993.38661,40.80527422,166.7148438,0,0.221005386,1.271076218,
2024-09-06 13:30:00+00:00,40756.80859,41007.66016,40605.07813,40615.37891,0,40876.78981,40976.58627,27.94461965,180.2977121,-1,0.09032719012,0,1
2024-09-06 14:30:00+00:00,40617.14844,40738.25,40377.30859,40412.42188,47955032,40834.57455,40951.51229,24.38016529,194.5449219,0,0.02906963583,1.567897085,
2024-09-06 15:30:00+00:00,40413.10156,40495.32813,40315.12109,40315.98047,33529681,40787.42963,40923.26643,23.29356523,199.7204241,0,0.0006766253618,1.085406718,
2024-09-06 16:30:00+00:00,40316.14844,40461.94141,40316.14844,40402.96875,27618874,40752.47864,40900.14209,30.46419714,199.327567,0,0.06916648982,0.9005362,
2024-09-06 17:30:00+00:00,40403.30078,40420.80078,40321.12109,40351.69141,24464804,40716.04344,40875.76651,27.21520587,200.1888951,0,0.02879348471,0.8127883715,
2024-09-06 18:30:00+00:00,40351.67969,40450.51172,40297.32813,40407.69141,32392123,40688.01144,40854.96317,29.40684457,203.7826451,1,0.08569357412,1.132411971,1
2024-09-06 19:30:00+00:00,40407.30859,40431.41016,40314.5,40353.69141,47664481,40657.61871,40832.68442,26.39482844,202.7977121,0,0.04376429338,1.538171054,
2024-09-09 13:30:00+00:00,40555.10938,40799.51172,40518.05859,40744.71094,0,40665.53618,40828.77449,44.32182877,216.3613281,0,0.34737851,0,
2024-09-09 14:30:00+00:00,40745.17188,40764.23047,40658.03125,40756.21875,37176048,40673.78005,40825.54979,54.1973838,199.3113839,0,0.35631396,1.265127601,
2024-09-09 15:30:00+00:00,40756.42969,40979.87891,40756.42969,40973.67969,34495649,40701.04365,40832.13334,61.80605918,204.9584263,0,0.5251654544,1.156134597,
2024-09-09 16:30:00+00:00,40974.12109,41000.23828,40918.30859,40931.83984,25263697,40722.02513,40836.56474,59.54271836,202.5248326,0,0.4926781479,0.8587483174,
2024-09-09 17:30:00+00:00,40931.91016,40935.51953,40765.82031,40785.83984,34553809,40727.82646,40834.3103,49.86345124,199.1534598,0,0.3793137963,1.178932219,
2024-09-09 18:30:00+00:00,40786.37891,40810.98047,40732.78906,40798.83984,35721351,40734.28223,40832.73384,51.94650634,192.0429688,0,0.3894078824,1.251320238,
2024-09-09 19:30:00+00:00,40798.89844,40854.17969,40763.87109,40826.5,51961095,40742.66566,40832.45678,52.33806773,189.6623884,0,0.410885113,1.66836156,
2024-09-10 13:30:00+00:00,40916.5,40916.5,40543.73828,40632.30078,0,40732.63249,40823.56096,50.5320168,187.5323661,-1,0.2600956026,0,1
2024-09-10 14:30:00+00:00,40631.03125,40719.55078,40570.89063,40677.60156,38451705,40727.62968,40817.07387,59.25457371,172.3694196,0,0.295270217,1.305310544,
2024-09-10 15:30:00+00:00,40676.83984,40699,40417.48047,40473.10156,38120185,40704.49076,40801.78621,55.09883808,179.6060268,0,0.1364824779,1.263235134,
2024-09-10 16:30:00+00:00,40472.57813,40652,40460.62109,40611.92969,31879120,40696.07612,40793.34815,56.56039676,182.8501674,0,0.2442780969,1.044196823,
2024-09-10 17:30:00+00:00,40611.85156,40687.92969,40611.85156,40684.98828,30801782,40695.06813,40788.53215,60.32278358,181.1643415,0,0.3010057689,1.004171973,
2024-09-10 18:30:00+00:00,40685.17188,40738.64844,40677.96094,40731.26172,34982349,40698.35846,40785.9868,60.08228048,174.5574777,0,0.3369356199,1.152570586,
2024-09-10 19:30:00+00:00,40731.14063,40750.71875,40676.10938,40738.51172,47678153,40702.00875,40783.8768,62.35062258,171.5359933,0,0.342565014,1.456466451,
2024-09-11 13:30:00+00:00,40638.76172,40638.76172,40015.76953,40026.28125,61358158,40640.57898,40750.20588,30.8837714,191.3161272,0,0.006697745267,1.836759713,
2024-09-11 14:30:00+00:00,40026.07031,40201.28906,39993.07031,40174.76172,40416961,40598.23196,40724.63059,35.57952945,198.6032366,0,0.1141176875,1.197538975,
2024-09-11 15:30:00+00:00,40174.62891,40392.91016,40170.01953,40389.05078,29939214,40579.21549,40709.71593,35.47801787,198.5482701,0,0.2487094811,0.8840484192,
2024-09-11 16:30:00+00:00,40389.41016,40592.44141,40370.46875,40555.67188,26815025,40577.07516,40702.86953,41.20153714,208.5513393,0,0.353361728,0.7890590815,
2024-09-11 17:30:00+00:00,40558.62109,40676.66016,40548.78125,40631.48828,31338492,40582.02181,40699.69703,46.26720727,205.5641741,0,0.4009808925,0.923598417,
2024-09-11 18:30:00+00:00,40632.01172,40812.44141,40632.01172,40802.92188,37023425,40602.10363,40704.2848,50.09169224,212.9042969,0,0.5086557995,1.108525244,
2024-09-11 19:30:00+00:00,40803.07813,40903.67969,40725.58984,40838.39063,55043256,40623.58427,40710.24506,50.26615837,219.1743862,0,0.5309331972,1.52259401,
2024-09-12 13:30:00+00:00,40862.10938,40984.28125,40665.53125,40817.03125,0,40641.17036,40714.99111,54.48176909,215.3164063,0,0.550554642,0,
2024-09-12 14:30:00+00:00,40817.53125,40887.26953,40725.51953,40798.35156,31961395,40655.45956,40718.69602,52.96786731,216.2513951,0,0.6818638865,0.9354885405,
2024-09-12 15:30:00+00:00,40798.28125,40866.96875,40772.53125,40816.32813,20442028,40670.08397,40723.03522,59.28761088,202.8883929,0,0.6979603056,0.6025764044,
2024-09-12 16:30:00+00:00,40816.21875,41029.96094,40810.03906,41016.82813,21240662,40701.60617,40736.09269,60.60255802,204.9271763,0,0.8679447736,0.6386494551,
2024-09-12 17:30:00+00:00,41016.35938,41085.51953,41005.28906,41050.69141,26224774,40733.34119,40750.07485,59.7768922,205.2237723,0,0.8966541594,0.7999287101,
2024-09-12 18:30:00+00:00,41050.94922,41085.17188,40893.21094,41044.82813,28727003,40761.65818,40763.175,58.56817459,214.6004464,0,0.8916832529,0.9084446122,
2024-09-12 19:30:00+00:00,41044.98828,41107.35156,41031.21875,41105.35156,41319688,40792.90304,40778.38284,59.74028937,214.7092634,0,0.9429951947,1.226534108,
2024-09-13 13:30:00+00:00,41153.69922,41419.12891,41128.69922,41358.23828,56034408,40844.29715,40804.1542,96.77598132,185.4974888,0,0.9573014564,1.621023386,
2024-09-13 14:30:00+00:00,41357.80078,41470.85938,41318.92188,41412.87109,31162910,40895.98569,40831.20828,96.54847294,181.4773996,0,0.9607601093,0.910678546,
2024-09-13 15:30:00+00:00,41413.28906,41533.83984,41384.12891,41385.87109,25966710,40940.52073,40855.85996,93.61974893,176.250279,0,0.9039643847,0.7654418125,
2024-09-13 16:30:00+00:00,41386.12891,41471.23047,41342.46094,41469.30859,26579244,40988.59235,40883.12434,93.11879418,169.5929129,0,0.9581175194,0.7884046581,
2024-09-13 17:30:00+00:00,41469.28125,41501.76953,41349.55859,41353.51172,24728466,41021.76684,40904.03045,82.83650498,171.3309152,0,0.8829622982,0.7448333447,
2024-09-13 18:30:00+00:00,41353.01953,41397.35156,41339.10938,41394.05859,23064775,41055.61154,40925.80948,80.51705015,162.5658482,0,0.9092782878,0.7214657053,
2024-09-13 19:30:00+00:00,41394.01172,41432.83984,41356.5,41393.80078,40003835,41086.35602,40946.60909,79.75440608,155.2979911,0,0.9091109607,1.294554892,
2024-09-16 13:30:00+00:00,41435.17188,41733.96875,41435.17188,41555.41016,0,41128.9973,40973.66692,84.38881511,156.827846,0,0.8974330783,0,
2024-09-16 14:30:00+00:00,41556.76172,41579.82813,41458.46875,41459.05859,44085532,41159.00288,40995.23988,78.69529959,153.9428013,0,0.8420871946,1.489976028,
2024-09-16 15:30:00+00:00,41459.19922,41541.83984,41451.53125,41536.32813,32657287,41193.30517,41019.28825,79.73881729,153.6478795,0,0.8864720533,1.092940911,
2024-09-16 16:30:00+00:00,41537.10938,41543.71875,41497.26172,41521.16016,28950098,41223.11017,41041.59367,74.59659444,141.2575335,0,0.8777593287,0.9727602253,
2024-09-16 17:30:00+00:00,41521.42969,41592.14063,41508.62109,41587.44141,32017485,41256.23119,41065.85357,75.37525115,141.4924665,0,0.9158323423,1.084953121,
2024-09-16 18:30:00+00:00,41587.92969,41639.80078,41574.96875,41590.76172,43822594,41286.64306,41089.18282,75.87161839,132.4118304,0,0.9177395831,1.513762853,
2024-09-16 19:30:00+00:00,41605.03125,41658.60938,41598.69922,41631.80078,47492332,41318.02103,41113.29917,75.4176521,131.8200335,0,0.9413130792,1.51616138,
2024-09-17 13:30:00+00:00,41723.78125,41835.28125,41647.67969,41797.83984,0,41361.64092,41143.7232,73.16740777,123.9416853,0,0.9796758311,0,
2024-09-17 14:30:00+00:00,41797.46875,41814.92969,41699.39063,41775.64063,75444741,41399.27726,41171.80842,69.79499269,121.3417969,0,0.9676255179,2.323083061,
2024-09-17 15:30:00+00:00,41775.64844,41794.28125,41626.44922,41670.39063,49447286,41423.92393,41193.96763,64.30369704,122.6361607,0,0.9104930811,1.459204896,
2024-09-17 16:30:00+00:00,41670.08984,41670.08984,41470.69141,41596.30078,41432625,41439.59455,41211.8491,56.44487265,127.702567,0,0.8702751873,1.195855435,
2024-09-17 17:30:00+00:00,41596.01953,41652.80078,41495.35938,41597.5,32977780,41453.94959,41228.98914,64.01231161,128.0761719,0,0.8709261545,0.9460228704,
2024-09-17 18:30:00+00:00,41596.82031,41613.26953,41512.07031,41564.44922,32619415,41463.99501,41243.89848,59.87056481,131.1445313,0,0.852985331,0.9475673534,
2024-09-17 19:30:00+00:00,41564.10938,41616.89063,41525.01172,41616.89063,45815886,41477.89462,41260.47591,62.18659178,132.2544643,1,0.8814518899,1.350965058,1
2024-09-18 13:30:00+00:00,41628.91016,41636.53906,41476.96094,41552.55859,64604805,41484.68225,41273.45736,49.82570577,119.3551897,-1,0.8465307905,1.81547888,0
2024-09-18 14:30:00+00:00,41553.37891,41576.80859,41484.35938,41574.78125,34858199,41492.87307,41286.84953,57.77808117,117.2901786,0,0.8585938262,0.9674738726,
2024-09-18 15:30:00+00:00,41574.73828,41591.03906,41500.85938,41588.48828,29594286,41501.56536,41300.2557,53.83338979,117.280971,0,0.8660343592,0.8179539324,
2024-09-18 16:30:00+00:00,41588.44922,41650.35156,41580.23047,41647.92969,25471970,41514.87121,41315.70788,58.7473922,118.9712612,0,0.8983007002,0.7032949711,
2024-09-18 17:30:00+00:00,41647.57813,41981.96875,41539.35938,41779.83984,49729867,41538.95927,41336.33596,62.17338435,144.6205357,0,0.8983714289,1.324318079,
2024-09-18 18:30:00+00:00,41779.05859,41863.26953,41528.51172,41692.82031,59620701,41552.94663,41352.17971,55.83898377,163.9009487,0,0.854618802,1.547297765,
2024-09-18 19:30:00+00:00,41692.01953,41723.60938,41449,41508.87891,45599065,41548.94048,41359.14412,43.95571468,178.6696429,0,0.7621347401,1.117292851,
2024-09-19 13:30:00+00:00,41972.55859,42105.01172,41859.03906,41978.82813,94507962,41588.02117,41386.68563,56.85170342,206.7162388,0,0.9402523226,2.180958714,
2024-09-19 14:30:00+00:00,41997.07813,42051.64844,41832.08984,41929.55859,53036682,41619.07003,41410.81332,55.70986805,214.1462054,-1,0.9169232989,1.195807541,0
2024-09-19 15:30:00+00:00,41928.23828,42048.71094,41885.26172,42034.37891,37507690,41656.82538,41438.52735,63.50711587,213.8331473,1,0.9665555056,0.8375978692,1
2024-09-19 16:30:00+00:00,42034.05078,42080.07813,41992.42969,42068.98047,37368564,41694.29403,41466.54748,68.07009056,205.8295201,0,0.9829392757,0.8295346552,
2024-09-19 17:30:00+00:00,42084.07031,42160.91016,42007.12109,42081.44922,34307209,41729.48995,41493.87645,68.34286323,205.5686384,0,0.9633455683,0.7697056886,
2024-09-19 18:30:00+00:00,42081.51172,42109.23828,42026.42188,42027.10938,36590541,41756.54626,41517.57569,67.25745208,204.2555804,0,0.938279213,0.8310976762,
2024-09-19 19:30:00+00:00,42027.21094,42066.05859,41983.89844,42024.69922,52524875,41780.9238,41540.11452,65.80122355,203.5613839,0,0.9371674352,1.125862573,
2024-09-20 13:30:00+00:00,41959.42969,42006.83984,41865.94922,41949.44141,149086066,41796.24359,41558.30682,65.24877832,203.5022321,0,0.9024518575,2.961872409,
2024-09-20 14:30:00+00:00,41947.98047,41998.12891,41888.80859,41931.51172,50784890,41808.54069,41574.89371,63.75143428,204.7073103,0,0.8941810955,1.007597644,
2024-09-20 15:30:00+00:00,41931.08984,42056.87891,41895.37109,42056.10938,40829889,41831.04693,41596.28107,66.60636949,209.8021763,1,0.9473598499,0.8105701035,1
2024-09-20 16:30:00+00:00,42056.44922,42118.07031,42045.53906,42093.17969,34212003,41854.87718,41618.36545,66.06720983,209.9743304,0,0.9621710778,0.6783583102,
2024-09-20 17:30:00+00:00,42093.39063,42138.41016,41962.80859,41962.80859,37401207,41864.68913,41633.67404,56.60991883,190.9023438,-1,0.8771180383,0.7380950223,0
2024-09-20 18:30:00+00:00,41962.87891,42073.75,41925.89844,42044.87109,95642704,41881.06931,41651.94946,62.7638813,177.5518973,0,0.9241028314,1.799013961,
2024-09-20 19:30:00+00:00,42044.82031,42132.83984,42030.17969,42059.5,144628085,41897.29028,41670.06282,72.75712537,165.2698103,0,0.9321843074,2.530005676,
2024-09-23 13:30:00+00:00,42060.39844,42190.05078,42012.21875,42120.53125,0,41917.58491,41690.08364,58.84694176,135.391183,0,0.954399055,0,
2024-09-23 14:30:00+00:00,42120.39063,42142.85156,42060.08984,42117.44141,53043258,41935.75369,41709.07732,62.44785143,125.6199777,0,0.9504214232,0.9372484381,
2024-09-23 15:30:00+00:00,42117.44922,42129.39844,42035.87109,42075.05859,35727850,41948.41777,41725.34315,52.93825544,120.625558,0,0.9188778814,0.6256249687,
2024-09-23 16:30:00+00:00,42074.82813,42099.5,42036.16016,42097.71875,33123284,41961.99059,41741.89318,52.11217465,118.8892299,0,0.9330932991,0.5885745454,
2024-09-23 17:30:00+00:00,42097.73047,42139.55859,42094.41016,42138.21875,38299970,41978.01133,41759.50765,54.0072684,111.1291853,0,0.9600320491,0.6937006715,
2024-09-23 18:30:00+00:00,42137.71875,42145.89844,42093.14063,42116.94141,36292548,41990.64133,41775.39359,56.65156853,108.9821429,0,0.9436249778,0.6629288816,
2024-09-23 19:30:00+00:00,42116.92969,42145.48828,42097.82031,42123.96875,46641114,42002.76201,41790.88582,57.30044642,106.5184152,0,0.9429753153,0.8909065275,
2024-09-24 13:30:00+00:00,42234.98828,42234.98828,42090.17188,42146.89063,89967648,42015.86461,41806.70826,65.73173237,105.5231585,0,0.9203665125,1.659951258,
2024-09-24 14:30:00+00:00,42146.42969,42281.05859,42097.60938,42213.62891,48463467,42033.84318,41824.79362,70.85556865,110.8180804,0,0.9299167299,0.8852298883,
2024-09-24 15:30:00+00:00,42213.44922,42216.83984,42110.10938,42112.87891,33048424,42041.02825,41837.59741,54.35007752,106.9054129,0,0.8214556749,0.6060511368,
2024-09-24 16:30:00+00:00,42112.92188,42178.35156,42103.53125,42130.53906,24871349,42049.1656,41850.61704,52.95050409,107.0689174,0,0.8402041976,0.4600782117,
2024-09-24 17:30:00+00:00,42130.78906,42149.19141,42095.87109,42101.28906,23470505,42053.90409,41861.75802,63.01555949,98.33454241,-1,0.8091515682,0.4394982302,1
2024-09-24 18:30:00+00:00,42100.89063,42173.44141,42056.82031,42169.17188,27622398,42064.38298,41875.42086,62.00276108,96.10379464,1,0.8812178868,0.5295925164,1
2024-09-24 19:30:00+00:00,42169.37109,42231.62891,42135.21094,42227.76172,45770839,42079.23559,41891.08045,64.97625356,95.65792411,0,0.9423542484,0.9740119438,
2024-09-25 13:30:00+00:00,42236.08984,42299.64063,42017.32813,42043.64063,0,42075.99969,41897.8609,44.38632915,103.1208147,-1,0.7038643676,0,0
2024-09-25 14:30:00+00:00,42044.62891,42086.26953,41998.5,42020.37891,45446030,42070.94325,41903.30615,43.1163636,103.4785156,0,0.6717042303,1.017062082,
2024-09-25 15:30:00+00:00,42020.51953,42026.48047,41955.83984,41979.08984,32872293,42062.59294,41906.67431,43.18335682,101.84375,0,0.6231654452,0.7367719001,
2024-09-25 16:30:00+00:00,41979.35156,41988.53125,41900.42188,41911.35938,27844866,42048.84444,41906.88254,37.55945427,103.6130022,0,0.5435425507,0.6308473739,
2024-09-25 17:30:00+00:00,41909.69141,41980.69922,41859.73047,41969.71094,30992158,42041.65048,41909.67491,39.01300977,109.0287388,0,0.6121397476,0.7576376925,
2024-09-25 18:30:00+00:00,41970.96094,41975.94141,41933.42969,41953.03906,27308066,42033.5949,41911.6022,39.24872524,108.296875,0,0.5925405485,0.7793330362,
2024-09-25 19:30:00+00:00,41952.16016,41952.16016,41894.07031,41923.26953,40260824,42023.56532,41912.12075,37.21641943,109.1040737,0,0.5575439467,1.086563831,
2024-09-26 13:30:00+00:00,42113.42188,42195.75,42036.28125,42073.62109,0,42028.11584,41919.29855,45.98487022,118.2229353,0,0.7342949248,0,
2024-09-26 14:30:00+00:00,42072.58984,42161.89063,42068.01953,42100.96875,48658067,42034.73884,41927.37278,43.54773037,111.8244978,0,0.7664444077,1.388338676,
2024-09-26 15:30:00+00:00,42100.03906,42196.26172,42091.87891,42159.46094,32940204,42046.07721,41937.68781,52.80354716,111.656808,0,0.8352069213,0.9401135267,
2024-09-26 16:30:00+00:00,42159.76953,42173.37109,42071.71094,42144.37109,24788710,42055.01302,41946.87373,50.83506667,113.5739397,0,0.8174675337,0.7213784499,
2024-09-26 17:30:00+00:00,42144.98828,42224.14844,42144.94141,42194.53906,27454694,42067.6972,41957.88108,55.49099708,115.4637277,0,0.876444224,0.8093696231,
2024-09-26 18:30:00+00:00,42193.67969,42196.17188,42126.5,42138.91016,27036203,42074.17111,41965.92682,48.19195564,112.1102121,0,0.8110477398,0.8207503287,
2024-09-26 19:30:00+00:00,42138.78125,42209.89063,42108.73047,42169.98047,41425488,42082.88105,41974.99587,46.43036411,112.4489397,0,0.84757352,1.357601611,
2024-09-27 13:30:00+00:00,42227.94922,42533.94141,42227.94922,42519.57031,0,42122.58007,41999.19918,74.41134513,118.280971,0,0.986754037,0,
2024-09-27 14:30:00+00:00,42512.55859,42628.32031,42482.71875,42617.87109,39354908,42167.60653,42026.6957,78.45603173,122.4118304,0,0.9911396262,1.385449346,
2024-09-27 15:30:00+00:00,42617.71875,42624.5,42412.75,42427.73828,34032037,42191.25487,42044.51982,68.71403153,132.4910714,0,0.829917259,1.179051338,
2024-09-27 16:30:00+00:00,42427.75,42436.80078,42341.17188,42365.87109,20074885,42207.12907,42058.8021,69.05179048,133.0281808,0,0.7774572218,0.6996163519,
2024-09-27 17:30:00+00:00,42365.73047,42404.28906,42322.82031,42326.17188,19099094,42217.95115,42070.6852,65.17914768,130.2067522,0,0.7437944261,0.675644383,
2024-09-27 18:30:00+00:00,42327.03125,42397.42969,42262.67188,42355.01172,24788307,42230.4112,42083.32193,66.94160452,136.7957589,0,0.7682490577,0.9107039628,
2024-09-27 19:30:00+00:00,42355.03125,42374.30078,42301.08984,42305.62109,37193366,42237.24846,42093.2019,65.8524656,137.813058,-1,0.7263684723,1.279067119,1
2024-09-30 13:30:00+00:00,42289.75,42302.32813,42078.42188,42213.69922,0,42235.10762,42098.55733,56.10341424,134.578683,0,0.4792699978,0,
2024-09-30 14:30:00+00:00,42213.23047,42309.26953,42195.25,42195.28906,29928679,42231.48775,42102.85652,54.14193672,136.0178571,0,0.4561483553,1.122647053,
2024-09-30 15:30:00+00:00,42193.66016,42228,42156.62109,42207.75,24808937,42229.32977,42107.51845,52.20988352,133.6604353,0,0.4528026672,0.935930904,
2024-09-30 16:30:00+00:00,42207.91016,42213.76172,42169.75,42170.39844,17522760,42223.97238,42110.31312,51.16732131,129.5426897,-1,0.4042051444,0.6782891463,1
2024-09-30 17:30:00+00:00,42170.91016,42205.53125,41929.07031,42025.67969,24651858,42205.94577,42106.55163,43.01877895,143.5915179,0,0.2159138845,0.9591807693,
2024-09-30 18:30:00+00:00,42029.67969,42165.26172,41991.89844,42158.67188,29178039,42201.64814,42108.86809,50.76789504,150.9980469,0,0.3889479007,1.160307686,
2024-09-30 19:30:00+00:00,42158.35938,42347.66016,42154.07813,42319.21094,56023260,42212.33567,42118.21666,55.26863807,157.5996094,0,0.5978227171,2.004555264,
2024-10-01 13:30:00+00:00,42262.96875,42268,41945.62891,42014.67969,0,42194.36695,42113.61502,31.58887344,158.2868304,0,0.2016019598,0,
2024-10-01 14:30:00+00:00,42015.51172,42132.71094,41965.03125,42126.17969,40888703,42188.1681,42114.17345,32.24114336,159.8638393,0,0.3466728333,1.577953061,
2024-10-01 15:30:00+00:00,42125.14063,42233.60156,42115.96875,42179.48047,30669078,42187.37832,42117.07598,40.04997401,153.141183,0,0.4160216305,1.170284497,
2024-10-01 16:30:00+00:00,42179.75,42182.28906,42001.55859,42013.05859,32518258,42171.53107,42112.45299,36.95295436,159.2198661,-1,0.1994927805,1.228973367,0
2024-10-01 17:30:00+00:00,42012.87109,42310.69922,42003.66016,42304.85938,30396750,42183.65183,42121.00438,49.33571968,175.3320313,1,0.5791501278,1.141545337,0
2024-10-01 18:30:00+00:00,42304.83984,42322.35938,42217.42188,42265.57813,27456849,42191.09967,42127.42988,47.23050832,173.2020089,0,0.5280419193,1.058912554,
2024-10-01 19:30:00+00:00,42265.01172,42265.01172,42138.60156,42157.21094,46432469,42188.01888,42128.75348,45.56613396,177.0424107,0,0.3870470982,1.64357417,
2024-10-02 13:30:00+00:00,42125.14063,42194.91016,41968.78906,42143.57813,0,42183.97881,42129.41236,47.8022718,176.9654018,0,0.3693096631,0,
2024-10-02 14:30:00+00:00,42143.41016,42248.10938,42122.53906,42237.75,36756354,42188.8671,42134.22736,51.2704713,177.7904576,0,0.4918351892,1.3912647,
2024-10-02 15:30:00+00:00,42237.48047,42259.51953,42149.39063,42186.67969,26120290,42188.66824,42136.55858,49.38379357,180.5583147,0,0.4253884193,0.9774953084,
2024-10-02 16:30:00+00:00,42186.41016,42188.53906,42109.37891,42143.67969,23718521,42184.57837,42136.87507,49.22117671,183.0689174,0,0.3694418044,0.8800078645,
2024-10-02 17:30:00+00:00,42143.44922,42227.92188,42111.69922,42154.76172,24873352,42181.86777,42137.67003,54.08050618,171.6233259,0,0.3838604587,0.9227089913,
2024-10-02 18:30:00+00:00,42155.69922,42235.73047,42148.19922,42209.19141,30332403,42184.35174,42140.84876,51.680479,165.4924665,0,0.4546780579,1.139723417,
2024-10-02 19:30:00+00:00,42209.07031,42232.76953,42183.01953,42194.98047,38063075,42185.31799,42143.25461,45.42193406,155.21875,0,0.4361884336,1.334751179,
2024-10-03 13:30:00+00:00,42099.53125,42125.83984,41847.80859,41972.46875,0,42165.96805,42135.66413,48.34438507,153.3323103,0,0.1597159316,0,
2024-10-03 14:30:00+00:00,41972.26172,42031.35156,41896.44922,41984.82813,30413280,42149.50079,42128.96031,43.98831754,150.9910714,0,0.1755508956,1.114008346,
2024-10-03 15:30:00+00:00,41985.07813,42112.89844,41982.80078,42084.78906,20962852,42143.6179,42126.99714,46.12650962,151.8814174,0,0.3036219227,0.7630410892,
2024-10-03 16:30:00+00:00,42085.10156,42085.10156,41864.10156,41897.03906,24283551,42121.20165,42116.77678,45.33544409,154.7578125,-1,0.0630746055,0.8845063637,0
2024-10-03 17:30:00+00:00,41897.12891,41978.83984,41882.17188,41960.46875,18052979,42106.58956,42109.82976,33.03925265,139.7313058,0,0.1443414026,0.6711618365,
2024-10-03 18:30:00+00:00,41960.53125,41979.92969,41904.46094,41954.46875,22182972,42092.7604,42102.92483,34.15902238,137.6263951,0,0.1366541382,0.8800640963,
2024-10-03 19:30:00+00:00,41954.87109,42032.85156,41928.55078,42004.37891,36730994,42084.72572,42098.54501,41.72556583,136.0066964,0,0.2005995666,1.358262313,
2024-10-04 13:30:00+00:00,42248.26172,42313.57813,42022.67969,42053.28125,0,42081.86713,42096.53328,45.29109798,141.9408482,0,0.2632537748,0,
2024-10-04 14:30:00+00:00,42054.33984,42129.37891,41972.10938,42008.62891,33273945,42075.20911,42092.62642,37.40081539,144.2050781,0,0.2060447123,1.324154575,
2024-10-04 15:30:00+00:00,42009.03906,42171.62891,41989.37891,42112.87891,24456132,42078.63364,42093.52653,46.1659909,149.3565848,0,0.3396109323,0.9891121248,
2024-10-04 16:30:00+00:00,42112.80859,42245.12109,42097.82813,42217.35938,18934338,42091.24507,42099.03022,53.59788804,154.2232143,0,0.4734724314,0.7839585647,
2024-10-04 17:30:00+00:00,42217.23047,42228.60938,42104.14844,42173.82031,20452667,42098.75191,42102.35422,50.90206519,154.8116629,0,0.4176897168,0.8592832335,
2024-10-04 18:30:00+00:00,42173.94922,42286.44922,42163.71094,42282.32813,24204103,42115.44065,42110.35306,53.29306773,157.3264509,0,0.556711092,1.066702213,
2024-10-04 19:30:00+00:00,42282.44141,42361.37891,42269.57813,42344.14844,40455251,42136.23227,42120.74397,56.44034581,160.3300781,0,0.6359159406,1.636979453,
2024-10-07 13:30:00+00:00,42289.51172,42293.64063,42133.89063,42228.46875,0,42144.61741,42125.53173,62.17607146,150.5505022,0,0.4877058821,0,
2024-10-07 14:30:00+00:00,42226,42251.89844,42154.35938,42218.30078,29279004,42151.31589,42129.6548,61.12780527,147.8816964,0,0.4746785712,1.271150321,
2024-10-07 15:30:00+00:00,42218.76172,42220.98047,42060.98828,42105.26172,23941878,42147.12915,42128.57067,50.96375572,150.0170201,0,0.3298517099,1.038934835,
2024-10-07 16:30:00+00:00,42105.44922,42142.14063,42080.01953,42103.78125,19754527,42143.18843,42127.46891,61.80224779,138.6685268,0,0.3279549174,0.8668563421,
2024-10-07 17:30:00+00:00,42088.01953,42104.98047,41986.55078,41997.05078,19798238,42129.90319,42121.67255,51.98997046,140.2229353,0,0.1912106941,0.8893292389,
2024-10-07 18:30:00+00:00,41997.19141,41997.19141,41831.73828,41956.94141,37146637,42114.17939,42114.35117,50.12969345,146.6503906,0,0.1571754321,1.672054245,
2024-10-07 19:30:00+00:00,41956.57031,42012.10938,41902.62109,41952.67969,37638074,42099.4976,42107.16577,47.15193823,147.0209263,0,0.151825426,1.561870817,
2024-10-08 13:30:00+00:00,42022.64844,42096.42969,41874.71875,41928.78125,0,42083.97793,42099.23757,42.94711219,140.7717634,0,0.1218242001,0,
2024-10-08 14:30:00+00:00,41929.12109,42015.28906,41893.05859,42009.48828,30840458,42077.20615,42095.24871,50.04677268,138.2689732,0,0.2231408606,1.336746297,
2024-10-08 15:30:00+00:00,42009.57031,42043.48047,41982.75,42033.19922,20689873,42073.20552,42092.49096,45.24659539,129.5890067,0,0.2541254613,0.9038192978,
2024-10-08 16:30:00+00:00,42033.35938,42051.94141,41936.73828,41975.42969,20514214,42064.31681,42087.28823,34.71550414,127.296875,-1,0.2374819234,0.8913540031,0
2024-10-08 17:30:00+00:00,41975.69922,42046.21875,41963.21094,42045.42188,24278868,42062.59908,42085.42751,42.15048525,124.3359375,0,0.3732133476,1.050148574,
2024-10-08 18:30:00+00:00,42045.33984,42092.39063,42035.46094,42079.87109,31907429,42064.16927,42085.18055,36.3906584,119.6353237,0,0.4386363479,1.394660197,
2024-10-08 19:30:00+00:00,42080.41016,42128.55859,42072.33984,42075.32031,40443897,42065.183,42084.74232,30.42172102,117.09375,0,0.4489474139,1.6242218,
2024-10-09 13:30:00+00:00,42070.32031,42289.16016,41993.35156,42168.44922,0,42074.57084,42088.46263,45.4804304,123.2045201,1,0.6357347258,0,1
2024-10-09 14:30:00+00:00,42168.03125,42368.51953,42148.32813,42347.28125,31990902,42099.36269,42099.96568,57.7450847,131.9654018,0,0.9604340106,1.354770693,
2024-10-09 15:30:00+00:00,42347.12109,42485.76172,42342.26172,42425.44922,27721113,42129.00692,42114.43161,70.06717785,130.7873884,0,0.9077823568,1.152508137,
2024-10-09 16:30:00+00:00,42425.03125,42497.83984,42394.51953,42473.66016,19605897,42160.33903,42130.39733,71.8987775,133.7301897,0,0.9636996986,0.8165545149,
2024-10-09 17:30:00+00:00,42473.60938,42482.28906,42371.08984,42429.17188,20650254,42184.77838,42143.67619,77.61943045,133.2137277,0,0.8969106626,0.8664626788,
2024-10-09 18:30:00+00:00,42429.58984,42510.44922,42414.85156,42506.96094,25067026,42214.06771,42159.82218,83.5395338,128.2240513,0,0.9948604317,1.086874021,
2024-10-09 19:30:00+00:00,42507.14063,42562.01172,42480.87109,42514.01953,35281618,42241.33605,42175.56429,84.11347181,126.1992188,0,0.9342818936,1.42107037,
2024-10-10 13:30:00+00:00,42511.37109,42511.37109,42368.21875,42398.96094,0,42255.66559,42185.49303,75.72340807,120.7770647,0,0.7767263974,0,
2024-10-10 14:30:00+00:00,42398.82813,42459.39844,42332.53906,42422.60156,26292235,42270.84159,42196.03118,74.10657707,121.1077009,0,0.8090986895,1.119720815,
2024-10-10 15:30:00+00:00,42422.98828,42500.35938,42395.14844,42498.16016,19607161,42291.50691,42209.45914,75.58398459,124.2848772,0,0.9125648569,0.8352822702,
2024-10-10 16:30:00+00:00,42498.10156,42500.71094,42336.98047,42402.60156,18861754,42301.60642,42218.04325,72.5662402,127.7511161,0,0.7817116876,0.805133319,
2024-10-10 17:30:00+00:00,42402.03125,42417.94141,42314.75,42355.30859,18313177,42306.48844,42224.14393,66.77266173,129.1928013,0,0.7169510564,0.8144547985,
2024-10-10 18:30:00+00:00,42355.41016,42371.37891,42308.03906,42358.57813,21011811,42311.22387,42230.11878,65.61199438,129.6506696,0,0.7214281894,0.9703483523,
2024-10-10 19:30:00+00:00,42358.67969,42472.67969,42357.26953,42454.83984,31515059,42324.27986,42240.10638,69.27833006,133.8786272,0,0.8532441829,1.356674605,
2024-10-11 13:30:00+00:00,42507.53125,42786.82031,42507.53125,42772.64063,0,42365.03993,42263.77457,74.98747985,136.4623326,0,0.985153435,0,
2024-10-11 14:30:00+00:00,42772.73828,42812.05859,42739.76172,42785.30859,31929746,42403.24618,42286.95386,71.00197406,125.8984375,0,0.9727130004,1.435070044,
2024-10-11 15:30:00+00:00,42785.53906,42835.48047,42702.83984,42722.78125,23474765,42432.29482,42306.32397,64.47316882,125.1227679,-1,0.8877209505,1.04809121,0
2024-10-11 16:30:00+00:00,42723.07031,42774.44141,42707.21875,42751.62109,17791948,42461.32448,42326.11495,63.79031008,122.5443638,0,0.9164532725,0.8060397124,
2024-10-11 17:30:00+00:00,42751.64844,42862.01953,42742.01953,42825.60938,18702188,42494.44129,42348.3147,69.1088751,123.1729911,0,0.9646599836,0.8734023228,
2024-10-11 18:30:00+00:00,42824.73828,42886.71875,42784.73047,42876.14844,23913522,42529.14194,42371.77398,68.275478,123.6294643,0,0.989980561,1.161611336,
2024-10-11 19:30:00+00:00,42876.28906,42899.75,42854.73047,42865.19141,36555531,42559.69189,42393.70364,67.31683451,121.0493862,0,0.9676421212,1.630903258,
2024-10-14 13:30:00+00:00,42800.89063,42904.44922,42707.14063,42877.08984,0,42588.54625,42415.18748,76.24772157,124.7285156,1,0.9744951095,0,1
2024-10-14 14:30:00+00:00,42879.16016,42990.87891,42879.16016,42973.03906,27317001,42623.50014,42439.98088,77.99472337,123.7949219,0,0.9846094224,1.31366253,
2024-10-14 15:30:00+00:00,42973.53125,43062.78125,42964.32031,43047.46875,19715528,42662.04274,42466.98034,77.96942563,123.312779,0,0.9875613603,0.9478611848,
2024-10-14 16:30:00+00:00,43047.46875,43075.37891,43026.62109,43042.05078,14265950,42696.58893,42492.53903,85.85000285,115.1004464,0,0.9732011609,0.6965523468,
2024-10-14 17:30:00+00:00,43041.05859,43076.60156,42995.32813,43066.78906,17961035,42730.24349,42518.06125,90.92330714,113.5348772,1,0.9921176083,0.8924515518,1
2024-10-14 18:30:00+00:00,43066.94922,43111.44922,43063.76953,43081.19141,20147610,42762.14784,42543.08926,91.03808117,112.4162946,0,0.9763557444,1.040209456,
2024-10-14 19:30:00+00:00,43081.08984,43139,43066.69141,43077.73828,36189963,42790.83788,42566.85144,89.54361497,109.3376116,0,0.9531373727,1.708822916,
2024-10-15 13:30:00+00:00,43240.17188,43277.78125,42760.53906,42886.35938,0,42799.52165,42581.05179,58.59958408,122.5705915,0,0.7293151839,0,
2024-10-15 14:30:00+00:00,42885.42188,43004.10156,42839.69141,42988.37109,50133284,42816.68978,42599.15487,63.52791772,129.1501116,0,0.799860611,2.343772744,
2024-10-15 15:30:00+00:00,42987.78906,43000.08984,42886.19141,42996.60156,29320524,42833.0454,42616.81917,69.66437757,127.8113839,0,0.805552329,1.338046587,
2024-10-15 16:30:00+00:00,42996.35938,43002.46094,42877.67188,42895.12109,23560667,42838.68865,42629.18814,59.33181596,131.9232701,0,0.7353742838,1.062473111,
2024-10-15 17:30:00+00:00,42894.76953,42952.92188,42794.28125,42807.94922,22646627,42835.89415,42637.13308,48.8709186,134.6833147,0,0.6750912377,1.017503651,
2024-10-15 18:30:00+00:00,42808.01172,42821.23828,42725.39844,42761.94922,29648201,42829.17189,42642.68046,42.65618328,134.2441406,0,0.6432802881,1.337691585,
2024-10-15 19:30:00+00:00,42761.57031,42775.85938,42703.17188,42752.51953,51810554,42822.20349,42647.5622,42.74014115,136.2204241,0,0.6367592595,2.092997819,
2024-10-16 13:30:00+00:00,42706.48828,42957.42188,42692.37109,42917.91016,0,42830.9041,42659.57766,52.19585792,141.0591518,1,0.7511338864,0,1
2024-10-16 14:30:00+00:00,42917.76953,42977.64063,42888.48828,42932,33904351,42840.09463,42671.68532,47.57917343,139.2993862,0,0.7608776105,1.431818488,
2024-10-16 15:30:00+00:00,42930.96094,43009.57813,42911.82031,42989.41016,26074664,42853.66877,42685.80643,46.50504385,139.2491629,0,0.8005791667,1.082234441,
2024-10-16 16:30:00+00:00,42989.30859,43016.44922,42959.12109,42972.44141,23141805,42864.46628,42698.54576,45.86719359,139.8613281,0,0.7888445569,0.9517368127,
2024-10-16 17:30:00+00:00,42971.82031,43098.14063,42962.19141,43077.94922,23536457,42883.87382,42715.40813,50.60460746,143.7667411,1,0.861807681,0.968718499,0
2024-10-16 18:30:00+00:00,43077.85156,43095.14063,43048.91016,43059.89844,25276659,42899.87606,42730.71882,48.85098418,143.6632254,0,0.8493248007,1.065063189,
2024-10-16 19:30:00+00:00,43059.76953,43100.83984,43052.60938,43077.14844,37714164,42915.99173,42746.11569,49.96863771,141.9433594,0,0.8570036527,1.472159916,
2024-10-17 13:30:00+00:00,43119.80859,43289.76172,43119.80859,43181.19141,0,42940.10079,42765.45239,67.28135289,120.1841518,0,0.9232741939,0,
2024-10-17 14:30:00+00:00,43179.19922,43239.30859,43123.85938,43235.73828,27847464,42966.97693,42786.35398,65.35354417,116.686942,0,0.9613207442,1.129302291,
2024-10-17 15:30:00+00:00,43236.16016,43253.96094,43180.42188,43219.64844,24540870,42989.94707,42805.61151,63.71027382,113.8041295,0,0.9481802907,0.9748984486,
2024-10-17 16:30:00+00:00,43219.51953,43286.10938,43199.89844,43259.35938,19496534,43014.43909,42825.77808,74.22892036,111.0485491,1,0.9775300687,0.772154642,0
2024-10-17 17:30:00+00:00,43259.35938,43286.07031,43164.64063,43208.87109,24014394,43032.11473,42842.80444,78.03741381,108.390625,0,0.9390218406,0.9438559521,
2024-10-17 18:30:00+00:00,43209.32031,43265.80078,43205.85156,43243.71094,22317619,43051.35075,42860.62251,84.22495657,105.8270089,0,0.9644782317,0.9017496007,
2024-10-17 19:30:00+00:00,43242.92188,43268.94141,43229.67969,43239.51172,34293390,43068.45629,42877.46203,84.85556761,103.4394531,0,0.9612391188,1.295854928,
2024-10-18 13:30:00+00:00,43187.12109,43252.89844,43036.35156,43095.57813,0,43070.92191,42887.15608,63.11921313,99.97488839,0,0.8502143841,0,
2024-10-18 14:30:00+00:00,43095.53125,43178.73828,43092.44922,43170.08984,31635646,43079.93718,42899.73091,66.14057295,99.7703683,0,0.8951565158,1.314154516,
2024-10-18 15:30:00+00:00,43170.01172,43255.55859,43165.85156,43244.03906,24689223,43094.85553,42915.03349,66.88319425,99.1953125,0,0.9534260965,1.023199548,
2024-10-18 16:30:00+00:00,43243.57031,43315.16016,43229.96875,43251.53125,24689302,43109.09878,42929.98895,68.74058997,101.1855469,0,0.9368209974,1.018890119,
2024-10-18 17:30:00+00:00,43252.39063,43325.08984,43205.37109,43310.33984,18371824,43127.39342,42946.89343,66.64894272,100.0262277,0,0.9854972827,0.7762388527,
2024-10-18 18:30:00+00:00,43310.39844,43317.26953,43239.44922,43249.91016,22481480,43138.53131,42960.36084,62.8335488,102.2826451,-1,0.9260806944,1.012620333,1
2024-10-18 19:30:00+00:00,43249.85156,43285.94141,43236.21875,43275.35156,32146341,43150.96951,42974.36043,63.2402981,102.3892299,0,0.9510955774,1.350198179,
2024-10-21 13:30:00+00:00,43222.21094,43310.87109,43113.85156,43120.46875,0,43148.19672,42980.85413,46.2016254,101.2753906,0,0.7988093638,0,
2024-10-21 14:30:00+00:00,43121.69141,43143.42969,42887.42188,42896.14063,35104358,43125.28253,42977.08909,32.47880818,111.3152902,0,0.5782420832,1.555707961,
2024-10-21 15:30:00+00:00,42895.10156,43000.78906,42877.57031,42950.76172,23092842,43109.417,42975.91898,36.65755655,114.8638393,0,0.6319474584,1.023508713,
2024-10-21 16:30:00+00:00,42950.35156,43004.71875,42935.69922,42972.01953,17860870,43096.92632,42975.74568,35.47590935,113.6358817,0,0.6528488852,0.8017034606,
2024-10-21 17:30:00+00:00,42971.94141,42976.28125,42906.01172,42919.01172,17647342,43080.75226,42973.22417,35.38577888,109.9815848,0,0.6007297448,0.8059183631,
2024-10-21 18:30:00+00:00,42918.96094,42955.94141,42890.01172,42927.82031,22428742,43066.84936,42971.20622,33.64399786,110.4087612,0,0.6093906631,1.061318097,
2024-10-21 19:30:00+00:00,42927.48828,42937.60156,42880.76953,42937.60156,35141512,43055.09956,42969.71268,34.45771212,111.6637835,0,0.5996278687,1.535235079,
2024-10-22 13:30:00+00:00,42876.83984,42876.83984,42728.51953,42748.48047,0,43027.2251,42959.88013,32.92584038,111.1305804,0,0.2947179818,0,
2024-10-22 14:30:00+00:00,42747.71094,42886.14844,42718.26172,42850.53125,34801646,43011.16202,42955.02018,34.69518332,116.9589844,0,0.2499691312,1.581127357,
2024-10-22 15:30:00+00:00,42850.58984,42894.05078,42837.32813,42890.60156,24687406,43000.20198,42952.15713,32.50485332,114.6029576,0,0.3132995012,1.108540089,
2024-10-22 16:30:00+00:00,42890.39844,42946.82813,42888.58984,42924.42969,26532635,42993.31359,42950.9248,34.21990894,112.6777344,0,0.366764212,1.184698428,
2024-10-22 17:30:00+00:00,42924.69922,43041.05078,42912.89063,42986.69922,27454100,42992.71228,42952.51478,34.43883492,113.280692,0,0.4651800267,1.21194461,
2024-10-22 18:30:00+00:00,42986.75,42988.39844,42932.82031,42967.5,25531350,42990.42026,42953.18079,35.86065814,111.6919643,0,0.4348360251,1.149293013,
2024-10-22 19:30:00+00:00,42968.39063,43008.76953,42923.32031,42925.42188,37940539,42984.51131,42951.94706,32.76725737,114.2438616,0,0.3683323455,1.573522006,
2024-10-23 13:30:00+00:00,42834.39844,42834.39844,42625.48828,42721.25,0,42960.57847,42941.69386,31.25018346,121.5948661,0,0.1368803672,0,
2024-10-23 14:30:00+00:00,42721.39063,42745.48828,42529.53906,42531.12891,37069743,42921.5376,42923.44652,32.28763472,118.7335379,0,0.001998418941,1.60134694,
2024-10-23 15:30:00+00:00,42531.21094,42636.35938,42524.75,42527.51953,39971146,42885.71777,42905.84977,28.39223038,117.9042969,0,0.00346044405,1.671510143,
2024-10-23 16:30:00+00:00,42527.87891,42583.92969,42449.28906,42472.44141,31552401,42848.14719,42886.58718,25.34640563,122.5915179,0,0.02643562811,1.284067846,
2024-10-23 17:30:00+00:00,42472.67969,42472.67969,42293.17188,42360.35938,33689360,42803.80285,42863.19927,23.95000383,130.3942522,0,0.06510934205,1.340463688,
2024-10-23 18:30:00+00:00,42360.48828,42525.85156,42356.60938,42491.71875,33379958,42775.43157,42846.68903,31.75032857,137.7737165,0,0.1924056766,1.324901319,
2024-10-23 19:30:00+00:00,42491.19922,42528.67188,42465.53906,42508.92969,46726078,42751.20412,42831.6775,32.17209919,138.2237723,0,0.2090842674,1.697241456,
2024-10-24 13:30:00+00:00,42522.55078,42522.55078,42337.17188,42424.23047,61508351,42721.47924,42813.56874,35.23220563,136.530692,-1,0.1270048567,2.131946038,1
2024-10-24 14:30:00+00:00,42425.26172,42447.01172,42334.42969,42338.32031,29680779,42686.64661,42792.44659,26.32352516,132.5803571,0,0.04375196369,1.017154822,
2024-10-24 15:30:00+00:00,42338.67969,42343.03906,42191.82813,42279.89844,25882518,42649.66951,42769.66667,22.24175278,139.3295201,0,0.07771400996,0.8749627378,
2024-10-24 16:30:00+00:00,42279.96875,42372.78906,42276.87109,42372.23828,20372360,42624.44849,42752.00319,26.16887342,142.0209263,0,0.1591954914,0.6855333932,
2024-10-24 17:30:00+00:00,42372.25,42412.67188,42307.85938,42346.35938,21604471,42599.16766,42733.97458,21.46842899,140.3532366,0,0.1363597194,0.7280037657,
2024-10-24 18:30:00+00:00,42346.35938,42397.98047,42307.46094,42384.08984,23891105,42579.61513,42718.42414,24.42734498,142.8490513,0,0.1696534133,0.8206110922,
2024-10-24 19:30:00+00:00,42384.69141,42411.60938,42366.67969,42373.41016,34827083,42560.86922,42703.09019,25.11875878,139.9547991,0,0.1602295641,1.128728312,
2024-10-25 13:30:00+00:00,42477.51172,42594.64063,42477.51172,42554.03906,0,42560.2483,42696.46569,42.2997496,134.3331473,0,0.3196180825,0,
2024-10-25 14:30:00+00:00,42553.35156,42554.96094,42338.28906,42339.82813,34764627,42540.2101,42680.61514,41.38160419,134.3847656,0,0.1305964876,1.173730002,
2024-10-25 15:30:00+00:00,42340.03125,42354.46875,42267.5,42350.71094,25758162,42522.9829,42665.95273,42.08636238,132.624721,0,0.140199576,0.8707904712,
2024-10-25 16:30:00+00:00,42349.78125,42358.64844,42152.55078,42185.69922,21842296,42492.32075,42644.60813,38.31576066,137.7287946,0,0.02827064663,0.7454806145,
2024-10-25 17:30:00+00:00,42183.78125,42183.78125,42051.39063,42162.17188,33364339,42462.30722,42623.16651,41.29605358,134.500279,0,0.0869759896,1.123708879,
2024-10-25 18:30:00+00:00,42162.37109,42207.16016,42114.75,42144.76953,23333411,42433.44016,42601.90443,33.06796909,129.0122768,0,0.07331315343,0.8056864057,
2024-10-25 19:30:00+00:00,42143.78906,42148.96875,42085.67188,42112.26953,36666417,42404.24283,42580.14288,30.92657638,129.0239955,0,0.04779692517,1.190691136,
2024-10-28 13:30:00+00:00,42264.53906,42463.12891,42264.53906,42452.35156,0,42408.61635,42574.46326,51.08558296,140.844029,0,0.3148003324,0,
2024-10-28 14:30:00+00:00,42451.01172,42476.46094,42406.30859,42422.17188,30031706,42409.84867,42567.69476,53.38253925,137.8133371,0,0.2911058157,1.055827158,
2024-10-28 15:30:00+00:00,42421.32813,42422.66016,42331.17188,42411.71094,22210986,42410.01797,42560.76214,55.53129549,133.547433,0,0.2828927797,0.7939101367,
2024-10-28 16:30:00+00:00,42411.75,42428.85156,42363.64063,42409.96875,20711294,42410.01349,42554.06021,51.71359129,131.3540737,0,0.2815249627,0.7578837753,
2024-10-28 17:30:00+00:00,42409.96094,42445.60938,42407.57031,42416.42188,18803524,42410.59607,42547.94295,53.23915886,126.5845424,1,0.2865914061,0.7069266298,1
2024-10-28 18:30:00+00:00,42416.89063,42456.41016,42396.80078,42438.17188,23946024,42413.10296,42543.06424,52.5378431,124.3766741,0,0.3036676511,0.9405361243,
2024-10-28 19:30:00+00:00,42438.23047,42461.82031,42380.21094,42395.07813,38465342,42411.46434,42536.48708,50.98676837,126.9966518,-1,0.2698341138,1.5824265,1
2024-10-29 13:30:00+00:00,42323.48047,42491.85938,42171.64844,42391.92969,0,42409.68846,42530.06231,41.19397031,134.0666853,0,0.2673622292,0,
2024-10-29 14:30:00+00:00,42395.60938,42435.89063,42297.58984,42314.87109,51332927,42401.0687,42520.49825,48.40691591,128.46875,-1,0.2068623933,2.130323706,1
2024-10-29 15:30:00+00:00,42314.12109,42369.17188,42297.82031,42309.75,30765785,42392.767,42511.13166,47.36596198,127.3532366,0,0.2028417472,1.249830042,
2024-10-29 16:30:00+00:00,42309.48828,42384.64844,42267.87891,42316.12891,31559685,42385.7999,42502.46487,60.53724485,120.9726563,1,0.2078499204,1.256670272,1
2024-10-29 17:30:00+00:00,42315.96094,42334.76953,42274.60156,42323.51172,24397026,42380.13734,42494.5114,63.38355854,115.6768973,0,0.2136462752,0.9704839188,
2024-10-29 18:30:00+00:00,42324.89844,42352.41016,42298.76172,42318.5,32530851,42374.53395,42486.68867,64.7138613,112.9082031,0,0.2110070511,1.299974619,
2024-10-29 19:30:00+00:00,42318.28125,42320.53906,42228.67188,42248.42188,48841929,42363.06921,42476.09904,60.84116626,114.9489397,0,0.1564385117,1.778248238,
2024-10-30 13:30:00+00:00,42249.80859,42436.98828,42144.39844,42387.89063,0,42365.3257,42472.17866,42.4576767,110.7868304,0,0.2671736548,0,
2024-10-30 14:30:00+00:00,42388.01172,42415.48828,42339.37891,42370.01172,37277797,42365.75171,42467.63791,43.71605787,111.2123326,0,0.2917671214,1.417187581,
2024-10-30 15:30:00+00:00,42369.91016,42457.92188,42364.17969,42394.05078,31295048,42368.32435,42464.36737,47.93981207,111.3733259,1,0.3462402261,1.168741581,1
2024-10-30 16:30:00+00:00,42393.89063,42395.80859,42304.46094,42317.10938,24762319,42363.66844,42457.82257,40.78418906,113.2402344,0,0.2684949458,0.9398675982,
2024-10-30 17:30:00+00:00,42317.08984,42327.42969,42240.5,42275.10156,30335477,42355.61691,42449.70164,36.89924389,116.7324219,0,0.226048241,1.136300337,
2024-10-30 18:30:00+00:00,42274.85156,42287.92969,42196.92188,42223.37891,28292505,42343.59527,42439.64285,31.13640574,118.9751674,0,0.173785193,1.076660815,
2024-10-30 19:30:00+00:00,42223.62109,42232.62109,42141.71875,42170.67188,55214510,42327.87496,42427.68858,30.6193914,119.6389509,0,0.1205274854,1.901408814,
2024-10-31 13:30:00+00:00,41956.33984,41991.91016,41836.76953,41848.12891,0,42284.26168,42401.93038,19.73301446,120.6169085,0,0.009432493448,0,
2024-10-31 14:30:00+00:00,41848,41886.17969,41704.62891,41777.46875,49502702,42238.1896,42374.17653,19.87457136,123.7061942,0,0.05450363026,1.712793303,
2024-10-31 15:30:00+00:00,41777.80859,41881.67188,41770.71094,41870.21875,40895343,42204.7377,42351.7784,27.56509949,126.5354353,0,0.1239053676,1.367236985,
2024-10-31 16:30:00+00:00,41869.35156,41976.66016,41853.12891,41945.78906,31771700,42181.19692,42333.73443,32.34394729,127.0184152,0,0.1804521168,1.039672034,
2024-10-31 17:30:00+00:00,41945.55078,41947.05859,41846.64063,41909.82031,33287252,42156.52632,42314.8938,30.80046845,129.8934152,0,0.1535378985,1.072868311,
2024-10-31 18:30:00+00:00,41910.12109,41956.71875,41858.46094,41919.07813,40441752,42134.94012,42297.302,31.5354945,133.0797991,0,0.1644371892,1.299323779,
2024-10-31 19:30:00+00:00,41917.76172,41960.57031,41751.14063,41753.76172,69623645,42100.28754,42273.14465,28.98340022,141.4771205,0,0.03767447433,2.011871202,
2024-11-01 13:30:00+00:00,41869.82031,42281.87891,41869.82031,42281.87891,0,42116.79584,42273.53284,46.61408364,158.3005022,0,0.5109449176,0,
2024-11-01 14:30:00+00:00,42283,42326.30859,42131.35156,42320.69141,79248594,42135.3318,42275.62878,48.445541,166.7896205,0,0.591878706,2.299466354,
2024-11-01 15:30:00+00:00,42320.96094,42323.17969,42191.92188,42193.14844,54674220,42140.58786,42271.96298,44.05585515,169.469308,-1,0.5243142171,1.53494617,1
2024-11-01 16:30:00+00:00,42189.28906,42244.80859,42096.83984,42205.17969,37924303,42146.45985,42268.99484,46.55602617,173.5136719,0,0.5624092028,1.044861852,
2024-11-01 17:30:00+00:00,42205.60938,42206.89844,42020.71875,42091.78906,36248884,42141.48977,42261.11902,44.59698441,180.6029576,-1,0.4350056837,0.9936128599,1
2024-11-01 18:30:00+00:00,42092.01172,42158.26953,42055.55078,42056.10938,44625587,42133.72792,42252.00748,45.02277012,181.4394531,0,0.3949166751,1.23033515,
2024-11-01 19:30:00+00:00,42056.26953,42083.14844,42005.55859,42046.37891,50599172,42125.7871,42242.86844,46.20449606,180.4885603,0,0.3839837081,1.3040674,
2024-11-04 14:30:00+00:00,42004.66016,42035.87109,41850.21094,41938.78125,0,42108.78657,42229.35345,53.18654038,170.6503906,0,0.2630890569,0,
2024-11-04 15:30:00+00:00,41938.76953,41960.01172,41850.67188,41852.64844,39280097,42085.50128,42212.61101,52.61422106,165.4924665,0,0.1663118902,1.052058949,
2024-11-04 16:30:00+00:00,41852.08984,41853.92969,41647.30078,41822.87891,37653449,42061.62652,42195.28958,48.27844843,172.3258929,0,0.185338056,0.9913769793,
2024-11-04 17:30:00+00:00,41823.17188,41884.25,41773.28906,41845.46875,27635308,42041.97582,42179.74199,46.20555766,171.4280134,0,0.2091836104,0.7302051385,
2024-11-04 18:30:00+00:00,41845.26953,41865.69922,41806.82031,41807.64844,25041370,42020.67333,42163.2045,46.14093069,168.4609375,0,0.1692609651,0.66452002,
2024-11-04 19:30:00+00:00,41806.82813,41853,41791.64844,41813.80859,24867875,42001.86744,42147.67579,46.01460528,165.8247768,0,0.1757635484,0.6876024974,
2024-11-04 20:30:00+00:00,41814.26172,41821.85938,41761.17188,41799.82031,43654969,41983.49952,42132.21554,51.96938772,155.2003348,-1,0.160997695,1.138365643,0
2024-11-05 14:30:00+00:00,41835.48828,42122.67969,41772.21094,42077.19922,0,41992.01768,42129.77037,38.85945367,142.5111607,0,0.4537953727,0,
2024-11-05 15:30:00+00:00,42077.16016,42176.57031,42059.53906,42094.87891,32933682,42001.3687,42128.21964,37.41980693,136.9450335,0,0.4931120111,0.928347612,
2024-11-05 16:30:00+00:00,42095.16016,42190.69922,42090.07813,42161.42188,27040594,42015.91899,42129.6953,48.10359481,134.7566964,0,0.6087453228,0.7673476861,
2024-11-05 17:30:00+00:00,42161.48828,42258.83984,42150.66016,42155.35156,24902112,42028.59467,42130.83558,47.00022576,131.9146205,0,0.6015577664,0.7151714208,
2024-11-05 18:30:00+00:00,42154.73828,42201.35156,42101.82813,42153.92969,21841697,42039.98877,42131.86198,54.32395407,125.7248884,0,0.5998741946,0.6444921848,
2024-11-05 19:30:00+00:00,42153.82813,42178.46875,42114,42151.48828,23742791,42050.12509,42132.73426,56.95867034,122.9927455,0,0.5969834464,0.7514555635,
2024-11-05 20:30:00+00:00,42150.92969,42230.01953,42128.60156,42227.73828,37057438,42066.27174,42136.95666,62.0609751,124.6947545,1,0.6872672948,1.107891814,1
2024-11-06 14:30:00+00:00,42850.39844,43624.10938,42850.39844,43610.12109,0,42206.62168,42202.43064,91.23448152,210.4235491,0,0.9929238059,0,
2024-11-06 15:30:00+00:00,43608.71094,43609.30859,43453.78125,43532.42969,62769660,42327.14968,42261.54171,91.61608498,213.780692,0,0.9536223751,2.09995538,
2024-11-06 16:30:00+00:00,43532.26953,43615.67969,43510.60156,43558.71875,41209955,42439.11051,42319.19402,93.07921243,206.5270647,0,0.9669211146,1.371140805,
2024-11-06 17:30:00+00:00,43558.17188,43680.05859,43556.94141,43676.98047,36284828,42551.64414,42379.54008,93.39295928,207.3953683,0,0.9984857394,1.207199413,
2024-11-06 18:30:00+00:00,43676.42188,43711.89063,43640.26172,43662.32813,41356038,42652.61541,42436.55289,94.42961787,208.3060826,0,0.9759940212,1.383443438,
2024-11-06 19:30:00+00:00,43662.75,43769.78125,43635.92188,43727.10938,45726056,42750.29668,42493.91095,94.58179283,213.4852121,0,0.9798952802,1.542199544,
2024-11-06 20:30:00+00:00,43726.85156,43778.78125,43689.37891,43726.71875,65828523,42839.06232,42548.70241,95.18495856,215.5362723,0,0.9755744888,1.998357042,
2024-11-07 14:30:00+00:00,43718.92188,43810.28906,43641.92188,43759.98047,0,42922.78215,42602.53699,94.56241544,202.5290179,1,0.9767411621,0,1
2024-11-07 15:30:00+00:00,43756.01953,43778.66016,43677.96875,43704.25,49083542,42993.82469,42651.50201,91.77649924,201.3618862,0,0.9509756648,1.555796351,
2024-11-07 16:30:00+00:00,43704.66016,43781.92188,43702.39063,43770.37109,32372124,43064.41981,42701.22953,91.77469771,199.8554688,0,0.9815449907,1.018450498,
2024-11-07 17:30:00+00:00,43770.35156,43795,43716.05078,43747.48047,26657339,43126.51624,42747.72957,90.98003809,197.7675781,0,0.9709621202,0.8365327695,
2024-11-07 18:30:00+00:00,43747.71094,43772.53906,43691.96094,43716.28906,28881968,43180.13195,42790.77666,89.60682725,196.4143415,0,0.9565416046,0.9006710534,
2024-11-07 19:30:00+00:00,43717.35938,43823.10156,43646.51172,43779.62891,41739769,43234.63167,42834.72565,90.03819346,204.4229911,0,0.980019928,1.305534366,
2024-11-07 20:30:00+00:00,43779.14844,43806.39063,43716.80078,43727.26172,49575589,43279.41622,42874.39392,87.31361563,203.578125,0,0.9559519214,1.439051449,
2024-11-08 14:30:00+00:00,43768.53125,43981.23828,43733.85938,43957.30078,0,43341.04209,42922.52311,70.25533971,121.9785156,0,0.9897437271,0,
2024-11-08 15:30:00+00:00,43956.98828,44052.89063,43956.35156,44046.44141,52225249,43405.1693,42972.47503,79.59338806,117.7070313,0,0.9973190697,1.533207791,
2024-11-08 16:30:00+00:00,44046.05859,44048.03125,43950.12891,43976.23828,37979474,43457.08466,43017.08673,72.88101487,117.1944754,0,0.9681357385,1.093985926,
2024-11-08 17:30:00+00:00,43976.37891,44018.23047,43968.80859,43981.32031,29880044,43504.74245,43059.94156,69.04048526,111.9305246,0,0.9702483311,0.8508343903,
2024-11-08 18:30:00+00:00,43982.48828,44098.96094,43979.39063,44080.75,33461959,43557.10677,43105.31082,73.6672323,115.3549107,0,0.9925719976,0.9398244579,
2024-11-08 19:30:00+00:00,44081.17188,44157.28906,44034.17188,44044.55859,38354469,43601.42057,43147.05517,68.5560584,114.5876116,0,0.955087253,1.075278671,
2024-11-08 20:30:00+00:00,44044.64844,44047.58984,43975.80859,43998.73047,52203626,43637.53966,43184.9074,65.09806642,113.3289621,0,0.9368289506,1.363748522,
2024-11-11 14:30:00+00:00,44057.64844,44486.69922,44057.64844,44374.21094,0,43704.50977,43237.76534,74.70688241,136.1576451,0,0.9603830587,0,
2024-11-11 15:30:00+00:00,44374.05078,44426.62109,44312.67969,44330.14063,56801096,43761.3853,43286.31535,75.41429804,137.1040737,0,0.9448620554,1.581296534,
2024-11-11 16:30:00+00:00,44330.33984,44367.71875,44310.33984,44342,40037173,43814.16846,43333.23467,74.28096409,135.5217634,0,0.9490387764,1.108811043,
2024-11-11 17:30:00+00:00,44341.55078,44356.67969,44247.19141,44287.48828,35208766,43857.19753,43375.64594,72.33773704,137.703125,0,0.9298404427,0.9834620549,
2024-11-11 18:30:00+00:00,44288.42969,44332.26172,44256.60938,44324.05859,31971616,43899.63945,43417.79761,75.02935849,137.3512835,0,0.9427200414,0.9105319997,
2024-11-11 19:30:00+00:00,44323.98047,44336.21094,44273.30859,44281.01172,35609985,43934.30965,43456.16269,70.99909037,129.2307478,0,0.9275594798,1.059751928,
2024-11-11 20:30:00+00:00,44281.12891,44316.92969,44253.78906,44305.25,44969360,43968.0315,43493.8999,74.79165061,127.3415179,0,0.936095894,1.254352452,
2024-11-12 14:30:00+00:00,44359.21094,44405.73047,44170.07813,44173.35938,0,43986.69767,43524.0981,60.11943313,126.0326451,-1,0.8896456941,0,1
2024-11-12 15:30:00+00:00,44175.73047,44208.28906,44088.10938,44095.42969,58773952,43996.5824,43549.49061,52.31879181,127.7212612,0,0.8621998498,1.692965322,
2024-11-12 16:30:00+00:00,44095.60938,44107.83984,44013.71875,44037.32813,46790970,44000.28656,43571.17228,52.92511307,127.4511719,0,0.8417372188,1.309818276,
2024-11-12 17:30:00+00:00,44036.87109,44054.07031,43909.98828,43992.62109,40965074,43999.5897,43589.90334,50.52132326,134.2126116,0,0.8259919712,1.127662986,
2024-11-12 18:30:00+00:00,43992.69141,44145.73828,43991.19922,44065.57031,36261847,44005.58794,43611.04409,49.28219943,136.7103795,0,0.8516837578,1.005778481,
2024-11-12 19:30:00+00:00,44064.5,44096.35156,43974.98828,43998.73828,36228131,44004.96524,43628.27495,47.89431735,136.5851004,0,0.8281463668,1.023794386,
2024-11-12 20:30:00+00:00,43998.60156,44001.19922,43887.26953,43912.53906,50781734,43996.56286,43640.90891,46.18076831,139.5957031,0,0.7977880988,1.338996204,
2024-11-13 14:30:00+00:00,43880.46094,44027.98828,43829.98047,43957.44922,0,43993.00707,43654.97737,23.88110125,118.8842076,0,0.8136048844,0,
2024-11-13 15:30:00+00:00,43957.39844,44086.60938,43938.14063,44085.87109,49283933,44001.44926,43674.1282,36.15515753,121.3504464,0,0.8588334347,1.373607862,
2024-11-13 16:30:00+00:00,44087.64844,44135.16016,44062.30859,44088.30859,48324377,44009.34556,43692.53622,35.46590996,122.4556362,0,0.8596918912,1.313112342,
2024-11-13 17:30:00+00:00,44088.60156,44141.32813,44053.42969,44075.01172,40435993,44015.31521,43709.53513,37.22377767,120.9135045,-1,0.8489512494,1.088448953,1
2024-11-13 18:30:00+00:00,44075.85938,44090.03125,43982.12109,43999.32813,41551188,44013.86184,43722.41482,31.35114521,123.2176339,0,0.8211828273,1.113676056,
2024-11-13 19:30:00+00:00,43999.44922,44023.05859,43925.03125,44003.07031,48991689,44012.88079,43734.88839,33.28352669,125.7265625,0,0.8225558414,1.318776685,
2024-11-13 20:30:00+00:00,44002.78125,44037.91016,43934.67969,43960.42969,58290329,44008.11251,43744.91245,29.71029816,128.5901228,0,0.8069109332,1.454935397,
2024-11-14 14:30:00+00:00,44032.37891,44080.78125,43869.12109,43949.76953,0,44002.8086,43754.01721,34.65434131,126.8763951,0,0.8021985613,0,
2024-11-14 15:30:00+00:00,43950.67188,43985.19922,43897.58984,43963.89063,60075890,43999.27061,43763.34492,40.10542771,124.5499442,0,0.784600702,1.571608223,
2024-11-14 16:30:00+00:00,43959.76953,43970.94922,43809.60938,43820.64063,47413224,43983.03152,43765.89139,35.55130703,129.3512835,0,0.7220843147,1.220858668,
2024-11-14 17:30:00+00:00,43820.92969,43868.78906,43751.19141,43797.42969,46270577,43966.15862,43767.2931,36.60053953,127.4595424,0,0.7109824791,1.169899097,
2024-11-14 18:30:00+00:00,43797.37891,43838.89063,43743.32031,43838,49192367,43954.50784,43770.43562,33.65100746,123.2474888,1,0.7279940117,1.222777235,1
2024-11-14 19:30:00+00:00,43838.53125,43886.35938,43704.82031,43780.94141,53199284,43938.72907,43770.90255,34.13029123,127.5457589,-1,0.7025506617,1.308988286,1
2024-11-14 20:30:00+00:00,43780.44141,43793.87109,43705.17969,43753.83984,54538560,43921.92096,43770.14421,37.34668834,125.7430246,0,0.6892158503,1.257562872,
2024-11-15 14:30:00+00:00,43587.92969,43647.53125,43436.12891,43471.53125,0,43880.97644,43756.87252,21.89613805,134.2932478,0,0.379595744,0,
2024-11-15 15:30:00+00:00,43469.87891,43542.85938,43419.32031,43530.08984,72062165,43849.07766,43746.79329,15.02939615,132.5125558,0,0.103777141,1.728386425,
2024-11-15 16:30:00+00:00,43530.42969,43530.42969,43394.60938,43396.80859,63469210,43807.96229,43731.23841,12.64118451,137.0103237,-1,0.002013770902,1.482283898,1
2024-11-15 17:30:00+00:00,43396.94922,43462.03125,43350.42969,43448.35938,59555751,43775.27112,43718.66601,17.48845844,138.703404,0,0.08618526222,1.35405618,
2024-11-15 18:30:00+00:00,43447.57031,43447.57031,43361.64063,43391.92969,61971816,43740.4219,43704.1444,17.84497163,137.1897321,0,0.03652302456,1.368925612,
2024-11-15 19:30:00+00:00,43391.80078,43515.67188,43378.94141,43439.76953,65859910,43713.08986,43692.3944,21.50965912,139.9542411,0,0.07862557368,1.430980834,
2024-11-15 20:30:00+00:00,43439.62109,43477.80859,43386.85938,43439.19141,64789581,43688.19,43681.14094,22.46552955,139.0770089,0,0.07811678155,1.315156185,
2024-11-18 14:30:00+00:00,43431.89063,43441.87109,43297.57031,43354.60938,0,43657.86449,43666.62842,20.83810238,134.265625,0,0.04796709776,0,
2024-11-18 15:30:00+00:00,43353.10938,43484.39063,43344.96094,43455.21875,54248031,43639.44215,43657.23244,27.02329783,137.9670759,1,0.1325747248,1.151866112,1
2024-11-18 16:30:00+00:00,43454.78906,43505.66016,43403.42969,43436.51172,45086784,43620.99393,43647.42263,30.44920097,133.7449777,0,0.1168430147,0.9526386336,
2024-11-18 17:30:00+00:00,43436.39844,43468.89063,43394.55859,43402.05078,37255804,43601.09001,43636.51721,30.10445373,130.6545759,0,0.08786302999,0.7907662468,
2024-11-18 18:30:00+00:00,43401.17969,43412.83984,43320.85156,43338.21094,38311789,43577.19191,43623.25916,25.42600104,130.3987165,0,0.03417680353,0.8225022792,
2024-11-18 19:30:00+00:00,43339.69141,43397.44922,43315.82813,43393.71094,41069818,43560.51182,43613.05701,30.93113889,123.2617188,0,0.08084962404,0.8983189038,
2024-11-18 20:30:00+00:00,43395.37109,43398.71875,43348.94141,43394.14844,51655562,43545.38788,43603.32774,31.8095795,120.4821429,0,0.08121754041,1.069444413,
2024-11-19 14:30:00+00:00,43243.26953,43243.26953,42938.87109,43086.55078,0,43503.67541,43580.35988,31.01623025,130.3083147,0,0.09541090843,0,
2024-11-19 15:30:00+00:00,43088.01172,43274.51172,43083.85938,43271.87109,60693076,43482.60229,43566.64926,38.68190721,135.1021205,0,0.2151401662,1.320519791,
2024-11-19 16:30:00+00:00,43271.60938,43282.75,43205.28906,43265.21875,43220889,43462.84015,43553.25235,43.51202376,130.9335938,0,0.2108423093,0.9435017196,
2024-11-19 17:30:00+00:00,43265.17969,43313.07813,43249.64844,43285.75,35055568,43446.74105,43541.36336,41.72964596,127.4927455,1,0.2241068634,0.7772477534,1
2024-11-19 18:30:00+00:00,43285.44922,43380.96875,43268.28125,43279.78125,44912689,43431.56289,43529.73749,43.98748492,129.3476563,0,0.2202506536,1.005031319,
2024-11-19 19:30:00+00:00,43279.35156,43287.87109,43214.26953,43246.94141,49748039,43414.77911,43517.16877,39.49308677,124.8384487,0,0.1990339286,1.119233177,
2024-11-19 20:30:00+00:00,43247.30859,43270.67969,43224.55859,43265.03906,56908925,43401.16638,43505.96301,40.68847981,121.6364397,0,0.2107262192,1.203307002,
2024-11-20 14:30:00+00:00,43296.05078,43359.21875,43074.85938,43145.73047,0,43377.94494,43489.95267,39.23161503,131.640625,-1,0.1336449259,0,0
2024-11-20 15:30:00+00:00,43145,43252.10938,43126.10938,43127.71094,64830301,43355.19639,43473.85304,31.5443067,130.6813616,0,0.1269298227,1.481540273,
2024-11-20 16:30:00+00:00,43127.12891,43285.42188,43098.03125,43165.76953,50216450,43337.97577,43460.16044,35.06880714,136.7642299,1,0.154683156,1.159954221,1
2024-11-20 17:30:00+00:00,43166.78906,43265.41016,43149.55859,43223.48828,35675703,43327.56781,43449.64168,40.39873641,139.7299107,0,0.1940316791,0.8498880086,
2024-11-20 18:30:00+00:00,43223.60938,43223.60938,43124.76172,43171.60938,38850553,43313.38977,43437.28469,40.92514575,140.2198661,0,0.1586643445,0.9562865111,
2024-11-20 19:30:00+00:00,43171.69141,43305.03906,43162.23828,43296.21094,45915892,43311.82806,43431.01474,45.06094665,144.5898438,0,0.2436087943,1.157073073,
2024-11-20 20:30:00+00:00,43296.37109,43465.76953,43296.37109,43406.87891,62782812,43320.46905,43429.94204,50.58010174,153.1456473,0,0.3190543146,1.466136761,
2024-11-21 14:30:00+00:00,43538.69922,43599,43345.57813,43437.53125,0,43331.11107,43430.27934,71.39299337,138.7273996,0,0.3399508942,0,
2024-11-21 15:30:00+00:00,43434.48047,43817.17969,43420.73828,43805.87891,92401566,43374.27178,43446.97265,76.61140873,153.4266183,1,0.6829963289,2.175420241,1
2024-11-21 16:30:00+00:00,43805.67188,43874.67188,43708.51953,43862.17969,68615469,43418.62704,43465.4263,78.34593383,159.7617188,0,0.7650457344,1.557910943,
2024-11-21 17:30:00+00:00,43861.67969,43997.98828,43843.92188,43994.92969,51209779,43471.01819,43488.95978,80.43138648,166.2357701,0,0.8750412677,1.145936312,
2024-11-21 18:30:00+00:00,43995.23828,44020.30859,43907.98828,43966.62109,65133452,43516.073,43510.18917,78.91833573,166.2095424,0,0.8515850051,1.419297352,
2024-11-21 19:30:00+00:00,43966.23047,43976.71094,43927.28906,43953.94922,60368671,43555.87993,43529.91184,80.2817467,164.4824219,0,0.8441699775,1.303099312,
2024-11-21 20:30:00+00:00,43953.55859,43956.10156,43864.51172,43866.44141,62217730,43584.11279,43544.86871,74.31297553,167.7301897,0,0.7713958074,1.258503242,
2024-11-22 14:30:00+00:00,43871.62891,44209.48047,43871.62891,44038.03906,0,43625.37882,43566.78739,84.61023318,171.921596,0,0.8650715085,0,
2024-11-22 15:30:00+00:00,44037.55859,44169.53906,44036.30078,44116.08984,66189356,43669.98891,43591.20084,86.63068624,172.4386161,0,0.9264993421,1.391946633,
2024-11-22 16:30:00+00:00,44116.21094,44241.73047,44081.64844,44229.98828,56128246,43720.89794,43619.59139,87.34223713,170.4880022,0,0.9909873715,1.154776685,
2024-11-22 17:30:00+00:00,44229.78906,44242.35156,44144.51172,44214.57031,38399973,43765.77725,43646.0349,85.83988541,169.2014509,0,0.978686869,0.7953656727,
2024-11-22 18:30:00+00:00,44214.55859,44254.82031,44155.41016,44217.26953,44706863,43806.822,43671.4231,89.20815891,169.2416295,0,0.9714648706,0.930857987,
2024-11-22 19:30:00+00:00,44216.91016,44266.98047,44159.69141,44209.37891,47176744,43843.41808,43695.33225,87.52451917,166.7050781,0,0.9566289015,0.9923385253,
2024-11-22 20:30:00+00:00,44209.14844,44323.94922,44204.17969,44292.57813,57516158,43884.25082,43721.87651,87.23637665,163.1487165,1,0.9773506684,1.140813659,1
2024-11-25 14:30:00+00:00,44385.48828,44815.67188,44385.48828,44792.44922,0,43966.81431,43769.45752,90.84740413,182.4109933,0,0.9876264671,0,
2024-11-25 15:30:00+00:00,44792.96875,44803.30078,44639.33984,44654.23047,66200701,44029.30669,43808.78076,79.69622552,165.8052455,0,0.9139805312,1.379914828,
2024-11-25 16:30:00+00:00,44653.60938,44669.21875,44526.07031,44533.76953,50434787,44075.16694,43841.00248,72.49817452,164.1621094,0,0.8497963414,1.035357487,
2024-11-25 17:30:00+00:00,44533.94922,44663.48828,44512.92188,44648.32813,45288693,44127.27251,43876.88362,72.15884102,163.9121094,0,0.9108356349,0.923611672,
2024-11-25 18:30:00+00:00,44648.26953,44725.53906,44638.14844,44690.01953,41406710,44178.43133,43913.023,74.31208318,162.1314174,0,0.9330497168,0.8483436894,
2024-11-25 19:30:00+00:00,44690.12109,44719.10938,44657.51172,44701.48047,43098688,44225.98125,43948.06555,75.14360794,163.0011161,0,0.9391563519,0.9011809097,
2024-11-25 20:30:00+00:00,44701.14063,44736.71875,44685.35938,44732.39063,73674709,44272.01846,43982.92444,80.27951626,160.1275112,0,0.9556259509,1.430343165,
2024-11-26 14:30:00+00:00,44614.89063,44630.66016,44429.30859,44469.64844,0,44289.98483,44004.55662,64.18768651,157.2734375,0,0.8156312375,0,
2024-11-26 15:30:00+00:00,44469.82813,44566.46875,44426.66016,44564.57031,57702477,44314.94714,44029.44612,64.58054471,157.7427455,0,0.8662076631,1.245125842,
2024-11-26 16:30:00+00:00,44565.12891,44633.35156,44551.87891,44616.30859,37992749,44342.34364,44055.5289,63.08867125,152.1277902,0,0.893774937,0.8316817551,
2024-11-26 17:30:00+00:00,44616.69141,44725.96875,44616.01953,44715.67969,31784779,44376.28328,44084.86893,66.06393316,152.9927455,0,0.9467220024,0.7221449747,
2024-11-26 18:30:00+00:00,44715.69922,44768.48828,44689.16016,44750,35396966,44410.25753,44114.43031,66.73826116,151.5583147,0,0.9650086063,0.8276929786,
2024-11-26 19:30:00+00:00,44753.17188,44856.48828,44736.94141,44831.94922,37806811,44448.59313,44146.32004,68.69115695,152.4338728,0,0.987203357,0.9100147994,
2024-11-26 20:30:00+00:00,44831.85938,44903.01172,44824.73828,44851.26953,50797379,44485.20008,44177.65113,67.44237097,149.4698661,0,0.9736565769,1.152256285,
2024-11-27 14:30:00+00:00,44837.75,45003.05859,44837.75,44934.89844,0,44526.08175,44211.30657,56.00902994,123.9137835,0,0.9669796682,0,
2024-11-27 15:30:00+00:00,44936.46094,44952.30078,44826.26172,44831.32031,60426556,44553.83071,44238.86273,57.69519328,121.2050781,-1,0.9168010264,1.474156878,1
2024-11-27 16:30:00+00:00,44830.64844,44893.82031,44780,44809.69922,41259578,44577.09148,44264.23324,63.11686672,119.1102121,0,0.9063266418,1.003063449,
2024-11-27 17:30:00+00:00,44809.30859,44814.67969,44715.30859,44719.57813,33969495,44590.04481,44284.47079,53.46757513,115.453404,0,0.8626672874,0.8367551017,
2024-11-27 18:30:00+00:00,44719.89063,44776.19141,44710.12891,44739.76953,34990541,44603.65615,44304.70629,52.47297129,113.9299665,0,0.8724490568,0.8750394063,
2024-11-27 19:30:00+00:00,44739.23828,44764.62109,44707.08984,44726.96875,36123511,44614.86639,44323.47351,51.26528523,113.6395089,0,0.8662476913,0.9282012698,
2024-11-27 20:30:00+00:00,44724.55078,44756.76172,44690.23047,44722.80078,41269330,44624.67861,44341.22139,49.51095812,114.7232143,0,0.86422851,1.00703022,
2024-11-29 14:30:00+00:00,44760.05078,44894.73047,44760.05078,44881.32813,0,44648.01038,44365.22613,73.49078557,105.3551897,0,0.941027417,0,
2024-11-29 15:30:00+00:00,44880.98828,44985.44141,44870.14844,44972.83984,48639247,44677.54033,44392.23119,73.38721587,103.6040737,0,0.9843279939,1.294236852,
2024-11-29 16:30:00+00:00,44974.17188,45071.28906,44959.48047,45045.60938,45470251,44711.00115,44421.27022,74.01336346,105.7709263,0,0.9871371941,1.209621167,
2024-12-02 14:30:00+00:00,44925.85938,45001.66016,44710.16016,44741.92969,0,44713.81284,44435.52175,51.1951511,121.8780692,0,0.8350258078,0,
2024-12-02 15:30:00+00:00,44741.94141,44824.16016,44721.08984,44807.23828,54663663,44722.30606,44452.04249,52.53451598,123.5739397,0,0.8677385019,1.514295919,
2024-12-02 16:30:00+00:00,44806.46094,44823.64844,44748.57031,44753.03125,37192822,44725.09926,44465.41976,46.41748857,120.3976004,0,0.8405865158,1.085151661,
2024-12-02 17:30:00+00:00,44752.80859,44814.92188,44746.32031,44804.21875,31255023,44732.29194,44480.4775,47.92417062,119.7067522,0,0.8662260363,0.872142524,
2024-12-02 18:30:00+00:00,44804.17188,44828.28906,44784.55078,44816.73047,32500306,44739.96817,44495.42207,44.43749793,111.0231585,0,0.8724930834,0.9399413676,
2024-12-02 19:30:00+00:00,44816.67969,44851.91016,44813.58984,44824.21094,32440916,44747.6266,44510.03491,49.63205266,104.7575335,0,0.8747866987,0.945816984,
2024-12-02 20:30:00+00:00,44823.07813,44823.07813,44764.12891,44783.32031,46498366,44750.87149,44522.18093,48.66145228,100.9190848,0,0.8540643051,1.327196104,
2024-12-03 14:30:00+00:00,44769.57813,44914.67969,44652.80859,44652.80859,0,44741.95668,44527.9866,46.74531877,112.5262277,0,0.7850117698,0,
2024-12-03 15:30:00+00:00,44652.14844,44682.57031,44615.12891,44644.26172,44329022,44733.07532,44533.15439,45.29101344,112.624721,0,0.7806209375,1.319657816,
2024-12-03 16:30:00+00:00,44643.26953,44705.58984,44574.78125,44704.51953,39909278,44730.47934,44540.77062,48.94262931,117.858817,1,0.8078785882,1.207655899,1
2024-12-03 17:30:00+00:00,44704.42969,44778.60938,44696.60938,44741.30078,34240479,44731.4631,44549.68307,50.84538821,118.9637277,0,0.814082517,0.9850846858,
2024-12-03 18:30:00+00:00,44740.98047,44747.71094,44670.73828,44724.51172,31405722,44730.83116,44557.45323,41.76759371,112.1810826,0,0.7990524738,0.9428917228,
2024-12-03 19:30:00+00:00,44724.83984,44760.21875,44712.94922,44719.94922,37269359,44729.84189,44564.67527,35.39022585,107.3222656,0,0.7871378162,1.125677975,
2024-12-03 20:30:00+00:00,44718.89844,44742.55859,44690.46094,44705.55859,46772665,44727.63432,44570.93675,28.93393154,103.0571987,0,0.7316270577,1.385917308,
2024-12-04 14:30:00+00:00,44941.05078,45018.82031,44826.42188,44851.07031,0,44738.85577,44583.38713,58.40917846,101.4723772,0,0.8205763098,0,
2024-12-04 15:30:00+00:00,44846.5,44971.26953,44829.76953,44957.69922,57458644,44758.75063,44600.02323,60.89889421,104.2173549,1,0.9058734038,1.737708533,0
2024-12-04 16:30:00+00:00,44957.73047,44974.58984,44895.80859,44896.17188,60670947,44771.24347,44613.18539,60.25982753,104.4818638,0,0.8548885688,1.782560825,
2024-12-04 17:30:00+00:00,44896.17969,44914.94141,44865.07813,44873.39844,41902875,44780.53029,44624.75041,55.16911258,103.1434152,0,0.8360172852,1.15974922,
2024-12-04 18:30:00+00:00,44873.44922,44953.16016,44799.73828,44945.69922,49578283,44795.54565,44639.0148,58.84616209,110.9779576,0,0.8953121489,1.370401279,
2024-12-04 19:30:00+00:00,44945.67188,45037.60938,44941.39063,45003.30078,54603014,44814.43248,44655.20529,61.49376012,115.1135603,0,0.9343100956,1.490477852,
2024-12-04 20:30:00+00:00,45003.5,45073.62891,44991.07813,45011.98828,58886815,44832.39209,44671.06231,65.30839596,116.718471,0,0.9378610497,1.487833169,
2024-12-05 14:30:00+00:00,45038.44141,45059.94141,44911.85938,44925.78906,0,44840.88273,44682.3835,69.42759445,108.5906808,-1,0.840881381,0,1
2024-12-05 15:30:00+00:00,44925.67188,44942.62891,44863.85156,44941.66016,50846263,44850.04431,44693.90691,70.9470093,109.4003906,0,0.8562774393,1.354874297,
2024-12-05 16:30:00+00:00,44941.80859,44943.89063,44851.71875,44865.57031,45597828,44851.45577,44701.53639,61.09600986,106.640625,-1,0.7723492101,1.192239123,1
2024-12-05 17:30:00+00:00,44865.69141,44919.71094,44813.44922,44849.64844,41790577,44851.29146,44708.11915,57.6858066,108.3736049,0,0.7423880959,1.079579441,
2024-12-05 18:30:00+00:00,44849.64844,44893.35156,44828.62109,44835.91016,36081078,44849.89316,44713.79875,57.93656978,107.4991629,0,0.6545491701,0.9277234815,
2024-12-05 19:30:00+00:00,44835.33984,44854.71875,44774.48828,44796.87109,37666294,44845.07298,44717.49086,55.22367472,109.8535156,0,0.5722238323,0.9796058823,
2024-12-05 20:30:00+00:00,44797.16016,44820.82031,44747.14063,44772.26953,52852039,44838.45448,44719.92546,54.46829442,111.3950893,0,0.5341979423,1.286154892,
2024-12-06 14:30:00+00:00,44824.28906,44923.73828,44776.98047,44831.39063,0,44837.81231,44724.87947,48.50934397,99.83844866,0,0.6255796261,0,
2024-12-06 15:30:00+00:00,44830.82031,44838.53906,44678.26953,44724.98828,66154502,44827.55558,44724.88431,32.36704395,101.1791295,0,0.4611167464,1.646090157,
2024-12-06 16:30:00+00:00,44724.64063,44745.10156,44639.89063,44667.30859,51853919,44812.98767,44722.32539,32.55687942,103.0669643,0,0.3719630005,1.262588222,
2024-12-06 17:30:00+00:00,44667.32813,44727.53125,44626.28125,44687.37891,34060540,44801.56869,44720.77221,35.76361277,106.7374442,0,0.4029850746,0.8266663462,
2024-12-06 18:30:00+00:00,44687.32031,44689.30078,44601.82813,44613.37891,31119209,44784.46053,44715.99917,24.63294491,102.0267857,0,0.2886055161,0.760958076,
2024-12-06 19:30:00+00:00,44614.60156,44642.19922,44596.46094,44639.53906,38974979,44771.28585,44712.60095,20.83288962,98.42103795,0,0.3290404772,0.9622289731,
2024-12-06 20:30:00+00:00,44639.23828,44651.37891,44619.64844,44634.44141,51140827,44758.84545,44709.12719,19.55228771,94.79101563,0,0.158241495,1.187611076,
2024-12-09 14:30:00+00:00,44637.96875,44728.51172,44606.64063,44628.16016,0,44746.96497,44705.52865,22.44555508,92.9188058,0,0.1070044243,0,
2024-12-09 15:30:00+00:00,44627.67969,44643.17969,44517.53906,44583.07813,73980503,44732.06616,44700.08641,18.50593878,96.26618304,0,0.1178569672,1.810829754,
2024-12-09 16:30:00+00:00,44583.25,44656.98047,44541.41016,44571.12891,40889721,44717.4355,44694.35496,20.85572663,97.9375,0,0.09636903884,1.002105231,
2024-12-09 17:30:00+00:00,44567.89063,44584.12891,44508.53906,44520.96094,36229585,44699.57418,44686.64856,19.53158947,95.74665179,0,0.02198212397,0.9026618943,
2024-12-09 18:30:00+00:00,44521.01172,44600.10156,44507.53906,44547.55859,32860835,44685.75458,44680.46679,23.89302286,97.73465402,0,0.07069466392,0.8415222667,
2024-12-09 19:30:00+00:00,44546.17969,44564.92188,44441.26172,44462.07031,37741968,44665.41965,44670.76028,22.03931701,100.8367746,0,0.03290587203,0.993417953,
2024-12-09 20:30:00+00:00,44461.82813,44486.28125,44382.82813,44413.69141,50998971,44642.53526,44659.33499,21.19745974,102.9634487,0,0.04467754248,1.257929894,
2024-12-10 14:30:00+00:00,44291.57031,44354.82031,44186.66016,44334.35156,0,44614.51856,44644.89129,11.33167204,108.3607701,0,0.1665125251,0,
2024-12-10 15:30:00+00:00,44333.82813,44462.26953,44333.82813,44450.48828,61518786,44599.60672,44636.25115,28.96325035,106.0873326,0,0.2974491773,1.585710777,
2024-12-10 16:30:00+00:00,44450.92969,44470.83984,44364.89844,44372.14063,48807105,44578.92798,44624.51291,28.07391201,106.1395089,0,0.2091172533,1.246779439,
2024-12-10 17:30:00+00:00,44372.35156,44454.10156,44351.69141,44398.33984,33418467,44562.51088,44614.46077,28.72292704,106.2223772,0,0.2386551809,0.8565891794,
2024-12-10 18:30:00+00:00,44398.55859,44419.55078,44335.16016,44383.83984,32732767,44546.26806,44604.21095,31.48061771,106.0022321,0,0.2223073671,0.8443518916,
2024-12-10 19:30:00+00:00,44383.42188,44427.82031,44305.62109,44313.89063,55893183,44525.14284,44591.30783,25.46037914,111.4637277,0,0.1434441391,1.436148919,
2024-12-10 20:30:00+00:00,44314.39844,44314.62109,44207.01953,44259.60156,52939925,44501.00272,44576.56533,23.70309066,116.8830915,0,0.08223672621,1.27364175,
2024-12-11 14:30:00+00:00,44300.41016,44376.17969,44152.67188,44258.92188,0,44478.99537,44562.44784,23.89086229,124.1428571,0,0.1153691176,0,
2024-12-11 15:30:00+00:00,44258.98828,44267.19922,44186.92969,44241.19922,53488663,44457.37754,44548.17012,24.85245525,120.9020647,0,0.09612537909,1.395121013,
2024-12-11 16:30:00+00:00,44240.94922,44321.53125,44240.60938,44248.30078,44092995,44438.37056,44534.8426,26.08320696,118.4271763,0,0.1038364473,1.135205406,
2024-12-11 17:30:00+00:00,44247.03906,44331.41016,44236.32031,44309.05859,32724344,44426.61493,44524.80775,34.54369319,119.8200335,0,0.1698089199,0.8407741647,
2024-12-11 18:30:00+00:00,44309,44313.89063,44216.17188,44239.46094,35979572,44409.60093,44512.12567,28.85362989,120.1883371,0,0.09423790639,0.9279803655,
2024-12-11 19:30:00+00:00,44239.35938,44264.92969,44189.82813,44213.87891,41795586,44391.80802,44498.87026,31.43897124,116.7198661,0,0.06646024643,1.091136123,
2024-12-11 20:30:00+00:00,44213.73828,44226.64063,44135.73828,44150.60938,50045900,44369.88087,44483.392,30.75401928,115.8233817,0,0.01585589338,1.226406473,
2024-12-12 14:30:00+00:00,44168.66016,44208.60156,44047.05859,44111.55078,0,44346.39631,44466.86572,32.68005612,111.1456473,0,0.06282296177,0,
2024-12-12 15:30:00+00:00,44114.12109,44174.03125,44060.12109,44158.32031,44823114,44329.2985,44453.15259,24.54203228,110.1077009,0,0.1083819758,1.201544262,
2024-12-12 16:30:00+00:00,44159.67969,44159.67969,44044.16016,44087.57813,31293818,44307.32392,44436.90484,24.87168166,110.7918527,-1,0.04217512066,0.844459683,1
2024-12-12 17:30:00+00:00,44087.32813,44096.67188,44012.76172,44040.91016,33524308,44283.10448,44419.30507,19.53832428,109.4704241,0,0.02653342269,0.9038400653,
2024-12-12 18:30:00+00:00,44040.53125,44042.17188,43915.46875,43923.01172,32381406,44250.36878,44397.24759,16.61081613,112.4927455,0,0.00651288918,0.8793812,
2024-12-12 19:30:00+00:00,43923.01172,43960.30078,43908.80078,43955.12891,32732203,44223.52879,44377.59787,22.49830815,107.4428013,0,0.03977249863,0.9115166008,
2024-12-12 20:30:00+00:00,43955.28906,43979.37109,43903.26953,43916.5,40962992,44195.61708,44357.10463,23.05176476,105.1928013,-1,0.01130462064,1.079173154,1
2024-12-13 14:30:00+00:00,43929.14844,44054.23047,43843.25,43915.57813,0,44170.15899,44337.48123,23.04299822,104.2979911,0,0.05878524464,0,
2024-12-13 15:30:00+00:00,43915.35156,43942.16016,43833.55078,43919.48047,80548062,44147.37004,44318.90342,24.18052316,106.3222656,0,0.06929376929,2.208680239,
2024-12-13 16:30:00+00:00,43917.60938,43960.80859,43796.96875,43832.33984,55032144,44118.73093,44297.27837,20.41759732,112.2449777,0,0.02770595885,1.465587346,
2024-12-13 17:30:00+00:00,43833.03906,43874.17969,43790.48047,43870.35156,35575431,44096.15099,44278.30385,17.7567625,111.4313616,0,0.06224618401,0.9438536258,
2024-12-13 18:30:00+00:00,43870.46875,43898.14844,43832.26172,43833.39844,29553451,44072.26439,44258.53027,18.65176536,109.1576451,0,0.03344739197,0.8124728037,
2024-12-13 19:30:00+00:00,43833.33984,43870.46094,43817,43826.46094,44868260,44049.91862,44239.32719,19.20461532,107.6118862,0,0.02804076886,1.247341462,
2024-12-13 20:30:00+00:00,43826.03125,43874.07031,43819.48828,43827.94922,39519218,44029.73959,44221.04373,21.55867588,105.0175781,0,0.02920063564,1.041429932,
2024-12-16 14:30:00+00:00,43825.76172,43951.57813,43790.51172,43862.75,0,44014.55871,44205.11956,27.90324931,104.9835379,0,0.05692930685,0,
2024-12-16 15:30:00+00:00,43862.53125,43914.64063,43798.19922,43811.23047,56202508,43996.07433,44187.61338,19.43181114,105.1643415,0,0.01799013117,1.566484378,
2024-12-16 16:30:00+00:00,43808.64844,43840.87109,43774.39063,43784.35156,49539016,43976.8268,44169.69063,21.0588323,101.6615513,0,0.00851726165,1.349144016,
2024-12-16 17:30:00+00:00,43786.39844,43813.96094,43758.19922,43808.10938,45787439,43961.48886,44153.62035,26.76439627,99.65094866,0,0.04282152169,1.230539392,
2024-12-16 18:30:00+00:00,43808.05078,43823.14844,43780.46094,43805.87891,49436744,43947.3425,44138.16518,34.79935925,93.64983259,0,0.04090784173,1.315111291,
2024-12-16 19:30:00+00:00,43806.64844,43831.60938,43781.91016,43812.53125,49856399,43935.08693,44123.69256,30.18509472,93.52120536,0,0.04661536708,1.326609289,
2024-12-16 20:30:00+00:00,43812.94141,43814.48047,43686.85156,43722.30078,55457694,43915.74273,44105.85293,26.39924045,97.20172991,-1,0.0286600367,1.374255781,1
2024-12-17 14:30:00+00:00,43656.46875,43656.46875,43413.21875,43461.05078,0,43874.4071,44077.19505,16.16861178,104.2089844,0,0.03166594689,0,
2024-12-17 15:30:00+00:00,43458.60938,43522.39844,43415.21875,43446.57813,66864548,43835.51356,44049.16763,15.3462144,104.1068638,0,0.02340482677,1.676135446,
2024-12-17 16:30:00+00:00,43445.08984,43530.51953,43440.5,43453.94141,57586679,43800.82518,44022.71313,18.60008298,98.83398438,0,0.03057525472,1.401299067,
2024-12-17 17:30:00+00:00,43454.23047,43481.85938,43381.21875,43386.57031,42615282,43763.16565,43994.44012,11.7204886,100.0440848,-1,0.003972085229,1.024235846,1
2024-12-17 18:30:00+00:00,43387.26172,43445.39844,43366.96875,43371.19141,39901751,43727.53163,43966.74018,12.13478831,100.9400112,0,0.00310137568,0.9508254219,
2024-12-17 19:30:00+00:00,43370.73828,43380.73047,43336.21875,43361.67188,41921845,43694.27165,43939.84825,12.08366793,100.3007813,0,0.01828144333,0.99782263,
2024-12-17 20:30:00+00:00,43362.37109,43488.19922,43348.39063,43448.08984,57506170,43671.89148,43917.99232,22.7833505,106.3883929,0,0.08035025405,1.281085374,
2024-12-18 14:30:00+00:00,43459.71875,43613.46875,43447,43600.32813,0,43665.38572,43903.87391,33.90605236,106.7742746,0,0.1896938223,0,
2024-12-18 15:30:00+00:00,43600.23047,43688.96875,43563.21875,43598.14063,60136122,43659.27253,43890.28577,36.08981911,107.4391741,0,0.1983112255,1.462581385,
2024-12-18 16:30:00+00:00,43598.19141,43684.01953,43568.92188,43643.58984,38944321,43657.84683,43879.3215,41.0287945,110.9118304,0,0.2327225944,0.9433072887,
2024-12-18 17:30:00+00:00,43643.32813,43668.94141,43547.03125,43551.85938,32079853,43648.21161,43864.76763,34.97053675,115.6367188,0,0.1706175785,0.7746662461,
2024-12-18 18:30:00+00:00,43551.82813,43627.05859,43185.28125,43185.28125,53594968,43606.12703,43834.56824,24.49961639,144.1431362,0,0,1.280720051,
2024-12-18 19:30:00+00:00,43184.21875,43266.78125,42796.42969,42810.35938,81324296,43533.78452,43789.04784,18.3879267,174.1897321,0,0.007876589786,1.850896717,
2024-12-18 20:30:00+00:00,42810.41016,42834.46094,42300.03906,42307.48047,103731184,43422.30233,43723.2004,14.58979403,203.2463728,0,0.003403742866,2.111604593,
2024-12-19 14:30:00+00:00,42464.12891,42787.85156,42452.69922,42472.35938,0,43335.94388,43667.60747,24.00078068,215.4813058,0,0.0793809888,0,
2024-12-19 15:30:00+00:00,42471.28906,42615.48047,42416.12891,42603.14844,68701311,43269.32611,43620.29818,29.099262,222.0650112,0,0.1396302128,1.453309168,
2024-12-19 16:30:00+00:00,42602.85156,42631.60156,42454.48828,42458.94922,50093843,43195.65549,43568.68267,26.9093955,228.2859933,0,0.07320347294,1.054881479,
2024-12-19 17:30:00+00:00,42458.37891,42584.51953,42407.78906,42582.32031,40494383,43139.89774,43524.84434,31.80873585,233.7209821,0,0.1310459887,0.8608402348,
2024-12-19 18:30:00+00:00,42581.82813,42678.03906,42527.98828,42551.07813,36330037,43086.36869,43481.56584,31.58209626,238.8367746,0,0.1179816123,0.7835792649,
2024-12-19 19:30:00+00:00,42550.98828,42554.26172,42434.51172,42501.28906,42685074,43033.17963,43437.99799,31.02101098,244.2109375,0,0.09458209109,0.9335052912,
2024-12-19 20:30:00+00:00,42501.08984,42576.23828,42334.12891,42336.33984,58128417,42969.83056,43389.0354,26.2973623,251.5181362,0,0.01748474107,1.19527085,
2024-12-20 14:30:00+00:00,42296.26172,42592.44141,42146.32813,42585.23047,0,42934.86691,43353.31074,29.21462451,271.4927455,1,0.1968302963,0,1
2024-12-20 15:30:00+00:00,42585.37109,42954.46875,42585.37109,42954.17969,69174164,42936.62262,43335.57158,38.53597884,288.8847656,0,0.3697122355,1.508108838,
2024-12-20 16:30:00+00:00,42954.64063,43216.03125,42945.46875,43199.78906,59367017,42960.54684,43329.5368,42.62489825,299.9893973,0,0.4821150522,1.271086162,
2024-12-20 17:30:00+00:00,43199.26172,43201.37891,42956.42188,42962.39063,47662061,42960.71446,43313.2192,40.65653876,308.7784598,0,0.3734699605,1.012067581,
2024-12-20 18:30:00+00:00,42963.14844,43036.37109,42925.48047,43036.05078,42173920,42967.56322,43300.9006,47.39246824,285.1436942,0,0.4104715118,0.8952914774,
2024-12-20 19:30:00+00:00,43035.55859,43077.66016,42899.60156,42925.75,49367358,42963.76201,43284.22724,52.22169408,264.265625,0,0.3678945059,1.057130083,
2024-12-20 20:30:00+00:00,42926.03906,42988.62109,42795.5,42854.14844,82675992,42953.79714,43265.11263,62.62145992,239.8869978,0,0.3402471083,1.62641671,
2024-12-23 14:30:00+00:00,42800.48828,42806.71094,42516.87109,42623.17969,0,42923.74101,43236.58227,53.37901701,229.6660156,0,0.2312261574,0,
2024-12-23 15:30:00+00:00,42623.10938,42663.57813,42530.07813,42633.28906,42222158,42897.33629,43209.76924,50.71388127,224.9623326,0,0.2401539611,0.8798060528,
2024-12-23 16:30:00+00:00,42633.19922,42793.92969,42611.87109,42747.5,42724227,42883.71481,43189.22394,56.93281451,225.3155692,0,0.2985925986,0.8805030439,
2024-12-23 17:30:00+00:00,42746.98047,42814.07813,42710.64844,42811.30859,36844327,42877.13243,43172.4277,55.66385379,220.0797991,0,0.3409555207,0.772660919,
2024-12-23 18:30:00+00:00,42811.19141,42840.30078,42788.42969,42801.92969,35789128,42870.29581,43155.96113,56.27246515,213.0669643,0,0.3436242765,0.7881639069,
2024-12-23 19:30:00+00:00,42800.87891,42834.92188,42757.35938,42828.78125,40559810,42866.52176,43141.4198,58.28386347,210.0535714,1,0.3576981428,0.9600031978,1
2024-12-23 20:30:00+00:00,42828.69922,42957.78906,42824.44141,42893.69922,46019453,42868.99244,43130.40999,64.84979934,202.2848772,0,0.391723977,1.032969654,
2024-12-24 14:30:00+00:00,42916.48047,43060.82813,42871.76172,43035.98047,0,42884.17317,43126.21313,62.73271365,183.9243862,0,0.4662986796,0,
2024-12-24 15:30:00+00:00,43035.89063,43129.37109,43030.46875,43093.46875,41809020,42903.20004,43124.75782,54.77479794,164.6146763,0,0.5219899808,1.027215149,
2024-12-24 16:30:00+00:00,43093.46875,43223.69922,43091.67969,43212.82031,34375804,42931.34734,43128.67171,50.48904057,154.71875,0,0.5877672457,0.8509831665,
2024-12-26 14:30:00+00:00,43201.85156,43245.60156,43115.08984,43221.41016,0,42957.71668,43132.79342,61.73606465,146.5440848,0,0.5955308302,0,
2024-12-26 15:30:00+00:00,43222.64844,43305.60938,43175.66016,43285.73047,32071814,42987.53612,43139.59062,61.40944629,147.9054129,0,0.6311604175,0.8429251781,
2024-12-26 16:30:00+00:00,43285.96875,43373.98047,43283.37109,43318.58984,27909021,43017.63191,43147.54614,69.3186315,141.6590402,0,0.6493625364,0.7638508792,
2024-12-26 17:30:00+00:00,43317.98047,43355.76172,43261.17188,43342.03906,23568257,43047.12347,43156.19027,75.18571694,134.6210938,0,0.6623519942,0.6248928604,
2024-12-26 18:30:00+00:00,43342.17188,43343.07031,43264.42969,43286.60938,21668830,43068.89492,43161.98668,91.82789873,116.1470424,-1,0.6316472788,0.6131459735,1
2024-12-26 19:30:00+00:00,43286.30859,43341.10938,43276.10938,43320.82031,21919533,43091.79723,43169.04595,92.06893255,111.2541853,0,0.6641881384,0.6549393346,
2024-12-26 20:30:00+00:00,43320.39063,43369.62891,43297.37109,43323.64063,29934616,43112.8739,43175.91682,90.8171624,103.4112723,0,0.6947669795,0.9187565298,
2024-12-27 14:30:00+00:00,43142.37109,43238.85156,42930.78125,42938.21094,0,43096.99545,43165.35212,56.17602439,124.0848214,0,0.4698816963,0,
2024-12-27 15:30:00+00:00,42934.89844,43023.26953,42882.62109,42993.82031,43890347,43087.61589,43157.72848,58.93670591,130.4260603,0,0.5028787851,1.45336525,
2024-12-27 16:30:00+00:00,42993.96094,43027.28906,42766.60156,42805.42188,38629794,43061.96189,43142.07041,49.05439595,143.5064174,-1,0.3910882827,1.379792848,1
2024-12-27 17:30:00+00:00,42805.73047,42890.30078,42761.55859,42866.64844,29844322,43044.20612,43129.82943,48.90168276,143.1774554,0,0.4318072718,1.012048515,
2024-12-27 18:30:00+00:00,42866.71875,43019.16016,42855.37109,42979.67969,25766683,43038.34008,43123.15611,47.65845591,141.3719308,0,0.5402110829,0.8988508657,
2024-12-27 19:30:00+00:00,42979.62109,43079.76953,42906.85156,42932.85156,29909975,43028.75022,43114.69813,43.26018398,146.6587612,0,0.5098552604,1.067240043,
2024-12-27 20:30:00+00:00,42933.14844,43048.92188,42866.92969,43002.46875,45502613,43026.36099,43109.71016,40.78876246,150.2282366,0,0.5549838447,1.598913904,
2024-12-30 14:30:00+00:00,42863.85938,42863.85938,42263.51172,42302.62891,0,42960.56717,43073.83988,24.93873411,193.6886161,0,0.1013202808,0,
2024-12-30 15:30:00+00:00,42301.87109,42565.17188,42299.32813,42536.30078,44327459,42921.99749,43049.94925,31.28691819,203.3953683,0,0.2527955312,1.650476103,
2024-12-30 16:30:00+00:00,42536.51172,42705.57813,42535.39063,42678.64844,34777678,42899.87485,43033.447,34.8492275,209.0795201,0,0.3450708505,1.322582114,
2024-12-30 17:30:00+00:00,42678.53125,42769.03125,42631.17969,42703.73828,38729798,42882.04426,43018.79328,34.89980021,212.1696429,0,0.3613350687,1.371851172,
2024-12-30 18:30:00+00:00,42703.82813,42771.39844,42645.53906,42702.89063,31870157,42865.75756,43004.75316,35.82497306,215.5424107,0,0.3607855848,1.149102093,
2024-12-30 19:30:00+00:00,42702.89063,42772.67188,42670.92969,42671.51172,33086934,42848.09885,42989.94243,34.21047132,218.1668527,0,0.3404445502,1.195752288,
2024-12-30 20:30:00+00:00,42670.51953,42740.44922,42572.14844,42583.89844,40368880,42824.08063,42971.89603,32.72380938,225.0270647,0,0.2845631514,1.359732682,
2024-12-31 14:30:00+00:00,42636.69922,42779.69141,42635.41016,42707.89063,0,42813.5179,42960.16245,43.87280474,210.9508929,0,0.3688149229,0,
2024-12-31 15:30:00+00:00,42708.42969,42719.42969,42533.82031,42542.23047,36073108,42788.85541,42941.5877,38.65091504,214.1623884,-1,0.2673696207,1.266014084,1
2024-12-31 16:30:00+00:00,42541.37109,42573.14844,42454.87891,42455.73828,30526570,42758.57203,42919.99439,40.73752936,203.9896763,0,0.2520340207,1.058430146,
2024-12-31 17:30:00+00:00,42455.30859,42582.5,42421.28906,42435.44141,33653039,42729.19652,42898.4587,38.32497456,206.3088728,0,0.2355009402,1.143083607,
2024-12-31 18:30:00+00:00,42437.28125,42556.23047,42432.89844,42460.32813,28051416,42704.75394,42878.98623,35.23363365,203.4190848,0,0.255772737,0.9429944603,
2024-12-31 19:30:00+00:00,42459.91016,42582.82813,42422.91016,42582.01953,33906512,42693.59627,42865.78771,40.43233615,202.4905134,0,0.3548980365,1.13226404,
2024-12-31 20:30:00+00:00,42582.17969,42596.64063,42488.53906,42560.87891,52137277,42681.53105,42852.23621,37.63018468,197.2126116,0,0.3376776686,1.601630346,
2025-01-02 14:30:00+00:00,42660.08984,42905.08984,42625.39844,42654.98828,0,42679.11807,42843.46964,64.94037366,169.0164621,0,0.4143356699,0,
2025-01-02 15:30:00+00:00,42655.57813,42704.51172,42458.62891,42590.96094,51379026,42671.10379,42832.24703,52.70708955,167.5906808,0,0.3621813739,1.65762469,
2025-01-02 16:30:00+00:00,42590.46875,42676.83984,42407.98047,42419.17188,45139700,42648.20089,42813.88813,37.51334647,174.6386719,0,0.2222483844,1.421259918,
2025-01-02 17:30:00+00:00,42418.69922,42418.69922,42213.96875,42286.21875,48885280,42615.29342,42790.43616,31.79757562,179.4494978,0,0.1139497071,1.485140278,
2025-01-02 18:30:00+00:00,42286.94141,42352.07031,42174.80078,42349.94141,37092258,42591.17051,42770.85861,35.41235466,183.1216518,0,0.165855816,1.114705592,
2025-01-02 19:30:00+00:00,42350.48828,42447.53906,42254.44141,42424.58984,38891645,42576.02681,42755.46889,40.14695705,189.6470424,0,0.2082999446,1.180508047,
2025-01-02 20:30:00+00:00,42424.17969,42476.71875,42361.32813,42397.71094,45280391,42559.81628,42739.56854,42.1920151,185.8677455,0,0.1858855337,1.286051171,
2025-01-03 14:30:00+00:00,42495.76172,42695.37891,42436.92188,42577.33984,0,42561.40933,42732.35837,44.76928904,193.1445313,0,0.3356786866,0,
2025-01-03 15:30:00+00:00,42577.03125,42675.89844,42544.67969,42610.35156,52422747,42565.85862,42726.93585,53.05399792,189.2594866,0,0.3632072706,1.547546986,
2025-01-03 16:30:00+00:00,42610.48047,42688.92188,42607.91016,42636.60938,37257285,42572.29051,42722.92134,58.57174064,186.5982143,0,0.3851037493,1.1022503,
2025-01-03 17:30:00+00:00,42636.01172,42716.28125,42621.07813,42716.28125,37973585,42585.38058,42722.62622,62.60029233,181.8833705,0,0.4515423955,1.113389735,
2025-01-03 18:30:00+00:00,42717.85938,42744.51953,42691.64844,42734.41016,36931176,42598.92872,42723.14995,62.37211746,176.8504464,0,0.4666601518,1.076757924,
2025-01-03 19:30:00+00:00,42734.01172,42782.76172,42681.07813,42737.53906,34376856,42611.52966,42723.78947,57.86168738,172.6908482,0,0.4692693573,1.011116904,
2025-01-03 20:30:00+00:00,42737.62891,42749.46875,42684.19141,42730.23047,47642563,42622.32064,42724.07574,58.68233013,169.6319754,-1,0.4631746962,1.309544394,1
2025-01-06 14:30:00+00:00,42835.51953,43053.96875,42805.98828,42996.76172,0,42656.36074,42736.19511,64.88965583,168.1696429,0,0.6854360077,0,
2025-01-06 15:30:00+00:00,42998.14063,43056.32031,42919.26172,43052.14063,66711620,42692.34073,42750.23714,70.24424371,160.3964844,0,0.731616665,1.833410803,
2025-01-06 16:30:00+00:00,43051.55859,43115.30859,43008.87891,43021.39844,46579659,42722.25507,42762.28875,80.17190766,148.7943638,0,0.7059806508,1.257789597,
2025-01-06 17:30:00+00:00,43020.55859,43034.62109,42864.10156,42892.19922,40210238,42737.70454,42768.06255,80.47460957,146.3169643,0,0.598240985,1.068259466,
2025-01-06 18:30:00+00:00,42892.80859,42897.25,42714.78906,42763.53906,43292790,42740.05313,42767.8615,69.52450498,146.687779,0,0.4909508453,1.135989435,
2025-01-06 19:30:00+00:00,42763.64844,42784.01172,42638.96094,42691.44922,41000780,42735.63459,42764.4654,62.62800654,143.2558594,0,0.4308348806,1.091799994,
2025-01-06 20:30:00+00:00,42691.91016,42720,42611.16016,42714.21875,58478193,42733.6877,42762.23222,65.03588899,142.7879464,0,0.4498224698,1.444716125,
2025-01-07 14:30:00+00:00,42809.71094,42931.53906,42620.73828,42807.89844,0,42740.43413,42764.26183,61.92677791,143.7260045,0,0.5279422783,0,
2025-01-07 15:30:00+00:00,42754.41016,42814.71094,42596.28906,42734.23047,112475678,42739.87016,42762.9271,56.14957707,149.9547991,0,0.4665103098,2.725022511,
2025-01-07 16:30:00+00:00,42735.32813,42768.89844,42617.25,42641.98047,56432096,42730.9711,42757.5517,50.25023568,155.000279,0,0.3895827226,1.354831662,
2025-01-07 17:30:00+00:00,42642.69141,42710.08984,42554.46094,42703.26172,42373439,42728.45206,42755.13881,49.38285321,159.3164063,0,0.4422903399,1.010900279,
2025-01-07 18:30:00+00:00,42703.57813,42705.48047,42627.39063,42663.48828,37563513,42722.54626,42751.06545,46.70578502,161.1177455,0,0.4090023408,0.8975721843,
2025-01-07 19:30:00+00:00,42663.17188,42663.17188,42433.91016,42445.35938,47917292,42697.34746,42737.47851,38.68801684,170.2530692,0,0.2264414338,1.141377732,
2025-01-07 20:30:00+00:00,42445.66016,42539.10938,42380.75,42529.28125,58882523,42682.06871,42728.2253,42.65576326,176.9017857,0,0.2966790464,1.310652846,
2025-01-08 14:30:00+00:00,42542.10156,42542.16016,42327.78906,42339.48047,0,42650.92432,42710.94775,24.55049246,169.0898438,-1,0.1547667559,0,1
2025-01-08 15:30:00+00:00,42339.21094,42541.05078,42331.83984,42509.73047,53365990,42638.08852,42702.00476,30.7138234,174.2435826,0,0.3561157952,1.237891334,
2025-01-08 16:30:00+00:00,42510.48047,42599.44922,42358.35156,42368.5,41275344,42613.58047,42687.18233,28.47639308,183.8627232,0,0.2059517382,0.9537811446,
2025-01-08 17:30:00+00:00,42368.41016,42572.39844,42351.44141,42548.10938,41491314,42607.62855,42681.00131,39.02153891,187.4654018,1,0.396922374,0.9537466949,1
2025-01-08 18:30:00+00:00,42547.60156,42650.23047,42414.96094,42635.25,40670452,42610.13959,42678.96792,45.79543825,191.2374442,0,0.4895751132,0.9281640037,
2025-01-08 19:30:00+00:00,42634.25,42634.25,42518.55078,42597.94922,35473780,42609.03138,42675.36709,46.86410967,189.2123326,0,0.4499148565,0.8209673112,
2025-01-08 20:30:00+00:00,42598.01172,42656.21875,42546.87109,42617.37109,42978214,42609.78953,42672.78949,46.74452256,189.2486049,0,0.4705652698,0.9475197791,
2025-01-10 14:30:00+00:00,42540.28906,42540.28906,41994.96094,42094.41016,0,42562.93686,42647.08374,31.38795765,211.5064174,0,0.08876639157,0,
2025-01-10 15:30:00+00:00,42093.55859,42148.85938,41954.92969,41967.01953,70523285,42508.76256,42616.85866,30.53219623,209.7569754,0,0.01041887584,1.63171873,
2025-01-10 16:30:00+00:00,41965.67188,42012.85156,41877.30078,41953.12891,48805369,42458.25041,42587.35956,31.79665468,208.6071429,0,0.06125011832,1.118106898,
2025-01-10 17:30:00+00:00,41952.98828,42173.96094,41934.25,42139.55859,38643299,42429.27843,42567.4573,36.02793097,214.6130022,1,0.2118385763,0.8900391325,1
2025-01-10 18:30:00+00:00,42139.66016,42179.55078,42004.62109,42063.14063,40217765,42395.99317,42545.04322,35.38513913,221.5301339,0,0.1501120121,0.9271385308,
2025-01-10 19:30:00+00:00,42063.51953,42063.87109,41904.44141,41925.87891,40577297,42353.25551,42517.52481,36.8354468,216.5195313,0,0.03923894866,0.9551345107,
2025-01-10 20:30:00+00:00,41925.64844,41978.55078,41885.73047,41931.26953,51206920,42314.89315,42491.46902,34.2171298,211.8381696,0,0.04359322248,1.136828112,
2025-01-13 14:30:00+00:00,41924.67969,42154.21875,41844.89063,42036.87891,0,42289.61913,42471.26501,41.64224772,218.6208147,0,0.1511221393,0,
2025-01-13 15:30:00+00:00,42038.01172,42181.67188,42033.80859,42069.32031,60608520,42269.59196,42453.40081,36.83374634,214.2388393,0,0.1766581495,1.529409136,
2025-01-13 16:30:00+00:00,42069.17969,42112.12891,41947.71875,42093.60938,44464011,42253.59355,42437.41007,41.16422498,208.7611607,0,0.1957771034,1.119063184,
2025-01-13 17:30:00+00:00,42094.17969,42187.96094,42056.41016,42183.78125,32838325,42247.24697,42426.13768,37.57506807,202.375,0,0.2667552202,0.8314134611,
2025-01-13 18:30:00+00:00,42183.46875,42252.48828,42150.05078,42233.78906,35470459,42246.02353,42417.58886,35.95292767,192.8869978,0,0.3061184957,0.9124317535,
2025-01-13 19:30:00+00:00,42234.07031,42284.69922,42177.51953,42241.57813,38776140,42245.6194,42409.76616,37.267665,192.2070313,0,0.312249598,1.02394592,
2025-01-13 20:30:00+00:00,42241.96094,42319.60156,42210.35938,42299.69141,47844275,42250.53504,42404.87394,38.95537388,192.1994978,0,0.3579930326,1.188336994,
2025-01-14 14:30:00+00:00,42366.42188,42505.82031,42352.53125,42462.32031,0,42269.78824,42407.42712,67.06713781,162.4651228,0,0.4860051595,0,
2025-01-14 15:30:00+00:00,42464.35156,42525.23047,42313.53906,42318.48828,65011416,42274.21552,42403.47428,66.05945726,163.733817,-1,0.3727888521,1.676414273,0
2025-01-14 16:30:00+00:00,42316.69922,42337.32031,42157.03125,42244.60938,38409574,42271.52405,42396.41362,62.62627288,166.9294085,0,0.3146356237,0.9943980401,
2025-01-14 17:30:00+00:00,42243.76172,42392.42969,42172.37891,42382.64063,33343526,42281.62556,42395.80148,60.99060053,165.5251116,1,0.4232858895,0.8715072393,1
2025-01-14 18:30:00+00:00,42382.03906,42538.73047,42375.98047,42491.26953,34820082,42300.6841,42400.04451,68.80935791,164.6551339,0,0.5087923204,0.9108784724,
2025-01-14 19:30:00+00:00,42490.37891,42544.57031,42288.83984,42397.80078,47189992,42309.51289,42399.94479,71.56309792,171.5337612,0,0.4352190931,1.227706702,
2025-01-14 20:30:00+00:00,42397.58984,42526.80078,42362.35156,42522.55859,48715393,42328.88068,42405.39429,74.3599812,176.6501116,1,0.5334212719,1.191863979,1
2025-01-15 14:30:00+00:00,42927.76172,43269.80078,42927.76172,43204.76172,0,42408.50623,42440.92173,82.6180117,207.9296875,0,0.9543556748,0,
2025-01-15 15:30:00+00:00,43204.01953,43221.89844,43096.12109,43133.23828,58071668,42474.39096,42471.69136,79.07953543,206.3521205,0,0.9041606242,1.535863603,
2025-01-15 16:30:00+00:00,43132.69141,43158.82031,43042.48047,43136.67969,41054736,42534.59903,42501.24639,78.83836966,202.9185268,0,0.9065757984,1.082352974,
2025-01-15 17:30:00+00:00,43136.66016,43198.57813,43125.67969,43195.91016,36087258,42594.71822,42532.12034,78.47001092,198.7290737,0,0.9481436604,0.9566005518,
2025-01-15 18:30:00+00:00,43196.07813,43249.96094,43187.23047,43244.82031,30393867,42653.81841,42563.79589,78.4567076,195.8928571,0,0.9824687412,0.8167033555,
2025-01-15 19:30:00+00:00,43244.76953,43323.48828,43244.73828,43283.55859,38133283,42711.06752,42595.78535,78.82560932,193.8621652,0,0.9729948933,1.042986511,
2025-01-15 20:30:00+00:00,43284.67188,43295.41016,43204.17969,43213.92188,50790412,42756.78155,42623.25808,75.13127066,192.5756138,-1,0.925898431,1.298949419,0
2025-01-16 14:30:00+00:00,43290.25,43294.80859,43084.21094,43122.62109,0,42790.03969,42645.45199,68.89183939,192.8948103,0,0.8641502057,0,
2025-01-16 15:30:00+00:00,43122.73047,43225.73047,43093.87109,43216.03906,61638248,42828.76691,42670.81142,76.44260314,187.1925223,0,0.9273303199,1.669081908,
2025-01-16 16:30:00+00:00,43215.35938,43273.16016,43159.82031,43263.12891,51084419,42868.25436,42697.13664,80.4876794,182.4104353,0,0.9591779584,1.349949091,
2025-01-16 17:30:00+00:00,43262.64063,43263.55859,43170.19922,43172.26172,35686934,42895.89139,42718.25331,74.3227536,173.3610491,0,0.8977229797,0.9427878304,
2025-01-16 18:30:00+00:00,43172.62109,43178.35938,43081.75,43172.94141,53345844,42921.07776,42738.46167,72.49347783,168.6367188,0,0.8981826636,1.382695625,
2025-01-16 19:30:00+00:00,43173.19922,43206.55078,43143.07813,43155.98828,46919254,42942.43326,42757.01841,76.34882711,154.9040179,-1,0.8867169853,1.217581504,0
2025-01-16 20:30:00+00:00,43155.89844,43239.07031,43140.82031,43154.17969,52621738,42961.68294,42774.67002,74.0013953,150.1755022,0,0.8854938035,1.278285201,
2025-01-17 14:30:00+00:00,43312.55078,43527.89844,43312.55078,43518.05859,0,43012.26254,42807.70951,65.70447301,123.4952567,0,0.9941534177,0,
2025-01-17 15:30:00+00:00,43518.28906,43618.67188,43501.78906,43590.07031,58529854,43064.79052,42842.4811,72.88818259,122.859933,0,0.9838753722,1.503799097,
2025-01-17 16:30:00+00:00,43590.30078,43640.64063,43563,43633.57031,47295672,43116.49777,42877.64062,73.93446078,120.0957031,0,0.9960627523,1.193764415,
2025-01-17 17:30:00+00:00,43633.16016,43653.25,43590.80859,43598.85156,35437686,43160.34812,42909.69444,69.87847791,119.3487723,0,0.969918348,0.89376679,
2025-01-17 18:30:00+00:00,43598.64844,43598.64844,43510.76172,43546.92969,41673287,43195.4919,42938.01601,64.8599316,121.1601563,0,0.9412062038,1.058396674,
2025-01-17 19:30:00+00:00,43546.82813,43562.80078,43482.19141,43538.28906,45829862,43226.65528,42964.69481,62.91179091,121.2929688,0,0.9364280468,1.168243976,
2025-01-17 20:30:00+00:00,43539.37109,43562.32813,43482.67188,43491.42969,56876738,43250.72568,42988.10525,64.39880986,120.4662388,0,0.9105154016,1.351841103,
2025-01-21 14:30:00+00:00,43528.64844,43834.87109,43528.64844,43773.51172,0,43298.25168,43023.0122,78.1910034,129.9550781,0,0.9691658406,0,
2025-01-21 15:30:00+00:00,43775.26172,43918.58984,43745.05859,43910.98828,60459977,43353.95501,43062.47781,78.99274151,132.9316406,0,0.9963342984,1.506219499,
2025-01-21 16:30:00+00:00,43911.73047,43938.55078,43872.58984,43934.33984,50396132,43406.71727,43101.22723,78.5682459,129.547433,0,0.9979887197,1.233516521,
2025-01-21 17:30:00+00:00,43933.91016,43969.23828,43908.03125,43950.41016,55130655,43456.14389,43138.9687,85.37189085,127.2508371,0,0.9911369851,1.309750082,
2025-01-21 18:30:00+00:00,43950.32813,43968.96094,43912.30078,43953.23828,47218762,43501.33429,43175.15845,85.40040689,124.3973214,0,0.9924682761,1.109808286,
2025-01-21 19:30:00+00:00,43953.39063,43990.67969,43908.10938,43988.03906,46470155,43545.58018,43211.28648,87.14680841,125.7614397,0,0.9987693921,1.097786906,
2025-01-21 20:30:00+00:00,43988.17188,44050.12891,43957.14844,44026.57031,53835418,43589.30656,43247.52132,87.71124049,125.3850446,0,0.9893169849,1.195743907,
2025-01-22 14:30:00+00:00,44178.05859,44201.62109,44064.30859,44160.78125,0,43641.2588,43288.11065,84.66666386,111.1944754,0,0.9826709739,0,
2025-01-22 15:30:00+00:00,44159.58984,44162.32813,44042.10938,44115.91016,68708398,43684.40892,43324.90174,79.21776312,111.4327567,0,0.9636314213,1.604518461,
2025-01-22 16:30:00+00:00,44116.33984,44172.53906,44108.19141,44139.67188,53156492,43725.79646,43361.11374,78.75168655,110.4832589,0,0.9737139144,1.216526643,
2025-01-22 17:30:00+00:00,44139.32031,44184.30859,44117.5,44169.37891,39141704,43766.12214,43397.03664,82.59734231,110.7952009,0,0.9863191027,0.9105879441,
2025-01-22 18:30:00+00:00,44169.67969,44197.32031,44118.85938,44136.58984,46471278,43799.80102,43429.90567,84.44355203,110.1074219,-1,0.9724061572,1.081665919,0
2025-01-22 19:30:00+00:00,44136.66016,44208.33984,44129.14063,44164.12891,45804535,43832.92174,43462.53782,85.76722671,110.0066964,0,0.9812938915,1.074673113,
2025-01-22 20:30:00+00:00,44163.80859,44187.44922,44118.07813,44153.71875,58191543,43862.0851,43493.25697,89.49580223,109.2720424,0,0.9768892459,1.278052806,
2025-01-23 14:30:00+00:00,44113.55078,44290.25,44113.55078,44225.42969,0,43895.11643,43525.79798,85.97737323,97.36188616,1,0.9734925209,0,1
2025-01-23 15:30:00+00:00,44228.53125,44411.48047,44217.21094,44393.23047,52605293,43940.39952,43564.35053,86.62323639,98.84319196,0,0.9925926278,1.227077382,
2025-01-23 16:30:00+00:00,44393.30859,44436.10938,44376.30078,44426.37109,37342968,43984.57876,43602.66256,86.81921287,98.40373884,0,0.9960865143,0.8691352147,
2025-01-23 17:30:00+00:00,44426.46094,44530.73828,44420.62109,44506.14063,36651902,44031.99347,43642.81714,87.96641741,101.8973214,0,0.9900588544,0.8580651596,
2025-01-23 18:30:00+00:00,44505.98828,44514.44922,44460.87109,44484.55078,33986470,44073.13505,43680.22752,85.3909722,101.6771763,0,0.9805990916,0.8068498722,
2025-01-23 19:30:00+00:00,44484.57813,44512.21875,44476.85156,44485.78906,43061546,44110.64905,43716.03026,84.70719616,98.30552455,0,0.9810637041,1.039339108,
2025-01-23 20:30:00+00:00,44485.64063,44559.55859,44448.55078,44556.57031,57347561,44151.18734,43753.38759,85.36538321,99.59319196,0,0.9987561926,1.294555406,
2025-01-24 14:30:00+00:00,44533.75,44544.64063,44397.32813,44468.66016,0,44180.04851,43785.17749,71.89689565,98.4640067,0,0.962165493,0,
2025-01-24 15:30:00+00:00,44469.76953,44515.96875,44431.55859,44515,58715602,44210.49865,43817.61404,78.32480358,95.90625,0,0.9814534499,1.408317714,
2025-01-24 16:30:00+00:00,44514.78906,44545.51953,44466.53906,44508.48828,47536730,44237.58861,43848.31956,76.83322629,96.95145089,0,0.9787430879,1.150667222,
2025-01-24 17:30:00+00:00,44508.05078,44531.16016,44442.55859,44468.19922,48230370,44258.55321,43875.86977,71.41097838,98.50809152,0,0.9617291587,1.166029752,
2025-01-24 18:30:00+00:00,44468.19141,44486.07031,44378.46875,44399.78125,54077834,44271.39213,43899.15472,67.94203331,100.5895647,0,0.9296357844,1.295485912,
2025-01-24 19:30:00+00:00,44399.80859,44425.07031,44356.35156,44363.60938,49975116,44279.77551,43919.79715,63.44059419,99.84095982,0,0.9137060815,1.20276281,
2025-01-24 20:30:00+00:00,44364.28906,44429.21875,44332.21875,44418.76953,59595753,44292.41133,43941.9737,66.84290743,101.8144531,0,0.9359236246,1.338326515,
2025-01-27 14:30:00+00:00,44148.83984,44422.23828,44026.26953,44406.57031,0,44302.78942,43962.62244,62.4526032,117.4765625,0,0.9062455116,0,
2025-01-27 15:30:00+00:00,44403.78125,44437.26953,44335.83984,44352.91016,157759795,44307.34585,43979.96856,46.71219438,110.8451451,0,0.8637852368,3.405514865,
2025-01-27 16:30:00+00:00,44352.78125,44569.14844,44343.46094,44552.67188,158393770,44329.64822,44005.42204,58.0982723,122.6936384,1,0.989207501,3.029291187,1
2025-01-27 17:30:00+00:00,44552.33984,44577.48828,44455.75,44493.82813,97459018,44344.57366,44027.12898,49.18876627,123.5237165,0,0.9440676505,1.777256062,
2025-01-27 18:30:00+00:00,44495.01953,44723.69922,44476.73047,44713.94922,101404934,44378.15326,44057.65432,61.98020368,137.3373326,0,0.9940619357,1.759988683,
2025-01-27 19:30:00+00:00,44714.58984,44715.89063,44539.96875,44607.85938,118059866,44399.03563,44082.10788,55.745795,147.3769531,0,0.9294498012,1.947853902,
2025-01-27 20:30:00+00:00,44607.82813,44727.85156,44586.30078,44715.78906,113324070,44427.8314,44110.27149,57.24112447,149.5585938,1,0.9926720803,1.709869861,1
2025-01-28 14:30:00+00:00,44756.35938,44884.32813,44621.96094,44864.85938,0,44467.56122,44143.80873,67.06921795,156.9246652,0,0.9891994972,0,
2025-01-28 15:30:00+00:00,44866.55078,44976.35156,44757.73047,44775.80859,108492637,44495.5837,44171.89761,60.83742643,166.5111607,0,0.8941503202,1.61438611,
2025-01-28 16:30:00+00:00,44775.07031,44861.10156,44726.26953,44823.76953,121504786,44525.41878,44200.8697,62.66467912,170.500558,0,0.9194648446,1.700645073,
2025-01-28 17:30:00+00:00,44823.25,44907.42969,44807,44882.48828,85064683,44557.87964,44231.16386,66.39896341,171.3454241,0,0.9504575088,1.149519581,
2025-01-28 18:30:00+00:00,44882.01172,44903.89844,44776.01172,44824.80859,71891181,44582.14591,44257.54807,66.96827075,172.7943638,0,0.9200132779,0.9529371025,
2025-01-28 19:30:00+00:00,44823.60938,44879.08984,44819.41016,44845.35156,77561356,44606.0737,44283.67267,69.4755194,172.1487165,0,0.9286310162,1.014505513,
2025-01-28 20:30:00+00:00,44846.21875,44894.75,44833.94141,44847.85938,87701824,44628.05421,44308.74763,68.11825598,169.5636161,0,0.929997276,1.084915548,
2025-01-29 14:30:00+00:00,44819.55078,44953.17969,44810.82031,44906.76172,0,44653.39126,44335.32604,70.31911011,151.4486607,0,0.9581741729,0,
2025-01-29 15:30:00+00:00,44908.28906,44962.57813,44842.55078,44853.96875,91665965,44671.62558,44358.37682,70.36868833,152.7770647,0,0.918092574,1.144277672,
2025-01-29 16:30:00+00:00,44855.05859,44889.64844,44814.85156,44855.28125,61814330,44688.32155,44380.46146,64.66808043,141.9991629,0,0.9189709938,0.7651486667,
2025-01-29 17:30:00+00:00,44855.05078,44872.10156,44671.39063,44811.44141,71994353,44699.51426,44399.61613,65.62258626,147.640067,0,0.8896302009,0.8813853744,
2025-01-29 18:30:00+00:00,44812.92969,44818.37109,44585.10938,44588.64063,58301670,44689.43484,44408.01722,43.85259567,146.6609933,0,0.7405158103,0.7101342922,
2025-01-29 19:30:00+00:00,44586.82031,44851.75,44579.10156,44827.19141,76831058,44701.95816,44426.64718,59.52242856,153.5700335,1,0.9001712396,0.926107602,0
2025-01-29 20:30:00+00:00,44826.82031,44846.14844,44690.07031,44710.76172,71989650,44702.75849,44439.27449,49.78333406,154.6077009,0,0.8221908981,0.8316662257,
2025-01-30 14:30:00+00:00,44548.69141,44882.26172,44548.69141,44753.51953,0,44707.37313,44453.24094,44.7174602,159.6936384,0,0.8460789181,0,
2025-01-30 15:30:00+00:00,44752.71875,44883.67188,44714.73828,44793.98047,102365454,44715.24652,44468.38492,50.90384152,156.1445313,0,0.8518865141,1.349197887,
2025-01-30 16:30:00+00:00,44792.46875,44901.46094,44763.58984,44781.87891,64596766,44721.30401,44482.31799,47.83934947,156.3616071,0,0.8238092036,0.8702452792,
2025-01-30 17:30:00+00:00,44783.87891,44932.76953,44783.87891,44922.14063,45679858,44739.56189,44501.86566,51.88651544,159.9659598,0,0.9492559143,0.6393980258,
2025-01-30 18:30:00+00:00,44924.48047,44997.55859,44924.48047,44953.25,56352354,44758.98808,44521.92718,56.26928108,156.218192,0,0.959329363,0.8243879041,
2025-01-30 19:30:00+00:00,44953.07031,45008.75,44927.51953,44974.05859,74099765,44778.53994,44542.02191,56.28061775,157.7575335,0,0.9684807144,1.116037893,
2025-01-30 20:30:00+00:00,44972.89844,44973.03906,44640.21875,44879.60938,92964992,44787.72807,44557.0258,51.42175452,177.2597656,0,0.8771962409,1.308561888,
2025-01-31 14:30:00+00:00,45054.35938,45054.35938,44878.46094,44944.10938,0,44801.94456,44574.22952,51.66407335,179.6554129,0,0.8927622905,0,
2025-01-31 15:30:00+00:00,44944.53906,44959.53125,44865.08984,44875.30859,95546625,44808.61401,44587.61081,50.93745174,177.827846,0,0.8258413092,1.485463302,
2025-01-31 16:30:00+00:00,44874.14844,44944.48828,44832.32813,44935.87891,70920910,44820.18355,44603.08939,53.36541128,180.4966518,0,0.8847566976,1.114864893,
2025-01-31 17:30:00+00:00,44935.57031,44955.05859,44723.83984,44737.94141,52392499,44812.70699,44609.08281,47.2808777,182.6757813,0,0.6922273178,0.8364201676,
2025-01-31 18:30:00+00:00,44738.62109,44738.62109,44532.57813,44651.80078,63825398,44798.07915,44610.98139,52.59944246,180.7315848,0,0.6084402582,1.030236622,
2025-01-31 19:30:00+00:00,44652.67188,44692.85156,44507.21875,44535.85938,79880585,44774.24099,44607.64263,36.66391294,174.516183,0,0.4956666451,1.297581914,
2025-01-31 20:30:00+00:00,44535.85938,44627.21875,44508.03125,44542.76172,83573876,44753.19742,44604.75904,41.45248865,171.8811384,0,0.5023804005,1.27128268,
2025-02-03 14:30:00+00:00,44268.14844,44335.82813,43879.05859,44330.57813,0,44714.77749,44592.57322,31.64584428,195.4620536,0,0.3841735992,0,
2025-02-03 15:30:00+00:00,44329.08984,44521.01953,44286.01172,44448.67188,94706467,44690.58607,44586.1776,35.96079141,200.1816406,0,0.4846531972,1.50803801,
2025-02-03 16:30:00+00:00,44448.25,44519.46094,44372.01953,44440.23828,58182323,44667.82718,44579.69141,36.0683679,200.8652344,0,0.4774775074,0.9367548368,
2025-02-03 17:30:00+00:00,44439.80078,44472.53125,44340.82813,44445.07031,55133102,44647.57655,44573.70825,28.13014827,199.4946987,0,0.481588822,0.8899313526,
2025-02-03 18:30:00+00:00,44445.05859,44572.26953,44420.03906,44542.26172,62595458,44638.00248,44572.31063,32.23575575,204.9813058,0,0.5642837439,1.022128465,
2025-02-03 19:30:00+00:00,44542.48828,44594.53906,44457.64844,44459.94141,58352914,44621.81511,44567.31644,28.90016801,208.9570313,0,0.494241833,0.9635797701,
2025-02-03 20:30:00+00:00,44459.80859,44539.39063,44411.53125,44425.60156,62465401,44603.97751,44561.018,30.40007285,194.2441406,0,0.4650239134,0.9808997618,
2025-02-04 14:30:00+00:00,44469.46094,44474.26953,44328.51953,44425.16016,0,44587.72139,44554.97987,26.28482276,192.0906808,0,0.4646483447,0,
2025-02-04 15:30:00+00:00,44424.05078,44535.32813,44402.46094,44533.05859,68844841,44582.75204,44554.0056,34.89931267,194.8353795,1,0.5564533015,1.171311337,0
2025-02-04 16:30:00+00:00,44531.94922,44537.39063,44424.94141,44426.28906,55584443,44568.52814,44548.3293,28.39669728,194.8560268,0,0.4656088701,0.9378001286,
2025-02-04 17:30:00+00:00,44426.26953,44521.60938,44405.98047,44497.82813,41528278,44562.10086,44546.08481,38.59890568,186.5996094,0,0.5264775972,0.7095225238,
2025-02-04 18:30:00+00:00,44497.78906,44589.71875,44461.17188,44563.16016,40521741,44562.19716,44546.84371,45.7063062,181.0641741,0,0.5820650964,0.7127710373,
2025-02-04 19:30:00+00:00,44563.23047,44597.71094,44511.12891,44517.26172,50176058,44558.11212,44545.52896,49.03356244,173.9891183,0,0.5430125932,0.9171018133,
2025-02-04 20:30:00+00:00,44517.07813,44580.46094,44514.37109,44551.17969,53443160,44557.4819,44545.7801,50.42549747,170.1964286,0,0.5718715621,0.9313299129,
2025-02-05 14:30:00+00:00,44563.62891,44628.73828,44352.98828,44557.21875,0,44557.45798,44546.28849,64.47171506,142.4854911,0,0.5770098745,0,
2025-02-05 15:30:00+00:00,44560.48047,44612.67188,44518.67969,44605.35938,63270919,44561.81265,44548.91386,60.98645865,132.4129464,0,0.617970134,1.211532489,
2025-02-05 16:30:00+00:00,44610.32031,44707.89844,44602.44922,44668.57813,55307675,44571.5186,44554.23227,64.86821958,129.4135045,0,0.6717595562,1.056102037,
2025-02-05 17:30:00+00:00,44668.82813,44722.5,44667.32031,44706.62891,38945246,44583.80136,44561.00545,66.32501304,123.9475446,0,0.7041349123,0.7617559002,
2025-02-05 18:30:00+00:00,44706.39063,44831.69922,44701.16016,44816.46094,44037228,44604.95223,44572.35903,66.84812089,122.3981585,0,0.7975850597,0.8926442849,
2025-02-05 19:30:00+00:00,44816.55859,44886.87891,44780.23047,44851.23047,47046622,44627.34116,44584.75332,75.53481116,120.2380022,0,0.8271685772,0.9903073044,
2025-02-05 20:30:00+00:00,44850.69141,44880.21875,44831.46875,44872.94141,58795646,44649.66845,44597.56168,79.68182219,114.5873326,0,0.8456412421,1.165496271,
2025-02-06 14:30:00+00:00,44949.19141,44966.62891,44788.64844,44798.96094,0,44663.2405,44606.51275,72.59713701,116.8895089,-1,0.7826952542,0,1
2025-02-06 15:30:00+00:00,44798.76953,44817.92188,44726.80078,44780.28125,57193906,44673.88057,44614.2358,66.75225123,113.9076451,0,0.7668017163,1.252545679,
2025-02-06 16:30:00+00:00,44780.33984,44785.75,44680.48047,44739.25,62341756,44679.82324,44619.79199,73.2809122,113.3948103,0,0.7318904403,1.354591091,
2025-02-06 17:30:00+00:00,44738.89063,44780.60938,44698.51953,44713.46094,42843352,44682.88121,44623.95505,67.21232757,110.9991629,0,0.7099479189,0.9513354218,
2025-02-06 18:30:00+00:00,44712.60156,44725.66016,44639.91016,44651.16016,42471720,44679.99748,44625.16417,57.05852864,107.9422433,0,0.6569395467,0.9600103159,
2025-02-06 19:30:00+00:00,44651.07813,44699.07031,44545.26953,44685.53125,55507262,44680.50055,44627.84715,63.75128488,112.7435826,0,0.6861840553,1.264604181,
2025-02-06 20:30:00+00:00,44685.32813,44756.60938,44655.62109,44743.89844,61794545,44686.264,44633.00498,65.14414813,115.2363281,0,0.7358455449,1.315261124,
2025-02-07 14:30:00+00:00,44762.57031,44857.10938,44595.35938,44640.03125,0,44682.06102,44633.31726,55.64033799,114.2363281,-1,0.6474705611,0,1
2025-02-07 15:30:00+00:00,44640.39844,44693.94922,44410.12891,44455.17969,73086793,44661.43544,44625.40004,41.37711389,127.7954799,0,0.4901903436,1.645520958,
2025-02-07 16:30:00+00:00,44455.10938,44519.64844,44377.03906,44434.55859,56637396,44640.81028,44616.91819,35.87218488,130.4497768,0,0.4726449679,1.253842769,
2025-02-07 17:30:00+00:00,44434.05859,44507.78125,44414.96875,44458.42188,40876766,44624.22951,44609.87391,34.7545263,133.1378348,1,0.4929489459,0.9045773231,1
2025-02-07 18:30:00+00:00,44458.98828,44484.94141,44307.57813,44319.69922,39434668,44596.54494,44596.97726,20.5334841,136.4824219,-1,0.374917325,0.8831609738,0
2025-02-07 19:30:00+00:00,44318.92188,44368.05859,44279.78125,44293.71875,44031410,44569.01529,44583.4991,16.58151438,135.1702009,0,0.3528119464,0.9966108733,
2025-02-07 20:30:00+00:00,44293.92188,44344.98047,44284.62109,44303.17188,67315526,44544.8477,44571.04012,15.33737958,135.999442,0,0.3608551003,1.415770432,
2025-02-10 14:30:00+00:00,44396.92188,44622.19141,44346.62109,44446.19922,0,44535.87966,44565.49163,30.20251932,146.0736607,0,0.4825493474,0,
2025-02-10 15:30:00+00:00,44445.94141,44484.91016,44334.94922,44369.98047,63560174,44520.79791,44556.80225,28.37026939,150.2765067,0,0.4176989268,1.418880544,
2025-02-10 16:30:00+00:00,44369.62109,44405.87891,44301.42188,44345.76172,42548697,44504.88553,44547.42267,28.88223628,150.218471,0,0.3970924996,0.9460275037,
2025-02-10 17:30:00+00:00,44345.85938,44462.60938,44345.85938,44424.87109,32063149,44497.61149,44541.97593,35.35036268,152.7011719,0,0.464402397,0.7225096301,
2025-02-10 18:30:00+00:00,44424.89063,44496.32813,44401.39844,44477.03906,34619457,44495.74127,44539.08985,41.06924615,153.3568638,0,0.5087893059,0.791191358,
2025-02-10 19:30:00+00:00,44477.01172,44487.03906,44431.64063,44435.32031,43618382,44490.24846,44534.47787,37.26256761,146.328125,0,0.4732930732,1.014445902,
2025-02-10 20:30:00+00:00,44435.44141,44498.64844,44422.92969,44472.76953,53478029,44488.65946,44531.73528,35.89735254,144.5231585,0,0.5051565922,1.170936788,
2025-02-11 14:30:00+00:00,44401.37891,44417.21094,44319.51172,44404.41016,0,44481.00044,44526.07638,37.2742041,136.7737165,0,0.4469932896,0,
2025-02-11 15:30:00+00:00,44404.48828,44534.44141,44388.96094,44489.46875,51294062,44481.77028,44524.44938,52.07568764,126.8922991,0,0.561260407,1.213800084,
2025-02-11 16:30:00+00:00,44488.94922,44548.91016,44463.42969,44508.82031,58420310,44484.22938,44523.75475,54.50235171,122.8116629,0,0.5790537968,1.357414895,
2025-02-11 17:30:00+00:00,44508.98047,44519.57031,44450.98828,44487.23047,34601054,44484.5022,44522.13145,51.75144034,121.0809152,-1,0.5592023504,0.8113859494,1
2025-02-11 18:30:00+00:00,44487.07813,44555.46094,44486.46094,44525.33984,36602062,44488.21472,44522.27404,64.2447398,113.3406808,1,0.5942431883,0.8777657296,0
2025-02-11 19:30:00+00:00,44525.44922,44629.08984,44524,44610.23047,39602211,44499.30706,44526.18322,70.27043254,114.5415737,0,0.6722984864,0.9756760708,
2025-02-11 20:30:00+00:00,44609.55078,44640.60156,44563.32031,44595.71094,46728573,44508.07105,44529.27334,68.61435062,115.750279,0,0.6589480565,1.088586002,
2025-02-12 14:30:00+00:00,44357.69922,44357.69922,44104.48047,44241.91016,0,44483.8746,44516.50164,39.75031358,128.0510603,0,0.333635038,0,
2025-02-12 15:30:00+00:00,44240.28906,44364.80859,44137.21094,44169.87891,49602744,44455.32954,44501.09619,39.91804698,133.5965402,0,0.0758551946,1.274484011,
2025-02-12 16:30:00+00:00,44169.92188,44446.78906,44169.73047,44433.85938,40888326,44453.37771,44498.10789,53.57499517,145.9252232,0,0.3820443115,1.050561715,
2025-02-12 17:30:00+00:00,44431.94141,44467.21094,44375.66016,44390.78906,34566214,44447.68783,44493.33816,48.57528225,144.1183036,0,0.3320873544,0.8937145337,
2025-02-12 18:30:00+00:00,44392.19922,44422.76953,44339.42188,44361.14844,36015191,44439.82061,44487.46306,45.06247628,143.2910156,0,0.2977073988,0.9409289173,
2025-02-12 19:30:00+00:00,44360.87109,44419.62891,44324.30859,44324.30859,39775879,44429.31952,44480.21175,45.25059746,146.1425781,0,0.2549771193,1.07795972,
2025-02-12 20:30:00+00:00,44323.87891,44376.48828,44300.73047,44362.07031,49959734,44423.20595,44474.96102,45.26523315,146.1453683,1,0.2987766753,1.268103273,1
2025-02-13 14:30:00+00:00,44425.94141,44529.73047,44366.62109,44466.10938,0,44427.10627,44474.56761,52.56080597,147.1741071,0,0.4194508631,0,
2025-02-13 15:30:00+00:00,44466.26172,44536.89844,44441.41016,44481.96875,72994062,44432.09376,44474.89655,49.66974446,143.6032366,0,0.4378460423,1.934054456,
2025-02-13 16:30:00+00:00,44481.71094,44516.07813,44441.05078,44512.85156,43386031,44439.43538,44476.58344,50.17572777,142.8565848,0,0.4736668026,1.132569329,
2025-02-13 17:30:00+00:00,44512.73047,44519.51172,44409.30078,44491.26953,40432266,44444.14758,44477.23616,50.17606953,145.8300781,0,0.4486339541,1.047515346,
2025-02-13 18:30:00+00:00,44490.82813,44721.67188,44445.16016,44705.30078,43842375,44467.88878,44487.37236,56.80160628,160.6523438,1,0.6968873182,1.135534643,0
2025-02-13 19:30:00+00:00,44705.19141,44768.26172,44694.25,44758.76172,44361607,44494.33177,44499.43411,55.75033875,158.4324777,0,0.7588962892,1.162709843,
2025-02-13 20:30:00+00:00,44759.39063,44759.39063,44697.62891,44711.91016,52095932,44514.11163,44508.87749,54.3887448,157.3239397,0,0.7045534865,1.278163312,
2025-02-14 14:30:00+00:00,44720.98828,44769.05078,44627.57813,44627.57813,0,44524.42676,44514.15308,68.28914074,132.3412388,0,0.6067373477,0,
2025-02-14 15:30:00+00:00,44628.66016,44712.33984,44585.26172,44616.85938,61391021,44532.82973,44518.7178,72.50541851,125.1612723,0,0.5943047438,1.60113187,
2025-02-14 16:30:00+00:00,44617.42188,44655.82813,44581.98047,44586.5,39970400,44537.70884,44521.73034,60.04968778,110.6462054,0,0.559091115,1.035214785,
2025-02-14 17:30:00+00:00,44587.32813,44618.64063,44564,44606.48828,33143847,44543.96152,44525.49736,64.6465611,108.0097656,0,0.582275384,0.8622717532,
2025-02-14 18:30:00+00:00,44606.46094,44653.44141,44589.85938,44595.76953,35346587,44548.67134,44528.62057,66.35159342,106.5979353,0,0.5698427801,0.9246972013,
2025-02-14 19:30:00+00:00,44595.53125,44611.17188,44518.98828,44524.07813,41279808,44546.43559,44528.41868,63.27765171,106.3738839,0,0.4866884147,1.087667424,
2025-02-14 20:30:00+00:00,44523.42188,44560.82813,44498.96094,44537.76172,61373467,44545.64706,44528.83393,62.06341628,105.3816964,0,0.5025599203,1.496137496,
2025-02-18 14:30:00+00:00,44583.91016,44602.01953,44382.21875,44462.32031,0,44538.0719,44525.87777,49.72919854,109.1060268,-1,0.4150559558,0,1
2025-02-18 15:30:00+00:00,44462.03125,44550.67188,44429.39063,44455.03906,65584037,44530.52346,44522.72938,48.05146352,110.9483817,0,0.4657788066,1.648837594,
2025-02-18 16:30:00+00:00,44455.37109,44491.53906,44438.26953,44477.19922,41984147,44525.6758,44520.70582,47.38734406,109.3942522,0,0.4952224754,1.045765206,
2025-02-18 17:30:00+00:00,44476.71094,44507.17188,44431.51172,44474.75,35307322,44521.04618,44518.66334,48.75449871,106.9263393,0,0.4919682571,0.8802310322,
2025-02-18 18:30:00+00:00,44474.69922,44476.82813,44319.32031,44356.64063,43237762,44506.10022,44511.46233,19.26729332,98.42606027,0,0.3350391596,1.073309592,
2025-02-18 19:30:00+00:00,44356.87891,44446.60938,44350.19141,44443.32813,37403584,44500.39367,44508.43414,23.73455806,100.0265067,0,0.4502187644,0.9431841776,
2025-02-18 20:30:00+00:00,44443.44141,44560.82031,44440.25,44554.10156,63424762,44505.2762,44510.4638,38.12387924,104.2271205,0,0.5974007775,1.480919837,
2025-02-19 14:30:00+00:00,44478.12109,44478.12109,44366.41016,44410.94922,0,44496.70102,44506.04093,35.02319828,107.5284598,0,0.4071976873,0,
2025-02-19 15:30:00+00:00,44410.03125,44450.57031,44348.67969,44430.25,60825127,44490.66002,44502.67245,37.24991993,105.7293527,0,0.4901957327,1.518722082,
2025-02-19 16:30:00+00:00,44431.35938,44474.32031,44381.10938,44382.87891,38369693,44480.86174,44497.34829,36.40366207,107.1124442,-1,0.4189149474,0.9605132305,1
2025-02-19 17:30:00+00:00,44383.10156,44416.69922,44312.64844,44399.21094,41015674,44473.43894,44492.98663,36.09161298,110.6417411,0,0.4434902721,1.030395998,
2025-02-19 18:30:00+00:00,44398.67969,44576.85938,44398.67969,44562.32031,34044968,44481.51906,44496.06813,48.13662299,118.8272879,0,0.6889261153,0.8665067109,
2025-02-19 19:30:00+00:00,44561.69141,44580.82813,44516.28906,44559.05859,48464270,44488.56811,44498.8677,52.10951082,116.8526786,0,0.6840181038,1.239231583,
2025-02-19 20:30:00+00:00,44558.96094,44636.19141,44558.21875,44619.78125,49609517,44500.49658,44504.24164,54.68066609,118.0030692,1,0.7753894081,1.19285763,0
2025-02-20 14:30:00+00:00,44561.10938,44561.10938,44167.28125,44184.35938,0,44471.75683,44490.02465,38.75683362,134.624442,0,0.1201963205,0,
2025-02-20 15:30:00+00:00,44184.44141,44232.03125,44025.57031,44050.64844,59390704,44433.47425,44470.49682,35.16065777,140.7087054,0,0.03373071123,1.503932825,
2025-02-20 16:30:00+00:00,44050.42969,44075.46094,43957.32813,44055.58984,43800172,44399.12112,44452.05651,34.33079371,145.3417969,0,0.1210533154,1.094372846,
2025-02-20 17:30:00+00:00,44056.82031,44086.60938,43950.16016,43967.67188,30853577,44359.89846,44430.5283,32.28006377,149.6838728,-1,0.02138468584,0.7752460926,1
2025-02-20 18:30:00+00:00,43967.73047,44095.05078,43956.96094,44063.39844,33086364,44332.94392,44414.21142,39.589747,148.296875,0,0.1382825469,0.8399951211,
2025-02-20 19:30:00+00:00,44063.94922,44145.19141,44035.53906,44135.94141,40652879,44315.0346,44401.84386,38.97690629,149.2421875,0,0.2268694308,1.059973597,
2025-02-20 20:30:00+00:00,44136.10938,44192.96875,44108.80078,44181.17969,47501652,44302.86597,44392.03657,35.96719191,146.6420201,0,0.2821128051,1.166319804,
2025-02-21 14:30:00+00:00,43820.12891,43959.73047,43762.03906,43801.91016,0,44257.32453,44365.80873,30.54023155,163.1741071,0,0.03959347544,0,
2025-02-21 15:30:00+00:00,43799.73047,43851.32031,43760.64063,43801.10938,63301683,44215.85043,44340.71098,29.65746331,162.3733259,0,0.04013124,1.643581166,
2025-02-21 16:30:00+00:00,43802.14844,43848.55859,43715.85938,43719.32031,48857828,44170.71133,44313.09361,29.01174011,165.1939174,-1,0.003286142936,1.246627234,1
2025-02-21 17:30:00+00:00,43723.89844,43726.42969,43492.71875,43493.14844,70948640,44109.1147,44276.65161,24.69982548,174.4553571,0,0.000336658087,1.748470072,
2025-02-21 18:30:00+00:00,43494.28906,43547.58984,43349.32813,43369.19922,62909673,44041.84966,44236.32039,15.93933649,175.8897879,0,0.01399646168,1.503115302,
2025-02-21 19:30:00+00:00,43369.53125,43463.19141,43361.80078,43458.55078,73277783,43988.82249,44201.75285,20.0551004,178.5220424,0,0.07693238941,1.730473494,
2025-02-21 20:30:00+00:00,43460.51172,43468.39063,43391.69141,43431.19141,74758668,43938.12875,44167.50568,17.06031745,178.4310826,0,0.05766146007,1.622245695,
2025-02-24 14:30:00+00:00,43493.12109,43649.28125,43343.67188,43468.08984,0,43895.39794,44136.42053,24.52209387,167.9388951,0,0.08728764555,0,
2025-02-24 15:30:00+00:00,43467.01953,43598.75,43382.98828,43579.08984,82125003,43866.64266,44111.65028,32.95107574,168.6032366,1,0.1651616758,1.815721618,1
2025-02-24 16:30:00+00:00,43579.30078,43651.08984,43528.35156,43618.42188,58342095,43844.07713,44089.72901,34.57795563,168.9321987,0,0.192755764,1.265657507,
2025-02-24 17:30:00+00:00,43618.5,43688.32031,43602.01172,43652.23828,34899249,43826.63724,44070.28498,38.43079048,165.3507254,0,0.216480267,0.7563939008,
2025-02-24 18:30:00+00:00,43652.51172,43699.14844,43608.60938,43622.53906,41454410,43808.08286,44050.38516,33.00751608,161.9542411,0,0.1956442503,0.9053455488,
2025-02-24 19:30:00+00:00,43620.94922,43663.60156,43553.46094,43555.21875,47915562,43785.09521,44028.37777,27.52614505,161.9891183,0,0.1484144841,1.048393461,
2025-02-24 20:30:00+00:00,43555.28125,43594.30859,43428.67188,43468.17188,65019228,43756.284,44003.47973,23.27165592,167.8083147,0,0.08734519604,1.328149295,
2025-02-25 14:30:00+00:00,43509.73828,43734.44922,43302.62109,43313.32031,0,43716.01457,43972.80597,27.97928191,168.7145647,0,0.007296100755,0,
2025-02-25 15:30:00+00:00,43313.62109,43537.69922,43282.98047,43407.26172,89042377,43687.94613,43947.67067,33.62417045,180.4316406,0,0.08363080061,1.845539856,
2025-02-25 16:30:00+00:00,43406.82813,43508.83984,43299.98047,43482.05078,67164525,43669.22837,43926.97646,40.07678358,185.8716518,0,0.1339575327,1.341603274,
2025-02-25 17:30:00+00:00,43482.39063,43696.96094,43474.60938,43508.60938,57991546,43654.62665,43908.38236,50.77621846,185.0602679,0,0.1518292266,1.130260149,
2025-02-25 18:30:00+00:00,43509.78125,43668.46094,43473.64844,43487.12891,50435650,43639.39958,43889.65999,56.59971494,184.8138951,0,0.1373746826,0.9737123525,
2025-02-25 19:30:00+00:00,43487.03906,43767.73828,43484.76953,43707.16016,57318784,43645.55963,43881.54888,62.13764799,197.7837612,1,0.2854371586,1.09621014,0
2025-02-25 20:30:00+00:00,43707.14844,43712.83984,43559.16016,43624.35156,70247203,43643.63162,43870.11789,58.94612676,203.2823661,0,0.2297139583,1.258899272,
2025-02-26 14:30:00+00:00,43635.42188,43858.69141,43561.75,43811.73047,0,43658.91334,43867.5229,63.96851004,202.6632254,0,0.3558041605,0,
2025-02-26 15:30:00+00:00,43813.80078,43866.5,43760.67969,43760.67969,71776479,43668.16482,43862.77431,57.75955025,194.8102679,0,0.3342051181,1.334598097,
2025-02-26 16:30:00+00:00,43760.85938,43793.05859,43659.89844,43714.53125,51641073,43672.37995,43856.18573,54.08308219,195.5546875,0,0.3143471741,0.9777549763,
2025-02-26 17:30:00+00:00,43709.98047,43729.92188,43379.14844,43385.01953,51954129,43646.25628,43835.24501,40.92708029,214.4450335,0,0.07445601674,0.9939913892,
2025-02-26 18:30:00+00:00,43384.71094,43456.96875,43318.92969,43425.87891,70667641,43626.22197,43817.05096,43.37298965,217.8378906,0,0.104270347,1.355404374,
2025-02-26 19:30:00+00:00,43425.67969,43503.46094,43370.53125,43416.96094,53396220,43607.19824,43799.26918,45.15012497,219.4656808,0,0.09900930079,1.045558673,
2025-02-26 20:30:00+00:00,43416.14063,43529.5,43398.01172,43445.94141,64400346,43592.53853,43783.56572,49.187072,217.0265067,1,0.1204253771,1.186237778,1
2025-02-27 14:30:00+00:00,43516.44141,43879.92188,43466.51172,43808.32031,0,43612.15506,43784.66593,65.71592279,217.1802455,0,0.388217261,0,
2025-02-27 15:30:00+00:00,43809.30859,43884.19141,43720.28125,43760.62109,76981340,43625.65197,43783.59727,61.55831545,210.6939174,0,0.352968345,1.506033574,
2025-02-27 16:30:00+00:00,43762.05859,43821.23828,43556,43718.58984,53654510,43634.10087,43780.70805,57.90658442,214.7209821,0,0.321907962,1.030765898,
2025-02-27 17:30:00+00:00,43718.92188,43764.73047,43617.07813,43718.44922,46966247,43641.7689,43777.94099,57.14023675,209.3853237,0,0.3218040425,0.8975246501,
2025-02-27 18:30:00+00:00,43718.35938,43749.35156,43516.17188,43516.35156,61124434,43630.36732,43766.31479,50.88551617,212.1258371,0,0.172457292,1.153528734,
2025-02-27 19:30:00+00:00,43516.94922,43516.94922,43254.17969,43257.80078,97341237,43596.49764,43743.71417,36.69396442,210.6830357,0,0.002620161393,1.782637186,
2025-02-27 20:30:00+00:00,43256.92188,43344.73047,43224.53125,43248.75,91773980,43564.88421,43721.71576,38.3700059,208.2915737,0,0.01715621844,1.550396268,
2025-02-28 14:30:00+00:00,43259.83984,43516,43232.39063,43491.69922,0,43558.23103,43711.49281,40.42033236,207.3392857,0,0.1892579936,0,
2025-02-28 15:30:00+00:00,43493.92969,43536.76172,43356.28125,43361.39844,83929580,43540.33716,43695.93306,38.58946823,212.672154,0,0.09695477123,1.510067468,
2025-02-28 16:30:00+00:00,43360.67969,43512.78125,43347.16016,43408.14844,47512353,43528.32,43683.14263,41.24729944,214.9907924,0,0.1300718071,0.8629813456,
2025-02-28 17:30:00+00:00,43408.67188,43410.92969,43100.87109,43221.98047,60848236,43500.47096,43662.64653,44.92682808,212.0825893,-1,0.07888215509,1.094851752,1
2025-02-28 18:30:00+00:00,43222.39844,43346.07031,43170.62891,43306.89063,52419627,43482.87274,43646.83516,46.39631646,214.7541853,0,0.1341866773,0.9473700776,
2025-02-28 19:30:00+00:00,43309.19922,43558.37109,43287.94922,43558.37109,58836071,43489.73623,43642.90342,53.73411755,224.5750558,0,0.2979834216,1.074412133,
2025-02-28 20:30:00+00:00,43558.94141,43873.55078,43467.55078,43831.26172,98746556,43520.784,43651.2749,59.01376893,244.1830357,0,0.4757252406,1.654087642,
2025-03-03 14:30:00+00:00,43900.48828,44033.78125,43749.64063,43882.10156,0,43553.63105,43661.53387,52.0204527,233.4801897,0,0.5350020464,0,
2025-03-03 15:30:00+00:00,43884.28906,43952.08984,43722.46094,43722.46094,66247867,43568.97922,43664.24174,49.01537463,238.1743862,0,0.5495153275,1.165514518,
2025-03-03 16:30:00+00:00,43724.25,43817.60156,43622.87891,43785.26953,55374066,43588.64198,43669.62075,51.70224733,233.1375558,0,0.6266824524,0.9712871358,
2025-03-03 17:30:00+00:00,43784.46875,43813.98047,43425.19922,43441.03906,87866481,43575.22353,43659.46156,43.9763318,250.3610491,0,0.3114812735,1.518317386,
2025-03-03 18:30:00+00:00,43440.76172,43544.57031,43391.89063,43449.35938,65276968,43563.78134,43650.12369,48.41167231,244.6110491,0,0.319099926,1.116513703,
2025-03-03 19:30:00+00:00,43447.76172,43563.14844,42980.51172,42999.62891,102625867,43512.49475,43621.21281,44.38773951,267.4587054,0,0.01576731134,1.699771538,
2025-03-03 20:30:00+00:00,42998.69141,43198.30859,42919.30859,43197.58984,91631715,43483.86703,43602.38512,48.97226682,278.8016183,0,0.2184894052,1.410633287,
2025-03-04 14:30:00+00:00,43040.30078,43040.30078,42422.82031,42561.64844,0,43400.02898,43556.13016,33.86433717,313.8844866,0,0.08617721372,0,
2025-03-04 15:30:00+00:00,42561.14844,42618.07031,42347.75,42402.73047,101967771,43309.36548,43504.86795,33.53137989,320.3016183,0,0.03260940077,1.605173544,
2025-03-04 16:30:00+00:00,42402.42188,42639.67188,42399.67188,42601.78125,91123731,43245.03964,43464.73076,36.83650045,325.6143973,1,0.1506681742,1.386284879,0
2025-03-04 17:30:00+00:00,42602.08984,42757.03125,42486.83984,42617.62891,72503524,43188.0023,43427.08179,39.55338164,322.7667411,0,0.1600675588,1.093546344,
2025-03-04 18:30:00+00:00,42616.05859,42948.5,42584.30078,42845.85156,64868288,43156.89769,43401.24934,42.40683697,336.249442,0,0.2954284284,1.002947757,
2025-03-04 19:30:00+00:00,42847.55859,43084,42806.28906,42988.03906,69923933,43141.5469,43382.88444,40.25603071,336.7700893,0,0.3797610884,1.099689992,
2025-03-04 20:30:00+00:00,42983.62891,42988.07031,42412.64063,42515.85938,85861197,43084.66622,43344.34999,28.95948015,348.8722098,0,0.09970715252,1.264930533,
2025-03-05 14:30:00+00:00,42518.37109,42787.25,42478.69141,42585.5,0,43039.28747,43310.62332,29.38420298,350.6163504,0,0.1410116212,0,
2025-03-05 15:30:00+00:00,42583.42969,42726.78906,42436.83984,42494.05859,69108849,42989.72121,43274.33156,30.03559008,354.9249442,0,0.08677691695,1.067127987,
2025-03-05 16:30:00+00:00,42493.92969,42746.33984,42418.73047,42746.12891,57695074,42967.57646,43250.85588,34.09028384,364.4168527,1,0.2362820418,0.8930589722,0
2025-03-05 17:30:00+00:00,42747.46875,42877.67188,42671.03906,42742.92969,53651626,42947.15402,43228.28139,38.06532697,351.40625,0,0.2343845569,0.8296795549,
2025-03-05 18:30:00+00:00,42743.14844,43101.51953,42669.5,43021.42188,51478283,42953.90564,43219.08763,43.30276688,371.359096,0,0.3995607288,0.8006253914,
2025-03-05 19:30:00+00:00,43021.98047,43135.92188,42970.10156,43085.98828,53864092,42965.91316,43213.1721,51.5367975,341.5864955,0,0.4378556336,0.8680271216,
2025-03-05 20:30:00+00:00,43085.28906,43085.28906,42863.92188,42993.14844,57972301,42968.38909,43203.39327,46.22048393,337.5198103,0,0.3827915037,0.8925395388,
2025-03-06 14:30:00+00:00,42848.48828,42848.48828,42397.73828,42773.83984,0,42950.7028,43184.30201,54.63712121,324.7084263,0,0.2527176431,0,
2025-03-06 15:30:00+00:00,42774.23828,42959.53125,42754.17188,42882.44141,64636902,42944.49722,43170.88598,60.71908637,320.0683594,0,0.3171301874,1.040804451,
2025-03-06 16:30:00+00:00,42881.19922,42970.48828,42476.87891,42495.89063,69069461,42903.7148,43140.88619,47.81682178,338.1833147,0,0.08786351083,1.129269078,
2025-03-06 17:30:00+00:00,42495.48047,42614.48828,42395.30859,42511.60938,60787220,42868.06885,43112.91833,47.81404789,334.5396205,0,0.09718644005,0.997517633,
2025-03-06 18:30:00+00:00,42512.76172,42551.64844,42381.55859,42416.05859,64804205,42826.97701,43081.94679,40.62548459,320.6746652,-1,0.04051442923,1.09749448,1
2025-03-06 19:30:00+00:00,42415.62891,42687.96094,42386.53906,42563.05078,81940885,42802.98372,43058.88474,40.74967138,322.3683036,1,0.1276967917,1.399195242,0
2025-03-06 20:30:00+00:00,42564.89844,42650.96094,42476.75,42575.35938,75743185,42782.29059,43037.39473,51.61924039,293.7098214,0,0.1349971271,1.214805982,
2025-03-07 14:30:00+00:00,42503.07031,42737.92969,42381.94922,42586.53125,0,42764.49429,43017.35635,50.02898703,297.0970982,0,0.1416232647,0,
2025-03-07 15:30:00+00:00,42587.01953,42621.17969,42253.12891,42257.78906,111830832,42718.43018,42983.5978,44.14046985,302.6757813,-1,0.002617106178,1.918624148,1
2025-03-07 16:30:00+00:00,42258.71875,42349.08984,42175.62109,42318.64844,102652029,42682.08638,42954.0445,38.2875796,291.6657366,0,0.0769725598,1.71674936,
2025-03-07 17:30:00+00:00,42319.60938,42723.37891,42289.96094,42609.19922,87223920,42675.46028,42938.71804,46.83441303,307.8646763,0,0.2333373275,1.43196142,
2025-03-07 18:30:00+00:00,42608.48828,42898.67969,42587.19141,42840.26953,72417947,42690.44294,42934.34255,45.61338789,299.2553013,0,0.3576916851,1.186461739,
2025-03-07 19:30:00+00:00,42840.67188,42870.17969,42722.87109,42811.21875,70150903,42701.42256,42928.87038,43.22999779,297.9330357,0,0.3420575208,1.164303562,
2025-03-07 20:30:00+00:00,42809.67969,42894,42626.01953,42794.26172,82401939,42709.86248,42922.88778,44.90930433,301.2126116,0,0.3329318105,1.280100063,
2025-03-10 13:30:00+00:00,42507.64844,42541.35938,42275.55859,42442.85156,0,42685.58876,42901.55283,42.0646679,295.7335379,0,0.1438145511,0,
2025-03-10 14:30:00+00:00,42442.44141,42494.71875,42322.60938,42429.85938,128950484,42662.34063,42880.58868,38.62816806,293.3585379,0,0.1368225879,1.999889306,
2025-03-10 15:30:00+00:00,42428.78125,42500.89844,42205.87891,42284.73828,86693435,42628.01315,42854.10644,43.96188689,279.1735491,0,0.05872324145,1.310936846,
2025-03-10 16:30:00+00:00,42285.76172,42366.21094,42112.76172,42114.39063,75566096,42581.32019,42821.23018,39.56403941,281.6213728,0,0.0008479384116,1.122236111,
2025-03-10 17:30:00+00:00,42115.48047,42119.62891,41879.55859,41901.73828,73457583,42519.54002,42780.36387,37.27072691,286.6199777,0,0.01029591228,1.075278038,
2025-03-10 18:30:00+00:00,41901.71094,41972.55078,41612.92188,41870.12109,98690248,42460.50193,42739.90864,31.81145184,290.7776228,0,0.1062429406,1.402829231,
2025-03-10 19:30:00+00:00,41871.07031,42050.05078,41847.19922,41911.08984,101210939,42410.55538,42703.07225,32.82220054,292.8233817,0,0.1231661665,1.342117037,
2025-03-11 13:30:00+00:00,41837.94922,41868.26953,41418.39844,41443.39063,0,42322.63131,42647.0864,26.08531503,302.5884487,0,0.009555842984,0,
2025-03-11 14:30:00+00:00,41442.94141,41557.35938,41278.87109,41442.87109,114051446,42242.65311,42593.56572,30.23786293,296.1911272,0,0.05953007202,1.532359156,
2025-03-11 15:30:00+00:00,41445.92969,41636.53125,41310.55859,41386.94922,76310168,42164.86185,42539.93832,27.35162688,307.0842634,0,0.03923108881,1.01469794,
2025-03-11 16:30:00+00:00,41387.60938,41422.71094,41175.37109,41188.37891,65375809,42076.09067,42479.86901,13.84494269,293.7929688,0,0.004550715884,0.8689732965,
2025-03-11 17:30:00+00:00,41187.32031,41588.14063,41178.78125,41541.67188,71396658,42027.50714,42438.17136,18.89021772,300.7837612,1,0.1281484326,0.9556994749,1
2025-03-11 18:30:00+00:00,41542.5,41799.64063,41470.57813,41613.57813,98523185,41989.87723,42401.52277,21.88606095,313.766183,0,0.153304462,1.299003887,
2025-03-11 19:30:00+00:00,41613.62891,41674.73047,41414.48828,41426.94141,76860681,41938.70125,42358.20805,20.27120222,313.2134487,-1,0.08801057187,0.9645175375,1
2025-03-12 13:30:00+00:00,41577.5,41721.35938,41223.57031,41303.35156,0,41880.94219,42311.32553,22.50023568,311.7195871,0,0.04477330465,0,
2025-03-12 14:30:00+00:00,41303.32031,41310.26953,41010.23828,41204.71094,99791512,41819.46662,42262.14266,21.60701482,320.8568638,0,0.06610552984,1.349379174,
2025-03-12 15:30:00+00:00,41204.46875,41430.87109,41181.03906,41392.60938,71804970,41780.66141,42223.49674,29.72675481,317.6291853,1,0.1362029262,0.9811741006,1
2025-03-12 16:30:00+00:00,41392.57031,41522.71875,41314.46875,41522.35938,62131642,41757.17941,42192.33508,36.29344118,314.4006696,0,0.1826562713,0.8550023794,
2025-03-12 17:30:00+00:00,41522.30859,41547.28906,41323.78906,41448.53906,62244446,41729.1212,42159.27748,38.78681623,313.2170759,0,0.1716867239,0.8612399175,
2025-03-12 18:30:00+00:00,41448.23828,41567.89844,41372.80078,41427.82031,66701738,41701.73021,42126.76827,38.99712949,301.4648438,0,0.1635709859,0.9330473573,
2025-03-12 19:30:00+00:00,41427.55859,41471.66016,41343.55859,41346.21094,72847930,41669.41027,42092.07683,36.2263238,296.125558,0,0.153547468,0.9696192616,
2025-03-13 13:30:00+00:00,41280.05078,41360.12109,41119.16016,41253.55859,0,41631.60558,42054.80936,44.33515568,278.1448103,0,0.1144668535,0,
2025-03-13 14:30:00+00:00,41253.55859,41331.05078,41018.66016,41029.25,74260389,41576.84598,42009.22894,39.11131678,280.5664063,0,0.00894381403,1.091081416,
2025-03-13 15:30:00+00:00,41027.92188,41058.96875,40861.17188,40871.41016,72671897,41512.71545,41958.65922,37.11947314,271.4109933,0,0.004500838004,1.07001731,
2025-03-13 16:30:00+00:00,40871.58984,40997.55078,40767.01953,40797.85156,63616045,41447.72782,41907.06777,39.59272391,270.2103795,0,0.01301532388,0.943515473,
2025-03-13 17:30:00+00:00,40796.32031,40886.82813,40661.76953,40869.30859,58636459,41395.14426,41860.94514,28.91467379,257.0460379,0,0.0838828955,0.8962832397,
2025-03-13 18:30:00+00:00,40869.89844,40990.01172,40786.57813,40825.5,64028955,41343.35841,41814.92535,24.84250692,248.0725446,0,0.06617638933,1.007335411,
2025-03-13 19:30:00+00:00,40825.67969,40858.10938,40754.96094,40813.42969,71945958,41295.18308,41770.41443,27.95854957,236.8515625,0,0.06129782454,1.07126212,
2025-03-14 13:30:00+00:00,41057.57031,41266.19922,40929.53906,41099.28125,0,41277.37382,41740.58629,43.43396511,233.6358817,0,0.1768329747,0,
2025-03-14 14:30:00+00:00,41099.85156,41402.19141,41098.03906,41357.62891,73502336,41284.66974,41723.56596,54.46165419,233.9302455,0,0.2812516282,1.198726282,
2025-03-14 15:30:00+00:00,41357.94141,41446.12109,41291.03125,41298.48047,64352617,41285.92526,41704.67328,47.0305241,227.1629464,0,0.2573450819,1.0503828,
2025-03-14 16:30:00+00:00,41300.60938,41486.14063,41298.25,41403.64844,46288759,41296.62736,41691.29439,46.19603857,225.7087054,0,0.2998517485,0.7713446405,
2025-03-14 17:30:00+00:00,41403.64844,41440.08984,41323.21094,41344.07813,44524387,41300.94107,41675.86256,46.62181282,218.0929129,0,0.2757746892,0.7768970606,
2025-03-14 18:30:00+00:00,41344.42188,41474.01172,41344.42188,41424.55859,53100912,41312.17903,41664.69349,49.89844394,213.4383371,0,0.308303191,0.9461600421,
2025-03-14 19:30:00+00:00,41424.69922,41528.10938,41387.26172,41471.96094,77994311,41326.70466,41656.1276,54.00053685,214.3487723,0,0.3343036422,1.299423029,
2025-03-17 13:30:00+00:00,41460.21875,41752.53906,41412.75,41657.10156,0,41356.74074,41656.17089,62.12458013,221.4079241,0,0.4311187888,0,
2025-03-17 14:30:00+00:00,41657.73047,41744.67188,41613.48828,41701.32031,69047270,41388.06615,41658.17753,72.64292483,208.4645647,0,0.4502717281,1.2578107,
2025-03-17 15:30:00+00:00,41701.32813,41763.62109,41610.94141,41685.46875,49888860,41415.10275,41659.39047,80.32837463,205.2419085,0,0.4434057716,0.9190569664,
2025-03-17 16:30:00+00:00,41685.51953,41804.5,41661.28125,41794.53125,46424647,41449.59625,41665.39673,86.17506947,199.0053013,0,0.5063957154,0.867885485,
2025-03-17 17:30:00+00:00,41796.33984,41966.98828,41792.60938,41950.14063,49671530,41495.10029,41678.05201,86.97097565,195.3853237,0,0.5759601431,0.943605169,
2025-03-17 18:30:00+00:00,41950.94141,42013.10156,41924.16016,41985.07813,53681820,41539.64373,41691.69762,89.90675715,187.2073103,0,0.5915787856,1.038697572,
2025-03-17 19:30:00+00:00,41985.25,41995.67188,41834.87109,41845.01172,64292677,41567.40445,41698.51158,82.62733538,191.3253348,-1,0.5289627678,1.171161859,0
2025-03-18 13:30:00+00:00,41772.91016,41787.25,41584.42188,41669.53906,0,41576.68942,41697.22391,69.39023807,177.5982143,0,0.450518555,0,
2025-03-18 14:30:00+00:00,41668.48047,41703.85156,41489.94922,41506.01172,62552805,41570.26417,41688.72559,55.39316463,171.1517857,0,0.3774144371,1.234330492,
2025-03-18 15:30:00+00:00,41509.64063,41563.96094,41455.28906,41563.96094,49027739,41569.69115,41683.1805,59.6576489,167.8362165,0,0.4033203585,0.9815736122,
2025-03-18 16:30:00+00:00,41567.67188,41575.91016,41415.42969,41518.05078,59793105,41564.99657,41675.8414,54.3492401,165.8783482,0,0.3827964425,1.195720182,
2025-03-18 17:30:00+00:00,41518.32813,41624.98828,41508.41016,41556.85156,58844934,41564.25612,41670.55296,58.21881017,165.8568638,0,0.4001421464,1.182890414,
2025-03-18 18:30:00+00:00,41556.83984,41647.35156,41549.42188,41615.69141,58918042,41568.93205,41668.11467,57.50842454,163.5708705,0,0.4273402269,1.200074079,
2025-03-18 19:30:00+00:00,41615.53125,41627.17188,41537.17969,41585.10156,58388086,41570.40201,41664.4252,54.50408982,159.9383371,0,0.4136365148,1.122529574,
2025-03-19 13:30:00+00:00,41613.19141,41840.37891,41613.19141,41820.44141,0,41593.13286,41671.35925,56.25259808,153.9017857,0,0.6164493168,0,
2025-03-19 14:30:00+00:00,41820.14844,41848.80078,41765.19922,41822.94922,50239185,41614.02526,41678.09658,54.8095013,150.5030692,0,0.6313748229,1.054692742,
2025-03-19 15:30:00+00:00,41822.91016,41943.64844,41809.44141,41876.89063,47296870,41637.92211,41686.93187,57.34794005,149.1835938,0,0.6607046899,0.9918738763,
2025-03-19 16:30:00+00:00,41875.46094,41876.48828,41708.98828,41716.46094,39246026,41645.062,41688.24428,47.11688267,150.9467076,0,0.6187900636,0.8276183269,
2025-03-19 17:30:00+00:00,41716.23047,41836.07813,41647.89844,41773.21094,58627453,41656.71191,41692.02057,42.95135949,151.9324777,0,0.7623790232,1.22917035,
2025-03-19 18:30:00+00:00,41773.12109,42178.41016,41773.12109,41984.42188,81745486,41686.50372,41705.01619,49.97707561,174.5287388,0,0.8720934425,1.707144938,
2025-03-19 19:30:00+00:00,41985.60156,42102.62891,41941.44141,41962.80859,65463952,41711.62235,41716.47363,54.48619153,174.5563616,0,0.8578426827,1.279654417,
2025-03-20 13:30:00+00:00,41795.26172,42200.03906,41695.60938,42169.62891,0,41753.25931,41736.61386,68.60134312,191.9734933,1,0.9802309312,0,1
2025-03-20 14:30:00+00:00,42169.39844,42250.28906,42137.98047,42143.30078,60043898,41788.71762,41754.68884,76.39902913,184.7167969,0,0.9326490615,1.245390386,
2025-03-20 15:30:00+00:00,42143.51953,42200.12109,42016.80859,42025.01172,63139370,41810.1989,41766.70319,68.18925741,190.0482701,0,0.8581840895,1.287280515,
2025-03-20 16:30:00+00:00,42026.82031,42066.26172,41891.12109,41891.12109,55365918,41817.55547,41772.23287,63.76286134,191.0954241,0,0.7738976691,1.122281326,
2025-03-20 17:30:00+00:00,41891.32813,42000.82031,41869.42969,41869.42969,41943918,41822.2713,41776.55273,61.67868297,192.1534598,0,0.7602425608,0.8604503105,
2025-03-20 18:30:00+00:00,41869.85156,42008.10156,41840.73828,41892.30078,49677152,41828.63762,41781.69709,60.62024944,197.1130022,0,0.7746403024,1.034602331,
2025-03-20 19:30:00+00:00,41892.26953,42012.57813,41892.26953,41947.82031,59125659,41839.47241,41789.08034,63.66477908,199.2784598,0,0.8095907894,1.159963947,
2025-03-21 13:30:00+00:00,41763.39844,41763.39844,41433.85938,41574.73047,0,41815.40496,41779.55368,41.61369284,217.7558594,0,0.5747244019,0,
2025-03-21 14:30:00+00:00,41574.16016,41775.08984,41547.05859,41690.78906,70274603,41804.07624,41775.60859,45.81375264,228.0722656,0,0.647785256,1.436912072,
2025-03-21 15:30:00+00:00,41689.87891,41900.94922,41617.01172,41879.57813,61957480,41810.94005,41780.22946,50.07842815,238.7672991,0,0.7666311744,1.26405395,
2025-03-21 16:30:00+00:00,41880.51172,41962.71094,41839.42969,41875.73828,53056867,41816.8308,41784.47429,55.11566227,235.5800781,0,0.7642139276,1.088893267,
2025-03-21 17:30:00+00:00,41875.69141,42011.39844,41838.26172,41854.01953,40217624,41820.21159,41787.56519,52.65515462,234.5055804,0,0.7505416059,0.8415405376,
2025-03-21 18:30:00+00:00,41852.98828,41929.44922,41825.39063,41848.69922,53157999,41822.80138,41790.28226,44.84273649,212.9891183,0,0.7471923789,1.118433571,
2025-03-21 19:30:00+00:00,41848.48047,42009.33984,41828.94922,41986.51953,92119871,41837.68485,41799.00392,50.82786876,214.3607701,1,0.8339526043,1.766949844,1
2025-03-24 13:30:00+00:00,42180.14063,42536.55078,42180.14063,42507.10938,0,41898.54162,41830.47527,59.66540547,217.6180246,0,0.9842960845,0,
2025-03-24 14:30:00+00:00,42508.25,42554.89844,42471.32031,42545.10938,65722921,41957.32051,41862.23679,61.43133067,215.5658482,0,0.9948291622,1.300303065,
2025-03-24 15:30:00+00:00,42545.41016,42582.91016,42492.30859,42502.33984,48250264,42006.86772,41890.68581,64.1895658,208.9436384,-1,0.9580612104,0.9461852439,1
2025-03-24 16:30:00+00:00,42501.67969,42516.05859,42401.14844,42453.08984,37923483,42047.43337,41915.68154,67.59089886,204.6414621,0,0.9324253983,0.759087204,
2025-03-24 17:30:00+00:00,42452.89063,42475.57031,42378.80859,42387.82813,35431161,42078.37835,41936.66584,65.79617683,202.1679688,0,0.8984551007,0.743670835,
2025-03-24 18:30:00+00:00,42388.80859,42572.96094,42374.67969,42554.57031,45199198,42121.66852,41964.12826,68.55336276,204.3763951,0,0.9844963725,0.9693081714,
2025-03-24 19:30:00+00:00,42555.08984,42638.85156,42547.26172,42568.28906,58440463,42162.27039,41990.97985,67.79919319,202.3250558,0,0.9625442693,1.179367133,
2025-03-25 13:30:00+00:00,42635.53906,42696.60938,42501.51953,42622.76172,0,42204.13324,42019.05904,86.78976727,179.5485491,0,0.9582089882,0,
2025-03-25 14:30:00+00:00,42622.98047,42686.66016,42620.82031,42662.73828,55988615,42245.82461,42047.66701,86.04432186,167.9634487,0,0.9788116334,1.212067355,
2025-03-25 15:30:00+00:00,42662.67969,42663.75,42531.46875,42543.92188,42647325,42272.92436,42069.72278,75.98550317,157.1308594,0,0.8913703214,0.9361366555,
2025-03-25 16:30:00+00:00,42543.64844,42607.55078,42514.94922,42542.35156,36669429,42297.41774,42090.72851,76.12065033,154.9394531,0,0.8896865747,0.8096046715,
2025-03-25 17:30:00+00:00,42541.23828,42571.57031,42473.10938,42517.83984,32780987,42317.45611,42109.71123,75.95440133,149.6054688,0,0.8698341819,0.7375099302,
2025-03-25 18:30:00+00:00,42517.55859,42534.78125,42472.73047,42499.87109,37955908,42334.03929,42127.05167,75.21051613,146.6049107,0,0.8545036977,0.8747674987,
2025-03-25 19:30:00+00:00,42499.21875,42617.89844,42441.82813,42592.17188,48810640,42357.50589,42147.72368,74.30485668,146.296317,1,0.9202369978,1.065031254,0
2025-03-26 13:30:00+00:00,42655.85156,42821.82813,42655.85156,42731.03125,0,42391.46274,42173.64846,62.95516182,123.4123884,0,0.9355629235,0,
2025-03-26 14:30:00+00:00,42731.30078,42796.96094,42606.76953,42608.21094,62030484,42411.16712,42192.96235,53.32449764,131.0276228,-1,0.8481104772,1.465743068,1
2025-03-26 15:30:00+00:00,42608.71094,42666.67188,42497.60156,42574.39844,60409877,42426.00633,42209.91506,53.83256946,136.6325335,0,0.8240685705,1.415155135,
2025-03-26 16:30:00+00:00,42574.26953,42598.83984,42410.85938,42422.66016,53205675,42425.70214,42219.3704,48.54064099,141.8518415,0,0.7161771813,1.227713294,
2025-03-26 17:30:00+00:00,42421.51953,42488.89063,42370.28125,42472.21094,52544922,42429.93021,42230.60776,54.10878133,143.4123884,0,0.7514095734,1.213324739,
2025-03-26 18:30:00+00:00,42472.05859,42483.03906,42326.67188,42368.55078,55678127,42424.35026,42236.73856,40.34945507,140.4185268,0,0.6777034646,1.34214374,
2025-03-26 19:30:00+00:00,42368.17969,42495.76172,42360.89844,42451.78906,63013749,42426.8447,42246.29636,44.36270433,143.5094866,0,0.736888884,1.411751342,
2025-03-27 13:30:00+00:00,42432.96094,42497.10938,42142.19141,42477.91016,0,42431.48701,42256.59031,42.79306243,154.9257813,0,0.7554619235,0,
2025-03-27 14:30:00+00:00,42478.35156,42523.83984,42408.42188,42410.44141,62929318,42429.57378,42263.42813,37.78149404,158.4670759,-1,0.7074892095,1.49536311,1
2025-03-27 15:30:00+00:00,42410.5,42421.05859,42301.48047,42377.71875,52349486,42424.85968,42268.50772,41.21867054,157.5597098,0,0.684222221,1.222996869,
2025-03-27 16:30:00+00:00,42376.92969,42413.03906,42215.17188,42262.16016,38669028,42410.06882,42268.2256,36.78756286,165.078683,0,0.6020558941,0.8999879581,
2025-03-27 17:30:00+00:00,42261.89063,42379.89063,42211.35156,42326.42188,41481349,42402.46455,42270.8121,41.29983204,170.0842634,0,0.6430710346,0.9696374023,
2025-03-27 18:30:00+00:00,42326.48047,42461.44141,42285.23828,42455.01953,39185747,42407.24227,42278.9991,48.14771796,178.2380022,0,0.7357227288,0.9370650038,
2025-03-27 19:30:00+00:00,42454.91016,42456.17188,42281.89844,42291.96875,51061105,42396.76286,42279.57553,38.28668451,178.109654,0,0.6182483395,1.150787192,
2025-03-28 13:30:00+00:00,42245.82031,42258.14844,41832.33984,41842.14063,0,42346.34266,42260.13398,22.09011387,194.5362723,0,0.2941573793,0,
2025-03-28 14:30:00+00:00,41841.17188,41868.82813,41698.73828,41783.28906,66487489,42295.15597,42238.94087,23.01462357,193.1004464,0,0.2517561635,1.554784063,
2025-03-28 15:30:00+00:00,41783.12891,42299.69922,41651.73828,41651.73828,49318961,42236.66345,42212.84298,21.63139222,227.3069196,0,0.1569768096,1.136495695,
2025-03-28 16:30:00+00:00,41652.53125,41703.10156,41532.78125,41537.17969,48663632,42173.07402,42182.8135,22.13752093,226.0454799,0,0.07443994146,1.101241909,
2025-03-28 17:30:00+00:00,41536.98828,41638.57031,41535.64844,41579.32813,48516039,42119.09712,42155.99193,21.77310605,224.9249442,0,0.1048069346,1.084938418,
2025-03-28 18:30:00+00:00,41579.14844,41632.92188,41539.26953,41572.48828,50167186,42069.40541,42130.05843,23.19288202,220.4453125,0,0.09987898233,1.120163094,
2025-03-28 19:30:00+00:00,41572.53906,41634.57813,41530,41578.87891,61678222,42024.81209,42105.56156,19.00065199,218.2820871,0,0.1044832827,1.288465442,
2025-03-31 13:30:00+00:00,41382.51953,41501.16016,41148.12891,41409.96875,0,41968.91724,42074.64633,15.56667817,223.6986607,0,0.1564437868,0,
2025-03-31 14:30:00+00:00,41410.42188,41686.98047,41410.05078,41636.16016,78461997,41938.6666,42055.15805,27.35305812,235.2410714,0,0.2915883837,1.717997886,
2025-03-31 15:30:00+00:00,41636.76172,41728.5,41574.78125,41726.44141,55289418,41919.3734,42040.54842,31.5713032,237.6796875,0,0.3455295274,1.207857415,
2025-03-31 16:30:00+00:00,41726.28906,41765.12891,41600.35938,41669.48828,44980295,41896.65657,42024.05686,32.65432579,235.3155692,0,0.3115012358,0.9908305294,
2025-03-31 17:30:00+00:00,41670.08984,41897.42188,41606.78125,41872.32813,46048907,41894.44489,42017.31336,37.70720978,244.0371094,0,0.4326937664,1.025243419,
2025-03-31 18:30:00+00:00,41872.42969,42053.32031,41827.83984,41943.17188,63284564,41898.87462,42014.01818,35.6964927,247.5569196,0,0.4750214136,1.408557393,
2025-03-31 19:30:00+00:00,41943.39844,42147.37891,41924.87891,41998.37891,91132404,41907.92046,42013.32311,41.26945407,251.0016741,0,0.5080064509,1.841607155,
2025-04-01 13:30:00+00:00,41879.75,41879.75,41519.89844,41610.30859,0,41880.86484,41995.41135,42.84308547,252.3482143,0,0.2761426201,0,
2025-04-01 14:30:00+00:00,41608.10156,42115.23047,41596.16016,42047.01953,63973093,41895.96981,41997.70505,56.60152652,277.2753906,1,0.537068199,1.363451224,0
2025-04-01 15:30:00+00:00,42042.62109,42140.66016,42008.08984,42008.08984,51693703,41906.16254,41998.16659,59.35367314,240.4617746,0,0.5138085313,1.086659512,
2025-04-01 16:30:00+00:00,42008.05078,42040.53906,41882.96094,41891.21875,41826666,41904.80401,41993.41336,59.28170572,239.5516183,0,0.4439805166,0.8789243438,
2025-04-01 17:30:00+00:00,41891.51172,41940.75,41718.14844,41736.85156,42020839,41889.53561,41982.01061,53.90024141,248.1001674,0,0.3517493763,0.8803821503,
2025-04-01 18:30:00+00:00,41736.30078,41884.01172,41685.41016,41857.26953,46577281,41886.60233,41976.46656,56.67565251,255.5965402,0,0.4236965741,0.9804497722,
2025-04-01 19:30:00+00:00,41857.01172,42014.5,41838.96875,41988.51172,61445659,41895.86682,41977.0019,59.07135912,260.6646205,0,0.5021110144,1.214861659,
2025-04-02 13:30:00+00:00,41736.07813,42006.62109,41629.69922,42006.48828,0,41905.92332,41978.31241,64.15631657,256.8197545,0,0.5128516315,0,
2025-04-02 14:30:00+00:00,42008.37109,42173.23047,41978.44141,42151.46875,51636456,41928.24563,41986.00824,62.71932616,250.9467076,0,0.5994744053,1.090070811,
2025-04-02 15:30:00+00:00,42150.96875,42173.16016,41986.25,42145.16016,52083628,41947.96513,41993.08166,60.78216786,253.3175223,0,0.5957051535,1.095555995,
2025-04-02 16:30:00+00:00,42145.12891,42382.26953,42102.87109,42297.16016,55111201,41979.71013,42006.59626,65.40854449,261.5053013,1,0.6865219492,1.151254187,0
2025-04-02 17:30:00+00:00,42296.75,42296.75,41973.96094,41975.42969,47034758,41979.321,42005.21108,52.39141938,263.8309152,0,0.4942947765,0.985765243,
2025-04-02 18:30:00+00:00,41971.05859,42154.94141,41963.41016,42132.23828,46702340,41993.22257,42010.85674,54.2171803,261.405971,0,0.5879846056,0.9944039273,
2025-04-02 19:30:00+00:00,42132.76172,42299.03906,42103.80859,42214.5,55728300,42013.3387,42019.90755,54.76315513,259.4581473,0,0.6371342484,1.120131363,
2025-04-03 13:30:00+00:00,40986.51953,41173.62109,40631.12891,40737.64844,0,41897.36686,41962.91825,37.00415004,338.3789063,0,0.04862353094,0,
2025-04-03 14:30:00+00:00,40736.5,40851.80078,40621.92969,40793.41016,147779791,41797.00716,41910.94012,28.94160785,317.7218192,0,0.07794926612,2.929058883,
2025-04-03 15:30:00+00:00,40793.33984,41111.28906,40771.39844,41111.23828,91878601,41734.66453,41875.39781,36.22519751,332.5304129,0,0.2224232653,1.740193916,
2025-04-03 16:30:00+00:00,41111.19922,41140.19922,40866.69141,40879.12891,68142353,41656.88857,41831.11919,34.98670159,340.8111049,0,0.1169141331,1.26417605,
2025-04-03 17:30:00+00:00,40879.96875,41002.10938,40754.92188,40792.39063,63462393,41578.29785,41784.95348,35.70305072,342.5672433,0,0.07748582143,1.177159315,
2025-04-03 18:30:00+00:00,40792.64844,40868.01172,40604.08984,40646.19141,94318239,41493.5609,41734.34183,31.80907141,347.2329799,0,0.01898400855,1.74434815,
2025-04-03 19:30:00+00:00,40645.46875,40678.28125,40513.10938,40535.94141,114775750,41406.50458,41681.07959,28.04328777,346.4930246,0,0.009889481449,1.919020376,
2025-04-04 13:30:00+00:00,40097.89844,40097.89844,39174.44141,39179.51953,0,41204.05139,41569.89914,19.57795265,416.8200335,0,0.001392263939,0,
2025-04-04 14:30:00+00:00,39181.39844,39631.60156,38816.26172,39150.92969,227416256,41017.40397,41462.38939,16.88043917,461.1450893,0,0.08407265919,3.477470941,
2025-04-04 15:30:00+00:00,39145.39063,39271.96094,38892.35156,38936.08984,125450163,40828.19359,41350.10941,16.13755,474.9093192,0,0.03112087288,1.803009596,
2025-04-04 16:30:00+00:00,38935.23828,39068.83984,38598.07031,38788.17969,104853233,40642.73778,41236.24587,12.94087944,488.578683,0,0.04751820206,1.441879708,
2025-04-04 17:30:00+00:00,38787.64063,39093.89844,38580.78906,38596.19141,105166163,40456.68811,41118.91011,13.3055133,502.1436942,0,0.003906199693,1.390180911,
2025-04-04 18:30:00+00:00,38592.08984,38784.89844,38354.98047,38672.32031,130024677,40294.47286,41010.17279,11.7593879,519.171317,0,0.07612150356,1.64425407,
2025-04-04 19:30:00+00:00,38669.17969,38893.60156,38264.87109,38316.17188,136913021,40114.62731,40890.43941,9.373503942,550.1356027,0,0.01204535282,1.593422493,
2025-04-07 13:30:00+00:00,37879.64844,39207.01953,36611.78125,37606.19141,0,39886.58768,40744.47284,11.15679774,622.4118304,0,0.1682003215,0,
2025-04-07 14:30:00+00:00,37577.91016,38304.94922,37199.01172,37226.64844,199084777,39644.77503,40588.12509,9.046759186,684.9880022,0,0.1040022148,2.195172184,
2025-04-07 15:30:00+00:00,37223.94141,37932.12109,37223.94141,37661.53125,110573871,39464.48014,40458.05425,11.42760554,711.2943638,1,0.1794548695,1.183048134,1
2025-04-07 16:30:00+00:00,37659.98828,38045.12891,37313.78125,38032.78125,99972278,39334.32569,40350.26434,19.13438265,743.9972098,0,0.2429200949,1.040163177,
2025-04-07 17:30:00+00:00,38031.28906,38341.14063,37815.05859,37987.35938,118415269,39211.87421,40245.24634,19.30738943,763.9182478,0,0.2351552207,1.187742562,
2025-04-07 18:30:00+00:00,37986.92969,38183.21875,37682.73828,37705.28125,103983221,39074.91121,40132.359,18.74984953,780.8152902,0,0.1869339365,1.018340113,
2025-04-07 19:30:00+00:00,37705.26172,38098.51953,37705.26172,37948.32031,103108305,38972.49386,40035.29062,23.25855714,797.1071429,0,0.2286874968,0.9612401299,
2025-04-08 13:30:00+00:00,38827.10156,39426.60156,38827.10156,39354.08984,0,39007.1844,40005.01503,51.78585986,805.4486607,0,0.4752299043,0,
2025-04-08 14:30:00+00:00,39352.42188,39406.32813,38678.94141,38716.21094,124548373,38980.73227,39947.73484,46.0457534,799.1662946,0,0.3646883218,1.226951643,
2025-04-08 15:30:00+00:00,38715.21094,39012.64063,38626.82031,38763.35938,95228909,38960.9711,39895.09593,48.37938615,799.609933,0,0.3728589367,0.9257681929,
2025-04-08 16:30:00+00:00,38765.42188,38800.44141,38002.80859,38005.48047,116407449,38874.10831,39811.11302,43.41066509,822.9573103,-1,0.241521887,1.103262677,0
2025-04-08 17:30:00+00:00,38005.66016,38425.03125,37950.57031,37961.32031,88623613,38791.12759,39728.90002,44.51875959,820.1967076,0,0.233869128,0.8422114917,
2025-04-08 18:30:00+00:00,37962.19922,38320.5,37521.37891,37715.39844,121032192,38693.33403,39639.41106,41.97361541,846.5683594,0,0.1912519589,1.146788805,
2025-04-08 19:30:00+00:00,37717.96094,37717.96094,37103.85938,37663.17969,125800437,38599.68363,39551.57855,44.22863401,845.5234375,0,0.1822026813,1.124924554,
2025-04-09 13:30:00+00:00,37387.91016,38003.16016,37275.69141,37719.28125,0,38519.64705,39470.14312,51.13015413,712.1113281,1,0.1919248331,0,1
2025-04-09 14:30:00+00:00,37718.12109,37873.03125,37315.76953,37727.44141,115293880,38447.62836,39392.68971,55.40590115,672.9202009,0,0.1933389519,1.153498438,
2025-04-09 15:30:00+00:00,37729.57813,37876.10938,37471.51953,37784.19922,83455298,38387.31662,39321.20124,51.44186841,651.2352121,0,0.2031748288,0.8439923026,
2025-04-09 16:30:00+00:00,37787.73828,40136.71094,37677.89063,39499.51953,183723281,38488.42597,39329.1265,63.10089453,774.6261161,0,0.5004322235,1.787027305,
2025-04-09 17:30:00+00:00,39500.23047,40441.12891,39458.83984,40373.58984,251227727,38659.80451,39375.54709,68.56554126,807.2123326,0,0.6519047281,2.307602291,
2025-04-09 18:30:00+00:00,40366.14063,40502.78125,39764.26953,40408.53125,187330951,38818.77967,39421.4575,71.87319444,824.2145647,0,0.6579599186,1.681749927,
2025-04-09 19:30:00+00:00,40410.26172,40778.69922,40305.75,40578.01953,170903719,38978.71056,39472.86025,71.5343784,829.906808,0,0.6873314853,1.424961467,
2025-04-10 13:30:00+00:00,39996.92969,39996.92969,39547.82031,39649.01172,0,39039.64703,39480.68921,52.61963945,797.9009487,0,0.5263385559,0,
2025-04-10 14:30:00+00:00,39633.85938,39879.26953,39394.96875,39396.91016,106915039,39072.1255,39476.9657,56.49116167,780.5376674,0,0.4826504744,0.9737386383,
2025-04-10 15:30:00+00:00,39395.82813,39417.92969,38427.69922,38564.60938,133278341,39025.98767,39436.41653,48.35156077,823.7098214,0,0.3384164441,1.195709645,
2025-04-10 16:30:00+00:00,38565.71875,39418.23047,38553.10156,39078.67188,120341312,39030.77714,39420.51676,59.27625888,828.530971,0,0.4275011931,1.078712815,
2025-04-10 17:30:00+00:00,39078.87109,39760.53906,39020.62109,39744.51172,109056512,39095.6621,39434.91654,63.91749811,847.4921875,0,0.5428882819,0.9753406492,
2025-04-10 18:30:00+00:00,39745.32813,39824.66016,39382.67188,39382.67188,103500993,39121.7539,39432.59455,62.78150503,821.9827009,0,0.4801830434,0.9254926685,
2025-04-10 19:30:00+00:00,39380.35938,39662.69141,39095.51953,39592.05859,111285866,39164.50887,39439.68184,64.43905888,818.6305804,0,0.5164688322,0.9479391088,
2025-04-11 13:30:00+00:00,39493.42188,39815.42188,39255.21094,39289.78906,0,39175.89798,39433.01994,61.33851117,806.6835938,0,0.4640868644,0,
2025-04-11 14:30:00+00:00,39288.71094,39731.10938,39265,39390.96875,93628506,39195.44987,39431.151,61.85090549,800.1727121,0,0.481620855,0.8428147485,
2025-04-11 15:30:00+00:00,39390.53906,39798.85938,39353.92969,39742.33984,71816966,39245.16714,39444.98162,63.38775135,803.0541295,0,0.5425119056,0.6597141587,
2025-04-11 16:30:00+00:00,39741.12891,40109.51172,39741.12891,39901.96875,77686336,39304.87638,39465.29216,53.49500684,653.7371652,0,0.5701748864,0.7172335138,
2025-04-11 17:30:00+00:00,39902.69922,40404.26953,39865.78906,40160.16016,77413962,39382.62945,39496.17518,47.92448558,622.0365513,0,0.6239173646,0.7294054995,
2025-04-11 18:30:00+00:00,40157.76172,40313.53125,40069.89063,40262.05078,62573547,39462.57684,39530.21409,48.59384832,586.6886161,0,0.6418329627,0.6076776493,
2025-04-11 19:30:00+00:00,40259.82031,40314.55859,40185.73047,40201.80078,87127166,39529.77902,39560.06239,46.31108925,562.1085379,0,0.631239105,0.8117843459,
2025-04-14 13:30:00+00:00,40546.14844,40724.39844,40455.39844,40626.25,0,39629.4582,39607.44851,60.63426507,525.8512835,0,0.880010892,0,
2025-04-14 14:30:00+00:00,40627.19922,40778.28906,40431.85938,40439.53125,80055599,39703.1012,39644.42996,61.50953713,516.0033482,-1,0.8452731233,0.7895551874,1
2025-04-14 15:30:00+00:00,40439.67188,40536.07813,40159.01953,40290.78125,85617067,39756.52666,39673.15669,72.44213494,472.2053571,0,0.812425007,0.887334014,
2025-04-14 16:30:00+00:00,40290.85156,40521.35938,40263.42969,40430.25,59345370,39817.77424,39706.80528,69.46826372,428.8339844,0,0.8432235665,0.6829638852,
2025-04-14 17:30:00+00:00,40429.42188,40620.57813,40380.14844,40616.12109,49747584,39890.35122,39747.21931,64.56924065,393.15625,0,0.9120821337,0.6217306017,
2025-04-14 18:30:00+00:00,40615.87891,40757.78906,40598.33984,40679.91016,54696534,39962.12931,39788.67224,74.08345335,372.9748884,0,0.9558055975,0.7371069898,
2025-04-14 19:30:00+00:00,40680.62109,40732.46094,40495.14063,40527.85938,66520074,40013.55932,39821.525,67.75120964,349.4140625,-1,0.9398020682,0.8579876615,1
2025-04-15 13:30:00+00:00,40527.82031,40791.17969,40458.23828,40562.85156,0,40063.49497,39854.47285,76.8737157,333.1805246,0,0.9453681843,0,
2025-04-15 14:30:00+00:00,40563.46875,40686.01953,40524.14063,40571,65007250,40109.63179,39886.3185,75.92825288,311.4497768,0,0.9473178519,0.94527082,
2025-04-15 15:30:00+00:00,40570.14844,40681.48828,40535.08984,40626.78906,61160622,40156.64609,39919.2283,72.33470842,290.1261161,0,0.9606664386,0.9293232866,
2025-04-15 16:30:00+00:00,40626.76172,40658.44141,40422.39844,40447.91016,46159809,40183.12464,39942.72527,63.65373531,280.6732701,0,0.9178662823,0.7365868682,
2025-04-15 17:30:00+00:00,40447.66016,40528.87891,40364.12891,40395.98828,48407782,40202.47588,39962.8703,56.57647059,253.9782366,0,0.9054429933,0.8079746361,
2025-04-15 18:30:00+00:00,40397.05859,40499.58984,40383.94141,40426.75,50108044,40222.86444,39983.48717,54.7826521,244.8359375,0,0.9128033154,0.8813520057,
2025-04-15 19:30:00+00:00,40427.01172,40453.23047,40346.94141,40373.64063,54715209,40236.57136,40000.82733,55.01078679,243.2260045,-1,0.9000958945,0.9182041656,1
2025-04-16 13:30:00+00:00,40179.48828,40287.10938,40020.03906,40169.80078,162085262,40230.50131,40008.33726,34.72484032,231.1548549,0,0.8513233626,2.572283438,
2025-04-16 14:30:00+00:00,40170.10156,40416.80078,40136.89063,40400.73047,81965591,40245.97669,40025.77696,48.73884283,226.4034598,0,0.8941103062,1.290397592,
2025-04-16 15:30:00+00:00,40400.67188,40402.55859,40131.89844,40162.32031,58611468,40238.37156,40031.84555,46.05454484,218.8035714,0,0.8294535539,0.9367957755,
2025-04-16 16:30:00+00:00,40162.10938,40189.28906,40070.55859,40141.64063,51981660,40229.57784,40036.72533,40.4381542,208.8607701,0,0.8238452297,0.8480670364,
2025-04-16 17:30:00+00:00,40142.07031,40143.16016,39636.07813,39795.37109,90042555,40190.1045,40025.99848,25.42032241,227.9073661,0,0.729937052,1.436824849,
2025-04-16 18:30:00+00:00,39795.10156,39800.28125,39394.75,39419.16016,90032334,40120.01865,39999.02788,18.19487968,245.484654,0,0.6279087752,1.433339394,
2025-04-16 19:30:00+00:00,39419.67969,39703.83984,39419.67969,39672.55078,101229248,40079.33976,39984.51779,29.47258092,248.8674665,0,0.6966282255,1.491418986,
2025-04-17 13:30:00+00:00,39745.57813,39745.57813,39040.14844,39046.39844,0,39985.436,39942.8236,21.64969986,275.4737723,-1,0.5268159254,0,1
2025-04-17 14:30:00+00:00,39047.94141,39262.57031,38950.30859,39148.51953,92813899,39909.35268,39907.52119,24.30921921,286.2154018,0,0.5545111308,1.444990039,
2025-04-17 15:30:00+00:00,39148.44141,39348.60156,39127.26953,39328.89844,71498939,39856.58412,39881.80463,27.56885429,291.5678013,0,0.6034298281,1.102711731,
2025-04-17 16:30:00+00:00,39328.92188,39427.62891,39216.80859,39227.07813,56434161,39799.3563,39852.70567,28.32326483,289.766183,0,0.5758161944,0.8659062642,
2025-04-17 17:30:00+00:00,39228.39844,39451.69141,39228.39844,39369.08984,61932530,39760.24117,39831.21163,32.33193272,294.0421317,0,0.6143297237,0.9450251903,
2025-04-17 18:30:00+00:00,39369.28125,39429.60938,39147.17188,39206,63367835,39709.85561,39803.42445,29.91139498,305.9556362,-1,0.5700998142,0.96925749,1
2025-04-17 19:30:00+00:00,39205.39063,39284.87891,39098.71094,39150.44141,64650891,39658.99977,39774.40298,29.88730328,311.6612723,0,0.5550323427,0.9422919579,
2025-04-21 13:30:00+00:00,38906.03906,38906.03906,38371.67188,38406.80078,0,39545.1635,39713.62066,25.38166148,342.0304129,0,0.3217502903,0,
2025-04-21 14:30:00+00:00,38407.69141,38461.44141,38131.53906,38152.19922,71245665,39418.53038,39644.22415,18.80796783,345.6012835,0,0.2406707841,1.081706382,
2025-04-21 15:30:00+00:00,38152.42969,38158.26953,38022.05078,38082.67969,54444531,39297.08941,39574.82218,19.73259016,335.9983259,0,0.1841032297,0.8214523474,
2025-04-21 16:30:00+00:00,38082.17969,38189.5,37941.67188,37973.48047,51408538,39176.76132,39503.65143,19.2369213,345.2195871,0,0.09494455472,0.7738937573,
2025-04-21 17:30:00+00:00,37973.08984,38013.46094,37830.66016,37944.37109,49056942,39064.72585,39434.35009,21.13949585,322.0566406,0,0.0384091158,0.7390780301,
2025-04-21 18:30:00+00:00,37943.21875,38009.10156,37861.92969,37963.25,56423255,38964.59168,39368.96786,24.45298952,303.6023996,0,0.04478600541,0.8489645033,
2025-04-21 19:30:00+00:00,37962.57031,38215.85156,37959.98047,38161.71094,76720067,38891.60252,39315.312,22.9680334,301.5446429,0,0.1118218535,1.233580311,
2025-04-22 13:30:00+00:00,38516.23047,38876.82813,38516.23047,38855.89063,0,38888.35599,39294.89327,46.67243436,302.2366071,0,0.3463008631,0,
2025-04-22 14:30:00+00:00,38857.21094,39021.23828,38807.26953,38967.14063,67871363,38895.51823,39280.32648,46.8419585,295.2156808,0,0.3838787269,1.15905063,
2025-04-22 15:30:00+00:00,38967.14063,39272.03125,38917.73047,39234.89844,71684772,38926.37097,39278.30746,48.41166749,304.7134487,0,0.4743215731,1.203918529,
2025-04-22 16:30:00+00:00,39234.26172,39255.71875,38805.67188,38824.07031,64370780,38917.07091,39258.11914,43.83419194,321.8010603,0,0.335552644,1.1049016,
2025-04-22 17:30:00+00:00,38823.82031,39063.01172,38784.21875,39050.32031,46539001,38929.18449,39248.88364,45.24554443,325.6710379,0,0.4119750413,0.8297996901,
2025-04-22 18:30:00+00:00,39050.32031,39190.53125,39023.26953,39052.87109,48719178,38940.42873,39240.17197,47.60120279,317.4441964,0,0.4128366405,0.9113352486,
2025-04-22 19:30:00+00:00,39053.73828,39233,39031,39182.98828,65998821,38962.4796,39237.63047,50.4982157,318.5750558,0,0.4567874357,1.162789216,
2025-04-23 13:30:00+00:00,39815.01172,40376.10938,39815.01172,40246,0,39079.16327,39282.4469,75.64620025,348.171596,0,0.8158499947,0,
2025-04-23 14:30:00+00:00,40246.53906,40336.75,39817.62891,39875.41016,87925327,39151.54935,39308.80082,73.27592029,361.687221,0,0.6906726939,1.66085859,
2025-04-23 15:30:00+00:00,39877.76172,39924.78125,39542.32031,39684.39063,62754109,39199.98947,39325.4937,70.94723829,379.2759487,0,0.6261503933,1.178355223,
2025-04-23 16:30:00+00:00,39684.94141,39881.23047,39633.83984,39795.71875,46963969,39254.14668,39346.39259,73.81804071,379.2446987,0,0.6637546461,0.8944282367,
2025-04-23 17:30:00+00:00,39795.67188,39832.78125,39619.78906,39631.62109,42023487,39288.46253,39359.06941,71.30193857,381.4012277,0,0.6083259774,0.816941263,
2025-04-23 18:30:00+00:00,39631.96875,39708.03125,39496.98828,39533.46875,49388320,39310.73582,39366.82049,69.43535473,385.9634487,0,0.5751722209,0.9745725155,
2025-04-23 19:30:00+00:00,39533.28125,39692.62891,39487.14063,39587.48047,67127565,39335.89443,39376.6276,68.30188225,382.3646763,0,0.593416221,1.242337304,
2025-04-24 13:30:00+00:00,39531.05078,39824.33984,39371.87109,39818.30078,126727373,39379.74955,39396.25752,64.02200476,363.6040737,0,0.6713823719,2.230826268,
2025-04-24 14:30:00+00:00,39818.05859,39919.73047,39777.28125,39826.67188,70959072,39420.37885,39415.38705,62.910115,358.4955357,0,0.6742099478,1.231220874,
2025-04-24 15:30:00+00:00,39833.19141,40008.53906,39795.73828,39972.78906,51949073,39470.59796,39440.16047,61.50342241,348.3883929,0,0.7235651998,0.9009532007,
2025-04-24 16:30:00+00:00,39974.57813,40074.67188,39942.05078,39987.32813,48888992,39517.57343,39464.47904,70.6913467,325.7151228,0,0.7284761833,0.8480056925,
2025-04-24 17:30:00+00:00,39987.69922,40057.12891,39958.53125,40003.51953,43240045,39561.75035,39488.43639,68.32428454,312.844029,0,0.7339452931,0.7586962347,
2025-04-24 18:30:00+00:00,40003.89844,40105.17969,39952.62891,40004.87109,50428413,39602.03405,39511.38904,68.30967292,311.7932478,0,0.7344018219,0.9057155142,
2025-04-24 19:30:00+00:00,40005.28125,40157.91016,39984.85156,40088.85156,64279023,39646.29019,39537.05405,67.73710948,309.7260045,0,0.762768623,1.091474137,
2025-04-25 13:30:00+00:00,40045.73047,40093.32813,39729.01953,39771.76172,0,39657.69669,39547.4855,36.88253764,250.5251116,0,0.6556624748,0,
2025-04-25 14:30:00+00:00,39771.07031,39947.35156,39718.67969,39859.91016,60888451,39676.07974,39561.37104,49.49187617,229.7787388,0,0.7106811205,1.107897698,
2025-04-25 15:30:00+00:00,39860.69141,40025.62109,39808.05859,40006.35156,58547034,39706.10445,39581.14795,60.87235255,218.000279,0,0.7631787364,1.070968694,
2025-04-25 16:30:00+00:00,40006.30859,40133.01953,39956.07813,40130.48047,67700983,39744.68409,39605.56273,61.20772858,212.968192,0,0.8132949861,1.214902145,
2025-04-25 17:30:00+00:00,40130.89063,40137.30859,39875.96094,40056.07813,64146325,39772.99263,39625.58563,65.11872529,216.422154,0,0.8247729984,1.135397108,
2025-04-25 18:30:00+00:00,40056.5,40136.89063,40037.98047,40074.41016,51280891,39800.39423,39645.53339,70.42944604,208.4126674,0,0.8406928105,0.9196564298,
2025-04-25 19:30:00+00:00,40074.58984,40131.80078,40015,40099.89844,60185774,39827.62188,39665.72739,69.77833262,202.077846,0,0.8652726184,1.024086398,
2025-04-28 13:30:00+00:00,40171.73828,40414.17969,40171.73828,40287.28125,0,39869.4091,39693.35201,68.72977788,192.2073103,0,0.9499178312,0,
2025-04-28 14:30:00+00:00,40287.73828,40310.07031,40061.82031,40074.30859,58682135,39888.03633,39710.28341,58.5007013,199.7645089,-1,0.8675662939,1.083288904,0
2025-04-28 15:30:00+00:00,40075.98047,40126.69141,39943.73828,39957.71094,41609093,39894.37038,39721.28019,49.47170183,197.6325335,0,0.8233151542,0.7719310591,
2025-04-28 16:30:00+00:00,39959.28906,40037.5,39893.66016,39895.03906,38974741,39894.43117,39729.00281,46.87193827,198.4338728,0,0.799056822,0.7251092325,
2025-04-28 17:30:00+00:00,39895.10938,40106.42969,39869.10156,40090.76953,37258304,39912.28011,39745.08133,52.63639969,208.343192,0,0.8748179945,0.7010864692,
2025-04-28 18:30:00+00:00,40090,40230.96094,40061.69922,40213.46094,40187588,39939.66019,39765.8982,55.87226808,209.5368304,0,0.9223080191,0.7758721071,
2025-04-28 19:30:00+00:00,40212.48828,40316.83984,40151.42969,40227.76172,51611392,39965.85124,39786.42547,54.07031978,208.9905134,0,0.9278434064,1.074322672,
2025-04-29 13:30:00+00:00,40233.98047,40462.12109,40222.17969,40239.05859,0,39990.68827,39806.5425,66.68219216,200.1071429,0,0.9152324487,0,
2025-04-29 14:30:00+00:00,40238.60938,40523.23047,40235.19922,40478.67969,46934724,40035.05112,39836.41526,69.93383284,204.3470982,0,0.9834541809,1.060858838,
2025-04-29 15:30:00+00:00,40478.30078,40525.98828,40379.69141,40509.64063,34465554,40078.19562,39866.33639,67.51694021,199.2566964,0,0.9939348178,0.7919288479,
2025-04-29 16:30:00+00:00,40509.60156,40521.64063,40327.51953,40465.60938,35088017,40113.41506,39892.97074,62.35288358,200.483817,0,0.9775986806,0.8138536746,
2025-04-29 17:30:00+00:00,40466.42188,40630.48828,40460.71094,40573.78906,43845704,40155.26724,39923.22933,68.61924216,193.9430804,0,0.9797490359,1.024808579,
2025-04-29 18:30:00+00:00,40573.32813,40605.01953,40533.66016,40585.46875,46348763,40194.37647,39952.6622,68.46836419,191.9751674,0,0.983920609,1.106498602,
2025-04-29 19:30:00+00:00,40585.35156,40610.89844,40511.14063,40519.91016,49036586,40223.97044,39977.87322,64.75096101,190.7578125,0,0.9605053882,1.105932005,
2025-04-30 13:30:00+00:00,40290.41016,40290.41016,39745.62891,40062.85156,0,40209.32327,39981.65003,43.37321049,223.6149554,0,0.7972601555,0,
2025-04-30 14:30:00+00:00,40061.73047,40294.25,40006.75,40256.37891,55471762,40213.60105,39993.86021,55.43848595,226.4185268,0,0.8663813069,1.348319195,
2025-04-30 15:30:00+00:00,40255.67969,40360.80859,40217,40231.64844,44013484,40215.24172,40004.42857,58.65773502,223.6224888,0,0.8575484544,1.101520082,
2025-04-30 16:30:00+00:00,40231.69922,40359.12891,40180.03906,40357.89844,34623181,40228.21052,40020.13834,64.06339757,226.140346,0,0.9026405081,0.8997501309,
2025-04-30 17:30:00+00:00,40358.01953,40542.25,40341.82031,40376.25,50008726,40241.66865,40035.96553,59.72187118,223.5047433,0,0.9091950399,1.301724919,
2025-04-30 18:30:00+00:00,40378.21875,40413.82813,40270.08984,40307.58984,41912170,40247.66149,40048.03772,53.32797477,221.6816406,-1,0.8833694767,1.117550695,0
2025-04-30 19:30:00+00:00,40307.78906,40777.16016,40279.94922,40607.82813,77690144,40280.40391,40072.91729,61.17747342,245.3816964,0,0.9398930668,1.877112929,
2025-05-01 13:30:00+00:00,40918.03906,41001.66016,40752.35156,40992.73828,0,40345.16158,40113.79823,68.1718348,256.3738839,0,0.9964103289,0,
2025-05-01 14:30:00+00:00,40991.10938,41099.51953,40905.55859,41064.82031,77887441,40410.5851,40156.06587,65.37443237,249.6545759,0,0.9850130838,1.934230835,
2025-05-01 15:30:00+00:00,41066.19922,41072.07813,40784.08984,40841.71094,59264264,40449.77836,40186.53899,57.91258828,259.7753906,-1,0.888650064,1.435582187,0
2025-05-01 16:30:00+00:00,40841.51953,40949.05078,40781.96094,40916.75,43774127,40492.23033,40218.99281,60.59326387,257.8445871,0,0.9210601349,1.052055764,
2025-05-01 17:30:00+00:00,40917.21875,40955.17188,40826.48828,40924.80859,40983125,40531.55562,40250.3624,58.64898006,254.9093192,0,0.9245407167,0.9840368357,
2025-05-01 18:30:00+00:00,40924.62109,40962.80078,40862.98828,40948.48047,46003617,40569.45788,40281.38987,58.8919146,256.9416853,0,0.9272539133,1.112069614,
2025-05-01 19:30:00+00:00,40948.33984,40975.10156,40705.62891,40742.96875,71607134,40585.2316,40301.90449,55.11321001,269.0641741,0,0.8276299663,1.59311319,
2025-05-02 13:30:00+00:00,40960.42188,41260.05078,40960.42188,41254.26953,0,40646.05323,40344.23182,76.64838285,250.6928013,0,0.9969381886,0,
2025-05-02 14:30:00+00:00,41255.05859,41255.85938,41072.80859,41089.01172,66243562,40686.32218,40377.33315,68.86198402,243.2321429,0,0.9094158974,1.499059212,
2025-05-02 15:30:00+00:00,41088.92188,41386.19141,41080.05859,41341.89844,61237663,40745.92002,40420.20272,72.79466961,254.8267299,1,0.9780109606,1.345954508,1
2025-05-02 16:30:00+00:00,41342.01953,41385.16016,41270.60938,41302.51953,45359578,40796.51998,40459.4168,70.11152602,250.2167969,0,0.9584614848,0.995311103,
2025-05-02 17:30:00+00:00,41302.12891,41354.07031,41277.30078,41328.35156,42598401,40844.8683,40498.03612,70.20642658,241.3839286,0,0.9712856772,0.9385854071,
2025-05-02 18:30:00+00:00,41328.32813,41367.37109,41243.16016,41354.39063,55843743,40891.18851,40536.09632,72.62554267,239.9891183,0,0.9842126493,1.221266094,
2025-05-02 19:30:00+00:00,41354.46094,41375.23828,41266.55859,41310.30859,65121922,40929.29034,40570.50576,67.07403448,212.2368862,-1,0.9623283288,1.329501718,1
2025-05-05 13:30:00+00:00,41173.37891,41276.66016,41063.44141,41272.98828,0,40960.53561,40601.7272,58.19650406,201.7393973,0,0.9438008323,0,
2025-05-05 14:30:00+00:00,41273.23047,41389.28906,41231.14063,41343.87109,50448168,40995.38429,40634.71138,58.16715941,199.1813616,0,0.9728135317,1.084199234,
2025-05-05 15:30:00+00:00,41343.5,41443.51953,41291.60156,41421.92188,37447644,41034.16043,40669.69851,68.55710031,189.4620536,0,0.987478457,0.8023651837,
2025-05-05 16:30:00+00:00,41421.55859,41429.30859,41346.25,41348.51172,32104240,41062.73782,40699.86799,63.82359783,183.4598214,0,0.9449178932,0.7013281312,
2025-05-05 17:30:00+00:00,41349.96875,41445.91016,41344.46094,41423.10938,29607618,41095.49887,40732.01205,65.30198525,181.5145089,0,0.9867992247,0.6555997348,
2025-05-05 18:30:00+00:00,41423.05859,41438.10938,41286.51172,41298.30859,36638052,41113.93612,40757.18078,60.11443054,185.2134487,0,0.9145443731,0.849902903,
2025-05-05 19:30:00+00:00,41298.12109,41345.14063,41204.87891,41227.35156,45816518,41124.24661,40778.07726,65.18634818,175.984096,0,0.8734629815,1.009189057,
2025-05-06 13:30:00+00:00,41000.19141,41066.19141,40759.41016,41047.05859,0,41117.22952,40790.03199,41.80199672,172.4740513,0,0.7690802879,0,
2025-05-06 14:30:00+00:00,41047.28125,41095.37109,41023.35938,41072.21094,44956108,41113.13692,40802.57327,49.25242384,164.5426897,0,0.7836425274,1.102147385,
2025-05-06 15:30:00+00:00,41073.53125,41164.32813,40972.87891,40999.82031,38574318,41102.83541,40811.33981,31.86584719,156.3510045,-1,0.7376376151,0.951757383,0
2025-05-06 16:30:00+00:00,41000.01172,41041.71094,40880.48828,40905.96875,35842757,41084.93844,40815.54554,30.12595879,159.6847098,0,0.6824399456,0.8900046083,
2025-05-06 17:30:00+00:00,40905.85938,40929.96094,40796.21094,40919.92188,32838707,41069.93694,40820.18449,29.28395942,163.7547433,0,0.6906463085,0.8289607916,
2025-05-06 18:30:00+00:00,40919.85938,40953.87891,40866.67188,40920.46094,38639292,41056.34821,40824.64122,27.40611475,161.1116071,0,0.6909633517,1.017736368,
2025-05-06 19:30:00+00:00,40920.35156,40955.07031,40818.69141,40821.80859,51038821,41035.02643,40824.51532,25.93244086,163.0901228,0,0.6329421603,1.259662444,
2025-05-07 13:30:00+00:00,40956.07813,41080.78125,40942.58984,41061.60938,0,41037.44306,40835.05284,41.31794363,163.9547991,0,0.7739781102,0,
2025-05-07 14:30:00+00:00,41062.03125,41071.26172,40942.80078,41032.60938,55096934,41037.00363,40843.83313,36.75988236,161.8342634,0,0.7569221085,1.493196834,
2025-05-07 15:30:00+00:00,41032.71094,41132.91016,41004.51172,41048.92188,43541439,41038.08711,40852.94818,33.2541826,160.1542969,0,0.7665161095,1.182942663,
2025-05-07 16:30:00+00:00,41048.67188,41234.12109,41048.67188,41191.53125,31876938,41052.03658,40867.99632,43.36464955,167.4679129,0,0.8503901009,0.8788386626,
2025-05-07 17:30:00+00:00,41191.30859,41198.89063,40829.28906,40953.75,49623453,41043.10143,40871.80759,32.56587348,186.6216518,0,0.710541914,1.379937735,
2025-05-07 18:30:00+00:00,40956.46094,41188.57031,40931.71875,40952.37109,49760412,41034.85322,40875.38819,35.85321593,194.1397879,0,0.7097309269,1.413946485,
2025-05-07 19:30:00+00:00,40953.35938,41266.91016,40936.67188,41099.57813,105829172,41040.7373,40885.35219,45.08155802,207.7095424,0,0.7963089746,2.614096798,
2025-05-08 13:30:00+00:00,41312.57031,41374.39844,41179.03125,41334.39063,0,41067.43306,40905.30946,60.61486777,193.9151786,0,0.9344111268,0,
2025-05-08 14:30:00+00:00,41335.92969,41547.69141,41167.76172,41489.57031,68873298,41105.80917,40931.2766,64.06700933,215.9093192,0,0.9677474595,1.742176549,
2025-05-08 15:30:00+00:00,41492.39844,41730.14063,41451.62891,41671.28906,63741517,41157.21644,40964.16605,71.07829192,222.1280692,0,0.9703445629,1.55033144,
2025-05-08 16:30:00+00:00,41671.30859,41773.21875,41670.23828,41689.55859,36412467,41205.61118,40996.40572,75.82329876,217.9679129,0,0.9587391126,0.8783610683,
2025-05-08 17:30:00+00:00,41689.26172,41699.71094,41550.55859,41597.08984,37259093,41241.20015,41023.10279,71.21811866,219.0680804,0,0.9131338585,0.898111101,
2025-05-08 18:30:00+00:00,41597.05859,41681.94141,41566.21875,41665.73047,44905395,41279.79381,41051.66402,72.39617694,221.1049107,0,0.9469871673,1.083611164,
2025-05-08 19:30:00+00:00,41666.26953,41669,41356.51172,41373.71875,59283165,41288.33244,41065.97756,64.85873116,233.6841518,-1,0.8029680405,1.335066168,0
2025-05-09 13:30:00+00:00,41405.48047,41512.42969,41279.46094,41313.19141,0,41290.59235,41076.96484,57.49685133,231.8267299,0,0.7731161728,0,
2025-05-09 14:30:00+00:00,41311.73047,41321.35938,41221.21094,41281.39844,57165040,41289.75654,41086.05078,57.40130432,229.8044085,0,0.7215799529,1.32675384,
2025-05-09 15:30:00+00:00,41281.60156,41347.42188,41210.32031,41211.57813,32996520,41282.64941,41091.62977,54.68961168,230.4260603,0,0.6474718895,0.7683600995,
2025-05-09 16:30:00+00:00,41212.10938,41249.87891,41150.73047,41232.58984,30467151,41278.09854,41097.89467,51.27303909,224.2617188,0,0.6606604324,0.7114253703,
2025-05-09 17:30:00+00:00,41232.41016,41314.12891,41198.25,41240.85938,27659337,41274.71316,41104.24865,60.37912764,206.1386719,0,0.6458325212,0.6542483892,
2025-05-09 18:30:00+00:00,41240.82813,41353.5,41240.44141,41283.08984,33369996,41275.47468,41112.19715,61.61263421,195.8677455,0,0.6739275626,0.8061735682,
2025-05-09 19:30:00+00:00,41284.12891,41293.12109,41220.32031,41240.17969,42004595,41272.26604,41117.88526,55.32717252,177.4793527,-1,0.6430389482,0.9657717112,0
2025-05-12 13:30:00+00:00,41899.05078,42345.05078,41899.05078,42180.92969,209739848,41354.87183,41165.13168,70.89599155,236.7686942,0,0.8998908724,4.094446834,
2025-05-12 14:30:00+00:00,42181.19141,42317.17969,42104.98828,42191.37891,75655199,41430.91793,41210.74267,68.65647774,224.7873884,0,0.906264594,1.432019328,
2025-05-12 15:30:00+00:00,42192.01953,42227.82813,42096.37109,42172.26953,54967456,41498.31353,41253.4772,64.57811878,214.2834821,-1,0.8946084271,1.018186318,0
2025-05-12 16:30:00+00:00,42171.23828,42366.17969,42163.42188,42303.57813,49982684,41571.5194,41300.14835,66.76457351,221.4104353,1,0.9623007238,0.9255432607,1
2025-05-12 17:30:00+00:00,42303.35156,42376.55859,42291.05078,42362.35156,44968443,41643.41323,41347.35738,71.28558608,216.8643973,0,0.991497529,0.8364040487,
2025-05-12 18:30:00+00:00,42362.62891,42408.42969,42328.01172,42336.42969,53576152,41706.41473,41391.31615,69.10947332,214.3426339,0,0.9577167213,1.047404093,
2025-05-12 19:30:00+00:00,42337.80078,42418.05078,42285.12891,42413.48828,73914225,41770.69414,41436.74602,83.76020679,201.5164621,0,0.9973356449,1.347641958,
2025-05-13 13:30:00+00:00,42507.32813,42507.32813,42177.80078,42283.05078,197268107,41817.27202,41474.35957,80.12277977,208.4135045,-1,0.871688862,3.219819612,1
2025-05-13 14:30:00+00:00,42283.23047,42304,42220.01172,42265.46094,120175060,41858.01647,41509.51963,80.8359691,207.2592076,0,0.86162555,1.87514244,
2025-05-13 15:30:00+00:00,42265.19141,42329.35156,42195.87891,42213.85156,70319913,41890.36511,41540.82327,81.76919534,207,0,0.8320993503,1.068953744,
2025-05-13 16:30:00+00:00,42214.39844,42284.75,42186.89844,42278.64844,58610349,41925.6636,41573.6155,82.261566,206.9073661,0,0.8691702405,0.8767254113,
2025-05-13 17:30:00+00:00,42277.85938,42332.76953,42219.08984,42221.5,63062514,41952.55781,41602.41037,79.35884962,206.750279,0,0.836475092,0.9306844293,
2025-05-13 18:30:00+00:00,42220.32031,42262,42180.28125,42242.30078,62382503,41978.89808,41630.84994,79.09055154,204.5117188,0,0.8483754109,0.9185480039,
2025-05-13 19:30:00+00:00,42241.82031,42300.28125,42132.03906,42132.03906,70680734,41992.81999,41653.12501,75.98634191,211.3289621,0,0.7852936641,0.9892571637,
2025-05-14 13:30:00+00:00,42150.08984,42254.75,42115.25,42217.39063,174079230,42013.2355,41678.20348,52.11830173,142.3738839,0,0.8341240807,2.252170003,
2025-05-14 14:30:00+00:00,42216.96094,42243.46094,42017.42188,42150.12891,79004267,42025.68036,41699.17795,47.75187131,143.3630022,0,0.7956430307,0.992585895,
2025-05-14 15:30:00+00:00,42150.07031,42181.17969,42087.60938,42088.23828,63289349,42031.36744,41716.46952,45.62433385,140.656808,0,0.760234833,0.7790848892,
2025-05-14 16:30:00+00:00,42088.55078,42125.12891,41952.85938,41990.19141,56544723,42027.62417,41728.63494,33.09579897,138.4790737,0,0.704141311,0.6839003642,
2025-05-14 17:30:00+00:00,41990.07031,42068.67188,41990.07031,42015.37891,48077388,42026.51096,41741.37911,30.58053966,137.9857701,0,0.7185513122,0.5763628732,
2025-05-14 18:30:00+00:00,42015.76172,42103.33984,42015.28906,42049.14844,56447257,42028.56891,41755.05775,34.06137575,138.530971,0,0.7378711726,0.6708948004,
2025-05-14 19:30:00+00:00,42048.08984,42129.21875,42011.33984,42045,77741846,42030.06265,41767.94407,27.75637247,137.4564732,0,0.7354978132,1.002637129,
2025-05-15 13:30:00+00:00,41777.98047,41977.64063,41777.98047,41920.16016,0,42020.07151,41774.70923,27.94522629,132.9916295,0,0.6640757866,0,
2025-05-15 14:30:00+00:00,41921.01172,42181.87109,41881.01953,42130.23828,105792576,42030.08667,41790.51052,43.34004133,148.4818638,0,0.7796236012,1.386609544,
2025-05-15 15:30:00+00:00,42132.75,42242.83984,42122.32031,42168.64063,78415456,42042.68249,41807.3163,47.74393001,147.5566406,0,0.8020664496,1.00898062,
2025-05-15 16:30:00+00:00,42168.32031,42278.19141,42146.48047,42244.37109,67804255,42061.01781,41826.74096,48.30799014,149.9751674,0,0.8463243586,0.8598130991,
2025-05-15 17:30:00+00:00,42245.57813,42246.07031,42172.69922,42231.80078,59345349,42076.54354,41844.74362,50.53187842,147.0959821,0,0.8389780982,0.7498045771,
2025-05-15 18:30:00+00:00,42233.19922,42324.69922,42231.30859,42284.14063,66019823,42095.416,41864.27238,52.09224555,147.9296875,0,0.8678297721,0.8383146509,
2025-05-15 19:30:00+00:00,42283.69922,42351.42188,42271.25,42329.96875,70380264,42116.73898,41884.96999,60.5794366,141.6389509,0,0.8949688983,0.9719870623,
2025-05-16 13:30:00+00:00,42356.19922,42392.66016,42232.55859,42363.75,0,42139.19453,41906.2491,58.27941592,143.1104911,0,0.9144369591,0,
2025-05-16 14:30:00+00:00,42363.60156,42374.48047,42267.07031,42347.19922,82200603,42158.10404,41925.84689,61.82662103,134.6369978,0,0.904573791,1.226985937,
2025-05-16 15:30:00+00:00,42345.46875,42445.64063,42316.25,42433.21094,52938800,42183.11376,41948.3964,70.1200647,137.1955915,1,0.9558310714,0.793562056,1
2025-05-16 16:30:00+00:00,42434.03125,42575.89844,42433.60938,42543.07813,59216459,42215.83779,41974.8267,81.80780346,135.0825893,0,0.9812091284,0.8902315124,
2025-05-16 17:30:00+00:00,42542.91016,42598.17969,42521.57031,42591.94922,56705588,42250.02974,42002.25437,82.29039964,134.9402902,0,0.9964777535,0.8561376058,
2025-05-16 18:30:00+00:00,42591.44141,42663.67969,42586.62891,42630.57031,52874131,42284.62434,42030.17952,82.38611638,134.1545759,0,0.9808833015,0.8091674469,
2025-05-16 19:30:00+00:00,42629.83984,42657.30078,42586.26172,42654.10156,59751053,42318.21318,42057.90939,83.2107958,130.8088728,0,0.9944539191,1.002072764,
2025-05-19 13:30:00+00:00,42542.80859,42667.87891,42337.71094,42603.76172,0,42344.17214,42082.16949,90.56869709,135.3194754,0,0.9577383558,0,
2025-05-19 14:30:00+00:00,42605.05078,42652.53125,42520.46875,42557.69922,68659511,42363.58369,42103.30415,81.50007484,123.2631138,0,0.9273771209,1.227251506,
2025-05-19 15:30:00+00:00,42557.80078,42737.39063,42555.67969,42734.14063,49736017,42397.27068,42131.34132,84.62752827,127.6339286,0,0.9979516723,0.8944471154,
2025-05-19 16:30:00+00:00,42733.78125,42842.03906,42711.80078,42811.16016,46802099,42434.897,42161.55549,84.65175817,127.5287388,0,0.9817425948,0.8426501481,
2025-05-19 17:30:00+00:00,42810.71094,42831.78125,42686.92188,42721.55859,41636891,42460.95714,42186.44452,77.36483242,132.6350446,0,0.9287649402,0.7597829165,
2025-05-19 18:30:00+00:00,42721.42188,42771.16016,42687.32031,42708.94922,40563977,42483.50188,42209.66695,74.838636,131.952846,0,0.9213095444,0.7661944721,
2025-05-19 19:30:00+00:00,42708.05078,42801.92188,42708.05078,42793.67188,49590366,42511.69915,42235.62273,75.93327275,132.9313616,1,0.9714025059,0.8947831082,0
2025-05-20 13:30:00+00:00,42735.10938,42800.03906,42646.89063,42696.23828,0,42528.47544,42256.09453,67.35898388,132.4347098,0,0.913794099,0,
2025-05-20 14:30:00+00:00,42696.37109,42760.12109,42638.53906,42726.07813,55677389,42546.43932,42276.98269,69.51027682,133.4469866,0,0.93143715,1.136386217,
2025-05-20 15:30:00+00:00,42725.55078,42736.26172,42619.92969,42649.67188,44238267,42555.82409,42293.54665,61.25797408,132.5142299,0,0.8862613315,0.9251610281,
2025-05-20 16:30:00+00:00,42648.5,42711.14844,42634.69141,42694.26172,35610321,42568.40933,42311.35621,58.4357386,127.7834821,0,0.9126254403,0.7636770635,
2025-05-20 17:30:00+00:00,42694.53906,42711.08984,42524.98047,42534.07031,40123684,42565.2876,42321.25461,47.12734154,135.6049107,-1,0.8126470379,0.8850434356,1
2025-05-20 18:30:00+00:00,42532.57031,42602.64844,42485.37109,42587.05859,45088163,42567.26678,42333.06812,47.87078276,138.4782366,0,0.8427714616,1.023087853,
2025-05-20 19:30:00+00:00,42587.19141,42688.55078,42585.94922,42679.42188,47127566,42577.4627,42348.46162,51.16083325,140.7327009,0,0.8997254071,1.015088657,
2025-05-21 13:30:00+00:00,42354.46094,42439.26953,42287.64844,42310.39063,0,42553.18342,42346.76958,39.59160821,145.1330915,0,0.5003579308,0,
2025-05-21 14:30:00+00:00,42310.26172,42391.87891,42229.14844,42351.12891,62118920,42534.81483,42346.96333,42.64338458,147.3236607,0,0.5386436808,1.452190266,
2025-05-21 15:30:00+00:00,42351.28906,42377.51953,42322.46875,42335.12891,61569710,42516.66156,42346.43735,33.95655657,138.2765067,0,0.5236069149,1.435402749,
2025-05-21 16:30:00+00:00,42334.94922,42404.26953,41878.37891,41880.21094,71334590,42458.80242,42325.71618,21.29240376,166.5373884,0,0.09607597678,1.635171872,
2025-05-21 17:30:00+00:00,41880.19141,42077.23047,41827.96875,41973.55859,78197870,42414.68934,42310.06473,26.98716007,173.9946987,0,0.1838039053,1.741937428,
2025-05-21 18:30:00+00:00,41973.57813,42030.96094,41785.21875,41810.39063,68464244,42359.75309,42287.85699,24.69901383,185.5591518,-1,0.03045899581,1.510452387,1
2025-05-21 19:30:00+00:00,41809.55078,41945.32031,41809.55078,41856.73828,62140327,42314.02448,42268.69616,23.03576046,188.5518973,0,0.07401642444,1.282989896,
2025-05-22 13:30:00+00:00,41763.67969,41930.42969,41740.98047,41772.30859,0,42264.77758,42246.63449,23.20947997,191.1448103,0,0.02845273192,0,
2025-05-22 14:30:00+00:00,41772.57031,41867.21875,41714.42969,41819.01172,56099596,42224.25341,42227.62904,23.95317586,193.3738839,0,0.09274668477,1.237877042,
2025-05-22 15:30:00+00:00,41816.53125,42017.30078,41803.89063,41920.69141,44672928,42196.65686,42213.98736,29.36648512,200.3080357,0,0.1829194784,0.988060612,
2025-05-22 16:30:00+00:00,41920.66016,41987.39063,41828.39844,41967.14844,37256946,42175.79246,42203.01674,29.44106596,206.203404,0,0.2241190572,0.828047265,
2025-05-22 17:30:00+00:00,41967.78906,42064.21875,41951.14844,42042.33984,41989962,42163.6604,42195.87555,35.39440434,200.9863281,0,0.2908011972,0.9317635071,
2025-05-22 18:30:00+00:00,42042.25,42090.42188,41980.82031,42085.53906,47468491,42156.55846,42190.9717,35.01651359,200.438058,0,0.3291116438,1.055818527,
2025-05-22 19:30:00+00:00,42085.87109,42088.91016,41830.23047,41849.07031,54812689,42128.605,42175.77609,27.159024,211.5864955,-1,0.1194036055,1.149123019,1
2025-05-23 13:30:00+00:00,41525.69922,41604.08984,41354.08984,41545.48047,0,42075.59367,42147.76295,28.17334079,218.9584263,0,0.1286271215,0,
2025-05-23 14:30:00+00:00,41545.98047,41614.35156,41485.94141,41587.62891,58589469,42031.23324,42122.8681,28.23109856,216.5069754,0,0.1569536511,1.283919915,
2025-05-23 15:30:00+00:00,41587.69922,41669.73047,41517.30859,41596.76172,46776327,41991.73583,42099.4856,28.86492119,223.4620536,0,0.1630915034,1.012659298,
2025-05-23 16:30:00+00:00,41596.96094,41742.37109,41546.28125,41741.19922,39598129,41968.95977,42083.56176,45.16077271,199.9048549,0,0.2601630285,0.8577466654,
2025-05-23 17:30:00+00:00,41740.26953,41788.60938,41674.73047,41721.17969,47158442,41946.43431,42067.45589,40.74160053,190.234654,0,0.2467085833,1.01922746,
2025-05-23 18:30:00+00:00,41721.42188,41775.92188,41630.05859,41651.33984,43853810,41919.60754,42048.96184,43.73640506,183.1004464,0,0.1997716026,0.9511700137,
2025-05-23 19:30:00+00:00,41652.07031,41719.07031,41556.96875,41612.98828,56815364,41891.73306,42029.58524,40.34001895,184.9813058,0,0.1739968234,1.16077904,
2025-05-27 13:30:00+00:00,41849.03906,42098.98828,41849.03906,42076.87891,0,41908.5645,42031.68718,59.27940322,206.1635045,0,0.4857619154,0,
2025-05-27 14:30:00+00:00,42077.39844,42180.08984,42069.37891,42170.89844,59185406,41932.41304,42037.87435,60.42055632,203.1579241,0,0.5489492406,1.294498287,
2025-05-27 15:30:00+00:00,42170.82813,42255.71875,42147.57031,42226.55078,47387045,41959.15284,42046.25997,59.31136343,195.6392299,0,0.5863512857,1.064318893,
2025-05-27 16:30:00+00:00,42226.62891,42305.76953,42226.32813,42254.37109,38853555,41985.99086,42055.50935,58.84435976,189.9570313,0,0.6050483704,0.9129953561,
2025-05-27 17:30:00+00:00,42254.32031,42347.01953,42238.35938,42311.19922,38787743,42015.55526,42066.87334,58.37360274,189.6420201,0,0.643240618,0.9443769204,
2025-05-27 18:30:00+00:00,42310.89844,42342.42188,42288.28125,42296.32031,44973880,42041.07935,42077.07099,56.68265087,185.6805246,0,0.6332410118,1.118364057,
2025-05-27 19:30:00+00:00,42296.28906,42350.66016,42283.46094,42346.42188,61441272,42068.83776,42089.04214,67.88119835,172.0033482,1,0.6669125658,1.419424229,0
2025-05-28 13:30:00+00:00,42361.62891,42448.71875,42286.26172,42311.87891,0,42090.93241,42098.94599,84.16345692,148.2516741,0,0.6436974128,0,
2025-05-28 14:30:00+00:00,42311.39063,42311.67969,42194.64844,42198.10938,50979454,42100.67577,42103.35325,75.5798233,147.453125,0,0.5672367851,1.249606705,
2025-05-28 15:30:00+00:00,42197.75,42246.58984,42168.62891,42235.30078,40846391,42112.91441,42109.21759,76.14084129,142.1344866,0,0.5922318628,0.9968400806,
2025-05-28 16:30:00+00:00,42235.23828,42279.12109,42216.26172,42251.71875,39459902,42125.53299,42115.55097,73.34712442,132.6180246,0,0.6032658205,0.9659856075,
2025-05-28 17:30:00+00:00,42251.66016,42252.62109,42195.39844,42231.71875,45815491,42135.18624,42120.71399,73.34843472,128.5711496,0,0.5898245015,1.123845449,
2025-05-28 18:30:00+00:00,42232.28906,42251.94141,42080.78906,42177.17188,57020595,42139.00311,42123.22323,74.38897565,130.3775112,0,0.5531654044,1.394927131,
2025-05-28 19:30:00+00:00,42176.80078,42184.05078,42042.26172,42106.41016,66985620,42136.04012,42122.47598,72.21776633,128.9266183,0,0.5056088629,1.514607292,
2025-05-29 13:30:00+00:00,42190.01953,42231.23047,42062.46875,42159.91016,0,42138.21012,42124.13972,55.93053882,106.2667411,0,0.541564391,0,
2025-05-29 14:30:00+00:00,42160.12891,42199.44922,42070.60156,42155.98828,81110812,42139.82632,42125.55521,48.77772298,107.562221,0,0.5389286324,1.885699549,
2025-05-29 15:30:00+00:00,42155.64063,42159.67188,41828.35156,42032.17969,61669501,42130.04026,42121.40519,35.66774775,123.5030692,0,0.4557210926,1.397855739,
2025-05-29 16:30:00+00:00,42032.05078,42151.12891,42030.62109,42113.03125,48971644,42128.49399,42121.03301,40.33403324,126.4363839,0,0.5100586745,1.107758399,
2025-05-29 17:30:00+00:00,42112.5,42150.17188,42032.05859,42075.71875,62365418,42123.69624,42119.01905,33.45428197,127.1116071,0,0.488348855,1.38180023,
2025-05-29 18:30:00+00:00,42075.03906,42194.64063,42074.98828,42145.35938,56299518,42125.66561,42120.18973,40.15087415,131.7910156,1,0.5465202552,1.248114291,1
2025-05-29 19:30:00+00:00,42145.44922,42266,42145.44922,42219.91016,63197111,42134.2333,42124.62175,42.00119536,135.6082589,0,0.5980115744,1.309309319,
2025-05-30 13:30:00+00:00,42192.35156,42274.98047,42049.60938,42259.58984,0,42145.62935,42130.62033,46.71531772,140.1021205,0,0.6262322274,0,
2025-05-30 14:30:00+00:00,42260.57031,42276.30078,42150.73047,42222.26172,61070257,42152.59593,42134.69328,51.67838432,140.6978237,0,0.6174627164,1.327833427,
2025-05-30 15:30:00+00:00,42222.21094,42229.64063,41991.10156,41996.17188,66449660,42138.37556,42128.53677,36.83805412,152.1676897,0,0.4645457217,1.402713852,
2025-05-30 16:30:00+00:00,42001.23047,42084.51172,41906.16016,42080.39063,67114768,42133.1042,42126.39694,41.22484094,160.4171317,0,0.5352022268,1.375624973,
2025-05-30 17:30:00+00:00,42080.39063,42244.73828,42058.37891,42221.57813,49659844,42141.14729,42130.62722,49.53796977,169.641183,0,0.6392691829,1.012993552,
2025-05-30 18:30:00+00:00,42222.69922,42376.07813,42190.64844,42357.19922,55685892,42160.78837,42140.69708,57.6381638,170.6609933,0,0.7516963193,1.142624083,
2025-05-30 19:30:00+00:00,42357.28906,42374.55078,42229.23047,42233.28125,97662441,42167.37863,42144.81194,55.1505406,170.9132254,0,0.6588363747,1.82144145,
2025-06-02 13:30:00+00:00,42199.94141,42199.94141,41853.62109,42068.19141,0,42158.36161,42141.40658,46.58585953,185.9773996,0,0.6523686323,0,
2025-06-02 14:30:00+00:00,42067.78125,42126.89844,42029.44922,42036.37891,55099387,42147.27228,42136.73868,45.63822634,183.734654,0,0.6233062717,1.06406668,
2025-06-02 15:30:00+00:00,42036.78125,42118.05078,42001.37891,42044.32813,43487867,42137.91372,42132.63155,50.4839051,168.4026228,0,0.6305682933,0.8365739435,
2025-06-02 16:30:00+00:00,42044.37891,42137.98828,42044.08984,42064.92188,34944901,42131.27809,42129.62223,47.98704228,166.5019531,0,0.6493817468,0.6793363689,
2025-06-02 17:30:00+00:00,42065.12891,42234.44922,42062.41016,42214.17969,40913360,42138.8146,42133.38034,55.29715222,170.3537946,0,0.7857364618,0.8080151036,
2025-06-02 18:30:00+00:00,42214.71094,42300.46875,42203.85938,42278.10938,38165731,42151.47776,42139.81274,55.10095643,168.7078683,0,0.8441395307,0.7758302263,
2025-06-02 19:30:00+00:00,42279.82813,42317,42247.80078,42317,49099807,42166.52524,42147.68773,53.83582573,165.0334821,0,0.8796681238,0.9506550222,
2025-06-03 13:30:00+00:00,42304.5,42363.30859,42186.44141,42327.98828,0,42181.2037,42155.70109,52.76496968,161.5689174,0,0.8897064859,0,
2025-06-03 14:30:00+00:00,42329.58984,42420.42188,42291.37109,42411.07813,65633359,42202.10137,42167.05118,57.36047875,161.8175223,0,0.9656133464,1.373340017,
2025-06-03 15:30:00+00:00,42414.32813,42509.10156,42414.32813,42488.37109,46727520,42228.12589,42181.33206,71.70497101,151.780692,0,0.9820517243,0.9800472912,
2025-06-03 16:30:00+00:00,42488.28906,42554.82031,42466.33984,42531.85938,34357593,42255.73803,42196.91105,70.65066682,145.3613281,0,0.9808775257,0.7424101802,
2025-06-03 17:30:00+00:00,42531.92969,42564.82813,42460.14063,42543.92188,44512526,42281.93656,42212.33376,66.71934517,139.5276228,0,0.9827326431,0.9742482306,
2025-06-03 18:30:00+00:00,42543.73047,42568.37891,42501.19922,42521.07031,40824105,42303.67599,42226.05538,59.62571876,131.0811942,0,0.961040089,0.9159455239,
2025-06-03 19:30:00+00:00,42521.17188,42558.94922,42481.85938,42524.67188,55392836,42323.76653,42239.32723,69.93372882,126.2075893,0,0.9640060735,1.170104088,
2025-06-04 13:30:00+00:00,42574.12891,42645,42496.94922,42591.80859,105939258,42348.13399,42254.99306,91.36354099,109.6640625,0,0.9587954235,2.136581053,
2025-06-04 14:30:00+00:00,42592.51172,42615.76172,42549.28906,42560.46094,49765352,42367.43644,42268.56941,91.43068894,107.4514509,-1,0.9270623047,1.020841819,1
2025-06-04 15:30:00+00:00,42560,42575.23047,42487.67188,42491.66016,41568767,42378.7295,42278.48456,82.25958207,105.3719308,0,0.8640232222,0.8756476048,
2025-06-04 16:30:00+00:00,42491.42188,42580.76953,42489.58984,42561.96875,31724257,42395.38762,42291.08386,83.44653559,105.1777344,1,0.9244290224,0.6811398414,1
2025-06-04 17:30:00+00:00,42561.76953,42602.92969,42558.16016,42566.67969,30401293,42410.95962,42303.33256,79.44862155,96.08705357,0,0.9280164862,0.670947031,
2025-06-04 18:30:00+00:00,42566.69922,42572.55078,42490.94922,42514.51953,38424924,42420.37416,42312.71865,70.14640187,95.01506696,-1,0.8800765431,0.9073365374,1
2025-06-04 19:30:00+00:00,42514.17969,42529.26172,42432.42969,42432.42969,47258359,42421.47012,42318.03914,59.16210887,96.98883929,0,0.8046284861,1.056948816,
2025-06-05 13:30:00+00:00,42487.89063,42509.23828,42238.42969,42385.57813,100544451,42418.20721,42321.04087,54.32490627,103.6989397,0,0.6823334705,2.13995787,
2025-06-05 14:30:00+00:00,42385.12891,42559.17188,42277.25,42554.35938,71433001,42430.58468,42331.41058,59.53321551,114.6183036,1,0.8890090021,1.476450661,1
2025-06-05 15:30:00+00:00,42555.12891,42601.44922,42514.73828,42557.78125,60720299,42442.148,42341.4715,55.12166439,113.8102679,0,0.8931991467,1.222465945,
2025-06-05 16:30:00+00:00,42557.82813,42562.12891,42363.17188,42507.35938,49610149,42448.07631,42348.84429,48.21049508,121.7014509,-1,0.8314566971,0.9901201761,1
2025-06-05 17:30:00+00:00,42506.62891,42559.5,42314.01953,42442.98047,45939774,42447.61305,42353.02812,43.15060142,131.7580915,0,0.7526236236,0.909808726,
2025-06-05 18:30:00+00:00,42442.96875,42504.28906,42211.69141,42266.69141,54922129,42431.16563,42349.19094,35.7138783,147.859375,0,0.5367546469,1.081463653,
2025-06-05 19:30:00+00:00,42267.19922,42414.71094,42267.19922,42324.60156,57312363,42421.47799,42348.09808,39.40989165,152.9257813,0,0.6076666252,1.068251728,
2025-06-06 13:30:00+00:00,42631.82031,42913.94922,42631.82031,42823.60938,0,42458.03539,42369.23191,58.42005341,184.4469866,0,0.9167833099,0,
2025-06-06 14:30:00+00:00,42812.17969,42833.19141,42604.42969,42680.96875,52857316,42478.30205,42383.08688,54.0499383,196.0390625,0,0.7853896723,1.043055936,
2025-06-06 15:30:00+00:00,42682.51172,42735.07031,42642.46875,42708.28125,37820515,42499.20925,42397.53997,57.48887911,196.3992746,0,0.8105486249,0.7437869897,
2025-06-06 16:30:00+00:00,42724.25,42726.39063,42582.55078,42652,31160582,42513.09932,42408.8493,53.14298338,200.1607143,-1,0.7587050624,0.6209639183,1
2025-06-06 17:30:00+00:00,42652.08984,42772.5,42651.35938,42738.94922,31207869,42533.63113,42423.52041,55.68735476,205.6157924,0,0.8387984729,0.6279227224,
2025-06-06 18:30:00+00:00,42739.80859,42802.96094,42739.37109,42771.07813,39437014,42555.21722,42438.96742,58.5836276,204.359375,0,0.8683940658,0.8064435943,
2025-06-06 19:30:00+00:00,42770.76953,42805.67969,42750.42969,42759.14844,50231457,42573.75642,42453.19768,61.46941216,201.3892299,0,0.8574050152,1.089217946,
2025-06-09 13:30:00+00:00,42782.71875,42789.42188,42620.35938,42657.42188,0,42581.36237,42462.27432,59.18900362,194.1216518,0,0.7636994311,0,
2025-06-09 14:30:00+00:00,42657.51953,42691.44922,42567.55078,42659.03906,62248590,42588.42389,42471.01942,53.98926985,182.8342634,0,0.7651891059,1.393748389,
2025-06-09 15:30:00+00:00,42659.03906,42766.16016,42658.05859,42762.5,59900658,42604.24899,42483.97411,57.24896676,184.3621652,0,0.8604923123,1.300166257,
2025-06-09 16:30:00+00:00,42762.92188,42870.23828,42754.01953,42866.33984,48381080,42628.07543,42500.96814,62.24794155,178.4522879,0,0.9550993944,1.030030609,
2025-06-09 17:30:00+00:00,42867.12891,42893.08984,42844.33984,42874.71094,42759079,42650.49684,42517.57893,65.31540395,164.4001116,0,0.9629942088,0.9061577708,
2025-06-09 18:30:00+00:00,42875.48047,42883.44922,42826.98047,42833.78125,40063567,42667.15906,42531.63237,72.25443096,147.5337612,-1,0.924393245,0.8555564909,1
2025-06-09 19:30:00+00:00,42833.64063,42852.71094,42750.91016,42754.57031,54043200,42675.10554,42541.54072,66.59590379,144.2324219,0,0.8496890703,1.214387562,
2025-06-10 13:30:00+00:00,42738.26953,42811.21875,42723.96094,42780.39063,0,42684.67691,42552.15627,47.37182167,108.3688616,0,0.8740403177,0,
2025-06-10 14:30:00+00:00,42780.16016,42827.60156,42752.58984,42809.48828,55486043,42696.0234,42563.59325,59.06758314,97.38671875,0,0.9014824421,1.364330289,
2025-06-10 15:30:00+00:00,42809.46094,42833.16016,42710.08984,42830.19922,48934712,42708.2212,42575.4424,58.68269803,99.56305804,0,0.921015016,1.204241512,
2025-06-10 16:30:00+00:00,42830.07031,42925.94141,42827.76172,42872.69141,36180588,42723.17304,42588.65347,66.03197485,96.3016183,0,0.9503413305,0.9011951903,
2025-06-10 17:30:00+00:00,42872.46875,42877.48047,42740.33984,42754.21875,36765228,42725.99537,42596.01193,51.06066608,97.44447545,0,0.839858805,0.9369445205,
2025-06-10 18:30:00+00:00,42753.94141,42905.23047,42750.46094,42846.53125,49894483,42736.95318,42607.14612,54.83678723,103.9271763,0,0.9259454891,1.283670732,
2025-06-10 19:30:00+00:00,42846.32813,42881.19922,42793.12891,42878.08984,50031603,42749.78379,42619.18806,57.43736047,106.2714844,0,0.9553756821,1.209363942,
2025-06-11 13:30:00+00:00,42882.85938,43018.87109,42801.62109,43012.28125,0,42773.64719,42636.65887,71.32348109,109.7134487,0,0.9943446953,0,
2025-06-11 14:30:00+00:00,43012.62109,43059.16016,42985.41016,43026.89063,56226957,42796.66932,42654.00251,71.76435241,106.1314174,0,0.9694931903,1.418166715,
2025-06-11 15:30:00+00:00,43010.89063,43050.05859,42930.98828,42991.41016,49314872,42814.37304,42668.9984,64.72853215,106.9148996,0,0.9359508405,1.215989308,
2025-06-11 16:30:00+00:00,42991.12109,43112.14844,42959.42188,43105.28125,33410967,42840.81924,42688.38875,65.17803528,109.5226004,1,0.9935704019,0.8216046274,0
2025-06-11 17:30:00+00:00,43105.26953,43115.69141,42738.62109,42824.53906,47355162,42839.33922,42694.43987,47.63228528,132.9740513,0,0.7235758789,1.153276503,
2025-06-11 18:30:00+00:00,42824.89063,42937.07813,42774.35156,42816.67969,47923283,42837.27926,42699.87276,49.16693941,140.5638951,0,0.6782225249,1.170401963,
2025-06-11 19:30:00+00:00,42817.03906,42884.10156,42767.12891,42876.64844,51178376,42840.85828,42707.72945,56.0603475,141.6476004,0,0.7427570958,1.176381273,
2025-06-12 13:30:00+00:00,42737.35938,42865.76953,42606.42188,42851.94141,0,42841.86584,42714.13887,53.55593951,154.7167969,0,0.7161689535,0,
2025-06-12 14:30:00+00:00,42853.37891,42898.80078,42786.64063,42843.96875,70663913,42842.05701,42719.90909,51.75036784,157.3702567,0,0.6994218404,1.726430028,
2025-06-12 15:30:00+00:00,42845.08984,42900.19141,42793.01953,42879.92969,41600021,42845.49998,42727.02112,52.48602817,156.234654,0,0.7392016386,1.024843027,
2025-06-12 16:30:00+00:00,42880.01953,42942.92969,42826.03125,42909.28906,36273079,42851.29899,42735.12191,51.85385988,157.5717076,0,0.7716788233,0.9008072696,
2025-06-12 17:30:00+00:00,42908.69141,42955.58984,42897.33984,42918.37109,34838342,42857.39645,42743.26632,59.3515366,151.9366629,0,0.781725318,0.8708270236,
2025-06-12 18:30:00+00:00,42918.44141,42963.51172,42896.96875,42942.75,37496235,42865.15587,42752.13226,55.94132006,145.6347656,0,0.8086931347,0.9570568066,
2025-06-12 19:30:00+00:00,42943.12891,42968.92969,42896.35156,42968.92969,50235918,42874.58985,42761.7677,55.6466926,144.5281808,0,0.837652966,1.204973103,
2025-06-13 13:30:00+00:00,42477.28906,42576.89063,42259.21875,42259.83984,124368302,42818.70349,42739.4598,22.7230374,179.7039621,0,0.05326154591,2.755497918,
2025-06-13 14:30:00+00:00,42262.87109,42515.23828,42249.23828,42515.23828,58721023,42791.11574,42729.4944,34.20875599,193.4361049,0,0.3357819414,1.287066655,
2025-06-13 15:30:00+00:00,42515.85938,42602.48047,42492.67969,42502.30078,39428239,42764.85983,42719.3969,34.69148723,192.7739955,0,0.3214705476,0.8611361667,
2025-06-13 16:30:00+00:00,42502.17969,42544.03906,42363.44141,42369.17188,36264420,42728.8882,42703.83135,27.23512414,194.7647879,0,0.1742040584,0.7924698795,
2025-06-13 17:30:00+00:00,42369.32813,42401.26172,42161.21094,42164.37891,38993526,42677.56917,42679.85568,28.57758544,184.9776786,0,0.003319050367,0.8623793184,
2025-06-13 18:30:00+00:00,42163.75,42197.85938,42081.08984,42132.42969,54194551,42628.01104,42655.52564,28.13766799,181.6950335,0,0.04962281675,1.193072436,
2025-06-13 19:30:00+00:00,42132.39844,42203.26172,42086.76953,42203.26172,66537821,42589.39746,42635.42502,28.63308354,181.6607143,1,0.1180859177,1.364843374,1
2025-06-16 13:30:00+00:00,42300.12891,42706.71875,42300.12891,42663.60156,0,42596.14329,42636.67731,45.31819568,198.3200335,0,0.563030001,0,
2025-06-16 14:30:00+00:00,42665.01172,42707.73047,42582.80859,42585.96094,79450207,42595.21762,42634.42325,43.80107892,199.2315848,0,0.4879860151,1.674516004,
2025-06-16 15:30:00+00:00,42587.96094,42618.76953,42539.23047,42564.80859,43358099,42592.45317,42631.32927,42.37460843,197.2578125,0,0.4675410975,0.9043483152,
2025-06-16 16:30:00+00:00,42567.60156,42603.76172,42526.17969,42594.16016,34533903,42592.60835,42629.6773,42.37439055,194.4494978,0,0.4959110165,0.7300579262,
2025-06-16 17:30:00+00:00,42594.42969,42616.92188,42508.39844,42525.21094,32304266,42586.48131,42625.03436,40.75405071,198.0404576,-1,0.4292677586,0.6943866909,1
2025-06-16 18:30:00+00:00,42525.19141,42528.85156,42447.51172,42462.92969,42319517,42575.24934,42617.8297,38.9136988,199.0973772,0,0.3690694636,0.9184108496,
2025-06-16 19:30:00+00:00,42462.51172,42523.07031,42448.80078,42519.14063,54554807,42570.14855,42613.44352,39.74982107,199.218192,0,0.4234004636,1.117770402,
2025-06-17 13:30:00+00:00,42364.05859,42493.62891,42341.96875,42474.46875,94032697,42561.45039,42607.26687,57.01568234,161.1796875,0,0.3802226099,1.881585376,
2025-06-17 14:30:00+00:00,42473.94922,42530.82813,42414.17188,42432.42188,47084250,42549.72052,42599.49598,46.85416166,150.5122768,0,0.3395819647,0.9370100675,
2025-06-17 15:30:00+00:00,42432.94141,42492.01953,42403.82813,42460.26953,39070685,42541.58861,42593.30814,48.42129665,148.96875,0,0.3664982745,0.775375996,
2025-06-17 16:30:00+00:00,42459.80078,42492.64844,42301.80859,42304.10156,38163343,42519.99888,42580.45451,47.59752397,149.7003348,0,0.2155532398,0.7548787911,
2025-06-17 17:30:00+00:00,42304.25,42357.05859,42158.28906,42178.21094,41406458,42488.92725,42562.57702,50.54229138,146.7516741,0,0.09387294324,0.8158730884,
2025-06-17 18:30:00+00:00,42177.89844,42237.19141,42132.64844,42230.96875,36556787,42465.47648,42547.83887,53.8012489,145.8783482,0,0.1448663057,0.7301552138,
2025-06-17 19:30:00+00:00,42230.82813,42245.05859,42182.51172,42211.07031,50541846,42442.34865,42532.87138,50.313546,142.0251116,0,0.1256333583,1.089831803,
2025-06-18 13:30:00+00:00,42236.03125,42485.58984,42195.37891,42460.10938,90938266,42443.96326,42529.63751,40.15906,126.7932478,0,0.3663434746,1.895072917,
2025-06-18 14:30:00+00:00,42458.91016,42510.07031,42384.71875,42398.39844,52402204,42439.821,42523.80467,40.78748436,126.8239397,0,0.3066964185,1.077450225,
2025-06-18 15:30:00+00:00,42417.71094,42423.53125,42299.91016,42313.46094,41799877,42428.33372,42514.45606,38.38248517,129.9726563,0,0.2245995968,0.8545907775,
2025-06-18 16:30:00+00:00,42313.12891,42375.35156,42302.91016,42314.96094,32001506,42418.02711,42505.58961,36.75412619,129.6054688,0,0.2260494303,0.658974931,
2025-06-18 17:30:00+00:00,42315.44141,42429.10938,42264.16016,42334.26172,40845197,42410.41207,42497.97503,40.49305499,133.6358817,0,0.2447047097,0.8528055742,
2025-06-18 18:30:00+00:00,42333.76172,42427.28906,42129.01172,42130.46875,57423105,42384.96268,42481.64142,35.49185526,149.1314174,0,0.04772746151,1.210453006,
2025-06-18 19:30:00+00:00,42130.85156,42249.05078,42118.23047,42173.44141,74257612,42365.73347,42467.94364,34.73781512,153.1707589,0,0.08926292579,1.451698385,
2025-06-20 13:30:00+00:00,42291.08984,42432.19141,42235,42281.58984,0,42358.08405,42459.66125,41.93657958,158.9977679,0,0.1937944106,0,
2025-06-20 14:30:00+00:00,42281.30078,42310.26953,42163.35156,42261.62891,67869359,42349.3154,42450.85981,42.7255636,161.1593192,0,0.1745010534,1.402106403,
2025-06-20 15:30:00+00:00,42278.85938,42340.91016,42198.83984,42252.23047,51182947,42340.4895,42442.03184,40.9976944,165.0078125,0,0.1654169404,1.039506498,
2025-06-20 16:30:00+00:00,42252.17188,42299.12891,42144.98828,42147.44141,44571748,42322.93967,42428.93893,42.90551178,162.3864397,0,0.06413247854,0.8940973934,
2025-06-20 17:30:00+00:00,42147.33984,42229.14063,42089.98828,42199.71094,39235856,42311.73706,42418.75102,51.04320665,158.1280692,0,0.11465389,0.7895026508,
2025-06-20 18:30:00+00:00,42199.96875,42221.87891,42116.87891,42135.85938,47055286,42295.74818,42406.17806,45.43432768,158.1607143,-1,0.05293780063,0.9540434759,0
2025-06-20 19:30:00+00:00,42136.48828,42256.89844,42136.48828,42210.12891,84391549,42287.96461,42397.46477,49.95705034,162.3387277,0,0.1247234367,1.727922442,
2025-06-23 13:30:00+00:00,42178.55078,42421.80859,42109.80859,42364.96875,0,42294.96499,42396.0205,45.25124198,163.8950893,0,0.2743847647,0,
2025-06-23 14:30:00+00:00,42364.75,42376.96875,42245.73828,42284.94922,53074428,42294.05446,42391.084,44.43904064,164.3150112,0,0.1970414335,1.124794975,
2025-06-23 15:30:00+00:00,42262.53125,42283.14844,42132.87891,42142.19922,44749518,42280.24944,42380.02245,42.05549898,166.3470982,0,0.05906561252,0.9417941888,
2025-06-23 16:30:00+00:00,42142.41016,42412.71875,41981.14063,42400.07813,61908586,42291.14296,42380.91381,53.18972029,191.999721,0,0.3692540756,1.275406345,
2025-06-23 17:30:00+00:00,42401.12891,42519.41016,42401.12891,42490.62109,48282625,42309.27733,42385.78969,55.5624729,188.7413504,0,0.4490592023,0.982820892,
2025-06-23 18:30:00+00:00,42490.62109,42534.48047,42401.01172,42524.37891,44305552,42328.83202,42391.94921,65.94198087,176.969308,0,0.5499537319,0.9076261165,
2025-06-23 19:30:00+00:00,42524.14844,42609.46875,42498.75,42579.91016,55114742,42351.65731,42400.30303,66.28470375,175.5334821,0,0.606171453,1.172065936,
2025-06-24 13:30:00+00:00,42878.57031,42979.94141,42794.07813,42886.98828,123144617,42400.32376,42421.93349,70.91999266,185.625,0,0.90693527,2.435579484,
2025-06-24 14:30:00+00:00,42887.55078,42991.30859,42885.98047,42976.71094,54050054,42452.72259,42446.59026,73.57362694,182.6542969,0,0.9855492782,1.056217685,
2025-06-24 15:30:00+00:00,42988.25,43066.12109,42981.78125,43059.30078,45744504,42507.86606,42473.82184,75.38131554,178.8928571,0,0.9937138845,0.8820706268,
2025-06-24 16:30:00+00:00,43059.28906,43112.28125,43037.39844,43038.5,42792574,42556.10551,42498.91865,79.58553712,173.2315848,0,0.934772699,0.8236035609,
2025-06-24 17:30:00+00:00,43038.32031,43106.51953,43026.80859,43080.76953,36791149,42603.80224,42524.77869,79.4490679,168.9857701,1,0.9721416435,0.7224414102,1
2025-06-24 18:30:00+00:00,43080.85938,43133.78125,43071.96094,43132.69141,40938940,42651.88307,42551.79703,83.58660374,165.9015067,0,0.9990544809,0.8310753628,
2025-06-24 19:30:00+00:00,43131.80078,43183.48047,43089.10938,43095.94922,63476570,42692.25272,42575.98157,80.62059467,163.9966518,0,0.9271992437,1.210598723,
2025-06-25 13:30:00+00:00,43130.32813,43130.32813,43008.53125,43019.05859,0,42721.96235,42595.67389,73.89812608,150.4107143,0,0.8632484186,0,
2025-06-25 14:30:00+00:00,43020.28125,43066.55078,42990.26172,43001.73828,63835172,42747.39652,42613.72119,77.4464228,146.4863281,0,0.8488429137,1.285103558,
2025-06-25 15:30:00+00:00,43002.48828,43046.30078,42970.83984,43009.35938,39735149,42771.21133,42631.30511,87.03698142,141.0142299,0,0.8551814658,0.8038452153,
2025-06-25 16:30:00+00:00,43009.30859,43017,42914.35156,42961.69141,50096848,42788.5277,42645.98895,79.23677286,117.5192522,0,0.8155354631,1.002450352,
2025-06-25 17:30:00+00:00,42961.85938,42963.46094,42871.5,42900.78906,48196599,42798.73328,42657.3134,72.03269979,115.5641741,0,0.7648822771,0.9633258785,
2025-06-25 18:30:00+00:00,42900.42969,42994.17969,42886.35156,42984,50865673,42815.57571,42671.8328,73.44360806,113.7327009,1,0.8340897794,1.051918094,1
2025-06-25 19:30:00+00:00,42983.42969,43009.07031,42943.48047,42996.87891,62711288,42832.05782,42686.27929,72.23555389,110.5092076,0,0.8448013151,1.217914151,
2025-06-26 13:30:00+00:00,43098.89063,43236.26172,43098.44922,43195.51172,131145054,42865.09908,42708.91185,68.60431153,99.0343192,0,0.9675330132,2.367484507,
2025-06-26 14:30:00+00:00,43196.01953,43308.44922,43196.01953,43263.62109,68220585,42901.32835,42733.56559,67.76404576,99.57784598,0,0.9662262979,1.205996487,
2025-06-26 15:30:00+00:00,43263.33984,43339.57813,43236.35156,43317.39063,46137730,42939.1522,42759.51337,66.57102585,100.5647321,0,0.9836668967,0.8271483109,
2025-06-26 16:30:00+00:00,43317.39063,43349.03906,43307.23047,43326.48828,41086481,42974.36457,42784.71226,68.77282149,98.20228795,0,0.9835142869,0.7413727596,
2025-06-26 17:30:00+00:00,43326.28125,43397.55078,43326.28125,43368.37891,45848933,43010.18405,42810.653,68.75738801,97.59933036,0,0.9794043591,0.8261570196,
2025-06-26 18:30:00+00:00,43368.23047,43383.10156,43324.28125,43359.03125,53775541,43041.89744,42835.02536,65.62943382,97.38504464,0,0.9728048185,0.9701580046,
2025-06-26 19:30:00+00:00,43358.64844,43430.98828,43341.51172,43398.76172,67901627,43074.33964,42860.08031,70.82415516,97.03543527,1,0.9777724492,1.289250423,1
2025-06-27 13:30:00+00:00,43505.60156,43730.35156,43505.60156,43699.89063,154344352,43131.20791,42897.40521,85.78397356,112.0206473,0,0.9825858981,2.675769113,
2025-06-27 14:30:00+00:00,43702.05859,43789.37891,43687.39063,43778.96094,73292733,43190.09455,42936.58547,88.36020251,113.8563058,0,0.9942386085,1.240995047,
2025-06-27 15:30:00+00:00,43778.44141,43952.71094,43778.44141,43951.05859,71250032,43259.2731,42981.67316,89.98603412,120.9140625,0,0.9991619149,1.178026787,
2025-06-27 16:30:00+00:00,43950.92969,43966.37109,43859.42969,43864.03125,55530670,43314.25112,43020.88908,87.07551561,121.2207031,0,0.9484493889,0.9041211837,
2025-06-27 17:30:00+00:00,43868.35938,43879.30078,43624.48047,43625.07813,57014936,43342.50812,43047.74192,75.9611992,132.8535156,0,0.8280839559,0.9162956198,
2025-06-27 18:30:00+00:00,43624.60938,43660.39063,43567.17188,43646.42969,70566518,43370.13735,43074.35027,74.84572333,131.8099888,0,0.8388391619,1.127660647,
2025-06-27 19:30:00+00:00,43646.69922,43837.03125,43646.69922,43812.57813,100857607,43410.35924,43107.1604,77.43957404,140.7393973,0,0.9225314284,1.491520233,
2025-06-30 13:30:00+00:00,44020.66016,44047.96094,43930.69141,43974.67188,0,43461.66039,43145.71646,76.8709939,140.453683,0,0.9645401867,0,
2025-06-30 14:30:00+00:00,43975.07031,44004.80859,43890.21094,43998.80078,59955581,43510.49133,43183.63132,76.14742119,140.5722656,0,0.9762145959,0.9161924896,
2025-06-30 15:30:00+00:00,43998.85156,44057.44141,43947.19922,43961.80078,49038432,43551.51946,43218.21663,73.19580091,141.0733817,-1,0.9539370086,0.749971983,0
2025-06-30 16:30:00+00:00,43961.96094,44017.07031,43958.55078,43998.62891,37821971,43592.16578,43252.90162,73.72043011,142.2670201,0,0.9716743833,0.5830579569,
2025-06-30 17:30:00+00:00,43998.78906,44000.37109,43889.16016,43945.62109,37590947,43624.29808,43283.68915,70.2127776,145.1199777,-1,0.9461444539,0.5854872664,0
2025-06-30 18:30:00+00:00,43945.39844,44066.69141,43916.30078,44049.25,69306709,43662.93007,43317.71408,72.67181959,151.6607143,1,0.9916370263,1.073951146,1
2025-06-30 19:30:00+00:00,44049.12109,44138.69141,44010.07813,44088.58984,79216750,43701.62641,43351.97522,72.66480484,154.4561942,0,0.9767785014,1.27897041,
2025-07-01 13:30:00+00:00,44061.48828,44320.10156,44013.53906,44313.80859,0,43757.27934,43394.72337,71.22969399,152.6685268,0,0.9973095024,0,
2025-07-01 14:30:00+00:00,44313.05859,44536.01172,44308.82031,44519.55078,111207787,43826.57674,43444.7157,73.54717234,161.6116071,0,0.9935570379,1.800050216,
2025-07-01 15:30:00+00:00,44519.37891,44604.14844,44464.03125,44542.03125,63953344,43891.61806,43493.48528,70.76576762,159.172154,0,0.9763183368,1.016362994,
2025-07-01 16:30:00+00:00,44541.89063,44558.28125,44412.01953,44529.55078,52878358,43949.61195,43539.53264,74.67807677,161.9807478,0,0.9715602615,0.8356885855,
2025-07-01 17:30:00+00:00,44532.80859,44573.05078,44497.39844,44520.08984,38786266,44001.47357,43583.11296,89.99479823,149.1830357,0,0.9679533575,0.6203248707,
2025-07-01 18:30:00+00:00,44519.96094,44586.62891,44492.05859,44567.16016,51282277,44052.89963,43626.84839,90.21960584,149.2795759,1,0.9858985242,0.8312257652,0
2025-07-01 19:30:00+00:00,44566.73047,44591.35938,44485.37891,44493.30859,61581034,44092.9368,43665.35773,82.34390138,143.2352121,0,0.9577432277,1.07929734,
2025-07-02 13:30:00+00:00,44455.66016,44500.28125,44354.01172,44429.5,123768672,44123.53346,43699.31961,73.83678082,136.8699777,0,0.93341673,2.077338912,
2025-07-02 14:30:00+00:00,44429.01953,44528.42969,44399.39063,44507.01953,82115861,44158.39583,43735.21738,75.22333892,137.9015067,1,0.9629704091,1.365782214,1
2025-07-02 15:30:00+00:00,44508.07031,44557.82031,44433.89844,44460.33984,50384494,44185.84528,43767.44505,74.50745443,138.8786272,0,0.9451741649,0.8416158845,
2025-07-02 16:30:00+00:00,44460.32813,44482.46875,44431.42969,44460.85156,36605208,44210.84586,43798.26312,73.56353426,138.344308,0,0.9453692535,0.6220520669,
2025-07-02 17:30:00+00:00,44460.37109,44477.05078,44421.26953,44469.53125,32199166,44234.36271,43828.09726,77.97252823,134.3850446,0,0.9388974881,0.5656168438,
2025-07-02 18:30:00+00:00,44469.37891,44492.83984,44456.28906,44466.25,45917625,44255.44337,43856.4596,74.93646285,126.2536272,0,0.9374081344,0.8474931862,
2025-07-02 19:30:00+00:00,44465.60156,44491.53125,44460.69141,44483.5,58442891,44276.17579,43884.32806,74.25633299,119.2698103,1,0.9426956744,1.023470398,1
2025-07-03 13:30:00+00:00,44565.75,44806.41016,44550.42188,44789.75,128795037,44322.86436,43924.56904,76.58693271,120.4375,0,0.9917209705,2.127273924,
2025-07-03 14:30:00+00:00,44790.17188,44876.87891,44776.96094,44807.26953,71925374,44366.90119,43963.80017,70.35235864,111.3465402,0,0.965288667,1.165935375,
2025-07-03 15:30:00+00:00,44806.69922,44846.01953,44800.48047,44823.48828,49786515,44408.40911,44002.00853,70.08737155,104.5909598,0,0.9733762907,0.799305514,
2025-07-07 13:30:00+00:00,44803.35938,44803.35938,44616.76953,44633.69141,0,44428.88932,44030.08333,55.93124561,108.9093192,0,0.8787323935,0,
2025-07-07 14:30:00+00:00,44633.35938,44644.92188,44501.32031,44513.78906,50311978,44436.60748,44051.58136,49.6812442,113.7628348,0,0.8189420251,0.8461777333,
2025-07-07 15:30:00+00:00,44510.26172,44528.16016,44290.85938,44376.55859,48541774,44431.14849,44066.02479,41.16358078,123.9578683,0,0.7505108332,0.8380225917,
2025-07-07 16:30:00+00:00,44376.53906,44406.82813,44271.5,44338.19141,34462682,44422.69784,44078.12108,42.56400461,126.0541295,0,0.7313786944,0.5777742176,
2025-07-07 17:30:00+00:00,44338.55859,44414.60156,44160.32031,44174.23047,36104237,44400.1099,44082.39261,38.83499458,133.7692522,0,0.6496181169,0.6459626922,
2025-07-07 18:30:00+00:00,44174.69922,44349.39844,44173.35156,44287.46094,37130437,44389.86909,44091.50676,40.68782245,137.1269531,0,0.7060814957,0.6806555495,
2025-07-07 19:30:00+00:00,44287.03125,44407.5,44285.73047,44407.5,46217157,44391.4719,44105.5509,47.89018414,136.9732143,0,0.7659400402,0.8524330121,
2025-07-08 13:30:00+00:00,44378.57813,44436.96094,44248.28906,44276.19922,95307606,44380.99256,44113.13527,43.32434226,146.8041295,0,0.7004657396,1.670773507,
2025-07-08 14:30:00+00:00,44277.35156,44374.26953,44221.48828,44260.64844,65060656,44370.05219,44119.69141,42.48568072,153.7327009,0,0.6927112044,1.126924739,
2025-07-08 15:30:00+00:00,44260.33984,44379.46094,44250.42969,44374.87891,36687199,44370.49098,44131.03308,46.95601704,160.3384487,1,0.7478055242,0.6494662695,1
2025-07-08 16:30:00+00:00,44374.48047,44385.05078,44201.37109,44256.10156,38356058,44360.09194,44136.59168,42.90433146,171.2555804,0,0.6789190827,0.7345427529,
2025-07-08 17:30:00+00:00,44256.19141,44299.16016,44221.76172,44265.62109,35799609,44351.50368,44142.32632,29.92834597,153.719029,0,0.6562935174,0.7174013694,
2025-07-08 18:30:00+00:00,44265.51172,44282.39844,44238.23828,44272,35052570,44344.27607,44148.0896,29.32530259,149.7363281,0,0.6401371136,0.7133903573,
2025-07-08 19:30:00+00:00,44271.66016,44284.94922,44209.55078,44239.55859,55912251,44334.7563,44152.15488,27.7249617,151.8691406,0,0.6115149711,1.116000941,
2025-07-09 13:30:00+00:00,44327.12891,44556.67969,44327.12891,44382.69922,0,44339.11475,44162.4013,40.07206383,159.7550223,0,0.6851653684,0,
2025-07-09 14:30:00+00:00,44381.69922,44381.69922,44225.87891,44291.12109,69445409,44334.75169,44168.12218,40.99054531,160.6992188,0,0.6227240134,1.398221116,
2025-07-09 15:30:00+00:00,44291.32031,44350.08984,44259.03125,44277.35156,44707154,44329.5335,44172.97682,45.54039579,150.2533482,0,0.613855308,0.9127600041,
2025-07-09 16:30:00+00:00,44277.35156,44380.32813,44261.23828,44341.96094,39794583,44330.66326,44180.48722,50.16554417,149.093471,0,0.6516025788,0.893654566,
2025-07-09 17:30:00+00:00,44341.14844,44429.01172,44298.92969,44379.26953,42015041,44335.08202,44189.32199,60.1316399,140.2220982,0,0.6371198159,0.97630735,
2025-07-09 18:30:00+00:00,44378.71875,44444.60156,44373.78125,44430.80078,41054452,44343.78372,44200.05438,57.54280664,132.7059152,0,0.6594061768,0.9637638127,
2025-07-09 19:30:00+00:00,44430.92188,44475.23828,44418.80859,44454.98828,60187870,44353.89323,44211.38478,52.77928919,128.0387835,0,0.6778740475,1.319694223,
2025-07-10 13:30:00+00:00,44427.75,44598.75,44372.92188,44559.41016,117275865,44372.57658,44226.85257,67.11357435,130.6928013,0,0.7576032331,2.395554174,
2025-07-10 14:30:00+00:00,44559.78906,44739.10938,44554.10938,44716.78125,62101114,44403.86792,44248.62718,73.52981478,132.9941406,0,0.877760711,1.251191071,
2025-07-10 15:30:00+00:00,44715.23047,44736.51953,44660.76172,44694.85156,42551650,44430.32098,44268.45938,68.24318606,129.1888951,0,0.8610167469,0.850385926,
2025-07-10 16:30:00+00:00,44694.64844,44742.42188,44673.92188,44721.82813,33264787,44456.82163,44288.6091,79.65791385,120.9617746,1,0.873960867,0.6666814587,0
2025-07-10 17:30:00+00:00,44721.78906,44775.46875,44716.33984,44758.51953,41181828,44484.24871,44309.49401,80.33833755,119.656808,0,0.8801689499,0.8220148406,
2025-07-10 18:30:00+00:00,44758.55078,44762.03906,44685.58984,44694.76172,37917026,44503.38626,44326.61702,74.30461673,121.9631696,-1,0.8156183757,0.7631692997,1
2025-07-10 19:30:00+00:00,44694.69141,44731.42188,44617.39844,44647.57031,52906287,44516.4939,44340.88161,73.06545713,124.7220982,0,0.7678401936,1.112327912,
2025-07-11 13:30:00+00:00,44480.76953,44480.76953,44275.30859,44417.01172,0,44507.45006,44344.26517,51.76525912,128.6607143,0,0.5344148448,0,
2025-07-11 14:30:00+00:00,44416.25,44433.92969,44316.53906,44332.26172,72762331,44491.52385,44343.73168,52.13151781,125.844308,0,0.4486110672,1.577869339,
2025-07-11 15:30:00+00:00,44333.60938,44388.10156,44275.25,44326.42188,49450057,44476.51458,44342.96236,52.56342236,127.4009487,0,0.4269523562,1.059591231,
2025-07-11 16:30:00+00:00,44325.85938,44372.96094,44294.39844,44371.21094,33160740,44466.94152,44344.21785,51.56032507,124.5061384,1,0.4166272347,0.7125664275,0
2025-07-11 17:30:00+00:00,44371.30078,44398.42969,44330.21094,44343.05859,37927797,44455.67944,44344.16633,48.04929168,120.0873326,0,0.3816799765,0.8124922274,
2025-07-11 18:30:00+00:00,44343.07813,44411.83984,44314.83984,44403.32031,41150222,44450.91952,44346.79539,48.53340338,121.9573103,0,0.3391209067,0.8956855488,
2025-07-11 19:30:00+00:00,44403.03906,44412.35938,44326.53906,44359.57813,53149849,44442.61575,44347.36351,45.01219129,124.0566406,0,0.2780760907,1.093613722,
2025-07-14 13:30:00+00:00,44346.14844,44441.26172,44237.28125,44311.5,110993086,44430.69614,44345.76958,36.22858829,122.4960938,0,0.2109802169,2.190180959,
2025-07-14 14:30:00+00:00,44311.39063,44397.48047,44298.21094,44397.48047,55624014,44427.67653,44348.06784,30.73482067,116.3724888,1,0.3309710585,1.085909594,0
2025-07-14 15:30:00+00:00,44397.48047,44427.19141,44345.12109,44363.10156,37454731,44421.80608,44348.73601,30.27993721,116.8233817,0,0.2829932566,0.7328769709,
2025-07-14 16:30:00+00:00,44362.71875,44433.10938,44334.53125,44425.89063,29929212,44422.1774,44352.1651,33.12709909,118.9718192,1,0.3706191159,0.5926324806,1
2025-07-14 17:30:00+00:00,44426.01172,44448.92188,44409.89844,44438.32813,27871124,44423.64565,44355.99457,31.22500492,117.5357143,0,0.3879763845,0.5591785298,
2025-07-14 18:30:00+00:00,44438.42188,44465.03906,44406.53125,44424.64063,35824516,44423.7361,44359.0455,33.17289208,116.2541853,-1,0.3688746668,0.7367538233,1
2025-07-14 19:30:00+00:00,44425.12891,44472.12891,44420.46875,44451.10938,46607832,44426.22458,44363.13723,37.4371784,111.7996652,0,0.4058133767,1.03362995,
2025-07-15 13:30:00+00:00,44459.83984,44504.26953,44251.48828,44255.26953,154804453,44410.68321,44358.34311,39.17671292,103.265346,-1,0.132507264,3.113112988,1
2025-07-15 14:30:00+00:00,44254.53906,44256.87109,44132.28906,44223.05859,68361231,44393.62643,44352.33047,42.13977237,103.7790179,0,0.1219054114,1.339968163,
2025-07-15 15:30:00+00:00,44222.48828,44243.44922,44130.26953,44141.16016,40431205,44370.67495,44342.94512,37.98117616,103.8024554,0,0.01458677772,0.7869763167,
2025-07-15 16:30:00+00:00,44141.21875,44171.37109,44068.48828,44130.30859,33753182,44348.82346,44333.49461,33.65161838,105.5396205,0,0.07647331697,0.661775911,
2025-07-15 17:30:00+00:00,44130.14844,44166.23828,44108.14063,44142.44141,36996089,44330.06146,44325.00335,36.08289886,104.8166853,1,0.09148191816,0.7260128562,1
2025-07-15 18:30:00+00:00,44142.03906,44163.41016,44055.75,44091.05078,41706697,44308.33322,44314.60546,28.06747036,105.578125,0,0.0429905475,0.8275480084,
2025-07-15 19:30:00+00:00,44091.07031,44127.57031,44011.01172,44016.30859,50618617,44281.78552,44301.34782,26.89623986,107.7737165,0,0.006343503523,0.9563521164,
2025-07-16 13:30:00+00:00,44152.73828,44236.89063,44030.46875,44059.25,110889805,44261.55502,44290.58792,32.9041003,108.9595424,0,0.0608801968,2.022236786,
2025-07-16 14:30:00+00:00,44056.92188,44147.03125,43845.19141,43978.71875,65425329,44235.84263,44276.72707,21.40780609,123.4288504,0,0.1435349841,1.175995701,
2025-07-16 15:30:00+00:00,43975.41016,44113.64844,43758.98047,44034.37891,55573458,44217.52775,44265.95604,28.18932494,142.9001116,0,0.2709312469,0.9791882247,
2025-07-16 16:30:00+00:00,44034.28906,44186.10156,43989.28125,44128.14844,33633331,44209.40236,44259.83126,31.02495419,149.9174107,0,0.3631797587,0.5948601166,
2025-07-16 17:30:00+00:00,44126.92969,44170.58984,44113.46094,44150.39063,28238726,44204.03765,44254.96723,31.87629697,151.2106585,0,0.3850611596,0.5052163404,
2025-07-16 18:30:00+00:00,44150.48047,44253.73828,44150.48047,44222.16016,34791573,44205.68515,44253.50914,38.12360524,154.4135045,0,0.4556665296,0.6328454814,
2025-07-16 19:30:00+00:00,44222.92188,44260.19141,44201.83984,44243.16016,47143776,44209.09197,44253.04918,37.72408418,154.8914621,0,0.4763258922,0.9103936742,
2025-07-17 13:30:00+00:00,44229.87891,44482.39844,44200.03906,44315.48828,113112141,44218.76436,44255.82425,54.16180727,157.0041853,0,0.5474807952,2.06943931,
2025-07-17 14:30:00+00:00,44315.87891,44382.82813,44245.46094,44382.82813,50244617,44233.67925,44261.46887,60.53058429,157.9174107,0,0.6137283309,0.9086179826,
2025-07-17 15:30:00+00:00,44382.39844,44471.83984,44376.48047,44382.30078,48312884,44247.1903,44266.83918,67.80354156,156.6445313,0,0.6132095411,0.8593994489,
2025-07-17 16:30:00+00:00,44382.96875,44406.21875,44353.41016,44403.41016,36251708,44261.3921,44272.909,69.86238324,153.0678013,0,0.6339765046,0.6400817599,
2025-07-17 17:30:00+00:00,44403.85938,44531.28125,44403.85938,44524.60938,37499105,44285.32095,44284.09568,73.98892687,158.0516183,0,0.7532097717,0.6611291466,
2025-07-17 18:30:00+00:00,44524.32813,44558.05078,44501.42969,44501.53906,42802465,44304.97714,44293.75983,76.71648014,154.405971,0,0.7305136788,0.7571701529,
2025-07-17 19:30:00+00:00,44501.19922,44534.89063,44479.37109,44502.42188,61641976,44322.92666,44303.0337,85.00385353,150.0460379,0,0.7313821713,1.188361622,
2025-07-18 13:30:00+00:00,44571.67969,44571.67969,44304.89844,44314.76953,134015154,44322.1851,44303.55529,65.22613533,153.3459821,-1,0.5467737039,2.429831575,0
2025-07-18 14:30:00+00:00,44314.94922,44365.55078,44279.01953,44326.21094,62555954,44322.55109,44304.56221,72.5646567,137.9667969,0,0.5580295211,1.111901667,
2025-07-18 15:30:00+00:00,44327.03906,44355.19141,44230,44239.80078,41258614,44315.02833,44301.68392,62.82696717,121.5756138,-1,0.4730210091,0.7284925614,0
2025-07-18 16:30:00+00:00,44240.92969,44294.10156,44224.58984,44254.23828,39840337,44309.50196,44299.57523,58.73912314,112.4821429,0,0.4872243209,0.7016884704,
2025-07-18 17:30:00+00:00,44255.05078,44308.12891,44242.03125,44258.69922,33191539,44304.88353,44297.75852,57.69642867,113.1227679,0,0.4916128983,0.5890031647,
2025-07-18 18:30:00+00:00,44258.94922,44326.71094,44253.83984,44319.23828,38978637,44306.18851,44298.71317,57.01027903,110.9458705,0,0.5511699671,0.6989169365,
2025-07-18 19:30:00+00:00,44319.53906,44357.44922,44289.42188,44342.08984,59531443,44309.45227,44300.64103,57.12493248,111.6369978,0,0.5736508583,1.11896711,
2025-07-21 13:30:00+00:00,44368.39844,44519.64063,44363.28906,44501.28125,0,44326.89127,44309.55837,61.89283125,104.1506696,0,0.7302600482,0,
2025-07-21 14:30:00+00:00,44499.98047,44563.03906,44462.96094,44556.32031,57545274,44347.74845,44320.52557,61.28312739,101.4871652,0,0.7844063315,1.150227704,
2025-07-21 15:30:00+00:00,44557.66016,44597.25,44549.55078,44553.78125,44750436,44366.47871,44330.89249,61.12318896,98.0828683,0,0.7819084547,0.8846526584,
2025-07-21 16:30:00+00:00,44553.82031,44601.85156,44549.05078,44591.35938,34968137,44386.9224,44342.46879,61.93642178,98.08231027,0,0.8188770314,0.6867028443,
2025-07-21 17:30:00+00:00,44592.21875,44597.87109,44545.42188,44548.23047,30625783,44401.58677,44351.61376,51.66528054,92.69503348,-1,0.7764477118,0.6038980469,1
2025-07-21 18:30:00+00:00,44547.98828,44550.51172,44395.98828,44404.67969,37557175,44401.86795,44353.97224,44.16301011,99.68805804,0,0.6437303092,0.7476420091,
2025-07-21 19:30:00+00:00,44406.25,44419.80859,44311.42188,44339.10938,49974747,44396.16262,44353.31167,40.87018047,103.4642857,0,0.5965695234,1.061546601,
2025-07-22 13:30:00+00:00,44338.62109,44463.89844,44272.60156,44375.39063,150999348,44394.27426,44354.29296,54.07937418,98.07254464,0,0.7313219789,2.897423856,
2025-07-22 14:30:00+00:00,44375.42969,44400.82813,44315.80859,44349.07031,59113278,44390.16481,44354.06084,51.5080764,97.96456473,0,0.7000950064,1.122651518,
2025-07-22 15:30:00+00:00,44347.12891,44381.80859,44305.26172,44342.85156,50068085,44385.86361,44353.56265,57.60290041,94.48995536,0,0.6927169505,0.9385558979,
2025-07-22 16:30:00+00:00,44343.26172,44473.19922,44341.76953,44466.28125,36962297,44393.1743,44358.57236,63.47674967,98.91266741,0,0.8391565288,0.6932289327,
2025-07-22 17:30:00+00:00,44466.37891,44470.60156,44387.78906,44414.51953,31490729,44395.11478,44361.05891,59.34174535,100.1065848,0,0.7777453366,0.5969416351,
2025-07-22 18:30:00+00:00,44413.03125,44509.91016,44409.71875,44489.58984,35705340,44403.70342,44366.77139,60.03802526,102.0580357,1,0.8668103348,0.6938921217,1
2025-07-22 19:30:00+00:00,44488.96094,44542.53125,44477.48047,44498.83984,52932653,44412.35218,44372.6411,59.38701799,101.8454241,0,0.8777847295,1.11666397,
2025-07-23 13:30:00+00:00,44661.12109,44784.64844,44638.44141,44725.01172,0,44440.77578,44388.30202,62.4031461,109.578125,0,0.9418557266,0,
2025-07-23 14:30:00+00:00,44725.14063,44735.42969,44675.92969,44731.92969,49161456,44467.24432,44403.57436,60.2841195,106.6796875,0,0.948600569,1.100551554,
2025-07-23 15:30:00+00:00,44732.26172,44926.55078,44690.44141,44885.44141,47370142,44505.26223,44424.99067,66.50441841,120.1375558,0,0.9647906644,1.051587273,
2025-07-23 16:30:00+00:00,44885.48047,44909.66016,44841.21094,44905.55859,31160775,44541.65281,44446.34925,65.9120313,121.2553013,0,0.9820206224,0.6933123339,
2025-07-23 17:30:00+00:00,44906.41016,44981.21875,44905.91016,44952.01953,45521383,44578.95888,44468.82348,70.38035978,122.9132254,0,0.976110044,1.005510235,
2025-07-23 18:30:00+00:00,44951.64063,44983.30859,44943.12109,44962.69141,40181571,44613.84365,44490.77317,82.52749505,114.7463728,0,0.9831604069,0.906942502,
2025-07-23 19:30:00+00:00,44963.28125,45015.64063,44950.32031,45015.64063,49414084,44650.37065,44514.10061,90.02514398,111.6702009,0,1,1.056417782,
2025-07-24 13:30:00+00:00,44776.41016,44862.87891,44674.57031,44827.07031,0,44666.43426,44528.01037,72.64235921,122.3683036,0,0.849943271,0,
2025-07-24 14:30:00+00:00,44830.44922,44912.26953,44819.39844,44854.51172,57957278,44683.53221,44542.52154,75.30894624,122.9291295,0,0.8717800469,1.300709208,
2025-07-24 15:30:00+00:00,44854.98828,44872.26953,44752.19922,44771.01172,42880760,44691.48489,44552.67666,69.89916888,126.0379464,-1,0.8053340794,0.9538841619,1
2025-07-24 16:30:00+00:00,44770.85156,44847.89844,44765.30859,44813.32813,36841465,44702.56155,44564.26117,67.44460938,122.5493862,0,0.8390077866,0.8139129025,
2025-07-24 17:30:00+00:00,44813.71875,44873.37109,44790.08984,44824.76172,34256064,44713.67065,44575.83897,71.49253854,122.5828683,0,0.8481061842,0.7595651557,
2025-07-24 18:30:00+00:00,44825.39063,44834.89063,44740.85938,44770.12109,36632920,44718.80251,44584.47374,65.01848661,122.1428571,-1,0.8046253555,0.8244626194,1
2025-07-24 19:30:00+00:00,44770.60156,44775.37109,44689.28906,44699.62891,54241852,44717.05946,44589.59174,60.08792244,123.6450893,0,0.748530486,1.369930318,
2025-07-25 13:30:00+00:00,44757.28125,44806.05078,44650.58984,44744.19922,0,44719.52671,44596.46319,51.17918187,114.3345424,0,0.7839977619,0,
2025-07-25 14:30:00+00:00,44744.64844,44828.66016,44735.98047,44767.82813,46066182,44723.91775,44604.07941,52.16176291,116.7045201,0,0.8028007025,1.26420524,
2025-07-25 15:30:00+00:00,44767.78906,44813.33984,44736.55859,44804.92188,37526540,44731.28176,44613.00574,44.36048261,105.3239397,0,0.8323184284,1.029053077,
2025-07-25 16:30:00+00:00,44804.57031,44858,44784.94922,44857.21094,28822316,44742.72986,44623.8593,46.75979496,105.6526228,0,0.8456391676,0.7932680776,
2025-07-25 17:30:00+00:00,44857.26953,44922.03125,44855.89844,44898.05078,34398466,44756.84995,44636.04559,46.35561746,104.9720982,0,0.8696602846,0.9484445207,
2025-07-25 18:30:00+00:00,44898.51172,44924.92969,44895.87891,44916.14063,31190239,44771.33092,44648.49426,46.88771539,104.1766183,0,0.8849923921,0.8865604776,
2025-07-25 19:30:00+00:00,44916.26172,44944.46094,44883.87109,44907.64844,49215471,44783.72342,44660.01222,42.32354085,103.8387277,0,0.8675919806,1.307463438,
2025-07-28 13:30:00+00:00,44946.98047,44946.98047,44793.76953,44931.85156,0,44797.18962,44672.09397,59.71940402,90.42020089,0,0.8972671628,0,
2025-07-28 14:30:00+00:00,44931.35156,44946.08984,44846.94922,44894.39063,48450486,44806.02607,44681.97382,53.63162276,90.86802455,0,0.8467228617,1.374954131,
2025-07-28 15:30:00+00:00,44893.51172,44945.42188,44888.08984,44925.30859,32458991,44816.86994,44692.7887,65.53943476,86.38671875,0,0.8858075444,0.9194451396,
2025-07-28 16:30:00+00:00,44925.21875,44925.21875,44801.26953,44802.78906,30002907,44815.58986,44697.67761,49.08621671,89.34737723,0,0.7309255391,0.8689724455,
2025-07-28 17:30:00+00:00,44802.94922,44833.51953,44739.96094,44771.66016,33542036,44811.59625,44700.96572,45.5479138,90.08147321,0,0.6915742016,0.9809074805,
2025-07-28 18:30:00+00:00,44771.41016,44806.51172,44756.26172,44777,42382991,44808.45113,44704.34502,50.62870852,86.95424107,0,0.6983245189,1.252328545,
2025-07-28 19:30:00+00:00,44775.44922,44841.62109,44767.91016,44838.12891,55146013,44811.14911,44710.29097,62.87885392,86.07059152,0,0.7756000968,1.506694956,
2025-07-29 13:30:00+00:00,44833.73828,44883.66016,44767.60156,44815.14063,0,44811.51198,44714.95096,56.87255444,83.25613839,0,0.74653966,0,
2025-07-29 14:30:00+00:00,44815.82813,44817.32031,44626.80859,44628.53906,67324369,44794.87808,44711.11043,39.74448944,90.24414063,0,0.5106489094,1.927686062,
2025-07-29 15:30:00+00:00,44628.42188,44676.58984,44601.82031,44658.69141,51675015,44782.49747,44708.78069,39.1222228,90.10044643,0,0.5487657339,1.448833162,
2025-07-29 16:30:00+00:00,44658.62109,44743.01953,44629.32813,44703.21094,34202365,44775.2896,44708.53315,38.41029621,93.00334821,0,0.6050447141,0.959017646,
2025-07-29 17:30:00+00:00,44703.60938,44717.87109,44584.21875,44608.69922,31909055,44760.14502,44704.09608,29.85170437,97.82617188,-1,0.4739704308,0.9006793195,1
2025-07-29 18:30:00+00:00,44608.64844,44637.73828,44593.48828,44611.01172,39057278,44746.58745,44699.959,28.27575466,98.91183036,0,0.4688520723,1.126591501,
2025-07-29 19:30:00+00:00,44611.12109,44647.96094,44568.82813,44638.66016,58023406,44736.77588,44697.23461,31.35737762,100.2363281,0,0.4926505378,1.544420005,
2025-07-30 13:30:00+00:00,44677.89844,44736.03906,44563.80078,44701.94922,90330580,44733.60982,44697.44415,34.8851782,101.5954241,0,0.5778264938,2.270586622,
2025-07-30 14:30:00+00:00,44702.37109,44729.01953,44552.42969,44575.25,50880766,44719.21347,44692.0133,31.22167162,107.1275112,-1,0.4073116109,1.25784831,1
2025-07-30 15:30:00+00:00,44575.64844,44688.5,44560.03906,44684.94922,37370866,44716.09854,44691.69934,37.05712098,112.2081473,0,0.5549474813,0.9142033998,
2025-07-30 16:30:00+00:00,44684.39844,44686.92969,44638.39063,44644.30078,31910613,44709.57147,44689.59273,40.64047023,106.8152902,0,0.5002418278,0.7830119633,
2025-07-30 17:30:00+00:00,44644.26953,44696.55078,44623.30078,44678.53125,35075590,44706.74963,44689.10111,44.52034329,105.3646763,0,0.5463100232,0.8565898574,
2025-07-30 18:30:00+00:00,44678.51172,44739.53125,44261.71094,44312.66016,66772019,44670.92332,44672.3704,30.81717161,135.9054129,0,0.06757821,1.596432613,
2025-07-30 19:30:00+00:00,44311.78906,44501.30859,44287.12109,44474.35156,55164072,44653.05316,44663.56957,36.12451241,145.9394531,0,0.2820430453,1.237307285,
2025-07-31 13:30:00+00:00,44665.82031,44665.82031,44435.67969,44523.25,151977294,44641.25287,44657.33314,39.08227016,154.0881696,0,0.3469011326,3.054186962,
2025-07-31 14:30:00+00:00,44524,44565.05078,44299.37109,44358.07813,81715549,44615.50971,44644.03292,39.71900169,159.4573103,0,0.1278198605,1.564738356,
2025-07-31 15:30:00+00:00,44356.96094,44489.91016,44355.58984,44484.14844,52583869,44603.56778,44636.92694,43.81606663,163.7109375,0,0.29503746,0.9855991228,
2025-07-31 16:30:00+00:00,44484.71875,44521.46094,44280.28125,44311.19141,51334158,44576.98811,44622.44981,37.26960674,172.8172433,-1,0.06563008404,0.9463949251,1
2025-07-31 17:30:00+00:00,44311.42188,44391.05859,44159.94922,44328.80078,62419396,44554.42562,44609.39874,40.43276472,179.7784598,0,0.1973276362,1.129893428,
2025-07-31 18:30:00+00:00,44328.03125,44385.08984,44213.64844,44217.64063,60160427,44523.8088,44591.98727,37.48536689,188.8635603,0,0.06742080828,1.084082325,
2025-07-31 19:30:00+00:00,44218.10938,44262.30859,44049.01172,44140.44922,77609532,44488.95793,44571.91891,34.63438259,198.4467076,0,0.09459421233,1.307112069,
2025-08-01 13:30:00+00:00,43781.76953,43781.76953,43340.67969,43592.23047,0,44407.43725,44528.3772,23.65486696,243.2703683,0,0.1501830733,0,
2025-08-01 14:30:00+00:00,43592.96875,43639.78125,43481.5,43487.23828,90949929,44323.7828,44482.10436,23.90120856,241.9626116,0,0.08749970848,1.568850452,
2025-08-01 15:30:00+00:00,43487.87109,43729.62109,43482.76172,43684.98828,62284295,44265.71057,44446.67698,26.98552549,250.4196429,0,0.2055621633,1.048973306,
2025-08-01 16:30:00+00:00,43685.10156,43688.14844,43460.5,43469.17188,61831464,44193.29796,44403.23231,24.97200467,263.2131696,-1,0.07671354276,1.015752729,0
2025-08-01 17:30:00+00:00,43469.12109,43568.16016,43420.19141,43554.96094,67942276,44135.26733,44365.53136,26.58435799,268.5502232,0,0.127932088,1.090272134,
2025-08-01 18:30:00+00:00,43554.82813,43654.25,43535.19922,43585.82031,64459036,44085.3176,44330.87753,32.39394507,242.9238281,0,0.1463560251,1.029062748,
2025-08-01 19:30:00+00:00,43585.57813,43669.98047,43532.17969,43583.51953,69910188,44039.69959,44297.66162,26.61594463,237.4676339,0,0.1449823923,1.134582092,
2025-08-04 13:30:00+00:00,43724.01953,44028.76953,43724.01953,44016.05078,0,44037.5497,44285.14558,38.91812541,252.8325893,0,0.4204512017,0,
2025-08-04 14:30:00+00:00,44018.62891,44110.08984,43974.78125,44047.80078,63134987,44038.48162,44274.59693,42.80097665,243.5203683,0,0.4402171138,1.04594388,
2025-08-04 15:30:00+00:00,44047.35938,44092.12891,44006.51953,44042.87891,46968541,44038.88137,44264.29835,39.15185388,240.0410156,0,0.4371530083,0.7685318582,
2025-08-04 16:30:00+00:00,44042.39063,44168,44039.5,44135.39844,36680261,44047.65565,44258.56946,45.50035695,231.9924665,1,0.4947508955,0.5994009662,1
2025-08-04 17:30:00+00:00,44136.10156,44149.12109,44050.14063,44083.10156,41290293,44050.878,44250.77089,43.82074573,222.5546875,0,0.4621935591,0.6890813861,
2025-08-04 18:30:00+00:00,44082.87109,44177.75,44078.37891,44143.32031,53756393,44059.28185,44245.99531,48.08171611,217.406808,1,0.4996826462,0.8981794279,1
2025-08-04 19:30:00+00:00,44143.85938,44188.35938,44119.14844,44177.35938,61641441,44070.01617,44242.94482,50.97439493,207.1149554,0,0.5208736105,1.113996542,
2025-08-05 13:30:00+00:00,44200.07031,44308.5,44018.32031,44063.05859,0,44069.38366,44234.94988,66.12330182,170.7156808,-1,0.4497158407,0,0
2025-08-05 14:30:00+00:00,44061.92188,44071.26172,43923.80859,44038.71094,71603801,44066.59523,44226.22815,69.98898445,169.9422433,0,0.434558246,1.371751311,
2025-08-05 15:30:00+00:00,44040.35938,44144.10938,44017.64844,44141.14063,44740247,44073.37209,44222.44648,67.76126667,161.3423549,0,0.4983256852,0.8625602745,
2025-08-05 16:30:00+00:00,44141.21094,44238.12109,44085.51172,44229.92969,37295623,44087.6046,44222.77907,82.87364626,155.9824219,0,0.5536011751,0.7368792532,
2025-08-05 17:30:00+00:00,44229.66016,44246.26953,44100.03906,44107.48047,35607400,44089.41149,44217.65469,73.14210359,155.8582589,0,0.4773706084,0.7210123369,
2025-08-05 18:30:00+00:00,44108.62109,44173.41016,44083.05078,44160.07031,42275718,44095.83502,44215.09538,73.62226993,153.8088728,0,0.5101103321,0.8877985231,
2025-08-05 19:30:00+00:00,44160,44165.66016,44097.71875,44112.07813,50586558,44097.31167,44210.51684,70.95499302,148.8189174,0,0.480232872,1.008746832,
2025-08-06 13:30:00+00:00,44196.60938,44211.39063,44017.71094,44052.30859,0,44093.22048,44203.48536,52.040592,130.8496094,0,0.4430234453,0,
2025-08-06 14:30:00+00:00,44051.91016,44255.41016,44030.23828,44242.01953,74180636,44106.74767,44205.19799,59.28055191,137.2684152,1,0.561438982,1.605806809,1
2025-08-06 15:30:00+00:00,44241.39844,44269.08984,44155.21875,44230.03906,58134473,44117.95598,44206.30204,58.88333908,139.2871094,0,0.5542070134,1.263507405,
2025-08-06 16:30:00+00:00,44230.71875,44271.05859,44179.60938,44220.21875,40744515,44127.25259,44206.92056,54.36887344,136.640625,0,0.5550756578,0.912520799,
2025-08-06 17:30:00+00:00,44220.62109,44290.08984,44215.94141,44259.96875,42976408,44139.3177,44209.27825,59.22925771,134.8669085,0,0.5957878801,0.9862318478,
2025-08-06 18:30:00+00:00,44259.67188,44268.19922,44201,44228.69141,45494753,44147.44258,44210.14106,54.59356753,132.5689174,0,0.575517148,1.074114177,
2025-08-06 19:30:00+00:00,44229.98047,44260.5,44184.91016,44191.16016,62221507,44151.4169,44209.29746,50.73979923,133.0245536,0,0.5511932821,1.368507885,
2025-08-07 13:30:00+00:00,44430.08984,44491.80859,44052,44074.53906,0,44144.42801,44203.3082,50.61389034,143.7123326,0,0.4756115776,0,
2025-08-07 14:30:00+00:00,44070.10156,44081.96875,43885.60156,43895.37109,61687626,44121.78647,44189.62211,43.42404725,147.2061942,0,0.3756441458,1.433066816,
2025-08-07 15:30:00+00:00,43894.21094,43952.05078,43852.35938,43944.67969,50737333,44105.68586,44178.73578,40.52522512,145.2940848,0,0.4307087206,1.159743969,
2025-08-07 16:30:00+00:00,43944.67969,43976.67188,43807.83984,43812.82031,44029635,44079.06171,44162.47287,30.68630714,146.452846,0,0.3366806036,1.003279693,
2025-08-07 17:30:00+00:00,43813.37109,43913.10156,43799.19922,43862.41016,41894572,44059.36612,44149.13675,37.83128511,144.1436942,0,0.372970573,0.9677071855,
2025-08-07 18:30:00+00:00,43862.10938,43914.26172,43841.12891,43883.82813,47045023,44043.40812,44137.34525,35.84530272,142.9132254,0,0.388281682,1.105308685,
2025-08-07 19:30:00+00:00,43883.98047,43977.19922,43883.98047,43977.19922,53262472,44037.38913,44130.22765,43.39590163,144.7296317,0,0.4550300749,1.177698052,
2025-08-08 13:30:00+00:00,44044.94922,44272.75,44044.94922,44200.75,0,44052.24012,44133.36198,56.2635776,152.0061384,0,0.6148402987,0,
2025-08-08 14:30:00+00:00,44200.82031,44243.89844,44068.87891,44084.83984,55458061,44055.20373,44131.20544,42.92720139,148.4238281,0,0.5319793581,1.314744828,
2025-08-08 15:30:00+00:00,44084.14063,44232.87109,44028.94141,44184.44922,57048456,44066.95332,44133.57183,48.09849815,154.8565848,0,0.6031873244,1.321506544,
2025-08-08 16:30:00+00:00,44184.03906,44207.78125,44130.69141,44182.12109,57324843,44077.42312,44135.72958,48.4009955,153.8309152,0,0.6015230127,1.295326524,
2025-08-08 17:30:00+00:00,44182.17969,44240.19141,44178.78906,44207.57031,41094808,44089.25468,44138.9225,47.7740533,152.9204799,0,0.61971595,0.9298291687,
2025-08-08 18:30:00+00:00,44207.60156,44235.94922,44186.10938,44214.85938,43580162,44100.67329,44142.29747,49.40017414,151.6805246,0,0.6249266977,0.9939423533,
2025-08-08 19:30:00+00:00,44215.07031,44215.92969,44110.01172,44182.91016,53977511,44108.14937,44144.10248,49.6404984,153.8468192,-1,0.6355781816,1.15969339,0
2025-08-11 13:30:00+00:00,44184.35938,44273.03125,44070.55859,44092.03125,0,44106.68408,44141.7882,50.77973185,136.8942522,0,0.5669976064,0,
2025-08-11 14:30:00+00:00,44092.46875,44110.73828,44004.57031,44028.21094,50417291,44099.55016,44136.74032,56.60019952,130.4514509,0,0.5615382897,1.187693506,
2025-08-11 15:30:00+00:00,44028.03906,44180.73047,44006.01172,44152.69922,44751321,44104.38189,44137.44961,59.61707246,135.8105469,1,0.6876968374,1.049266765,1
2025-08-11 16:30:00+00:00,44152.92969,44154.73828,43971.51953,44012.85156,30242090,44096.06095,44131.91192,59.1799564,136.8381696,-1,0.5692602885,0.7198205642,0
2025-08-11 17:30:00+00:00,44013.16016,44029.25,43974.55859,43988.01172,33688488,44086.2383,44125.51635,55.89817152,132.608817,0,0.5623453878,0.8132785951,
2025-08-11 18:30:00+00:00,43987.64063,44019.23828,43923.42969,44000.55859,40064020,44078.44923,44119.96267,55.5276447,134.2285156,0,0.5732450142,0.9937699505,
2025-08-11 19:30:00+00:00,44000.55078,44009.94141,43911.30859,43982.01172,56101526,44069.68219,44113.83152,50.24527175,134.6043527,0,0.5571331132,1.301047896,
2025-08-12 13:30:00+00:00,44050.53125,44432.57813,44050.53125,44403.10156,123246131,44099.99304,44126.68797,58.58444916,145.6768973,0,0.9229390985,2.667769854,
2025-08-12 14:30:00+00:00,44403.71094,44477.32813,44333.28906,44402.66016,57745736,44127.50823,44138.9534,64.94745738,143.4640067,0,0.9168094367,1.240547018,
2025-08-12 15:30:00+00:00,44403.69141,44453.87109,44394.78906,44439.60156,37446058,44155.88035,44152.31554,62.75178922,133.1177455,0,0.9512820139,0.8101800316,
2025-08-12 16:30:00+00:00,44440.07031,44460.89063,44409.17969,44425.39063,33006225,44180.38129,44164.45221,62.01521074,131.3049665,0,0.9380208068,0.7210533478,
2025-08-12 17:30:00+00:00,44425.96094,44497.58984,44416.07031,44451.92969,32741500,44205.0675,44177.22898,62.05605964,132.7419085,0,0.9576199903,0.7266227237,
2025-08-12 18:30:00+00:00,44450.92969,44454.28125,44411.62109,44419.03906,33482930,44224.51946,44187.9761,59.82548347,132.2290737,0,0.9186348095,0.7597521726,
2025-08-12 19:30:00+00:00,44418.89844,44470.30078,44412.66016,44456.14063,49607596,44245.57593,44199.89452,63.08344961,128.780692,1,0.9570656902,1.065655791,1
2025-08-13 13:30:00+00:00,44632.44141,44887.78906,44590.26953,44778.41016,128905122,44294.01541,44225.60633,76.90470285,145.1503906,0,0.9060132584,2.566624971,
2025-08-13 14:30:00+00:00,44778.28906,44811.16016,44684.30859,44781.26953,76324226,44338.31124,44250.30247,80.99993246,146.6277902,0,0.9021490676,1.491075089,
2025-08-13 15:30:00+00:00,44781.14063,44838.57813,44741.96875,44773.12109,48002595,44377.83941,44273.53885,78.24532825,141.0485491,0,0.8946637529,0.9463997654,
2025-08-13 16:30:00+00:00,44773.23047,44807.89844,44727.26953,44775.91016,43929523,44414.02766,44295.86647,89.69240585,133.7207031,0,0.8972258405,0.8636832432,
2025-08-13 17:30:00+00:00,44776.05859,44861.57031,44714.10156,44850.5,41924346,44453.70696,44320.51685,92.65669012,140.3476563,0,0.9657455352,0.8256040011,
2025-08-13 18:30:00+00:00,44850.89063,44911.39063,44850.89063,44893.19141,47664619,44493.66009,44345.96905,92.86931008,137.8535156,0,0.9836366127,0.9445165527,
2025-08-13 19:30:00+00:00,44894.26953,44949.12109,44884.76953,44928.48047,59923664,44533.18922,44371.85845,94.73542336,135.4048549,0,0.982050411,1.120890814,
2025-08-14 13:30:00+00:00,44890.83984,44890.83984,44700.98828,44798.03125,128909489,44557.26577,44390.79946,75.73801208,119.4709821,0,0.8686086011,2.246382848,
2025-08-14 14:30:00+00:00,44798.55078,44884.92188,44750.30859,44754.51953,56061992,44575.19793,44406.9648,71.71217556,118.7977121,0,0.8307697534,0.9674051309,
2025-08-14 15:30:00+00:00,44753.16016,44797.82031,44690.5,44722.44141,44980747,44588.5837,44420.98598,67.55857547,122.2433036,0,0.8028738365,0.7664408374,
2025-08-14 16:30:00+00:00,44716.23828,44817.01953,44698.28906,44816.14063,32828981,44609.27069,44438.54841,72.07861002,127.0304129,1,0.8843569536,0.5597930641,1
2025-08-14 17:30:00+00:00,44814.80078,44840.85156,44787.16016,44826.98828,36435403,44629.0632,44455.8124,71.57456217,125.0426897,0,0.893790339,0.623217094,
2025-08-14 18:30:00+00:00,44826.71094,44948.69922,44816.78125,44913.87109,38406446,44654.95483,44476.17057,76.79962427,131.4182478,0,0.9693457436,0.6670256254,
2025-08-14 19:30:00+00:00,44913.80859,44944.37891,44900.92188,44901.21094,51310947,44677.34174,44495.06125,74.76008762,130.4051339,0,0.9583361641,0.9505211952,
2025-08-15 13:30:00+00:00,45159.91016,45203.51953,44903.53906,44960.17969,155590079,44703.05428,44515.73318,64.30209185,121.1665737,0,0.8267205554,2.642758268,
2025-08-15 14:30:00+00:00,44958.64063,45007.46094,44913.89844,44957.71094,61784845,44726.20489,44535.37664,63.89140049,118.7887835,0,0.8249625876,1.028186907,
2025-08-15 15:30:00+00:00,44971.10156,45045.30078,44953.60156,45015.21094,54495610,44752.47817,44556.7026,67.68561693,118.438058,0,0.8659076622,0.8909529162,
2025-08-15 16:30:00+00:00,45015.96875,45044.96094,44996.64063,45036.94922,43951179,44778.33917,44578.0469,68.55618002,116.1303013,0,0.8813872369,0.7120365313,
2025-08-15 17:30:00+00:00,45037.17188,45088.98828,45006.48047,45053.28906,38041125,44803.33462,44599.16877,65.71703643,111.4902344,0,0.8930226477,0.6140228235,
2025-08-15 18:30:00+00:00,45053.35156,45055.35156,44959.32813,44985,45341171,44819.84965,44616.31683,56.84400571,113.999721,-1,0.8443948084,0.7343817034,1
2025-08-15 19:30:00+00:00,44985.19922,45005.67969,44932.23828,44950.35938,62123018,44831.71417,44631.16316,51.63257335,114.6489955,0,0.8197276262,1.063722982,
2025-08-18 13:30:00+00:00,44963.17188,44998.82813,44868.32031,44899.87109,0,44837.91026,44643.10574,58.62883848,107.7215402,0,0.7837755142,0,
2025-08-18 14:30:00+00:00,44898.46875,44993.30859,44882.69922,44926.25,58068170,44845.94114,44655.68993,64.9857175,106.0069754,0,0.8025596235,1.054087489,
2025-08-18 15:30:00+00:00,44926.51172,44955.82031,44906.28125,44948.60938,33699234,44855.27462,44668.70857,70.07663234,101.8797433,0,0.8184814718,0.6174615886,
2025-08-18 16:30:00+00:00,44947.55859,44957.55078,44896.67969,44936.76172,31864852,44862.68254,44680.62204,62.5278925,97.7469308,0,0.8100448949,0.5892814608,
2025-08-18 17:30:00+00:00,44936.12109,44985.89063,44868.82813,44884.07031,31927169,44864.62688,44689.66419,55.45452509,102.2734375,0,0.7725239634,0.5991526178,
2025-08-18 18:30:00+00:00,44883.89844,44919.30078,44874.98828,44903.64844,39936793,44868.17429,44699.1746,48.87896987,96.01590402,0,0.7798934547,0.7637870643,
2025-08-18 19:30:00+00:00,44903.51953,44949.5,44899.12891,44909.94922,44768287,44871.97201,44708.54236,50.9718059,96.50976563,0,0.7775205594,0.9311052388,
2025-08-19 13:30:00+00:00,44952.35938,45179.46094,44947.03906,45164.96094,0,44898.60737,44728.82763,65.85895621,94.1671317,0,0.9701607589,0,
2025-08-19 14:30:00+00:00,45164.35156,45207.39063,44972.46875,45003.87891,68943492,44908.17751,44741.05213,52.87026379,104.2642299,0,0.8429792916,1.483426484,
2025-08-19 15:30:00+00:00,45004.01172,45023.10938,44890.5,44896.67188,44090558,44907.13154,44747.96856,43.0593929,107.1863839,0,0.7602630524,0.9373208193,
2025-08-19 16:30:00+00:00,44896.58984,44932.75,44850.53906,44920.87891,47814147,44908.3813,44755.65347,43.22353177,109.6071429,0,0.7789401351,1.004333127,
2025-08-19 17:30:00+00:00,44920.69141,44932.64063,44825.48047,44835.94141,36363593,44901.79586,44759.22182,38.2517261,111.3680246,0,0.7134060887,0.7654572547,
2025-08-19 18:30:00+00:00,44835.82031,44880.89063,44816.5,44875.03906,42828504,44899.36342,44764.36925,43.86260967,109.1085379,0,0.7435721239,0.9096656,
2025-08-19 19:30:00+00:00,44875.57813,44932.17969,44841.78125,44922,52515872,44901.42129,44771.37506,48.43861566,110.3197545,0,0.7798051218,1.252528647,
2025-08-20 13:30:00+00:00,44922.69922,45033.75,44780.44922,44785.85156,0,44890.91495,44772.01846,44.26350648,119.0906808,-1,0.6747589641,0,0
2025-08-20 14:30:00+00:00,44784.76172,44971.82813,44767.96875,44958.30078,73796217,44897.04094,44780.29768,51.40588536,125.7513951,1,0.8078132111,1.854005391,1
2025-08-20 15:30:00+00:00,44958.44141,44964.71094,44832.05078,44927.76172,52213705,44899.83374,44786.85164,49.09204738,131.6886161,0,0.7842506111,1.298305958,
2025-08-20 16:30:00+00:00,44927.78906,44928.46094,44855.69922,44874.26953,36378622,44897.50972,44790.73688,47.37362262,132.5379464,0,0.7429783874,0.9064364614,
2025-08-20 17:30:00+00:00,44874.23047,44951.30078,44800.92188,44841.66016,38792485,44892.43248,44793.00013,48.18701302,134.9176897,0,0.7178184251,0.9745328621,
2025-08-20 18:30:00+00:00,44841.60156,45014.41016,44837.71094,44975.69922,41472501,44900.00219,44801.12009,52.80553654,144.3738839,1,0.8212370817,1.06960363,1
2025-08-20 19:30:00+00:00,44976.60156,45012.89063,44913.60938,44923.75,52591756,44902.16108,44806.57031,50.51893153,147.8674665,0,0.781155345,1.270231086,
2025-08-21 13:30:00+00:00,44808.21094,44879.05078,44579.03125,44851.96094,0,44897.59743,44808.58767,36.34985315,153.2393973,0,0.6927632734,0,
2025-08-21 14:30:00+00:00,44851.66016,44856.26172,44731.23047,44838.76172,47409039,44892.24873,44809.92874,41.73277319,145.390067,0,0.5782768021,1.209865503,
2025-08-21 15:30:00+00:00,44838.92188,44892.60938,44707.51172,44739.23828,39337184,44878.33869,44806.78694,42.05636212,149.1392299,0,0.4238845144,0.9943928759,
2025-08-21 16:30:00+00:00,44739.30078,44782.5,44657.82813,44692.41016,36756592,44861.43609,44801.70353,38.72941974,152.172154,0,0.3548316058,0.9235216179,
2025-08-21 17:30:00+00:00,44692.48828,44821.08984,44686.60156,44771.21875,32931955,44853.23452,44800.34865,46.78774578,154.1241629,0,0.4518866859,0.834772289,
2025-08-21 18:30:00+00:00,44771.44141,44834.08984,44746.28125,44793.76172,33770220,44847.8279,44800.0559,45.8987247,155.796875,0,0.4802152005,0.8681218606,
2025-08-21 19:30:00+00:00,44794.07813,44807.55078,44752.60938,44786.14063,43550801,44842.21997,44799.43744,42.86107211,153.2642299,0,0.4699460804,1.060201255,
2025-08-22 13:30:00+00:00,44952.87891,45548.05078,44952.87891,45509.12891,0,44902.84805,44830.97928,73.5077763,189.593471,0,0.9598337559,0,
2025-08-22 14:30:00+00:00,45507.44922,45699.80859,45507.44922,45699.76172,71987698,44975.29475,44869.59184,73.81725557,188.7720424,0,0.9999581763,1.844630199,
2025-08-22 15:30:00+00:00,45700.94141,45757.83984,45662.62891,45666.82813,49307410,45038.16142,44905.02456,73.70387353,186.0970982,0,0.922793472,1.261052381,
2025-08-22 16:30:00+00:00,45665.69141,45713.37891,45652.46094,45691.64844,40103227,45097.56933,44939.98562,76.70675145,185.2511161,0,0.943848894,1.020771086,
2025-08-22 17:30:00+00:00,45691.66016,45715.80859,45615.92969,45616.75,37259202,45144.76757,44970.06404,74.64398292,181.6439732,-1,0.8803114903,0.9551504867,
2025-08-22 18:30:00+00:00,45619.89063,45660.12891,45607.35156,45618.46094,40527037,45187.83061,44998.88168,72.31430176,172.7924107,0,0.8817629028,1.055136527,
2025-08-22 19:30:00+00:00,45617.92188,45659.23828,45589.19141,45626.64063,53924823,45227.72243,45026.78208,75.16657436,170.7042411,1,0.8887018474,1.311863179,