date,open,high,low,close
2024-11-06 14:00:00,1.39200,1.39360,1.39110,1.39285
2024-11-06 15:00:00,1.39290,1.39300,1.39040,1.39050
2024-11-06 16:00:00,1.39050,1.39175,1.38930,1.39170
2024-11-06 17:00:00,1.39170,1.39390,1.39160,1.39280
2024-11-06 18:00:00,1.39280,1.39290,1.39120,1.39285
2024-11-06 19:00:00,1.39275,1.39320,1.38870,1.38940
2024-11-06 20:00:00,1.38930,1.39065,1.38920,1.39035
2024-11-06 21:00:00,1.39040,1.39085,1.38850,1.38930
2024-11-06 22:00:00,1.38930,1.39235,1.38885,1.39175
2024-11-06 23:00:00,1.39180,1.39215,1.39030,1.39175
2024-11-07 00:00:00,1.39190,1.39470,1.39180,1.39380
2024-11-07 01:00:00,1.39380,1.39590,1.39370,1.39425
2024-11-07 02:00:00,1.39420,1.39480,1.39200,1.39220
2024-11-07 03:00:00,1.39210,1.39380,1.39155,1.39320
2024-11-07 04:00:00,1.39315,1.39440,1.39230,1.39405
2024-11-07 05:00:00,1.39415,1.39420,1.39250,1.39350
2024-11-07 06:00:00,1.39335,1.39395,1.39300,1.39330
2024-11-07 07:00:00,1.39330,1.39395,1.39310,1.39380
2024-11-07 08:00:00,1.39390,1.39435,1.39355,1.39400
2024-11-07 09:00:00,1.39390,1.39455,1.39375,1.39430
2024-11-07 10:00:00,1.39440,1.39480,1.39390,1.39470
2024-11-07 11:00:00,1.39485,1.39485,1.39385,1.39405
2024-11-07 12:00:00,1.39405,1.39430,1.39315,1.39315
2024-11-07 13:00:00,1.39310,1.39320,1.39000,1.39020
2024-11-07 14:00:00,1.39005,1.39030,1.38905,1.38925
2024-11-07 15:00:00,1.38915,1.38985,1.38900,1.38950
2024-11-07 16:00:00,1.38945,1.38965,1.38880,1.38915
2024-11-07 17:00:00,1.38915,1.38945,1.38855,1.38855
2024-11-07 18:00:00,1.38850,1.38890,1.38780,1.38880
2024-11-07 19:00:00,1.38870,1.38875,1.38705,1.38765
2024-11-07 20:00:00,1.38785,1.38930,1.38765,1.38915
2024-11-07 21:00:00,1.38910,1.38920,1.38830,1.38845
2024-11-07 22:00:00,1.38850,1.38945,1.38850,1.38930
2024-11-07 23:00:00,1.38930,1.38980,1.38880,1.38895
2024-11-08 00:00:00,1.38890,1.38940,1.38705,1.38815
2024-11-08 01:00:00,1.38800,1.38850,1.38570,1.38605
2024-11-08 02:00:00,1.38605,1.38710,1.38570,1.38650
2024-11-08 03:00:00,1.38650,1.38765,1.38630,1.38670
2024-11-08 04:00:00,1.38660,1.38700,1.38500,1.38500
2024-11-08 05:00:00,1.38500,1.38640,1.38500,1.38630
2024-11-08 06:00:00,1.38620,1.38780,1.38570,1.38635
2024-11-08 07:00:00,1.38620,1.38640,1.38420,1.38620
2024-11-08 08:00:00,1.38620,1.38650,1.38595,1.38615
2024-11-08 09:00:00,1.38615,1.38670,1.38580,1.38640
2024-11-08 10:00:00,1.38640,1.38690,1.38620,1.38690
2024-11-08 11:00:00,1.38685,1.38775,1.38670,1.38745
2024-11-08 12:00:00,1.38740,1.38785,1.38705,1.38755
2024-11-08 13:00:00,1.38745,1.38840,1.38715,1.38825
2024-11-08 14:00:00,1.38830,1.38850,1.38785,1.38835
2024-11-08 15:00:00,1.38835,1.38860,1.38785,1.38845
2024-11-08 16:00:00,1.38835,1.38860,1.38800,1.38810
2024-11-08 17:00:00,1.38810,1.38890,1.38795,1.38825
2024-11-08 18:00:00,1.38830,1.38905,1.38810,1.38865
2024-11-08 19:00:00,1.38860,1.39000,1.38845,1.38895
2024-11-08 20:00:00,1.38890,1.38905,1.38815,1.38875
2024-11-08 21:00:00,1.38880,1.38975,1.38870,1.38925
2024-11-08 22:00:00,1.38910,1.38995,1.38830,1.38980
2024-11-08 23:00:00,1.38970,1.39100,1.38970,1.39090
2024-11-09 00:00:00,1.39100,1.39200,1.39010,1.39150
2024-11-09 01:00:00,1.39155,1.39155,1.38970,1.39000
2024-11-09 02:00:00,1.39010,1.39060,1.38930,1.38980
2024-11-09 03:00:00,1.38980,1.39230,1.38970,1.39225
2024-11-09 04:00:00,1.39235,1.39280,1.39165,1.39170
2024-11-09 05:00:00,1.39185,1.39260,1.39125,1.39210
2024-11-09 06:00:00,1.39205,1.39240,1.39130,1.39130
2024-11-09 07:00:00,1.39135,1.39195,1.39120,1.39150
2024-11-09 08:00:00,1.39150,1.39155,1.39045,1.39090
2024-11-11 09:00:00,1.39130,1.39210,1.39090,1.39110
2024-11-11 10:00:00,1.39120,1.39130,1.39060,1.39110
2024-11-11 11:00:00,1.39110,1.39140,1.39050,1.39115
2024-11-11 12:00:00,1.39125,1.39160,1.39090,1.39140
2024-11-11 13:00:00,1.39145,1.39205,1.39120,1.39170
2024-11-11 14:00:00,1.39165,1.39210,1.39150,1.39205
2024-11-11 15:00:00,1.39205,1.39270,1.39190,1.39225
2024-11-11 16:00:00,1.39225,1.39230,1.39160,1.39175
2024-11-11 17:00:00,1.39185,1.39190,1.39110,1.39130
2024-11-11 18:00:00,1.39135,1.39250,1.39110,1.39225
2024-11-11 19:00:00,1.39235,1.39320,1.39195,1.39240
2024-11-11 20:00:00,1.39240,1.39350,1.39240,1.39265
2024-11-11 21:00:00,1.39275,1.39315,1.39225,1.39315
2024-11-11 22:00:00,1.39315,1.39380,1.39250,1.39275
2024-11-11 23:00:00,1.39260,1.39380,1.39260,1.39365
2024-11-12 00:00:00,1.39370,1.39510,1.39360,1.39450
2024-11-12 01:00:00,1.39460,1.39485,1.39340,1.39360
2024-11-12 02:00:00,1.39350,1.39370,1.39275,1.39290
2024-11-12 03:00:00,1.39305,1.39310,1.39150,1.39185
2024-11-12 04:00:00,1.39180,1.39260,1.39140,1.39245
2024-11-12 05:00:00,1.39250,1.39310,1.39240,1.39265
2024-11-12 06:00:00,1.39265,1.39300,1.39230,1.39260
2024-11-12 07:00:00,1.39255,1.39310,1.39240,1.39250
2024-11-12 08:00:00,1.39245,1.39285,1.39225,1.39245
2024-11-12 09:00:00,1.39250,1.39285,1.39230,1.39235
2024-11-12 10:00:00,1.39240,1.39280,1.39205,1.39210
2024-11-12 11:00:00,1.39210,1.39265,1.39170,1.39220
2024-11-12 12:00:00,1.39215,1.39330,1.39200,1.39330
2024-11-12 13:00:00,1.39325,1.39450,1.39325,1.39425
2024-11-12 14:00:00,1.39425,1.39470,1.39375,1.39455
2024-11-12 15:00:00,1.39465,1.39485,1.39430,1.39430
2024-11-12 16:00:00,1.39420,1.39490,1.39420,1.39470
2024-11-12 17:00:00,1.39485,1.39520,1.39455,1.39475
2024-11-12 18:00:00,1.39470,1.39585,1.39460,1.39515
2024-11-12 19:00:00,1.39555,1.39620,1.39500,1.39530
2024-11-12 20:00:00,1.39525,1.39615,1.39495,1.39605
2024-11-12 21:00:00,1.39615,1.39675,1.39580,1.39625
2024-11-12 22:00:00,1.39620,1.39630,1.39545,1.39580
2024-11-12 23:00:00,1.39580,1.39590,1.39380,1.39400
2024-11-13 00:00:00,1.39390,1.39420,1.39260,1.39265
2024-11-13 01:00:00,1.39265,1.39495,1.39250,1.39405
2024-11-13 02:00:00,1.39410,1.39480,1.39300,1.39410
2024-11-13 03:00:00,1.39405,1.39575,1.39390,1.39565
2024-11-13 04:00:00,1.39570,1.39600,1.39440,1.39535
2024-11-13 05:00:00,1.39540,1.39580,1.39480,1.39490
2024-11-13 06:00:00,1.39480,1.39495,1.39420,1.39465
2024-11-13 07:00:00,1.39465,1.39465,1.39390,1.39395
2024-11-13 08:00:00,1.39395,1.39480,1.39390,1.39440
2024-11-13 09:00:00,1.39460,1.39480,1.39415,1.39465
2024-11-13 10:00:00,1.39460,1.39520,1.39445,1.39455
2024-11-13 11:00:00,1.39455,1.39530,1.39450,1.39490
2024-11-13 12:00:00,1.39485,1.39500,1.39405,1.39455
2024-11-13 13:00:00,1.39460,1.39535,1.39445,1.39465
2024-11-13 14:00:00,1.39475,1.39545,1.39460,1.39535
2024-11-13 15:00:00,1.39530,1.39545,1.39505,1.39535
2024-11-13 16:00:00,1.39535,1.39570,1.39525,1.39555
2024-11-13 17:00:00,1.39565,1.39600,1.39545,1.39545
2024-11-13 18:00:00,1.39575,1.39610,1.39530,1.39590
2024-11-13 19:00:00,1.39590,1.39625,1.39520,1.39570
2024-11-13 20:00:00,1.39570,1.39595,1.39450,1.39485
2024-11-13 21:00:00,1.39485,1.39605,1.39485,1.39555
2024-11-13 22:00:00,1.39580,1.39625,1.39500,1.39510
2024-11-13 23:00:00,1.39505,1.39600,1.39480,1.39565
2024-11-14 00:00:00,1.39560,1.39630,1.39310,1.39470
2024-11-14 01:00:00,1.39480,1.39895,1.39480,1.39865
2024-11-14 02:00:00,1.39860,1.39990,1.39700,1.39700
2024-11-14 03:00:00,1.39690,1.39870,1.39690,1.39850
2024-11-14 04:00:00,1.39860,1.39900,1.39765,1.39825
2024-11-14 05:00:00,1.39820,1.39900,1.39810,1.39855
2024-11-14 06:00:00,1.39840,1.39990,1.39820,1.39985
2024-11-14 07:00:00,1.39985,1.40000,1.39960,1.40000
2024-11-14 08:00:00,1.39995,1.40030,1.39950,1.39980
2024-11-14 09:00:00,1.39960,1.39995,1.39950,1.39960
2024-11-14 10:00:00,1.39950,1.39970,1.39920,1.39925
2024-11-14 11:00:00,1.39930,1.39980,1.39885,1.39895
2024-11-14 12:00:00,1.39900,1.40020,1.39900,1.40015
2024-11-14 13:00:00,1.40020,1.40090,1.40000,1.40075
2024-11-14 14:00:00,1.40085,1.40110,1.40020,1.40105
2024-11-14 15:00:00,1.40110,1.40150,1.40105,1.40135
2024-11-14 16:00:00,1.40135,1.40200,1.40135,1.40140
2024-11-14 17:00:00,1.40140,1.40170,1.40075,1.40135
2024-11-14 18:00:00,1.40150,1.40150,1.39955,1.39995
2024-11-14 19:00:00,1.39980,1.40020,1.39930,1.39985
2024-11-14 20:00:00,1.39985,1.40080,1.39940,1.40040
2024-11-14 21:00:00,1.40050,1.40180,1.40040,1.40130
2024-11-14 22:00:00,1.40125,1.40185,1.40025,1.40035
2024-11-14 23:00:00,1.40035,1.40160,1.40035,1.40140
2024-11-15 00:00:00,1.40150,1.40210,1.39980,1.40145
2024-11-15 01:00:00,1.40150,1.40270,1.40030,1.40270
2024-11-15 02:00:00,1.40265,1.40360,1.40100,1.40125
2024-11-15 03:00:00,1.40125,1.40285,1.40070,1.40270
2024-11-15 04:00:00,1.40260,1.40350,1.40245,1.40295
2024-11-15 05:00:00,1.40280,1.40395,1.40265,1.40370
2024-11-15 06:00:00,1.40375,1.40390,1.40330,1.40365
2024-11-15 07:00:00,1.40380,1.40650,1.40370,1.40590
2024-11-15 08:00:00,1.40590,1.40625,1.40540,1.40600
2024-11-15 09:00:00,1.40590,1.40595,1.40520,1.40590
2024-11-15 10:00:00,1.40580,1.40720,1.40580,1.40615
2024-11-15 11:00:00,1.40615,1.40700,1.40610,1.40655
2024-11-15 12:00:00,1.40650,1.40670,1.40580,1.40665
2024-11-15 13:00:00,1.40660,1.40675,1.40545,1.40560
2024-11-15 14:00:00,1.40570,1.40610,1.40540,1.40585
2024-11-15 15:00:00,1.40595,1.40625,1.40555,1.40615
2024-11-15 16:00:00,1.40625,1.40650,1.40605,1.40635
2024-11-15 17:00:00,1.40640,1.40685,1.40520,1.40540
2024-11-15 18:00:00,1.40550,1.40620,1.40525,1.40615
2024-11-15 19:00:00,1.40620,1.40640,1.40470,1.40480
2024-11-15 20:00:00,1.40475,1.40510,1.40380,1.40500
2024-11-15 21:00:00,1.40490,1.40515,1.40380,1.40420
2024-11-15 22:00:00,1.40415,1.40470,1.40330,1.40390
2024-11-15 23:00:00,1.40385,1.40460,1.40365,1.40435
2024-11-16 00:00:00,1.40420,1.40660,1.40340,1.40625
2024-11-16 01:00:00,1.40630,1.40855,1.40575,1.40850
2024-11-16 02:00:00,1.40865,1.41060,1.40785,1.40785
2024-11-16 03:00:00,1.40785,1.40850,1.40640,1.40770
2024-11-16 04:00:00,1.40760,1.40845,1.40700,1.40810
2024-11-16 05:00:00,1.40820,1.40880,1.40755,1.40860
2024-11-16 06:00:00,1.40865,1.40930,1.40810,1.40925
2024-11-16 07:00:00,1.40925,1.41010,1.40895,1.40900
2024-11-16 08:00:00,1.40895,1.40960,1.40870,1.40900
2024-11-18 09:00:00,1.40930,1.40930,1.40875,1.40895
2024-11-18 10:00:00,1.40890,1.40915,1.40815,1.40885
2024-11-18 11:00:00,1.40870,1.40900,1.40770,1.40770
2024-11-18 12:00:00,1.40775,1.40790,1.40700,1.40745
2024-11-18 13:00:00,1.40745,1.40790,1.40700,1.40765
2024-11-18 14:00:00,1.40765,1.40895,1.40740,1.40860
2024-11-18 15:00:00,1.40850,1.40865,1.40760,1.40790
2024-11-18 16:00:00,1.40790,1.40895,1.40785,1.40865
2024-11-18 17:00:00,1.40870,1.40890,1.40830,1.40850
2024-11-18 18:00:00,1.40860,1.41015,1.40860,1.40960
2024-11-18 19:00:00,1.40950,1.41025,1.40870,1.41005
2024-11-18 20:00:00,1.41010,1.41030,1.40835,1.40875
2024-11-18 21:00:00,1.40885,1.40920,1.40870,1.40895
2024-11-18 22:00:00,1.40900,1.41020,1.40890,1.40980
2024-11-18 23:00:00,1.40980,1.40990,1.40870,1.40930
2024-11-19 00:00:00,1.40940,1.40990,1.40790,1.40840
2024-11-19 01:00:00,1.40840,1.40845,1.40680,1.40745
2024-11-19 02:00:00,1.40750,1.40755,1.40435,1.40500
2024-11-19 03:00:00,1.40485,1.40520,1.40290,1.40290
2024-11-19 04:00:00,1.40295,1.40340,1.40105,1.40135
2024-11-19 05:00:00,1.40150,1.40180,1.40070,1.40075
2024-11-19 06:00:00,1.40070,1.40240,1.40045,1.40195
2024-11-19 07:00:00,1.40190,1.40215,1.40130,1.40135
2024-11-19 08:00:00,1.40140,1.40210,1.40110,1.40150
2024-11-19 09:00:00,1.40145,1.40210,1.40125,1.40195
2024-11-19 10:00:00,1.40190,1.40230,1.40160,1.40230
2024-11-19 11:00:00,1.40220,1.40300,1.40205,1.40260
2024-11-19 12:00:00,1.40260,1.40275,1.40190,1.40200
2024-11-19 13:00:00,1.40210,1.40250,1.40165,1.40220
2024-11-19 14:00:00,1.40220,1.40220,1.40110,1.40130
2024-11-19 15:00:00,1.40130,1.40220,1.40090,1.40220
2024-11-19 16:00:00,1.40210,1.40240,1.40210,1.40215
2024-11-19 17:00:00,1.40220,1.40220,1.40140,1.40160
2024-11-19 18:00:00,1.40170,1.40260,1.40150,1.40215
2024-11-19 19:00:00,1.40220,1.40240,1.40030,1.40210
2024-11-19 20:00:00,1.40220,1.40370,1.40170,1.40280
2024-11-19 21:00:00,1.40290,1.40310,1.40175,1.40210
2024-11-19 22:00:00,1.40210,1.40270,1.40150,1.40240
2024-11-19 23:00:00,1.40240,1.40260,1.40155,1.40200
2024-11-20 00:00:00,1.40190,1.40270,1.39760,1.40055
2024-11-20 01:00:00,1.40080,1.40120,1.39840,1.39990
2024-11-20 02:00:00,1.40000,1.40020,1.39740,1.39760
2024-11-20 03:00:00,1.39770,1.39820,1.39680,1.39815
2024-11-20 04:00:00,1.39810,1.39815,1.39700,1.39795
2024-11-20 05:00:00,1.39790,1.39850,1.39695,1.39700
2024-11-20 06:00:00,1.39690,1.39720,1.39650,1.39660
2024-11-20 07:00:00,1.39670,1.39710,1.39620,1.39645
2024-11-20 08:00:00,1.39640,1.39650,1.39555,1.39560
2024-11-20 09:00:00,1.39570,1.39625,1.39570,1.39590
2024-11-20 10:00:00,1.39590,1.39590,1.39515,1.39560
2024-11-20 11:00:00,1.39560,1.39590,1.39510,1.39570
2024-11-20 12:00:00,1.39560,1.39630,1.39540,1.39600
2024-11-20 13:00:00,1.39600,1.39620,1.39565,1.39590
2024-11-20 14:00:00,1.39590,1.39675,1.39560,1.39650
2024-11-20 15:00:00,1.39650,1.39670,1.39560,1.39570
2024-11-20 16:00:00,1.39580,1.39605,1.39560,1.39600
2024-11-20 17:00:00,1.39600,1.39620,1.39505,1.39550
2024-11-20 18:00:00,1.39560,1.39650,1.39520,1.39645
2024-11-20 19:00:00,1.39645,1.39725,1.39620,1.39720
2024-11-20 20:00:00,1.39720,1.39805,1.39670,1.39785
2024-11-20 21:00:00,1.39785,1.39965,1.39770,1.39910
2024-11-20 22:00:00,1.39915,1.40000,1.39905,1.39930
2024-11-20 23:00:00,1.39940,1.39960,1.39770,1.39775
2024-11-21 00:00:00,1.39770,1.39915,1.39755,1.39880
2024-11-21 01:00:00,1.39875,1.40070,1.39815,1.40055
2024-11-21 02:00:00,1.40060,1.40150,1.39985,1.40055
2024-11-21 03:00:00,1.40050,1.40125,1.39940,1.39965
2024-11-21 04:00:00,1.39970,1.40020,1.39830,1.39900
2024-11-21 05:00:00,1.39900,1.39970,1.39860,1.39885
2024-11-21 06:00:00,1.39880,1.39915,1.39805,1.39845
2024-11-21 07:00:00,1.39840,1.39890,1.39805,1.39805
2024-11-21 08:00:00,1.39820,1.39830,1.39750,1.39755
2024-11-21 09:00:00,1.39760,1.39765,1.39745,1.39765
2024-11-21 10:00:00,1.39750,1.39760,1.39685,1.39690
2024-11-21 11:00:00,1.39695,1.39725,1.39650,1.39680
2024-11-21 12:00:00,1.39690,1.39730,1.39670,1.39715
2024-11-21 13:00:00,1.39720,1.39730,1.39680,1.39720
2024-11-21 14:00:00,1.39720,1.39740,1.39675,1.39680
2024-11-21 15:00:00,1.39685,1.39690,1.39640,1.39650
2024-11-21 16:00:00,1.39655,1.39710,1.39640,1.39710
2024-11-21 17:00:00,1.39710,1.39720,1.39630,1.39690
2024-11-21 18:00:00,1.39685,1.39730,1.39615,1.39625
2024-11-21 19:00:00,1.39625,1.39650,1.39555,1.39565
2024-11-21 20:00:00,1.39585,1.39790,1.39585,1.39765
2024-11-21 21:00:00,1.39755,1.39775,1.39670,1.39695
2024-11-21 22:00:00,1.39695,1.39710,1.39580,1.39635
2024-11-21 23:00:00,1.39650,1.39670,1.39545,1.39610
2024-11-22 00:00:00,1.39620,1.39745,1.39580,1.39625
2024-11-22 01:00:00,1.39630,1.39690,1.39470,1.39495
2024-11-22 02:00:00,1.39485,1.39495,1.39315,1.39475
2024-11-22 03:00:00,1.39480,1.39665,1.39460,1.39615
2024-11-22 04:00:00,1.39615,1.39695,1.39540,1.39570
2024-11-22 05:00:00,1.39570,1.39625,1.39535,1.39600
2024-11-22 06:00:00,1.39610,1.39700,1.39590,1.39640
2024-11-22 07:00:00,1.39640,1.39725,1.39625,1.39680
2024-11-22 08:00:00,1.39685,1.39780,1.39680,1.39740
2024-11-22 09:00:00,1.39685,1.39740,1.39685,1.39740
2024-11-22 10:00:00,1.39730,1.39850,1.39730,1.39845
2024-11-22 11:00:00,1.39840,1.39840,1.39700,1.39710
2024-11-22 12:00:00,1.39700,1.39710,1.39630,1.39680
2024-11-22 13:00:00,1.39690,1.39780,1.39670,1.39710
2024-11-22 14:00:00,1.39710,1.39720,1.39650,1.39700
2024-11-22 15:00:00,1.39710,1.39760,1.39685,1.39750
2024-11-22 16:00:00,1.39750,1.39860,1.39750,1.39840
2024-11-22 17:00:00,1.39840,1.39855,1.39810,1.39835
2024-11-22 18:00:00,1.39860,1.39865,1.39690,1.39700
2024-11-22 19:00:00,1.39710,1.39780,1.39580,1.39755
2024-11-22 20:00:00,1.39770,1.40210,1.39760,1.40045
2024-11-22 21:00:00,1.40040,1.40125,1.39840,1.39880
2024-11-22 22:00:00,1.39880,1.40020,1.39870,1.39950
2024-11-22 23:00:00,1.39940,1.40005,1.39840,1.39850
2024-11-23 00:00:00,1.39845,1.39900,1.39670,1.39730
2024-11-23 01:00:00,1.39730,1.39860,1.39630,1.39830
2024-11-23 02:00:00,1.39820,1.39860,1.39685,1.39785
2024-11-23 03:00:00,1.39770,1.39940,1.39770,1.39860
2024-11-23 04:00:00,1.39860,1.39860,1.39760,1.39770
2024-11-23 05:00:00,1.39770,1.39810,1.39710,1.39780
2024-11-23 06:00:00,1.39785,1.39820,1.39770,1.39800
2024-11-23 07:00:00,1.39810,1.39880,1.39770,1.39780
2024-11-23 08:00:00,1.39780,1.39835,1.39750,1.39795
2024-11-25 09:00:00,1.39515,1.39540,1.39460,1.39475
2024-11-25 10:00:00,1.39480,1.39500,1.39330,1.39340
2024-11-25 11:00:00,1.39335,1.39400,1.39275,1.39360
2024-11-25 12:00:00,1.39350,1.39395,1.39280,1.39380
2024-11-25 13:00:00,1.39385,1.39440,1.39330,1.39380
2024-11-25 14:00:00,1.39385,1.39460,1.39350,1.39440
2024-11-25 15:00:00,1.39440,1.39500,1.39415,1.39470
2024-11-25 16:00:00,1.39480,1.39500,1.39440,1.39450
2024-11-25 17:00:00,1.39465,1.39485,1.39375,1.39410
2024-11-25 18:00:00,1.39420,1.39680,1.39420,1.39680
2024-11-25 19:00:00,1.39675,1.39770,1.39640,1.39670
2024-11-25 20:00:00,1.39675,1.39680,1.39510,1.39555
2024-11-25 21:00:00,1.39570,1.39610,1.39535,1.39590
2024-11-25 22:00:00,1.39600,1.39730,1.39580,1.39730
2024-11-25 23:00:00,1.39725,1.39845,1.39625,1.39625
2024-11-26 00:00:00,1.39620,1.39650,1.39510,1.39570
2024-11-26 01:00:00,1.39550,1.39775,1.39540,1.39740
2024-11-26 02:00:00,1.39740,1.39925,1.39675,1.39885
2024-11-26 03:00:00,1.39870,1.40075,1.39840,1.40025
2024-11-26 04:00:00,1.40020,1.40060,1.39925,1.39945
2024-11-26 05:00:00,1.39950,1.39960,1.39770,1.39775
2024-11-26 06:00:00,1.39770,1.39790,1.39700,1.39775
2024-11-26 07:00:00,1.39780,1.39850,1.39735,1.39815
2024-11-26 08:00:00,1.39810,1.39935,1.39790,1.39870
2024-11-26 09:00:00,1.39870,1.39900,1.39815,1.39895
2024-11-26 10:00:00,1.39900,1.41210,1.39820,1.40990
2024-11-26 11:00:00,1.40990,1.41670,1.40900,1.41620
2024-11-26 12:00:00,1.41620,1.41780,1.41260,1.41370
2024-11-26 13:00:00,1.41370,1.41450,1.41080,1.41130
2024-11-26 14:00:00,1.41140,1.41160,1.40955,1.41000
2024-11-26 15:00:00,1.41005,1.41080,1.40855,1.41020
2024-11-26 16:00:00,1.41025,1.41175,1.40995,1.41080
2024-11-26 17:00:00,1.41065,1.41085,1.40975,1.41050
2024-11-26 18:00:00,1.41060,1.41325,1.41040,1.41240
2024-11-26 19:00:00,1.41230,1.41455,1.41200,1.41270
2024-11-26 20:00:00,1.41265,1.41265,1.40955,1.40965
2024-11-26 21:00:00,1.40960,1.41000,1.40875,1.40900
2024-11-26 22:00:00,1.40895,1.40990,1.40765,1.40880
2024-11-26 23:00:00,1.40885,1.40980,1.40760,1.40945
2024-11-27 00:00:00,1.40930,1.41215,1.40915,1.41180
2024-11-27 01:00:00,1.41160,1.41285,1.40850,1.40855
2024-11-27 02:00:00,1.40850,1.40960,1.40540,1.40605
2024-11-27 03:00:00,1.40590,1.40810,1.40570,1.40610
2024-11-27 04:00:00,1.40610,1.40870,1.40610,1.40815
2024-11-27 05:00:00,1.40815,1.40920,1.40700,1.40730
2024-11-27 06:00:00,1.40720,1.40800,1.40580,1.40620
2024-11-27 07:00:00,1.40615,1.40720,1.40585,1.40670
2024-11-27 08:00:00,1.40660,1.40680,1.40545,1.40550
2024-11-27 09:00:00,1.40535,1.40580,1.40535,1.40575
2024-11-27 10:00:00,1.40590,1.40590,1.40500,1.40530
2024-11-27 11:00:00,1.40530,1.40550,1.40490,1.40510
2024-11-27 12:00:00,1.40510,1.40620,1.40440,1.40605
2024-11-27 13:00:00,1.40610,1.40725,1.40560,1.40600
2024-11-27 14:00:00,1.40600,1.40675,1.40600,1.40640
2024-11-27 15:00:00,1.40635,1.40730,1.40635,1.40730
2024-11-27 16:00:00,1.40725,1.40780,1.40720,1.40755
2024-11-27 17:00:00,1.40755,1.40760,1.40680,1.40700
2024-11-27 18:00:00,1.40690,1.40695,1.40520,1.40570
2024-11-27 19:00:00,1.40580,1.40630,1.40350,1.40580
2024-11-27 20:00:00,1.40570,1.40615,1.40470,1.40490
2024-11-27 21:00:00,1.40500,1.40565,1.40470,1.40490
2024-11-27 22:00:00,1.40495,1.40635,1.40485,1.40530
2024-11-27 23:00:00,1.40525,1.40615,1.40520,1.40570
2024-11-28 00:00:00,1.40560,1.40660,1.40415,1.40430
2024-11-28 01:00:00,1.40435,1.40655,1.40410,1.40430
2024-11-28 02:00:00,1.40410,1.40530,1.40215,1.40275
2024-11-28 03:00:00,1.40280,1.40340,1.40090,1.40290
2024-11-28 04:00:00,1.40300,1.40385,1.40240,1.40295
2024-11-28 05:00:00,1.40285,1.40315,1.40225,1.40295
2024-11-28 06:00:00,1.40290,1.40330,1.40265,1.40310
2024-11-28 07:00:00,1.40305,1.40360,1.40230,1.40235
2024-11-28 08:00:00,1.40250,1.40310,1.40215,1.40305
2024-11-28 09:00:00,1.40300,1.40310,1.40260,1.40260
2024-11-28 10:00:00,1.40250,1.40285,1.40230,1.40270
2024-11-28 11:00:00,1.40260,1.40290,1.40095,1.40140
2024-11-28 12:00:00,1.40145,1.40205,1.40060,1.40120
2024-11-28 13:00:00,1.40130,1.40170,1.40080,1.40130
2024-11-28 14:00:00,1.40130,1.40245,1.40130,1.40230
2024-11-28 15:00:00,1.40230,1.40265,1.40210,1.40240
2024-11-28 16:00:00,1.40240,1.40260,1.40200,1.40220
2024-11-28 17:00:00,1.40225,1.40285,1.40190,1.40230
2024-11-28 18:00:00,1.40220,1.40285,1.40170,1.40250
2024-11-28 19:00:00,1.40270,1.40320,1.40090,1.40100
2024-11-28 20:00:00,1.40100,1.40155,1.40065,1.40075
2024-11-28 21:00:00,1.40085,1.40100,1.40015,1.40040
2024-11-28 22:00:00,1.40040,1.40105,1.39985,1.40085
2024-11-28 23:00:00,1.40080,1.40135,1.40080,1.40120
2024-11-29 00:00:00,1.40110,1.40145,1.40000,1.40100
2024-11-29 01:00:00,1.40090,1.40160,1.40030,1.40105
2024-11-29 02:00:00,1.40105,1.40205,1.40090,1.40095
2024-11-29 03:00:00,1.40105,1.40125,1.40070,1.40075
2024-11-29 04:00:00,1.40080,1.40110,1.40055,1.40080
2024-11-29 05:00:00,1.40080,1.40125,1.40045,1.40100
2024-11-29 06:00:00,1.40090,1.40120,1.40065,1.40100
2024-11-29 07:00:00,1.40100,1.40160,1.40090,1.40150
2024-11-29 08:00:00,1.40150,1.40160,1.40090,1.40160
2024-11-29 09:00:00,1.40115,1.40185,1.40075,1.40125
2024-11-29 10:00:00,1.40130,1.40150,1.40075,1.40080
2024-11-29 11:00:00,1.40080,1.40130,1.39990,1.40055
2024-11-29 12:00:00,1.40065,1.40070,1.39935,1.40005
2024-11-29 13:00:00,1.40005,1.40020,1.39935,1.39940
2024-11-29 14:00:00,1.39940,1.39950,1.39835,1.39850
2024-11-29 15:00:00,1.39855,1.39900,1.39810,1.39885
2024-11-29 16:00:00,1.39880,1.39975,1.39860,1.39955
2024-11-29 17:00:00,1.39960,1.39960,1.39810,1.39840
2024-11-29 18:00:00,1.39845,1.40040,1.39845,1.39995
2024-11-29 19:00:00,1.39995,1.40130,1.39950,1.40120
2024-11-29 20:00:00,1.40115,1.40130,1.39970,1.39990
2024-11-29 21:00:00,1.39990,1.40085,1.39960,1.40060
2024-11-29 22:00:00,1.40060,1.40085,1.39960,1.40020
2024-11-29 23:00:00,1.40020,1.40210,1.40000,1.40125
2024-11-30 00:00:00,1.40120,1.40430,1.40050,1.40280
2024-11-30 01:00:00,1.40270,1.40460,1.40160,1.40210
2024-11-30 02:00:00,1.40220,1.40305,1.40000,1.40050
2024-11-30 03:00:00,1.40060,1.40210,1.39995,1.40155
2024-11-30 04:00:00,1.40170,1.40170,1.39990,1.39990
2024-11-30 05:00:00,1.39995,1.40110,1.39935,1.40030
2024-11-30 06:00:00,1.40025,1.40050,1.39920,1.39940
2024-11-30 07:00:00,1.39945,1.40020,1.39850,1.40010
2024-11-30 08:00:00,1.40020,1.40090,1.39970,1.40020
2024-12-02 09:00:00,1.39895,1.39935,1.39895,1.39935
2024-12-02 10:00:00,1.39950,1.40185,1.39940,1.40140
2024-12-02 11:00:00,1.40140,1.40320,1.40130,1.40270
2024-12-02 12:00:00,1.40280,1.40360,1.40265,1.40330
2024-12-02 13:00:00,1.40340,1.40420,1.40330,1.40375
2024-12-02 14:00:00,1.40380,1.40400,1.40315,1.40350
2024-12-02 15:00:00,1.40340,1.40375,1.40310,1.40330
2024-12-02 16:00:00,1.40335,1.40400,1.40260,1.40325
2024-12-02 17:00:00,1.40315,1.40330,1.40180,1.40210
2024-12-02 18:00:00,1.40205,1.40415,1.40170,1.40415
2024-12-02 19:00:00,1.40420,1.40490,1.40360,1.40390
2024-12-02 20:00:00,1.40380,1.40395,1.40285,1.40300
2024-12-02 21:00:00,1.40300,1.40390,1.40190,1.40390
2024-12-02 22:00:00,1.40380,1.40395,1.40240,1.40340
2024-12-02 23:00:00,1.40340,1.40480,1.40285,1.40435
2024-12-03 00:00:00,1.40430,1.40460,1.40315,1.40350
2024-12-03 01:00:00,1.40340,1.40750,1.40280,1.40700
2024-12-03 02:00:00,1.40760,1.40900,1.40660,1.40800
2024-12-03 03:00:00,1.40800,1.40850,1.40660,1.40710
2024-12-03 04:00:00,1.40710,1.40740,1.40540,1.40565
2024-12-03 05:00:00,1.40560,1.40595,1.40460,1.40460
2024-12-03 06:00:00,1.40470,1.40500,1.40435,1.40455
2024-12-03 07:00:00,1.40470,1.40525,1.40380,1.40460
2024-12-03 08:00:00,1.40470,1.40485,1.40385,1.40465
2024-12-03 09:00:00,1.40475,1.40540,1.40420,1.40465
2024-12-03 10:00:00,1.40430,1.40470,1.40420,1.40470
2024-12-03 11:00:00,1.40470,1.40540,1.40445,1.40485
2024-12-03 12:00:00,1.40475,1.40590,1.40400,1.40540
2024-12-03 13:00:00,1.40540,1.40645,1.40540,1.40560
2024-12-03 14:00:00,1.40560,1.40590,1.40470,1.40500
2024-12-03 15:00:00,1.40500,1.40535,1.40475,1.40530
2024-12-03 16:00:00,1.40530,1.40580,1.40440,1.40455
2024-12-03 17:00:00,1.40450,1.40500,1.40400,1.40445
2024-12-03 18:00:00,1.40455,1.40470,1.40350,1.40370
2024-12-03 19:00:00,1.40390,1.40390,1.40110,1.40140
2024-12-03 20:00:00,1.40145,1.40260,1.40100,1.40205
2024-12-03 21:00:00,1.40190,1.40380,1.40180,1.40375
2024-12-03 22:00:00,1.40375,1.40410,1.40345,1.40395
2024-12-03 23:00:00,1.40400,1.40490,1.40330,1.40410
2024-12-04 00:00:00,1.40415,1.40450,1.40310,1.40400
2024-12-04 01:00:00,1.40400,1.40450,1.40260,1.40405
2024-12-04 02:00:00,1.40415,1.40720,1.40415,1.40650
2024-12-04 03:00:00,1.40660,1.40760,1.40630,1.40665
2024-12-04 04:00:00,1.40660,1.40700,1.40510,1.40525
2024-12-04 05:00:00,1.40530,1.40555,1.40475,1.40510
2024-12-04 06:00:00,1.40510,1.40700,1.40510,1.40700
2024-12-04 07:00:00,1.40710,1.40725,1.40610,1.40690
2024-12-04 08:00:00,1.40680,1.40720,1.40645,1.40690
2024-12-04 09:00:00,1.40675,1.40700,1.40645,1.40660
2024-12-04 10:00:00,1.40660,1.40700,1.40645,1.40650
2024-12-04 11:00:00,1.40650,1.40780,1.40615,1.40750
2024-12-04 12:00:00,1.40730,1.40800,1.40670,1.40720
2024-12-04 13:00:00,1.40720,1.40780,1.40675,1.40770
2024-12-04 14:00:00,1.40775,1.40830,1.40760,1.40795
2024-12-04 15:00:00,1.40795,1.40810,1.40635,1.40645
2024-12-04 16:00:00,1.40640,1.40670,1.40610,1.40635
2024-12-04 17:00:00,1.40630,1.40680,1.40550,1.40580
2024-12-04 18:00:00,1.40580,1.40660,1.40580,1.40615
2024-12-04 19:00:00,1.40620,1.40790,1.40590,1.40770
2024-12-04 20:00:00,1.40780,1.40825,1.40680,1.40685
2024-12-04 21:00:00,1.40690,1.40700,1.40625,1.40660
2024-12-04 22:00:00,1.40665,1.40695,1.40520,1.40550
2024-12-04 23:00:00,1.40560,1.40665,1.40550,1.40650
2024-12-05 00:00:00,1.40660,1.40690,1.40570,1.40665
2024-12-05 01:00:00,1.40670,1.40740,1.40520,1.40700
2024-12-05 02:00:00,1.40590,1.40800,1.40570,1.40650
2024-12-05 03:00:00,1.40640,1.40790,1.40635,1.40700
2024-12-05 04:00:00,1.40695,1.40745,1.40640,1.40670
2024-12-05 05:00:00,1.40655,1.40705,1.40590,1.40660
2024-12-05 06:00:00,1.40690,1.40730,1.40575,1.40640
2024-12-05 07:00:00,1.40630,1.40660,1.40590,1.40640
2024-12-05 08:00:00,1.40640,1.40755,1.40635,1.40730
2024-12-05 09:00:00,1.40735,1.40740,1.40695,1.40725
2024-12-05 10:00:00,1.40730,1.40750,1.40685,1.40720
2024-12-05 11:00:00,1.40720,1.40800,1.40710,1.40750
2024-12-05 12:00:00,1.40750,1.40755,1.40700,1.40720
2024-12-05 13:00:00,1.40720,1.40740,1.40660,1.40700
2024-12-05 14:00:00,1.40700,1.40735,1.40680,1.40695
2024-12-05 15:00:00,1.40695,1.40740,1.40680,1.40730
2024-12-05 16:00:00,1.40740,1.40745,1.40670,1.40690
2024-12-05 17:00:00,1.40680,1.40740,1.40665,1.40700
2024-12-05 18:00:00,1.40695,1.40725,1.40595,1.40610
2024-12-05 19:00:00,1.40610,1.40655,1.40570,1.40600
2024-12-05 20:00:00,1.40600,1.40625,1.40550,1.40600
2024-12-05 21:00:00,1.40610,1.40615,1.40550,1.40580
2024-12-05 22:00:00,1.40590,1.40610,1.40530,1.40540
2024-12-05 23:00:00,1.40550,1.40640,1.40510,1.40555
2024-12-06 00:00:00,1.40550,1.40560,1.40350,1.40350
2024-12-06 01:00:00,1.40360,1.40375,1.40110,1.40265
2024-12-06 02:00:00,1.40270,1.40480,1.40210,1.40350
2024-12-06 03:00:00,1.40360,1.40400,1.40280,1.40375
2024-12-06 04:00:00,1.40365,1.40605,1.40345,1.40530
2024-12-06 05:00:00,1.40520,1.40670,1.40430,1.40460
2024-12-06 06:00:00,1.40460,1.40460,1.40255,1.40270
2024-12-06 07:00:00,1.40285,1.40330,1.40220,1.40275
2024-12-06 08:00:00,1.40270,1.40285,1.40175,1.40245
2024-12-06 09:00:00,1.40255,1.40285,1.40205,1.40210
2024-12-06 10:00:00,1.40220,1.40250,1.40190,1.40190
2024-12-06 11:00:00,1.40195,1.40325,1.40195,1.40320
2024-12-06 12:00:00,1.40315,1.40430,1.40275,1.40410
2024-12-06 13:00:00,1.40415,1.40435,1.40320,1.40340
2024-12-06 14:00:00,1.40340,1.40345,1.40270,1.40310
2024-12-06 15:00:00,1.40310,1.40375,1.40300,1.40345
2024-12-06 16:00:00,1.40340,1.40360,1.40310,1.40330
2024-12-06 17:00:00,1.40340,1.40380,1.40300,1.40355
2024-12-06 18:00:00,1.40350,1.40420,1.40320,1.40330
2024-12-06 19:00:00,1.40320,1.40405,1.40265,1.40370
2024-12-06 20:00:00,1.40370,1.40445,1.40360,1.40395
2024-12-06 21:00:00,1.40390,1.40455,1.40370,1.40405
2024-12-06 22:00:00,1.40400,1.40470,1.40385,1.40450
2024-12-06 23:00:00,1.40445,1.40585,1.40430,1.40585
2024-12-07 00:00:00,1.40575,1.40950,1.40480,1.40910
2024-12-07 01:00:00,1.40910,1.41310,1.40860,1.41300
2024-12-07 02:00:00,1.41310,1.41570,1.41290,1.41380
2024-12-07 03:00:00,1.41390,1.41500,1.41335,1.41455
2024-12-07 04:00:00,1.41460,1.41580,1.41450,1.41550
2024-12-07 05:00:00,1.41550,1.41580,1.41475,1.41570
2024-12-07 06:00:00,1.41570,1.41650,1.41560,1.41590
2024-12-07 07:00:00,1.41600,1.41630,1.41490,1.41505
2024-12-07 08:00:00,1.41500,1.41620,1.41500,1.41590
2024-12-09 09:00:00,1.41555,1.41650,1.41555,1.41635
2024-12-09 10:00:00,1.41630,1.41650,1.41480,1.41485
2024-12-09 11:00:00,1.41490,1.41560,1.41485,1.41550
2024-12-09 12:00:00,1.41545,1.41545,1.41480,1.41535
2024-12-09 13:00:00,1.41535,1.41580,1.41480,1.41530
2024-12-09 14:00:00,1.41535,1.41665,1.41520,1.41665
2024-12-09 15:00:00,1.41660,1.41695,1.41635,1.41660
2024-12-09 16:00:00,1.41670,1.41740,1.41650,1.41700
2024-12-09 17:00:00,1.41690,1.41710,1.41670,1.41690
2024-12-09 18:00:00,1.41700,1.41745,1.41550,1.41565
2024-12-09 19:00:00,1.41570,1.41625,1.41460,1.41490
2024-12-09 20:00:00,1.41475,1.41480,1.41370,1.41420
2024-12-09 21:00:00,1.41430,1.41430,1.41330,1.41360
2024-12-09 22:00:00,1.41360,1.41375,1.41295,1.41350
2024-12-09 23:00:00,1.41340,1.41360,1.41220,1.41220
2024-12-10 00:00:00,1.41235,1.41235,1.40935,1.41015
2024-12-10 01:00:00,1.41010,1.41190,1.40995,1.41070
2024-12-10 02:00:00,1.41080,1.41255,1.41040,1.41150
2024-12-10 03:00:00,1.41140,1.41285,1.41135,1.41215
2024-12-10 04:00:00,1.41220,1.41370,1.41190,1.41370
2024-12-10 05:00:00,1.41360,1.41485,1.41360,1.41430
2024-12-10 06:00:00,1.41440,1.41645,1.41435,1.41590
2024-12-10 07:00:00,1.41590,1.41730,1.41560,1.41725
2024-12-10 08:00:00,1.41720,1.41740,1.41665,1.41725
2024-12-10 09:00:00,1.41700,1.41715,1.41685,1.41715
2024-12-10 10:00:00,1.41715,1.41755,1.41710,1.41750
2024-12-10 11:00:00,1.41745,1.41760,1.41725,1.41740
2024-12-10 12:00:00,1.41740,1.41860,1.41730,1.41755
2024-12-10 13:00:00,1.41750,1.41825,1.41690,1.41810
2024-12-10 14:00:00,1.41810,1.41900,1.41800,1.41825
2024-12-10 15:00:00,1.41820,1.41840,1.41755,1.41825
2024-12-10 16:00:00,1.41835,1.41845,1.41745,1.41760
2024-12-10 17:00:00,1.41765,1.41765,1.41670,1.41685
2024-12-10 18:00:00,1.41680,1.41860,1.41670,1.41860
2024-12-10 19:00:00,1.41850,1.41955,1.41790,1.41830
2024-12-10 20:00:00,1.41830,1.41855,1.41750,1.41780
2024-12-10 21:00:00,1.41765,1.41770,1.41650,1.41665
2024-12-10 22:00:00,1.41670,1.41720,1.41635,1.41645
2024-12-10 23:00:00,1.41650,1.41750,1.41585,1.41605
2024-12-11 00:00:00,1.41605,1.41695,1.41575,1.41640
2024-12-11 01:00:00,1.41630,1.41855,1.41570,1.41805
2024-12-11 02:00:00,1.41800,1.41945,1.41690,1.41695
2024-12-11 03:00:00,1.41695,1.41715,1.41605,1.41625
2024-12-11 04:00:00,1.41620,1.41700,1.41590,1.41675
2024-12-11 05:00:00,1.41675,1.41705,1.41565,1.41575
2024-12-11 06:00:00,1.41580,1.41685,1.41560,1.41655
2024-12-11 07:00:00,1.41645,1.41735,1.41630,1.41735
2024-12-11 08:00:00,1.41735,1.41825,1.41710,1.41815
2024-12-11 09:00:00,1.41815,1.41825,1.41740,1.41790
2024-12-11 10:00:00,1.41790,1.41790,1.41745,1.41745
2024-12-11 11:00:00,1.41755,1.41785,1.41700,1.41725
2024-12-11 12:00:00,1.41740,1.41740,1.41650,1.41660
2024-12-11 13:00:00,1.41660,1.41670,1.41595,1.41620
2024-12-11 14:00:00,1.41625,1.41640,1.41595,1.41640
2024-12-11 15:00:00,1.41630,1.41690,1.41620,1.41660
2024-12-11 16:00:00,1.41650,1.41700,1.41640,1.41660
2024-12-11 17:00:00,1.41670,1.41690,1.41630,1.41665
2024-12-11 18:00:00,1.41660,1.41915,1.41635,1.41890
2024-12-11 19:00:00,1.41900,1.41920,1.41780,1.41820
2024-12-11 20:00:00,1.41810,1.41900,1.41770,1.41855
2024-12-11 21:00:00,1.41850,1.41945,1.41850,1.41895
2024-12-11 22:00:00,1.41895,1.41910,1.41805,1.41820
2024-12-11 23:00:00,1.41825,1.41865,1.41720,1.41845
2024-12-12 00:00:00,1.41840,1.41930,1.41590,1.41680
2024-12-12 01:00:00,1.41680,1.41940,1.41245,1.41255
2024-12-12 02:00:00,1.41245,1.41540,1.41200,1.41420
2024-12-12 03:00:00,1.41420,1.41455,1.41230,1.41260
2024-12-12 04:00:00,1.41265,1.41610,1.41230,1.41590
2024-12-12 05:00:00,1.41600,1.41690,1.41470,1.41685
2024-12-12 06:00:00,1.41690,1.41710,1.41530,1.41615
2024-12-12 07:00:00,1.41615,1.41670,1.41570,1.41640
2024-12-12 08:00:00,1.41635,1.41635,1.41580,1.41585
2024-12-12 09:00:00,1.41545,1.41615,1.41545,1.41580
2024-12-12 10:00:00,1.41560,1.41600,1.41485,1.41495
2024-12-12 11:00:00,1.41495,1.41500,1.41365,1.41430
2024-12-12 12:00:00,1.41430,1.41495,1.41425,1.41485
2024-12-12 13:00:00,1.41485,1.41555,1.41470,1.41510
2024-12-12 14:00:00,1.41495,1.41525,1.41455,1.41495
2024-12-12 15:00:00,1.41495,1.41510,1.41460,1.41475
2024-12-12 16:00:00,1.41465,1.41525,1.41440,1.41460
2024-12-12 17:00:00,1.41460,1.41480,1.41420,1.41435
2024-12-12 18:00:00,1.41430,1.41485,1.41350,1.41475
2024-12-12 19:00:00,1.41480,1.41515,1.41310,1.41400
2024-12-12 20:00:00,1.41400,1.41440,1.41330,1.41375
2024-12-12 21:00:00,1.41370,1.41455,1.41335,1.41450
2024-12-12 22:00:00,1.41440,1.41555,1.41390,1.41540
2024-12-12 23:00:00,1.41540,1.41680,1.41540,1.41665
2024-12-13 00:00:00,1.41665,1.41750,1.41615,1.41700
2024-12-13 01:00:00,1.41690,1.41955,1.41620,1.41650
2024-12-13 02:00:00,1.41640,1.42005,1.41625,1.41850
2024-12-13 03:00:00,1.41860,1.41930,1.41775,1.41800
2024-12-13 04:00:00,1.41790,1.41940,1.41690,1.41910
2024-12-13 05:00:00,1.41920,1.42000,1.41860,1.41970
2024-12-13 06:00:00,1.41980,1.42125,1.41885,1.42070
2024-12-13 07:00:00,1.42080,1.42270,1.42040,1.42255
2024-12-13 08:00:00,1.42260,1.42280,1.42110,1.42200
2024-12-13 09:00:00,1.42210,1.42235,1.42130,1.42130
2024-12-13 10:00:00,1.42130,1.42260,1.42130,1.42155
2024-12-13 11:00:00,1.42170,1.42240,1.42160,1.42210
2024-12-13 12:00:00,1.42225,1.42400,1.42200,1.42345
2024-12-13 13:00:00,1.42340,1.42400,1.42340,1.42385
2024-12-13 14:00:00,1.42380,1.42410,1.42360,1.42405
2024-12-13 15:00:00,1.42405,1.42440,1.42360,1.42365
2024-12-13 16:00:00,1.42365,1.42440,1.42355,1.42370
2024-12-13 17:00:00,1.42355,1.42400,1.42300,1.42300
2024-12-13 18:00:00,1.42315,1.42390,1.42280,1.42330
2024-12-13 19:00:00,1.42325,1.42370,1.42240,1.42270
2024-12-13 20:00:00,1.42260,1.42305,1.42220,1.42235
2024-12-13 21:00:00,1.42230,1.42280,1.42200,1.42215
2024-12-13 22:00:00,1.42210,1.42220,1.42170,1.42180
2024-12-13 23:00:00,1.42190,1.42225,1.42100,1.42135
2024-12-14 00:00:00,1.42130,1.42285,1.42115,1.42120
2024-12-14 01:00:00,1.42125,1.42325,1.42100,1.42325
2024-12-14 02:00:00,1.42340,1.42450,1.42325,1.42390
2024-12-14 03:00:00,1.42390,1.42440,1.42275,1.42400
2024-12-14 04:00:00,1.42405,1.42440,1.42310,1.42310
2024-12-14 05:00:00,1.42320,1.42340,1.42235,1.42300
2024-12-14 06:00:00,1.42295,1.42350,1.42245,1.42335
2024-12-14 07:00:00,1.42320,1.42380,1.42280,1.42365
2024-12-14 08:00:00,1.42360,1.42410,1.42320,1.42355
2024-12-16 09:00:00,1.42340,1.42380,1.42300,1.42315
2024-12-16 10:00:00,1.42330,1.42350,1.42250,1.42265
2024-12-16 11:00:00,1.42270,1.42270,1.42180,1.42255
2024-12-16 12:00:00,1.42250,1.42250,1.42180,1.42195
2024-12-16 13:00:00,1.42190,1.42305,1.42170,1.42290
2024-12-16 14:00:00,1.42285,1.42295,1.42245,1.42265
2024-12-16 15:00:00,1.42265,1.42270,1.42195,1.42230
2024-12-16 16:00:00,1.42240,1.42270,1.42215,1.42260
2024-12-16 17:00:00,1.42260,1.42305,1.42235,1.42270
2024-12-16 18:00:00,1.42270,1.42290,1.42205,1.42230
2024-12-16 19:00:00,1.42240,1.42295,1.42195,1.42295
2024-12-16 20:00:00,1.42290,1.42325,1.42240,1.42310
2024-12-16 21:00:00,1.42315,1.42425,1.42290,1.42425
2024-12-16 22:00:00,1.42420,1.42440,1.42400,1.42410
2024-12-16 23:00:00,1.42415,1.42535,1.42410,1.42535
2024-12-17 00:00:00,1.42530,1.42545,1.42420,1.42500
2024-12-17 01:00:00,1.42495,1.42690,1.42445,1.42485
2024-12-17 02:00:00,1.42480,1.42500,1.42225,1.42290
2024-12-17 03:00:00,1.42285,1.42380,1.42260,1.42310
2024-12-17 04:00:00,1.42315,1.42370,1.42250,1.42280
2024-12-17 05:00:00,1.42290,1.42390,1.42255,1.42270
2024-12-17 06:00:00,1.42285,1.42425,1.42250,1.42370
2024-12-17 07:00:00,1.42380,1.42510,1.42380,1.42510
2024-12-17 08:00:00,1.42500,1.42515,1.42405,1.42425
2024-12-17 09:00:00,1.42415,1.42440,1.42380,1.42395
2024-12-17 10:00:00,1.42400,1.42410,1.42345,1.42350
2024-12-17 11:00:00,1.42355,1.42365,1.42320,1.42330
2024-12-17 12:00:00,1.42340,1.42430,1.42340,1.42410
2024-12-17 13:00:00,1.42415,1.42495,1.42410,1.42485
2024-12-17 14:00:00,1.42480,1.42550,1.42465,1.42540
2024-12-17 15:00:00,1.42540,1.42605,1.42530,1.42600
2024-12-17 16:00:00,1.42605,1.42660,1.42580,1.42630
2024-12-17 17:00:00,1.42645,1.42720,1.42620,1.42655
2024-12-17 18:00:00,1.42640,1.42705,1.42575,1.42690
2024-12-17 19:00:00,1.42680,1.42910,1.42680,1.42805
2024-12-17 20:00:00,1.42800,1.42840,1.42770,1.42785
2024-12-17 21:00:00,1.42790,1.42940,1.42770,1.42840
2024-12-17 22:00:00,1.42840,1.42855,1.42760,1.42810
2024-12-17 23:00:00,1.42805,1.42975,1.42765,1.42940
2024-12-18 00:00:00,1.42950,1.42970,1.42730,1.42750
2024-12-18 01:00:00,1.42745,1.42990,1.42710,1.42970
2024-12-18 02:00:00,1.42970,1.43210,1.42950,1.43130
2024-12-18 03:00:00,1.43120,1.43240,1.43090,1.43140
2024-12-18 04:00:00,1.43140,1.43160,1.43055,1.43115
2024-12-18 05:00:00,1.43110,1.43145,1.43040,1.43090
2024-12-18 06:00:00,1.43080,1.43130,1.43065,1.43110
2024-12-18 07:00:00,1.43095,1.43160,1.43095,1.43125
2024-12-18 08:00:00,1.43120,1.43140,1.43055,1.43100
2024-12-18 09:00:00,1.43095,1.43120,1.43055,1.43110
2024-12-18 10:00:00,1.43100,1.43140,1.43080,1.43105
2024-12-18 11:00:00,1.43110,1.43140,1.43090,1.43105
2024-12-18 12:00:00,1.43105,1.43165,1.43100,1.43140
2024-12-18 13:00:00,1.43145,1.43225,1.43120,1.43190
2024-12-18 14:00:00,1.43185,1.43240,1.43180,1.43235
2024-12-18 15:00:00,1.43235,1.43300,1.43225,1.43265
2024-12-18 16:00:00,1.43260,1.43290,1.43240,1.43255
2024-12-18 17:00:00,1.43260,1.43285,1.43235,1.43240
2024-12-18 18:00:00,1.43245,1.43310,1.43240,1.43300
2024-12-18 19:00:00,1.43305,1.43310,1.43180,1.43215
2024-12-18 20:00:00,1.43220,1.43320,1.43195,1.43300
2024-12-18 21:00:00,1.43295,1.43315,1.43210,1.43220
2024-12-18 22:00:00,1.43220,1.43270,1.43200,1.43265
2024-12-18 23:00:00,1.43270,1.43270,1.43150,1.43150
2024-12-19 00:00:00,1.43160,1.43180,1.43080,1.43120
2024-12-19 01:00:00,1.43125,1.43195,1.43050,1.43110
2024-12-19 02:00:00,1.43120,1.43285,1.43085,1.43245
2024-12-19 03:00:00,1.43245,1.43370,1.43200,1.43370
2024-12-19 04:00:00,1.43375,1.43395,1.43250,1.43340
2024-12-19 05:00:00,1.43335,1.43370,1.43245,1.43265
2024-12-19 06:00:00,1.43250,1.44250,1.43250,1.44175
2024-12-19 07:00:00,1.44170,1.44440,1.44100,1.44340
2024-12-19 08:00:00,1.44330,1.44500,1.44275,1.44475
2024-12-19 09:00:00,1.44480,1.44500,1.44455,1.44465
2024-12-19 10:00:00,1.44470,1.44680,1.44380,1.44630
2024-12-19 11:00:00,1.44620,1.44620,1.44460,1.44505
2024-12-19 12:00:00,1.44490,1.44520,1.44300,1.44310
2024-12-19 13:00:00,1.44300,1.44440,1.44280,1.44350
2024-12-19 14:00:00,1.44340,1.44370,1.44290,1.44330
2024-12-19 15:00:00,1.44340,1.44400,1.44330,1.44365
2024-12-19 16:00:00,1.44370,1.44435,1.44350,1.44390
2024-12-19 17:00:00,1.44395,1.44420,1.44280,1.44320
2024-12-19 18:00:00,1.44320,1.44335,1.44190,1.44220
2024-12-19 19:00:00,1.44220,1.44230,1.43945,1.43970
2024-12-19 20:00:00,1.43960,1.44005,1.43900,1.43935
2024-12-19 21:00:00,1.43940,1.43975,1.43810,1.43915
2024-12-19 22:00:00,1.43920,1.43920,1.43815,1.43830
2024-12-19 23:00:00,1.43840,1.43865,1.43640,1.43740
2024-12-20 00:00:00,1.4375,1.43835,1.43580,1.43760
2024-12-20 01:00:00,1.43770,1.43780,1.43445,1.43555
2024-12-20 02:00:00,1.43560,1.43770,1.43510,1.43690
2024-12-20 03:00:00,1.43680,1.43710,1.43475,1.43690
2024-12-20 04:00:00,1.43680,1.43810,1.43650,1.43795
2024-12-20 05:00:00,1.43790,1.43880,1.43660,1.43680
2024-12-20 06:00:00,1.43685,1.43900,1.43650,1.43880
2024-12-20 07:00:00,1.43880,1.43925,1.43790,1.43920
2024-12-20 08:00:00,1.43920,1.44020,1.43895,1.43980
2024-12-20 09:00:00,1.43990,1.44000,1.43900,1.43960
2024-12-20 10:00:00,1.43960,1.44045,1.43950,1.44030
2024-12-20 11:00:00,1.44035,1.44200,1.43975,1.44200
2024-12-20 12:00:00,1.44180,1.44215,1.44110,1.44195
2024-12-20 13:00:00,1.44205,1.44300,1.44190,1.44255
2024-12-20 14:00:00,1.44250,1.44360,1.44235,1.44320
2024-12-20 15:00:00,1.44310,1.44315,1.44230,1.44235
2024-12-20 16:00:00,1.44230,1.44265,1.44155,1.44160
2024-12-20 17:00:00,1.44160,1.44200,1.43940,1.43955
2024-12-20 18:00:00,1.43955,1.43970,1.43830,1.43850
2024-12-20 19:00:00,1.43840,1.43880,1.43710,1.43875
2024-12-20 20:00:00,1.43880,1.43905,1.43840,1.43865
2024-12-20 21:00:00,1.43870,1.43880,1.43810,1.43815
2024-12-20 22:00:00,1.43810,1.43920,1.43810,1.43900
2024-12-20 23:00:00,1.43895,1.43930,1.43695,1.43820
2024-12-21 00:00:00,1.43810,1.43940,1.43760,1.43935
2024-12-21 01:00:00,1.43940,1.43970,1.43700,1.43745
2024-12-21 02:00:00,1.43710,1.43790,1.43560,1.43690
2024-12-21 03:00:00,1.43680,1.43795,1.43520,1.43530
2024-12-21 04:00:00,1.43520,1.43530,1.43355,1.43500
2024-12-21 05:00:00,1.43510,1.43670,1.43500,1.43665
2024-12-21 06:00:00,1.43660,1.43690,1.43500,1.43530
2024-12-21 07:00:00,1.43530,1.43730,1.43530,1.43700
2024-12-21 08:00:00,1.43710,1.43765,1.43655,1.43705
2024-12-23 09:00:00,1.43675,1.43710,1.43665,1.43690
2024-12-23 10:00:00,1.43690,1.43700,1.43590,1.43605
2024-12-23 11:00:00,1.43600,1.43650,1.43595,1.43610
2024-12-23 12:00:00,1.43605,1.43650,1.43530,1.43545
2024-12-23 13:00:00,1.43550,1.43560,1.43490,1.43510
2024-12-23 14:00:00,1.43515,1.43590,1.43505,1.43590
2024-12-23 15:00:00,1.43580,1.43615,1.43530,1.43550
2024-12-23 16:00:00,1.43545,1.43620,1.43520,1.43605
2024-12-23 17:00:00,1.43605,1.43670,1.43600,1.43650
2024-12-23 18:00:00,1.43650,1.43895,1.43650,1.43890
2024-12-23 19:00:00,1.43890,1.43905,1.43760,1.43760
2024-12-23 20:00:00,1.43770,1.43840,1.43655,1.43840
2024-12-23 21:00:00,1.43830,1.44020,1.43820,1.43990
2024-12-23 22:00:00,1.43995,1.44070,1.43920,1.44010
2024-12-23 23:00:00,1.44015,1.44155,1.44005,1.44050
2024-12-24 00:00:00,1.44050,1.44330,1.44040,1.44320
2024-12-24 01:00:00,1.44315,1.44330,1.44110,1.44190
2024-12-24 02:00:00,1.44190,1.44310,1.44090,1.44120
2024-12-24 03:00:00,1.44130,1.44190,1.43875,1.43880
2024-12-24 04:00:00,1.43880,1.43900,1.43715,1.43780
2024-12-24 05:00:00,1.43770,1.43805,1.43690,1.43760
2024-12-24 06:00:00,1.43760,1.43810,1.43710,1.43730
2024-12-24 07:00:00,1.43720,1.43780,1.43670,1.43700
2024-12-24 08:00:00,1.43715,1.43735,1.43685,1.43705
2024-12-24 09:00:00,1.43705,1.4375,1.43680,1.43740
2024-12-24 10:00:00,1.43740,1.4375,1.43690,1.43740
2024-12-24 11:00:00,1.43745,1.43840,1.43730,1.43820
2024-12-24 12:00:00,1.43830,1.43840,1.43780,1.43800
2024-12-24 13:00:00,1.43790,1.43850,1.43735,1.43830
2024-12-24 14:00:00,1.43830,1.43870,1.43810,1.43835
2024-12-24 15:00:00,1.43830,1.43860,1.43800,1.43810
2024-12-24 16:00:00,1.43810,1.43870,1.43810,1.43845
2024-12-24 17:00:00,1.43835,1.43865,1.43790,1.43790
2024-12-24 18:00:00,1.43790,1.43850,1.43730,1.43830
2024-12-24 19:00:00,1.43840,1.43940,1.43815,1.43925
2024-12-24 20:00:00,1.43925,1.43995,1.43915,1.43970
2024-12-24 21:00:00,1.43960,1.44000,1.43960,1.43970
2024-12-24 22:00:00,1.43965,1.44045,1.43945,1.44030
2024-12-24 23:00:00,1.44030,1.44190,1.44030,1.44170
2024-12-26 02:00:00,1.43650,1.43650,1.43650,1.43650
2024-12-26 03:00:00,1.43650,1.43650,1.43650,1.43650
2024-12-26 04:00:00,1.43650,1.43650,1.43650,1.43650
2024-12-26 05:00:00,1.43645,1.43645,1.43645,1.43645
2024-12-26 06:00:00,1.43645,1.43675,1.43645,1.43650
2024-12-26 07:00:00,1.43645,1.43650,1.43645,1.43650
2024-12-26 08:00:00,1.43650,1.43655,1.43605,1.43650
2024-12-26 09:00:00,1.43650,1.43685,1.43565,1.43640
2024-12-26 10:00:00,1.43620,1.43660,1.43510,1.43535
2024-12-26 11:00:00,1.43550,1.43640,1.43515,1.43560
2024-12-26 12:00:00,1.43570,1.43600,1.43540,1.43570
2024-12-26 13:00:00,1.43580,1.43595,1.43540,1.43560
2024-12-26 14:00:00,1.43555,1.43570,1.43500,1.43540
2024-12-26 15:00:00,1.43545,1.43650,1.43545,1.43640
2024-12-26 16:00:00,1.43640,1.43685,1.43610,1.43680
2024-12-26 17:00:00,1.43680,1.43775,1.43660,1.43755
2024-12-26 18:00:00,1.43755,1.43850,1.43735,1.43820
2024-12-26 19:00:00,1.43820,1.43995,1.43810,1.43995
2024-12-26 20:00:00,1.44000,1.44050,1.43925,1.43945
2024-12-26 21:00:00,1.43940,1.43955,1.43810,1.43835
2024-12-26 22:00:00,1.43830,1.43870,1.43815,1.43835
2024-12-26 23:00:00,1.43830,1.44035,1.43830,1.43980
2024-12-27 00:00:00,1.43980,1.43980,1.43870,1.43950
2024-12-27 01:00:00,1.43960,1.44065,1.43915,1.44030
2024-12-27 02:00:00,1.44020,1.44165,1.44020,1.44120
2024-12-27 03:00:00,1.44110,1.44130,1.44050,1.44060
2024-12-27 04:00:00,1.44055,1.44200,1.44020,1.44180
2024-12-27 05:00:00,1.44190,1.44190,1.44040,1.44135
2024-12-27 06:00:00,1.44130,1.44210,1.44120,1.44160
2024-12-27 07:00:00,1.44160,1.44185,1.44130,1.44130
2024-12-27 08:00:00,1.44130,1.44130,1.44065,1.44075
2024-12-27 09:00:00,1.44075,1.44115,1.44045,1.44070
2024-12-27 10:00:00,1.44060,1.44130,1.44060,1.44095
2024-12-27 11:00:00,1.44100,1.44125,1.44055,1.44100
2024-12-27 12:00:00,1.44105,1.44160,1.44090,1.44140
2024-12-27 13:00:00,1.44135,1.44150,1.44080,1.44095
2024-12-27 14:00:00,1.44100,1.44110,1.44080,1.44085
2024-12-27 15:00:00,1.44085,1.44110,1.44070,1.44100
2024-12-27 16:00:00,1.44100,1.44110,1.44070,1.44090
2024-12-27 17:00:00,1.44090,1.44105,1.44030,1.44035
2024-12-27 18:00:00,1.44035,1.44115,1.44035,1.44040
2024-12-27 19:00:00,1.44050,1.44085,1.43960,1.43965
2024-12-27 20:00:00,1.43960,1.44045,1.43960,1.44030
2024-12-27 21:00:00,1.44040,1.44120,1.44015,1.44035
2024-12-27 22:00:00,1.44030,1.44085,1.43900,1.43910
2024-12-27 23:00:00,1.43910,1.43925,1.43805,1.43810
2024-12-28 00:00:00,1.43810,1.43975,1.4375,1.43940
2024-12-28 01:00:00,1.43940,1.44075,1.43920,1.44060
2024-12-28 02:00:00,1.44070,1.44225,1.44000,1.44080
2024-12-28 03:00:00,1.44090,1.44350,1.44075,1.44350
2024-12-28 04:00:00,1.44355,1.44495,1.44340,1.44375
2024-12-28 05:00:00,1.44370,1.44380,1.44230,1.44230
2024-12-28 06:00:00,1.44230,1.44255,1.44090,1.44120
2024-12-28 07:00:00,1.44115,1.44215,1.44115,1.44180
2024-12-28 08:00:00,1.44170,1.44200,1.44105,1.44135
2024-12-30 09:00:00,1.44150,1.44165,1.44130,1.44160
2024-12-30 10:00:00,1.44140,1.44150,1.44025,1.44035
2024-12-30 11:00:00,1.44030,1.44070,1.44010,1.44025
2024-12-30 12:00:00,1.44040,1.44055,1.43990,1.43995
2024-12-30 13:00:00,1.43995,1.44020,1.43980,1.44005
2024-12-30 14:00:00,1.44000,1.44020,1.43970,1.43970
2024-12-30 15:00:00,1.43975,1.44005,1.43970,1.43995
2024-12-30 16:00:00,1.44000,1.44010,1.43920,1.43930
2024-12-30 17:00:00,1.43930,1.43930,1.43855,1.43895
2024-12-30 18:00:00,1.43910,1.44005,1.43905,1.43980
2024-12-30 19:00:00,1.43990,1.44105,1.43970,1.44090
2024-12-30 20:00:00,1.44110,1.44110,1.43900,1.43920
2024-12-30 21:00:00,1.43925,1.43925,1.43795,1.43860
2024-12-30 22:00:00,1.43860,1.43870,1.43735,1.43790
2024-12-30 23:00:00,1.43780,1.43900,1.43730,1.43870
2024-12-31 00:00:00,1.43870,1.44080,1.43860,1.44080
2024-12-31 01:00:00,1.44085,1.44325,1.43970,1.44120
2024-12-31 02:00:00,1.44130,1.44230,1.43860,1.43885
2024-12-31 03:00:00,1.43860,1.43940,1.43745,1.43760
2024-12-31 04:00:00,1.43755,1.43765,1.43565,1.43595
2024-12-31 05:00:00,1.43585,1.43615,1.43455,1.43495
2024-12-31 06:00:00,1.43490,1.43620,1.43485,1.43595
2024-12-31 07:00:00,1.43600,1.43635,1.43525,1.43570
2024-12-31 08:00:00,1.43575,1.43575,1.43505,1.43555
2024-12-31 09:00:00,1.43550,1.43605,1.43490,1.43515
2024-12-31 10:00:00,1.43500,1.43570,1.43500,1.43510
2024-12-31 11:00:00,1.43500,1.43620,1.43500,1.43560
2024-12-31 12:00:00,1.43555,1.43590,1.43420,1.43440
2024-12-31 13:00:00,1.43430,1.43450,1.43390,1.43415
2024-12-31 14:00:00,1.43410,1.43520,1.43410,1.43500
2024-12-31 15:00:00,1.43495,1.43510,1.43450,1.43500
2024-12-31 16:00:00,1.43510,1.43510,1.43450,1.43485
2024-12-31 17:00:00,1.43485,1.43545,1.43470,1.43500
2024-12-31 18:00:00,1.43500,1.43710,1.43500,1.43685
2024-12-31 19:00:00,1.43690,1.43800,1.43685,1.43695
2024-12-31 20:00:00,1.43700,1.43720,1.43650,1.43695
2024-12-31 21:00:00,1.43705,1.43795,1.43665,1.43770
2024-12-31 22:00:00,1.43760,1.43830,1.43705,1.43830
2024-12-31 23:00:00,1.43825,1.43885,1.43785,1.43860
2025-01-02 04:00:00,1.43840,1.43840,1.43840,1.43840
2025-01-02 05:00:00,1.43810,1.43850,1.43810,1.43840
2025-01-02 06:00:00,1.43840,1.43840,1.43830,1.43830
2025-01-02 07:00:00,1.43830,1.43840,1.43830,1.43840
2025-01-02 08:00:00,1.43850,1.43860,1.43840,1.43860
2025-01-02 09:00:00,1.43870,1.43890,1.43830,1.43850
2025-01-02 10:00:00,1.43830,1.43830,1.43730,1.43760
2025-01-02 11:00:00,1.4375,1.43860,1.43740,1.43790
2025-01-02 12:00:00,1.43790,1.43810,1.43690,1.43730
2025-01-02 13:00:00,1.43740,1.43770,1.43710,1.43720
2025-01-02 14:00:00,1.43730,1.43790,1.43730,1.43770
2025-01-02 15:00:00,1.43770,1.43780,1.43730,1.43770
2025-01-02 16:00:00,1.43770,1.43810,1.43710,1.43710
2025-01-02 17:00:00,1.43710,1.43790,1.43710,1.43790
2025-01-02 18:00:00,1.43790,1.44080,1.43770,1.44050
2025-01-02 19:00:00,1.44060,1.44230,1.44010,1.44110
2025-01-02 20:00:00,1.44110,1.44160,1.44040,1.44150
2025-01-02 21:00:00,1.44150,1.44280,1.44100,1.44250
2025-01-02 22:00:00,1.44270,1.44280,1.44170,1.44180
2025-01-02 23:00:00,1.44190,1.44280,1.44170,1.44230
2025-01-03 00:00:00,1.44240,1.44320,1.44150,1.44210
2025-01-03 01:00:00,1.44210,1.44350,1.44190,1.44300
2025-01-03 02:00:00,1.44310,1.44390,1.44210,1.44230
2025-01-03 03:00:00,1.44230,1.44420,1.44210,1.44240
2025-01-03 04:00:00,1.44240,1.44240,1.43920,1.44040
2025-01-03 05:00:00,1.44020,1.44200,1.44000,1.44090
2025-01-03 06:00:00,1.44090,1.44180,1.44000,1.44170
2025-01-03 07:00:00,1.44170,1.44170,1.43970,1.44010
2025-01-03 08:00:00,1.44020,1.44060,1.43980,1.44020
2025-01-03 09:00:00,1.44020,1.44120,1.44010,1.44060
2025-01-03 10:00:00,1.44080,1.44090,1.44040,1.44050
2025-01-03 11:00:00,1.44040,1.44050,1.43920,1.43940
2025-01-03 12:00:00,1.43920,1.43960,1.43890,1.43910
2025-01-03 13:00:00,1.43920,1.43930,1.43840,1.43870
2025-01-03 14:00:00,1.43860,1.43880,1.43830,1.43840
2025-01-03 15:00:00,1.43840,1.43920,1.43830,1.43890
2025-01-03 16:00:00,1.43900,1.43960,1.43830,1.43920
2025-01-03 17:00:00,1.43930,1.43930,1.43850,1.43850
2025-01-03 18:00:00,1.43870,1.44030,1.43860,1.43980
2025-01-03 19:00:00,1.43980,1.44000,1.43880,1.44000
2025-01-03 20:00:00,1.44000,1.44000,1.43880,1.43910
2025-01-03 21:00:00,1.43890,1.44040,1.43890,1.44030
2025-01-03 22:00:00,1.44020,1.44050,1.43920,1.43940
2025-01-03 23:00:00,1.43940,1.44040,1.43920,1.44030
2025-01-04 00:00:00,1.44040,1.44190,1.44040,1.44150
2025-01-04 01:00:00,1.44140,1.44260,1.44090,1.44190
2025-01-04 02:00:00,1.44250,1.44550,1.44240,1.44360
2025-01-04 03:00:00,1.44370,1.44620,1.44330,1.44560
2025-01-04 04:00:00,1.44570,1.44610,1.44430,1.44570
2025-01-04 05:00:00,1.44570,1.44640,1.44540,1.44600
2025-01-04 06:00:00,1.44590,1.44610,1.44460,1.44480
2025-01-04 07:00:00,1.44490,1.44500,1.44400,1.44470
2025-01-04 08:00:00,1.44470,1.44510,1.44410,1.44480
2025-01-06 09:00:00,1.44490,1.44510,1.44460,1.44510
2025-01-06 10:00:00,1.44490,1.44510,1.44360,1.44390
2025-01-06 11:00:00,1.44400,1.44450,1.44320,1.44330
2025-01-06 12:00:00,1.44330,1.44350,1.43980,1.44000
2025-01-06 13:00:00,1.44000,1.44070,1.43880,1.43970
2025-01-06 14:00:00,1.43960,1.44070,1.43880,1.44040
2025-01-06 15:00:00,1.44040,1.44060,1.44010,1.44040
2025-01-06 16:00:00,1.44040,1.44040,1.43890,1.43900
2025-01-06 17:00:00,1.43900,1.44000,1.43890,1.43980
2025-01-06 18:00:00,1.43980,1.43990,1.43850,1.43900
2025-01-06 19:00:00,1.43900,1.43950,1.43590,1.43620
2025-01-06 20:00:00,1.43620,1.43840,1.43610,1.43740
2025-01-06 21:00:00,1.43730,1.43810,1.43680,1.43740
2025-01-06 22:00:00,1.43740,1.43800,1.43010,1.43010
2025-01-06 23:00:00,1.43020,1.43270,1.42990,1.43180
2025-01-07 00:00:00,1.43160,1.43180,1.43040,1.43050
2025-01-07 01:00:00,1.43060,1.43600,1.42800,1.43310
2025-01-07 02:00:00,1.43310,1.43730,1.43230,1.43610
2025-01-07 03:00:00,1.43600,1.43790,1.43550,1.43610
2025-01-07 04:00:00,1.43600,1.43760,1.43600,1.43650
2025-01-07 05:00:00,1.43630,1.43730,1.43600,1.43700
2025-01-07 06:00:00,1.43690,1.43720,1.43370,1.43370
2025-01-07 07:00:00,1.43370,1.43390,1.43310,1.43330
2025-01-07 08:00:00,1.43330,1.43330,1.43290,1.43310
2025-01-07 09:00:00,1.43320,1.43410,1.43310,1.43330
2025-01-07 10:00:00,1.43330,1.43420,1.43310,1.43420
2025-01-07 11:00:00,1.43420,1.43480,1.43390,1.43390
2025-01-07 12:00:00,1.43400,1.43500,1.43350,1.43370
2025-01-07 13:00:00,1.43350,1.43370,1.43310,1.43330
2025-01-07 14:00:00,1.43330,1.43360,1.43230,1.43240
2025-01-07 15:00:00,1.43240,1.43250,1.43190,1.43230
2025-01-07 16:00:00,1.43240,1.43240,1.43120,1.43150
2025-01-07 17:00:00,1.43140,1.43220,1.43110,1.43200
2025-01-07 18:00:00,1.43200,1.43220,1.43080,1.43090
2025-01-07 19:00:00,1.43070,1.43190,1.43040,1.43090
2025-01-07 20:00:00,1.43100,1.43110,1.43020,1.43020
2025-01-07 21:00:00,1.43030,1.43080,1.42980,1.43050
2025-01-07 22:00:00,1.43060,1.43180,1.43030,1.43160
2025-01-07 23:00:00,1.43160,1.43230,1.43120,1.43170
2025-01-08 00:00:00,1.43180,1.43220,1.43010,1.43210
2025-01-08 01:00:00,1.43220,1.43370,1.43210,1.43290
2025-01-08 02:00:00,1.43390,1.43660,1.43340,1.43460
2025-01-08 03:00:00,1.43450,1.43590,1.43240,1.43410
2025-01-08 04:00:00,1.43420,1.43490,1.43180,1.43450
2025-01-08 05:00:00,1.43450,1.43530,1.43390,1.43490
2025-01-08 06:00:00,1.43500,1.43550,1.43410,1.43470
2025-01-08 07:00:00,1.43460,1.43640,1.43460,1.43590
2025-01-08 08:00:00,1.43600,1.43710,1.43560,1.43700
2025-01-08 09:00:00,1.43700,1.43700,1.43650,1.43680
2025-01-08 10:00:00,1.43690,1.43690,1.43620,1.43660
2025-01-08 11:00:00,1.43650,1.43650,1.43510,1.43520
2025-01-08 12:00:00,1.43520,1.43580,1.43480,1.43490
2025-01-08 13:00:00,1.43490,1.43500,1.43450,1.43460
2025-01-08 14:00:00,1.43470,1.43520,1.43450,1.43500
2025-01-08 15:00:00,1.43500,1.43520,1.43470,1.43510
2025-01-08 16:00:00,1.43500,1.43520,1.43430,1.43430
2025-01-08 17:00:00,1.43430,1.43510,1.43390,1.43490
2025-01-08 18:00:00,1.43480,1.43650,1.43480,1.43610
2025-01-08 19:00:00,1.43600,1.43680,1.43500,1.43670
2025-01-08 20:00:00,1.43670,1.43700,1.43600,1.43640
2025-01-08 21:00:00,1.43650,1.43770,1.43620,1.43710
2025-01-08 22:00:00,1.43720,1.44100,1.43700,1.43900
2025-01-08 23:00:00,1.43910,1.44040,1.43830,1.43890
2025-01-09 00:00:00,1.43880,1.44030,1.43810,1.43950
2025-01-09 01:00:00,1.43940,1.44070,1.43890,1.44030
2025-01-09 02:00:00,1.44050,1.44050,1.43860,1.43870
2025-01-09 03:00:00,1.43870,1.43970,1.4375,1.43770
2025-01-09 04:00:00,1.43770,1.43980,1.4375,1.43910
2025-01-09 05:00:00,1.43910,1.43940,1.43800,1.43920
2025-01-09 06:00:00,1.43910,1.43930,1.43770,1.43890
2025-01-09 07:00:00,1.43880,1.43930,1.43770,1.43830
2025-01-09 08:00:00,1.43810,1.43810,1.43730,1.4375
2025-01-09 09:00:00,1.43790,1.43860,1.43740,1.4375
2025-01-09 10:00:00,1.4375,1.43800,1.4375,1.43770
2025-01-09 11:00:00,1.43770,1.43870,1.4375,1.43810
2025-01-09 12:00:00,1.43800,1.43810,1.43740,1.43780
2025-01-09 13:00:00,1.43770,1.43780,1.43720,1.43720
2025-01-09 14:00:00,1.43730,1.43770,1.43650,1.43770
2025-01-09 15:00:00,1.43770,1.43810,1.4375,1.43780
2025-01-09 16:00:00,1.43780,1.43790,1.43720,1.43740
2025-01-09 17:00:00,1.4375,1.43820,1.43710,1.43770
2025-01-09 18:00:00,1.43770,1.44020,1.43770,1.44000
2025-01-09 19:00:00,1.44000,1.44050,1.43800,1.43850
2025-01-09 20:00:00,1.43850,1.43870,1.43780,1.43850
2025-01-09 21:00:00,1.43860,1.43900,1.43810,1.43850
2025-01-09 22:00:00,1.43860,1.43980,1.43850,1.43960
2025-01-09 23:00:00,1.43970,1.43990,1.43900,1.43920
2025-01-10 00:00:00,1.43930,1.43970,1.43860,1.43950
2025-01-10 01:00:00,1.43960,1.44040,1.43880,1.44000
2025-01-10 02:00:00,1.44010,1.44010,1.43880,1.43990
2025-01-10 03:00:00,1.43980,1.44040,1.43950,1.43960
2025-01-10 04:00:00,1.43960,1.44010,1.43920,1.43960
2025-01-10 05:00:00,1.43960,1.44000,1.43880,1.43920
2025-01-10 06:00:00,1.43910,1.43950,1.43900,1.43920
2025-01-10 07:00:00,1.43920,1.43930,1.43880,1.43890
2025-01-10 08:00:00,1.43890,1.43970,1.43880,1.43960
2025-01-10 09:00:00,1.43950,1.43990,1.43930,1.43980
2025-01-10 10:00:00,1.43980,1.44030,1.43960,1.44020
2025-01-10 11:00:00,1.44010,1.44020,1.43970,1.44000
2025-01-10 12:00:00,1.44000,1.44030,1.43960,1.44010
2025-01-10 13:00:00,1.44020,1.44080,1.44000,1.44060
2025-01-10 14:00:00,1.44070,1.44120,1.44060,1.44120
2025-01-10 15:00:00,1.44120,1.44130,1.44090,1.44120
2025-01-10 16:00:00,1.44130,1.44180,1.44080,1.44170
2025-01-10 17:00:00,1.44170,1.44220,1.44160,1.44200
2025-01-10 18:00:00,1.44190,1.44200,1.44060,1.44060
2025-01-10 19:00:00,1.44060,1.44120,1.43950,1.44110
2025-01-10 20:00:00,1.44120,1.44170,1.44080,1.44110
2025-01-10 21:00:00,1.44110,1.44160,1.44050,1.44080
2025-01-10 22:00:00,1.44080,1.44110,1.44000,1.44090
2025-01-10 23:00:00,1.44100,1.44130,1.44040,1.44040
2025-01-11 00:00:00,1.44040,1.44370,1.43960,1.44030
2025-01-11 01:00:00,1.44040,1.44200,1.43760,1.43920
2025-01-11 02:00:00,1.43960,1.44260,1.43960,1.44230
2025-01-11 03:00:00,1.44240,1.44430,1.44230,1.44370
2025-01-11 04:00:00,1.44380,1.44430,1.44130,1.44160
2025-01-11 05:00:00,1.44150,1.44300,1.44150,1.44250
2025-01-11 06:00:00,1.44260,1.44350,1.44220,1.44270
2025-01-11 07:00:00,1.44270,1.44370,1.44270,1.44290
2025-01-11 08:00:00,1.44290,1.44320,1.44200,1.44220
2025-01-13 09:00:00,1.44280,1.44280,1.44210,1.44230
2025-01-13 10:00:00,1.44230,1.44240,1.44120,1.44160
2025-01-13 11:00:00,1.44150,1.44280,1.44150,1.44220
2025-01-13 12:00:00,1.44210,1.44280,1.44190,1.44230
2025-01-13 13:00:00,1.44230,1.44290,1.44170,1.44250
2025-01-13 14:00:00,1.44270,1.44430,1.44260,1.44430
2025-01-13 15:00:00,1.44420,1.44470,1.44380,1.44420
2025-01-13 16:00:00,1.44420,1.44440,1.44340,1.44340
2025-01-13 17:00:00,1.44350,1.44360,1.44300,1.44330
2025-01-13 18:00:00,1.44340,1.44440,1.44280,1.44320
2025-01-13 19:00:00,1.44310,1.44310,1.44190,1.44220
2025-01-13 20:00:00,1.44210,1.44390,1.44150,1.44350
2025-01-13 21:00:00,1.44360,1.44390,1.44290,1.44380
2025-01-13 22:00:00,1.44400,1.44400,1.44270,1.44310
2025-01-13 23:00:00,1.44300,1.44340,1.44150,1.44160
2025-01-14 00:00:00,1.44170,1.44200,1.43920,1.44090
2025-01-14 01:00:00,1.44080,1.44250,1.44010,1.44030
2025-01-14 02:00:00,1.44040,1.44230,1.43970,1.44210
2025-01-14 03:00:00,1.44210,1.44280,1.44030,1.44120
2025-01-14 04:00:00,1.44110,1.44190,1.44080,1.44100
2025-01-14 05:00:00,1.44090,1.44200,1.44060,1.44070
2025-01-14 06:00:00,1.44070,1.44140,1.44040,1.44120
2025-01-14 07:00:00,1.44110,1.44130,1.43980,1.43990
2025-01-14 08:00:00,1.44000,1.44000,1.4375,1.43780
2025-01-14 09:00:00,1.43730,1.4375,1.43560,1.43570
2025-01-14 10:00:00,1.43580,1.43720,1.43430,1.43650
2025-01-14 11:00:00,1.43650,1.43830,1.43640,1.43800
2025-01-14 12:00:00,1.43810,1.43850,1.4375,1.43760
2025-01-14 13:00:00,1.43770,1.43880,1.43760,1.43810
2025-01-14 14:00:00,1.43820,1.43830,1.43730,1.43780
2025-01-14 15:00:00,1.43770,1.43810,1.43710,1.43770
2025-01-14 16:00:00,1.43780,1.43860,1.43770,1.43830
2025-01-14 17:00:00,1.43830,1.43840,1.43770,1.43780
2025-01-14 18:00:00,1.43770,1.43840,1.43710,1.43760
2025-01-14 19:00:00,1.4375,1.43760,1.43580,1.43690
2025-01-14 20:00:00,1.43690,1.43770,1.43670,1.43760
2025-01-14 21:00:00,1.43770,1.43830,1.4375,1.43810
2025-01-14 22:00:00,1.43810,1.43830,1.43780,1.43810
2025-01-14 23:00:00,1.43810,1.43980,1.43790,1.43920
2025-01-15 00:00:00,1.43930,1.43980,1.43660,1.43950
2025-01-15 01:00:00,1.43960,1.44110,1.43850,1.43890
2025-01-15 02:00:00,1.43900,1.43900,1.43510,1.43540
2025-01-15 03:00:00,1.43540,1.4375,1.43510,1.43710
2025-01-15 04:00:00,1.43720,1.43810,1.43670,1.43680
2025-01-15 05:00:00,1.43670,1.43690,1.43530,1.43550
2025-01-15 06:00:00,1.43560,1.43670,1.43530,1.43660
2025-01-15 07:00:00,1.43650,1.43690,1.43560,1.43590
2025-01-15 08:00:00,1.43580,1.43600,1.43480,1.43490
2025-01-15 09:00:00,1.43490,1.43540,1.43480,1.43500
2025-01-15 10:00:00,1.43500,1.43540,1.43490,1.43520
2025-01-15 11:00:00,1.43520,1.43570,1.43510,1.43560
2025-01-15 12:00:00,1.43560,1.43570,1.43510,1.43560
2025-01-15 13:00:00,1.43560,1.43600,1.43540,1.43570
2025-01-15 14:00:00,1.43580,1.43590,1.43520,1.43530
2025-01-15 15:00:00,1.43530,1.43540,1.43500,1.43530
2025-01-15 16:00:00,1.43530,1.43630,1.43520,1.43620
2025-01-15 17:00:00,1.43630,1.43640,1.43560,1.43600
2025-01-15 18:00:00,1.43600,1.43610,1.43410,1.43430
2025-01-15 19:00:00,1.43430,1.43530,1.43290,1.43530
2025-01-15 20:00:00,1.43530,1.43530,1.43430,1.43470
2025-01-15 21:00:00,1.43470,1.43500,1.43430,1.43440
2025-01-15 22:00:00,1.43460,1.43460,1.43410,1.43450
2025-01-15 23:00:00,1.43450,1.43670,1.43440,1.43570
2025-01-16 00:00:00,1.43580,1.43590,1.43030,1.43080
2025-01-16 01:00:00,1.43070,1.43330,1.43030,1.43300
2025-01-16 02:00:00,1.43310,1.43470,1.43240,1.43410
2025-01-16 03:00:00,1.43410,1.43580,1.43350,1.43410
2025-01-16 04:00:00,1.43410,1.43420,1.43340,1.43380
2025-01-16 05:00:00,1.43370,1.43410,1.43300,1.43310
2025-01-16 06:00:00,1.43310,1.43350,1.43270,1.43290
2025-01-16 07:00:00,1.43290,1.43320,1.43270,1.43280
2025-01-16 08:00:00,1.43290,1.43410,1.43270,1.43400
2025-01-16 09:00:00,1.43440,1.43450,1.43270,1.43370
2025-01-16 10:00:00,1.43370,1.43380,1.43240,1.43260
2025-01-16 11:00:00,1.43260,1.43370,1.43230,1.43250
2025-01-16 12:00:00,1.43260,1.43430,1.43260,1.43420
2025-01-16 13:00:00,1.43410,1.43530,1.43410,1.43520
2025-01-16 14:00:00,1.43520,1.43550,1.43510,1.43520
2025-01-16 15:00:00,1.43520,1.43570,1.43480,1.43560
2025-01-16 16:00:00,1.43540,1.43670,1.43540,1.43670
2025-01-16 17:00:00,1.43660,1.43670,1.43570,1.43580
2025-01-16 18:00:00,1.43580,1.43620,1.43530,1.43560
2025-01-16 19:00:00,1.43550,1.43840,1.43540,1.43730
2025-01-16 20:00:00,1.43720,1.4375,1.43660,1.43720
2025-01-16 21:00:00,1.43730,1.43780,1.43700,1.43720
2025-01-16 22:00:00,1.43720,1.43810,1.43690,1.43730
2025-01-16 23:00:00,1.43740,1.43930,1.43730,1.43800
2025-01-17 00:00:00,1.43790,1.43920,1.43770,1.43810
2025-01-17 01:00:00,1.43800,1.43960,1.43790,1.43870
2025-01-17 02:00:00,1.43880,1.43950,1.43730,1.43880
2025-01-17 03:00:00,1.43880,1.44010,1.43800,1.43800
2025-01-17 04:00:00,1.43810,1.43900,1.43680,1.43870
2025-01-17 05:00:00,1.43870,1.43940,1.43830,1.43920
2025-01-17 06:00:00,1.43930,1.44000,1.43870,1.43960
2025-01-17 07:00:00,1.43960,1.44030,1.43920,1.43980
2025-01-17 08:00:00,1.43970,1.44000,1.43900,1.43940
2025-01-17 09:00:00,1.43930,1.43980,1.43900,1.43970
2025-01-17 10:00:00,1.43980,1.44000,1.43940,1.43950
2025-01-17 11:00:00,1.43960,1.44020,1.43950,1.43980
2025-01-17 12:00:00,1.43980,1.44030,1.43950,1.44000
2025-01-17 13:00:00,1.43990,1.44010,1.43950,1.44000
2025-01-17 14:00:00,1.44010,1.44010,1.43890,1.43950
2025-01-17 15:00:00,1.43940,1.44040,1.43940,1.44020
2025-01-17 16:00:00,1.44020,1.44060,1.44000,1.44030
2025-01-17 17:00:00,1.44020,1.44100,1.44020,1.44060
2025-01-17 18:00:00,1.44070,1.44130,1.44040,1.44070
2025-01-17 19:00:00,1.44070,1.44110,1.44020,1.44080
2025-01-17 20:00:00,1.44070,1.44170,1.44020,1.44140
2025-01-17 21:00:00,1.44130,1.44130,1.44060,1.44100
2025-01-17 22:00:00,1.44110,1.44150,1.44080,1.44120
2025-01-17 23:00:00,1.44110,1.44410,1.44090,1.44320
2025-01-18 00:00:00,1.44320,1.44400,1.44250,1.44360
2025-01-18 01:00:00,1.44360,1.44650,1.44100,1.44150
2025-01-18 02:00:00,1.44170,1.44170,1.43830,1.44010
2025-01-18 03:00:00,1.44020,1.44250,1.44010,1.44220
2025-01-18 04:00:00,1.44210,1.44390,1.44170,1.44380
2025-01-18 05:00:00,1.44390,1.44550,1.44380,1.44520
2025-01-18 06:00:00,1.44530,1.44650,1.44470,1.44610
2025-01-18 07:00:00,1.44620,1.44750,1.44610,1.44670
2025-01-18 08:00:00,1.44670,1.44860,1.44670,1.44830
2025-01-20 09:00:00,1.44650,1.44750,1.44630,1.44740
2025-01-20 10:00:00,1.44740,1.44860,1.44690,1.44710
2025-01-20 11:00:00,1.44720,1.44730,1.44610,1.44620
2025-01-20 12:00:00,1.44630,1.44690,1.44540,1.44560
2025-01-20 13:00:00,1.44550,1.44580,1.44520,1.44530
2025-01-20 14:00:00,1.44530,1.44540,1.44460,1.44460
2025-01-20 15:00:00,1.44460,1.44500,1.44440,1.44500
2025-01-20 16:00:00,1.44490,1.44520,1.44460,1.44500
2025-01-20 17:00:00,1.44510,1.44570,1.44430,1.44480
2025-01-20 18:00:00,1.44490,1.44570,1.44450,1.44460
2025-01-20 19:00:00,1.44460,1.44640,1.44450,1.44630
2025-01-20 20:00:00,1.44630,1.44790,1.44610,1.44780
2025-01-20 21:00:00,1.44780,1.44780,1.44630,1.44700
2025-01-20 22:00:00,1.44700,1.44710,1.44590,1.44630
2025-01-20 23:00:00,1.44630,1.44700,1.44530,1.44550
2025-01-21 00:00:00,1.44560,1.44690,1.43120,1.43120
2025-01-21 01:00:00,1.43150,1.43400,1.42610,1.42950
2025-01-21 02:00:00,1.42960,1.43560,1.42730,1.43400
2025-01-21 03:00:00,1.43410,1.43450,1.43150,1.43220
2025-01-21 04:00:00,1.43230,1.43800,1.43140,1.43370
2025-01-21 05:00:00,1.43370,1.43500,1.43270,1.43270
2025-01-21 06:00:00,1.43270,1.43290,1.42920,1.43050
2025-01-21 07:00:00,1.43070,1.43110,1.42850,1.43100
2025-01-21 08:00:00,1.43110,1.43190,1.43080,1.43130
2025-01-21 09:00:00,1.43100,1.43150,1.43030,1.43120
2025-01-21 10:00:00,1.43120,1.43140,1.42970,1.43030
2025-01-21 11:00:00,1.43020,1.45180,1.42900,1.44580
2025-01-21 12:00:00,1.44560,1.44940,1.43910,1.44410
2025-01-21 13:00:00,1.44400,1.44440,1.44100,1.44190
2025-01-21 14:00:00,1.44190,1.44240,1.43940,1.44160
2025-01-21 15:00:00,1.44150,1.44210,1.44050,1.44200
2025-01-21 16:00:00,1.44180,1.44340,1.44120,1.44330
2025-01-21 17:00:00,1.44340,1.44430,1.44280,1.44390
2025-01-21 18:00:00,1.44400,1.44550,1.44310,1.44530
2025-01-21 19:00:00,1.44540,1.44580,1.44250,1.44300
2025-01-21 20:00:00,1.44310,1.44380,1.44160,1.44240
2025-01-21 21:00:00,1.44240,1.44410,1.44190,1.44370
2025-01-21 22:00:00,1.44360,1.44480,1.44350,1.44470
2025-01-21 23:00:00,1.44460,1.44570,1.44380,1.44430
2025-01-22 00:00:00,1.44420,1.44500,1.44140,1.44480
2025-01-22 01:00:00,1.44470,1.44490,1.44010,1.44150
2025-01-22 02:00:00,1.44150,1.44160,1.43680,1.43790
2025-01-22 03:00:00,1.43790,1.43790,1.43290,1.43300
2025-01-22 04:00:00,1.43300,1.43360,1.43180,1.43350
2025-01-22 05:00:00,1.43350,1.43390,1.43240,1.43320
2025-01-22 06:00:00,1.43310,1.43390,1.43290,1.43350
2025-01-22 07:00:00,1.43350,1.43450,1.43330,1.43380
2025-01-22 08:00:00,1.43390,1.43390,1.43130,1.43220
2025-01-22 09:00:00,1.43300,1.43300,1.43200,1.43270
2025-01-22 10:00:00,1.43260,1.43510,1.43250,1.43420
2025-01-22 11:00:00,1.43410,1.43410,1.43170,1.43240
2025-01-22 12:00:00,1.43250,1.43390,1.43250,1.43370
2025-01-22 13:00:00,1.43380,1.43410,1.43280,1.43300
2025-01-22 14:00:00,1.43310,1.43400,1.43280,1.43380
2025-01-22 15:00:00,1.43390,1.43400,1.43310,1.43370
2025-01-22 16:00:00,1.43370,1.43440,1.43350,1.43370
2025-01-22 17:00:00,1.43380,1.43540,1.43350,1.43500
2025-01-22 18:00:00,1.43490,1.43520,1.43320,1.43350
2025-01-22 19:00:00,1.43350,1.43370,1.43220,1.43290
2025-01-22 20:00:00,1.43280,1.43370,1.43260,1.43280
2025-01-22 21:00:00,1.43280,1.43280,1.43060,1.43200
2025-01-22 22:00:00,1.43200,1.43380,1.43010,1.43340
2025-01-22 23:00:00,1.43350,1.43500,1.43290,1.43410
2025-01-23 00:00:00,1.43410,1.43710,1.43330,1.43540
2025-01-23 01:00:00,1.43540,1.43790,1.43530,1.43770
2025-01-23 02:00:00,1.43760,1.43910,1.43740,1.43760
2025-01-23 03:00:00,1.43770,1.43820,1.43580,1.43610
2025-01-23 04:00:00,1.43620,1.43720,1.43610,1.43660
2025-01-23 05:00:00,1.43670,1.43740,1.43540,1.43650
2025-01-23 06:00:00,1.43660,1.43720,1.43640,1.43700
2025-01-23 07:00:00,1.43710,1.43910,1.43650,1.43880
2025-01-23 08:00:00,1.43890,1.43900,1.43770,1.43820
2025-01-23 09:00:00,1.43810,1.43850,1.43730,1.43830
2025-01-23 10:00:00,1.43830,1.44040,1.43830,1.43960
2025-01-23 11:00:00,1.43960,1.43960,1.43870,1.43880
2025-01-23 12:00:00,1.43890,1.43960,1.43820,1.43940
2025-01-23 13:00:00,1.43950,1.44040,1.43870,1.43890
2025-01-23 14:00:00,1.43880,1.43940,1.43830,1.43920
2025-01-23 15:00:00,1.43920,1.43920,1.43870,1.43890
2025-01-23 16:00:00,1.43890,1.43950,1.43880,1.43930
2025-01-23 17:00:00,1.43940,1.43950,1.43860,1.43950
2025-01-23 18:00:00,1.43960,1.44020,1.43870,1.43890
2025-01-23 19:00:00,1.43880,1.44000,1.43870,1.43950
2025-01-23 20:00:00,1.43940,1.43940,1.43840,1.43900
2025-01-23 21:00:00,1.43900,1.43940,1.43870,1.43930
2025-01-23 22:00:00,1.43920,1.44020,1.43880,1.43960
2025-01-23 23:00:00,1.43960,1.44110,1.43950,1.44000
2025-01-24 00:00:00,1.43990,1.44140,1.43940,1.44040
2025-01-24 01:00:00,1.44030,1.44030,1.43720,1.43810
2025-01-24 02:00:00,1.43800,1.43910,1.43710,1.43800
2025-01-24 03:00:00,1.43810,1.44020,1.43490,1.43610
2025-01-24 04:00:00,1.43620,1.43650,1.43350,1.43390
2025-01-24 05:00:00,1.43390,1.43600,1.43390,1.43560
2025-01-24 06:00:00,1.43550,1.43620,1.43480,1.43620
2025-01-24 07:00:00,1.43620,1.43810,1.43560,1.4375
2025-01-24 08:00:00,1.43760,1.43870,1.43700,1.43830
2025-01-24 09:00:00,1.43830,1.43830,1.43810,1.43830
2025-01-24 10:00:00,1.43820,1.43830,1.43770,1.43780
2025-01-24 11:00:00,1.43790,1.43810,1.43730,1.43760
2025-01-24 12:00:00,1.43770,1.43840,1.4375,1.43760
2025-01-24 13:00:00,1.4375,1.4375,1.43260,1.43290
2025-01-24 14:00:00,1.43290,1.43450,1.43210,1.43350
2025-01-24 15:00:00,1.43340,1.43440,1.43290,1.43410
2025-01-24 16:00:00,1.43400,1.43420,1.43320,1.43320
2025-01-24 17:00:00,1.43310,1.43340,1.43220,1.43310
2025-01-24 18:00:00,1.43310,1.43490,1.43310,1.43440
2025-01-24 19:00:00,1.43450,1.43470,1.43260,1.43290
2025-01-24 20:00:00,1.43290,1.43390,1.43150,1.43260
2025-01-24 21:00:00,1.43250,1.43310,1.43200,1.43270
2025-01-24 22:00:00,1.43280,1.43380,1.43230,1.43350
2025-01-24 23:00:00,1.43360,1.43500,1.43360,1.43430
2025-01-25 00:00:00,1.43430,1.43430,1.43230,1.43240
2025-01-25 01:00:00,1.43240,1.43420,1.43180,1.43370
2025-01-25 02:00:00,1.43390,1.43410,1.43200,1.43280
2025-01-25 03:00:00,1.43290,1.43420,1.43250,1.43330
2025-01-25 04:00:00,1.43330,1.43380,1.43270,1.43370
2025-01-25 05:00:00,1.43380,1.43430,1.43350,1.43420
2025-01-25 06:00:00,1.43410,1.43470,1.43400,1.43430
2025-01-25 07:00:00,1.43440,1.43500,1.43390,1.43470
2025-01-25 08:00:00,1.43470,1.43500,1.43360,1.43460
2025-01-27 09:00:00,1.43660,1.43730,1.43640,1.43730
2025-01-27 10:00:00,1.43730,1.43880,1.43720,1.43860
2025-01-27 11:00:00,1.43860,1.43870,1.43720,1.4375
2025-01-27 12:00:00,1.4375,1.43870,1.43660,1.43840
2025-01-27 13:00:00,1.43850,1.44020,1.43850,1.43880
2025-01-27 14:00:00,1.43890,1.43920,1.43670,1.43780
2025-01-27 15:00:00,1.43770,1.43900,1.4375,1.43820
2025-01-27 16:00:00,1.43830,1.43910,1.43830,1.43850
2025-01-27 17:00:00,1.43840,1.43940,1.43790,1.43810
2025-01-27 18:00:00,1.43800,1.44010,1.43800,1.44000
2025-01-27 19:00:00,1.44000,1.44000,1.43780,1.43790
2025-01-27 20:00:00,1.43790,1.43820,1.43650,1.43690
2025-01-27 21:00:00,1.43680,1.43680,1.43480,1.43570
2025-01-27 22:00:00,1.43580,1.43690,1.43490,1.43620
2025-01-27 23:00:00,1.43610,1.43700,1.43330,1.43420
2025-01-28 00:00:00,1.43420,1.43600,1.43340,1.43580
2025-01-28 01:00:00,1.43580,1.43900,1.43560,1.43790
2025-01-28 02:00:00,1.43790,1.43960,1.43790,1.43850
2025-01-28 03:00:00,1.43850,1.43960,1.43800,1.43910
2025-01-28 04:00:00,1.43900,1.43990,1.43870,1.43980
2025-01-28 05:00:00,1.43980,1.44010,1.43810,1.43860
2025-01-28 06:00:00,1.43860,1.43880,1.43760,1.43770
2025-01-28 07:00:00,1.43780,1.43850,1.43720,1.43730
2025-01-28 08:00:00,1.43730,1.43770,1.43670,1.43740
2025-01-28 09:00:00,1.43720,1.43760,1.43670,1.43710
2025-01-28 10:00:00,1.43720,1.44160,1.43690,1.44060
2025-01-28 11:00:00,1.44060,1.44080,1.43880,1.43920
2025-01-28 12:00:00,1.43920,1.44040,1.43810,1.43970
2025-01-28 13:00:00,1.44000,1.44060,1.43880,1.43940
2025-01-28 14:00:00,1.43940,1.44010,1.43920,1.44000
2025-01-28 15:00:00,1.44000,1.44050,1.43950,1.43960
2025-01-28 16:00:00,1.43950,1.44000,1.43920,1.43980
2025-01-28 17:00:00,1.43990,1.44040,1.43930,1.44000
2025-01-28 18:00:00,1.44000,1.44060,1.43930,1.44040
2025-01-28 19:00:00,1.44050,1.44130,1.44020,1.44050
2025-01-28 20:00:00,1.44040,1.44050,1.43890,1.43980
2025-01-28 21:00:00,1.43970,1.44120,1.43940,1.44120
2025-01-28 22:00:00,1.44130,1.44170,1.44080,1.44160
2025-01-28 23:00:00,1.44150,1.44210,1.44110,1.44170
2025-01-29 00:00:00,1.44170,1.44180,1.43960,1.44020
2025-01-29 01:00:00,1.44010,1.44020,1.43690,1.43830
2025-01-29 02:00:00,1.43830,1.43940,1.43770,1.43920
2025-01-29 03:00:00,1.43930,1.44010,1.43840,1.43930
2025-01-29 04:00:00,1.43920,1.43990,1.43860,1.43980
2025-01-29 05:00:00,1.43970,1.44080,1.43850,1.44000
2025-01-29 06:00:00,1.44010,1.44130,1.43940,1.43950
2025-01-29 07:00:00,1.43960,1.44010,1.43930,1.43970
2025-01-29 08:00:00,1.43980,1.44030,1.43940,1.44000
2025-01-29 09:00:00,1.43930,1.44010,1.43930,1.44000
2025-01-29 10:00:00,1.43990,1.44040,1.43990,1.44030
2025-01-29 11:00:00,1.44040,1.44100,1.43970,1.44050
2025-01-29 12:00:00,1.44040,1.44060,1.44010,1.44030
2025-01-29 13:00:00,1.44040,1.44040,1.43950,1.43990
2025-01-29 14:00:00,1.43980,1.44040,1.43960,1.43960
2025-01-29 15:00:00,1.43970,1.43980,1.43920,1.43970
2025-01-29 16:00:00,1.43980,1.44000,1.43930,1.43980
2025-01-29 17:00:00,1.43970,1.44000,1.43930,1.43990
2025-01-29 18:00:00,1.44000,1.44150,1.43990,1.44140
2025-01-29 19:00:00,1.44130,1.44200,1.44080,1.44200
2025-01-29 20:00:00,1.44210,1.44340,1.44190,1.44300
2025-01-29 21:00:00,1.44290,1.44330,1.44230,1.44290
2025-01-29 22:00:00,1.44300,1.44320,1.44190,1.44280
2025-01-29 23:00:00,1.44290,1.44410,1.44250,1.44340
2025-01-30 00:00:00,1.44350,1.44710,1.44330,1.44650
2025-01-30 01:00:00,1.44650,1.44720,1.44220,1.44420
2025-01-30 02:00:00,1.44410,1.44630,1.44330,1.44440
2025-01-30 03:00:00,1.44440,1.44590,1.44300,1.44330
2025-01-30 04:00:00,1.44330,1.44330,1.44040,1.44220
2025-01-30 05:00:00,1.44230,1.44300,1.44190,1.44250
2025-01-30 06:00:00,1.44260,1.44460,1.44090,1.44200
2025-01-30 07:00:00,1.44210,1.44300,1.44110,1.44270
2025-01-30 08:00:00,1.44260,1.44290,1.44190,1.44210
2025-01-30 09:00:00,1.44190,1.44230,1.44150,1.44210
2025-01-30 10:00:00,1.44210,1.44210,1.43930,1.43970
2025-01-30 11:00:00,1.44000,1.44110,1.43980,1.44070
2025-01-30 12:00:00,1.44080,1.44170,1.44080,1.44140
2025-01-30 13:00:00,1.44150,1.44190,1.44080,1.44180
2025-01-30 14:00:00,1.44170,1.44200,1.44140,1.44180
2025-01-30 15:00:00,1.44170,1.44230,1.44150,1.44200
2025-01-30 16:00:00,1.44210,1.44250,1.44210,1.44250
2025-01-30 17:00:00,1.44240,1.44330,1.44230,1.44300
2025-01-30 18:00:00,1.44300,1.44360,1.44160,1.44180
2025-01-30 19:00:00,1.44170,1.44190,1.44070,1.44080
2025-01-30 20:00:00,1.44070,1.44170,1.44020,1.44100
2025-01-30 21:00:00,1.44100,1.44150,1.44050,1.44120
2025-01-30 22:00:00,1.44130,1.44150,1.44080,1.44140
2025-01-30 23:00:00,1.44140,1.44200,1.44070,1.44130
2025-01-31 00:00:00,1.44130,1.44230,1.44060,1.44090
2025-01-31 01:00:00,1.44100,1.44210,1.44040,1.44160
2025-01-31 02:00:00,1.44150,1.44160,1.44000,1.44090
2025-01-31 03:00:00,1.44090,1.44150,1.44050,1.44140
2025-01-31 04:00:00,1.44150,1.44230,1.44120,1.44150
2025-01-31 05:00:00,1.44160,1.44160,1.44000,1.44010
2025-01-31 06:00:00,1.44020,1.44150,1.44000,1.44140
2025-01-31 07:00:00,1.44140,1.45940,1.44120,1.44860
2025-01-31 08:00:00,1.44870,1.45130,1.44730,1.44860
2025-01-31 09:00:00,1.44840,1.45030,1.44840,1.44920
2025-01-31 10:00:00,1.44890,1.45110,1.44830,1.44930
2025-01-31 11:00:00,1.44940,1.45000,1.44840,1.44970
2025-01-31 12:00:00,1.44980,1.45010,1.44800,1.44840
2025-01-31 13:00:00,1.44860,1.44900,1.44720,1.44780
2025-01-31 14:00:00,1.44790,1.44860,1.44740,1.44840
2025-01-31 15:00:00,1.44840,1.44880,1.44780,1.44800
2025-01-31 16:00:00,1.44800,1.44840,1.44750,1.44780
2025-01-31 17:00:00,1.44780,1.44810,1.44630,1.44640
2025-01-31 18:00:00,1.44650,1.44650,1.44310,1.44380
2025-01-31 19:00:00,1.44390,1.44710,1.44370,1.44690
2025-01-31 20:00:00,1.44720,1.44920,1.44700,1.44780
2025-01-31 21:00:00,1.44790,1.44910,1.44770,1.44870
2025-01-31 22:00:00,1.44880,1.44970,1.44860,1.44870
2025-01-31 23:00:00,1.44870,1.44870,1.44760,1.44820
2025-02-01 00:00:00,1.44820,1.44920,1.44630,1.44880
2025-02-01 01:00:00,1.44880,1.45500,1.44870,1.45190
2025-02-01 02:00:00,1.45200,1.45290,1.44680,1.44820
2025-02-01 03:00:00,1.44830,1.44910,1.44530,1.44620
2025-02-01 04:00:00,1.44610,1.44820,1.43740,1.44010
2025-02-01 05:00:00,1.44020,1.45240,1.43910,1.45060
2025-02-01 06:00:00,1.45070,1.45280,1.45040,1.45110
2025-02-01 07:00:00,1.45110,1.45590,1.44960,1.45370
2025-02-01 08:00:00,1.45360,1.45530,1.45100,1.45280
2025-02-03 09:00:00,1.47380,1.47480,1.47160,1.47380
2025-02-03 10:00:00,1.47380,1.47510,1.47060,1.47130
2025-02-03 11:00:00,1.47140,1.47440,1.46740,1.47410
2025-02-03 12:00:00,1.47390,1.47510,1.47100,1.47470
2025-02-03 13:00:00,1.47490,1.47880,1.47460,1.47820
2025-02-03 14:00:00,1.47810,1.47930,1.47730,1.47770
2025-02-03 15:00:00,1.47760,1.47770,1.47350,1.47480
2025-02-03 16:00:00,1.47480,1.47540,1.47260,1.47290
2025-02-03 17:00:00,1.47280,1.47530,1.47030,1.47140
2025-02-03 18:00:00,1.47140,1.47260,1.46950,1.47170
2025-02-03 19:00:00,1.47160,1.47220,1.46750,1.46960
2025-02-03 20:00:00,1.46960,1.47030,1.46750,1.46940
2025-02-03 21:00:00,1.46930,1.46930,1.46650,1.46730
2025-02-03 22:00:00,1.46730,1.47040,1.46700,1.46750
2025-02-03 23:00:00,1.46740,1.46870,1.46520,1.46710
2025-02-04 00:00:00,1.46710,1.46740,1.45930,1.46680
2025-02-04 01:00:00,1.46690,1.46910,1.46410,1.46780
2025-02-04 02:00:00,1.46760,1.46980,1.45450,1.45710
2025-02-04 03:00:00,1.45720,1.46440,1.45690,1.46010
2025-02-04 04:00:00,1.46000,1.46250,1.45290,1.45790
2025-02-04 05:00:00,1.45790,1.45930,1.45640,1.45750
2025-02-04 06:00:00,1.45740,1.45750,1.45480,1.45750
2025-02-04 07:00:00,1.45740,1.45750,1.45550,1.45690
2025-02-04 08:00:00,1.45700,1.45760,1.43900,1.44290
2025-02-04 09:00:00,1.44210,1.44330,1.44080,1.44110
2025-02-04 10:00:00,1.44100,1.44230,1.43870,1.44220
2025-02-04 11:00:00,1.44210,1.44540,1.44170,1.44440
2025-02-04 12:00:00,1.44440,1.44630,1.44390,1.44490
2025-02-04 13:00:00,1.44480,1.44660,1.44480,1.44590
2025-02-04 14:00:00,1.44590,1.44740,1.44540,1.44690
2025-02-04 15:00:00,1.44700,1.44820,1.44670,1.44790
2025-02-04 16:00:00,1.44820,1.45030,1.44800,1.44870
2025-02-04 17:00:00,1.44860,1.44880,1.44630,1.44630
2025-02-04 18:00:00,1.44630,1.44670,1.44310,1.44390
2025-02-04 19:00:00,1.44380,1.44620,1.44340,1.44510
2025-02-04 20:00:00,1.44500,1.44550,1.44250,1.44260
2025-02-04 21:00:00,1.44260,1.44330,1.44180,1.44190
2025-02-04 22:00:00,1.44180,1.44370,1.44150,1.44350
2025-02-04 23:00:00,1.44340,1.44420,1.44160,1.44170
2025-02-05 00:00:00,1.44170,1.44190,1.43820,1.43830
2025-02-05 01:00:00,1.43830,1.43930,1.43610,1.43710
2025-02-05 02:00:00,1.43720,1.43720,1.43280,1.43280
2025-02-05 03:00:00,1.43280,1.43330,1.43090,1.43210
2025-02-05 04:00:00,1.43220,1.43510,1.43170,1.43410
2025-02-05 05:00:00,1.43420,1.43470,1.43320,1.43330
2025-02-05 06:00:00,1.43320,1.43370,1.43040,1.43060
2025-02-05 07:00:00,1.43060,1.43190,1.43050,1.43180
2025-02-05 08:00:00,1.43180,1.43330,1.43170,1.43210
2025-02-05 09:00:00,1.43190,1.43310,1.43190,1.43290
2025-02-05 10:00:00,1.43290,1.43390,1.43230,1.43390
2025-02-05 11:00:00,1.43350,1.43370,1.43200,1.43250
2025-02-05 12:00:00,1.43250,1.43350,1.43140,1.43350
2025-02-05 13:00:00,1.43350,1.43390,1.43190,1.43260
2025-02-05 14:00:00,1.43260,1.43330,1.43220,1.43320
2025-02-05 15:00:00,1.43320,1.43410,1.43300,1.43380
2025-02-05 16:00:00,1.43390,1.43450,1.43370,1.43390
2025-02-05 17:00:00,1.43400,1.43440,1.43190,1.43310
2025-02-05 18:00:00,1.43310,1.43390,1.43050,1.43100
2025-02-05 19:00:00,1.43110,1.43110,1.42840,1.42840
2025-02-05 20:00:00,1.42840,1.42870,1.42800,1.42860
2025-02-05 21:00:00,1.42860,1.42890,1.42720,1.42760
2025-02-05 22:00:00,1.42760,1.42960,1.42760,1.42880
2025-02-05 23:00:00,1.42880,1.42950,1.42820,1.42860
2025-02-06 00:00:00,1.42860,1.42950,1.42700,1.42930
2025-02-06 01:00:00,1.42930,1.42950,1.42700,1.42890
2025-02-06 02:00:00,1.42760,1.43000,1.42700,1.42860
2025-02-06 03:00:00,1.42870,1.42990,1.42810,1.42830
2025-02-06 04:00:00,1.42820,1.43010,1.42760,1.42920
2025-02-06 05:00:00,1.42930,1.43120,1.42870,1.43100
2025-02-06 06:00:00,1.43100,1.43200,1.43030,1.43150
2025-02-06 07:00:00,1.43160,1.43280,1.43120,1.43140
2025-02-06 08:00:00,1.43140,1.43190,1.43050,1.43140
2025-02-06 09:00:00,1.43110,1.43200,1.43110,1.43160
2025-02-06 10:00:00,1.43140,1.43210,1.43120,1.43160
2025-02-06 11:00:00,1.43160,1.43280,1.43120,1.43220
2025-02-06 12:00:00,1.43220,1.43240,1.43140,1.43150
2025-02-06 13:00:00,1.43150,1.43310,1.43150,1.43300
2025-02-06 14:00:00,1.43300,1.43370,1.43270,1.43340
2025-02-06 15:00:00,1.43350,1.43520,1.43330,1.43490
2025-02-06 16:00:00,1.43500,1.43500,1.43400,1.43480
2025-02-06 17:00:00,1.43490,1.43490,1.43410,1.43460
2025-02-06 18:00:00,1.43460,1.43640,1.43440,1.43610
2025-02-06 19:00:00,1.43600,1.43670,1.43500,1.43580
2025-02-06 20:00:00,1.43590,1.43670,1.43540,1.43600
2025-02-06 21:00:00,1.43600,1.43630,1.43480,1.43580
2025-02-06 22:00:00,1.43580,1.43620,1.43500,1.43580
2025-02-06 23:00:00,1.43590,1.43650,1.43460,1.43480
2025-02-07 00:00:00,1.43480,1.43540,1.43410,1.43420
2025-02-07 01:00:00,1.43410,1.43500,1.43280,1.43470
2025-02-07 02:00:00,1.43470,1.43500,1.43210,1.43220
2025-02-07 03:00:00,1.43220,1.43230,1.43030,1.43170
2025-02-07 04:00:00,1.43180,1.43190,1.43070,1.43100
2025-02-07 05:00:00,1.43110,1.43140,1.43010,1.43060
2025-02-07 06:00:00,1.43070,1.43180,1.43050,1.43180
2025-02-07 07:00:00,1.43190,1.43200,1.43030,1.43050
2025-02-07 08:00:00,1.43070,1.43120,1.43030,1.43100
2025-02-07 09:00:00,1.43090,1.43140,1.43070,1.43100
2025-02-07 10:00:00,1.43070,1.43120,1.43060,1.43080
2025-02-07 11:00:00,1.43080,1.43190,1.43020,1.43170
2025-02-07 12:00:00,1.43160,1.43170,1.43030,1.43060
2025-02-07 13:00:00,1.43060,1.43090,1.43020,1.43060
2025-02-07 14:00:00,1.43070,1.43180,1.43060,1.43170
2025-02-07 15:00:00,1.43170,1.43270,1.43170,1.43210
2025-02-07 16:00:00,1.43200,1.43270,1.43180,1.43250
2025-02-07 17:00:00,1.43250,1.43260,1.43200,1.43200
2025-02-07 18:00:00,1.43210,1.43220,1.43080,1.43150
2025-02-07 19:00:00,1.43130,1.43140,1.43050,1.43080
2025-02-07 20:00:00,1.43080,1.43140,1.43060,1.43120
2025-02-07 21:00:00,1.43110,1.43280,1.43110,1.43250
2025-02-07 22:00:00,1.43240,1.43350,1.43230,1.43310
2025-02-07 23:00:00,1.43310,1.43440,1.43310,1.43370
2025-02-08 00:00:00,1.43380,1.43450,1.42890,1.43050
2025-02-08 01:00:00,1.43060,1.43120,1.42820,1.42900
2025-02-08 02:00:00,1.42900,1.43390,1.42800,1.43030
2025-02-08 03:00:00,1.43020,1.43280,1.42910,1.43120
2025-02-08 04:00:00,1.43130,1.43310,1.42870,1.42930
2025-02-08 05:00:00,1.42930,1.43010,1.42740,1.42980
2025-02-08 06:00:00,1.42980,1.43010,1.42760,1.42840
2025-02-08 07:00:00,1.42840,1.42980,1.42800,1.42810
2025-02-08 08:00:00,1.42800,1.42970,1.42740,1.42940
2025-02-10 09:00:00,1.43630,1.43810,1.43510,1.43620
2025-02-10 10:00:00,1.43600,1.43600,1.43310,1.43330
2025-02-10 11:00:00,1.43320,1.43390,1.43240,1.43330
2025-02-10 12:00:00,1.43310,1.43520,1.43280,1.43490
2025-02-10 13:00:00,1.43490,1.43580,1.43430,1.43560
2025-02-10 14:00:00,1.43550,1.43560,1.43430,1.43430
2025-02-10 15:00:00,1.43430,1.43460,1.43390,1.43430
2025-02-10 16:00:00,1.43430,1.43460,1.43360,1.43450
2025-02-10 17:00:00,1.43450,1.43470,1.43350,1.43360
2025-02-10 18:00:00,1.43350,1.43600,1.43320,1.43480
2025-02-10 19:00:00,1.43480,1.43480,1.43320,1.43370
2025-02-10 20:00:00,1.43370,1.43380,1.43160,1.43270
2025-02-10 21:00:00,1.43280,1.43380,1.43270,1.43350
2025-02-10 22:00:00,1.43350,1.43410,1.43270,1.43400
2025-02-10 23:00:00,1.43400,1.43450,1.43350,1.43380
2025-02-11 00:00:00,1.43390,1.43450,1.43340,1.43380
2025-02-11 01:00:00,1.43370,1.43430,1.43240,1.43370
2025-02-11 02:00:00,1.43360,1.43410,1.43200,1.43210
2025-02-11 03:00:00,1.43220,1.43260,1.43140,1.43180
2025-02-11 04:00:00,1.43180,1.43250,1.43140,1.43200
2025-02-11 05:00:00,1.43200,1.43230,1.43110,1.43140
2025-02-11 06:00:00,1.43140,1.43170,1.43050,1.43090
2025-02-11 07:00:00,1.43090,1.43150,1.43070,1.43100
2025-02-11 08:00:00,1.43110,1.43200,1.43090,1.43200
2025-02-11 09:00:00,1.43160,1.43390,1.43160,1.43290
2025-02-11 10:00:00,1.43290,1.43390,1.43200,1.43390
2025-02-11 11:00:00,1.43390,1.43400,1.43320,1.43320
2025-02-11 12:00:00,1.43330,1.43360,1.43270,1.43350
2025-02-11 13:00:00,1.43350,1.43410,1.43300,1.43390
2025-02-11 14:00:00,1.43390,1.43410,1.43350,1.43350
2025-02-11 15:00:00,1.43340,1.43360,1.43330,1.43350
2025-02-11 16:00:00,1.43340,1.43350,1.43290,1.43330
2025-02-11 17:00:00,1.43330,1.43350,1.43270,1.43300
2025-02-11 18:00:00,1.43310,1.43380,1.43270,1.43340
2025-02-11 19:00:00,1.43330,1.43380,1.43250,1.43360
2025-02-11 20:00:00,1.43350,1.43400,1.43310,1.43340
2025-02-11 21:00:00,1.43330,1.43460,1.43300,1.43440
2025-02-11 22:00:00,1.43430,1.43450,1.43270,1.43280
2025-02-11 23:00:00,1.43280,1.43400,1.43220,1.43230
2025-02-12 00:00:00,1.43240,1.43290,1.43080,1.43100
2025-02-12 01:00:00,1.43110,1.43210,1.43090,1.43200
2025-02-12 02:00:00,1.43200,1.43270,1.43090,1.43140
2025-02-12 03:00:00,1.43150,1.43150,1.43030,1.43080
2025-02-12 04:00:00,1.43090,1.43150,1.43000,1.43070
2025-02-12 05:00:00,1.43080,1.43090,1.42970,1.43030
2025-02-12 06:00:00,1.43030,1.43040,1.42800,1.42940
2025-02-12 07:00:00,1.42930,1.42940,1.42800,1.42870
2025-02-12 08:00:00,1.42890,1.42950,1.42840,1.42880
2025-02-12 09:00:00,1.42880,1.42890,1.42850,1.42870
2025-02-12 10:00:00,1.42870,1.42880,1.42820,1.42870
2025-02-12 11:00:00,1.42880,1.42940,1.42870,1.42910
2025-02-12 12:00:00,1.42920,1.42970,1.42870,1.42880
2025-02-12 13:00:00,1.42880,1.42910,1.42800,1.42840
2025-02-12 14:00:00,1.42850,1.42900,1.42830,1.42870
2025-02-12 15:00:00,1.42880,1.42980,1.42870,1.42970
2025-02-12 16:00:00,1.42980,1.42990,1.42950,1.42970
2025-02-12 17:00:00,1.42970,1.42970,1.42930,1.42970
2025-02-12 18:00:00,1.42970,1.42970,1.42860,1.42910
2025-02-12 19:00:00,1.42920,1.43040,1.42870,1.43020
2025-02-12 20:00:00,1.43030,1.43140,1.43000,1.43080
2025-02-12 21:00:00,1.43090,1.43160,1.43070,1.43080
2025-02-12 22:00:00,1.43080,1.43090,1.42900,1.42960
2025-02-12 23:00:00,1.42960,1.43060,1.42930,1.43010
2025-02-13 00:00:00,1.43020,1.43400,1.42930,1.43290
2025-02-13 01:00:00,1.43300,1.43430,1.43180,1.43200
2025-02-13 02:00:00,1.43200,1.43320,1.42910,1.42960
2025-02-13 03:00:00,1.42950,1.43150,1.42840,1.42900
2025-02-13 04:00:00,1.42900,1.42910,1.42560,1.42620
2025-02-13 05:00:00,1.42630,1.42900,1.42590,1.42840
2025-02-13 06:00:00,1.42850,1.42920,1.42820,1.42850
2025-02-13 07:00:00,1.42850,1.42870,1.42800,1.42840
2025-02-13 08:00:00,1.42850,1.43110,1.42840,1.43060
2025-02-13 09:00:00,1.43020,1.43070,1.42990,1.43010
2025-02-13 10:00:00,1.43020,1.43040,1.42990,1.43010
2025-02-13 11:00:00,1.43010,1.43030,1.42910,1.42990
2025-02-13 12:00:00,1.42990,1.43020,1.42870,1.42890
2025-02-13 13:00:00,1.42890,1.42910,1.42820,1.42850
2025-02-13 14:00:00,1.42860,1.42860,1.42690,1.42690
2025-02-13 15:00:00,1.42700,1.42700,1.42600,1.42630
2025-02-13 16:00:00,1.42630,1.42630,1.42560,1.42590
2025-02-13 17:00:00,1.42590,1.42650,1.42550,1.42630
2025-02-13 18:00:00,1.42610,1.42750,1.42560,1.42710
2025-02-13 19:00:00,1.42720,1.42970,1.42710,1.42940
2025-02-13 20:00:00,1.42950,1.43000,1.42890,1.42920
2025-02-13 21:00:00,1.42920,1.42980,1.42870,1.42900
2025-02-13 22:00:00,1.42900,1.43040,1.42830,1.42940
2025-02-13 23:00:00,1.42950,1.43030,1.42850,1.42850
2025-02-14 00:00:00,1.42860,1.42930,1.42700,1.42850
2025-02-14 01:00:00,1.42860,1.42900,1.42680,1.42690
2025-02-14 02:00:00,1.42680,1.42680,1.42110,1.42230
2025-02-14 03:00:00,1.42220,1.42320,1.42120,1.42300
2025-02-14 04:00:00,1.42320,1.42450,1.42280,1.42440
2025-02-14 05:00:00,1.42450,1.42630,1.42330,1.42400
2025-02-14 06:00:00,1.42410,1.42420,1.42230,1.42310
2025-02-14 07:00:00,1.42320,1.42330,1.41830,1.41880
2025-02-14 08:00:00,1.41890,1.42010,1.41860,1.41920
2025-02-14 09:00:00,1.41920,1.41990,1.41890,1.41950
2025-02-14 10:00:00,1.41940,1.42020,1.41900,1.41930
2025-02-14 11:00:00,1.41920,1.42010,1.41860,1.41940
2025-02-14 12:00:00,1.41950,1.41950,1.41830,1.41900
2025-02-14 13:00:00,1.41900,1.41920,1.41840,1.41870
2025-02-14 14:00:00,1.41870,1.41920,1.41820,1.41830
2025-02-14 15:00:00,1.41830,1.41860,1.41770,1.41840
2025-02-14 16:00:00,1.41840,1.41920,1.41830,1.41870
2025-02-14 17:00:00,1.41880,1.41900,1.41790,1.41820
2025-02-14 18:00:00,1.41820,1.41820,1.41640,1.41670
2025-02-14 19:00:00,1.41680,1.41700,1.41570,1.41690
2025-02-14 20:00:00,1.41690,1.41730,1.41600,1.41680
2025-02-14 21:00:00,1.41690,1.41850,1.41650,1.41830
2025-02-14 22:00:00,1.41840,1.41920,1.41780,1.41830
2025-02-14 23:00:00,1.41830,1.41900,1.41740,1.41740
2025-02-15 00:00:00,1.41750,1.41810,1.41560,1.41650
2025-02-15 01:00:00,1.41650,1.41660,1.41510,1.41530
2025-02-15 02:00:00,1.41540,1.41700,1.41530,1.41670
2025-02-15 03:00:00,1.41670,1.41780,1.41640,1.41730
2025-02-15 04:00:00,1.41730,1.41790,1.41640,1.41650
2025-02-15 05:00:00,1.41660,1.41710,1.41630,1.41660
2025-02-15 06:00:00,1.41650,1.41690,1.41580,1.41600
2025-02-15 07:00:00,1.41600,1.41730,1.41600,1.41730
2025-02-15 08:00:00,1.41720,1.41860,1.41670,1.41830
2025-02-17 09:00:00,1.41730,1.41790,1.41700,1.41760
2025-02-17 10:00:00,1.41750,1.41910,1.41750,1.41810
2025-02-17 11:00:00,1.41820,1.41830,1.41710,1.41730
2025-02-17 12:00:00,1.41740,1.41770,1.41600,1.41610
2025-02-17 13:00:00,1.41620,1.41750,1.41610,1.41660
2025-02-17 14:00:00,1.41660,1.41740,1.41630,1.41710
2025-02-17 15:00:00,1.41720,1.41750,1.41640,1.41670
2025-02-17 16:00:00,1.41670,1.41750,1.41620,1.41740
2025-02-17 17:00:00,1.41750,1.41820,1.41730,1.41750
2025-02-17 18:00:00,1.41750,1.41860,1.41710,1.41840
2025-02-17 19:00:00,1.41840,1.41930,1.41820,1.41930
2025-02-17 20:00:00,1.41920,1.41940,1.41860,1.41910
2025-02-17 21:00:00,1.41910,1.41930,1.41840,1.41920
2025-02-17 22:00:00,1.41920,1.41940,1.41860,1.41860
2025-02-17 23:00:00,1.41860,1.41930,1.41830,1.41890
2025-02-18 00:00:00,1.41880,1.41930,1.41820,1.41890
2025-02-18 01:00:00,1.41900,1.41930,1.41850,1.41850
2025-02-18 02:00:00,1.41850,1.41900,1.41820,1.41870
2025-02-18 03:00:00,1.41880,1.41900,1.41800,1.41860
2025-02-18 04:00:00,1.41860,1.41870,1.41830,1.41830
2025-02-18 05:00:00,1.41840,1.41850,1.41820,1.41830
2025-02-18 06:00:00,1.41840,1.41890,1.41830,1.41840
2025-02-18 07:00:00,1.41850,1.41860,1.41820,1.41830
2025-02-18 08:00:00,1.41830,1.41870,1.41820,1.41860
2025-02-18 09:00:00,1.41830,1.41910,1.41790,1.41880
2025-02-18 10:00:00,1.41900,1.41910,1.41860,1.41860
2025-02-18 11:00:00,1.41830,1.41960,1.41830,1.41950
2025-02-18 12:00:00,1.41940,1.42070,1.41940,1.42000
2025-02-18 13:00:00,1.42000,1.42010,1.41900,1.41930
2025-02-18 14:00:00,1.41920,1.42000,1.41890,1.42000
2025-02-18 15:00:00,1.41990,1.42080,1.41990,1.42070
2025-02-18 16:00:00,1.42060,1.42090,1.42040,1.42040
2025-02-18 17:00:00,1.42050,1.42080,1.41980,1.41980
2025-02-18 18:00:00,1.41990,1.41990,1.41820,1.41950
2025-02-18 19:00:00,1.41950,1.41980,1.41810,1.41940
2025-02-18 20:00:00,1.41930,1.41940,1.41880,1.41920
2025-02-18 21:00:00,1.41910,1.41960,1.41870,1.41940
2025-02-18 22:00:00,1.41930,1.41960,1.41800,1.41870
2025-02-18 23:00:00,1.41860,1.42070,1.41840,1.41980
2025-02-19 00:00:00,1.42000,1.42130,1.41900,1.42050
2025-02-19 01:00:00,1.42060,1.42120,1.41950,1.41980
2025-02-19 02:00:00,1.41960,1.42000,1.41830,1.41880
2025-02-19 03:00:00,1.41890,1.41980,1.41880,1.41900
2025-02-19 04:00:00,1.41910,1.41960,1.41890,1.41930
2025-02-19 05:00:00,1.41920,1.41940,1.41850,1.41860
2025-02-19 06:00:00,1.41870,1.41920,1.41840,1.41890
2025-02-19 07:00:00,1.41890,1.41910,1.41830,1.41880
2025-02-19 08:00:00,1.41890,1.41970,1.41840,1.41970
2025-02-19 09:00:00,1.41970,1.42010,1.41910,1.41930
2025-02-19 10:00:00,1.41920,1.41940,1.41890,1.41910
2025-02-19 11:00:00,1.41900,1.41980,1.41890,1.41970
2025-02-19 12:00:00,1.41960,1.41990,1.41850,1.41850
2025-02-19 13:00:00,1.41850,1.41930,1.41810,1.41820
2025-02-19 14:00:00,1.41830,1.41870,1.41800,1.41810
2025-02-19 15:00:00,1.41810,1.41860,1.41810,1.41810
2025-02-19 16:00:00,1.41810,1.41830,1.41800,1.41800
2025-02-19 17:00:00,1.41810,1.41810,1.41760,1.41810
2025-02-19 18:00:00,1.41810,1.41860,1.41760,1.41860
2025-02-19 19:00:00,1.41850,1.41940,1.41840,1.41930
2025-02-19 20:00:00,1.41940,1.42000,1.41900,1.42000
2025-02-19 21:00:00,1.42000,1.42080,1.41990,1.42050
2025-02-19 22:00:00,1.42050,1.42120,1.42020,1.42100
2025-02-19 23:00:00,1.42110,1.42220,1.42080,1.42100
2025-02-20 00:00:00,1.42110,1.42150,1.41960,1.41990
2025-02-20 01:00:00,1.42000,1.42130,1.41920,1.42060
2025-02-20 02:00:00,1.42070,1.42210,1.41980,1.42210
2025-02-20 03:00:00,1.42200,1.42380,1.42180,1.42360
2025-02-20 04:00:00,1.42360,1.42410,1.42290,1.42370
2025-02-20 05:00:00,1.42360,1.42460,1.42360,1.42390
2025-02-20 06:00:00,1.42400,1.42420,1.42240,1.42310
2025-02-20 07:00:00,1.42320,1.42380,1.42250,1.42260
2025-02-20 08:00:00,1.42270,1.42410,1.42250,1.42340
2025-02-20 09:00:00,1.42310,1.42410,1.42300,1.42380
2025-02-20 10:00:00,1.42380,1.42440,1.42350,1.42410
2025-02-20 11:00:00,1.42420,1.42440,1.42260,1.42280
2025-02-20 12:00:00,1.42280,1.42440,1.42240,1.42420
2025-02-20 13:00:00,1.42430,1.42450,1.42210,1.42240
2025-02-20 14:00:00,1.42230,1.42300,1.42210,1.42230
2025-02-20 15:00:00,1.42230,1.42290,1.42220,1.42260
2025-02-20 16:00:00,1.42250,1.42280,1.42210,1.42270
2025-02-20 17:00:00,1.42270,1.42270,1.42160,1.42260
2025-02-20 18:00:00,1.42260,1.42310,1.42180,1.42270
2025-02-20 19:00:00,1.42280,1.42280,1.42120,1.42160
2025-02-20 20:00:00,1.42150,1.42200,1.42100,1.42120
2025-02-20 21:00:00,1.42110,1.42150,1.42060,1.42060
2025-02-20 22:00:00,1.42070,1.42190,1.42040,1.42150
2025-02-20 23:00:00,1.42140,1.42230,1.42110,1.42230
2025-02-21 00:00:00,1.42230,1.42230,1.41970,1.42070
2025-02-21 01:00:00,1.42070,1.42130,1.41860,1.42000
2025-02-21 02:00:00,1.42000,1.42060,1.41840,1.41900
2025-02-21 03:00:00,1.41910,1.42020,1.41890,1.41960
2025-02-21 04:00:00,1.41960,1.42000,1.41770,1.41860
2025-02-21 05:00:00,1.41870,1.41900,1.41710,1.41770
2025-02-21 06:00:00,1.41780,1.41880,1.41720,1.41750
2025-02-21 07:00:00,1.41750,1.41770,1.41660,1.41730
2025-02-21 08:00:00,1.41730,1.41780,1.41700,1.41750
2025-02-21 09:00:00,1.41780,1.41820,1.41750,1.41810
2025-02-21 10:00:00,1.41810,1.41810,1.41690,1.41760
2025-02-21 11:00:00,1.41750,1.41830,1.41730,1.41810
2025-02-21 12:00:00,1.41820,1.41880,1.41790,1.41860
2025-02-21 13:00:00,1.41860,1.41870,1.41690,1.41710
2025-02-21 14:00:00,1.41710,1.41760,1.41710,1.41720
2025-02-21 15:00:00,1.41720,1.41750,1.41690,1.41730
2025-02-21 16:00:00,1.41740,1.41810,1.41730,1.41790
2025-02-21 17:00:00,1.41790,1.41850,1.41770,1.41830
2025-02-21 18:00:00,1.41810,1.41950,1.41770,1.41860
2025-02-21 19:00:00,1.41860,1.41940,1.41800,1.41940
2025-02-21 20:00:00,1.41930,1.42000,1.41890,1.41970
2025-02-21 21:00:00,1.41960,1.41970,1.41900,1.41970
2025-02-21 22:00:00,1.41960,1.41980,1.41900,1.41960
2025-02-21 23:00:00,1.41960,1.42010,1.41910,1.41980
2025-02-22 00:00:00,1.41980,1.41980,1.41730,1.41770
2025-02-22 01:00:00,1.41780,1.41890,1.41750,1.41810
2025-02-22 02:00:00,1.41860,1.42090,1.41800,1.42030
2025-02-22 03:00:00,1.42040,1.42090,1.41970,1.41980
2025-02-22 04:00:00,1.41980,1.42200,1.41930,1.42180
2025-02-22 05:00:00,1.42180,1.42310,1.42170,1.42260
2025-02-22 06:00:00,1.42250,1.42360,1.42190,1.42290
2025-02-22 07:00:00,1.42300,1.42320,1.42270,1.42290
2025-02-22 08:00:00,1.42280,1.42360,1.42210,1.42250
2025-02-24 09:00:00,1.42260,1.42280,1.42210,1.42240
2025-02-24 10:00:00,1.42240,1.42260,1.42050,1.42110
2025-02-24 11:00:00,1.42120,1.42140,1.41990,1.42010
2025-02-24 12:00:00,1.42000,1.42080,1.41940,1.41970
2025-02-24 13:00:00,1.41970,1.41980,1.41830,1.41870
2025-02-24 14:00:00,1.41870,1.41890,1.41820,1.41860
2025-02-24 15:00:00,1.41860,1.41930,1.41850,1.41920
2025-02-24 16:00:00,1.41920,1.41960,1.41890,1.41940
2025-02-24 17:00:00,1.41940,1.42010,1.41920,1.41930
2025-02-24 18:00:00,1.41940,1.41990,1.41840,1.41940
2025-02-24 19:00:00,1.41920,1.42130,1.41920,1.42020
2025-02-24 20:00:00,1.42020,1.42170,1.41950,1.42120
2025-02-24 21:00:00,1.42130,1.42190,1.42110,1.42140
2025-02-24 22:00:00,1.42150,1.42210,1.42100,1.42140
2025-02-24 23:00:00,1.42150,1.42200,1.42070,1.42120
2025-02-25 00:00:00,1.42130,1.42230,1.42090,1.42170
2025-02-25 01:00:00,1.42160,1.42450,1.42090,1.42450
2025-02-25 02:00:00,1.42450,1.42450,1.42220,1.42360
2025-02-25 03:00:00,1.42360,1.42400,1.42200,1.42250
2025-02-25 04:00:00,1.42250,1.42310,1.42160,1.42250
2025-02-25 05:00:00,1.42250,1.42250,1.42070,1.42170
2025-02-25 06:00:00,1.42170,1.42310,1.42130,1.42290
2025-02-25 07:00:00,1.42290,1.42680,1.42250,1.42630
2025-02-25 08:00:00,1.42650,1.42680,1.42570,1.42590
2025-02-25 09:00:00,1.42610,1.42640,1.42420,1.42620
2025-02-25 10:00:00,1.42610,1.42800,1.42610,1.42780
2025-02-25 11:00:00,1.42790,1.42790,1.42700,1.42720
2025-02-25 12:00:00,1.42710,1.42710,1.42630,1.42630
2025-02-25 13:00:00,1.42630,1.42660,1.42460,1.42460
2025-02-25 14:00:00,1.42460,1.42530,1.42400,1.42500
2025-02-25 15:00:00,1.42490,1.42520,1.42420,1.42520
2025-02-25 16:00:00,1.42530,1.42540,1.42450,1.42450
2025-02-25 17:00:00,1.42460,1.42600,1.42450,1.42540
2025-02-25 18:00:00,1.42550,1.42710,1.42530,1.42700
2025-02-25 19:00:00,1.42700,1.42750,1.42540,1.42610
2025-02-25 20:00:00,1.42600,1.42680,1.42530,1.42680
2025-02-25 21:00:00,1.42680,1.42720,1.42650,1.42680
2025-02-25 22:00:00,1.42690,1.42690,1.42440,1.42480
2025-02-25 23:00:00,1.42470,1.42690,1.42460,1.42660
2025-02-26 00:00:00,1.42670,1.42690,1.42540,1.42620
2025-02-26 01:00:00,1.42630,1.42690,1.42520,1.42650
2025-02-26 02:00:00,1.42650,1.42960,1.42640,1.42950
2025-02-26 03:00:00,1.42950,1.43140,1.42890,1.43010
2025-02-26 04:00:00,1.43010,1.43170,1.42920,1.42930
2025-02-26 05:00:00,1.42920,1.42950,1.42800,1.42930
2025-02-26 06:00:00,1.42930,1.43030,1.42920,1.43030
2025-02-26 07:00:00,1.43020,1.43130,1.42920,1.43130
2025-02-26 08:00:00,1.43120,1.43180,1.43040,1.43160
2025-02-26 09:00:00,1.43120,1.43150,1.43120,1.43140
2025-02-26 10:00:00,1.43130,1.43140,1.43000,1.43020
2025-02-26 11:00:00,1.43030,1.43040,1.42940,1.43040
2025-02-26 12:00:00,1.43030,1.43110,1.42980,1.43050
2025-02-26 13:00:00,1.43040,1.43210,1.43030,1.43180
2025-02-26 14:00:00,1.43180,1.43270,1.43160,1.43260
2025-02-26 15:00:00,1.43250,1.43310,1.43220,1.43300
2025-02-26 16:00:00,1.43290,1.43330,1.43250,1.43310
2025-02-26 17:00:00,1.43320,1.43340,1.43270,1.43290
2025-02-26 18:00:00,1.43300,1.43300,1.43170,1.43300
2025-02-26 19:00:00,1.43290,1.43330,1.43170,1.43240
2025-02-26 20:00:00,1.43250,1.43330,1.43230,1.43320
2025-02-26 21:00:00,1.43320,1.43450,1.43300,1.43440
2025-02-26 22:00:00,1.43450,1.43450,1.43310,1.43430
2025-02-26 23:00:00,1.43430,1.43500,1.43350,1.43500
2025-02-27 00:00:00,1.43490,1.43580,1.43400,1.43520
2025-02-27 01:00:00,1.43530,1.43550,1.43320,1.43380
2025-02-27 02:00:00,1.43390,1.43500,1.43260,1.43500
2025-02-27 03:00:00,1.43490,1.43520,1.43390,1.43490
2025-02-27 04:00:00,1.43490,1.43660,1.43000,1.43180
2025-02-27 05:00:00,1.43180,1.43410,1.43010,1.43350
2025-02-27 06:00:00,1.43350,1.43400,1.43230,1.43340
2025-02-27 07:00:00,1.43330,1.43480,1.43320,1.43430
2025-02-27 08:00:00,1.43430,1.43690,1.43370,1.43370
2025-02-27 09:00:00,1.43410,1.43430,1.43380,1.43410
2025-02-27 10:00:00,1.43410,1.43430,1.43350,1.43390
2025-02-27 11:00:00,1.43390,1.43510,1.43390,1.43510
2025-02-27 12:00:00,1.43510,1.43550,1.43430,1.43480
2025-02-27 13:00:00,1.43490,1.43550,1.43450,1.43530
2025-02-27 14:00:00,1.43530,1.43600,1.43500,1.43590
2025-02-27 15:00:00,1.43580,1.43640,1.43570,1.43580
2025-02-27 16:00:00,1.43580,1.43620,1.43540,1.43540
2025-02-27 17:00:00,1.43540,1.43560,1.43510,1.43520
2025-02-27 18:00:00,1.43520,1.43520,1.43350,1.43390
2025-02-27 19:00:00,1.43390,1.43410,1.43260,1.43280
2025-02-27 20:00:00,1.43270,1.43320,1.43220,1.43280
2025-02-27 21:00:00,1.43270,1.43440,1.43260,1.43380
2025-02-27 22:00:00,1.43370,1.43430,1.43290,1.43410
2025-02-27 23:00:00,1.43400,1.43600,1.43350,1.43600
2025-02-28 00:00:00,1.43610,1.44350,1.43530,1.44260
2025-02-28 01:00:00,1.44270,1.44380,1.44030,1.44280
2025-02-28 02:00:00,1.44270,1.44310,1.44100,1.44270
2025-02-28 03:00:00,1.44260,1.44430,1.44130,1.44200
2025-02-28 04:00:00,1.44210,1.44380,1.44160,1.44290
2025-02-28 05:00:00,1.44290,1.44350,1.44190,1.44210
2025-02-28 06:00:00,1.44210,1.44420,1.44190,1.44410
2025-02-28 07:00:00,1.44420,1.44490,1.44400,1.44420
2025-02-28 08:00:00,1.44420,1.44470,1.44350,1.44390
2025-02-28 09:00:00,1.44430,1.44440,1.44380,1.44400
2025-02-28 10:00:00,1.44400,1.44480,1.44330,1.44470
2025-02-28 11:00:00,1.44470,1.44470,1.44330,1.44370
2025-02-28 12:00:00,1.44360,1.44460,1.44300,1.44440
2025-02-28 13:00:00,1.44440,1.44520,1.44400,1.44520
2025-02-28 14:00:00,1.44510,1.44530,1.44440,1.44470
2025-02-28 15:00:00,1.44460,1.44500,1.44430,1.44480
2025-02-28 16:00:00,1.44490,1.44490,1.44370,1.44400
2025-02-28 17:00:00,1.44400,1.44480,1.44370,1.44440
2025-02-28 18:00:00,1.44440,1.44530,1.44410,1.44420
2025-02-28 19:00:00,1.44430,1.44510,1.44370,1.44380
2025-02-28 20:00:00,1.44380,1.44380,1.44290,1.44380
2025-02-28 21:00:00,1.44370,1.44400,1.44310,1.44400
2025-02-28 22:00:00,1.44390,1.44420,1.44300,1.44300
2025-02-28 23:00:00,1.44300,1.44420,1.44270,1.44380
2025-03-01 00:00:00,1.44380,1.44390,1.44040,1.44150
2025-03-01 01:00:00,1.44150,1.44480,1.44140,1.44440
2025-03-01 02:00:00,1.44460,1.44480,1.44000,1.44030
2025-03-01 03:00:00,1.44040,1.44370,1.44020,1.44340
2025-03-01 04:00:00,1.44350,1.44420,1.44270,1.44400
2025-03-01 05:00:00,1.44410,1.44610,1.44350,1.44590
2025-03-01 06:00:00,1.44590,1.44630,1.44500,1.44590
2025-03-01 07:00:00,1.44590,1.44690,1.44560,1.44660
2025-03-01 08:00:00,1.44650,1.44720,1.44590,1.44700
2025-03-03 09:00:00,1.44480,1.44510,1.44430,1.44460
2025-03-03 10:00:00,1.44450,1.44490,1.44360,1.44440
2025-03-03 11:00:00,1.44450,1.44490,1.44340,1.44410
2025-03-03 12:00:00,1.44420,1.44430,1.44310,1.44350
2025-03-03 13:00:00,1.44350,1.44410,1.44310,1.44390
2025-03-03 14:00:00,1.44400,1.44530,1.44390,1.44440
2025-03-03 15:00:00,1.44440,1.44460,1.44360,1.44410
2025-03-03 16:00:00,1.44420,1.44480,1.44400,1.44440
2025-03-03 17:00:00,1.44450,1.44530,1.44440,1.44490
2025-03-03 18:00:00,1.44490,1.44510,1.44350,1.44410
2025-03-03 19:00:00,1.44420,1.44470,1.44330,1.44350
2025-03-03 20:00:00,1.44340,1.44400,1.44260,1.44270
2025-03-03 21:00:00,1.44280,1.44350,1.44220,1.44290
2025-03-03 22:00:00,1.44290,1.44370,1.44250,1.44350
2025-03-03 23:00:00,1.44360,1.44400,1.44250,1.44280
2025-03-04 00:00:00,1.44270,1.44350,1.44010,1.44110
2025-03-04 01:00:00,1.44120,1.44140,1.43980,1.44090
2025-03-04 02:00:00,1.44140,1.44190,1.43700,1.44020
2025-03-04 03:00:00,1.44010,1.44110,1.43980,1.44010
2025-03-04 04:00:00,1.44020,1.44190,1.43980,1.44130
2025-03-04 05:00:00,1.44150,1.44540,1.44100,1.44440
2025-03-04 06:00:00,1.44450,1.45010,1.44270,1.45000
2025-03-04 07:00:00,1.45010,1.45420,1.44930,1.45080
2025-03-04 08:00:00,1.45090,1.45100,1.44790,1.44840
2025-03-04 09:00:00,1.44840,1.44940,1.44800,1.44900
2025-03-04 10:00:00,1.44910,1.44960,1.44820,1.44940
2025-03-04 11:00:00,1.44950,1.45040,1.44870,1.44880
2025-03-04 12:00:00,1.44890,1.44970,1.44840,1.44940
2025-03-04 13:00:00,1.44930,1.45010,1.44880,1.44990
2025-03-04 14:00:00,1.44990,1.45070,1.44960,1.45030
2025-03-04 15:00:00,1.45040,1.45110,1.44970,1.45080
2025-03-04 16:00:00,1.45110,1.45210,1.44860,1.44920
2025-03-04 17:00:00,1.44930,1.44950,1.44760,1.44810
2025-03-04 18:00:00,1.44800,1.44940,1.44710,1.44870
2025-03-04 19:00:00,1.44870,1.45030,1.44410,1.44510
2025-03-04 20:00:00,1.44500,1.44510,1.44100,1.44260
2025-03-04 21:00:00,1.44260,1.44450,1.44210,1.44290
2025-03-04 22:00:00,1.44300,1.44360,1.44070,1.44090
2025-03-04 23:00:00,1.44080,1.44270,1.44080,1.44270
2025-03-05 00:00:00,1.44280,1.44600,1.44130,1.44480
2025-03-05 01:00:00,1.44490,1.44870,1.44400,1.44860
2025-03-05 02:00:00,1.44880,1.45020,1.44660,1.44990
2025-03-05 03:00:00,1.44990,1.45180,1.44900,1.45170
2025-03-05 04:00:00,1.45160,1.45430,1.45030,1.45280
2025-03-05 05:00:00,1.45290,1.45420,1.45140,1.45150
2025-03-05 06:00:00,1.45160,1.45160,1.44860,1.44880
2025-03-05 07:00:00,1.44880,1.44880,1.44540,1.44750
2025-03-05 08:00:00,1.44740,1.44780,1.43710,1.43960
2025-03-05 09:00:00,1.43970,1.44000,1.43910,1.43940
2025-03-05 10:00:00,1.43940,1.44070,1.43840,1.43990
2025-03-05 11:00:00,1.43980,1.44250,1.43980,1.44130
2025-03-05 12:00:00,1.44140,1.44390,1.44010,1.44290
2025-03-05 13:00:00,1.44300,1.44460,1.44240,1.44400
2025-03-05 14:00:00,1.44410,1.44500,1.44230,1.44250
2025-03-05 15:00:00,1.44250,1.44320,1.44200,1.44300
2025-03-05 16:00:00,1.44310,1.44340,1.44210,1.44220
2025-03-05 17:00:00,1.44210,1.44310,1.44160,1.44190
2025-03-05 18:00:00,1.44180,1.44180,1.43890,1.44020
2025-03-05 19:00:00,1.44030,1.44130,1.43840,1.43890
2025-03-05 20:00:00,1.43890,1.43930,1.43770,1.43820
2025-03-05 21:00:00,1.43810,1.43980,1.43800,1.43880
2025-03-05 22:00:00,1.43880,1.43970,1.43780,1.43940
2025-03-05 23:00:00,1.43940,1.44230,1.43810,1.44210
2025-03-06 00:00:00,1.44200,1.44350,1.43790,1.43810
2025-03-06 01:00:00,1.43830,1.43860,1.43530,1.43610
2025-03-06 02:00:00,1.43730,1.44070,1.43430,1.43960
2025-03-06 03:00:00,1.43960,1.44200,1.43510,1.43770
2025-03-06 04:00:00,1.43790,1.43920,1.43570,1.43570
2025-03-06 05:00:00,1.43560,1.43770,1.43400,1.43550
2025-03-06 06:00:00,1.43540,1.43570,1.43310,1.43360
2025-03-06 07:00:00,1.43370,1.43420,1.43310,1.43420
2025-03-06 08:00:00,1.43430,1.43460,1.43310,1.43400
2025-03-06 09:00:00,1.43370,1.43390,1.43310,1.43350
2025-03-06 10:00:00,1.43330,1.43410,1.43310,1.43400
2025-03-06 11:00:00,1.43410,1.43540,1.43350,1.43530
2025-03-06 12:00:00,1.43520,1.43520,1.43130,1.43140
2025-03-06 13:00:00,1.43140,1.43290,1.43100,1.43200
2025-03-06 14:00:00,1.43200,1.43290,1.43190,1.43280
2025-03-06 15:00:00,1.43290,1.43330,1.43250,1.43250
2025-03-06 16:00:00,1.43250,1.43410,1.43250,1.43370
2025-03-06 17:00:00,1.43370,1.43410,1.43280,1.43380
2025-03-06 18:00:00,1.43370,1.43450,1.43260,1.43450
2025-03-06 19:00:00,1.43450,1.43620,1.43420,1.43500
2025-03-06 20:00:00,1.43500,1.43560,1.43400,1.43470
2025-03-06 21:00:00,1.43480,1.43570,1.43410,1.43570
2025-03-06 22:00:00,1.43580,1.43680,1.43570,1.43640
2025-03-06 23:00:00,1.43650,1.43770,1.43610,1.43730
2025-03-07 00:00:00,1.43730,1.43730,1.43520,1.43640
2025-03-07 01:00:00,1.43640,1.43710,1.43410,1.43450
2025-03-07 02:00:00,1.43430,1.43430,1.42620,1.42700
2025-03-07 03:00:00,1.42690,1.42820,1.42410,1.42820
2025-03-07 04:00:00,1.42840,1.43180,1.42710,1.43030
2025-03-07 05:00:00,1.43040,1.43120,1.42950,1.43030
2025-03-07 06:00:00,1.43030,1.43180,1.42840,1.43030
2025-03-07 07:00:00,1.43040,1.43140,1.42940,1.43080
2025-03-07 08:00:00,1.43080,1.43140,1.42930,1.42970
2025-03-07 09:00:00,1.42980,1.43030,1.42970,1.42990
2025-03-07 10:00:00,1.42960,1.42960,1.42880,1.42940
2025-03-07 11:00:00,1.42950,1.42990,1.42890,1.42970
2025-03-07 12:00:00,1.42960,1.43060,1.42910,1.43010
2025-03-07 13:00:00,1.43010,1.43070,1.42930,1.43010
2025-03-07 14:00:00,1.43010,1.43120,1.43010,1.43100
2025-03-07 15:00:00,1.43110,1.43110,1.43040,1.43050
2025-03-07 16:00:00,1.43050,1.43130,1.43030,1.43130
2025-03-07 17:00:00,1.43130,1.43200,1.43040,1.43050
2025-03-07 18:00:00,1.43060,1.43130,1.42980,1.43030
2025-03-07 19:00:00,1.43030,1.43050,1.42800,1.42950
2025-03-07 20:00:00,1.42960,1.43010,1.42870,1.43000
2025-03-07 21:00:00,1.43010,1.43150,1.42990,1.43150
2025-03-07 22:00:00,1.43140,1.43210,1.43110,1.43180
2025-03-07 23:00:00,1.43190,1.43440,1.43130,1.43370
2025-03-08 00:00:00,1.43370,1.43720,1.43270,1.43720
2025-03-08 01:00:00,1.43710,1.43770,1.43430,1.43500
2025-03-08 02:00:00,1.43500,1.43680,1.43370,1.43620
2025-03-08 03:00:00,1.43620,1.44010,1.43620,1.43870
2025-03-08 04:00:00,1.43870,1.44270,1.43820,1.43920
2025-03-08 05:00:00,1.43920,1.44070,1.43820,1.43830
2025-03-08 06:00:00,1.43820,1.43840,1.43640,1.43660
2025-03-08 07:00:00,1.43660,1.4375,1.43600,1.43700
2025-03-08 08:00:00,1.43710,1.43830,1.43630,1.43720
2025-03-10 09:00:00,1.43810,1.43850,1.43670,1.43760
2025-03-10 10:00:00,1.4375,1.43820,1.43670,1.43740
2025-03-10 11:00:00,1.4375,1.43790,1.43610,1.43640
2025-03-10 12:00:00,1.43630,1.43660,1.43550,1.43630
2025-03-10 13:00:00,1.43630,1.43680,1.43570,1.43660
2025-03-10 14:00:00,1.43670,1.43700,1.43630,1.43680
2025-03-10 15:00:00,1.43670,1.43680,1.43600,1.43670
2025-03-10 16:00:00,1.43660,1.43700,1.43620,1.43660
2025-03-10 17:00:00,1.43670,1.43680,1.43580,1.43650
2025-03-10 18:00:00,1.43650,1.43710,1.43580,1.43600
2025-03-10 19:00:00,1.43590,1.43830,1.43580,1.43810
2025-03-10 20:00:00,1.43810,1.43820,1.43550,1.43580
2025-03-10 21:00:00,1.43570,1.43870,1.43530,1.43870
2025-03-10 22:00:00,1.43870,1.43950,1.4375,1.43950
2025-03-10 23:00:00,1.43960,1.44240,1.43890,1.44180
2025-03-11 00:00:00,1.44190,1.44290,1.44110,1.44210
2025-03-11 01:00:00,1.44210,1.44340,1.44130,1.44170
2025-03-11 02:00:00,1.44180,1.44330,1.44100,1.44320
2025-03-11 03:00:00,1.44310,1.44400,1.44230,1.44340
2025-03-11 04:00:00,1.44330,1.44470,1.44310,1.44470
2025-03-11 05:00:00,1.44470,1.44690,1.44420,1.44640
2025-03-11 06:00:00,1.44650,1.44730,1.44400,1.44400
2025-03-11 07:00:00,1.44400,1.44510,1.44360,1.44390
2025-03-11 08:00:00,1.44410,1.44440,1.44360,1.44360
2025-03-11 09:00:00,1.44360,1.44420,1.44340,1.44420
2025-03-11 10:00:00,1.44420,1.44420,1.44270,1.44270
2025-03-11 11:00:00,1.44270,1.44400,1.44210,1.44300
2025-03-11 12:00:00,1.44290,1.44470,1.44250,1.44260
2025-03-11 13:00:00,1.44270,1.44300,1.44170,1.44200
2025-03-11 14:00:00,1.44190,1.44480,1.44170,1.44300
2025-03-11 15:00:00,1.44290,1.44360,1.44250,1.44270
2025-03-11 16:00:00,1.44280,1.44460,1.44280,1.44400
2025-03-11 17:00:00,1.44400,1.44460,1.44300,1.44360
2025-03-11 18:00:00,1.44370,1.44380,1.44100,1.44140
2025-03-11 19:00:00,1.44150,1.44260,1.44110,1.44160
2025-03-11 20:00:00,1.44170,1.44260,1.44070,1.44090
2025-03-11 21:00:00,1.44100,1.44210,1.44020,1.44060
2025-03-11 22:00:00,1.44070,1.44140,1.43990,1.44000
2025-03-11 23:00:00,1.43990,1.44130,1.43940,1.44130
2025-03-12 00:00:00,1.44140,1.44190,1.44020,1.44150
2025-03-12 01:00:00,1.44170,1.45190,1.44100,1.45160
2025-03-12 02:00:00,1.45170,1.45210,1.44530,1.44630
2025-03-12 03:00:00,1.44650,1.44890,1.44650,1.44830
2025-03-12 04:00:00,1.44840,1.45050,1.44800,1.44840
2025-03-12 05:00:00,1.44840,1.44860,1.43950,1.44020
2025-03-12 06:00:00,1.44030,1.44180,1.43790,1.44120
2025-03-12 07:00:00,1.44120,1.44360,1.44060,1.44360
2025-03-12 08:00:00,1.44350,1.44420,1.44300,1.44330
2025-03-12 09:00:00,1.44330,1.44340,1.44220,1.44280
2025-03-12 10:00:00,1.44290,1.44360,1.44270,1.44360
2025-03-12 11:00:00,1.44340,1.44400,1.44290,1.44290
2025-03-12 12:00:00,1.44290,1.44390,1.44280,1.44370
2025-03-12 13:00:00,1.44380,1.44440,1.44310,1.44430
2025-03-12 14:00:00,1.44420,1.44500,1.44390,1.44490
2025-03-12 15:00:00,1.44490,1.44510,1.44460,1.44500
2025-03-12 16:00:00,1.44500,1.44510,1.44390,1.44430
2025-03-12 17:00:00,1.44440,1.44640,1.44420,1.44640
2025-03-12 18:00:00,1.44650,1.44850,1.44490,1.44510
2025-03-12 19:00:00,1.44530,1.44590,1.44340,1.44340
2025-03-12 20:00:00,1.44330,1.44440,1.44320,1.44390
2025-03-12 21:00:00,1.44400,1.44400,1.44200,1.44220
2025-03-12 22:00:00,1.44230,1.44240,1.44070,1.44120
2025-03-12 23:00:00,1.44130,1.44210,1.43690,1.43970
2025-03-13 00:00:00,1.43960,1.44300,1.43880,1.44170
2025-03-13 01:00:00,1.44180,1.44250,1.44000,1.44060
2025-03-13 02:00:00,1.44040,1.44100,1.43930,1.43980
2025-03-13 03:00:00,1.43980,1.44020,1.43760,1.43890
2025-03-13 04:00:00,1.43890,1.43930,1.43650,1.43860
2025-03-13 05:00:00,1.43870,1.43870,1.43540,1.43640
2025-03-13 06:00:00,1.43650,1.43830,1.43630,1.43770
2025-03-13 07:00:00,1.43770,1.43790,1.43650,1.43710
2025-03-13 08:00:00,1.43710,1.43730,1.43670,1.43710
2025-03-13 09:00:00,1.43670,1.43690,1.43650,1.43650
2025-03-13 10:00:00,1.43650,1.43690,1.43600,1.43600
2025-03-13 11:00:00,1.43610,1.43690,1.43600,1.43630
2025-03-13 12:00:00,1.43620,1.43770,1.43610,1.43700
2025-03-13 13:00:00,1.43710,1.43770,1.43660,1.4375
2025-03-13 14:00:00,1.4375,1.43870,1.4375,1.43870
2025-03-13 15:00:00,1.43880,1.43940,1.43840,1.43880
2025-03-13 16:00:00,1.43890,1.43990,1.43880,1.43950
2025-03-13 17:00:00,1.43940,1.44030,1.43940,1.43980
2025-03-13 18:00:00,1.43970,1.44050,1.43920,1.43980
2025-03-13 19:00:00,1.43970,1.44010,1.43790,1.43880
2025-03-13 20:00:00,1.43890,1.43920,1.43680,1.43700
2025-03-13 21:00:00,1.43700,1.43810,1.43670,1.43740
2025-03-13 22:00:00,1.4375,1.43870,1.43720,1.43790
2025-03-13 23:00:00,1.43790,1.44020,1.43710,1.43980
2025-03-14 00:00:00,1.43970,1.44040,1.43790,1.43960
2025-03-14 01:00:00,1.43980,1.44040,1.43800,1.43880
2025-03-14 02:00:00,1.43870,1.44070,1.43860,1.43990
2025-03-14 03:00:00,1.43980,1.44260,1.43970,1.44210
2025-03-14 04:00:00,1.44210,1.44520,1.44190,1.44500
2025-03-14 05:00:00,1.44510,1.44510,1.44220,1.44240
2025-03-14 06:00:00,1.44230,1.44360,1.44190,1.44360
2025-03-14 07:00:00,1.44350,1.44440,1.44290,1.44390
2025-03-14 08:00:00,1.44470,1.44480,1.44410,1.44450
2025-03-14 09:00:00,1.44420,1.44430,1.44260,1.44270
2025-03-14 10:00:00,1.44260,1.44320,1.44260,1.44280
2025-03-14 11:00:00,1.44270,1.44380,1.44270,1.44320
2025-03-14 12:00:00,1.44320,1.44410,1.44310,1.44360
2025-03-14 13:00:00,1.44360,1.44420,1.44340,1.44370
2025-03-14 14:00:00,1.44360,1.44370,1.44280,1.44290
2025-03-14 15:00:00,1.44280,1.44360,1.44280,1.44290
2025-03-14 16:00:00,1.44290,1.44360,1.44280,1.44300
2025-03-14 17:00:00,1.44300,1.44320,1.44210,1.44270
2025-03-14 18:00:00,1.44280,1.44290,1.44170,1.44220
2025-03-14 19:00:00,1.44230,1.44290,1.44130,1.44140
2025-03-14 20:00:00,1.44150,1.44240,1.44110,1.44210
2025-03-14 21:00:00,1.44200,1.44340,1.44120,1.44190
2025-03-14 22:00:00,1.44190,1.44370,1.44170,1.44190
2025-03-14 23:00:00,1.44190,1.44250,1.44060,1.44090
2025-03-15 00:00:00,1.44100,1.44130,1.43850,1.43890
2025-03-15 01:00:00,1.43950,1.44020,1.43770,1.43900
2025-03-15 02:00:00,1.43890,1.43990,1.43770,1.43790
2025-03-15 03:00:00,1.43790,1.43950,1.43710,1.43740
2025-03-15 04:00:00,1.4375,1.43850,1.43690,1.43770
2025-03-15 05:00:00,1.43770,1.43800,1.43660,1.43740
2025-03-15 06:00:00,1.4375,1.43780,1.43580,1.43640
2025-03-15 07:00:00,1.43640,1.43730,1.43560,1.43710
2025-03-17 09:00:00,1.43680,1.43720,1.43580,1.43640
2025-03-17 10:00:00,1.43650,1.43740,1.43610,1.43730
2025-03-17 11:00:00,1.43740,1.4375,1.43650,1.43700
2025-03-17 12:00:00,1.43710,1.43780,1.43670,1.4375
2025-03-17 13:00:00,1.43760,1.43790,1.43730,1.4375
2025-03-17 14:00:00,1.4375,1.43790,1.43730,1.4375
2025-03-17 15:00:00,1.43740,1.43770,1.43660,1.43730
2025-03-17 16:00:00,1.43730,1.43800,1.43720,1.43770
2025-03-17 17:00:00,1.43760,1.43810,1.43650,1.43650
2025-03-17 18:00:00,1.43660,1.43720,1.43600,1.43640
2025-03-17 19:00:00,1.43640,1.43710,1.43610,1.43630
2025-03-17 20:00:00,1.43620,1.43650,1.43550,1.43580
2025-03-17 21:00:00,1.43580,1.43590,1.43480,1.43530
2025-03-17 22:00:00,1.43530,1.43580,1.43470,1.43480
2025-03-17 23:00:00,1.43480,1.43520,1.43390,1.43400
2025-03-18 00:00:00,1.43390,1.43460,1.43060,1.43160
2025-03-18 01:00:00,1.43150,1.43280,1.43130,1.43150
2025-03-18 02:00:00,1.43160,1.43180,1.42900,1.42990
2025-03-18 03:00:00,1.43000,1.43030,1.42830,1.42940
2025-03-18 04:00:00,1.42930,1.42940,1.42820,1.42860
2025-03-18 05:00:00,1.42860,1.42870,1.42760,1.42830
2025-03-18 06:00:00,1.42840,1.42870,1.42800,1.42840
2025-03-18 07:00:00,1.42830,1.42920,1.42820,1.42880
2025-03-18 08:00:00,1.42880,1.42930,1.42870,1.42910
2025-03-18 09:00:00,1.42900,1.42940,1.42890,1.42930
2025-03-18 10:00:00,1.42920,1.43000,1.42910,1.42990
2025-03-18 11:00:00,1.42980,1.42990,1.42920,1.42950
2025-03-18 12:00:00,1.42940,1.42980,1.42890,1.42980
2025-03-18 13:00:00,1.42970,1.43050,1.42950,1.43040
2025-03-18 14:00:00,1.43030,1.43080,1.43030,1.43050
2025-03-18 15:00:00,1.43050,1.43070,1.43020,1.43030
2025-03-18 16:00:00,1.43030,1.43060,1.43020,1.43050
2025-03-18 17:00:00,1.43050,1.43080,1.42930,1.42940
2025-03-18 18:00:00,1.42950,1.43000,1.42920,1.42940
2025-03-18 19:00:00,1.42950,1.42950,1.42720,1.42780
2025-03-18 20:00:00,1.42780,1.42840,1.42760,1.42820
2025-03-18 21:00:00,1.42830,1.42990,1.42810,1.42950
2025-03-18 22:00:00,1.42940,1.42950,1.42830,1.42880
2025-03-18 23:00:00,1.42880,1.42950,1.42690,1.42910
2025-03-19 00:00:00,1.42910,1.42960,1.42710,1.42890
2025-03-19 01:00:00,1.42920,1.43090,1.42850,1.43080
2025-03-19 02:00:00,1.43080,1.43190,1.43020,1.43120
2025-03-19 03:00:00,1.43130,1.43200,1.43020,1.43090
2025-03-19 04:00:00,1.43100,1.43170,1.43020,1.43030
2025-03-19 05:00:00,1.43030,1.43140,1.43030,1.43030
2025-03-19 06:00:00,1.43040,1.43070,1.42920,1.42950
2025-03-19 07:00:00,1.42950,1.43040,1.42920,1.43010
2025-03-19 08:00:00,1.43080,1.43080,1.42970,1.43010
2025-03-19 09:00:00,1.43040,1.43040,1.42960,1.42980
2025-03-19 10:00:00,1.42970,1.43010,1.42960,1.43000
2025-03-19 11:00:00,1.42990,1.43030,1.42960,1.42990
2025-03-19 12:00:00,1.42980,1.43060,1.42980,1.43060
2025-03-19 13:00:00,1.43070,1.43090,1.43030,1.43070
2025-03-19 14:00:00,1.43070,1.43140,1.43030,1.43090
2025-03-19 15:00:00,1.43100,1.43130,1.43080,1.43110
2025-03-19 16:00:00,1.43110,1.43120,1.43080,1.43100
2025-03-19 17:00:00,1.43100,1.43170,1.43080,1.43160
2025-03-19 18:00:00,1.43160,1.43320,1.43150,1.43270
2025-03-19 19:00:00,1.43260,1.43260,1.43090,1.43220
2025-03-19 20:00:00,1.43230,1.43290,1.43190,1.43240
2025-03-19 21:00:00,1.43240,1.43350,1.43220,1.43280
2025-03-19 22:00:00,1.43290,1.43300,1.43160,1.43200
2025-03-19 23:00:00,1.43190,1.43250,1.43150,1.43240
2025-03-20 00:00:00,1.43240,1.43260,1.43100,1.43180
2025-03-20 01:00:00,1.43180,1.43290,1.43110,1.43260
2025-03-20 02:00:00,1.43260,1.43380,1.43220,1.43300
2025-03-20 03:00:00,1.43290,1.43330,1.43250,1.43320
2025-03-20 04:00:00,1.43320,1.43490,1.43310,1.43370
2025-03-20 05:00:00,1.43350,1.43440,1.43100,1.43110
2025-03-20 06:00:00,1.43110,1.43330,1.43080,1.43250
2025-03-20 07:00:00,1.43250,1.43320,1.43180,1.43270
2025-03-20 08:00:00,1.43270,1.43300,1.43200,1.43220
2025-03-20 09:00:00,1.43210,1.43230,1.43150,1.43220
2025-03-20 10:00:00,1.43230,1.43240,1.43180,1.43230
2025-03-20 11:00:00,1.43220,1.43330,1.43180,1.43230
2025-03-20 12:00:00,1.43240,1.43350,1.43240,1.43350
2025-03-20 13:00:00,1.43350,1.43350,1.43230,1.43290
2025-03-20 14:00:00,1.43280,1.43300,1.43210,1.43250
2025-03-20 15:00:00,1.43250,1.43300,1.43200,1.43300
2025-03-20 16:00:00,1.43310,1.43400,1.43300,1.43330
2025-03-20 17:00:00,1.43340,1.43430,1.43320,1.43410
2025-03-20 18:00:00,1.43410,1.43500,1.43390,1.43410
2025-03-20 19:00:00,1.43410,1.43550,1.43400,1.43540
2025-03-20 20:00:00,1.43550,1.43770,1.43520,1.43740
2025-03-20 21:00:00,1.4375,1.43910,1.43700,1.43770
2025-03-20 22:00:00,1.43780,1.43860,1.43740,1.43760
2025-03-20 23:00:00,1.4375,1.43890,1.43710,1.43860
2025-03-21 00:00:00,1.43860,1.44020,1.43710,1.43720
2025-03-21 01:00:00,1.43720,1.43730,1.43520,1.43550
2025-03-21 02:00:00,1.43560,1.43600,1.43270,1.43280
2025-03-21 03:00:00,1.43290,1.43360,1.43190,1.43330
2025-03-21 04:00:00,1.43330,1.43370,1.43220,1.43270
2025-03-21 05:00:00,1.43280,1.43320,1.43190,1.43290
2025-03-21 06:00:00,1.43290,1.43290,1.43130,1.43160
2025-03-21 07:00:00,1.43160,1.43310,1.43150,1.43270
2025-03-21 08:00:00,1.43260,1.43290,1.43210,1.43250
2025-03-21 09:00:00,1.43270,1.43270,1.43200,1.43240
2025-03-21 10:00:00,1.43250,1.43270,1.43220,1.43250
2025-03-21 11:00:00,1.43250,1.43260,1.43180,1.43210
2025-03-21 12:00:00,1.43220,1.43290,1.43150,1.43160
2025-03-21 13:00:00,1.43150,1.43220,1.43150,1.43220
2025-03-21 14:00:00,1.43210,1.43290,1.43200,1.43270
2025-03-21 15:00:00,1.43270,1.43340,1.43250,1.43330
2025-03-21 16:00:00,1.43330,1.43440,1.43310,1.43340
2025-03-21 17:00:00,1.43330,1.43350,1.43220,1.43220
2025-03-21 18:00:00,1.43230,1.43280,1.43180,1.43220
2025-03-21 19:00:00,1.43230,1.43350,1.43140,1.43300
2025-03-21 20:00:00,1.43300,1.43390,1.43280,1.43390
2025-03-21 21:00:00,1.43390,1.43390,1.43280,1.43280
2025-03-21 22:00:00,1.43290,1.43450,1.43290,1.43380
2025-03-21 23:00:00,1.43390,1.43580,1.43320,1.43580
2025-03-22 00:00:00,1.43580,1.43730,1.43520,1.43540
2025-03-22 01:00:00,1.43530,1.43620,1.43410,1.43420
2025-03-22 02:00:00,1.43410,1.43660,1.43370,1.43580
2025-03-22 03:00:00,1.43580,1.43610,1.43400,1.43410
2025-03-22 04:00:00,1.43410,1.43500,1.43330,1.43400
2025-03-22 05:00:00,1.43390,1.43520,1.43380,1.43470
2025-03-22 06:00:00,1.43470,1.43510,1.43410,1.43430
2025-03-22 07:00:00,1.43440,1.43600,1.43380,1.43560
2025-03-24 09:00:00,1.43440,1.43440,1.43300,1.43390
2025-03-24 10:00:00,1.43380,1.43400,1.43310,1.43340
2025-03-24 11:00:00,1.43330,1.43360,1.43270,1.43330
2025-03-24 12:00:00,1.43320,1.43410,1.43320,1.43400
2025-03-24 13:00:00,1.43400,1.43470,1.43370,1.43460
2025-03-24 14:00:00,1.43450,1.43490,1.43410,1.43470
2025-03-24 15:00:00,1.43470,1.43510,1.43430,1.43450
2025-03-24 16:00:00,1.43450,1.43490,1.43430,1.43450
2025-03-24 17:00:00,1.43450,1.43450,1.43350,1.43380
2025-03-24 18:00:00,1.43380,1.43390,1.43270,1.43320
2025-03-24 19:00:00,1.43320,1.43390,1.43260,1.43340
2025-03-24 20:00:00,1.43350,1.43390,1.43260,1.43290
2025-03-24 21:00:00,1.43300,1.43310,1.43180,1.43220
2025-03-24 22:00:00,1.43220,1.43260,1.43150,1.43260
2025-03-24 23:00:00,1.43270,1.43470,1.43260,1.43360
2025-03-25 00:00:00,1.43370,1.43440,1.43160,1.43300
2025-03-25 01:00:00,1.43300,1.43310,1.42980,1.43070
2025-03-25 02:00:00,1.43070,1.43190,1.42900,1.42930
2025-03-25 03:00:00,1.42940,1.43200,1.42930,1.43170
2025-03-25 04:00:00,1.43180,1.43280,1.43140,1.43140
2025-03-25 05:00:00,1.43140,1.43260,1.43080,1.43150
2025-03-25 06:00:00,1.43160,1.43240,1.43110,1.43180
2025-03-25 07:00:00,1.43190,1.43220,1.43090,1.43160
2025-03-25 08:00:00,1.43170,1.43220,1.43160,1.43200
2025-03-25 09:00:00,1.43190,1.43240,1.43160,1.43190
2025-03-25 10:00:00,1.43200,1.43200,1.43160,1.43170
2025-03-25 11:00:00,1.43160,1.43280,1.43160,1.43210
2025-03-25 12:00:00,1.43200,1.43210,1.43110,1.43170
2025-03-25 13:00:00,1.43160,1.43230,1.43160,1.43210
2025-03-25 14:00:00,1.43220,1.43220,1.43170,1.43180
2025-03-25 15:00:00,1.43170,1.43250,1.43160,1.43250
2025-03-25 16:00:00,1.43240,1.43250,1.43160,1.43180
2025-03-25 17:00:00,1.43180,1.43290,1.43180,1.43280
2025-03-25 18:00:00,1.43280,1.43320,1.43200,1.43250
2025-03-25 19:00:00,1.43240,1.43330,1.43170,1.43250
2025-03-25 20:00:00,1.43260,1.43270,1.43160,1.43180
2025-03-25 21:00:00,1.43190,1.43190,1.42880,1.42890
2025-03-25 22:00:00,1.42900,1.42940,1.42810,1.42860
2025-03-25 23:00:00,1.42860,1.42930,1.42800,1.42810
2025-03-26 00:00:00,1.42800,1.42920,1.42710,1.42910
2025-03-26 01:00:00,1.42920,1.43140,1.42890,1.43010
2025-03-26 02:00:00,1.43020,1.43120,1.42990,1.43090
2025-03-26 03:00:00,1.43090,1.43090,1.42990,1.43010
2025-03-26 04:00:00,1.43000,1.43070,1.42950,1.42980
2025-03-26 05:00:00,1.42990,1.43090,1.42890,1.42980
2025-03-26 06:00:00,1.42970,1.42990,1.42800,1.42800
2025-03-26 07:00:00,1.42800,1.42870,1.42720,1.42780
2025-03-26 08:00:00,1.42810,1.42850,1.42760,1.42840
2025-03-26 09:00:00,1.42840,1.42840,1.42740,1.42740
2025-03-26 10:00:00,1.42740,1.42780,1.42730,1.42740
2025-03-26 11:00:00,1.42740,1.42880,1.42720,1.42870
2025-03-26 12:00:00,1.42880,1.42990,1.42740,1.42760
2025-03-26 13:00:00,1.42760,1.42800,1.42720,1.42730
2025-03-26 14:00:00,1.42720,1.42760,1.42710,1.42760
2025-03-26 15:00:00,1.42740,1.42800,1.42740,1.42750
2025-03-26 16:00:00,1.42760,1.42780,1.42710,1.42750
2025-03-26 17:00:00,1.42740,1.42780,1.42620,1.42630
2025-03-26 18:00:00,1.42640,1.42660,1.42470,1.42510
2025-03-26 19:00:00,1.42500,1.42590,1.42470,1.42520
2025-03-26 20:00:00,1.42510,1.42550,1.42470,1.42530
2025-03-26 21:00:00,1.42540,1.42570,1.42450,1.42460
2025-03-26 22:00:00,1.42450,1.42560,1.42450,1.42550
2025-03-26 23:00:00,1.42550,1.42720,1.42520,1.42690
2025-03-27 00:00:00,1.42680,1.42710,1.42410,1.42510
2025-03-27 01:00:00,1.42520,1.42620,1.42480,1.42520
2025-03-27 02:00:00,1.42520,1.42650,1.42350,1.42560
2025-03-27 03:00:00,1.42550,1.42710,1.42550,1.42660
2025-03-27 04:00:00,1.42660,1.42970,1.42640,1.42860
2025-03-27 05:00:00,1.42870,1.42950,1.42760,1.42880
2025-03-27 06:00:00,1.42890,1.42980,1.42810,1.42820
2025-03-27 07:00:00,1.42820,1.42860,1.42640,1.42660
2025-03-27 08:00:00,1.42650,1.43040,1.42640,1.43040
2025-03-27 09:00:00,1.43030,1.43160,1.42750,1.43030
2025-03-27 10:00:00,1.43040,1.43100,1.42940,1.42970
2025-03-27 11:00:00,1.42980,1.42990,1.42850,1.42880
2025-03-27 12:00:00,1.42880,1.42880,1.42770,1.42810
2025-03-27 13:00:00,1.42800,1.42800,1.42630,1.42680
2025-03-27 14:00:00,1.42690,1.42700,1.42630,1.42660
2025-03-27 15:00:00,1.42670,1.42680,1.42600,1.42650
2025-03-27 16:00:00,1.42650,1.42800,1.42630,1.42750
2025-03-27 17:00:00,1.42760,1.42760,1.42650,1.42740
2025-03-27 18:00:00,1.42740,1.42980,1.42720,1.42980
2025-03-27 19:00:00,1.42970,1.43060,1.42840,1.42840
2025-03-27 20:00:00,1.42840,1.42920,1.42790,1.42870
2025-03-27 21:00:00,1.42870,1.42960,1.42860,1.42930
2025-03-27 22:00:00,1.42930,1.42930,1.42760,1.42760
2025-03-27 23:00:00,1.42770,1.42980,1.42760,1.42970
2025-03-28 00:00:00,1.42970,1.43290,1.42970,1.43130
2025-03-28 01:00:00,1.43130,1.43280,1.43050,1.43130
2025-03-28 02:00:00,1.43120,1.43240,1.42920,1.43190
2025-03-28 03:00:00,1.43180,1.43210,1.43070,1.43160
2025-03-28 04:00:00,1.43150,1.43200,1.42990,1.43160
2025-03-28 05:00:00,1.43160,1.43220,1.43020,1.43200
2025-03-28 06:00:00,1.43190,1.43190,1.43030,1.43110
2025-03-28 07:00:00,1.43110,1.43110,1.43030,1.43050
2025-03-28 08:00:00,1.43050,1.43140,1.43010,1.43080
2025-03-28 09:00:00,1.43080,1.43140,1.43080,1.43110
2025-03-28 10:00:00,1.43100,1.43120,1.43070,1.43070
2025-03-28 11:00:00,1.43080,1.43160,1.43070,1.43110
2025-03-28 12:00:00,1.43110,1.43160,1.43110,1.43150
2025-03-28 13:00:00,1.43140,1.43140,1.43080,1.43110
2025-03-28 14:00:00,1.43110,1.43140,1.43080,1.43130
2025-03-28 15:00:00,1.43130,1.43140,1.43100,1.43130
2025-03-28 16:00:00,1.43130,1.43160,1.43110,1.43120
2025-03-28 17:00:00,1.43120,1.43230,1.43110,1.43220
2025-03-28 18:00:00,1.43220,1.43290,1.43180,1.43290
2025-03-28 19:00:00,1.43290,1.43330,1.43200,1.43220
2025-03-28 20:00:00,1.43220,1.43290,1.43190,1.43260
2025-03-28 21:00:00,1.43260,1.43310,1.43210,1.43310
2025-03-28 22:00:00,1.43310,1.43330,1.43200,1.43200
2025-03-28 23:00:00,1.43200,1.43220,1.43090,1.43120
2025-03-29 00:00:00,1.43120,1.43180,1.42900,1.43100
2025-03-29 01:00:00,1.43110,1.43250,1.43010,1.43240
2025-03-29 02:00:00,1.43240,1.43270,1.42760,1.42840
2025-03-29 03:00:00,1.42850,1.42950,1.42760,1.42930
2025-03-29 04:00:00,1.42940,1.43180,1.42930,1.43050
2025-03-29 05:00:00,1.43060,1.43220,1.43010,1.43160
2025-03-29 06:00:00,1.43170,1.43250,1.43140,1.43160
2025-03-29 07:00:00,1.43160,1.43240,1.43140,1.43180
2025-03-31 09:00:00,1.43130,1.43300,1.43130,1.43190
2025-03-31 10:00:00,1.43180,1.43250,1.43090,1.43100
2025-03-31 11:00:00,1.43110,1.43170,1.43060,1.43090
2025-03-31 12:00:00,1.43090,1.43120,1.42990,1.43110
2025-03-31 13:00:00,1.43100,1.43160,1.43060,1.43130
2025-03-31 14:00:00,1.43120,1.43190,1.43120,1.43190
2025-03-31 15:00:00,1.43180,1.43210,1.43150,1.43160
2025-03-31 16:00:00,1.43160,1.43180,1.43100,1.43130
2025-03-31 17:00:00,1.43120,1.43270,1.43120,1.43250
2025-03-31 18:00:00,1.43240,1.43440,1.43190,1.43380
2025-03-31 19:00:00,1.43390,1.43490,1.43370,1.43480
2025-03-31 20:00:00,1.43490,1.43540,1.43410,1.43530
2025-03-31 21:00:00,1.43540,1.43620,1.43530,1.43580
2025-03-31 22:00:00,1.43570,1.43580,1.43430,1.43530
2025-03-31 23:00:00,1.43530,1.43810,1.43530,1.43790
2025-04-01 00:00:00,1.43790,1.43890,1.43600,1.43780
2025-04-01 01:00:00,1.43770,1.43950,1.43700,1.43940
2025-04-01 02:00:00,1.43930,1.43960,1.43700,1.43800
2025-04-01 03:00:00,1.43790,1.43840,1.43660,1.43760
2025-04-01 04:00:00,1.4375,1.43880,1.43730,1.43880
2025-04-01 05:00:00,1.43890,1.43900,1.43720,1.43760
2025-04-01 06:00:00,1.43770,1.43900,1.43720,1.43880
2025-04-01 07:00:00,1.43890,1.43960,1.43850,1.43870
2025-04-01 08:00:00,1.43860,1.43920,1.43850,1.43870
2025-04-01 09:00:00,1.43870,1.43920,1.43860,1.43910
2025-04-01 10:00:00,1.43920,1.43960,1.43900,1.43910
2025-04-01 11:00:00,1.43920,1.43960,1.43880,1.43920
2025-04-01 12:00:00,1.43920,1.44000,1.43910,1.43920
2025-04-01 13:00:00,1.43930,1.43930,1.43810,1.43820
2025-04-01 14:00:00,1.43810,1.43850,1.43780,1.43820
2025-04-01 15:00:00,1.43820,1.43840,1.43730,1.43740
2025-04-01 16:00:00,1.4375,1.43910,1.43730,1.43910
2025-04-01 17:00:00,1.43900,1.43980,1.43840,1.43880
2025-04-01 18:00:00,1.43890,1.44030,1.43890,1.44010
2025-04-01 19:00:00,1.44020,1.44040,1.43820,1.43820
2025-04-01 20:00:00,1.43810,1.43820,1.43670,1.43680
2025-04-01 21:00:00,1.43690,1.43880,1.43680,1.43830
2025-04-01 22:00:00,1.43830,1.44040,1.43810,1.43940
2025-04-01 23:00:00,1.43950,1.44020,1.43860,1.43950
2025-04-02 00:00:00,1.43960,1.44150,1.43900,1.44000
2025-04-02 01:00:00,1.44010,1.44080,1.43110,1.43300
2025-04-02 02:00:00,1.43310,1.43320,1.43060,1.43180
2025-04-02 03:00:00,1.43180,1.43360,1.43100,1.43200
2025-04-02 04:00:00,1.43200,1.43310,1.43170,1.43270
2025-04-02 05:00:00,1.43280,1.43440,1.43270,1.43350
2025-04-02 06:00:00,1.43350,1.43360,1.43080,1.43080
2025-04-02 07:00:00,1.43090,1.43150,1.42990,1.43030
2025-04-02 08:00:00,1.43090,1.43090,1.42990,1.43020
2025-04-02 09:00:00,1.43020,1.43030,1.42900,1.42910
2025-04-02 10:00:00,1.42900,1.42990,1.42890,1.42940
2025-04-02 11:00:00,1.42950,1.43080,1.42940,1.43050
2025-04-02 12:00:00,1.43050,1.43080,1.42990,1.42990
2025-04-02 13:00:00,1.42990,1.43040,1.42930,1.43030
2025-04-02 14:00:00,1.43030,1.43040,1.42980,1.43010
2025-04-02 15:00:00,1.43030,1.43080,1.43000,1.43060
2025-04-02 16:00:00,1.43070,1.43180,1.43070,1.43130
2025-04-02 17:00:00,1.43140,1.43140,1.42930,1.43050
2025-04-02 18:00:00,1.43050,1.43120,1.43030,1.43050
2025-04-02 19:00:00,1.43070,1.43090,1.43030,1.43030
2025-04-02 20:00:00,1.43030,1.43120,1.42990,1.43100
2025-04-02 21:00:00,1.43110,1.43290,1.43070,1.43260
2025-04-02 22:00:00,1.43270,1.43320,1.43190,1.43200
2025-04-02 23:00:00,1.43190,1.43330,1.43180,1.43220
2025-04-03 00:00:00,1.43220,1.43350,1.43180,1.43270
2025-04-03 01:00:00,1.43280,1.43310,1.42960,1.43030
2025-04-03 02:00:00,1.43030,1.43220,1.43030,1.43120
2025-04-03 03:00:00,1.43110,1.43240,1.43080,1.43200
2025-04-03 04:00:00,1.43210,1.43260,1.43090,1.43220
2025-04-03 05:00:00,1.43220,1.43300,1.43140,1.43260
2025-04-03 06:00:00,1.43250,1.43250,1.43110,1.43190
2025-04-03 07:00:00,1.43180,1.43660,1.42310,1.42420
2025-04-03 08:00:00,1.42400,1.42640,1.42190,1.42550
2025-04-03 09:00:00,1.42590,1.43190,1.42560,1.42660
2025-04-03 10:00:00,1.42670,1.42700,1.42150,1.42170
2025-04-03 11:00:00,1.42190,1.42560,1.42190,1.42550
2025-04-03 12:00:00,1.42540,1.42590,1.42380,1.42510
2025-04-03 13:00:00,1.42510,1.42540,1.42380,1.42410
2025-04-03 14:00:00,1.42400,1.42530,1.42380,1.42470
2025-04-03 15:00:00,1.42470,1.42560,1.42450,1.42560
2025-04-03 16:00:00,1.42550,1.42560,1.42110,1.42160
2025-04-03 17:00:00,1.42150,1.42300,1.41720,1.41720
2025-04-03 18:00:00,1.41720,1.41960,1.41650,1.41660
2025-04-03 19:00:00,1.41660,1.41660,1.41170,1.41320
2025-04-03 20:00:00,1.41310,1.41600,1.41300,1.41490
2025-04-03 21:00:00,1.41500,1.41600,1.41060,1.41290
2025-04-03 22:00:00,1.41290,1.41450,1.40850,1.40930
2025-04-03 23:00:00,1.40950,1.41040,1.40690,1.40820
2025-04-04 00:00:00,1.40830,1.40910,1.40360,1.40480
2025-04-04 01:00:00,1.40320,1.40580,1.40280,1.40460
2025-04-04 02:00:00,1.40460,1.40750,1.40280,1.40640
2025-04-04 03:00:00,1.40650,1.40650,1.40450,1.40610
2025-04-04 04:00:00,1.40620,1.40900,1.40610,1.40900
2025-04-04 05:00:00,1.40900,1.41040,1.40780,1.40840
2025-04-04 06:00:00,1.40840,1.40960,1.40790,1.40860
2025-04-04 07:00:00,1.40860,1.40970,1.40810,1.40970
2025-04-04 08:00:00,1.40990,1.41000,1.40880,1.40940
2025-04-04 09:00:00,1.40930,1.40940,1.40780,1.40800
2025-04-04 10:00:00,1.40790,1.40890,1.40780,1.40840
2025-04-04 11:00:00,1.40830,1.40830,1.40610,1.40640
2025-04-04 12:00:00,1.40650,1.40690,1.40540,1.40610
2025-04-04 13:00:00,1.40610,1.40910,1.40600,1.40890
2025-04-04 14:00:00,1.40900,1.40990,1.40790,1.40830
2025-04-04 15:00:00,1.40830,1.41040,1.40780,1.41010
2025-04-04 16:00:00,1.41010,1.41040,1.40820,1.40890
2025-04-04 17:00:00,1.40880,1.41200,1.40860,1.41180
2025-04-04 18:00:00,1.41180,1.41500,1.41100,1.41480
2025-04-04 19:00:00,1.41470,1.41640,1.41280,1.41320
2025-04-04 20:00:00,1.41330,1.41670,1.41310,1.41540
2025-04-04 21:00:00,1.41550,1.41730,1.41450,1.41650
2025-04-04 22:00:00,1.41640,1.42090,1.41510,1.41850
2025-04-04 23:00:00,1.41850,1.42420,1.41720,1.42090
2025-04-05 00:00:00,1.42080,1.42260,1.41950,1.42240
2025-04-05 01:00:00,1.42250,1.42360,1.42080,1.42220
2025-04-05 02:00:00,1.42230,1.42310,1.41790,1.41960
2025-04-05 03:00:00,1.41950,1.42190,1.41820,1.42110
2025-04-05 04:00:00,1.42110,1.42550,1.42090,1.42160
2025-04-05 05:00:00,1.42170,1.42450,1.42100,1.42370
2025-04-05 06:00:00,1.42380,1.42520,1.42020,1.42300
2025-04-05 07:00:00,1.42300,1.42590,1.42190,1.42300
2025-04-07 09:00:00,1.42490,1.42500,1.42250,1.42430
2025-04-07 10:00:00,1.42420,1.42590,1.42240,1.42310
2025-04-07 11:00:00,1.42310,1.42430,1.42200,1.42320
2025-04-07 12:00:00,1.42310,1.42540,1.42240,1.42470
2025-04-07 13:00:00,1.42480,1.42530,1.42370,1.42420
2025-04-07 14:00:00,1.42380,1.42400,1.42130,1.42160
2025-04-07 15:00:00,1.42150,1.42230,1.41960,1.42160
2025-04-07 16:00:00,1.42190,1.42560,1.42190,1.42540
2025-04-07 17:00:00,1.42530,1.42560,1.42190,1.42240
2025-04-07 18:00:00,1.42240,1.42690,1.42130,1.42500
2025-04-07 19:00:00,1.42530,1.42680,1.42450,1.42630
2025-04-07 20:00:00,1.42630,1.42630,1.42380,1.42570
2025-04-07 21:00:00,1.42580,1.42590,1.42390,1.42580
2025-04-07 22:00:00,1.42590,1.42970,1.42460,1.42470
2025-04-07 23:00:00,1.42480,1.42680,1.42270,1.42310
2025-04-08 00:00:00,1.42320,1.42480,1.41800,1.42250
2025-04-08 01:00:00,1.42260,1.42500,1.42010,1.42260
2025-04-08 02:00:00,1.42270,1.42400,1.42170,1.42290
2025-04-08 03:00:00,1.42290,1.42290,1.41890,1.41900
2025-04-08 04:00:00,1.41900,1.42150,1.41860,1.42000
2025-04-08 05:00:00,1.42020,1.42510,1.42010,1.42430
2025-04-08 06:00:00,1.42420,1.42550,1.42360,1.42490
2025-04-08 07:00:00,1.42470,1.42480,1.42400,1.42450
2025-04-08 08:00:00,1.42410,1.42460,1.42380,1.42400
2025-04-08 09:00:00,1.42400,1.42450,1.42330,1.42390
2025-04-08 10:00:00,1.42400,1.42420,1.42010,1.42160
2025-04-08 11:00:00,1.42170,1.42190,1.41800,1.41840
2025-04-08 12:00:00,1.41830,1.41840,1.41660,1.41700
2025-04-08 13:00:00,1.41690,1.41760,1.41680,1.41710
2025-04-08 14:00:00,1.41710,1.41720,1.41580,1.41640
2025-04-08 15:00:00,1.41650,1.41770,1.41620,1.41650
2025-04-08 16:00:00,1.41650,1.41790,1.41510,1.41610
2025-04-08 17:00:00,1.41620,1.41930,1.41570,1.41920
2025-04-08 18:00:00,1.41910,1.41920,1.41730,1.41790
2025-04-08 19:00:00,1.41790,1.42040,1.41790,1.41940
2025-04-08 20:00:00,1.41950,1.42030,1.41900,1.41980
2025-04-08 21:00:00,1.41980,1.42020,1.41680,1.41770
2025-04-08 22:00:00,1.41750,1.41760,1.41530,1.41640
2025-04-08 23:00:00,1.41650,1.41790,1.41530,1.41640
2025-04-09 00:00:00,1.41630,1.42020,1.41440,1.41980
2025-04-09 01:00:00,1.41990,1.42240,1.41860,1.41990
2025-04-09 02:00:00,1.42000,1.42080,1.41820,1.42020
2025-04-09 03:00:00,1.42030,1.42170,1.41960,1.42150
2025-04-09 04:00:00,1.42150,1.42420,1.42100,1.42380
2025-04-09 05:00:00,1.42380,1.42620,1.42280,1.42490
2025-04-09 06:00:00,1.42500,1.42720,1.42420,1.42690
2025-04-09 07:00:00,1.42680,1.42680,1.42590,1.42610
2025-04-09 08:00:00,1.42610,1.42670,1.42530,1.42640
2025-04-09 09:00:00,1.42630,1.42660,1.42520,1.42570
2025-04-09 10:00:00,1.42560,1.42740,1.42420,1.42420
2025-04-09 11:00:00,1.42430,1.42460,1.42120,1.42150
2025-04-09 12:00:00,1.42150,1.42380,1.42070,1.42360
2025-04-09 13:00:00,1.42350,1.42480,1.42190,1.42450
2025-04-09 14:00:00,1.42440,1.42470,1.42170,1.42210
2025-04-09 15:00:00,1.42220,1.42490,1.42210,1.42310
2025-04-09 16:00:00,1.42310,1.42310,1.41960,1.42050
2025-04-09 17:00:00,1.42060,1.42220,1.41940,1.42020
2025-04-09 18:00:00,1.42020,1.42240,1.41990,1.42040
2025-04-09 19:00:00,1.42040,1.42140,1.41990,1.42050
2025-04-09 20:00:00,1.42050,1.42090,1.41770,1.41850
2025-04-09 21:00:00,1.41840,1.42210,1.41840,1.42020
2025-04-09 22:00:00,1.42030,1.42030,1.41570,1.41740
2025-04-09 23:00:00,1.41730,1.41880,1.41410,1.41430
2025-04-10 00:00:00,1.41420,1.42040,1.41330,1.42020
2025-04-10 01:00:00,1.42010,1.42120,1.41720,1.41880
2025-04-10 02:00:00,1.41890,1.41910,1.41630,1.41770
2025-04-10 03:00:00,1.41770,1.41850,1.40760,1.40780
2025-04-10 04:00:00,1.40800,1.41280,1.40760,1.41160
2025-04-10 05:00:00,1.41160,1.41280,1.40840,1.41120
2025-04-10 06:00:00,1.41110,1.41220,1.40760,1.40830
2025-04-10 07:00:00,1.40820,1.40940,1.40820,1.40910
2025-04-10 08:00:00,1.40910,1.41000,1.40760,1.40970
2025-04-10 09:00:00,1.40970,1.41110,1.40930,1.41030
2025-04-10 10:00:00,1.41040,1.41090,1.40950,1.41010
2025-04-10 11:00:00,1.41000,1.41100,1.40950,1.41050
2025-04-10 12:00:00,1.41050,1.41070,1.40910,1.40910
2025-04-10 13:00:00,1.40910,1.40940,1.40760,1.40770
2025-04-10 14:00:00,1.40800,1.40860,1.40720,1.40730
2025-04-10 15:00:00,1.40730,1.40740,1.40600,1.40660
2025-04-10 16:00:00,1.40650,1.40790,1.40610,1.40630
2025-04-10 17:00:00,1.40620,1.40870,1.40520,1.40630
2025-04-10 18:00:00,1.40620,1.40950,1.40610,1.40760
2025-04-10 19:00:00,1.40770,1.40840,1.40640,1.40760
2025-04-10 20:00:00,1.40750,1.40760,1.40540,1.40560
2025-04-10 21:00:00,1.40560,1.40880,1.40500,1.40840
2025-04-10 22:00:00,1.40820,1.40890,1.40430,1.40730
2025-04-10 23:00:00,1.40720,1.40750,1.40380,1.40400
2025-04-11 00:00:00,1.40410,1.40490,1.39980,1.39980
2025-04-11 01:00:00,1.39990,1.40240,1.39920,1.40110
2025-04-11 02:00:00,1.40120,1.40190,1.39880,1.40000
2025-04-11 03:00:00,1.40010,1.40060,1.39560,1.39580
2025-04-11 04:00:00,1.39600,1.39900,1.39520,1.39860
2025-04-11 05:00:00,1.39890,1.40070,1.39760,1.39770
2025-04-11 06:00:00,1.39790,1.40040,1.39580,1.39810
2025-04-11 07:00:00,1.39810,1.39920,1.39800,1.39810
2025-04-11 08:00:00,1.39820,1.39830,1.39570,1.39570
2025-04-11 09:00:00,1.39560,1.39730,1.39520,1.39530
2025-04-11 10:00:00,1.39540,1.39570,1.39100,1.39490
2025-04-11 11:00:00,1.39500,1.39640,1.39280,1.39310
2025-04-11 12:00:00,1.39310,1.39410,1.39230,1.39290
2025-04-11 13:00:00,1.39280,1.39540,1.39090,1.39520
2025-04-11 14:00:00,1.39510,1.39700,1.39510,1.39650
2025-04-11 15:00:00,1.39650,1.39790,1.39640,1.39770
2025-04-11 16:00:00,1.39770,1.39850,1.39610,1.39620
2025-04-11 17:00:00,1.39630,1.39650,1.38940,1.38980
2025-04-11 18:00:00,1.38970,1.39110,1.38820,1.39040
2025-04-11 19:00:00,1.39050,1.39120,1.38740,1.38840
2025-04-11 20:00:00,1.38850,1.39340,1.38850,1.39160
2025-04-11 21:00:00,1.39180,1.39220,1.38760,1.38780
2025-04-11 22:00:00,1.38780,1.38800,1.38400,1.38570
2025-04-11 23:00:00,1.38570,1.38880,1.38430,1.38710
2025-04-12 00:00:00,1.38700,1.39250,1.38670,1.38910
2025-04-12 01:00:00,1.38900,1.39280,1.38840,1.38970
2025-04-12 02:00:00,1.38970,1.39330,1.38970,1.39040
2025-04-12 03:00:00,1.39030,1.39200,1.38950,1.39040
2025-04-12 04:00:00,1.39040,1.39040,1.38730,1.38880
2025-04-12 05:00:00,1.38890,1.38930,1.38720,1.38900
2025-04-12 06:00:00,1.38910,1.38920,1.38593,1.38593
2025-04-12 07:00:00,1.38640,1.38640,1.38640,1.38640
2025-04-14 09:00:00,1.38770,1.38839,1.38630,1.38745
2025-04-14 10:00:00,1.38734,1.38774,1.38540,1.38726
2025-04-14 11:00:00,1.38722,1.38740,1.38490,1.38616
2025-04-14 12:00:00,1.38619,1.38627,1.38450,1.38500
2025-04-14 13:00:00,1.38528,1.38645,1.38460,1.38577
2025-04-14 14:00:00,1.38576,1.38671,1.38500,1.38644
2025-04-14 15:00:00,1.38642,1.38762,1.38520,1.38570
2025-04-14 16:00:00,1.38619,1.38756,1.38290,1.38355
2025-04-14 17:00:00,1.38354,1.38490,1.38250,1.38341
2025-04-14 18:00:00,1.38344,1.38413,1.38280,1.38370
2025-04-14 19:00:00,1.38393,1.38494,1.38310,1.38489
2025-04-14 20:00:00,1.38490,1.38643,1.38400,1.38625
2025-04-14 21:00:00,1.38616,1.38743,1.38440,1.38673
2025-04-14 22:00:00,1.38676,1.38895,1.38600,1.38820
2025-04-14 23:00:00,1.38819,1.39037,1.38690,1.38895
2025-04-15 00:00:00,1.38870,1.38899,1.38600,1.38658
2025-04-15 01:00:00,1.38630,1.38954,1.38580,1.38943
2025-04-15 02:00:00,1.38941,1.39109,1.38850,1.39020
2025-04-15 03:00:00,1.39040,1.39051,1.38760,1.38770
2025-04-15 04:00:00,1.38803,1.38808,1.38600,1.38629
2025-04-15 05:00:00,1.38636,1.38776,1.38580,1.38717
2025-04-15 06:00:00,1.38718,1.38829,1.38680,1.38744
2025-04-15 07:00:00,1.38710,1.38883,1.38660,1.38740
2025-04-15 08:00:00,1.38811,1.38959,1.38740,1.38910
2025-04-15 09:00:00,1.38949,1.39086,1.38900,1.39007
2025-04-15 10:00:00,1.39009,1.39027,1.38860,1.38943
2025-04-15 11:00:00,1.38942,1.38971,1.38800,1.38877
2025-04-15 12:00:00,1.38876,1.38894,1.38720,1.38792
2025-04-15 13:00:00,1.38790,1.38791,1.38640,1.38719
2025-04-15 14:00:00,1.38718,1.38737,1.38460,1.38510
2025-04-15 15:00:00,1.38542,1.38716,1.38460,1.38703
2025-04-15 16:00:00,1.38700,1.38782,1.38640,1.38727
2025-04-15 17:00:00,1.38700,1.38735,1.38540,1.38583
2025-04-15 18:00:00,1.38585,1.38634,1.38460,1.38560
2025-04-15 19:00:00,1.38556,1.38647,1.38480,1.38616
2025-04-15 20:00:00,1.38615,1.38668,1.38460,1.38641
2025-04-15 21:00:00,1.38638,1.38790,1.38590,1.38726
2025-04-15 22:00:00,1.38724,1.39156,1.38640,1.38970
2025-04-15 23:00:00,1.39005,1.39005,1.38620,1.38787
2025-04-16 00:00:00,1.38786,1.39232,1.38690,1.39030
2025-04-16 01:00:00,1.39063,1.39587,1.39020,1.39459
2025-04-16 02:00:00,1.39447,1.39698,1.39360,1.39695
2025-04-16 03:00:00,1.39691,1.39777,1.39510,1.39671
2025-04-16 04:00:00,1.39675,1.39753,1.39610,1.39666
2025-04-16 05:00:00,1.39663,1.39722,1.39560,1.39665
2025-04-16 06:00:00,1.39630,1.39674,1.39514,1.39530
2025-04-16 07:00:00,1.39548,1.39640,1.39490,1.39590
2025-04-16 08:00:00,1.39605,1.39650,1.39470,1.39480
2025-04-16 09:00:00,1.39503,1.39650,1.39470,1.39580
2025-04-16 10:00:00,1.39578,1.39598,1.39430,1.39511
2025-04-16 11:00:00,1.39509,1.39510,1.39400,1.39490
2025-04-16 12:00:00,1.39489,1.39499,1.39380,1.39462
2025-04-16 13:00:00,1.39466,1.39480,1.39350,1.39360
2025-04-16 14:00:00,1.39380,1.39425,1.39300,1.39330
2025-04-16 15:00:00,1.39362,1.39425,1.39190,1.39243
2025-04-16 16:00:00,1.39210,1.39389,1.39190,1.39353
2025-04-16 17:00:00,1.39353,1.39353,1.39080,1.39116
2025-04-16 18:00:00,1.39124,1.39202,1.39000,1.39131
2025-04-16 19:00:00,1.39131,1.39143,1.38990,1.39112
2025-04-16 20:00:00,1.39115,1.39144,1.39010,1.39132
2025-04-16 21:00:00,1.39130,1.39241,1.39060,1.39221
2025-04-16 22:00:00,1.39218,1.39300,1.39110,1.39167
2025-04-16 23:00:00,1.39179,1.39290,1.38690,1.38870
2025-04-17 00:00:00,1.38884,1.39017,1.38730,1.38880
2025-04-17 01:00:00,1.38884,1.38923,1.38680,1.38836
2025-04-17 02:00:00,1.38832,1.38838,1.38620,1.38750
2025-04-17 03:00:00,1.38766,1.38985,1.38630,1.38985
2025-04-17 04:00:00,1.38984,1.38985,1.38720,1.38767
2025-04-17 05:00:00,1.38766,1.38810,1.38540,1.38621
2025-04-17 06:00:00,1.38616,1.38756,1.38510,1.38548
2025-04-17 07:00:00,1.38520,1.38667,1.38500,1.38580
2025-04-17 08:00:00,1.38629,1.38637,1.38520,1.38540
2025-04-17 09:00:00,1.38530,1.38610,1.38510,1.38550
2025-04-17 10:00:00,1.38591,1.38690,1.38520,1.38677
2025-04-17 11:00:00,1.38640,1.38840,1.38640,1.38782
2025-04-17 12:00:00,1.38782,1.38790,1.38640,1.38716
2025-04-17 13:00:00,1.38716,1.38871,1.38650,1.38866
2025-04-17 14:00:00,1.38866,1.38920,1.38780,1.38880
2025-04-17 15:00:00,1.38903,1.38963,1.38810,1.38870
2025-04-17 16:00:00,1.38894,1.38951,1.38760,1.38885
2025-04-17 17:00:00,1.38850,1.38892,1.38610,1.38707
2025-04-17 18:00:00,1.38712,1.38787,1.38630,1.38750
2025-04-17 19:00:00,1.38769,1.38916,1.38700,1.38914
2025-04-17 20:00:00,1.38915,1.38987,1.38800,1.38929
2025-04-17 21:00:00,1.38932,1.39060,1.38810,1.38970
2025-04-17 22:00:00,1.39005,1.39008,1.38650,1.38723
2025-04-17 23:00:00,1.38723,1.38782,1.38500,1.38542
2025-04-18 00:00:00,1.38520,1.38785,1.38460,1.38740
2025-04-18 01:00:00,1.38777,1.38791,1.38530,1.38564
2025-04-18 02:00:00,1.38564,1.38609,1.38400,1.38449
2025-04-18 03:00:00,1.38450,1.38497,1.38300,1.38350
2025-04-18 04:00:00,1.38355,1.38506,1.38240,1.38400
2025-04-18 05:00:00,1.38405,1.38483,1.38340,1.38396
2025-04-18 06:00:00,1.38396,1.38440,1.38270,1.38428
2025-04-18 07:00:00,1.38426,1.38498,1.38300,1.38400
2025-04-18 08:00:00,1.38400,1.38436,1.38282,1.38344
2025-04-18 09:00:00,1.38338,1.38450,1.38280,1.38398
2025-04-18 10:00:00,1.38422,1.38487,1.38370,1.38455
2025-04-18 11:00:00,1.38461,1.38542,1.38400,1.38529
2025-04-18 12:00:00,1.38510,1.38595,1.38440,1.38571
2025-04-18 13:00:00,1.38571,1.38614,1.38470,1.38593
2025-04-18 14:00:00,1.38593,1.38644,1.38550,1.38621
2025-04-18 15:00:00,1.38590,1.38667,1.38560,1.38629
2025-04-18 16:00:00,1.38626,1.38673,1.38510,1.38548
2025-04-18 17:00:00,1.38543,1.38653,1.38410,1.38642
2025-04-18 18:00:00,1.38638,1.38676,1.38560,1.38617
2025-04-18 19:00:00,1.38618,1.38657,1.38490,1.38579
2025-04-18 20:00:00,1.38578,1.38611,1.38430,1.38540
2025-04-18 21:00:00,1.38542,1.38682,1.38480,1.38600
2025-04-18 22:00:00,1.38616,1.38633,1.38420,1.38550
2025-04-18 23:00:00,1.38585,1.38695,1.38490,1.38655
2025-04-19 00:00:00,1.38656,1.38663,1.38410,1.38639
2025-04-19 01:00:00,1.38639,1.38640,1.38440,1.38490
2025-04-19 02:00:00,1.38486,1.38560,1.38420,1.38510
2025-04-19 03:00:00,1.38508,1.38516,1.38360,1.38470
2025-04-19 04:00:00,1.38486,1.38500,1.38430,1.38440
2025-04-19 05:00:00,1.38468,1.38481,1.38400,1.38440
2025-04-19 06:00:00,1.38461,1.38480,1.38300,1.38460
2025-04-19 07:00:00,1.38460,1.38460,1.38460,1.38460
2025-04-21 09:00:00,1.38281,1.38304,1.38170,1.38246
2025-04-21 10:00:00,1.38252,1.38261,1.38010,1.38186
2025-04-21 11:00:00,1.38187,1.38220,1.38090,1.38176
2025-04-21 12:00:00,1.38174,1.38213,1.37970,1.38069
2025-04-21 13:00:00,1.38068,1.38070,1.37900,1.37940
2025-04-21 14:00:00,1.37959,1.38038,1.37910,1.37973
2025-04-21 15:00:00,1.37972,1.37983,1.37860,1.37916
2025-04-21 16:00:00,1.37860,1.38020,1.37860,1.37950
2025-04-21 17:00:00,1.37970,1.38026,1.37880,1.37970
2025-04-21 18:00:00,1.37960,1.38030,1.37870,1.37927
2025-04-21 19:00:00,1.37920,1.37981,1.37760,1.37965
2025-04-21 20:00:00,1.37965,1.38149,1.37890,1.38101
2025-04-21 21:00:00,1.38098,1.38150,1.37990,1.38030
2025-04-21 22:00:00,1.38075,1.38115,1.37840,1.37931
2025-04-21 23:00:00,1.37927,1.38112,1.37810,1.37911
2025-04-22 00:00:00,1.37911,1.38121,1.37880,1.38078
2025-04-22 01:00:00,1.38074,1.38193,1.38010,1.38160
2025-04-22 02:00:00,1.38176,1.38422,1.38130,1.38385
2025-04-22 03:00:00,1.38386,1.38499,1.38320,1.38412
2025-04-22 04:00:00,1.38413,1.38480,1.38320,1.38377
2025-04-22 05:00:00,1.38378,1.38406,1.38210,1.38344
2025-04-22 06:00:00,1.38347,1.38450,1.38300,1.38450
2025-04-22 07:00:00,1.38451,1.38481,1.38330,1.38382
2025-04-22 08:00:00,1.38401,1.38437,1.38310,1.38380
2025-04-22 09:00:00,1.38372,1.38404,1.38270,1.38290
2025-04-22 10:00:00,1.38333,1.38457,1.38230,1.38382
2025-04-22 11:00:00,1.38377,1.38382,1.38240,1.38320
2025-04-22 12:00:00,1.38343,1.38369,1.38150,1.38170
2025-04-22 13:00:00,1.38197,1.38211,1.37960,1.38059
2025-04-22 14:00:00,1.38052,1.38069,1.37980,1.38044
2025-04-22 15:00:00,1.38045,1.38107,1.37890,1.37950
2025-04-22 16:00:00,1.37973,1.38209,1.37890,1.38149
2025-04-22 17:00:00,1.38150,1.38184,1.38000,1.38107
2025-04-22 18:00:00,1.38107,1.38210,1.38040,1.38176
2025-04-22 19:00:00,1.38177,1.38396,1.38130,1.38374
2025-04-22 20:00:00,1.38370,1.38405,1.38240,1.38370
2025-04-22 21:00:00,1.38400,1.38480,1.38300,1.38410
2025-04-22 22:00:00,1.38424,1.38615,1.38380,1.38465
2025-04-22 23:00:00,1.38461,1.38574,1.38300,1.38365
2025-04-23 00:00:00,1.38356,1.38510,1.38210,1.38261
2025-04-23 01:00:00,1.38260,1.38294,1.37980,1.38013
2025-04-23 02:00:00,1.37990,1.38148,1.37920,1.38050
2025-04-23 03:00:00,1.38070,1.38246,1.37950,1.38177
2025-04-23 04:00:00,1.38160,1.38220,1.38070,1.38144
2025-04-23 05:00:00,1.38145,1.38329,1.38040,1.38210
2025-04-23 06:00:00,1.38239,1.38252,1.38060,1.38120
2025-04-23 07:00:00,1.38120,1.38328,1.38080,1.38276
2025-04-23 08:00:00,1.38318,1.38604,1.38230,1.38465
2025-04-23 09:00:00,1.38433,1.38490,1.38270,1.38481
2025-04-23 10:00:00,1.38460,1.38485,1.38240,1.38283
2025-04-23 11:00:00,1.38285,1.38317,1.38150,1.38274
2025-04-23 12:00:00,1.38268,1.38358,1.38220,1.38342
2025-04-23 13:00:00,1.38300,1.38460,1.38280,1.38401
2025-04-23 14:00:00,1.38403,1.38472,1.38290,1.38310
2025-04-23 15:00:00,1.38328,1.38396,1.38240,1.38358
2025-04-23 16:00:00,1.38362,1.38367,1.38050,1.38138
2025-04-23 17:00:00,1.38141,1.38207,1.38070,1.38171
2025-04-23 18:00:00,1.38171,1.38253,1.38040,1.38112
2025-04-23 19:00:00,1.38108,1.38113,1.37930,1.38010
2025-04-23 20:00:00,1.38048,1.38203,1.37990,1.38159
2025-04-23 21:00:00,1.38160,1.38358,1.38110,1.38237
2025-04-23 22:00:00,1.38231,1.38412,1.38150,1.38343
2025-04-23 23:00:00,1.38345,1.38579,1.38210,1.38491
2025-04-24 00:00:00,1.38488,1.38725,1.38340,1.38471
2025-04-24 01:00:00,1.38466,1.38957,1.38430,1.38942
2025-04-24 02:00:00,1.38930,1.38990,1.38790,1.38941
2025-04-24 03:00:00,1.38939,1.39046,1.38840,1.38914
2025-04-24 04:00:00,1.38907,1.38954,1.38790,1.38865
2025-04-24 05:00:00,1.38866,1.38936,1.38780,1.38867
2025-04-24 06:00:00,1.38862,1.38898,1.38730,1.38772
2025-04-24 07:00:00,1.38796,1.38892,1.38747,1.38830
2025-04-24 08:00:00,1.38817,1.38851,1.38670,1.38771
2025-04-24 09:00:00,1.38775,1.38777,1.38660,1.38720
2025-04-24 10:00:00,1.38748,1.38813,1.38640,1.38680
2025-04-24 11:00:00,1.38698,1.38732,1.38590,1.38680
2025-04-24 12:00:00,1.38697,1.38741,1.38590,1.38637
2025-04-24 13:00:00,1.38638,1.38731,1.38590,1.38710
2025-04-24 14:00:00,1.38713,1.38737,1.38630,1.38676
2025-04-24 15:00:00,1.38675,1.38750,1.38600,1.38718
2025-04-24 16:00:00,1.38720,1.38724,1.38510,1.38559
2025-04-24 17:00:00,1.38555,1.38566,1.38370,1.38380
2025-04-24 18:00:00,1.38406,1.38547,1.38360,1.38470
2025-04-24 19:00:00,1.38499,1.38520,1.38360,1.38442
2025-04-24 20:00:00,1.38440,1.38515,1.38370,1.38487
2025-04-24 21:00:00,1.38483,1.38650,1.38430,1.38610
2025-04-24 22:00:00,1.38640,1.38706,1.38540,1.38570
2025-04-24 23:00:00,1.38605,1.38720,1.38460,1.38592
2025-04-25 00:00:00,1.38593,1.38870,1.38510,1.38795
2025-04-25 01:00:00,1.38787,1.38971,1.38670,1.38860
2025-04-25 02:00:00,1.38894,1.38990,1.38750,1.38789
2025-04-25 03:00:00,1.38786,1.38845,1.38680,1.38717
2025-04-25 04:00:00,1.38716,1.38761,1.38560,1.38611
2025-04-25 05:00:00,1.38570,1.38656,1.38430,1.38565
2025-04-25 06:00:00,1.38569,1.38590,1.38400,1.38517
2025-04-25 07:00:00,1.38490,1.38529,1.38430,1.38450
2025-04-25 08:00:00,1.38469,1.38579,1.38410,1.38549
2025-04-25 09:00:00,1.38553,1.38595,1.38490,1.38551
2025-04-25 10:00:00,1.38549,1.38654,1.38510,1.38637
2025-04-25 11:00:00,1.38639,1.38713,1.38540,1.38696
2025-04-25 12:00:00,1.38695,1.38710,1.38590,1.38669
2025-04-25 13:00:00,1.38667,1.38728,1.38570,1.38712
2025-04-25 14:00:00,1.38711,1.38767,1.38660,1.38757
2025-04-25 15:00:00,1.38754,1.38847,1.38690,1.38804
2025-04-25 16:00:00,1.38801,1.38893,1.38620,1.38670
2025-04-25 17:00:00,1.38674,1.38821,1.38550,1.38760
2025-04-25 18:00:00,1.38776,1.38901,1.38710,1.38873
2025-04-25 19:00:00,1.38869,1.38923,1.38800,1.38890
2025-04-25 20:00:00,1.38880,1.38915,1.38780,1.38867
2025-04-25 21:00:00,1.38862,1.38884,1.38680,1.38731
2025-04-25 22:00:00,1.38729,1.38750,1.38590,1.38727
2025-04-25 23:00:00,1.38721,1.38758,1.38470,1.38533
2025-04-26 00:00:00,1.38525,1.38653,1.38450,1.38623
2025-04-26 01:00:00,1.38625,1.38635,1.38490,1.38560
2025-04-26 02:00:00,1.38585,1.38654,1.38510,1.38601
2025-04-26 03:00:00,1.38603,1.38758,1.38500,1.38711
2025-04-26 04:00:00,1.38709,1.38744,1.38530,1.38581
2025-04-26 05:00:00,1.38584,1.38644,1.38550,1.38608
2025-04-26 06:00:00,1.38610,1.38624,1.38450,1.38530
2025-04-26 07:00:00,1.38540,1.38540,1.38530,1.38530
2025-04-28 09:00:00,1.38687,1.38723,1.38570,1.38704
2025-04-28 10:00:00,1.38706,1.38771,1.38660,1.38740
2025-04-28 11:00:00,1.38739,1.38834,1.38660,1.38823
2025-04-28 12:00:00,1.38817,1.38850,1.38740,1.38808
2025-04-28 13:00:00,1.38802,1.38831,1.38680,1.38747
2025-04-28 14:00:00,1.38749,1.38753,1.38610,1.38630
2025-04-28 15:00:00,1.38653,1.38677,1.38590,1.38635
2025-04-28 16:00:00,1.38635,1.38872,1.38600,1.38800
2025-04-28 17:00:00,1.38825,1.38850,1.38670,1.38802
2025-04-28 18:00:00,1.38808,1.38926,1.38770,1.38848
2025-04-28 19:00:00,1.38848,1.38848,1.38590,1.38660
2025-04-28 20:00:00,1.38678,1.38816,1.38630,1.38772
2025-04-28 21:00:00,1.38768,1.38800,1.38590,1.38664
2025-04-28 22:00:00,1.38662,1.38693,1.38500,1.38670
2025-04-28 23:00:00,1.38690,1.38724,1.38390,1.38484
2025-04-29 00:00:00,1.38479,1.38550,1.38210,1.38300
2025-04-29 01:00:00,1.38332,1.38642,1.38270,1.38588
2025-04-29 02:00:00,1.38586,1.38620,1.38400,1.38474
2025-04-29 03:00:00,1.38475,1.38580,1.38430,1.38490
2025-04-29 04:00:00,1.38521,1.38535,1.38390,1.38400
2025-04-29 05:00:00,1.38431,1.38438,1.38130,1.38160
2025-04-29 06:00:00,1.38179,1.38310,1.38130,1.38282
2025-04-29 07:00:00,1.38254,1.38320,1.38240,1.38307
2025-04-29 08:00:00,1.38312,1.38349,1.38250,1.38295
2025-04-29 09:00:00,1.38319,1.38358,1.38220,1.38315
2025-04-29 10:00:00,1.38280,1.38400,1.38240,1.38368
2025-04-29 11:00:00,1.38367,1.38410,1.38280,1.38378
2025-04-29 12:00:00,1.38377,1.38403,1.38040,1.38380
2025-04-29 13:00:00,1.38379,1.38667,1.38330,1.38550
2025-04-29 14:00:00,1.38572,1.38640,1.38490,1.38600
2025-04-29 15:00:00,1.38626,1.38713,1.38560,1.38695
2025-04-29 16:00:00,1.38693,1.38712,1.38320,1.38410
2025-04-29 17:00:00,1.38444,1.38457,1.38150,1.38196
2025-04-29 18:00:00,1.38195,1.38362,1.38120,1.38294
2025-04-29 19:00:00,1.38270,1.38481,1.38240,1.38464
2025-04-29 20:00:00,1.38463,1.38508,1.38370,1.38472
2025-04-29 21:00:00,1.38475,1.38520,1.38400,1.38490
2025-04-29 22:00:00,1.38491,1.38499,1.38250,1.38323
2025-04-29 23:00:00,1.38326,1.38531,1.38250,1.38422
2025-04-30 00:00:00,1.38435,1.38669,1.38360,1.38636
2025-04-30 01:00:00,1.38641,1.38674,1.38420,1.38542
2025-04-30 02:00:00,1.38510,1.38569,1.38380,1.38536
2025-04-30 03:00:00,1.38536,1.38601,1.38320,1.38370
2025-04-30 04:00:00,1.38401,1.38560,1.38350,1.38453
2025-04-30 05:00:00,1.38449,1.38461,1.38330,1.38369
2025-04-30 06:00:00,1.38372,1.38401,1.38240,1.38301
2025-04-30 07:00:00,1.38290,1.38423,1.38220,1.38255
2025-04-30 08:00:00,1.38255,1.38305,1.38200,1.38295
2025-04-30 09:00:00,1.38298,1.38330,1.38220,1.38257
2025-04-30 10:00:00,1.38254,1.38350,1.38210,1.38270
2025-04-30 11:00:00,1.38303,1.38418,1.38160,1.38407
2025-04-30 12:00:00,1.38407,1.38460,1.38300,1.38441
2025-04-30 13:00:00,1.38444,1.38446,1.38330,1.38415
2025-04-30 14:00:00,1.38413,1.38422,1.38290,1.38337
2025-04-30 15:00:00,1.38330,1.38343,1.38210,1.38253
2025-04-30 16:00:00,1.38253,1.38310,1.38140,1.38205
2025-04-30 17:00:00,1.38190,1.38374,1.38170,1.38319
2025-04-30 18:00:00,1.38319,1.38432,1.38240,1.38400
2025-04-30 19:00:00,1.38400,1.38432,1.38230,1.38345
2025-04-30 20:00:00,1.38341,1.38380,1.38240,1.38290
2025-04-30 21:00:00,1.38331,1.38361,1.38220,1.38290
2025-04-30 22:00:00,1.38311,1.38537,1.38200,1.38499
2025-04-30 23:00:00,1.38496,1.38510,1.38220,1.38401
2025-05-01 00:00:00,1.38403,1.38554,1.38020,1.38110
2025-05-01 01:00:00,1.38147,1.38229,1.37990,1.38083
2025-05-01 02:00:00,1.38077,1.38186,1.38030,1.38095
2025-05-01 03:00:00,1.38103,1.38116,1.37830,1.37974
2025-05-01 04:00:00,1.37970,1.37979,1.37730,1.37849
2025-05-01 05:00:00,1.37847,1.37861,1.37650,1.37847
2025-05-01 06:00:00,1.37846,1.37991,1.37780,1.37960
2025-05-01 07:00:00,1.37962,1.37980,1.37873,1.37920
2025-05-01 08:00:00,1.37916,1.37973,1.37850,1.37861
2025-05-01 09:00:00,1.37869,1.38011,1.37840,1.37935
2025-05-01 10:00:00,1.37910,1.37941,1.37830,1.37877
2025-05-01 11:00:00,1.37876,1.37957,1.37810,1.37920
2025-05-01 12:00:00,1.37870,1.37930,1.37800,1.37845
2025-05-01 13:00:00,1.37848,1.38004,1.37800,1.37959
2025-05-01 14:00:00,1.37960,1.37986,1.37880,1.37939
2025-05-01 15:00:00,1.37941,1.38067,1.37880,1.38006
2025-05-01 16:00:00,1.38005,1.38030,1.37900,1.38002
2025-05-01 17:00:00,1.38000,1.38161,1.37950,1.38121
2025-05-01 18:00:00,1.38125,1.38174,1.38020,1.38149
2025-05-01 19:00:00,1.38150,1.38252,1.38090,1.38227
2025-05-01 20:00:00,1.38230,1.38240,1.38080,1.38132
2025-05-01 21:00:00,1.38134,1.38226,1.38040,1.38176
2025-05-01 22:00:00,1.38174,1.38250,1.38040,1.38195
2025-05-01 23:00:00,1.38195,1.38230,1.37920,1.37960
2025-05-02 00:00:00,1.37978,1.38483,1.37940,1.38390
2025-05-02 01:00:00,1.38388,1.38621,1.38230,1.38483
2025-05-02 02:00:00,1.38477,1.38573,1.38440,1.38500
2025-05-02 03:00:00,1.38530,1.38614,1.38420,1.38570
2025-05-02 04:00:00,1.38574,1.38606,1.38350,1.38477
2025-05-02 05:00:00,1.38450,1.38486,1.38310,1.38435
2025-05-02 06:00:00,1.38400,1.38555,1.38340,1.38513
2025-05-02 07:00:00,1.38517,1.38550,1.38450,1.38500
2025-05-02 08:00:00,1.38509,1.38550,1.38450,1.38489
2025-05-02 09:00:00,1.38491,1.38539,1.38430,1.38450
2025-05-02 10:00:00,1.38485,1.38500,1.38370,1.38390
2025-05-02 11:00:00,1.38406,1.38430,1.38310,1.38310
2025-05-02 12:00:00,1.38338,1.38346,1.38230,1.38311
2025-05-02 13:00:00,1.38310,1.38332,1.38100,1.38162
2025-05-02 14:00:00,1.38130,1.38240,1.38120,1.38214
2025-05-02 15:00:00,1.38190,1.38240,1.38140,1.38211
2025-05-02 16:00:00,1.38209,1.38239,1.37990,1.38087
2025-05-02 17:00:00,1.38085,1.38182,1.38040,1.38172
2025-05-02 18:00:00,1.38167,1.38343,1.38130,1.38305
2025-05-02 19:00:00,1.38297,1.38325,1.38020,1.38103
2025-05-02 20:00:00,1.38107,1.38292,1.38060,1.38287
2025-05-02 21:00:00,1.38286,1.38311,1.38140,1.38209
2025-05-02 22:00:00,1.38208,1.38387,1.38080,1.38244
2025-05-02 23:00:00,1.38239,1.38291,1.37610,1.37923
2025-05-03 00:00:00,1.37929,1.37942,1.37550,1.37681
2025-05-03 01:00:00,1.37680,1.38001,1.37640,1.37900
2025-05-03 02:00:00,1.37914,1.37953,1.37780,1.37912
2025-05-03 03:00:00,1.37915,1.38062,1.37880,1.38010
2025-05-03 04:00:00,1.38047,1.38171,1.37960,1.38080
2025-05-03 05:00:00,1.38118,1.38151,1.38020,1.38082
2025-05-03 06:00:00,1.38080,1.38203,1.38030,1.38139
2025-05-05 09:00:00,1.38220,1.38281,1.38130,1.38249
2025-05-05 10:00:00,1.38247,1.38290,1.38160,1.38160
2025-05-05 11:00:00,1.38193,1.38196,1.37910,1.38044
2025-05-05 12:00:00,1.38038,1.38082,1.37920,1.37970
2025-05-05 13:00:00,1.37993,1.38105,1.37950,1.38056
2025-05-05 14:00:00,1.38053,1.38065,1.37930,1.37930
2025-05-05 15:00:00,1.37976,1.38038,1.37840,1.38036
2025-05-05 16:00:00,1.38033,1.38160,1.37960,1.38115
2025-05-05 17:00:00,1.38116,1.38186,1.38020,1.38158
2025-05-05 18:00:00,1.38110,1.38170,1.37980,1.38101
2025-05-05 19:00:00,1.38094,1.38102,1.37850,1.37860
2025-05-05 20:00:00,1.37850,1.37993,1.37820,1.37978
2025-05-05 21:00:00,1.37977,1.38067,1.37850,1.37982
2025-05-05 22:00:00,1.37940,1.38150,1.37850,1.38120
2025-05-05 23:00:00,1.38090,1.38155,1.37960,1.38096
2025-05-06 00:00:00,1.38092,1.38297,1.38010,1.38099
2025-05-06 01:00:00,1.38099,1.38191,1.38060,1.38100
2025-05-06 02:00:00,1.38113,1.38215,1.38050,1.38100
2025-05-06 03:00:00,1.38120,1.38167,1.38080,1.38143
2025-05-06 04:00:00,1.38139,1.38201,1.38080,1.38110
2025-05-06 05:00:00,1.38142,1.38180,1.38040,1.38118
2025-05-06 06:00:00,1.38118,1.38252,1.38050,1.38230
2025-05-06 07:00:00,1.38233,1.38300,1.38140,1.38205
2025-05-06 08:00:00,1.38202,1.38238,1.38150,1.38215
2025-05-06 09:00:00,1.38214,1.38235,1.38160,1.38190
2025-05-06 10:00:00,1.38227,1.38400,1.38170,1.38385
2025-05-06 11:00:00,1.38383,1.38451,1.38280,1.38340
2025-05-06 12:00:00,1.38378,1.38389,1.38230,1.38281
2025-05-06 13:00:00,1.38279,1.38324,1.38170,1.38234
2025-05-06 14:00:00,1.38228,1.38237,1.38100,1.38120
2025-05-06 15:00:00,1.38146,1.38260,1.38110,1.38240
2025-05-06 16:00:00,1.38240,1.38309,1.38160,1.38236
2025-05-06 17:00:00,1.38236,1.38257,1.38050,1.38143
2025-05-06 18:00:00,1.38143,1.38205,1.38040,1.38196
2025-05-06 19:00:00,1.38196,1.38325,1.38140,1.38278
2025-05-06 20:00:00,1.38277,1.38297,1.38130,1.38189
2025-05-06 21:00:00,1.38194,1.38208,1.37980,1.38038
2025-05-06 22:00:00,1.38032,1.38085,1.37920,1.38015
2025-05-06 23:00:00,1.38010,1.38090,1.37760,1.37800
2025-05-07 00:00:00,1.37834,1.37938,1.37780,1.37913
2025-05-07 01:00:00,1.37912,1.37931,1.37670,1.37753
2025-05-07 02:00:00,1.37748,1.37904,1.37460,1.37714
2025-05-07 03:00:00,1.37714,1.37866,1.37580,1.37730
2025-05-07 04:00:00,1.37770,1.37841,1.37670,1.37723
2025-05-07 05:00:00,1.37724,1.37765,1.37600,1.37698
2025-05-07 06:00:00,1.37697,1.37830,1.37610,1.37753
2025-05-07 07:00:00,1.37757,1.37780,1.37655,1.37670
2025-05-07 08:00:00,1.37650,1.37747,1.37620,1.37704
2025-05-07 09:00:00,1.37698,1.37753,1.37590,1.37714
2025-05-07 10:00:00,1.37710,1.37809,1.37630,1.37715
2025-05-07 11:00:00,1.37715,1.37925,1.37670,1.37831
2025-05-07 12:00:00,1.37830,1.37987,1.37790,1.37942
2025-05-07 13:00:00,1.37942,1.37970,1.37850,1.37915
2025-05-07 14:00:00,1.37914,1.37962,1.37810,1.37952
2025-05-07 15:00:00,1.37951,1.37972,1.37840,1.37908
2025-05-07 16:00:00,1.37913,1.37936,1.37810,1.37878
2025-05-07 17:00:00,1.37884,1.37957,1.37780,1.37844
2025-05-07 18:00:00,1.37810,1.37933,1.37770,1.37928
2025-05-07 19:00:00,1.37930,1.38033,1.37870,1.38014
2025-05-07 20:00:00,1.38019,1.38020,1.37850,1.37893
2025-05-07 21:00:00,1.37893,1.37958,1.37800,1.37933
2025-05-07 22:00:00,1.37930,1.38064,1.37870,1.38015
2025-05-07 23:00:00,1.38020,1.38062,1.37740,1.37787
2025-05-08 00:00:00,1.37787,1.37988,1.37720,1.37795
2025-05-08 01:00:00,1.37798,1.37831,1.37690,1.37745
2025-05-08 02:00:00,1.37741,1.37955,1.37710,1.37853
2025-05-08 03:00:00,1.37855,1.38068,1.37810,1.38031
2025-05-08 04:00:00,1.38025,1.38172,1.37840,1.38052
2025-05-08 05:00:00,1.38050,1.38370,1.38010,1.38303
2025-05-08 06:00:00,1.38304,1.38395,1.38240,1.38374
2025-05-08 07:00:00,1.38375,1.38390,1.38281,1.38380
2025-05-08 08:00:00,1.38377,1.38393,1.38345,1.38355
2025-05-08 09:00:00,1.38369,1.38374,1.38280,1.38363
2025-05-08 10:00:00,1.38364,1.38364,1.38180,1.38250
2025-05-08 11:00:00,1.38249,1.38315,1.38100,1.38130
2025-05-08 12:00:00,1.38170,1.38252,1.38090,1.38248
2025-05-08 13:00:00,1.38210,1.38270,1.38140,1.38267
2025-05-08 14:00:00,1.38262,1.38298,1.38200,1.38260
2025-05-08 15:00:00,1.38293,1.38513,1.38260,1.38413
2025-05-08 16:00:00,1.38415,1.38742,1.38360,1.38735
2025-05-08 17:00:00,1.38741,1.38835,1.38590,1.38630
2025-05-08 18:00:00,1.38629,1.38727,1.38540,1.38658
2025-05-08 19:00:00,1.38651,1.38860,1.38610,1.38828
2025-05-08 20:00:00,1.38825,1.38895,1.38650,1.38745
2025-05-08 21:00:00,1.38740,1.38983,1.38690,1.38886
2025-05-08 22:00:00,1.38886,1.38965,1.38720,1.38884
2025-05-08 23:00:00,1.38850,1.38889,1.38670,1.38711
2025-05-09 00:00:00,1.38713,1.39034,1.38640,1.38982
2025-05-09 01:00:00,1.38977,1.39192,1.38860,1.39130
2025-05-09 02:00:00,1.39142,1.39311,1.39100,1.39202
2025-05-09 03:00:00,1.39202,1.39329,1.39150,1.39230
2025-05-09 04:00:00,1.39261,1.39321,1.39180,1.39273
2025-05-09 05:00:00,1.39276,1.39314,1.39120,1.39195
2025-05-09 06:00:00,1.39160,1.39240,1.39120,1.39214
2025-05-09 07:00:00,1.39180,1.39240,1.39140,1.39210
2025-05-09 08:00:00,1.39208,1.39230,1.39158,1.39195
2025-05-09 09:00:00,1.39189,1.39263,1.39180,1.39210
2025-05-09 10:00:00,1.39233,1.39320,1.39160,1.39240
2025-05-09 11:00:00,1.39264,1.39358,1.39210,1.39322
2025-05-09 12:00:00,1.39324,1.39424,1.39190,1.39249
2025-05-09 13:00:00,1.39246,1.39260,1.39140,1.39221
2025-05-09 14:00:00,1.39219,1.39222,1.39110,1.39150
2025-05-09 15:00:00,1.39168,1.39240,1.39100,1.39110
2025-05-09 16:00:00,1.39143,1.39255,1.39090,1.39255
2025-05-09 17:00:00,1.39250,1.39260,1.39080,1.39143
2025-05-09 18:00:00,1.39146,1.39200,1.39060,1.39100
2025-05-09 19:00:00,1.39115,1.39188,1.39070,1.39130
2025-05-09 20:00:00,1.39166,1.39185,1.39080,1.39154
2025-05-09 21:00:00,1.39153,1.39212,1.39060,1.39117
2025-05-09 22:00:00,1.39111,1.39184,1.39040,1.39153
2025-05-09 23:00:00,1.39150,1.39269,1.39020,1.39220
2025-05-10 00:00:00,1.39245,1.39344,1.39130,1.39271
2025-05-10 01:00:00,1.39266,1.39417,1.39220,1.39261
2025-05-10 02:00:00,1.39262,1.39445,1.39210,1.39310
2025-05-10 03:00:00,1.39320,1.39356,1.39160,1.39246
2025-05-10 04:00:00,1.39246,1.39344,1.39190,1.39295
2025-05-10 05:00:00,1.39291,1.39380,1.39220,1.39308
2025-05-10 06:00:00,1.39310,1.39402,1.39260,1.39360
2025-05-10 07:00:00,1.39370,1.39370,1.39370,1.39370
2025-05-12 09:00:00,1.39278,1.39295,1.39160,1.39278
2025-05-12 10:00:00,1.39275,1.39385,1.39190,1.39361
2025-05-12 11:00:00,1.39363,1.39408,1.39260,1.39320
2025-05-12 12:00:00,1.39365,1.39410,1.39280,1.39349
2025-05-12 13:00:00,1.39343,1.39349,1.39160,1.39220
2025-05-12 14:00:00,1.39218,1.39280,1.39150,1.39230
2025-05-12 15:00:00,1.39253,1.39322,1.39190,1.39230
2025-05-12 16:00:00,1.39272,1.39298,1.39120,1.39298
2025-05-12 17:00:00,1.39296,1.39763,1.39090,1.39697
2025-05-12 18:00:00,1.39650,1.39806,1.39480,1.39576
2025-05-12 19:00:00,1.39570,1.39720,1.39510,1.39693
2025-05-12 20:00:00,1.39693,1.39866,1.39650,1.39858
2025-05-12 21:00:00,1.39858,1.39873,1.39710,1.39761
2025-05-12 22:00:00,1.39730,1.39980,1.39720,1.39970
2025-05-12 23:00:00,1.39979,1.39991,1.39740,1.39878
2025-05-13 00:00:00,1.39883,1.39990,1.39810,1.39960
2025-05-13 01:00:00,1.39956,1.40080,1.39880,1.40044
2025-05-13 02:00:00,1.40042,1.40116,1.39990,1.40043
2025-05-13 03:00:00,1.40047,1.40156,1.40000,1.40074
2025-05-13 04:00:00,1.40072,1.40127,1.39870,1.39910
2025-05-13 05:00:00,1.39939,1.39955,1.39790,1.39870
2025-05-13 06:00:00,1.39871,1.39898,1.39680,1.39726
2025-05-13 07:00:00,1.39723,1.39800,1.39710,1.39764
2025-05-13 08:00:00,1.39760,1.39839,1.39700,1.39720
2025-05-13 09:00:00,1.39732,1.39781,1.39650,1.39739
2025-05-13 10:00:00,1.39734,1.39856,1.39690,1.39819
2025-05-13 11:00:00,1.39821,1.39873,1.39740,1.39801
2025-05-13 12:00:00,1.39770,1.39806,1.39700,1.39710
2025-05-13 13:00:00,1.39737,1.39756,1.39600,1.39639
2025-05-13 14:00:00,1.39638,1.39643,1.39540,1.39604
2025-05-13 15:00:00,1.39600,1.39687,1.39550,1.39620
2025-05-13 16:00:00,1.39658,1.39701,1.39550,1.39600
2025-05-13 17:00:00,1.39625,1.39884,1.39590,1.39863
2025-05-13 18:00:00,1.39862,1.39914,1.39770,1.39891
2025-05-13 19:00:00,1.39882,1.39937,1.39770,1.39822
2025-05-13 20:00:00,1.39825,1.39879,1.39760,1.39838
2025-05-13 21:00:00,1.39820,1.39955,1.39780,1.39932
2025-05-13 22:00:00,1.39932,1.40007,1.39730,1.39789
2025-05-13 23:00:00,1.39791,1.40161,1.39750,1.40111
2025-05-14 00:00:00,1.40110,1.40119,1.39740,1.39786
2025-05-14 01:00:00,1.39788,1.39853,1.39520,1.39590
2025-05-14 02:00:00,1.39594,1.39693,1.39490,1.39550
2025-05-14 03:00:00,1.39548,1.39565,1.39420,1.39471
2025-05-14 04:00:00,1.39470,1.39555,1.39350,1.39396
2025-05-14 05:00:00,1.39402,1.39435,1.39270,1.39329
2025-05-14 06:00:00,1.39337,1.39420,1.39270,1.39349
2025-05-14 07:00:00,1.39349,1.39396,1.39310,1.39358
2025-05-14 08:00:00,1.39347,1.39367,1.39220,1.39230
2025-05-14 09:00:00,1.39277,1.39338,1.39230,1.39327
2025-05-14 10:00:00,1.39300,1.39396,1.39270,1.39310
2025-05-14 11:00:00,1.39319,1.39390,1.39220,1.39343
2025-05-14 12:00:00,1.39340,1.39390,1.39200,1.39230
2025-05-14 13:00:00,1.39252,1.39265,1.39160,1.39205
2025-05-14 14:00:00,1.39199,1.39278,1.39150,1.39265
2025-05-14 15:00:00,1.39267,1.39292,1.39170,1.39292
2025-05-14 16:00:00,1.39288,1.39361,1.39200,1.39332
2025-05-14 17:00:00,1.39331,1.39337,1.39130,1.39233
2025-05-14 18:00:00,1.39233,1.39240,1.39030,1.39127
2025-05-14 19:00:00,1.39126,1.39164,1.38980,1.39070
2025-05-14 20:00:00,1.39111,1.39298,1.39060,1.39289
2025-05-14 21:00:00,1.39293,1.39404,1.39250,1.39340
2025-05-14 22:00:00,1.39381,1.39466,1.39220,1.39447
2025-05-14 23:00:00,1.39445,1.39606,1.39340,1.39559
2025-05-15 00:00:00,1.39559,1.39735,1.39480,1.39583
2025-05-15 01:00:00,1.39576,1.39790,1.39530,1.39644
2025-05-15 02:00:00,1.39645,1.39845,1.39550,1.39731
2025-05-15 03:00:00,1.39726,1.39750,1.39620,1.39722
2025-05-15 04:00:00,1.39720,1.39780,1.39630,1.39753
2025-05-15 05:00:00,1.39752,1.39798,1.39660,1.39755
2025-05-15 06:00:00,1.39759,1.39860,1.39720,1.39810
2025-05-15 07:00:00,1.39812,1.39812,1.39630,1.39701
2025-05-15 08:00:00,1.39705,1.39798,1.39680,1.39767
2025-05-15 09:00:00,1.39760,1.39807,1.39680,1.39781
2025-05-15 10:00:00,1.39776,1.39785,1.39640,1.39705
2025-05-15 11:00:00,1.39708,1.39708,1.39550,1.39650
2025-05-15 12:00:00,1.39675,1.39721,1.39610,1.39650
2025-05-15 13:00:00,1.39680,1.39702,1.39590,1.39650
2025-05-15 14:00:00,1.39650,1.39707,1.39590,1.39699
2025-05-15 15:00:00,1.39696,1.39832,1.39650,1.39743
2025-05-15 16:00:00,1.39743,1.39810,1.39650,1.39670
2025-05-15 17:00:00,1.39690,1.39881,1.39640,1.39810
2025-05-15 18:00:00,1.39837,1.39888,1.39750,1.39826
2025-05-15 19:00:00,1.39822,1.39874,1.39730,1.39809
2025-05-15 20:00:00,1.39805,1.39893,1.39730,1.39830
2025-05-15 21:00:00,1.39856,1.39910,1.39770,1.39847
2025-05-15 22:00:00,1.39841,1.39937,1.39723,1.39819
2025-05-15 23:00:00,1.39819,1.39990,1.39720,1.39924
2025-05-16 00:00:00,1.39928,1.40034,1.39810,1.39950
2025-05-16 01:00:00,1.39949,1.40023,1.39840,1.39904
2025-05-16 02:00:00,1.39898,1.40046,1.39820,1.39840
2025-05-16 03:00:00,1.39869,1.39885,1.39670,1.39733
2025-05-16 04:00:00,1.39738,1.39742,1.39590,1.39659
2025-05-16 05:00:00,1.39663,1.39686,1.39550,1.39597
2025-05-16 06:00:00,1.39598,1.39650,1.39520,1.39559
2025-05-16 07:00:00,1.39569,1.39631,1.39500,1.39590
2025-05-16 08:00:00,1.39566,1.39627,1.39500,1.39500
2025-05-16 09:00:00,1.39557,1.39572,1.39470,1.39558
2025-05-16 10:00:00,1.39556,1.39573,1.39460,1.39530
2025-05-16 11:00:00,1.39531,1.39571,1.39440,1.39490
2025-05-16 12:00:00,1.39517,1.39550,1.39420,1.39465
2025-05-16 13:00:00,1.39459,1.39501,1.39380,1.39453
2025-05-16 14:00:00,1.39454,1.39471,1.39370,1.39400
2025-05-16 15:00:00,1.39434,1.39443,1.39330,1.39390
2025-05-16 16:00:00,1.39391,1.39462,1.39300,1.39400
2025-05-16 17:00:00,1.39448,1.39533,1.39380,1.39460
2025-05-16 18:00:00,1.39459,1.39607,1.39430,1.39532
2025-05-16 19:00:00,1.39532,1.39621,1.39480,1.39611
2025-05-16 20:00:00,1.39612,1.39636,1.39520,1.39579
2025-05-16 21:00:00,1.39578,1.39657,1.39510,1.39653
2025-05-16 22:00:00,1.39655,1.39730,1.39530,1.39582
2025-05-16 23:00:00,1.39580,1.39616,1.39450,1.39521
2025-05-17 00:00:00,1.39522,1.39830,1.39480,1.39780
2025-05-17 01:00:00,1.39813,1.39918,1.39770,1.39880
2025-05-17 02:00:00,1.39907,1.39952,1.39790,1.39858
2025-05-17 03:00:00,1.39854,1.39910,1.39800,1.39850
2025-05-17 04:00:00,1.39884,1.39955,1.39790,1.39842
2025-05-17 05:00:00,1.39842,1.39873,1.39760,1.39809
2025-05-17 06:00:00,1.39805,1.39814,1.39590,1.39640
2025-05-17 07:00:00,1.39650,1.39650,1.39650,1.39650
2025-05-19 09:00:00,1.39560,1.39580,1.39480,1.39490
2025-05-19 10:00:00,1.39528,1.39623,1.39480,1.39580
2025-05-19 11:00:00,1.39579,1.39705,1.39530,1.39692
2025-05-19 12:00:00,1.39691,1.39712,1.39580,1.39691
2025-05-19 13:00:00,1.39691,1.39713,1.39610,1.39697
2025-05-19 14:00:00,1.39697,1.39728,1.39610,1.39670
2025-05-19 15:00:00,1.39707,1.39720,1.39610,1.39669
2025-05-19 16:00:00,1.39650,1.39705,1.39570,1.39632
2025-05-19 17:00:00,1.39630,1.39654,1.39440,1.39531
2025-05-19 18:00:00,1.39530,1.39620,1.39460,1.39524
2025-05-19 19:00:00,1.39523,1.39540,1.39390,1.39456
2025-05-19 20:00:00,1.39451,1.39540,1.39390,1.39470
2025-05-19 21:00:00,1.39501,1.39511,1.39350,1.39370
2025-05-19 22:00:00,1.39397,1.39480,1.39340,1.39419
2025-05-19 23:00:00,1.39422,1.39511,1.39320,1.39461
2025-05-20 00:00:00,1.39456,1.39520,1.39210,1.39304
2025-05-20 01:00:00,1.39305,1.39511,1.39130,1.39468
2025-05-20 02:00:00,1.39465,1.39529,1.39370,1.39498
2025-05-20 03:00:00,1.39498,1.39652,1.39430,1.39632
2025-05-20 04:00:00,1.39633,1.39652,1.39520,1.39550
2025-05-20 05:00:00,1.39550,1.39613,1.39490,1.39533
2025-05-20 06:00:00,1.39535,1.39546,1.39460,1.39497
2025-05-20 07:00:00,1.39471,1.39501,1.39270,1.39370
2025-05-20 08:00:00,1.39426,1.39607,1.39330,1.39583
2025-05-20 09:00:00,1.39589,1.39620,1.39480,1.39574
2025-05-20 10:00:00,1.39579,1.39650,1.39530,1.39621
2025-05-20 11:00:00,1.39616,1.39665,1.39530,1.39657
2025-05-20 12:00:00,1.39650,1.39683,1.39570,1.39645
2025-05-20 13:00:00,1.39644,1.39660,1.39520,1.39579
2025-05-20 14:00:00,1.39573,1.39650,1.39530,1.39635
2025-05-20 15:00:00,1.39620,1.39641,1.39470,1.39570
2025-05-20 16:00:00,1.39567,1.39587,1.39390,1.39440
2025-05-20 17:00:00,1.39473,1.39491,1.39290,1.39355
2025-05-20 18:00:00,1.39310,1.39435,1.39270,1.39414
2025-05-20 19:00:00,1.39370,1.39419,1.39290,1.39363
2025-05-20 20:00:00,1.39363,1.39490,1.39300,1.39450
2025-05-20 21:00:00,1.39476,1.39484,1.39390,1.39430
2025-05-20 22:00:00,1.39461,1.39611,1.39160,1.39261
2025-05-20 23:00:00,1.39260,1.39388,1.39160,1.39190
2025-05-21 00:00:00,1.39220,1.39455,1.39140,1.39410
2025-05-21 01:00:00,1.39434,1.39553,1.39370,1.39423
2025-05-21 02:00:00,1.39427,1.39495,1.39240,1.39296
2025-05-21 03:00:00,1.39297,1.39316,1.39130,1.39190
2025-05-21 04:00:00,1.39191,1.39360,1.39140,1.39297
2025-05-21 05:00:00,1.39294,1.39330,1.39110,1.39148
2025-05-21 06:00:00,1.39148,1.39173,1.39040,1.39130
2025-05-21 07:00:00,1.39144,1.39200,1.39100,1.39148
2025-05-21 08:00:00,1.39146,1.39158,1.39040,1.39095
2025-05-21 09:00:00,1.39095,1.39110,1.39030,1.39050
2025-05-21 10:00:00,1.39088,1.39090,1.38950,1.39025
2025-05-21 11:00:00,1.39000,1.39111,1.38950,1.39040
2025-05-21 12:00:00,1.39064,1.39071,1.38900,1.38955
2025-05-21 13:00:00,1.38957,1.38988,1.38820,1.38889
2025-05-21 14:00:00,1.38889,1.38940,1.38820,1.38900
2025-05-21 15:00:00,1.38898,1.38913,1.38800,1.38875
2025-05-21 16:00:00,1.38878,1.38922,1.38750,1.38800
2025-05-21 17:00:00,1.38833,1.38946,1.38770,1.38848
2025-05-21 18:00:00,1.38853,1.38983,1.38780,1.38936
2025-05-21 19:00:00,1.38935,1.38944,1.38830,1.38840
2025-05-21 20:00:00,1.38873,1.38896,1.38630,1.38786
2025-05-21 21:00:00,1.38792,1.38942,1.38710,1.38901
2025-05-21 22:00:00,1.38900,1.38906,1.38670,1.38703
2025-05-21 23:00:00,1.38708,1.38748,1.38570,1.38689
2025-05-22 00:00:00,1.38686,1.38769,1.38370,1.38462
2025-05-22 01:00:00,1.38460,1.38529,1.38180,1.38224
2025-05-22 02:00:00,1.38224,1.38282,1.38120,1.38176
2025-05-22 03:00:00,1.38178,1.38399,1.38100,1.38341
2025-05-22 04:00:00,1.38290,1.38432,1.38280,1.38370
2025-05-22 05:00:00,1.38370,1.38637,1.38340,1.38621
2025-05-22 06:00:00,1.38620,1.38653,1.38520,1.38577
2025-05-22 07:00:00,1.38583,1.38630,1.38515,1.38560
2025-05-22 08:00:00,1.38589,1.38714,1.38544,1.38650
2025-05-22 09:00:00,1.38686,1.38698,1.38570,1.38614
2025-05-22 10:00:00,1.38611,1.38616,1.38510,1.38550
2025-05-22 11:00:00,1.38580,1.38613,1.38490,1.38510
2025-05-22 12:00:00,1.38552,1.38596,1.38410,1.38480
2025-05-22 13:00:00,1.38498,1.38553,1.38430,1.38490
2025-05-22 14:00:00,1.38528,1.38545,1.38420,1.38471
2025-05-22 15:00:00,1.38468,1.38533,1.38430,1.38481
2025-05-22 16:00:00,1.38481,1.38598,1.38420,1.38575
2025-05-22 17:00:00,1.38575,1.38699,1.38510,1.38566
2025-05-22 18:00:00,1.38563,1.38762,1.38440,1.38748
2025-05-22 19:00:00,1.38748,1.38847,1.38690,1.38770
2025-05-22 20:00:00,1.38792,1.38824,1.38710,1.38789
2025-05-22 21:00:00,1.38787,1.38801,1.38570,1.38656
2025-05-22 22:00:00,1.38652,1.38851,1.38580,1.38760
2025-05-22 23:00:00,1.38779,1.38890,1.38660,1.38878
2025-05-23 00:00:00,1.38872,1.38883,1.38630,1.38731
2025-05-23 01:00:00,1.38723,1.38824,1.38530,1.38576
2025-05-23 02:00:00,1.38578,1.38677,1.38500,1.38668
2025-05-23 03:00:00,1.38664,1.38730,1.38580,1.38590
2025-05-23 04:00:00,1.38616,1.38682,1.38550,1.38664
2025-05-23 05:00:00,1.38665,1.38683,1.38570,1.38649
2025-05-23 06:00:00,1.38648,1.38655,1.38520,1.38559
2025-05-23 07:00:00,1.38548,1.38624,1.38490,1.38579
2025-05-23 08:00:00,1.38613,1.38613,1.38520,1.38560
2025-05-23 09:00:00,1.38585,1.38593,1.38490,1.38580
2025-05-23 10:00:00,1.38581,1.38590,1.38450,1.38506
2025-05-23 11:00:00,1.38505,1.38520,1.38270,1.38320
2025-05-23 12:00:00,1.38351,1.38381,1.38270,1.38329
2025-05-23 13:00:00,1.38328,1.38334,1.38260,1.38309
2025-05-23 14:00:00,1.38311,1.38323,1.38210,1.38271
2025-05-23 15:00:00,1.38273,1.38308,1.38190,1.38250
2025-05-23 16:00:00,1.38246,1.38319,1.38180,1.38250
2025-05-23 17:00:00,1.38284,1.38296,1.38050,1.38141
2025-05-23 18:00:00,1.38141,1.38230,1.38080,1.38130
2025-05-23 19:00:00,1.38166,1.38201,1.38010,1.38057
2025-05-23 20:00:00,1.38053,1.38107,1.38000,1.38097
2025-05-23 21:00:00,1.38096,1.38203,1.37990,1.38192
2025-05-23 22:00:00,1.38170,1.38338,1.37900,1.37966
2025-05-23 23:00:00,1.37950,1.38107,1.37710,1.37838
2025-05-24 00:00:00,1.37840,1.37856,1.375,1.37547
2025-05-24 01:00:00,1.37545,1.37643,1.37460,1.37570
2025-05-24 02:00:00,1.37570,1.37594,1.37270,1.37320
2025-05-24 03:00:00,1.37343,1.37371,1.37110,1.37259
2025-05-24 04:00:00,1.37258,1.37267,1.37070,1.37211
2025-05-24 05:00:00,1.37220,1.37290,1.37050,1.37244
2025-05-24 06:00:00,1.37250,1.37363,1.37210,1.37325
2025-05-24 07:00:00,1.37370,1.37370,1.37370,1.37370
2025-05-26 09:00:00,1.37304,1.37383,1.37190,1.37361
2025-05-26 10:00:00,1.37340,1.37360,1.37150,1.37185
2025-05-26 11:00:00,1.37186,1.37225,1.36900,1.36961
2025-05-26 12:00:00,1.36940,1.36992,1.36850,1.36950
2025-05-26 13:00:00,1.36976,1.37023,1.36900,1.37001
2025-05-26 14:00:00,1.37001,1.37072,1.36950,1.37030
2025-05-26 15:00:00,1.37050,1.37084,1.36920,1.37030
2025-05-26 16:00:00,1.37028,1.37060,1.36820,1.36921
2025-05-26 17:00:00,1.36920,1.37115,1.36860,1.37026
2025-05-26 18:00:00,1.37033,1.37145,1.36940,1.37141
2025-05-26 19:00:00,1.37138,1.37215,1.37070,1.37203
2025-05-26 20:00:00,1.37199,1.37230,1.37080,1.37178
2025-05-26 21:00:00,1.37180,1.37230,1.37100,1.37164
2025-05-26 22:00:00,1.37150,1.37258,1.37100,1.37258
2025-05-26 23:00:00,1.37253,1.37341,1.37150,1.37290
2025-05-27 00:00:00,1.37329,1.37351,1.37190,1.37265
2025-05-27 01:00:00,1.37263,1.37323,1.37210,1.37287
2025-05-27 02:00:00,1.37289,1.37352,1.37250,1.37334
2025-05-27 03:00:00,1.37338,1.37390,1.37290,1.37371
2025-05-27 04:00:00,1.37369,1.37390,1.37310,1.37320
2025-05-27 05:00:00,1.37355,1.37390,1.37300,1.37359
2025-05-27 06:00:00,1.37358,1.37381,1.37280,1.37342
2025-05-27 07:00:00,1.37337,1.37360,1.37286,1.37315
2025-05-27 08:00:00,1.37314,1.37359,1.37270,1.37349
2025-05-27 09:00:00,1.37348,1.37380,1.37310,1.37361
2025-05-27 10:00:00,1.37360,1.37370,1.37217,1.37239
2025-05-27 11:00:00,1.37236,1.37345,1.37215,1.37318
2025-05-27 12:00:00,1.37317,1.37385,1.37302,1.37354
2025-05-27 13:00:00,1.37358,1.37390,1.37325,1.37364
2025-05-27 14:00:00,1.37361,1.37454,1.37309,1.37438
2025-05-27 15:00:00,1.37438,1.375,1.37384,1.37384
2025-05-27 16:00:00,1.37385,1.37463,1.37321,1.37454
2025-05-27 17:00:00,1.37453,1.37690,1.37387,1.37659
2025-05-27 18:00:00,1.37654,1.37683,1.37586,1.37625
2025-05-27 19:00:00,1.37623,1.37675,1.37575,1.37600
2025-05-27 20:00:00,1.37602,1.37684,1.37577,1.37637
2025-05-27 21:00:00,1.37638,1.37691,1.37615,1.37663
2025-05-27 22:00:00,1.37659,1.37745,1.37590,1.37630
2025-05-27 23:00:00,1.37631,1.37721,1.37574,1.37624
2025-05-28 00:00:00,1.37632,1.37737,1.37542,1.37570
2025-05-28 01:00:00,1.37569,1.37793,1.37546,1.37765
2025-05-28 02:00:00,1.37765,1.37800,1.37704,1.37767
2025-05-28 03:00:00,1.37765,1.37825,1.37723,1.37809
2025-05-28 04:00:00,1.37808,1.37957,1.37797,1.37941
2025-05-28 05:00:00,1.37943,1.38276,1.37902,1.38214
2025-05-28 06:00:00,1.38223,1.38361,1.38041,1.38079
2025-05-28 07:00:00,1.38077,1.38098,1.38042,1.38076
2025-05-28 08:00:00,1.38068,1.38152,1.38023,1.38136
2025-05-28 09:00:00,1.38144,1.38180,1.38060,1.38060
2025-05-28 10:00:00,1.38097,1.38120,1.37970,1.38050
2025-05-28 11:00:00,1.38049,1.38264,1.38010,1.38246
2025-05-28 12:00:00,1.38200,1.38268,1.38120,1.38249
2025-05-28 13:00:00,1.38243,1.38290,1.38160,1.38241
2025-05-28 14:00:00,1.38239,1.38345,1.38190,1.38310
2025-05-28 15:00:00,1.38337,1.38385,1.38240,1.38283
2025-05-28 16:00:00,1.38279,1.38375,1.38230,1.38337
2025-05-28 17:00:00,1.38333,1.38338,1.38100,1.38207
2025-05-28 18:00:00,1.38209,1.38255,1.38090,1.38176
2025-05-28 19:00:00,1.38170,1.38264,1.38110,1.38232
2025-05-28 20:00:00,1.38233,1.38248,1.38070,1.38160
2025-05-28 21:00:00,1.38183,1.38321,1.38130,1.38240
2025-05-28 22:00:00,1.38287,1.38395,1.38180,1.38360
2025-05-28 23:00:00,1.38380,1.38444,1.38220,1.38290
2025-05-29 00:00:00,1.38293,1.38299,1.38040,1.38114
2025-05-29 01:00:00,1.38117,1.38245,1.38060,1.38202
2025-05-29 02:00:00,1.38202,1.38254,1.38130,1.38223
2025-05-29 03:00:00,1.38217,1.38276,1.38140,1.38269
2025-05-29 04:00:00,1.38263,1.38333,1.38200,1.38296
2025-05-29 05:00:00,1.38297,1.38370,1.38230,1.38367
2025-05-29 06:00:00,1.38340,1.38380,1.38280,1.38334
2025-05-29 07:00:00,1.38329,1.38347,1.38290,1.38305
2025-05-29 08:00:00,1.38343,1.38358,1.38280,1.38326
2025-05-29 09:00:00,1.38327,1.38610,1.38280,1.38534
2025-05-29 10:00:00,1.38532,1.38590,1.38400,1.38540
2025-05-29 11:00:00,1.38542,1.38616,1.38420,1.38471
2025-05-29 12:00:00,1.38467,1.38552,1.38390,1.38491
2025-05-29 13:00:00,1.38488,1.38517,1.38390,1.38477
2025-05-29 14:00:00,1.38475,1.38523,1.38370,1.38410
2025-05-29 15:00:00,1.38427,1.38570,1.38380,1.38511
2025-05-29 16:00:00,1.38508,1.38519,1.38260,1.38327
2025-05-29 17:00:00,1.38300,1.38351,1.38130,1.38182
2025-05-29 18:00:00,1.38181,1.38327,1.38120,1.38323
2025-05-29 19:00:00,1.38322,1.38346,1.38140,1.38212
2025-05-29 20:00:00,1.38212,1.38267,1.38120,1.38253
2025-05-29 21:00:00,1.38252,1.38352,1.38190,1.38260
2025-05-29 22:00:00,1.38281,1.38290,1.37910,1.37959
2025-05-29 23:00:00,1.37956,1.38229,1.37800,1.38187
2025-05-30 00:00:00,1.38191,1.38273,1.38000,1.38083
2025-05-30 01:00:00,1.38088,1.38116,1.37930,1.38093
2025-05-30 02:00:00,1.38094,1.38122,1.37960,1.38042
2025-05-30 03:00:00,1.38047,1.38116,1.37940,1.38040
2025-05-30 04:00:00,1.38039,1.38054,1.37920,1.38006
2025-05-30 05:00:00,1.38009,1.38093,1.37930,1.38085
2025-05-30 06:00:00,1.38086,1.38115,1.38030,1.38050
2025-05-30 07:00:00,1.38063,1.38100,1.37988,1.38070
2025-05-30 08:00:00,1.38067,1.38085,1.38000,1.38055
2025-05-30 09:00:00,1.38059,1.38091,1.38000,1.38066
2025-05-30 10:00:00,1.38063,1.38178,1.37970,1.38107
2025-05-30 11:00:00,1.38102,1.38197,1.37980,1.38189
2025-05-30 12:00:00,1.38186,1.38256,1.38120,1.38210
2025-05-30 13:00:00,1.38241,1.38250,1.38140,1.38223
2025-05-30 14:00:00,1.38227,1.38227,1.38150,1.38204
2025-05-30 15:00:00,1.38202,1.38230,1.38106,1.38128
2025-05-30 16:00:00,1.38125,1.38230,1.38125,1.38201
2025-05-30 17:00:00,1.38199,1.38299,1.38133,1.38174
2025-05-30 18:00:00,1.38171,1.38236,1.38117,1.38175
2025-05-30 19:00:00,1.38173,1.38205,1.38129,1.38188
2025-05-30 20:00:00,1.38189,1.38201,1.38106,1.38139
2025-05-30 21:00:00,1.38136,1.38159,1.38073,1.38079
2025-05-30 22:00:00,1.38079,1.38139,1.37830,1.37938
2025-05-30 23:00:00,1.37934,1.37982,1.37780,1.37957
2025-05-31 00:00:00,1.37956,1.37984,1.37350,1.37494
2025-05-31 01:00:00,1.37470,1.37589,1.37400,1.37482
2025-05-31 02:00:00,1.37478,1.37633,1.37440,1.37563
2025-05-31 03:00:00,1.37562,1.37610,1.37270,1.37360
2025-05-31 04:00:00,1.37392,1.37396,1.37120,1.37181
2025-05-31 05:00:00,1.37160,1.37268,1.37100,1.37250
2025-05-31 06:00:00,1.37247,1.37431,1.37170,1.37370
2025-05-31 07:00:00,1.37400,1.37400,1.37400,1.37400
2025-06-02 09:00:00,1.37250,1.37280,1.37190,1.37230
2025-06-02 10:00:00,1.37249,1.37268,1.37100,1.37130
2025-06-02 11:00:00,1.37172,1.37205,1.37010,1.37182
2025-06-02 12:00:00,1.37181,1.37206,1.37080,1.37150
2025-06-02 13:00:00,1.37174,1.37289,1.37110,1.37210
2025-06-02 14:00:00,1.37232,1.37260,1.37170,1.37218
2025-06-02 15:00:00,1.37222,1.37241,1.37090,1.37150
2025-06-02 16:00:00,1.37184,1.37223,1.36950,1.37004
2025-06-02 17:00:00,1.37003,1.37031,1.36700,1.36780
2025-06-02 18:00:00,1.36813,1.36972,1.36700,1.36948
2025-06-02 19:00:00,1.36947,1.37001,1.36820,1.36920
2025-06-02 20:00:00,1.36945,1.36972,1.36810,1.36953
2025-06-02 21:00:00,1.36954,1.37108,1.36890,1.37061
2025-06-02 22:00:00,1.37061,1.37070,1.36870,1.36960
2025-06-02 23:00:00,1.36961,1.37132,1.36900,1.37029
2025-06-03 00:00:00,1.37029,1.37087,1.36890,1.36998
2025-06-03 01:00:00,1.37000,1.37057,1.36860,1.36994
2025-06-03 02:00:00,1.36993,1.37142,1.36960,1.37111
2025-06-03 03:00:00,1.37109,1.37237,1.37060,1.37177
2025-06-03 04:00:00,1.37177,1.37214,1.37060,1.37120
2025-06-03 05:00:00,1.37119,1.37155,1.36960,1.37022
2025-06-03 06:00:00,1.37018,1.37168,1.36960,1.37108
2025-06-03 07:00:00,1.37117,1.37150,1.37020,1.37110
2025-06-03 08:00:00,1.37111,1.37200,1.37080,1.37145
2025-06-03 09:00:00,1.37144,1.37157,1.37050,1.37108
2025-06-03 10:00:00,1.37103,1.37260,1.37070,1.37180
2025-06-03 11:00:00,1.37196,1.37260,1.37150,1.37240
2025-06-03 12:00:00,1.37241,1.37342,1.37180,1.37270
2025-06-03 13:00:00,1.37298,1.37352,1.37250,1.37344
2025-06-03 14:00:00,1.37347,1.37352,1.37280,1.37323
2025-06-03 15:00:00,1.37322,1.37392,1.37270,1.37300
2025-06-03 16:00:00,1.37325,1.37380,1.37200,1.37243
2025-06-03 17:00:00,1.37241,1.37354,1.37190,1.37290
2025-06-03 18:00:00,1.37320,1.37386,1.37230,1.37270
2025-06-03 19:00:00,1.37297,1.37345,1.37180,1.37272
2025-06-03 20:00:00,1.37265,1.37346,1.37200,1.37310
2025-06-03 21:00:00,1.37328,1.37420,1.37280,1.37387
2025-06-03 22:00:00,1.37387,1.37430,1.37230,1.37300
2025-06-03 23:00:00,1.37300,1.37341,1.37140,1.37285
2025-06-04 00:00:00,1.37282,1.37346,1.36960,1.37070
2025-06-04 01:00:00,1.37071,1.37305,1.37020,1.37215
2025-06-04 02:00:00,1.37180,1.37314,1.37160,1.37254
2025-06-04 03:00:00,1.37253,1.37263,1.37110,1.37187
2025-06-04 04:00:00,1.37190,1.37250,1.37146,1.37151
2025-06-04 05:00:00,1.37155,1.37209,1.37130,1.37193
2025-06-04 06:00:00,1.37198,1.37230,1.37100,1.37182
2025-06-04 07:00:00,1.37180,1.37208,1.37110,1.37180
2025-06-04 08:00:00,1.37203,1.37221,1.37130,1.37221
2025-06-04 09:00:00,1.37180,1.37231,1.37110,1.37120
2025-06-04 10:00:00,1.37150,1.37194,1.37080,1.37110
2025-06-04 11:00:00,1.37100,1.37211,1.37020,1.37100
2025-06-04 12:00:00,1.37106,1.37185,1.37020,1.37160
2025-06-04 13:00:00,1.37178,1.37231,1.37110,1.37170
2025-06-04 14:00:00,1.37191,1.37237,1.37110,1.37219
2025-06-04 15:00:00,1.37223,1.37281,1.37160,1.37253
2025-06-04 16:00:00,1.37253,1.37316,1.37160,1.37180
2025-06-04 17:00:00,1.37209,1.37213,1.37060,1.37175
2025-06-04 18:00:00,1.37176,1.37215,1.37020,1.37085
2025-06-04 19:00:00,1.37082,1.37171,1.37030,1.37141
2025-06-04 20:00:00,1.37139,1.37196,1.37050,1.37119
2025-06-04 21:00:00,1.37123,1.37136,1.36990,1.37040
2025-06-04 22:00:00,1.37063,1.37085,1.36890,1.36995
2025-06-04 23:00:00,1.36997,1.37104,1.36870,1.37084
2025-06-05 00:00:00,1.37084,1.37084,1.36580,1.36661
2025-06-05 01:00:00,1.36665,1.36877,1.36610,1.36701
2025-06-05 02:00:00,1.36701,1.36706,1.36500,1.36554
2025-06-05 03:00:00,1.36550,1.36611,1.36480,1.36597
2025-06-05 04:00:00,1.36594,1.36687,1.36550,1.36645
2025-06-05 05:00:00,1.36649,1.36817,1.36570,1.36815
2025-06-05 06:00:00,1.36814,1.36857,1.36680,1.36760
2025-06-05 07:00:00,1.36760,1.36772,1.36695,1.36711
2025-06-05 08:00:00,1.36717,1.36785,1.36680,1.36760
2025-06-05 09:00:00,1.36785,1.36816,1.36680,1.36816
2025-06-05 10:00:00,1.36780,1.36826,1.36680,1.36717
2025-06-05 11:00:00,1.36717,1.36820,1.36660,1.36775
2025-06-05 12:00:00,1.36780,1.36833,1.36720,1.36770
2025-06-05 13:00:00,1.36766,1.36832,1.36670,1.36827
2025-06-05 14:00:00,1.36828,1.36839,1.36710,1.36778
2025-06-05 15:00:00,1.36784,1.36831,1.36710,1.36808
2025-06-05 16:00:00,1.36814,1.36824,1.36640,1.36728
2025-06-05 17:00:00,1.36728,1.36736,1.36550,1.36714
2025-06-05 18:00:00,1.36713,1.36717,1.36580,1.36645
2025-06-05 19:00:00,1.36620,1.36673,1.36530,1.36530
2025-06-05 20:00:00,1.36579,1.36606,1.36480,1.36567
2025-06-05 21:00:00,1.36564,1.36660,1.36490,1.36570
2025-06-05 22:00:00,1.36599,1.36640,1.36440,1.36550
2025-06-05 23:00:00,1.36551,1.36586,1.36300,1.36461
2025-06-06 00:00:00,1.36459,1.36572,1.36370,1.36535
2025-06-06 01:00:00,1.36528,1.36721,1.36410,1.36677
2025-06-06 02:00:00,1.36640,1.36752,1.36570,1.36664
2025-06-06 03:00:00,1.36668,1.36687,1.36530,1.36565
2025-06-06 04:00:00,1.36561,1.36686,1.36520,1.36610
2025-06-06 05:00:00,1.36611,1.36723,1.36580,1.36650
2025-06-06 06:00:00,1.36650,1.36746,1.36590,1.36730
2025-06-06 07:00:00,1.36743,1.36760,1.36690,1.36731
2025-06-06 08:00:00,1.36737,1.36761,1.36660,1.36708
2025-06-06 09:00:00,1.36711,1.36721,1.36620,1.36675
2025-06-06 10:00:00,1.36670,1.36676,1.36570,1.36645
2025-06-06 11:00:00,1.36646,1.36678,1.36560,1.36654
2025-06-06 12:00:00,1.36655,1.36710,1.36600,1.36674
2025-06-06 13:00:00,1.36675,1.36685,1.36580,1.36636
2025-06-06 14:00:00,1.36633,1.36660,1.36560,1.36611
2025-06-06 15:00:00,1.36610,1.36677,1.36560,1.36630
2025-06-06 16:00:00,1.36631,1.36696,1.36590,1.36640
2025-06-06 17:00:00,1.36662,1.36716,1.36570,1.36677
2025-06-06 18:00:00,1.36640,1.36810,1.36640,1.36780
2025-06-06 19:00:00,1.36802,1.36867,1.36710,1.36785
2025-06-06 20:00:00,1.36784,1.36796,1.36680,1.36730
2025-06-06 21:00:00,1.36776,1.36906,1.36730,1.36879
2025-06-06 22:00:00,1.36884,1.37032,1.36630,1.36810
2025-06-06 23:00:00,1.36814,1.37043,1.36710,1.36849
2025-06-07 00:00:00,1.36847,1.36910,1.36650,1.36888
2025-06-07 01:00:00,1.36884,1.36963,1.36780,1.36862
2025-06-07 02:00:00,1.36858,1.37017,1.36800,1.36960
2025-06-07 03:00:00,1.36991,1.37006,1.36860,1.36907
2025-06-07 04:00:00,1.36904,1.36980,1.36850,1.36949
2025-06-07 05:00:00,1.36953,1.37032,1.36900,1.36956
2025-06-07 06:00:00,1.36956,1.37008,1.36860,1.36930
2025-06-07 07:00:00,1.36900,1.36900,1.36880,1.36880
2025-06-09 09:00:00,1.36910,1.36970,1.36870,1.36921
2025-06-09 10:00:00,1.36921,1.36960,1.36850,1.36921
2025-06-09 11:00:00,1.36919,1.36924,1.36760,1.36807
2025-06-09 12:00:00,1.36805,1.36852,1.36730,1.36830
2025-06-09 13:00:00,1.36849,1.36864,1.36790,1.36860
2025-06-09 14:00:00,1.36856,1.36874,1.36790,1.36840
2025-06-09 15:00:00,1.36837,1.36892,1.36780,1.36846
2025-06-09 16:00:00,1.36847,1.36880,1.36730,1.36821
2025-06-09 17:00:00,1.36790,1.36847,1.36730,1.36819
2025-06-09 18:00:00,1.36814,1.36838,1.36660,1.36760
2025-06-09 19:00:00,1.36776,1.36781,1.36650,1.36749
2025-06-09 20:00:00,1.36745,1.36784,1.36670,1.36772
2025-06-09 21:00:00,1.36773,1.36867,1.36690,1.36818
2025-06-09 22:00:00,1.36814,1.36911,1.36750,1.36878
2025-06-09 23:00:00,1.36879,1.37066,1.36810,1.37046
2025-06-10 00:00:00,1.37045,1.37074,1.36710,1.36828
2025-06-10 01:00:00,1.36831,1.36915,1.36690,1.36770
2025-06-10 02:00:00,1.36765,1.36782,1.36670,1.36710
2025-06-10 03:00:00,1.36742,1.36863,1.36670,1.36850
2025-06-10 04:00:00,1.36853,1.36878,1.36710,1.36761
2025-06-10 05:00:00,1.36762,1.36873,1.36710,1.36851
2025-06-10 06:00:00,1.36853,1.37010,1.36810,1.36988
2025-06-10 07:00:00,1.36977,1.36990,1.36880,1.36981
2025-06-10 08:00:00,1.36987,1.37010,1.36930,1.36972
2025-06-10 09:00:00,1.36965,1.37036,1.36910,1.36970
2025-06-10 10:00:00,1.36999,1.37055,1.36900,1.36983
2025-06-10 11:00:00,1.36985,1.37132,1.36910,1.37112
2025-06-10 12:00:00,1.37111,1.37157,1.37010,1.37056
2025-06-10 13:00:00,1.37054,1.37082,1.36960,1.36970
2025-06-10 14:00:00,1.37009,1.37087,1.36970,1.37063
2025-06-10 15:00:00,1.37059,1.37151,1.37000,1.37096
2025-06-10 16:00:00,1.37096,1.37195,1.37010,1.37169
2025-06-10 17:00:00,1.37170,1.37285,1.37100,1.37201
2025-06-10 18:00:00,1.37200,1.37210,1.37030,1.37069
2025-06-10 19:00:00,1.37067,1.37085,1.36950,1.36990
2025-06-10 20:00:00,1.37006,1.37025,1.36920,1.36980
2025-06-10 21:00:00,1.37003,1.37012,1.36820,1.36900
2025-06-10 22:00:00,1.36926,1.36930,1.36800,1.36908
2025-06-10 23:00:00,1.36910,1.36938,1.36660,1.36722
2025-06-11 00:00:00,1.36722,1.36821,1.36640,1.36755
2025-06-11 01:00:00,1.36768,1.36873,1.36710,1.36839
2025-06-11 02:00:00,1.36837,1.36851,1.36700,1.36828
2025-06-11 03:00:00,1.36828,1.36880,1.36760,1.36870
2025-06-11 04:00:00,1.36871,1.36927,1.36820,1.36896
2025-06-11 05:00:00,1.36892,1.36904,1.36670,1.36735
2025-06-11 06:00:00,1.36741,1.36780,1.36650,1.36665
2025-06-11 07:00:00,1.36670,1.36720,1.36620,1.36704
2025-06-11 08:00:00,1.36704,1.36744,1.36630,1.36660
2025-06-11 09:00:00,1.36682,1.36711,1.36590,1.36660
2025-06-11 10:00:00,1.36682,1.36735,1.36620,1.36719
2025-06-11 11:00:00,1.36726,1.36797,1.36660,1.36782
2025-06-11 12:00:00,1.36785,1.36820,1.36710,1.36770
2025-06-11 13:00:00,1.36806,1.36840,1.36720,1.36767
2025-06-11 14:00:00,1.36767,1.36820,1.36720,1.36760
2025-06-11 15:00:00,1.36808,1.36812,1.36710,1.36765
2025-06-11 16:00:00,1.36767,1.36838,1.36710,1.36796
2025-06-11 17:00:00,1.36796,1.36841,1.36690,1.36748
2025-06-11 18:00:00,1.36748,1.36840,1.36700,1.36819
2025-06-11 19:00:00,1.36817,1.36882,1.36750,1.36790
2025-06-11 20:00:00,1.36818,1.36884,1.36700,1.36836
2025-06-11 21:00:00,1.36820,1.36885,1.36750,1.36798
2025-06-11 22:00:00,1.36801,1.36901,1.36450,1.36631
2025-06-11 23:00:00,1.36629,1.36786,1.36560,1.36649
2025-06-12 00:00:00,1.36652,1.36685,1.36540,1.36683
2025-06-12 01:00:00,1.36679,1.36715,1.36590,1.36637
2025-06-12 02:00:00,1.36635,1.36700,1.36500,1.36562
2025-06-12 03:00:00,1.36561,1.36595,1.36450,1.36560
2025-06-12 04:00:00,1.36587,1.36706,1.36510,1.36628
2025-06-12 05:00:00,1.36628,1.36724,1.36580,1.36656
2025-06-12 06:00:00,1.36656,1.36748,1.36610,1.36662
2025-06-12 07:00:00,1.36688,1.36731,1.36629,1.36710
2025-06-12 08:00:00,1.36715,1.36716,1.36580,1.36624
2025-06-12 09:00:00,1.36637,1.36684,1.36560,1.36660
2025-06-12 10:00:00,1.36656,1.36704,1.36580,1.36640
2025-06-12 11:00:00,1.36635,1.36699,1.36570,1.36658
2025-06-12 12:00:00,1.36660,1.36732,1.36620,1.36694
2025-06-12 13:00:00,1.36695,1.36710,1.36540,1.36581
2025-06-12 14:00:00,1.36550,1.36615,1.36500,1.36530
2025-06-12 15:00:00,1.36561,1.36590,1.36470,1.36476
2025-06-12 16:00:00,1.36477,1.36530,1.36443,1.36510
2025-06-12 17:00:00,1.36508,1.36753,1.36500,1.36663
2025-06-12 18:00:00,1.36665,1.36720,1.36554,1.36563
2025-06-12 19:00:00,1.36559,1.36613,1.36426,1.36484
2025-06-12 20:00:00,1.36483,1.36505,1.36284,1.36356
2025-06-12 21:00:00,1.36352,1.36389,1.36246,1.36360
2025-06-12 22:00:00,1.36358,1.36379,1.36130,1.36150
2025-06-12 23:00:00,1.36180,1.36271,1.36100,1.36222
2025-06-13 00:00:00,1.36218,1.36231,1.36050,1.36105
2025-06-13 01:00:00,1.36104,1.36202,1.36040,1.36167
2025-06-13 02:00:00,1.36171,1.36176,1.36000,1.36068
2025-06-13 03:00:00,1.36068,1.36146,1.35960,1.36010
2025-06-13 04:00:00,1.36013,1.36052,1.35950,1.36000
2025-06-13 05:00:00,1.36030,1.36080,1.35980,1.36052
2025-06-13 06:00:00,1.36053,1.36080,1.35960,1.36001
2025-06-13 07:00:00,1.36054,1.36090,1.35980,1.36029
2025-06-13 08:00:00,1.36028,1.36053,1.35970,1.36011
2025-06-13 09:00:00,1.36031,1.36046,1.35910,1.35951
2025-06-13 10:00:00,1.35952,1.36342,1.35890,1.36265
2025-06-13 11:00:00,1.36262,1.36454,1.36220,1.36286
2025-06-13 12:00:00,1.36281,1.36300,1.36130,1.36226
2025-06-13 13:00:00,1.36230,1.36382,1.36170,1.36320
2025-06-13 14:00:00,1.36314,1.36497,1.36250,1.36490
2025-06-13 15:00:00,1.36488,1.36514,1.36330,1.36390
2025-06-13 16:00:00,1.36429,1.36443,1.36280,1.36310
2025-06-13 17:00:00,1.36354,1.36354,1.36130,1.36195
2025-06-13 18:00:00,1.36194,1.36250,1.36080,1.36160
2025-06-13 19:00:00,1.36160,1.36296,1.36090,1.36272
2025-06-13 20:00:00,1.36269,1.36452,1.36150,1.36382
2025-06-13 21:00:00,1.36380,1.36506,1.36260,1.36320
2025-06-13 22:00:00,1.36335,1.36341,1.36090,1.36120
2025-06-13 23:00:00,1.36168,1.36326,1.36090,1.36183
2025-06-14 00:00:00,1.36186,1.36199,1.35840,1.35934
2025-06-14 01:00:00,1.35928,1.35954,1.35710,1.35730
2025-06-14 02:00:00,1.35759,1.35890,1.35620,1.35852
2025-06-14 03:00:00,1.35852,1.36009,1.35790,1.35897
2025-06-14 04:00:00,1.35860,1.35995,1.35840,1.35932
2025-06-14 05:00:00,1.35890,1.35985,1.35770,1.35843
2025-06-14 06:00:00,1.35845,1.35967,1.35750,1.35800
2025-06-14 07:00:00,1.35840,1.35840,1.35840,1.35840
2025-06-16 09:00:00,1.35825,1.35933,1.35770,1.35810
2025-06-16 10:00:00,1.35826,1.35911,1.35770,1.35850
2025-06-16 11:00:00,1.35896,1.35971,1.35840,1.35946
2025-06-16 12:00:00,1.35910,1.36002,1.35860,1.35997
2025-06-16 13:00:00,1.35996,1.36070,1.35900,1.36059
2025-06-16 14:00:00,1.36057,1.36061,1.35950,1.36012
2025-06-16 15:00:00,1.36011,1.36018,1.35740,1.35807
2025-06-16 16:00:00,1.35811,1.35923,1.35730,1.35808
2025-06-16 17:00:00,1.35813,1.35843,1.35680,1.35738
2025-06-16 18:00:00,1.35740,1.35780,1.35650,1.35690
2025-06-16 19:00:00,1.35719,1.35750,1.35650,1.35714
2025-06-16 20:00:00,1.35710,1.35735,1.35600,1.35711
2025-06-16 21:00:00,1.35711,1.35744,1.35600,1.35658
2025-06-16 22:00:00,1.35657,1.35682,1.35540,1.35597
2025-06-16 23:00:00,1.35595,1.35597,1.35350,1.35508
2025-06-17 00:00:00,1.35507,1.35616,1.35370,1.35560
2025-06-17 01:00:00,1.35593,1.35649,1.35460,1.35570
2025-06-17 02:00:00,1.35566,1.35583,1.35450,1.35546
2025-06-17 03:00:00,1.35549,1.35606,1.35490,1.35567
2025-06-17 04:00:00,1.35567,1.35616,1.35510,1.35594
2025-06-17 05:00:00,1.35598,1.35801,1.35540,1.35777
2025-06-17 06:00:00,1.35781,1.35796,1.35610,1.35695
2025-06-17 07:00:00,1.35686,1.35710,1.35640,1.35680
2025-06-17 08:00:00,1.35688,1.35756,1.35630,1.35703
2025-06-17 09:00:00,1.35709,1.35758,1.35640,1.35727
2025-06-17 10:00:00,1.35728,1.35820,1.35690,1.35758
2025-06-17 11:00:00,1.35758,1.35798,1.35670,1.35768
2025-06-17 12:00:00,1.35769,1.35810,1.35680,1.35725
2025-06-17 13:00:00,1.35728,1.35752,1.35650,1.35737
2025-06-17 14:00:00,1.35736,1.35747,1.35640,1.35724
2025-06-17 15:00:00,1.35723,1.35789,1.35660,1.35769
2025-06-17 16:00:00,1.35771,1.35832,1.35680,1.35814
2025-06-17 17:00:00,1.35810,1.35814,1.35620,1.35698
2025-06-17 18:00:00,1.35694,1.35723,1.35580,1.35696
2025-06-17 19:00:00,1.35688,1.35725,1.35580,1.35633
2025-06-17 20:00:00,1.35610,1.35667,1.35520,1.35647
2025-06-17 21:00:00,1.35648,1.35663,1.35540,1.35619
2025-06-17 22:00:00,1.35616,1.35836,1.35530,1.35790
2025-06-17 23:00:00,1.35824,1.35890,1.35690,1.35800
2025-06-18 00:00:00,1.35818,1.36001,1.35740,1.35926
2025-06-18 01:00:00,1.35926,1.35967,1.35820,1.35882
2025-06-18 02:00:00,1.35878,1.36202,1.35790,1.36134
2025-06-18 03:00:00,1.36100,1.36351,1.36050,1.36304
2025-06-18 04:00:00,1.36301,1.36531,1.36250,1.36445
2025-06-18 05:00:00,1.36440,1.36476,1.36330,1.36456
2025-06-18 06:00:00,1.36410,1.36933,1.36410,1.36740
2025-06-18 07:00:00,1.36742,1.36797,1.36530,1.36740
2025-06-18 08:00:00,1.36747,1.36886,1.36650,1.36850
2025-06-18 09:00:00,1.36869,1.36913,1.36770,1.36830
2025-06-18 10:00:00,1.36835,1.36840,1.36650,1.36759
2025-06-18 11:00:00,1.36755,1.36777,1.36640,1.36670
2025-06-18 12:00:00,1.36711,1.36742,1.36620,1.36675
2025-06-18 13:00:00,1.36679,1.36681,1.36570,1.36620
2025-06-18 14:00:00,1.36636,1.36684,1.36520,1.36579
2025-06-18 15:00:00,1.36577,1.36619,1.36510,1.36550
2025-06-18 16:00:00,1.36569,1.36618,1.36490,1.36592
2025-06-18 17:00:00,1.36591,1.36653,1.36470,1.36580
2025-06-18 18:00:00,1.36606,1.36719,1.36550,1.36656
2025-06-18 19:00:00,1.36663,1.36702,1.36590,1.36635
2025-06-18 20:00:00,1.36636,1.36692,1.36550,1.36673
2025-06-18 21:00:00,1.36675,1.36692,1.36520,1.36592
2025-06-18 22:00:00,1.36587,1.36621,1.36300,1.36469
2025-06-18 23:00:00,1.36467,1.36757,1.36400,1.36642
2025-06-19 00:00:00,1.36642,1.36897,1.36440,1.36886
2025-06-19 01:00:00,1.36886,1.36960,1.36660,1.36847
2025-06-19 02:00:00,1.36852,1.36852,1.36610,1.36762
2025-06-19 03:00:00,1.36761,1.36851,1.36650,1.36812
2025-06-19 04:00:00,1.36807,1.36957,1.36520,1.36942
2025-06-19 05:00:00,1.36947,1.37025,1.36820,1.36998
2025-06-19 06:00:00,1.37001,1.37032,1.36850,1.36890
2025-06-19 07:00:00,1.36925,1.36930,1.36810,1.36868
2025-06-19 08:00:00,1.36880,1.36967,1.36860,1.36925
2025-06-19 09:00:00,1.36923,1.36981,1.36890,1.36930
2025-06-19 10:00:00,1.36963,1.37008,1.36910,1.37003
2025-06-19 11:00:00,1.37003,1.37140,1.36970,1.37090
2025-06-19 12:00:00,1.37133,1.37214,1.37070,1.37163
2025-06-19 13:00:00,1.37164,1.37170,1.37040,1.37070
2025-06-19 14:00:00,1.37104,1.37114,1.37020,1.37070
2025-06-19 15:00:00,1.37070,1.37248,1.37030,1.37160
2025-06-19 16:00:00,1.37187,1.37300,1.37140,1.37193
2025-06-19 17:00:00,1.37192,1.37260,1.37080,1.37200
2025-06-19 18:00:00,1.37237,1.37260,1.37030,1.37080
2025-06-19 19:00:00,1.37081,1.37146,1.37010,1.37128
2025-06-19 20:00:00,1.37125,1.37146,1.37040,1.37124
2025-06-19 21:00:00,1.37122,1.37161,1.36980,1.37067
2025-06-19 22:00:00,1.37069,1.37218,1.36990,1.37184
2025-06-19 23:00:00,1.37184,1.37277,1.37070,1.37264
2025-06-20 00:00:00,1.37261,1.37464,1.37200,1.37392
2025-06-20 01:00:00,1.37384,1.37411,1.37270,1.37330
2025-06-20 02:00:00,1.37363,1.37406,1.37240,1.37308
2025-06-20 03:00:00,1.37311,1.37316,1.37110,1.37172
2025-06-20 04:00:00,1.37169,1.37208,1.37060,1.37125
2025-06-20 05:00:00,1.37132,1.37142,1.36920,1.36988
2025-06-20 06:00:00,1.36981,1.37060,1.36940,1.36977
2025-06-20 07:00:00,1.36979,1.37080,1.36960,1.36975
2025-06-20 08:00:00,1.37000,1.37030,1.36920,1.36997
2025-06-20 09:00:00,1.36992,1.37002,1.36880,1.36948
2025-06-20 10:00:00,1.36950,1.36964,1.36830,1.36913
2025-06-20 11:00:00,1.36910,1.36999,1.36860,1.36997
2025-06-20 12:00:00,1.36960,1.37020,1.36900,1.36969
2025-06-20 13:00:00,1.36969,1.36983,1.36850,1.36909
2025-06-20 14:00:00,1.36910,1.36924,1.36840,1.36870
2025-06-20 15:00:00,1.36900,1.36985,1.36850,1.36920
2025-06-20 16:00:00,1.36936,1.37069,1.36900,1.37064
2025-06-20 17:00:00,1.37067,1.37106,1.36970,1.37043
2025-06-20 18:00:00,1.37043,1.37047,1.36900,1.36965
2025-06-20 19:00:00,1.36970,1.36982,1.36880,1.36946
2025-06-20 20:00:00,1.36945,1.37031,1.36870,1.37028
2025-06-20 21:00:00,1.37027,1.37113,1.36960,1.37053
2025-06-20 22:00:00,1.37055,1.37240,1.37020,1.37150
2025-06-20 23:00:00,1.37183,1.37314,1.37070,1.37308
2025-06-21 00:00:00,1.37310,1.37395,1.37210,1.37290
2025-06-21 01:00:00,1.37289,1.37463,1.37220,1.37389
2025-06-21 02:00:00,1.37385,1.37413,1.37230,1.37300
2025-06-21 03:00:00,1.37299,1.37340,1.37210,1.37260
2025-06-21 04:00:00,1.37258,1.37303,1.37160,1.37279
2025-06-21 05:00:00,1.37284,1.37416,1.37200,1.37401
2025-06-21 06:00:00,1.37401,1.37470,1.37270,1.37290
2025-06-21 07:00:00,1.37330,1.37330,1.37330,1.37330
2025-06-23 09:00:00,1.37440,1.37484,1.37330,1.37370
2025-06-23 10:00:00,1.37409,1.37603,1.37340,1.37521
2025-06-23 11:00:00,1.37516,1.37664,1.37450,1.37560
2025-06-23 12:00:00,1.37591,1.37612,1.37480,1.37603
2025-06-23 13:00:00,1.37599,1.37670,1.37540,1.37645
2025-06-23 14:00:00,1.37651,1.37662,1.37540,1.37589
2025-06-23 15:00:00,1.37593,1.37670,1.37450,1.37511
2025-06-23 16:00:00,1.37512,1.37654,1.37390,1.37599
2025-06-23 17:00:00,1.37595,1.37607,1.37480,1.37538
2025-06-23 18:00:00,1.37542,1.37792,1.375,1.37790
2025-06-23 19:00:00,1.37789,1.37981,1.37740,1.37910
2025-06-23 20:00:00,1.37939,1.37976,1.37820,1.37896
2025-06-23 21:00:00,1.37893,1.37956,1.37750,1.37780
2025-06-23 22:00:00,1.37812,1.37918,1.37750,1.37819
2025-06-23 23:00:00,1.37825,1.37851,1.37510,1.37621
2025-06-24 00:00:00,1.37628,1.37629,1.37300,1.37389
2025-06-24 01:00:00,1.37392,1.37748,1.37210,1.37736
2025-06-24 02:00:00,1.37746,1.37796,1.37530,1.37670
2025-06-24 03:00:00,1.37718,1.37751,1.37400,1.37430
2025-06-24 04:00:00,1.37460,1.37487,1.37310,1.37360
2025-06-24 05:00:00,1.37388,1.37392,1.37250,1.37344
2025-06-24 06:00:00,1.37330,1.37388,1.37230,1.37302
2025-06-24 07:00:00,1.37319,1.37340,1.37250,1.37292
2025-06-24 08:00:00,1.37306,1.37380,1.37230,1.37280
2025-06-24 09:00:00,1.37290,1.37355,1.37180,1.37260
2025-06-24 10:00:00,1.37293,1.37344,1.37200,1.37280
2025-06-24 11:00:00,1.37284,1.37310,1.37170,1.37287
2025-06-24 12:00:00,1.37250,1.37312,1.37180,1.37222
2025-06-24 13:00:00,1.37221,1.37234,1.37130,1.37191
2025-06-24 14:00:00,1.37190,1.37234,1.37130,1.37183
2025-06-24 15:00:00,1.37179,1.37230,1.37130,1.37181
2025-06-24 16:00:00,1.37182,1.37238,1.37050,1.37104
2025-06-24 17:00:00,1.37099,1.37310,1.37070,1.37218
2025-06-24 18:00:00,1.37218,1.37242,1.37100,1.37130
2025-06-24 19:00:00,1.37165,1.37173,1.37030,1.37125
2025-06-24 20:00:00,1.37121,1.37205,1.37080,1.37200
2025-06-24 21:00:00,1.37199,1.37200,1.37060,1.37143
2025-06-24 22:00:00,1.37140,1.37212,1.37010,1.37030
2025-06-24 23:00:00,1.37066,1.37215,1.36990,1.37140
2025-06-25 00:00:00,1.37164,1.37192,1.36740,1.36960
2025-06-25 01:00:00,1.36979,1.37154,1.36880,1.37125
2025-06-25 02:00:00,1.37121,1.37206,1.37020,1.37060
2025-06-25 03:00:00,1.37076,1.37150,1.37010,1.37060
2025-06-25 04:00:00,1.37094,1.37256,1.37040,1.37230
2025-06-25 05:00:00,1.37232,1.37300,1.37140,1.37249
2025-06-25 06:00:00,1.37251,1.37270,1.37150,1.37229
2025-06-25 07:00:00,1.37219,1.37240,1.37070,1.37140
2025-06-25 08:00:00,1.37189,1.37283,1.37120,1.37220
2025-06-25 09:00:00,1.37264,1.37280,1.37180,1.37261
2025-06-25 10:00:00,1.37240,1.37280,1.37170,1.37233
2025-06-25 11:00:00,1.37234,1.37264,1.37130,1.37230
2025-06-25 12:00:00,1.37227,1.37307,1.37190,1.37275
2025-06-25 13:00:00,1.37268,1.37303,1.37180,1.37280
2025-06-25 14:00:00,1.37296,1.37350,1.37240,1.37323
2025-06-25 15:00:00,1.37300,1.37354,1.37230,1.37260
2025-06-25 16:00:00,1.37260,1.37341,1.37200,1.37332
2025-06-25 17:00:00,1.37328,1.37375,1.37180,1.37240
2025-06-25 18:00:00,1.37273,1.37318,1.37160,1.37200
2025-06-25 19:00:00,1.37232,1.37340,1.37190,1.37298
2025-06-25 20:00:00,1.37298,1.37341,1.37250,1.37338
2025-06-25 21:00:00,1.37338,1.37351,1.37250,1.37317
2025-06-25 22:00:00,1.37312,1.37468,1.37260,1.37389
2025-06-25 23:00:00,1.37389,1.37487,1.37290,1.37368
2025-06-26 00:00:00,1.37361,1.37442,1.37250,1.37327
2025-06-26 01:00:00,1.37327,1.37541,1.37280,1.37510
2025-06-26 02:00:00,1.37508,1.37510,1.37230,1.37377
2025-06-26 03:00:00,1.37378,1.37447,1.37240,1.37304
2025-06-26 04:00:00,1.37301,1.37367,1.37210,1.37279
2025-06-26 05:00:00,1.37280,1.37290,1.37140,1.37196
2025-06-26 06:00:00,1.37198,1.37296,1.37130,1.37233
2025-06-26 07:00:00,1.37200,1.37260,1.37130,1.37204
2025-06-26 08:00:00,1.37214,1.37245,1.37140,1.37213
2025-06-26 09:00:00,1.37219,1.37222,1.37060,1.37100
2025-06-26 10:00:00,1.37118,1.37148,1.37030,1.37110
2025-06-26 11:00:00,1.37140,1.37222,1.37060,1.37107
2025-06-26 12:00:00,1.37102,1.37132,1.36970,1.37040
2025-06-26 13:00:00,1.37072,1.37136,1.36970,1.37120
2025-06-26 14:00:00,1.37118,1.37230,1.37080,1.37182
2025-06-26 15:00:00,1.37179,1.37230,1.37100,1.37177
2025-06-26 16:00:00,1.37176,1.37226,1.37010,1.37056
2025-06-26 17:00:00,1.37030,1.37115,1.36940,1.37000
2025-06-26 18:00:00,1.37030,1.37039,1.36750,1.36852
2025-06-26 19:00:00,1.36854,1.36946,1.36800,1.36860
2025-06-26 20:00:00,1.36881,1.36917,1.36770,1.36780
2025-06-26 21:00:00,1.36811,1.36921,1.36720,1.36830
2025-06-26 22:00:00,1.36852,1.36910,1.36670,1.36713
2025-06-26 23:00:00,1.36709,1.36730,1.36340,1.36406
2025-06-27 00:00:00,1.36406,1.36486,1.36210,1.36330
2025-06-27 01:00:00,1.36362,1.36407,1.36240,1.36270
2025-06-27 02:00:00,1.36304,1.36332,1.36130,1.36270
2025-06-27 03:00:00,1.36271,1.36289,1.36130,1.36210
2025-06-27 04:00:00,1.36245,1.36310,1.36170,1.36264
2025-06-27 05:00:00,1.36262,1.36415,1.36220,1.36346
2025-06-27 06:00:00,1.36344,1.36450,1.36270,1.36394
2025-06-27 07:00:00,1.36394,1.36508,1.36370,1.36439
2025-06-27 08:00:00,1.36446,1.36470,1.36360,1.36380
2025-06-27 09:00:00,1.36420,1.36444,1.36350,1.36417
2025-06-27 10:00:00,1.36421,1.36470,1.36350,1.36402
2025-06-27 11:00:00,1.36406,1.36474,1.36310,1.36340
2025-06-27 12:00:00,1.36374,1.36446,1.36300,1.36362
2025-06-27 13:00:00,1.36356,1.36410,1.36300,1.36392
2025-06-27 14:00:00,1.36391,1.36498,1.36340,1.36497
2025-06-27 15:00:00,1.36492,1.36494,1.36390,1.36444
2025-06-27 16:00:00,1.36442,1.36470,1.36250,1.36303
2025-06-27 17:00:00,1.36300,1.36455,1.36230,1.36399
2025-06-27 18:00:00,1.36398,1.36430,1.36330,1.36415
2025-06-27 19:00:00,1.36414,1.36531,1.36370,1.36470
2025-06-27 20:00:00,1.36519,1.36630,1.36460,1.36608
2025-06-27 21:00:00,1.36610,1.36613,1.36420,1.36460
2025-06-27 22:00:00,1.36467,1.36537,1.36370,1.36422
2025-06-27 23:00:00,1.36422,1.36573,1.36360,1.36455
2025-06-28 00:00:00,1.36448,1.36644,1.36400,1.36584
2025-06-28 01:00:00,1.36588,1.36674,1.36460,1.36661
2025-06-28 02:00:00,1.36664,1.36777,1.36590,1.36729
2025-06-28 03:00:00,1.36700,1.37590,1.36680,1.37342
2025-06-28 04:00:00,1.37343,1.37524,1.37090,1.37144
2025-06-28 05:00:00,1.37140,1.37195,1.36950,1.36989
2025-06-28 06:00:00,1.36996,1.37063,1.36739,1.36775
2025-06-28 07:00:00,1.36810,1.36810,1.36800,1.36800
2025-06-30 09:00:00,1.36824,1.36859,1.36750,1.36815
2025-06-30 10:00:00,1.36815,1.36994,1.36770,1.36939
2025-06-30 11:00:00,1.36940,1.36953,1.36800,1.36933
2025-06-30 12:00:00,1.36938,1.36939,1.36560,1.36720
2025-06-30 13:00:00,1.36719,1.36801,1.36630,1.36797
2025-06-30 14:00:00,1.36794,1.36820,1.36660,1.36724
2025-06-30 15:00:00,1.36690,1.36726,1.36520,1.36560
2025-06-30 16:00:00,1.36583,1.36657,1.36500,1.36553
2025-06-30 17:00:00,1.36551,1.36752,1.36500,1.36735
2025-06-30 18:00:00,1.36731,1.36797,1.36670,1.36720
2025-06-30 19:00:00,1.36748,1.36806,1.36640,1.36770
2025-06-30 20:00:00,1.36760,1.36830,1.36660,1.36720
2025-06-30 21:00:00,1.36713,1.36730,1.36600,1.36650
2025-06-30 22:00:00,1.36679,1.36764,1.36540,1.36660
2025-06-30 23:00:00,1.36659,1.36772,1.36600,1.36670
2025-07-01 00:00:00,1.36692,1.36781,1.36350,1.36448
2025-07-01 01:00:00,1.36450,1.36471,1.36130,1.36199
2025-07-01 02:00:00,1.36200,1.36383,1.36160,1.36266
2025-07-01 03:00:00,1.36260,1.36437,1.36200,1.36380
2025-07-01 04:00:00,1.36408,1.36417,1.36170,1.36248
2025-07-01 05:00:00,1.36245,1.36296,1.36120,1.36214
2025-07-01 06:00:00,1.36212,1.36242,1.35950,1.36051
2025-07-01 07:00:00,1.36028,1.36090,1.36000,1.36060
2025-07-01 08:00:00,1.36069,1.36095,1.36000,1.36075
2025-07-01 09:00:00,1.36071,1.36080,1.36010,1.36062
2025-07-01 10:00:00,1.36061,1.36082,1.35990,1.36010
2025-07-01 11:00:00,1.36033,1.36163,1.36000,1.36160
2025-07-01 12:00:00,1.36158,1.36183,1.36060,1.36080
2025-07-01 13:00:00,1.36114,1.36131,1.36030,1.36108
2025-07-01 14:00:00,1.36105,1.36115,1.35980,1.36067
2025-07-01 15:00:00,1.36065,1.36093,1.35990,1.36030
2025-07-01 16:00:00,1.36063,1.36113,1.36000,1.36047
2025-07-01 17:00:00,1.36045,1.36107,1.35940,1.35987
2025-07-01 18:00:00,1.35985,1.36050,1.35880,1.35980
2025-07-01 19:00:00,1.35950,1.36045,1.35860,1.35966
2025-07-01 20:00:00,1.35965,1.36040,1.35890,1.36032
2025-07-01 21:00:00,1.36040,1.36115,1.35990,1.36068
2025-07-01 22:00:00,1.36068,1.36272,1.36020,1.36268
2025-07-01 23:00:00,1.36264,1.36417,1.36190,1.36300
2025-07-02 00:00:00,1.36350,1.36607,1.36270,1.36558
2025-07-02 01:00:00,1.36530,1.36661,1.36490,1.36590
2025-07-02 02:00:00,1.36591,1.36670,1.36510,1.36600
2025-07-02 03:00:00,1.36600,1.36636,1.36450,1.36460
2025-07-02 04:00:00,1.36495,1.36561,1.36440,1.36516
2025-07-02 05:00:00,1.36480,1.36562,1.36410,1.36460
2025-07-02 06:00:00,1.36460,1.36490,1.36370,1.36438
2025-07-02 07:00:00,1.36445,1.36453,1.36400,1.36431
2025-07-02 08:00:00,1.36449,1.36485,1.36390,1.36450
2025-07-02 09:00:00,1.36446,1.36480,1.36400,1.36410
2025-07-02 10:00:00,1.36450,1.36455,1.36360,1.36360
2025-07-02 11:00:00,1.36400,1.36503,1.36340,1.36488
2025-07-02 12:00:00,1.36490,1.36525,1.36410,1.36458
2025-07-02 13:00:00,1.36460,1.36496,1.36410,1.36471
2025-07-02 14:00:00,1.36467,1.36493,1.36400,1.36479
2025-07-02 15:00:00,1.36480,1.36555,1.36420,1.36518
2025-07-02 16:00:00,1.36521,1.36588,1.36440,1.36525
2025-07-02 17:00:00,1.36532,1.36544,1.36400,1.36497
2025-07-02 18:00:00,1.36497,1.36533,1.36420,1.36500
2025-07-02 19:00:00,1.36480,1.36542,1.36440,1.36460
2025-07-02 20:00:00,1.36506,1.36527,1.36360,1.36454
2025-07-02 21:00:00,1.36455,1.36492,1.36310,1.36465
2025-07-02 22:00:00,1.36461,1.36569,1.36270,1.36497
2025-07-02 23:00:00,1.36501,1.36536,1.36290,1.36488
2025-07-03 00:00:00,1.36494,1.36548,1.36310,1.36370
2025-07-03 01:00:00,1.36370,1.36424,1.36170,1.36215
2025-07-03 02:00:00,1.36180,1.36254,1.36010,1.36060
2025-07-03 03:00:00,1.36062,1.36070,1.35910,1.35970
2025-07-03 04:00:00,1.35971,1.35993,1.35860,1.35954
2025-07-03 05:00:00,1.35953,1.35983,1.35840,1.35886
2025-07-03 06:00:00,1.35888,1.35940,1.35790,1.35895
2025-07-03 07:00:00,1.35870,1.35930,1.35820,1.35879
2025-07-03 08:00:00,1.35876,1.35890,1.35820,1.35863
2025-07-03 09:00:00,1.35854,1.35884,1.35820,1.35850
2025-07-03 10:00:00,1.35879,1.35884,1.35750,1.35814
2025-07-03 11:00:00,1.35819,1.35857,1.35750,1.35800
2025-07-03 12:00:00,1.35821,1.35934,1.35790,1.35898
2025-07-03 13:00:00,1.35900,1.35954,1.35840,1.35944
2025-07-03 14:00:00,1.35943,1.35981,1.35870,1.35971
2025-07-03 15:00:00,1.35968,1.36009,1.35910,1.35980
2025-07-03 16:00:00,1.35996,1.36006,1.35870,1.35920
2025-07-03 17:00:00,1.35944,1.35963,1.35820,1.35921
2025-07-03 18:00:00,1.35929,1.35934,1.35810,1.35875
2025-07-03 19:00:00,1.35872,1.35955,1.35830,1.35890
2025-07-03 20:00:00,1.35911,1.35933,1.35800,1.35867
2025-07-03 21:00:00,1.35872,1.35905,1.35740,1.35895
2025-07-03 22:00:00,1.35897,1.36239,1.35820,1.36168
2025-07-03 23:00:00,1.36168,1.36200,1.35700,1.35750
2025-07-04 00:00:00,1.35779,1.35892,1.35650,1.35819
2025-07-04 01:00:00,1.35820,1.35877,1.35530,1.35595
2025-07-04 02:00:00,1.35595,1.35722,1.35540,1.35611
2025-07-04 03:00:00,1.35607,1.35651,1.35530,1.35649
2025-07-04 04:00:00,1.35648,1.35661,1.35570,1.35648
2025-07-04 05:00:00,1.35645,1.35892,1.35570,1.35813
2025-07-04 06:00:00,1.35813,1.35887,1.35740,1.35813
2025-07-04 07:00:00,1.35803,1.35880,1.35740,1.35863
2025-07-04 08:00:00,1.35864,1.35872,1.35790,1.35837
2025-07-04 09:00:00,1.35837,1.35838,1.35700,1.35710
2025-07-04 10:00:00,1.35744,1.35774,1.35670,1.35710
2025-07-04 11:00:00,1.35725,1.35797,1.35690,1.35786
2025-07-04 12:00:00,1.35783,1.35809,1.35720,1.35760
2025-07-04 13:00:00,1.35790,1.35816,1.35720,1.35760
2025-07-04 14:00:00,1.35778,1.35793,1.35690,1.35747
2025-07-04 15:00:00,1.35747,1.35750,1.35640,1.35680
2025-07-04 16:00:00,1.35707,1.35763,1.35620,1.35672
2025-07-04 17:00:00,1.35675,1.35940,1.35620,1.35931
2025-07-04 18:00:00,1.35925,1.35960,1.35840,1.35910
2025-07-04 19:00:00,1.35911,1.35938,1.35810,1.35905
2025-07-04 20:00:00,1.35902,1.35952,1.35850,1.35910
2025-07-04 21:00:00,1.35910,1.35950,1.35850,1.35902
2025-07-04 22:00:00,1.35870,1.36047,1.35840,1.36043
2025-07-04 23:00:00,1.36010,1.36093,1.35950,1.36032
2025-07-05 00:00:00,1.36000,1.36120,1.35940,1.36093
2025-07-05 01:00:00,1.36060,1.36115,1.36000,1.36046
2025-07-05 02:00:00,1.36043,1.36100,1.35990,1.36078
2025-07-05 03:00:00,1.36077,1.36170,1.36030,1.36129
2025-07-05 04:00:00,1.36130,1.36143,1.35970,1.36031
2025-07-05 05:00:00,1.36030,1.36085,1.35980,1.36069
2025-07-05 06:00:00,1.36070,1.36092,1.35940,1.36020
2025-07-05 07:00:00,1.36010,1.36030,1.36010,1.36030
2025-07-07 09:00:00,1.36045,1.36068,1.35970,1.36038
2025-07-07 10:00:00,1.36032,1.36090,1.35940,1.36082
2025-07-07 11:00:00,1.36080,1.36163,1.36060,1.36150
2025-07-07 12:00:00,1.36144,1.36234,1.36070,1.36214
2025-07-07 13:00:00,1.36180,1.36285,1.36160,1.36254
2025-07-07 14:00:00,1.36255,1.36350,1.36200,1.36343
2025-07-07 15:00:00,1.36342,1.36404,1.36280,1.36351
2025-07-07 16:00:00,1.36346,1.36470,1.36260,1.36451
2025-07-07 17:00:00,1.36448,1.36661,1.36390,1.36661
2025-07-07 18:00:00,1.36630,1.36846,1.36610,1.36828
2025-07-07 19:00:00,1.36827,1.36855,1.36690,1.36740
2025-07-07 20:00:00,1.36742,1.36767,1.36560,1.36645
2025-07-07 21:00:00,1.36638,1.36657,1.36480,1.36546
2025-07-07 22:00:00,1.36546,1.36597,1.36430,1.36477
2025-07-07 23:00:00,1.36474,1.36493,1.36310,1.36405
2025-07-08 00:00:00,1.36405,1.36467,1.36260,1.36424
2025-07-08 01:00:00,1.36428,1.36520,1.36380,1.36430
2025-07-08 02:00:00,1.36457,1.36739,1.36400,1.36712
2025-07-08 03:00:00,1.36690,1.36773,1.36560,1.36729
2025-07-08 04:00:00,1.36730,1.36833,1.36570,1.36619
2025-07-08 05:00:00,1.36580,1.36693,1.36550,1.36661
2025-07-08 06:00:00,1.36659,1.36830,1.36610,1.36813
2025-07-08 07:00:00,1.36803,1.36819,1.36716,1.36794
2025-07-08 08:00:00,1.36794,1.36801,1.36650,1.36670
2025-07-08 09:00:00,1.36703,1.36713,1.36600,1.36610
2025-07-08 10:00:00,1.36647,1.36656,1.36510,1.36530
2025-07-08 11:00:00,1.36559,1.36643,1.36500,1.36570
2025-07-08 12:00:00,1.36606,1.36618,1.36450,1.36531
2025-07-08 13:00:00,1.36534,1.36550,1.36430,1.36497
2025-07-08 14:00:00,1.36501,1.36534,1.36350,1.36500
2025-07-08 15:00:00,1.36529,1.36623,1.36480,1.36545
2025-07-08 16:00:00,1.36542,1.36585,1.36450,1.36549
2025-07-08 17:00:00,1.36548,1.36554,1.36340,1.36360
2025-07-08 18:00:00,1.36388,1.36489,1.36340,1.36461
2025-07-08 19:00:00,1.36454,1.36521,1.36390,1.36502
2025-07-08 20:00:00,1.36500,1.36570,1.36440,1.36559
2025-07-08 21:00:00,1.36558,1.36570,1.36410,1.36564
2025-07-08 22:00:00,1.36565,1.36625,1.36460,1.36569
2025-07-08 23:00:00,1.36564,1.36777,1.36510,1.36720
2025-07-09 00:00:00,1.36700,1.36897,1.36670,1.36851
2025-07-09 01:00:00,1.36840,1.36874,1.36670,1.36700
2025-07-09 02:00:00,1.36727,1.36943,1.36680,1.36809
2025-07-09 03:00:00,1.36808,1.36905,1.36700,1.36845
2025-07-09 04:00:00,1.36841,1.36869,1.36690,1.36768
2025-07-09 05:00:00,1.36774,1.36845,1.36720,1.36833
2025-07-09 06:00:00,1.36837,1.36841,1.36560,1.36569
2025-07-09 07:00:00,1.36562,1.36670,1.36554,1.36608
2025-07-09 08:00:00,1.36609,1.36660,1.36560,1.36646
2025-07-09 09:00:00,1.36649,1.36704,1.36590,1.36686
2025-07-09 10:00:00,1.36686,1.36776,1.36650,1.36735
2025-07-09 11:00:00,1.36735,1.36773,1.36650,1.36729
2025-07-09 12:00:00,1.36736,1.36853,1.36650,1.36811
2025-07-09 13:00:00,1.36813,1.36880,1.36780,1.36850
2025-07-09 14:00:00,1.36872,1.36891,1.36730,1.36790
2025-07-09 15:00:00,1.36791,1.36793,1.36650,1.36736
2025-07-09 16:00:00,1.36734,1.36808,1.36610,1.36650
2025-07-09 17:00:00,1.36672,1.36929,1.36620,1.36881
2025-07-09 18:00:00,1.36850,1.36940,1.36770,1.36847
2025-07-09 19:00:00,1.36847,1.36872,1.36790,1.36839
2025-07-09 20:00:00,1.36844,1.36960,1.36770,1.36954
2025-07-09 21:00:00,1.36953,1.37093,1.36890,1.37083
2025-07-09 22:00:00,1.37085,1.37100,1.36830,1.36890
2025-07-09 23:00:00,1.36887,1.36946,1.36760,1.36836
2025-07-10 00:00:00,1.36841,1.36990,1.36740,1.36960
2025-07-10 01:00:00,1.36963,1.37050,1.36880,1.36946
2025-07-10 02:00:00,1.36948,1.36997,1.36890,1.36954
2025-07-10 03:00:00,1.36950,1.36965,1.36840,1.36926
2025-07-10 04:00:00,1.36932,1.36955,1.36830,1.36944
2025-07-10 05:00:00,1.36938,1.36961,1.36810,1.36862
2025-07-10 06:00:00,1.36859,1.36976,1.36800,1.36819
2025-07-10 07:00:00,1.36810,1.36945,1.36750,1.36823
2025-07-10 08:00:00,1.36849,1.36866,1.36790,1.36847
2025-07-10 09:00:00,1.36844,1.36883,1.36800,1.36830
2025-07-10 10:00:00,1.36856,1.36885,1.36690,1.36773
2025-07-10 11:00:00,1.36740,1.36831,1.36740,1.36805
2025-07-10 12:00:00,1.36803,1.36823,1.36720,1.36795
2025-07-10 13:00:00,1.36796,1.36823,1.36730,1.36812
2025-07-10 14:00:00,1.36812,1.36865,1.36760,1.36819
2025-07-10 15:00:00,1.36813,1.36864,1.36730,1.36853
2025-07-10 16:00:00,1.36857,1.36862,1.36620,1.36676
2025-07-10 17:00:00,1.36620,1.36734,1.36590,1.36690
2025-07-10 18:00:00,1.36710,1.36786,1.36650,1.36769
2025-07-10 19:00:00,1.36770,1.36787,1.36640,1.36781
2025-07-10 20:00:00,1.36778,1.36805,1.36670,1.36728
2025-07-10 21:00:00,1.36721,1.36890,1.36680,1.36875
2025-07-10 22:00:00,1.36871,1.36950,1.36800,1.36912
2025-07-10 23:00:00,1.36914,1.37084,1.36820,1.36974
2025-07-11 00:00:00,1.36971,1.37048,1.36850,1.36904
2025-07-11 01:00:00,1.36907,1.36909,1.36770,1.36780
2025-07-11 02:00:00,1.36830,1.36855,1.36670,1.36830
2025-07-11 03:00:00,1.36828,1.36837,1.36710,1.36769
2025-07-11 04:00:00,1.36768,1.36773,1.36650,1.36722
2025-07-11 05:00:00,1.36690,1.36733,1.36590,1.36642
2025-07-11 06:00:00,1.36642,1.36660,1.36490,1.36537
2025-07-11 07:00:00,1.36537,1.36645,1.36490,1.36540
2025-07-11 08:00:00,1.36562,1.36565,1.36470,1.36537
2025-07-11 09:00:00,1.36535,1.36570,1.36480,1.36553
2025-07-11 10:00:00,1.36552,1.37305,1.36500,1.36914
2025-07-11 11:00:00,1.36911,1.37059,1.36770,1.36922
2025-07-11 12:00:00,1.36922,1.37026,1.36870,1.37021
2025-07-11 13:00:00,1.37020,1.37036,1.36830,1.36907
2025-07-11 14:00:00,1.36890,1.37003,1.36860,1.36957
2025-07-11 15:00:00,1.36960,1.36976,1.36860,1.36961
2025-07-11 16:00:00,1.36960,1.37012,1.36870,1.36990
2025-07-11 17:00:00,1.36989,1.36992,1.36810,1.36914
2025-07-11 18:00:00,1.36914,1.37058,1.36870,1.37011
2025-07-11 19:00:00,1.37004,1.37046,1.36920,1.36970
2025-07-11 20:00:00,1.36998,1.37002,1.36840,1.36914
2025-07-11 21:00:00,1.36911,1.36970,1.36810,1.36959
2025-07-11 22:00:00,1.36955,1.37022,1.36470,1.36780
2025-07-11 23:00:00,1.36779,1.37015,1.36720,1.36986
2025-07-12 00:00:00,1.36985,1.37119,1.36850,1.36968
2025-07-12 01:00:00,1.36971,1.37002,1.36740,1.36791
2025-07-12 02:00:00,1.36790,1.36916,1.36730,1.36770
2025-07-12 03:00:00,1.36770,1.36861,1.36710,1.36758
2025-07-12 04:00:00,1.36762,1.36766,1.36650,1.36752
2025-07-12 05:00:00,1.36752,1.36864,1.36670,1.36840
2025-07-12 06:00:00,1.36839,1.36959,1.36730,1.36860
2025-07-12 07:00:00,1.36880,1.36880,1.36880,1.36880
2025-07-12 08:00:00,1.36820,1.36820,1.36820,1.36820
2025-07-14 09:00:00,1.36967,1.36977,1.36810,1.36864
2025-07-14 10:00:00,1.36863,1.36874,1.36710,1.36800
2025-07-14 11:00:00,1.36830,1.36928,1.36760,1.36913
2025-07-14 12:00:00,1.36880,1.37018,1.36860,1.36950
2025-07-14 13:00:00,1.36981,1.36997,1.36860,1.36890
2025-07-14 14:00:00,1.36927,1.36986,1.36880,1.36960
2025-07-14 15:00:00,1.36977,1.37021,1.36900,1.36977
2025-07-14 16:00:00,1.36976,1.36984,1.36880,1.36910
2025-07-14 17:00:00,1.36940,1.36955,1.36720,1.36760
2025-07-14 18:00:00,1.36779,1.36853,1.36710,1.36827
2025-07-14 19:00:00,1.36810,1.36860,1.36730,1.36750
2025-07-14 20:00:00,1.36797,1.36802,1.36680,1.36690
2025-07-14 21:00:00,1.36726,1.36764,1.36650,1.36754
2025-07-14 22:00:00,1.36720,1.36926,1.36660,1.36897
2025-07-14 23:00:00,1.36896,1.37010,1.36830,1.36912
2025-07-15 00:00:00,1.36913,1.36967,1.36780,1.36824
2025-07-15 01:00:00,1.36823,1.36962,1.36670,1.36952
2025-07-15 02:00:00,1.36952,1.36970,1.36850,1.36934
2025-07-15 03:00:00,1.36928,1.37081,1.36870,1.37068
2025-07-15 04:00:00,1.37070,1.37071,1.36920,1.36996
2025-07-15 05:00:00,1.36996,1.37018,1.36910,1.36976
2025-07-15 06:00:00,1.36978,1.37076,1.36900,1.37000
2025-07-15 07:00:00,1.37034,1.37039,1.36936,1.36989
2025-07-15 08:00:00,1.36989,1.37060,1.36960,1.37020
2025-07-15 09:00:00,1.37037,1.37090,1.36990,1.37030
2025-07-15 10:00:00,1.37061,1.37077,1.36940,1.36970
2025-07-15 11:00:00,1.36998,1.37033,1.36890,1.36950
2025-07-15 12:00:00,1.36977,1.37017,1.36920,1.36983
2025-07-15 13:00:00,1.36950,1.37006,1.36920,1.36979
2025-07-15 14:00:00,1.36974,1.37017,1.36900,1.36970
2025-07-15 15:00:00,1.36991,1.37000,1.36870,1.36925
2025-07-15 16:00:00,1.36890,1.37026,1.36840,1.37009
2025-07-15 17:00:00,1.37009,1.37032,1.36830,1.36874
2025-07-15 18:00:00,1.36874,1.36890,1.36790,1.36810
2025-07-15 19:00:00,1.36848,1.36933,1.36810,1.36896
2025-07-15 20:00:00,1.36896,1.36903,1.36760,1.36822
2025-07-15 21:00:00,1.36818,1.36902,1.36750,1.36860
2025-07-15 22:00:00,1.36878,1.36943,1.36670,1.36744
2025-07-15 23:00:00,1.36740,1.37007,1.36670,1.36983
2025-07-16 00:00:00,1.36982,1.37215,1.36930,1.37192
2025-07-16 01:00:00,1.37186,1.37290,1.37070,1.37100
2025-07-16 02:00:00,1.37134,1.37299,1.37050,1.37210
2025-07-16 03:00:00,1.37240,1.37288,1.37100,1.37166
2025-07-16 04:00:00,1.37166,1.37193,1.37080,1.37159
2025-07-16 05:00:00,1.37120,1.37228,1.37090,1.37213
2025-07-16 06:00:00,1.37213,1.37254,1.37160,1.37170
2025-07-16 07:00:00,1.37223,1.37232,1.37096,1.37155
2025-07-16 08:00:00,1.37170,1.37222,1.37140,1.37184
2025-07-16 09:00:00,1.37160,1.37210,1.37110,1.37165
2025-07-16 10:00:00,1.37161,1.37203,1.37040,1.37126
2025-07-16 11:00:00,1.37080,1.37136,1.37050,1.37126
2025-07-16 12:00:00,1.37129,1.37215,1.37090,1.37206
2025-07-16 13:00:00,1.37205,1.37221,1.37100,1.37201
2025-07-16 14:00:00,1.37197,1.37210,1.37100,1.37120
2025-07-16 15:00:00,1.37150,1.37160,1.37070,1.37105
2025-07-16 16:00:00,1.37112,1.37166,1.37060,1.37091
2025-07-16 17:00:00,1.37096,1.37194,1.37020,1.37151
2025-07-16 18:00:00,1.37150,1.37225,1.37080,1.37198
2025-07-16 19:00:00,1.37192,1.37261,1.37150,1.37228
2025-07-16 20:00:00,1.37228,1.37245,1.37150,1.37216
2025-07-16 21:00:00,1.37208,1.37290,1.37150,1.37274
2025-07-16 22:00:00,1.37240,1.37287,1.37090,1.37251
2025-07-16 23:00:00,1.37252,1.37503,1.37190,1.37454
2025-07-17 00:00:00,1.37454,1.37553,1.37330,1.37370
2025-07-17 01:00:00,1.37408,1.37411,1.36750,1.37069
2025-07-17 02:00:00,1.37070,1.37137,1.36830,1.36892
2025-07-17 03:00:00,1.36860,1.36996,1.36790,1.36976
2025-07-17 04:00:00,1.36940,1.37038,1.36920,1.37018
2025-07-17 05:00:00,1.37017,1.37020,1.36780,1.36841
2025-07-17 06:00:00,1.36842,1.36878,1.36770,1.36810
2025-07-17 07:00:00,1.36795,1.36961,1.36780,1.36854
2025-07-17 08:00:00,1.36852,1.36891,1.36790,1.36883
2025-07-17 09:00:00,1.36885,1.36910,1.36820,1.36895
2025-07-17 10:00:00,1.36894,1.37055,1.36850,1.37005
2025-07-17 11:00:00,1.37002,1.37123,1.36940,1.37042
2025-07-17 12:00:00,1.37047,1.37190,1.37000,1.37184
2025-07-17 13:00:00,1.37181,1.37201,1.37110,1.37151
2025-07-17 14:00:00,1.37157,1.37197,1.37090,1.37139
2025-07-17 15:00:00,1.37140,1.37150,1.37050,1.37143
2025-07-17 16:00:00,1.37145,1.37311,1.37100,1.37220
2025-07-17 17:00:00,1.37235,1.37457,1.37200,1.37437
2025-07-17 18:00:00,1.37420,1.37480,1.37340,1.37425
2025-07-17 19:00:00,1.37426,1.37494,1.37380,1.37483
2025-07-17 20:00:00,1.37483,1.37674,1.37420,1.37661
2025-07-17 21:00:00,1.37663,1.37703,1.37580,1.37580
2025-07-17 22:00:00,1.37629,1.37743,1.37520,1.37587
2025-07-17 23:00:00,1.37586,1.37655,1.37410,1.37505
2025-07-18 00:00:00,1.37502,1.37573,1.37420,1.37558
2025-07-18 01:00:00,1.37554,1.37559,1.37370,1.37498
2025-07-18 02:00:00,1.37501,1.37624,1.37430,1.37520
2025-07-18 03:00:00,1.37521,1.37559,1.37410,1.375
2025-07-18 04:00:00,1.37533,1.37556,1.37440,1.37498
2025-07-18 05:00:00,1.37498,1.37510,1.37380,1.37410
2025-07-18 06:00:00,1.37450,1.37542,1.37380,1.37504
2025-07-18 07:00:00,1.37512,1.37557,1.37420,1.37504
2025-07-18 08:00:00,1.37509,1.37509,1.37360,1.37409
2025-07-18 09:00:00,1.37408,1.37411,1.37320,1.37330
2025-07-18 10:00:00,1.37360,1.37377,1.37260,1.37349
2025-07-18 11:00:00,1.37347,1.37382,1.37260,1.37340
2025-07-18 12:00:00,1.37340,1.37405,1.37300,1.37375
2025-07-18 13:00:00,1.37375,1.37416,1.37310,1.37402
2025-07-18 14:00:00,1.37397,1.37425,1.37340,1.37380
2025-07-18 15:00:00,1.37401,1.37425,1.37320,1.37370
2025-07-18 16:00:00,1.37340,1.37425,1.37310,1.37386
2025-07-18 17:00:00,1.37382,1.37411,1.37280,1.37326
2025-07-18 18:00:00,1.37290,1.37340,1.37190,1.37230
2025-07-18 19:00:00,1.37257,1.37271,1.37190,1.37261
2025-07-18 20:00:00,1.37259,1.37310,1.37140,1.37188
2025-07-18 21:00:00,1.37184,1.37252,1.37120,1.37214
2025-07-18 22:00:00,1.37216,1.37229,1.36970,1.37035
2025-07-18 23:00:00,1.37010,1.37151,1.36910,1.37026
2025-07-19 00:00:00,1.37033,1.37272,1.36960,1.37140
2025-07-19 01:00:00,1.37172,1.37245,1.37070,1.37125
2025-07-19 02:00:00,1.37118,1.37276,1.37070,1.37252
2025-07-19 03:00:00,1.37251,1.37355,1.37200,1.37258
2025-07-19 04:00:00,1.37254,1.37300,1.37180,1.37259
2025-07-19 05:00:00,1.37262,1.37324,1.37210,1.37255
2025-07-19 06:00:00,1.37256,1.37320,1.37140,1.37200
2025-07-19 07:00:00,1.37220,1.37220,1.37210,1.37220
2025-07-21 09:00:00,1.37246,1.37302,1.37180,1.37200
2025-07-21 10:00:00,1.37237,1.37304,1.37170,1.37280
2025-07-21 11:00:00,1.37296,1.37314,1.37200,1.37292
2025-07-21 12:00:00,1.37260,1.37346,1.37240,1.37289
2025-07-21 13:00:00,1.37288,1.37290,1.37180,1.37228
2025-07-21 14:00:00,1.37220,1.37255,1.37170,1.37230
2025-07-21 15:00:00,1.37235,1.37247,1.37130,1.37176
2025-07-21 16:00:00,1.37173,1.37220,1.37100,1.37185
2025-07-21 17:00:00,1.37140,1.37300,1.37120,1.37263
2025-07-21 18:00:00,1.37260,1.37265,1.37110,1.37180
2025-07-21 19:00:00,1.37214,1.37288,1.37160,1.37251
2025-07-21 20:00:00,1.37248,1.37273,1.37140,1.37150
2025-07-21 21:00:00,1.37188,1.37205,1.36970,1.37055
2025-07-21 22:00:00,1.37055,1.37077,1.36910,1.36989
2025-07-21 23:00:00,1.36993,1.37173,1.36940,1.37140
2025-07-22 00:00:00,1.37143,1.37153,1.36890,1.36974
2025-07-22 01:00:00,1.36979,1.36984,1.36740,1.36887
2025-07-22 02:00:00,1.36887,1.36924,1.36800,1.36861
2025-07-22 03:00:00,1.36858,1.36920,1.36810,1.36911
2025-07-22 04:00:00,1.36915,1.36916,1.36780,1.36810
2025-07-22 05:00:00,1.36839,1.36866,1.36790,1.36840
2025-07-22 06:00:00,1.36839,1.36851,1.36730,1.36809
2025-07-22 07:00:00,1.36800,1.36857,1.36753,1.36824
2025-07-22 08:00:00,1.36829,1.36850,1.36750,1.36760
2025-07-22 09:00:00,1.36784,1.36810,1.36710,1.36756
2025-07-22 10:00:00,1.36757,1.36873,1.36720,1.36830
2025-07-22 11:00:00,1.36869,1.36904,1.36810,1.36860
2025-07-22 12:00:00,1.36899,1.36903,1.36780,1.36852
2025-07-22 13:00:00,1.36853,1.36893,1.36800,1.36840
2025-07-22 14:00:00,1.36876,1.36901,1.36810,1.36881
2025-07-22 15:00:00,1.36881,1.36940,1.36820,1.36911
2025-07-22 16:00:00,1.36910,1.36953,1.36840,1.36936
2025-07-22 17:00:00,1.36920,1.36941,1.36820,1.36909
2025-07-22 18:00:00,1.36901,1.36932,1.36750,1.36812
2025-07-22 19:00:00,1.36817,1.36842,1.36730,1.36750
2025-07-22 20:00:00,1.36778,1.36830,1.36680,1.36804
2025-07-22 21:00:00,1.36814,1.36814,1.36690,1.36710
2025-07-22 22:00:00,1.36737,1.36833,1.36610,1.36760
2025-07-22 23:00:00,1.36792,1.36795,1.36600,1.36676
2025-07-23 00:00:00,1.36668,1.36712,1.36270,1.36388
2025-07-23 01:00:00,1.36384,1.36426,1.36110,1.36162
2025-07-23 02:00:00,1.36161,1.36196,1.36000,1.36120
2025-07-23 03:00:00,1.36135,1.36204,1.36060,1.36170
2025-07-23 04:00:00,1.36150,1.36181,1.36010,1.36094
2025-07-23 05:00:00,1.36090,1.36132,1.35980,1.36035
2025-07-23 06:00:00,1.36037,1.36070,1.35980,1.36032
2025-07-23 07:00:00,1.36037,1.36089,1.35990,1.36040
2025-07-23 08:00:00,1.36085,1.36085,1.35980,1.36044
2025-07-23 09:00:00,1.36035,1.36069,1.35910,1.36049
2025-07-23 10:00:00,1.36042,1.36059,1.35890,1.35945
2025-07-23 11:00:00,1.35943,1.36023,1.35880,1.35950
2025-07-23 12:00:00,1.35960,1.36032,1.35920,1.36023
2025-07-23 13:00:00,1.36019,1.36030,1.35880,1.35980
2025-07-23 14:00:00,1.36000,1.36031,1.35940,1.35998
2025-07-23 15:00:00,1.35998,1.36110,1.35940,1.36096
2025-07-23 16:00:00,1.36094,1.36097,1.35960,1.36002
2025-07-23 17:00:00,1.35996,1.36025,1.35840,1.35840
2025-07-23 18:00:00,1.35890,1.35903,1.35780,1.35830
2025-07-23 19:00:00,1.35830,1.35864,1.35760,1.35800
2025-07-23 20:00:00,1.35818,1.35862,1.35740,1.35853
2025-07-23 21:00:00,1.35852,1.35873,1.35710,1.35750
2025-07-23 22:00:00,1.35780,1.36032,1.35730,1.36027
2025-07-23 23:00:00,1.36026,1.36217,1.35910,1.36130
2025-07-24 00:00:00,1.36152,1.36291,1.36090,1.36149
2025-07-24 01:00:00,1.36154,1.36224,1.35990,1.36060
2025-07-24 02:00:00,1.36092,1.36242,1.36020,1.36166
2025-07-24 03:00:00,1.36165,1.36212,1.36040,1.36134
2025-07-24 04:00:00,1.36137,1.36143,1.35950,1.35996
2025-07-24 05:00:00,1.35995,1.36040,1.35900,1.35920
2025-07-24 06:00:00,1.35947,1.36021,1.35900,1.35941
2025-07-24 07:00:00,1.35956,1.36020,1.35870,1.36002
2025-07-24 08:00:00,1.36002,1.36061,1.35940,1.36057
2025-07-24 09:00:00,1.36063,1.36068,1.35950,1.36021
2025-07-24 10:00:00,1.36016,1.36086,1.35970,1.36040
2025-07-24 11:00:00,1.36059,1.36061,1.35910,1.36033
2025-07-24 12:00:00,1.36010,1.36080,1.35960,1.36000
2025-07-24 13:00:00,1.36038,1.36058,1.35960,1.36036
2025-07-24 14:00:00,1.36041,1.36060,1.36019,1.36028
2025-07-24 15:00:00,1.36027,1.36051,1.35979,1.36013
2025-07-24 16:00:00,1.36009,1.36133,1.35989,1.36128
2025-07-24 17:00:00,1.36124,1.36137,1.36050,1.36069
2025-07-24 18:00:00,1.36064,1.36087,1.36013,1.36049
2025-07-24 19:00:00,1.36046,1.36135,1.36046,1.36102
2025-07-24 20:00:00,1.36105,1.36200,1.36097,1.36172
2025-07-24 21:00:00,1.36167,1.36218,1.36076,1.36097
2025-07-24 22:00:00,1.36099,1.36224,1.36090,1.36175
2025-07-24 23:00:00,1.36173,1.36297,1.36140,1.36216
2025-07-25 00:00:00,1.36219,1.36276,1.36102,1.36169
2025-07-25 01:00:00,1.36173,1.36447,1.36158,1.36441
2025-07-25 02:00:00,1.36442,1.36462,1.36317,1.36365
2025-07-25 03:00:00,1.36365,1.36425,1.36260,1.36338
2025-07-25 04:00:00,1.36342,1.36425,1.36290,1.36397
2025-07-25 05:00:00,1.36380,1.36438,1.36270,1.36400
2025-07-25 06:00:00,1.36434,1.36550,1.36290,1.36358
2025-07-25 07:00:00,1.36359,1.36490,1.36320,1.36415
2025-07-25 08:00:00,1.36418,1.36501,1.36380,1.36441
2025-07-25 09:00:00,1.36420,1.36460,1.36350,1.36401
2025-07-25 10:00:00,1.36400,1.36460,1.36330,1.36380
2025-07-25 11:00:00,1.36413,1.36520,1.36340,1.36450
2025-07-25 12:00:00,1.36483,1.36556,1.36440,1.36543
2025-07-25 13:00:00,1.36520,1.36555,1.36440,1.36500
2025-07-25 14:00:00,1.36500,1.36668,1.36430,1.36592
2025-07-25 15:00:00,1.36586,1.36604,1.36450,1.36516
2025-07-25 16:00:00,1.36511,1.36601,1.36430,1.36597
2025-07-25 17:00:00,1.36560,1.36751,1.36520,1.36733
2025-07-25 18:00:00,1.36730,1.36800,1.36640,1.36762
2025-07-25 19:00:00,1.36757,1.36803,1.36690,1.36772
2025-07-25 20:00:00,1.36770,1.36793,1.36670,1.36740
2025-07-25 21:00:00,1.36738,1.36784,1.36630,1.36715
2025-07-25 22:00:00,1.36717,1.36888,1.36670,1.36848
2025-07-25 23:00:00,1.36852,1.37123,1.36770,1.37031
2025-07-26 00:00:00,1.37032,1.37059,1.36890,1.37035
2025-07-26 01:00:00,1.37038,1.37157,1.36960,1.37120
2025-07-26 02:00:00,1.37144,1.37260,1.37110,1.37162
2025-07-26 03:00:00,1.37158,1.37171,1.37050,1.37090
2025-07-26 04:00:00,1.37123,1.37128,1.36990,1.37060
2025-07-26 05:00:00,1.37094,1.37117,1.37000,1.37042
2025-07-26 06:00:00,1.37045,1.37103,1.36960,1.36962
2025-07-26 07:00:00,1.36990,1.36990,1.36990,1.36990
2025-07-28 09:00:00,1.36973,1.37030,1.36910,1.37029
2025-07-28 10:00:00,1.37024,1.37029,1.36880,1.36935
2025-07-28 11:00:00,1.36929,1.37047,1.36850,1.36990
2025-07-28 12:00:00,1.36980,1.37060,1.36880,1.36920
2025-07-28 13:00:00,1.36955,1.36994,1.36890,1.36928
2025-07-28 14:00:00,1.36933,1.36976,1.36870,1.36957
2025-07-28 15:00:00,1.36956,1.37014,1.36910,1.36979
2025-07-28 16:00:00,1.36979,1.37201,1.36930,1.37111
2025-07-28 17:00:00,1.37118,1.37406,1.37030,1.37382
2025-07-28 18:00:00,1.37350,1.37423,1.37220,1.37260
2025-07-28 19:00:00,1.37291,1.37345,1.37220,1.37275
2025-07-28 20:00:00,1.37275,1.37330,1.37180,1.37238
2025-07-28 21:00:00,1.37244,1.37344,1.37150,1.37179
2025-07-28 22:00:00,1.37178,1.37237,1.37110,1.37175
2025-07-28 23:00:00,1.37172,1.37292,1.37070,1.37180
2025-07-29 00:00:00,1.37181,1.37212,1.37060,1.37171
2025-07-29 01:00:00,1.37173,1.37245,1.37100,1.37190
2025-07-29 02:00:00,1.37187,1.37261,1.37130,1.37190
2025-07-29 03:00:00,1.37186,1.37315,1.37130,1.37292
2025-07-29 04:00:00,1.37291,1.37352,1.37220,1.37340
2025-07-29 05:00:00,1.37340,1.37403,1.37280,1.37357
2025-07-29 06:00:00,1.37363,1.37405,1.37240,1.37379
2025-07-29 07:00:00,1.37365,1.37372,1.37300,1.37361
2025-07-29 08:00:00,1.37354,1.37374,1.37280,1.37340
2025-07-29 09:00:00,1.37358,1.37381,1.37300,1.37348
2025-07-29 10:00:00,1.37343,1.37431,1.37310,1.37414
2025-07-29 11:00:00,1.37414,1.37422,1.37300,1.37373
2025-07-29 12:00:00,1.37340,1.37376,1.37270,1.37314
2025-07-29 13:00:00,1.37290,1.37394,1.37270,1.37384
2025-07-29 14:00:00,1.37375,1.37395,1.37270,1.37290
2025-07-29 15:00:00,1.37312,1.37365,1.37270,1.37336
2025-07-29 16:00:00,1.37334,1.37513,1.37280,1.37504
2025-07-29 17:00:00,1.37503,1.37609,1.37420,1.37555
2025-07-29 18:00:00,1.37552,1.37597,1.37380,1.37442
2025-07-29 19:00:00,1.37435,1.37521,1.37350,1.37490
2025-07-29 20:00:00,1.37505,1.37565,1.37440,1.37551
2025-07-29 21:00:00,1.37530,1.37700,1.37480,1.37694
2025-07-29 22:00:00,1.37694,1.37787,1.37650,1.37777
2025-07-29 23:00:00,1.37780,1.37807,1.37540,1.37611
2025-07-30 00:00:00,1.37605,1.37855,1.37460,1.37847
2025-07-30 01:00:00,1.37847,1.37884,1.37660,1.37787
2025-07-30 02:00:00,1.37784,1.37801,1.37660,1.37777
2025-07-30 03:00:00,1.37775,1.37795,1.37640,1.37728
2025-07-30 04:00:00,1.37727,1.37732,1.37590,1.37668
2025-07-30 05:00:00,1.37630,1.37770,1.37590,1.37761
2025-07-30 06:00:00,1.37759,1.37824,1.37650,1.37692
2025-07-30 07:00:00,1.37690,1.37720,1.37620,1.37679
2025-07-30 08:00:00,1.37679,1.37743,1.37640,1.37700
2025-07-30 09:00:00,1.37730,1.37760,1.37650,1.37710
2025-07-30 10:00:00,1.37742,1.37742,1.37580,1.37626
2025-07-30 11:00:00,1.37623,1.37722,1.37550,1.37650
2025-07-30 12:00:00,1.37649,1.37684,1.37570,1.37649
2025-07-30 13:00:00,1.37610,1.37660,1.37560,1.37590
2025-07-30 14:00:00,1.37625,1.37697,1.37580,1.37692
2025-07-30 15:00:00,1.37686,1.37704,1.37590,1.37686
2025-07-30 16:00:00,1.37688,1.37745,1.37620,1.37671
2025-07-30 17:00:00,1.37671,1.37706,1.37590,1.37683
2025-07-30 18:00:00,1.37678,1.37770,1.37630,1.37731
2025-07-30 19:00:00,1.37727,1.37832,1.37670,1.37760
2025-07-30 20:00:00,1.37795,1.37907,1.37740,1.37882
2025-07-30 21:00:00,1.37850,1.37932,1.37810,1.37866
2025-07-30 22:00:00,1.37867,1.38066,1.37820,1.38050
2025-07-30 23:00:00,1.38050,1.38184,1.37970,1.38025
2025-07-31 00:00:00,1.38031,1.38172,1.37950,1.38098
2025-07-31 01:00:00,1.38070,1.38190,1.38030,1.38130
2025-07-31 02:00:00,1.38146,1.38173,1.38020,1.38087
2025-07-31 03:00:00,1.38050,1.38116,1.37990,1.38046
2025-07-31 04:00:00,1.38040,1.38291,1.37940,1.38159
2025-07-31 05:00:00,1.38164,1.38422,1.38120,1.38368
2025-07-31 06:00:00,1.38369,1.38450,1.38247,1.38260
2025-07-31 07:00:00,1.38245,1.38313,1.38200,1.38270
2025-07-31 08:00:00,1.38299,1.38313,1.38180,1.38262
2025-07-31 09:00:00,1.38273,1.38313,1.38200,1.38265
2025-07-31 10:00:00,1.38259,1.38332,1.38220,1.38303
2025-07-31 11:00:00,1.38270,1.38366,1.38230,1.38250
2025-07-31 12:00:00,1.38285,1.38298,1.38200,1.38253
2025-07-31 13:00:00,1.38253,1.38316,1.38180,1.38242
2025-07-31 14:00:00,1.38200,1.38451,1.38110,1.38162
2025-07-31 15:00:00,1.38157,1.38214,1.38110,1.38184
2025-07-31 16:00:00,1.38180,1.38237,1.38100,1.38172
2025-07-31 17:00:00,1.38174,1.38380,1.38110,1.38326
2025-07-31 18:00:00,1.38327,1.38458,1.38270,1.38393
2025-07-31 19:00:00,1.38393,1.38482,1.38350,1.38477
2025-07-31 20:00:00,1.38450,1.38537,1.38400,1.38440
2025-07-31 21:00:00,1.38472,1.38507,1.38300,1.38359
2025-07-31 22:00:00,1.38360,1.38476,1.38290,1.38331
2025-07-31 23:00:00,1.38329,1.38520,1.38230,1.38513
2025-08-01 00:00:00,1.38480,1.38522,1.38190,1.38256
2025-08-01 01:00:00,1.38255,1.38465,1.38200,1.38430
2025-08-01 02:00:00,1.38459,1.38500,1.38370,1.38479
2025-08-01 03:00:00,1.38478,1.38543,1.38410,1.38520
2025-08-01 04:00:00,1.38521,1.38564,1.38420,1.38458
2025-08-01 05:00:00,1.38457,1.38563,1.38330,1.38563
2025-08-01 06:00:00,1.38558,1.38583,1.38440,1.38512
2025-08-01 07:00:00,1.38506,1.38531,1.38382,1.38498
2025-08-01 08:00:00,1.38491,1.38686,1.38460,1.38679
2025-08-01 09:00:00,1.38676,1.38710,1.38480,1.38574
2025-08-01 10:00:00,1.38580,1.38635,1.38410,1.38472
2025-08-01 11:00:00,1.38472,1.38604,1.38400,1.38577
2025-08-01 12:00:00,1.38577,1.38619,1.38490,1.38550
2025-08-01 13:00:00,1.38580,1.38588,1.38460,1.38535
2025-08-01 14:00:00,1.38537,1.38551,1.38460,1.38540
2025-08-01 15:00:00,1.38540,1.38570,1.38480,1.38510
2025-08-01 16:00:00,1.38525,1.38648,1.38460,1.38606
2025-08-01 17:00:00,1.38580,1.38741,1.38530,1.38711
2025-08-01 18:00:00,1.38690,1.38760,1.38650,1.38760
2025-08-01 19:00:00,1.38753,1.38791,1.38660,1.38779
2025-08-01 20:00:00,1.38775,1.38791,1.38630,1.38716
2025-08-01 21:00:00,1.38718,1.38745,1.38560,1.38690
2025-08-01 22:00:00,1.38707,1.38761,1.37820,1.37953
2025-08-01 23:00:00,1.37958,1.37965,1.37590,1.37792
2025-08-02 00:00:00,1.37792,1.37931,1.37610,1.37887
2025-08-02 01:00:00,1.37860,1.38000,1.37710,1.37802
2025-08-02 02:00:00,1.37802,1.37967,1.37750,1.37955
2025-08-02 03:00:00,1.37950,1.38086,1.37910,1.37990
2025-08-02 04:00:00,1.38021,1.38175,1.37890,1.38171
2025-08-02 05:00:00,1.38169,1.38173,1.37820,1.37958
2025-08-02 06:00:00,1.37959,1.37975,1.37690,1.37850
2025-08-02 07:00:00,1.37850,1.37850,1.37850,1.37850
2025-08-02 08:00:00,1.37830,1.37830,1.37830,1.37830
2025-08-04 09:00:00,1.37789,1.37840,1.37710,1.37778
2025-08-04 10:00:00,1.37777,1.37940,1.37710,1.37907
2025-08-04 11:00:00,1.37912,1.37948,1.37740,1.37789
2025-08-04 12:00:00,1.37792,1.37818,1.37680,1.37768
2025-08-04 13:00:00,1.37770,1.37770,1.37660,1.37730
2025-08-04 14:00:00,1.37751,1.37765,1.37690,1.37743
2025-08-04 15:00:00,1.37740,1.37793,1.37666,1.37779
2025-08-04 16:00:00,1.37774,1.37829,1.37671,1.37712
2025-08-04 17:00:00,1.37710,1.37847,1.37677,1.37835
2025-08-04 18:00:00,1.37834,1.37880,1.37798,1.37833
2025-08-04 19:00:00,1.37838,1.37858,1.37750,1.37844
2025-08-04 20:00:00,1.37841,1.37901,1.37770,1.37803
2025-08-04 21:00:00,1.37809,1.37834,1.37725,1.37764
2025-08-04 22:00:00,1.37761,1.37826,1.37656,1.37733
2025-08-04 23:00:00,1.37726,1.37744,1.37599,1.37620
2025-08-05 00:00:00,1.37614,1.37748,1.37550,1.37719
2025-08-05 01:00:00,1.37714,1.37833,1.37660,1.37757
2025-08-05 02:00:00,1.37762,1.37823,1.37700,1.37720
2025-08-05 03:00:00,1.37749,1.37823,1.37700,1.37744
2025-08-05 04:00:00,1.37710,1.37846,1.37700,1.37840
2025-08-05 05:00:00,1.37841,1.37853,1.37720,1.37750
2025-08-05 06:00:00,1.37786,1.37810,1.37690,1.37771
2025-08-05 07:00:00,1.37768,1.37810,1.37710,1.37768
2025-08-05 08:00:00,1.37769,1.37800,1.37680,1.37732
2025-08-05 09:00:00,1.37727,1.37732,1.37650,1.37694
2025-08-05 10:00:00,1.37691,1.37713,1.37590,1.37678
2025-08-05 11:00:00,1.37684,1.37778,1.37620,1.37763
2025-08-05 12:00:00,1.37740,1.37862,1.37720,1.37810
2025-08-05 13:00:00,1.37843,1.37907,1.37790,1.37904
2025-08-05 14:00:00,1.37904,1.37915,1.37810,1.37858
2025-08-05 15:00:00,1.37859,1.37949,1.37820,1.37892
2025-08-05 16:00:00,1.37893,1.37905,1.37720,1.37800
2025-08-05 17:00:00,1.37829,1.37902,1.37690,1.37810
2025-08-05 18:00:00,1.37811,1.38096,1.37780,1.38066
2025-08-05 19:00:00,1.38060,1.38090,1.37940,1.38010
2025-08-05 20:00:00,1.38044,1.38097,1.37980,1.38039
2025-08-05 21:00:00,1.38039,1.38102,1.37910,1.37950
2025-08-05 22:00:00,1.37973,1.38066,1.37870,1.37978
2025-08-05 23:00:00,1.37940,1.37998,1.37750,1.37844
2025-08-06 00:00:00,1.37853,1.37958,1.37670,1.37862
2025-08-06 01:00:00,1.37861,1.37890,1.37730,1.37760
2025-08-06 02:00:00,1.37807,1.37834,1.37680,1.37776
2025-08-06 03:00:00,1.37779,1.37810,1.37670,1.37784
2025-08-06 04:00:00,1.37784,1.37887,1.37730,1.37838
2025-08-06 05:00:00,1.37841,1.37880,1.37680,1.37724
2025-08-06 06:00:00,1.37726,1.37830,1.37660,1.37711
2025-08-06 07:00:00,1.37715,1.37781,1.37680,1.37742
2025-08-06 08:00:00,1.37749,1.37780,1.37680,1.37733
2025-08-06 09:00:00,1.37732,1.37753,1.37650,1.37719
2025-08-06 10:00:00,1.37714,1.37753,1.37620,1.37739
2025-08-06 11:00:00,1.37744,1.37796,1.37680,1.37749
2025-08-06 12:00:00,1.37749,1.37765,1.37670,1.37729
2025-08-06 13:00:00,1.37727,1.37731,1.37640,1.37699
2025-08-06 14:00:00,1.37693,1.37710,1.37600,1.37703
2025-08-06 15:00:00,1.37707,1.37750,1.37650,1.37700
2025-08-06 16:00:00,1.37729,1.37740,1.37590,1.37665
2025-08-06 17:00:00,1.37661,1.37726,1.37590,1.37610
2025-08-06 18:00:00,1.37639,1.37754,1.37610,1.37683
2025-08-06 19:00:00,1.37660,1.37700,1.37610,1.37675
2025-08-06 20:00:00,1.37673,1.37690,1.37490,1.37510
2025-08-06 21:00:00,1.37557,1.37586,1.37420,1.37540
2025-08-06 22:00:00,1.37540,1.37616,1.37390,1.37473
2025-08-06 23:00:00,1.37469,1.37519,1.37380,1.37488
2025-08-07 00:00:00,1.37490,1.37588,1.37410,1.37522
2025-08-07 01:00:00,1.37525,1.37548,1.37350,1.37402
2025-08-07 02:00:00,1.37401,1.37506,1.37350,1.37441
2025-08-07 03:00:00,1.37410,1.37462,1.37320,1.37370
2025-08-07 04:00:00,1.37387,1.37434,1.37310,1.37380
2025-08-07 05:00:00,1.37414,1.37480,1.37350,1.37419
2025-08-07 06:00:00,1.37421,1.37453,1.37310,1.37393
2025-08-07 07:00:00,1.37389,1.37430,1.37350,1.37378
2025-08-07 08:00:00,1.37391,1.37433,1.37310,1.37411
2025-08-07 09:00:00,1.37414,1.37420,1.37340,1.37391
2025-08-07 10:00:00,1.37392,1.37450,1.37350,1.37437
2025-08-07 11:00:00,1.37437,1.37463,1.37310,1.37396
2025-08-07 12:00:00,1.37391,1.37400,1.37280,1.37387
2025-08-07 13:00:00,1.37382,1.37422,1.37290,1.37346
2025-08-07 14:00:00,1.37347,1.37362,1.37240,1.37304
2025-08-07 15:00:00,1.37307,1.37362,1.37250,1.37340
2025-08-07 16:00:00,1.37337,1.37340,1.37200,1.37250
2025-08-07 17:00:00,1.37278,1.37316,1.37170,1.37229
2025-08-07 18:00:00,1.37200,1.37360,1.37190,1.37326
2025-08-07 19:00:00,1.37321,1.37346,1.37240,1.37328
2025-08-07 20:00:00,1.37331,1.37359,1.37220,1.37271
2025-08-07 21:00:00,1.37269,1.37446,1.37180,1.37412
2025-08-07 22:00:00,1.37412,1.37441,1.37280,1.37350
2025-08-07 23:00:00,1.37374,1.37513,1.37260,1.37489
2025-08-08 00:00:00,1.37495,1.37737,1.37420,1.37619
2025-08-08 01:00:00,1.37624,1.37664,1.37420,1.37502
2025-08-08 02:00:00,1.37503,1.37554,1.37420,1.37525
2025-08-08 03:00:00,1.37525,1.37554,1.37440,1.37532
2025-08-08 04:00:00,1.37536,1.37667,1.37460,1.37657
2025-08-08 05:00:00,1.37659,1.37674,1.37390,1.37441
2025-08-08 06:00:00,1.37443,1.37489,1.37340,1.37424
2025-08-08 07:00:00,1.37428,1.37556,1.37380,1.37427
2025-08-08 08:00:00,1.37446,1.37446,1.37300,1.37353
2025-08-08 09:00:00,1.37350,1.37380,1.37280,1.37325
2025-08-08 10:00:00,1.37324,1.37440,1.37280,1.37379
2025-08-08 11:00:00,1.37379,1.37489,1.37290,1.37454
2025-08-08 12:00:00,1.37451,1.37462,1.37350,1.37400
2025-08-08 13:00:00,1.37401,1.37443,1.37350,1.37390
2025-08-08 14:00:00,1.37393,1.37414,1.37330,1.37406
2025-08-08 15:00:00,1.37412,1.37495,1.37360,1.37488
2025-08-08 16:00:00,1.37486,1.37486,1.37360,1.37422
2025-08-08 17:00:00,1.37426,1.37432,1.37250,1.37323
2025-08-08 18:00:00,1.37325,1.37393,1.37230,1.37358
2025-08-08 19:00:00,1.37360,1.37365,1.37230,1.37250
2025-08-08 20:00:00,1.37250,1.37332,1.37210,1.37283
2025-08-08 21:00:00,1.37289,1.37394,1.37230,1.37378
2025-08-08 22:00:00,1.37377,1.37627,1.37320,1.37583
2025-08-08 23:00:00,1.37584,1.37586,1.37380,1.37513
2025-08-09 00:00:00,1.37517,1.37571,1.37410,1.37544
2025-08-09 01:00:00,1.37510,1.37569,1.37430,1.37526
2025-08-09 02:00:00,1.37525,1.37563,1.37470,1.37522
2025-08-09 03:00:00,1.37523,1.37548,1.37418,1.37498
2025-08-09 04:00:00,1.37504,1.37541,1.37429,1.37512
2025-08-09 05:00:00,1.37511,1.37591,1.37504,1.37572
2025-08-09 06:00:00,1.37567,1.37637,1.37505,1.37529
2025-08-09 07:00:00,1.37570,1.37570,1.37570,1.37570
2025-08-11 09:00:00,1.37527,1.37553,1.37460,1.37535
2025-08-11 10:00:00,1.37531,1.37601,1.37490,1.37581
2025-08-11 11:00:00,1.37585,1.37610,1.37480,1.375
2025-08-11 12:00:00,1.37530,1.37535,1.37440,1.37488
2025-08-11 13:00:00,1.37482,1.37505,1.37400,1.37460
2025-08-11 14:00:00,1.37457,1.37512,1.37400,1.37507
2025-08-11 15:00:00,1.37470,1.37534,1.37450,1.37480
2025-08-11 16:00:00,1.37514,1.37587,1.37450,1.37574
2025-08-11 17:00:00,1.37575,1.37741,1.37530,1.37693
2025-08-11 18:00:00,1.37689,1.37713,1.37590,1.37620
2025-08-11 19:00:00,1.37642,1.37757,1.37580,1.37742
2025-08-11 20:00:00,1.37738,1.37742,1.37620,1.37683
2025-08-11 21:00:00,1.37660,1.37839,1.37630,1.37801
2025-08-11 22:00:00,1.37796,1.37950,1.37750,1.37885
2025-08-11 23:00:00,1.37888,1.37902,1.37700,1.37798
2025-08-12 00:00:00,1.37795,1.37945,1.37750,1.37880
2025-08-12 01:00:00,1.37909,1.37955,1.37780,1.37840
2025-08-12 02:00:00,1.37810,1.37868,1.37760,1.37820
2025-08-12 03:00:00,1.37835,1.37868,1.37730,1.37799
2025-08-12 04:00:00,1.37770,1.37837,1.37710,1.37781
2025-08-12 05:00:00,1.37782,1.37872,1.37730,1.37815
2025-08-12 06:00:00,1.37817,1.37848,1.37700,1.37760
2025-08-12 07:00:00,1.37774,1.37813,1.37750,1.37792
2025-08-12 08:00:00,1.37810,1.37810,1.37720,1.37758
2025-08-12 09:00:00,1.37768,1.37770,1.37690,1.37745
2025-08-12 10:00:00,1.37750,1.37799,1.37700,1.37788
2025-08-12 11:00:00,1.37787,1.37803,1.37700,1.37763
2025-08-12 12:00:00,1.37760,1.37765,1.37680,1.37731
2025-08-12 13:00:00,1.37700,1.37777,1.37680,1.37775
2025-08-12 14:00:00,1.37772,1.37846,1.37700,1.37747
2025-08-12 15:00:00,1.37747,1.37821,1.37690,1.37775
2025-08-12 16:00:00,1.37774,1.37858,1.37700,1.37838
2025-08-12 17:00:00,1.37837,1.37850,1.37710,1.37795
2025-08-12 18:00:00,1.37791,1.37924,1.37730,1.37887
2025-08-12 19:00:00,1.37891,1.37929,1.37830,1.37909
2025-08-12 20:00:00,1.37908,1.37933,1.37810,1.37927
2025-08-12 21:00:00,1.37922,1.38061,1.37880,1.37982
2025-08-12 22:00:00,1.37978,1.38038,1.37630,1.37793
2025-08-12 23:00:00,1.37797,1.37937,1.37700,1.37820
2025-08-13 00:00:00,1.37853,1.37853,1.37660,1.37719
2025-08-13 01:00:00,1.37715,1.37732,1.375,1.37636
2025-08-13 02:00:00,1.37641,1.37686,1.37530,1.37618
2025-08-13 03:00:00,1.37618,1.37737,1.37590,1.37682
2025-08-13 04:00:00,1.37683,1.37799,1.37600,1.37772
2025-08-13 05:00:00,1.37750,1.37846,1.37700,1.37772
2025-08-13 06:00:00,1.37768,1.37796,1.37660,1.37690
2025-08-13 07:00:00,1.37714,1.37736,1.37650,1.37717
2025-08-13 08:00:00,1.37740,1.37744,1.37630,1.37682
2025-08-13 09:00:00,1.37682,1.37710,1.37610,1.37701
2025-08-13 10:00:00,1.37700,1.37804,1.37650,1.37780
2025-08-13 11:00:00,1.37782,1.37810,1.37710,1.37788
2025-08-13 12:00:00,1.37790,1.37820,1.37690,1.37753
2025-08-13 13:00:00,1.37755,1.37773,1.37690,1.37768
2025-08-13 14:00:00,1.37767,1.37780,1.37700,1.37762
2025-08-13 15:00:00,1.37759,1.37820,1.37710,1.37804
2025-08-13 16:00:00,1.37798,1.37803,1.37610,1.37683
2025-08-13 17:00:00,1.37687,1.37690,1.37490,1.37590
2025-08-13 18:00:00,1.37621,1.37683,1.37530,1.37635
2025-08-13 19:00:00,1.37630,1.37635,1.37470,1.37520
2025-08-13 20:00:00,1.37519,1.37599,1.37480,1.37540
2025-08-13 21:00:00,1.37570,1.37641,1.37490,1.37561
2025-08-13 22:00:00,1.37563,1.37714,1.375,1.37705
2025-08-13 23:00:00,1.37706,1.37752,1.37570,1.37622
2025-08-14 00:00:00,1.37619,1.37723,1.37520,1.37604
2025-08-14 01:00:00,1.37607,1.37715,1.37560,1.37655
2025-08-14 02:00:00,1.37656,1.37706,1.37590,1.37700
2025-08-14 03:00:00,1.37670,1.37715,1.37590,1.37698
2025-08-14 04:00:00,1.37693,1.37737,1.37630,1.37699
2025-08-14 05:00:00,1.37699,1.37717,1.37570,1.37622
2025-08-14 06:00:00,1.37622,1.37660,1.37530,1.37570
2025-08-14 07:00:00,1.37571,1.37617,1.37520,1.37597
2025-08-14 08:00:00,1.37596,1.37628,1.37510,1.37530
2025-08-14 09:00:00,1.37531,1.37553,1.37470,1.37525
2025-08-14 10:00:00,1.37529,1.37539,1.37460,1.37480
2025-08-14 11:00:00,1.37480,1.37521,1.37400,1.37440
2025-08-14 12:00:00,1.37476,1.37613,1.37430,1.37584
2025-08-14 13:00:00,1.37583,1.37647,1.37540,1.37590
2025-08-14 14:00:00,1.37625,1.37640,1.37520,1.37580
2025-08-14 15:00:00,1.37587,1.37646,1.37530,1.37626
2025-08-14 16:00:00,1.37628,1.37704,1.37520,1.37670
2025-08-14 17:00:00,1.37698,1.37795,1.37600,1.37710
2025-08-14 18:00:00,1.37740,1.37834,1.37670,1.37790
2025-08-14 19:00:00,1.37818,1.37824,1.37670,1.37762
2025-08-14 20:00:00,1.37767,1.37783,1.37660,1.37752
2025-08-14 21:00:00,1.37756,1.37852,1.37700,1.37844
2025-08-14 22:00:00,1.37838,1.38015,1.37770,1.37930
2025-08-14 23:00:00,1.37959,1.38131,1.37920,1.38124
2025-08-15 00:00:00,1.38090,1.38125,1.37850,1.37870
2025-08-15 01:00:00,1.37905,1.38114,1.37850,1.38069
2025-08-15 02:00:00,1.38069,1.38177,1.38010,1.38147
2025-08-15 03:00:00,1.38145,1.38195,1.38040,1.38113
2025-08-15 04:00:00,1.38117,1.38189,1.38060,1.38134
2025-08-15 05:00:00,1.38128,1.38136,1.38020,1.38122
2025-08-15 06:00:00,1.38122,1.38186,1.38070,1.38153
2025-08-15 07:00:00,1.38110,1.38163,1.38100,1.38142
2025-08-15 08:00:00,1.38144,1.38155,1.38090,1.38110
2025-08-15 09:00:00,1.38125,1.38150,1.38080,1.38137
2025-08-15 10:00:00,1.38128,1.38154,1.38060,1.38080
2025-08-15 11:00:00,1.38118,1.38150,1.38030,1.38092
2025-08-15 12:00:00,1.38093,1.38140,1.38030,1.38040
2025-08-15 13:00:00,1.38069,1.38077,1.37970,1.38035
2025-08-15 14:00:00,1.38030,1.38054,1.37970,1.38017
2025-08-15 15:00:00,1.38017,1.38048,1.37960,1.38002
2025-08-15 16:00:00,1.38001,1.38069,1.37900,1.37963
2025-08-15 17:00:00,1.37962,1.37980,1.37870,1.37934
2025-08-15 18:00:00,1.37929,1.38002,1.37870,1.37969
2025-08-15 19:00:00,1.37969,1.37981,1.37880,1.37935
2025-08-15 20:00:00,1.37933,1.37961,1.37830,1.37878
2025-08-15 21:00:00,1.37850,1.37949,1.37840,1.37903
2025-08-15 22:00:00,1.37906,1.38021,1.37830,1.37933
2025-08-15 23:00:00,1.37900,1.38041,1.37850,1.38007
2025-08-16 00:00:00,1.37994,1.38087,1.37840,1.38058
2025-08-16 01:00:00,1.38058,1.38117,1.37910,1.38089
2025-08-16 02:00:00,1.38093,1.38137,1.38030,1.38096
2025-08-16 03:00:00,1.38101,1.38157,1.38050,1.38100
2025-08-16 04:00:00,1.38122,1.38163,1.38050,1.38134
2025-08-16 05:00:00,1.38100,1.38155,1.38060,1.38144
2025-08-16 06:00:00,1.38144,1.38199,1.38030,1.38160
2025-08-16 07:00:00,1.38190,1.38190,1.38190,1.38190
2025-08-18 09:00:00,1.38104,1.38173,1.38050,1.38151
2025-08-18 10:00:00,1.38150,1.38155,1.38010,1.38074
2025-08-18 11:00:00,1.38074,1.38090,1.37980,1.38010
2025-08-18 12:00:00,1.38044,1.38100,1.37980,1.38070
2025-08-18 13:00:00,1.38084,1.38092,1.37980,1.37990
2025-08-18 14:00:00,1.38028,1.38040,1.37940,1.38004
2025-08-18 15:00:00,1.38004,1.38043,1.37950,1.37990
2025-08-18 16:00:00,1.38019,1.38096,1.37970,1.37990
2025-08-18 17:00:00,1.38035,1.38046,1.37910,1.38019
2025-08-18 18:00:00,1.38015,1.38060,1.37880,1.37935
2025-08-18 19:00:00,1.37935,1.37991,1.37880,1.37979
2025-08-18 20:00:00,1.37979,1.37985,1.37880,1.37951
2025-08-18 21:00:00,1.37951,1.37973,1.37860,1.37932
2025-08-18 22:00:00,1.37932,1.37941,1.37780,1.37909
2025-08-18 23:00:00,1.37909,1.38092,1.37860,1.38087
2025-08-19 00:00:00,1.38084,1.38272,1.38010,1.38238
2025-08-19 01:00:00,1.38237,1.38313,1.38100,1.38154
2025-08-19 02:00:00,1.38155,1.38171,1.38030,1.38120
2025-08-19 03:00:00,1.38120,1.38144,1.38020,1.38107
2025-08-19 04:00:00,1.38109,1.38132,1.38010,1.38115
2025-08-19 05:00:00,1.38114,1.38129,1.37980,1.38056
2025-08-19 06:00:00,1.38056,1.38094,1.37960,1.38020
2025-08-19 07:00:00,1.38015,1.38030,1.37960,1.38014
2025-08-19 08:00:00,1.38018,1.38033,1.37910,1.37981
2025-08-19 09:00:00,1.38004,1.38053,1.37960,1.38023
2025-08-19 10:00:00,1.38024,1.38106,1.37980,1.38088
2025-08-19 11:00:00,1.38060,1.38180,1.38030,1.38128
2025-08-19 12:00:00,1.38128,1.38151,1.38040,1.38093
2025-08-19 13:00:00,1.38093,1.38120,1.38020,1.38115
2025-08-19 14:00:00,1.38109,1.38128,1.38030,1.38089
2025-08-19 15:00:00,1.38089,1.38142,1.38020,1.38080
2025-08-19 16:00:00,1.38117,1.38149,1.37990,1.38035
2025-08-19 17:00:00,1.38035,1.38163,1.37970,1.38155
2025-08-19 18:00:00,1.38156,1.38219,1.38100,1.38191
2025-08-19 19:00:00,1.38187,1.38230,1.38120,1.38189
2025-08-19 20:00:00,1.38186,1.38195,1.38060,1.38110
2025-08-19 21:00:00,1.38112,1.38132,1.38010,1.38085
2025-08-19 22:00:00,1.38085,1.38378,1.38020,1.38331
2025-08-19 23:00:00,1.38332,1.38450,1.38280,1.38414
2025-08-20 00:00:00,1.38416,1.38570,1.38340,1.38546
2025-08-20 01:00:00,1.38546,1.38606,1.38450,1.38595
2025-08-20 02:00:00,1.38593,1.38635,1.38500,1.38622
2025-08-20 03:00:00,1.38590,1.38637,1.38490,1.38564
2025-08-20 04:00:00,1.38566,1.38646,1.38530,1.38638
2025-08-20 05:00:00,1.38640,1.38683,1.38550,1.38630
2025-08-20 06:00:00,1.38655,1.38700,1.38580,1.38664
2025-08-20 07:00:00,1.38660,1.38680,1.38538,1.38581
2025-08-20 08:00:00,1.38581,1.38678,1.38568,1.38620
2025-08-20 09:00:00,1.38600,1.38684,1.38600,1.38667
2025-08-20 10:00:00,1.38663,1.38725,1.38610,1.38688
2025-08-20 11:00:00,1.38687,1.38777,1.38610,1.38720
2025-08-20 12:00:00,1.38746,1.38835,1.38730,1.38793
2025-08-20 13:00:00,1.38760,1.38800,1.38680,1.38747
2025-08-20 14:00:00,1.38742,1.38747,1.38650,1.38695
2025-08-20 15:00:00,1.38695,1.38754,1.38640,1.38708
2025-08-20 16:00:00,1.38709,1.38764,1.38640,1.38711
2025-08-20 17:00:00,1.38707,1.38761,1.38640,1.38715
2025-08-20 18:00:00,1.38711,1.38811,1.38650,1.38789
2025-08-20 19:00:00,1.38791,1.38799,1.38680,1.38758
2025-08-20 20:00:00,1.38763,1.38770,1.38660,1.38755
2025-08-20 21:00:00,1.38753,1.38764,1.38640,1.38722
2025-08-20 22:00:00,1.38722,1.38725,1.38490,1.38573
2025-08-20 23:00:00,1.38573,1.38715,1.38530,1.38683
2025-08-21 00:00:00,1.38682,1.38730,1.38540,1.38540
2025-08-21 01:00:00,1.38587,1.38795,1.38530,1.38749
2025-08-21 02:00:00,1.38748,1.38752,1.38630,1.38650
2025-08-21 03:00:00,1.38683,1.38729,1.38590,1.38631
2025-08-21 04:00:00,1.38638,1.38721,1.38570,1.38717
2025-08-21 05:00:00,1.38714,1.38771,1.38590,1.38765
2025-08-21 06:00:00,1.38758,1.38802,1.38688,1.38700
2025-08-21 07:00:00,1.38725,1.38740,1.38650,1.38700
2025-08-21 08:00:00,1.38691,1.38730,1.38650,1.38721
2025-08-21 09:00:00,1.38721,1.38750,1.38680,1.38744
2025-08-21 10:00:00,1.38737,1.38816,1.38700,1.38782
2025-08-21 11:00:00,1.38782,1.38820,1.38680,1.38763
2025-08-21 12:00:00,1.38764,1.38812,1.38690,1.38801
2025-08-21 13:00:00,1.38801,1.38830,1.38740,1.38801
2025-08-21 14:00:00,1.38799,1.38813,1.38730,1.38788
2025-08-21 15:00:00,1.38788,1.38826,1.38700,1.38747
2025-08-21 16:00:00,1.38750,1.38810,1.38690,1.38784
2025-08-21 17:00:00,1.38789,1.38853,1.38720,1.38796
2025-08-21 18:00:00,1.38793,1.38834,1.38720,1.38781
2025-08-21 19:00:00,1.38779,1.38808,1.38690,1.38788
2025-08-21 20:00:00,1.38787,1.38836,1.38730,1.38815
2025-08-21 21:00:00,1.38816,1.38885,1.38740,1.38861
2025-08-21 22:00:00,1.38861,1.38956,1.38750,1.38943
2025-08-21 23:00:00,1.38945,1.39026,1.38850,1.38998
2025-08-22 00:00:00,1.38993,1.39017,1.38880,1.38973
2025-08-22 01:00:00,1.38968,1.39058,1.38880,1.38980
2025-08-22 02:00:00,1.39012,1.39080,1.38920,1.38968
2025-08-22 03:00:00,1.38940,1.39012,1.38870,1.38910
2025-08-22 04:00:00,1.38945,1.38997,1.38880,1.38987
2025-08-22 05:00:00,1.38988,1.39064,1.38940,1.39038
2025-08-22 06:00:00,1.39038,1.39126,1.38990,1.39080
2025-08-22 07:00:00,1.39070,1.39103,1.39050,1.39080
2025-08-22 08:00:00,1.39078,1.39100,1.38990,1.39049
2025-08-22 09:00:00,1.39045,1.39072,1.38960,1.39011
2025-08-22 10:00:00,1.39010,1.39080,1.38950,1.39073
2025-08-22 11:00:00,1.39070,1.39130,1.38990,1.39122
2025-08-22 12:00:00,1.39117,1.39130,1.39020,1.39105
2025-08-22 13:00:00,1.39105,1.39143,1.39050,1.39100
2025-08-22 14:00:00,1.39133,1.39153,1.39070,1.39144
2025-08-22 15:00:00,1.39144,1.39160,1.39080,1.39141
2025-08-22 16:00:00,1.39141,1.39170,1.39080,1.39149
2025-08-22 17:00:00,1.39149,1.39173,1.39050,1.39116
2025-08-22 18:00:00,1.39116,1.39142,1.39030,1.39050
2025-08-22 19:00:00,1.39077,1.39150,1.39030,1.39134
2025-08-22 20:00:00,1.39134,1.39190,1.39090,1.39166
2025-08-22 21:00:00,1.39161,1.39173,1.39060,1.39106
2025-08-22 22:00:00,1.39111,1.39186,1.39050,1.39164
2025-08-22 23:00:00,1.39163,1.39247,1.39090,1.39213
2025-08-23 00:00:00,1.39210,1.39216,1.38290,1.38342
2025-08-23 01:00:00,1.38341,1.38454,1.38250,1.38453
2025-08-23 02:00:00,1.38457,1.38462,1.38260,1.38322
2025-08-23 03:00:00,1.38315,1.38324,1.38100,1.38184
2025-08-23 04:00:00,1.38188,1.38256,1.38100,1.38242
2025-08-23 05:00:00,1.38243,1.38308,1.38190,1.38283
2025-08-23 06:00:00,1.38288,1.38303,1.38140,1.38257
2025-08-23 07:00:00,1.38260,1.38260,1.38260,1.38260
2025-08-25 09:00:00,1.38266,1.38324,1.38220,1.38280
2025-08-25 10:00:00,1.38294,1.38403,1.38260,1.38353
2025-08-25 11:00:00,1.38353,1.38440,1.38290,1.38426
2025-08-25 12:00:00,1.38420,1.38433,1.38330,1.38390
2025-08-25 13:00:00,1.38385,1.38399,1.38280,1.38330
2025-08-25 14:00:00,1.38330,1.38357,1.38280,1.38349
2025-08-25 15:00:00,1.38343,1.38381,1.38290,1.38363
2025-08-25 16:00:00,1.38363,1.38367,1.38170,1.38248
2025-08-25 17:00:00,1.38248,1.38370,1.38200,1.38355
2025-08-25 18:00:00,1.38355,1.38368,1.38190,1.38269
2025-08-25 19:00:00,1.38271,1.38327,1.38210,1.38313
2025-08-25 20:00:00,1.38313,1.38362,1.38250,1.38347
2025-08-25 21:00:00,1.38346,1.38354,1.38190,1.38210
2025-08-25 22:00:00,1.38236,1.38260,1.38130,1.38225
2025-08-25 23:00:00,1.38221,1.38290,1.38120,1.38215
2025-08-26 00:00:00,1.38217,1.38294,1.38160,1.38210
2025-08-26 01:00:00,1.38237,1.38350,1.38190,1.38302
2025-08-26 02:00:00,1.38302,1.38385,1.38260,1.38336
2025-08-26 03:00:00,1.38336,1.38432,1.38280,1.38424
2025-08-26 04:00:00,1.38419,1.38552,1.38360,1.38525
2025-08-26 05:00:00,1.38521,1.38637,1.38480,1.38623
2025-08-26 06:00:00,1.38623,1.38628,1.38500,1.38573
2025-08-26 07:00:00,1.38572,1.38603,1.38510,1.38540
2025-08-26 08:00:00,1.38563,1.38583,1.38490,1.38558
2025-08-26 09:00:00,1.38556,1.38610,1.38500,1.38585
2025-08-26 10:00:00,1.38586,1.38635,1.38370,1.38444
2025-08-26 11:00:00,1.38444,1.38584,1.38400,1.38555
2025-08-26 12:00:00,1.38560,1.38562,1.38420,1.38460
2025-08-26 13:00:00,1.38495,1.38590,1.38470,1.38577
2025-08-26 14:00:00,1.38577,1.38600,1.38490,1.38539
2025-08-26 15:00:00,1.38540,1.38559,1.38460,1.38490
2025-08-26 16:00:00,1.38508,1.38657,1.38470,1.38575
2025-08-26 17:00:00,1.38580,1.38679,1.38460,1.38553
2025-08-26 18:00:00,1.38559,1.38642,1.38510,1.38575
2025-08-26 19:00:00,1.38575,1.38580,1.38430,1.38480
2025-08-26 20:00:00,1.38476,1.38527,1.38410,1.38470
2025-08-26 21:00:00,1.38505,1.38512,1.38360,1.38443
2025-08-26 22:00:00,1.38441,1.38507,1.38360,1.38457
2025-08-26 23:00:00,1.38451,1.38545,1.38380,1.38482
2025-08-27 00:00:00,1.38480,1.38506,1.38220,1.38263
2025-08-27 01:00:00,1.38265,1.38298,1.38180,1.38248
2025-08-27 02:00:00,1.38244,1.38323,1.38190,1.38293
2025-08-27 03:00:00,1.38293,1.38402,1.38240,1.38385
2025-08-27 04:00:00,1.38370,1.38418,1.38240,1.38342
2025-08-27 05:00:00,1.38341,1.38363,1.38240,1.38342
2025-08-27 06:00:00,1.38341,1.38396,1.38270,1.38380
2025-08-27 07:00:00,1.38374,1.38390,1.38320,1.38356
2025-08-27 08:00:00,1.38344,1.38385,1.38280,1.38334
2025-08-27 09:00:00,1.38333,1.38360,1.38270,1.38345
2025-08-27 10:00:00,1.38343,1.38359,1.38260,1.38330
2025-08-27 11:00:00,1.38329,1.38360,1.38240,1.38315
2025-08-27 12:00:00,1.38311,1.38411,1.38270,1.38381
2025-08-27 13:00:00,1.38382,1.38411,1.38330,1.38399
2025-08-27 14:00:00,1.38399,1.38440,1.38350,1.38426
2025-08-27 15:00:00,1.38427,1.38452,1.38350,1.38408
2025-08-27 16:00:00,1.38404,1.38414,1.38300,1.38374
2025-08-27 17:00:00,1.38374,1.38541,1.38330,1.38459
2025-08-27 18:00:00,1.38458,1.38570,1.38420,1.38486
2025-08-27 19:00:00,1.38480,1.38550,1.38430,1.38490
2025-08-27 20:00:00,1.38536,1.38545,1.38440,1.38522
2025-08-27 21:00:00,1.38522,1.38562,1.38410,1.38517
2025-08-27 22:00:00,1.38517,1.38548,1.38390,1.38504
2025-08-27 23:00:00,1.38504,1.38545,1.38400,1.38521
2025-08-28 00:00:00,1.38522,1.38577,1.38250,1.38300
2025-08-28 01:00:00,1.38317,1.38333,1.38170,1.38259
2025-08-28 02:00:00,1.38254,1.38260,1.37940,1.37980
2025-08-28 03:00:00,1.37976,1.38014,1.37790,1.37846
2025-08-28 04:00:00,1.37844,1.37961,1.37800,1.37956
2025-08-28 05:00:00,1.37956,1.37971,1.37830,1.37879
2025-08-28 06:00:00,1.37878,1.37924,1.37780,1.37890
2025-08-28 07:00:00,1.37891,1.37908,1.37840,1.37880
2025-08-28 08:00:00,1.37885,1.37900,1.37780,1.37838
2025-08-28 09:00:00,1.37838,1.37850,1.37760,1.37809
2025-08-28 10:00:00,1.37810,1.37834,1.37740,1.37817
2025-08-28 11:00:00,1.37818,1.37832,1.37730,1.37803
2025-08-28 12:00:00,1.37802,1.37815,1.37680,1.37726
2025-08-28 13:00:00,1.37726,1.37785,1.37650,1.37767
2025-08-28 14:00:00,1.37770,1.37820,1.37730,1.37810
2025-08-28 15:00:00,1.37812,1.37880,1.37770,1.37780
2025-08-28 16:00:00,1.37817,1.37854,1.37730,1.37828
2025-08-28 17:00:00,1.37833,1.37875,1.37730,1.37780
2025-08-28 18:00:00,1.37780,1.37853,1.37700,1.37758
2025-08-28 19:00:00,1.37762,1.37764,1.37630,1.37680
2025-08-28 20:00:00,1.37713,1.37740,1.37570,1.37590
2025-08-28 21:00:00,1.37619,1.37673,1.37550,1.37640
2025-08-28 22:00:00,1.37640,1.37680,1.37480,1.37603
2025-08-28 23:00:00,1.37606,1.37853,1.37550,1.37650
2025-08-29 00:00:00,1.37645,1.37730,1.375,1.37655
2025-08-29 01:00:00,1.37655,1.37682,1.37460,1.37514
2025-08-29 02:00:00,1.37513,1.37533,1.37420,1.37496
