id,symbol,timestamp,open,high,low,close,volume,source,created_at
1536,USDJPY,2025-06-27 00:00:00,144.23,144.472,144.15199,144.407,0,twelvedata,2025-08-26 19:26:48
1537,USDJPY,2025-06-27 01:00:00,144.411,144.537,144.312,144.338,0,twelvedata,2025-08-26 19:26:48
1538,USDJPY,2025-06-27 02:00:00,144.339,144.41901,144.052002,144.246,0,twelvedata,2025-08-26 19:26:48
1539,USDJPY,2025-06-27 03:00:00,144.245,144.274,144.12801,144.186,0,twelvedata,2025-08-26 19:26:48
1540,USDJPY,2025-06-27 04:00:00,144.188,144.26401,144.14799,144.19901,0,twelvedata,2025-08-26 19:26:48
1541,USDJPY,2025-06-27 05:00:00,144.201,144.40401,144.19299,144.369,0,twelvedata,2025-08-26 19:26:48
1542,USDJPY,2025-06-27 06:00:00,144.371,144.472,144.326,144.35201,0,twelvedata,2025-08-26 19:26:48
1543,USDJPY,2025-06-27 07:00:00,144.368,144.408,144.259,144.35699,0,twelvedata,2025-08-26 19:26:48
1544,USDJPY,2025-06-27 08:00:00,144.34399,144.66,144.32001,144.59801,0,twelvedata,2025-08-26 19:26:48
1545,USDJPY,2025-06-27 09:00:00,144.57001,144.743,144.388,144.679,0,twelvedata,2025-08-26 19:26:48
1546,USDJPY,2025-06-27 10:00:00,144.67599,144.808,144.51801,144.64999,0,twelvedata,2025-08-26 19:26:48
1547,USDJPY,2025-06-27 11:00:00,144.64799,144.741,144.272,144.28,0,twelvedata,2025-08-26 19:26:48
1548,USDJPY,2025-06-27 12:00:00,144.28101,144.39301,144.19099,144.32401,0,twelvedata,2025-08-26 19:26:48
1549,USDJPY,2025-06-27 13:00:00,144.325,144.502,144.248,144.457,0,twelvedata,2025-08-26 19:26:48
1550,USDJPY,2025-06-27 14:00:00,144.45399,144.58701,144.407,144.54201,0,twelvedata,2025-08-26 19:26:48
1551,USDJPY,2025-06-27 15:00:00,144.54601,144.591,144.356,144.423,0,twelvedata,2025-08-26 19:26:48
1552,USDJPY,2025-06-27 16:00:00,144.425,144.50301,144.2,144.24001,0,twelvedata,2025-08-26 19:26:48
1553,USDJPY,2025-06-27 17:00:00,144.239,144.55299,144.172,144.48199,0,twelvedata,2025-08-26 19:26:48
1554,USDJPY,2025-06-27 18:00:00,144.479,144.515,144.254,144.418,0,twelvedata,2025-08-26 19:26:48
1555,USDJPY,2025-06-27 19:00:00,144.422,144.491,144.342,144.48599,0,twelvedata,2025-08-26 19:26:48
1556,USDJPY,2025-06-27 20:00:00,144.48199,144.681,144.459,144.535,0,twelvedata,2025-08-26 19:26:48
1557,USDJPY,2025-06-27 21:00:00,144.53101,144.629,144.48399,144.492,0,twelvedata,2025-08-26 19:26:48
1558,USDJPY,2025-06-27 22:00:00,144.48801,144.62399,144.36,144.44299,0,twelvedata,2025-08-26 19:26:48
1559,USDJPY,2025-06-27 23:00:00,144.44099,144.80499,144.375,144.72099,0,twelvedata,2025-08-26 19:26:48
1560,USDJPY,2025-06-28 00:00:00,144.71899,144.94501,144.564,144.88,0,twelvedata,2025-08-26 19:26:48
1561,USDJPY,2025-06-28 01:00:00,144.87801,144.91,144.606,144.73599,0,twelvedata,2025-08-26 19:26:48
1562,USDJPY,2025-06-28 02:00:00,144.735,144.754,144.536,144.645,0,twelvedata,2025-08-26 19:26:48
1563,USDJPY,2025-06-28 03:00:00,144.645,144.90401,144.578,144.737,0,twelvedata,2025-08-26 19:26:48
1564,USDJPY,2025-06-28 04:00:00,144.73801,144.85001,144.631,144.69901,0,twelvedata,2025-08-26 19:26:48
1565,USDJPY,2025-06-28 05:00:00,144.69701,144.79401,144.65199,144.75,0,twelvedata,2025-08-26 19:26:48
1566,USDJPY,2025-06-28 06:00:00,144.75101,144.761,144.604,144.614,0,twelvedata,2025-08-26 19:26:48
1567,USDJPY,2025-06-28 07:00:00,144.61501,144.61501,144.61501,144.61501,0,twelvedata,2025-08-26 19:26:48
1568,USDJPY,2025-06-30 09:00:00,144.474,144.53999,144.37801,144.498,0,twelvedata,2025-08-26 19:26:48
1569,USDJPY,2025-06-30 10:00:00,144.49899,144.76199,144.46899,144.616,0,twelvedata,2025-08-26 19:26:48
1570,USDJPY,2025-06-30 11:00:00,144.616,144.65199,144.241,144.328,0,twelvedata,2025-08-26 19:26:48
1571,USDJPY,2025-06-30 12:00:00,144.326,144.33099,144.085999,144.283,0,twelvedata,2025-08-26 19:26:48
1572,USDJPY,2025-06-30 13:00:00,144.28799,144.312,144.155,144.216,0,twelvedata,2025-08-26 19:26:48
1573,USDJPY,2025-06-30 14:00:00,144.218,144.23399,143.907,143.944,0,twelvedata,2025-08-26 19:26:48
1574,USDJPY,2025-06-30 15:00:00,143.944,143.948,143.78999,143.908,0,twelvedata,2025-08-26 19:26:48
1575,USDJPY,2025-06-30 16:00:00,143.90601,144.018005,143.84801,143.882,0,twelvedata,2025-08-26 19:26:48
1576,USDJPY,2025-06-30 17:00:00,143.881,144.16901,143.778,144.12601,0,twelvedata,2025-08-26 19:26:48
1577,USDJPY,2025-06-30 18:00:00,144.12199,144.215,144.011993,144.11,0,twelvedata,2025-08-26 19:26:48
1578,USDJPY,2025-06-30 19:00:00,144.11301,144.267,144.050003,144.265,0,twelvedata,2025-08-26 19:26:48
1579,USDJPY,2025-06-30 20:00:00,144.26401,144.289,144.172,144.179,0,twelvedata,2025-08-26 19:26:48
1580,USDJPY,2025-06-30 21:00:00,144.18201,144.342,144.149,144.32899,0,twelvedata,2025-08-26 19:26:48
1581,USDJPY,2025-06-30 22:00:00,144.327,144.494,144.282,144.459,0,twelvedata,2025-08-26 19:26:48
1582,USDJPY,2025-06-30 23:00:00,144.45599,144.511,144.314,144.364,0,twelvedata,2025-08-26 19:26:48
1583,USDJPY,2025-07-01 00:00:00,144.36301,144.50101,144.20799,144.44501,0,twelvedata,2025-08-26 19:26:48
1584,USDJPY,2025-07-01 01:00:00,144.44701,144.49699,144.15199,144.16299,0,twelvedata,2025-08-26 19:26:48
1585,USDJPY,2025-07-01 02:00:00,144.16299,144.388,144.136,144.224,0,twelvedata,2025-08-26 19:26:48
1586,USDJPY,2025-07-01 03:00:00,144.224,144.32401,144.147,144.252,0,twelvedata,2025-08-26 19:26:48
1587,USDJPY,2025-07-01 04:00:00,144.252,144.29601,144.123,144.2,0,twelvedata,2025-08-26 19:26:48
1588,USDJPY,2025-07-01 05:00:00,144.203,144.245,143.98801,144.035004,0,twelvedata,2025-08-26 19:26:48
1589,USDJPY,2025-07-01 06:00:00,144.037994,144.054001,143.94701,144.029007,0,twelvedata,2025-08-26 19:26:48
1590,USDJPY,2025-07-01 07:00:00,143.998,144.050995,143.96899,144.0099945,0,twelvedata,2025-08-26 19:26:48
1591,USDJPY,2025-07-01 08:00:00,143.998,144.029007,143.851,143.91499,0,twelvedata,2025-08-26 19:26:48
1592,USDJPY,2025-07-01 09:00:00,143.916,143.92999,143.77,143.802,0,twelvedata,2025-08-26 19:26:48
1593,USDJPY,2025-07-01 10:00:00,143.804,143.81,143.55,143.564,0,twelvedata,2025-08-26 19:26:48
1594,USDJPY,2025-07-01 11:00:00,143.565,143.80701,143.43201,143.79201,0,twelvedata,2025-08-26 19:26:48
1595,USDJPY,2025-07-01 12:00:00,143.797,143.834,143.63699,143.72301,0,twelvedata,2025-08-26 19:26:48
1596,USDJPY,2025-07-01 13:00:00,143.72701,143.89101,143.627,143.879,0,twelvedata,2025-08-26 19:26:48
1597,USDJPY,2025-07-01 14:00:00,143.877,143.93401,143.746,143.75101,0,twelvedata,2025-08-26 19:26:48
1598,USDJPY,2025-07-01 15:00:00,143.746,143.75,143.567,143.582,0,twelvedata,2025-08-26 19:26:48
1599,USDJPY,2025-07-01 16:00:00,143.576,143.76199,143.54401,143.67101,0,twelvedata,2025-08-26 19:26:48
1600,USDJPY,2025-07-01 17:00:00,143.66901,143.739,143.063004,143.069,0,twelvedata,2025-08-26 19:26:48
1601,USDJPY,2025-07-01 18:00:00,143.065002,143.136,142.886,143.035995,0,twelvedata,2025-08-26 19:26:48
1602,USDJPY,2025-07-01 19:00:00,143.039001,143.16701,142.82001,142.94299,0,twelvedata,2025-08-26 19:26:48
1603,USDJPY,2025-07-01 20:00:00,142.942,142.994,142.81799,142.983,0,twelvedata,2025-08-26 19:26:48
1604,USDJPY,2025-07-01 21:00:00,142.985,142.99001,142.69901,142.73599,0,twelvedata,2025-08-26 19:26:48
1605,USDJPY,2025-07-01 22:00:00,142.73199,143.093994,142.67599,143.065994,0,twelvedata,2025-08-26 19:26:48
1606,USDJPY,2025-07-01 23:00:00,143.061996,143.287,142.93201,143.065002,0,twelvedata,2025-08-26 19:26:48
1607,USDJPY,2025-07-02 00:00:00,143.057007,143.48,143.033005,143.439,0,twelvedata,2025-08-26 19:26:48
1608,USDJPY,2025-07-02 01:00:00,143.435,143.668,143.435,143.576,0,twelvedata,2025-08-26 19:26:48
1609,USDJPY,2025-07-02 02:00:00,143.57899,143.78,143.573,143.69299,0,twelvedata,2025-08-26 19:26:48
1610,USDJPY,2025-07-02 03:00:00,143.69099,143.752,143.60001,143.62199,0,twelvedata,2025-08-26 19:26:48
1611,USDJPY,2025-07-02 04:00:00,143.625,143.79201,143.619,143.72,0,twelvedata,2025-08-26 19:26:48
1612,USDJPY,2025-07-02 05:00:00,143.722,143.802,143.578,143.771,0,twelvedata,2025-08-26 19:26:48
1613,USDJPY,2025-07-02 06:00:00,143.771,143.771,143.37199,143.38699,0,twelvedata,2025-08-26 19:26:48
1614,USDJPY,2025-07-02 07:00:00,143.429,143.47301,143.356,143.38,0,twelvedata,2025-08-26 19:26:48
1615,USDJPY,2025-07-02 08:00:00,143.381,143.442,143.33299,143.405,0,twelvedata,2025-08-26 19:26:48
1616,USDJPY,2025-07-02 09:00:00,143.40401,143.47301,143.336,143.371,0,twelvedata,2025-08-26 19:26:48
1617,USDJPY,2025-07-02 10:00:00,143.367,143.659,143.317,143.47301,0,twelvedata,2025-08-26 19:26:48
1618,USDJPY,2025-07-02 11:00:00,143.474,143.686,143.438,143.65401,0,twelvedata,2025-08-26 19:26:48
1619,USDJPY,2025-07-02 12:00:00,143.64999,143.746,143.506,143.549,0,twelvedata,2025-08-26 19:26:48
1620,USDJPY,2025-07-02 13:00:00,143.54201,143.589,143.47501,143.528,0,twelvedata,2025-08-26 19:26:48
1621,USDJPY,2025-07-02 14:00:00,143.52901,143.60899,143.45599,143.55299,0,twelvedata,2025-08-26 19:26:48
1622,USDJPY,2025-07-02 15:00:00,143.55099,143.854,143.536,143.757,0,twelvedata,2025-08-26 19:26:48
1623,USDJPY,2025-07-02 16:00:00,143.752,143.886,143.67,143.80701,0,twelvedata,2025-08-26 19:26:48
1624,USDJPY,2025-07-02 17:00:00,143.806,144.050003,143.8,143.899,0,twelvedata,2025-08-26 19:26:48
1625,USDJPY,2025-07-02 18:00:00,143.89799,143.97301,143.774,143.964,0,twelvedata,2025-08-26 19:26:48
1626,USDJPY,2025-07-02 19:00:00,143.965,144.244,143.925,144.147,0,twelvedata,2025-08-26 19:26:48
1627,USDJPY,2025-07-02 20:00:00,144.146,144.157,143.86,143.92101,0,twelvedata,2025-08-26 19:26:48
1628,USDJPY,2025-07-02 21:00:00,143.918,144.198,143.888,144.17799,0,twelvedata,2025-08-26 19:26:48
1629,USDJPY,2025-07-02 22:00:00,144.177,144.213,143.48199,143.871,0,twelvedata,2025-08-26 19:26:48
1630,USDJPY,2025-07-02 23:00:00,143.87199,144.131,143.63,144.0079956,0,twelvedata,2025-08-26 19:26:48
1631,USDJPY,2025-07-03 00:00:00,143.99699,144.153,143.89999,144.026001,0,twelvedata,2025-08-26 19:26:48
1632,USDJPY,2025-07-03 01:00:00,144.024002,144.039993,143.731,143.757,0,twelvedata,2025-08-26 19:26:48
1633,USDJPY,2025-07-03 02:00:00,143.757,143.808,143.65199,143.733,0,twelvedata,2025-08-26 19:26:48
1634,USDJPY,2025-07-03 03:00:00,143.73599,143.745,143.614,143.69299,0,twelvedata,2025-08-26 19:26:48
1635,USDJPY,2025-07-03 04:00:00,143.694,143.73199,143.576,143.618,0,twelvedata,2025-08-26 19:26:48
1636,USDJPY,2025-07-03 05:00:00,143.619,143.668,143.567,143.61501,0,twelvedata,2025-08-26 19:26:48
1637,USDJPY,2025-07-03 06:00:00,143.616,143.69099,143.605,143.61,0,twelvedata,2025-08-26 19:26:48
1638,USDJPY,2025-07-03 07:00:00,143.659,143.75,143.58701,143.619,0,twelvedata,2025-08-26 19:26:48
1639,USDJPY,2025-07-03 08:00:00,143.606,143.658,143.549,143.605,0,twelvedata,2025-08-26 19:26:48
1640,USDJPY,2025-07-03 09:00:00,143.61,143.616,143.478,143.52,0,twelvedata,2025-08-26 19:26:48
1641,USDJPY,2025-07-03 10:00:00,143.519,143.612,143.442,143.582,0,twelvedata,2025-08-26 19:26:48
1642,USDJPY,2025-07-03 11:00:00,143.58701,143.69,143.483,143.549,0,twelvedata,2025-08-26 19:26:48
1643,USDJPY,2025-07-03 12:00:00,143.55099,143.763,143.543,143.679,0,twelvedata,2025-08-26 19:26:48
1644,USDJPY,2025-07-03 13:00:00,143.681,143.88,143.666,143.85001,0,twelvedata,2025-08-26 19:26:48
1645,USDJPY,2025-07-03 14:00:00,143.849,143.853,143.758,143.83501,0,twelvedata,2025-08-26 19:26:48
1646,USDJPY,2025-07-03 15:00:00,143.838,143.927,143.76199,143.856,0,twelvedata,2025-08-26 19:26:48
1647,USDJPY,2025-07-03 16:00:00,143.85699,143.931,143.75301,143.771,0,twelvedata,2025-08-26 19:26:48
1648,USDJPY,2025-07-03 17:00:00,143.769,143.91701,143.668,143.86,0,twelvedata,2025-08-26 19:26:48
1649,USDJPY,2025-07-03 18:00:00,143.855,143.894,143.76801,143.871,0,twelvedata,2025-08-26 19:26:48
1650,USDJPY,2025-07-03 19:00:00,143.87601,143.894,143.82201,143.85001,0,twelvedata,2025-08-26 19:26:48
1651,USDJPY,2025-07-03 20:00:00,143.85201,143.86099,143.73,143.842,0,twelvedata,2025-08-26 19:26:48
1652,USDJPY,2025-07-03 21:00:00,143.847,143.896,143.812,143.86501,0,twelvedata,2025-08-26 19:26:48
1653,USDJPY,2025-07-03 22:00:00,143.86501,145.23399,143.72501,145.0099945,0,twelvedata,2025-08-26 19:26:48
1654,USDJPY,2025-07-03 23:00:00,145.0079956,145.072006,144.603,144.741,0,twelvedata,2025-08-26 19:26:48
1655,USDJPY,2025-07-04 00:00:00,144.73801,145.133,144.634,145.089996,0,twelvedata,2025-08-26 19:26:48
1656,USDJPY,2025-07-04 01:00:00,145.095001,145.16499,144.814,144.965,0,twelvedata,2025-08-26 19:26:48
1657,USDJPY,2025-07-04 02:00:00,144.967,145.21201,144.944,145.048004,0,twelvedata,2025-08-26 19:26:48
1658,USDJPY,2025-07-04 03:00:00,145.052994,145.091995,144.992,145.070007,0,twelvedata,2025-08-26 19:26:48
1659,USDJPY,2025-07-04 04:00:00,145.070999,145.116,145.0079956,145.105,0,twelvedata,2025-08-26 19:26:48
1660,USDJPY,2025-07-04 05:00:00,145.10001,145.116,144.98,145.037003,0,twelvedata,2025-08-26 19:26:48
1661,USDJPY,2025-07-04 06:00:00,145.039993,145.085007,144.903,144.905,0,twelvedata,2025-08-26 19:26:48
1662,USDJPY,2025-07-04 07:00:00,144.91499,144.97099,144.884,144.916,0,twelvedata,2025-08-26 19:26:48
1663,USDJPY,2025-07-04 08:00:00,144.938,144.967,144.871,144.884,0,twelvedata,2025-08-26 19:26:48
1664,USDJPY,2025-07-04 09:00:00,144.868,144.92599,144.67999,144.707,0,twelvedata,2025-08-26 19:26:48
1665,USDJPY,2025-07-04 10:00:00,144.70399,144.783,144.569,144.599,0,twelvedata,2025-08-26 19:26:48
1666,USDJPY,2025-07-04 11:00:00,144.59801,144.783,144.57899,144.757,0,twelvedata,2025-08-26 19:26:48
1667,USDJPY,2025-07-04 12:00:00,144.756,144.791,144.59399,144.64799,0,twelvedata,2025-08-26 19:26:48
1668,USDJPY,2025-07-04 13:00:00,144.645,144.668,144.457,144.51801,0,twelvedata,2025-08-26 19:26:48
1669,USDJPY,2025-07-04 14:00:00,144.519,144.526,144.32401,144.373,0,twelvedata,2025-08-26 19:26:48
1670,USDJPY,2025-07-04 15:00:00,144.375,144.399,144.30099,144.336,0,twelvedata,2025-08-26 19:26:48
1671,USDJPY,2025-07-04 16:00:00,144.33501,144.429,144.17999,144.246,0,twelvedata,2025-08-26 19:26:48
1672,USDJPY,2025-07-04 17:00:00,144.245,144.42799,144.23199,144.408,0,twelvedata,2025-08-26 19:26:48
1673,USDJPY,2025-07-04 18:00:00,144.405,144.416,144.28,144.341,0,twelvedata,2025-08-26 19:26:48
1674,USDJPY,2025-07-04 19:00:00,144.338,144.373,144.271,144.31,0,twelvedata,2025-08-26 19:26:48
1675,USDJPY,2025-07-04 20:00:00,144.312,144.384,144.278,144.34,0,twelvedata,2025-08-26 19:26:48
1676,USDJPY,2025-07-04 21:00:00,144.343,144.401,144.298,144.39101,0,twelvedata,2025-08-26 19:26:48
1677,USDJPY,2025-07-04 22:00:00,144.394,144.446,144.35201,144.423,0,twelvedata,2025-08-26 19:26:48
1678,USDJPY,2025-07-04 23:00:00,144.42,144.509,144.383,144.45599,0,twelvedata,2025-08-26 19:26:48
1679,USDJPY,2025-07-05 00:00:00,144.45799,144.56799,144.40401,144.51801,0,twelvedata,2025-08-26 19:26:48
1680,USDJPY,2025-07-05 01:00:00,144.522,144.554,144.5,144.52901,0,twelvedata,2025-08-26 19:26:48
1681,USDJPY,2025-07-05 02:00:00,144.53101,144.548,144.472,144.498,0,twelvedata,2025-08-26 19:26:48
1682,USDJPY,2025-07-05 03:00:00,144.495,144.52499,144.46201,144.468,0,twelvedata,2025-08-26 19:26:48
1683,USDJPY,2025-07-05 04:00:00,144.472,144.515,144.463,144.47,0,twelvedata,2025-08-26 19:26:48
1684,USDJPY,2025-07-05 05:00:00,144.474,144.582,144.435,144.56599,0,twelvedata,2025-08-26 19:26:48
1685,USDJPY,2025-07-05 06:00:00,144.563,144.582,144.42599,144.44299,0,twelvedata,2025-08-26 19:26:48
1686,USDJPY,2025-07-07 09:00:00,144.483,144.58299,144.457,144.487,0,twelvedata,2025-08-26 19:26:48
1687,USDJPY,2025-07-07 10:00:00,144.487,144.506,144.29201,144.35201,0,twelvedata,2025-08-26 19:26:48
1688,USDJPY,2025-07-07 11:00:00,144.35001,144.57899,144.22,144.532,0,twelvedata,2025-08-26 19:26:48
1689,USDJPY,2025-07-07 12:00:00,144.535,144.839,144.492,144.81599,0,twelvedata,2025-08-26 19:26:48
1690,USDJPY,2025-07-07 13:00:00,144.81,144.85001,144.70399,144.832,0,twelvedata,2025-08-26 19:26:48
1691,USDJPY,2025-07-07 14:00:00,144.82899,145.0010071,144.77499,144.98399,0,twelvedata,2025-08-26 19:26:48
1692,USDJPY,2025-07-07 15:00:00,144.979,145.078003,144.933,144.983,0,twelvedata,2025-08-26 19:26:48
1693,USDJPY,2025-07-07 16:00:00,144.981,145.158,144.94501,145.018997,0,twelvedata,2025-08-26 19:26:48
1694,USDJPY,2025-07-07 17:00:00,145.018005,145.202,144.97501,145.192,0,twelvedata,2025-08-26 19:26:48
1695,USDJPY,2025-07-07 18:00:00,145.198,145.345,145.108,145.332,0,twelvedata,2025-08-26 19:26:48
1696,USDJPY,2025-07-07 19:00:00,145.33299,145.48801,145.27,145.42999,0,twelvedata,2025-08-26 19:26:48
1697,USDJPY,2025-07-07 20:00:00,145.435,145.533,145.39101,145.429,0,twelvedata,2025-08-26 19:26:48
1698,USDJPY,2025-07-07 21:00:00,145.43401,145.513,145.369,145.492,0,twelvedata,2025-08-26 19:26:48
1699,USDJPY,2025-07-07 22:00:00,145.493,145.646,145.476,145.59,0,twelvedata,2025-08-26 19:26:48
1700,USDJPY,2025-07-07 23:00:00,145.586,145.783,145.56799,145.73399,0,twelvedata,2025-08-26 19:26:48
1701,USDJPY,2025-07-08 00:00:00,145.735,145.815,145.66299,145.79401,0,twelvedata,2025-08-26 19:26:48
1702,USDJPY,2025-07-08 01:00:00,145.79601,145.89301,145.776,145.86501,0,twelvedata,2025-08-26 19:26:48
1703,USDJPY,2025-07-08 02:00:00,145.86501,146.146,145.73399,146.118,0,twelvedata,2025-08-26 19:26:48
1704,USDJPY,2025-07-08 03:00:00,146.11501,146.235,146.011002,146.061005,0,twelvedata,2025-08-26 19:26:48
1705,USDJPY,2025-07-08 04:00:00,146.059006,146.241,146.050003,146.172,0,twelvedata,2025-08-26 19:26:48
1706,USDJPY,2025-07-08 05:00:00,146.16901,146.187,145.99699,146.050003,0,twelvedata,2025-08-26 19:26:48
1707,USDJPY,2025-07-08 06:00:00,146.052994,146.159,146.0079956,146.0079956,0,twelvedata,2025-08-26 19:26:48
1708,USDJPY,2025-07-08 07:00:00,146.011993,146.070007,145.992,145.99899,0,twelvedata,2025-08-26 19:26:48
1709,USDJPY,2025-07-08 08:00:00,145.993,146.033005,145.834,145.841,0,twelvedata,2025-08-26 19:26:48
1710,USDJPY,2025-07-08 09:00:00,145.86,146.069,145.85201,145.88,0,twelvedata,2025-08-26 19:26:48
1711,USDJPY,2025-07-08 10:00:00,145.879,146.21201,145.828,146.16,0,twelvedata,2025-08-26 19:26:48
1712,USDJPY,2025-07-08 11:00:00,146.15401,146.44299,146.039001,146.246,0,twelvedata,2025-08-26 19:26:48
1713,USDJPY,2025-07-08 12:00:00,146.243,146.285,146.037994,146.091995,0,twelvedata,2025-08-26 19:26:48
1714,USDJPY,2025-07-08 13:00:00,146.091003,146.168,146.037003,146.072006,0,twelvedata,2025-08-26 19:26:48
1715,USDJPY,2025-07-08 14:00:00,146.070999,146.104,145.877,145.992,0,twelvedata,2025-08-26 19:26:48
1716,USDJPY,2025-07-08 15:00:00,145.993,146.108,145.94299,146.093002,0,twelvedata,2025-08-26 19:26:48
1717,USDJPY,2025-07-08 16:00:00,146.093002,146.24899,146.059006,146.245,0,twelvedata,2025-08-26 19:26:48
1718,USDJPY,2025-07-08 17:00:00,146.245,146.28,145.992,146.037994,0,twelvedata,2025-08-26 19:26:48
1719,USDJPY,2025-07-08 18:00:00,146.033005,146.242,146.029999,146.188,0,twelvedata,2025-08-26 19:26:48
1720,USDJPY,2025-07-08 19:00:00,146.19099,146.267,146.052994,146.231,0,twelvedata,2025-08-26 19:26:48
1721,USDJPY,2025-07-08 20:00:00,146.22501,146.409,146.21899,146.40199,0,twelvedata,2025-08-26 19:26:48
1722,USDJPY,2025-07-08 21:00:00,146.40199,146.651,146.35001,146.58701,0,twelvedata,2025-08-26 19:26:48
1723,USDJPY,2025-07-08 22:00:00,146.58701,146.689,146.452,146.649,0,twelvedata,2025-08-26 19:26:48
1724,USDJPY,2025-07-08 23:00:00,146.64799,146.899,146.62601,146.772,0,twelvedata,2025-08-26 19:26:48
1725,USDJPY,2025-07-09 00:00:00,146.77,146.96001,146.748,146.918,0,twelvedata,2025-08-26 19:26:48
1726,USDJPY,2025-07-09 01:00:00,146.91299,146.976,146.76199,146.814,0,twelvedata,2025-08-26 19:26:48
1727,USDJPY,2025-07-09 02:00:00,146.813,146.864,146.702,146.744,0,twelvedata,2025-08-26 19:26:48
1728,USDJPY,2025-07-09 03:00:00,146.744,146.80701,146.65199,146.716,0,twelvedata,2025-08-26 19:26:48
1729,USDJPY,2025-07-09 04:00:00,146.711,146.763,146.649,146.662,0,twelvedata,2025-08-26 19:26:48
1730,USDJPY,2025-07-09 05:00:00,146.658,146.694,146.61099,146.62199,0,twelvedata,2025-08-26 19:26:48
1731,USDJPY,2025-07-09 06:00:00,146.62199,146.642,146.508,146.595,0,twelvedata,2025-08-26 19:26:48
1732,USDJPY,2025-07-09 07:00:00,146.59599,146.619,146.49699,146.519,0,twelvedata,2025-08-26 19:26:48
1733,USDJPY,2025-07-09 08:00:00,146.521,146.614,146.521,146.58099,0,twelvedata,2025-08-26 19:26:48
1734,USDJPY,2025-07-09 09:00:00,146.58501,146.87601,146.57899,146.869,0,twelvedata,2025-08-26 19:26:48
1735,USDJPY,2025-07-09 10:00:00,146.868,146.91,146.73,146.789,0,twelvedata,2025-08-26 19:26:48
1736,USDJPY,2025-07-09 11:00:00,146.791,147.029999,146.748,146.86301,0,twelvedata,2025-08-26 19:26:48
1737,USDJPY,2025-07-09 12:00:00,146.864,147.093002,146.78799,147.056,0,twelvedata,2025-08-26 19:26:48
1738,USDJPY,2025-07-09 13:00:00,147.057999,147.18201,147.052994,147.098999,0,twelvedata,2025-08-26 19:26:48
1739,USDJPY,2025-07-09 14:00:00,147.103,147.147,147.022995,147.039001,0,twelvedata,2025-08-26 19:26:48
1740,USDJPY,2025-07-09 15:00:00,147.035004,147.067993,146.896,146.98599,0,twelvedata,2025-08-26 19:26:48
1741,USDJPY,2025-07-09 16:00:00,146.98199,147.033997,146.795,146.806,0,twelvedata,2025-08-26 19:26:48
1742,USDJPY,2025-07-09 17:00:00,146.8,146.879,146.67799,146.841,0,twelvedata,2025-08-26 19:26:48
1743,USDJPY,2025-07-09 18:00:00,146.841,146.87,146.59,146.677,0,twelvedata,2025-08-26 19:26:48
1744,USDJPY,2025-07-09 19:00:00,146.677,146.694,146.536,146.627,0,twelvedata,2025-08-26 19:26:48
1745,USDJPY,2025-07-09 20:00:00,146.625,146.689,146.536,146.65401,0,twelvedata,2025-08-26 19:26:48
1746,USDJPY,2025-07-09 21:00:00,146.657,146.78,146.604,146.765,0,twelvedata,2025-08-26 19:26:48
1747,USDJPY,2025-07-09 22:00:00,146.763,146.76601,146.463,146.481,0,twelvedata,2025-08-26 19:26:48
1748,USDJPY,2025-07-09 23:00:00,146.485,146.54401,146.355,146.46001,0,twelvedata,2025-08-26 19:26:48
1749,USDJPY,2025-07-10 00:00:00,146.46001,146.50301,146.267,146.46201,0,twelvedata,2025-08-26 19:26:48
1750,USDJPY,2025-07-10 01:00:00,146.46201,146.56599,146.44501,146.532,0,twelvedata,2025-08-26 19:26:48
1751,USDJPY,2025-07-10 02:00:00,146.53101,146.53101,146.328,146.409,0,twelvedata,2025-08-26 19:26:48
1752,USDJPY,2025-07-10 03:00:00,146.41299,146.43401,146.276,146.332,0,twelvedata,2025-08-26 19:26:48
1753,USDJPY,2025-07-10 04:00:00,146.33099,146.39101,146.246,146.328,0,twelvedata,2025-08-26 19:26:48
1754,USDJPY,2025-07-10 05:00:00,146.33099,146.371,146.24899,146.314,0,twelvedata,2025-08-26 19:26:48
1755,USDJPY,2025-07-10 06:00:00,146.31599,146.48599,146.291,146.295,0,twelvedata,2025-08-26 19:26:48
1756,USDJPY,2025-07-10 07:00:00,146.323,146.39101,146.233,146.29401,0,twelvedata,2025-08-26 19:26:48
1757,USDJPY,2025-07-10 08:00:00,146.30099,146.321,146.20799,146.23,0,twelvedata,2025-08-26 19:26:48
1758,USDJPY,2025-07-10 09:00:00,146.23801,146.30299,146.067993,146.105,0,twelvedata,2025-08-26 19:26:48
1759,USDJPY,2025-07-10 10:00:00,146.105,146.118,145.75,145.814,0,twelvedata,2025-08-26 19:26:48
1760,USDJPY,2025-07-10 11:00:00,145.812,145.95399,145.758,145.886,0,twelvedata,2025-08-26 19:26:48
1761,USDJPY,2025-07-10 12:00:00,145.88901,146.095001,145.85001,146.082993,0,twelvedata,2025-08-26 19:26:48
1762,USDJPY,2025-07-10 13:00:00,146.078003,146.258,146.065002,146.25101,0,twelvedata,2025-08-26 19:26:48
1763,USDJPY,2025-07-10 14:00:00,146.25101,146.411,146.202,146.218,0,twelvedata,2025-08-26 19:26:48
1764,USDJPY,2025-07-10 15:00:00,146.215,146.34399,146.168,146.255,0,twelvedata,2025-08-26 19:26:48
1765,USDJPY,2025-07-10 16:00:00,146.255,146.36,146.12199,146.149,0,twelvedata,2025-08-26 19:26:48
1766,USDJPY,2025-07-10 17:00:00,146.147,146.464,146.061996,146.278,0,twelvedata,2025-08-26 19:26:48
1767,USDJPY,2025-07-10 18:00:00,146.28101,146.41,146.25999,146.355,0,twelvedata,2025-08-26 19:26:48
1768,USDJPY,2025-07-10 19:00:00,146.353,146.37399,146.168,146.17999,0,twelvedata,2025-08-26 19:26:48
1769,USDJPY,2025-07-10 20:00:00,146.174,146.25301,146.080002,146.118,0,twelvedata,2025-08-26 19:26:48
1770,USDJPY,2025-07-10 21:00:00,146.121,146.39301,146.080994,146.25,0,twelvedata,2025-08-26 19:26:48
1771,USDJPY,2025-07-10 22:00:00,146.25,146.54401,146.202,146.43401,0,twelvedata,2025-08-26 19:26:48
1772,USDJPY,2025-07-10 23:00:00,146.438,146.61301,146.34399,146.57899,0,twelvedata,2025-08-26 19:26:48
1773,USDJPY,2025-07-11 00:00:00,146.58,146.787,146.47501,146.509,0,twelvedata,2025-08-26 19:26:48
1774,USDJPY,2025-07-11 01:00:00,146.50999,146.56599,146.37801,146.461,0,twelvedata,2025-08-26 19:26:48
1775,USDJPY,2025-07-11 02:00:00,146.457,146.50999,146.386,146.46201,0,twelvedata,2025-08-26 19:26:48
1776,USDJPY,2025-07-11 03:00:00,146.463,146.479,146.30701,146.325,0,twelvedata,2025-08-26 19:26:48
1777,USDJPY,2025-07-11 04:00:00,146.325,146.33299,146.196,146.243,0,twelvedata,2025-08-26 19:26:48
1778,USDJPY,2025-07-11 05:00:00,146.241,146.28799,146.164,146.23801,0,twelvedata,2025-08-26 19:26:48
1779,USDJPY,2025-07-11 06:00:00,146.239,146.255,146.17599,146.239,0,twelvedata,2025-08-26 19:26:48
1780,USDJPY,2025-07-11 07:00:00,146.24001,146.255,146.164,146.21899,0,twelvedata,2025-08-26 19:26:48
1781,USDJPY,2025-07-11 08:00:00,146.22099,146.267,146.164,146.207,0,twelvedata,2025-08-26 19:26:48
1782,USDJPY,2025-07-11 09:00:00,146.207,146.297,146.12601,146.271,0,twelvedata,2025-08-26 19:26:48
1783,USDJPY,2025-07-11 10:00:00,146.27299,146.64101,146.239,146.55499,0,twelvedata,2025-08-26 19:26:48
1784,USDJPY,2025-07-11 11:00:00,146.548,146.838,146.511,146.76199,0,twelvedata,2025-08-26 19:26:48
1785,USDJPY,2025-07-11 12:00:00,146.76401,147.039993,146.73599,147.018005,0,twelvedata,2025-08-26 19:26:48
1786,USDJPY,2025-07-11 13:00:00,147.014008,147.033005,146.854,146.94501,0,twelvedata,2025-08-26 19:26:48
1787,USDJPY,2025-07-11 14:00:00,146.95,147.18401,146.912,147.076004,0,twelvedata,2025-08-26 19:26:48
1788,USDJPY,2025-07-11 15:00:00,147.074005,147.11,146.82401,146.868,0,twelvedata,2025-08-26 19:26:48
1789,USDJPY,2025-07-11 16:00:00,146.86501,146.942,146.73,146.92,0,twelvedata,2025-08-26 19:26:48
1790,USDJPY,2025-07-11 17:00:00,146.922,146.922,146.716,146.851,0,twelvedata,2025-08-26 19:26:48
1791,USDJPY,2025-07-11 18:00:00,146.853,147.0019989,146.748,146.98399,0,twelvedata,2025-08-26 19:26:48
1792,USDJPY,2025-07-11 19:00:00,146.985,147.084,146.91299,147.0090027,0,twelvedata,2025-08-26 19:26:48
1793,USDJPY,2025-07-11 20:00:00,147.0090027,147.022995,146.761,146.81599,0,twelvedata,2025-08-26 19:26:48
1794,USDJPY,2025-07-11 21:00:00,146.813,147.033997,146.76401,147.024002,0,twelvedata,2025-08-26 19:26:48
1795,USDJPY,2025-07-11 22:00:00,147.018005,147.093994,146.786,146.97099,0,twelvedata,2025-08-26 19:26:48
1796,USDJPY,2025-07-11 23:00:00,146.972,147.284,146.90199,147.284,0,twelvedata,2025-08-26 19:26:48
1797,USDJPY,2025-07-12 00:00:00,147.285,147.52299,147.26801,147.338,0,twelvedata,2025-08-26 19:26:48
1798,USDJPY,2025-07-12 01:00:00,147.334,147.431,147.257,147.29201,0,twelvedata,2025-08-26 19:26:48
1799,USDJPY,2025-07-12 02:00:00,147.291,147.40601,147.25,147.36301,0,twelvedata,2025-08-26 19:26:48
1800,USDJPY,2025-07-12 03:00:00,147.36301,147.41901,147.313,147.39,0,twelvedata,2025-08-26 19:26:48
1801,USDJPY,2025-07-12 04:00:00,147.38699,147.44901,147.341,147.444,0,twelvedata,2025-08-26 19:26:48
1802,USDJPY,2025-07-12 05:00:00,147.446,147.479,147.368,147.37399,0,twelvedata,2025-08-26 19:26:48
1803,USDJPY,2025-07-12 06:00:00,147.375,147.47,147.339,147.382,0,twelvedata,2025-08-26 19:26:48
1804,USDJPY,2025-07-14 09:00:00,147.49699,147.56799,147.23,147.29601,0,twelvedata,2025-08-26 19:26:48
1805,USDJPY,2025-07-14 10:00:00,147.28999,147.30901,146.914,146.951,0,twelvedata,2025-08-26 19:26:48
1806,USDJPY,2025-07-14 11:00:00,146.94701,147.153,146.847,147.131,0,twelvedata,2025-08-26 19:26:48
1807,USDJPY,2025-07-14 12:00:00,147.12601,147.308,147.085007,147.27499,0,twelvedata,2025-08-26 19:26:48
1808,USDJPY,2025-07-14 13:00:00,147.27499,147.386,147.10201,147.302,0,twelvedata,2025-08-26 19:26:48
1809,USDJPY,2025-07-14 14:00:00,147.302,147.444,147.194,147.375,0,twelvedata,2025-08-26 19:26:48
1810,USDJPY,2025-07-14 15:00:00,147.37,147.48399,147.27901,147.362,0,twelvedata,2025-08-26 19:26:48
1811,USDJPY,2025-07-14 16:00:00,147.36,147.425,147.222,147.256,0,twelvedata,2025-08-26 19:26:48
1812,USDJPY,2025-07-14 17:00:00,147.261,147.371,147.23599,147.366,0,twelvedata,2025-08-26 19:26:48
1813,USDJPY,2025-07-14 18:00:00,147.37199,147.384,147.168,147.31799,0,twelvedata,2025-08-26 19:26:48
1814,USDJPY,2025-07-14 19:00:00,147.31799,147.34599,147.151,147.27901,0,twelvedata,2025-08-26 19:26:48
1815,USDJPY,2025-07-14 20:00:00,147.28101,147.28799,147.147,147.202,0,twelvedata,2025-08-26 19:26:48
1816,USDJPY,2025-07-14 21:00:00,147.2,147.464,147.2,147.407,0,twelvedata,2025-08-26 19:26:48
1817,USDJPY,2025-07-14 22:00:00,147.408,147.444,147.216,147.38901,0,twelvedata,2025-08-26 19:26:48
1818,USDJPY,2025-07-14 23:00:00,147.39,147.487,147.30701,147.354,0,twelvedata,2025-08-26 19:26:48
1819,USDJPY,2025-07-15 00:00:00,147.35001,147.522,147.31599,147.459,0,twelvedata,2025-08-26 19:26:48
1820,USDJPY,2025-07-15 01:00:00,147.46201,147.702,147.433,147.69,0,twelvedata,2025-08-26 19:26:48
1821,USDJPY,2025-07-15 02:00:00,147.69099,147.759,147.65601,147.709,0,twelvedata,2025-08-26 19:26:48
1822,USDJPY,2025-07-15 03:00:00,147.71001,147.76199,147.668,147.715,0,twelvedata,2025-08-26 19:26:48
1823,USDJPY,2025-07-15 04:00:00,147.716,147.765,147.70399,147.76199,0,twelvedata,2025-08-26 19:26:48
1824,USDJPY,2025-07-15 05:00:00,147.761,147.76601,147.702,147.72301,0,twelvedata,2025-08-26 19:26:48
1825,USDJPY,2025-07-15 06:00:00,147.72099,147.78,147.681,147.68401,0,twelvedata,2025-08-26 19:26:48
1826,USDJPY,2025-07-15 07:00:00,147.675,147.74001,147.67,147.69299,0,twelvedata,2025-08-26 19:26:48
1827,USDJPY,2025-07-15 08:00:00,147.709,147.789,147.658,147.767,0,twelvedata,2025-08-26 19:26:48
1828,USDJPY,2025-07-15 09:00:00,147.75999,147.88699,147.759,147.783,0,twelvedata,2025-08-26 19:26:48
1829,USDJPY,2025-07-15 10:00:00,147.78,147.79401,147.55701,147.582,0,twelvedata,2025-08-26 19:26:48
1830,USDJPY,2025-07-15 11:00:00,147.58501,147.8,147.58,147.771,0,twelvedata,2025-08-26 19:26:48
1831,USDJPY,2025-07-15 12:00:00,147.776,147.823,147.59599,147.61099,0,twelvedata,2025-08-26 19:26:48
1832,USDJPY,2025-07-15 13:00:00,147.61,147.685,147.548,147.66701,0,twelvedata,2025-08-26 19:26:48
1833,USDJPY,2025-07-15 14:00:00,147.672,147.713,147.61,147.66299,0,twelvedata,2025-08-26 19:26:48
1834,USDJPY,2025-07-15 15:00:00,147.661,147.67101,147.548,147.567,0,twelvedata,2025-08-26 19:26:48
1835,USDJPY,2025-07-15 16:00:00,147.569,147.748,147.569,147.698,0,twelvedata,2025-08-26 19:26:48
1836,USDJPY,2025-07-15 17:00:00,147.698,147.78799,147.636,147.73399,0,twelvedata,2025-08-26 19:26:48
1837,USDJPY,2025-07-15 18:00:00,147.731,147.767,147.647,147.67599,0,twelvedata,2025-08-26 19:26:48
1838,USDJPY,2025-07-15 19:00:00,147.67101,147.746,147.606,147.70599,0,twelvedata,2025-08-26 19:26:48
1839,USDJPY,2025-07-15 20:00:00,147.707,147.77499,147.65401,147.73,0,twelvedata,2025-08-26 19:26:48
1840,USDJPY,2025-07-15 21:00:00,147.73199,147.95,147.71201,147.909,0,twelvedata,2025-08-26 19:26:48
1841,USDJPY,2025-07-15 22:00:00,147.914,148.14799,147.647,147.894,0,twelvedata,2025-08-26 19:26:48
1842,USDJPY,2025-07-15 23:00:00,147.88699,148.657,147.884,148.58099,0,twelvedata,2025-08-26 19:26:48
1843,USDJPY,2025-07-16 00:00:00,148.576,148.899,148.56599,148.815,0,twelvedata,2025-08-26 19:26:48
1844,USDJPY,2025-07-16 01:00:00,148.81599,149.022995,148.752,148.758,0,twelvedata,2025-08-26 19:26:48
1845,USDJPY,2025-07-16 02:00:00,148.75301,148.981,148.70799,148.895,0,twelvedata,2025-08-26 19:26:48
1846,USDJPY,2025-07-16 03:00:00,148.894,148.996,148.873,148.936,0,twelvedata,2025-08-26 19:26:48
1847,USDJPY,2025-07-16 04:00:00,148.938,148.96201,148.82001,148.85201,0,twelvedata,2025-08-26 19:26:48
1848,USDJPY,2025-07-16 05:00:00,148.851,148.922,148.80299,148.84399,0,twelvedata,2025-08-26 19:26:48
1849,USDJPY,2025-07-16 06:00:00,148.845,148.888,148.823,148.87801,0,twelvedata,2025-08-26 19:26:48
1850,USDJPY,2025-07-16 07:00:00,148.85899,148.901,148.80499,148.82899,0,twelvedata,2025-08-26 19:26:48
1851,USDJPY,2025-07-16 08:00:00,148.842,148.927,148.821,148.88499,0,twelvedata,2025-08-26 19:26:48
1852,USDJPY,2025-07-16 09:00:00,148.87801,148.942,148.718,148.774,0,twelvedata,2025-08-26 19:26:48
1853,USDJPY,2025-07-16 10:00:00,148.78101,149.037994,148.701,148.978,0,twelvedata,2025-08-26 19:26:48
1854,USDJPY,2025-07-16 11:00:00,148.97501,149.035995,148.73399,148.823,0,twelvedata,2025-08-26 19:26:48
1855,USDJPY,2025-07-16 12:00:00,148.821,148.972,148.82001,148.90401,0,twelvedata,2025-08-26 19:26:48
1856,USDJPY,2025-07-16 13:00:00,148.905,149.089005,148.85899,149.035004,0,twelvedata,2025-08-26 19:26:48
1857,USDJPY,2025-07-16 14:00:00,149.033005,149.186,148.908,148.92599,0,twelvedata,2025-08-26 19:26:48
1858,USDJPY,2025-07-16 15:00:00,148.931,148.94901,148.782,148.815,0,twelvedata,2025-08-26 19:26:48
1859,USDJPY,2025-07-16 16:00:00,148.81,148.87199,148.616,148.649,0,twelvedata,2025-08-26 19:26:48
1860,USDJPY,2025-07-16 17:00:00,148.647,148.92799,148.614,148.886,0,twelvedata,2025-08-26 19:26:48
1861,USDJPY,2025-07-16 18:00:00,148.882,148.89999,148.72,148.83701,0,twelvedata,2025-08-26 19:26:48
1862,USDJPY,2025-07-16 19:00:00,148.83299,148.88901,148.649,148.718,0,twelvedata,2025-08-26 19:26:48
1863,USDJPY,2025-07-16 20:00:00,148.718,148.737,148.644,148.71001,0,twelvedata,2025-08-26 19:26:48
1864,USDJPY,2025-07-16 21:00:00,148.714,148.785,148.62199,148.765,0,twelvedata,2025-08-26 19:26:48
1865,USDJPY,2025-07-16 22:00:00,148.765,148.83501,148.464,148.702,0,twelvedata,2025-08-26 19:26:48
1866,USDJPY,2025-07-16 23:00:00,148.705,148.929,148.60001,148.80701,0,twelvedata,2025-08-26 19:26:48
1867,USDJPY,2025-07-17 00:00:00,148.80701,148.85201,148.304,148.47,0,twelvedata,2025-08-26 19:26:48
1868,USDJPY,2025-07-17 01:00:00,148.46899,148.51199,146.90401,148.101,0,twelvedata,2025-08-26 19:26:48
1869,USDJPY,2025-07-17 02:00:00,148.106,148.37801,147.813,148.044006,0,twelvedata,2025-08-26 19:26:48
1870,USDJPY,2025-07-17 03:00:00,148.044006,148.059006,147.483,147.681,0,twelvedata,2025-08-26 19:26:48
1871,USDJPY,2025-07-17 04:00:00,147.679,147.953,147.64,147.94299,0,twelvedata,2025-08-26 19:26:48
1872,USDJPY,2025-07-17 05:00:00,147.94501,148.022995,147.819,147.842,0,twelvedata,2025-08-26 19:26:48
1873,USDJPY,2025-07-17 06:00:00,147.84599,147.914,147.81,147.82401,0,twelvedata,2025-08-26 19:26:48
1874,USDJPY,2025-07-17 07:00:00,147.832,147.87199,147.75301,147.80499,0,twelvedata,2025-08-26 19:26:48
1875,USDJPY,2025-07-17 08:00:00,147.798,147.92999,147.717,147.882,0,twelvedata,2025-08-26 19:26:48
1876,USDJPY,2025-07-17 09:00:00,147.87601,148.070007,147.76199,147.98801,0,twelvedata,2025-08-26 19:26:48
1877,USDJPY,2025-07-17 10:00:00,147.991,148.42599,147.98,148.37801,0,twelvedata,2025-08-26 19:26:48
1878,USDJPY,2025-07-17 11:00:00,148.37801,148.493,148.274,148.339,0,twelvedata,2025-08-26 19:26:48
1879,USDJPY,2025-07-17 12:00:00,148.34399,148.50101,148.339,148.45,0,twelvedata,2025-08-26 19:26:48
1880,USDJPY,2025-07-17 13:00:00,148.451,148.661,148.436,148.545,0,twelvedata,2025-08-26 19:26:48
1881,USDJPY,2025-07-17 14:00:00,148.548,148.61301,148.405,148.416,0,twelvedata,2025-08-26 19:26:48
1882,USDJPY,2025-07-17 15:00:00,148.41901,148.495,148.364,148.48199,0,twelvedata,2025-08-26 19:26:48
1883,USDJPY,2025-07-17 16:00:00,148.478,148.80499,148.44701,148.62801,0,twelvedata,2025-08-26 19:26:48
1884,USDJPY,2025-07-17 17:00:00,148.627,148.767,148.586,148.72099,0,twelvedata,2025-08-26 19:26:48
1885,USDJPY,2025-07-17 18:00:00,148.716,148.785,148.58,148.58299,0,twelvedata,2025-08-26 19:26:48
1886,USDJPY,2025-07-17 19:00:00,148.586,148.77299,148.51801,148.748,0,twelvedata,2025-08-26 19:26:48
1887,USDJPY,2025-07-17 20:00:00,148.74899,148.834,148.61,148.63901,0,twelvedata,2025-08-26 19:26:48
1888,USDJPY,2025-07-17 21:00:00,148.63699,148.80099,148.599,148.767,0,twelvedata,2025-08-26 19:26:48
1889,USDJPY,2025-07-17 22:00:00,148.76199,149.087006,148.59399,148.714,0,twelvedata,2025-08-26 19:26:48
1890,USDJPY,2025-07-17 23:00:00,148.713,148.75301,148.45,148.57401,0,twelvedata,2025-08-26 19:26:48
1891,USDJPY,2025-07-18 00:00:00,148.58501,148.658,148.377,148.481,0,twelvedata,2025-08-26 19:26:48
1892,USDJPY,2025-07-18 01:00:00,148.481,148.61099,148.451,148.552,0,twelvedata,2025-08-26 19:26:48
1893,USDJPY,2025-07-18 02:00:00,148.55299,148.70399,148.47099,148.625,0,twelvedata,2025-08-26 19:26:48
1894,USDJPY,2025-07-18 03:00:00,148.62,148.673,148.556,148.659,0,twelvedata,2025-08-26 19:26:48
1895,USDJPY,2025-07-18 04:00:00,148.655,148.75301,148.64,148.72501,0,twelvedata,2025-08-26 19:26:48
1896,USDJPY,2025-07-18 05:00:00,148.72099,148.75301,148.54601,148.586,0,twelvedata,2025-08-26 19:26:48
1897,USDJPY,2025-07-18 06:00:00,148.58501,148.621,148.533,148.564,0,twelvedata,2025-08-26 19:26:48
1898,USDJPY,2025-07-18 07:00:00,148.567,148.588,148.505,148.507,0,twelvedata,2025-08-26 19:26:48
1899,USDJPY,2025-07-18 08:00:00,148.515,148.567,148.293,148.319,0,twelvedata,2025-08-26 19:26:48
1900,USDJPY,2025-07-18 09:00:00,148.313,148.45399,148.285,148.44501,0,twelvedata,2025-08-26 19:26:48
1901,USDJPY,2025-07-18 10:00:00,148.44299,148.627,148.327,148.58,0,twelvedata,2025-08-26 19:26:48
1902,USDJPY,2025-07-18 11:00:00,148.58099,148.62199,148.37801,148.485,0,twelvedata,2025-08-26 19:26:48
1903,USDJPY,2025-07-18 12:00:00,148.487,148.576,148.408,148.519,0,twelvedata,2025-08-26 19:26:48
1904,USDJPY,2025-07-18 13:00:00,148.51601,148.67,148.472,148.668,0,twelvedata,2025-08-26 19:26:48
1905,USDJPY,2025-07-18 14:00:00,148.66499,148.724,148.614,148.66701,0,twelvedata,2025-08-26 19:26:48
1906,USDJPY,2025-07-18 15:00:00,148.664,148.80901,148.664,148.754,0,twelvedata,2025-08-26 19:26:48
1907,USDJPY,2025-07-18 16:00:00,148.75999,148.83701,148.689,148.74001,0,twelvedata,2025-08-26 19:26:48
1908,USDJPY,2025-07-18 17:00:00,148.741,148.884,148.64799,148.78,0,twelvedata,2025-08-26 19:26:48
1909,USDJPY,2025-07-18 18:00:00,148.77699,148.78101,148.49699,148.58501,0,twelvedata,2025-08-26 19:26:48
1910,USDJPY,2025-07-18 19:00:00,148.595,148.724,148.509,148.70399,0,twelvedata,2025-08-26 19:26:48
1911,USDJPY,2025-07-18 20:00:00,148.70399,148.718,148.494,148.51401,0,twelvedata,2025-08-26 19:26:48
1912,USDJPY,2025-07-18 21:00:00,148.519,148.58299,148.448,148.50301,0,twelvedata,2025-08-26 19:26:48
1913,USDJPY,2025-07-18 22:00:00,148.50101,148.528,148.319,148.356,0,twelvedata,2025-08-26 19:26:48
1914,USDJPY,2025-07-18 23:00:00,148.35899,148.468,148.188,148.258,0,twelvedata,2025-08-26 19:26:48
1915,USDJPY,2025-07-19 00:00:00,148.25999,148.517,148.17999,148.476,0,twelvedata,2025-08-26 19:26:48
1916,USDJPY,2025-07-19 01:00:00,148.479,148.563,148.358,148.549,0,twelvedata,2025-08-26 19:26:48
1917,USDJPY,2025-07-19 02:00:00,148.554,148.73199,148.508,148.687,0,twelvedata,2025-08-26 19:26:48
1918,USDJPY,2025-07-19 03:00:00,148.68401,148.79401,148.64999,148.714,0,twelvedata,2025-08-26 19:26:48
1919,USDJPY,2025-07-19 04:00:00,148.715,148.785,148.696,148.76401,0,twelvedata,2025-08-26 19:26:48
1920,USDJPY,2025-07-19 05:00:00,148.77,148.808,148.73,148.744,0,twelvedata,2025-08-26 19:26:48
1921,USDJPY,2025-07-19 06:00:00,148.744,148.853,148.69099,148.74899,0,twelvedata,2025-08-26 19:26:48
1922,USDJPY,2025-07-21 09:00:00,148.58701,148.66499,148.371,148.453,0,twelvedata,2025-08-26 19:26:48
1923,USDJPY,2025-07-21 10:00:00,148.45,148.48599,148.23599,148.384,0,twelvedata,2025-08-26 19:26:48
1924,USDJPY,2025-07-21 11:00:00,148.38499,148.541,148.328,148.513,0,twelvedata,2025-08-26 19:26:48
1925,USDJPY,2025-07-21 12:00:00,148.51401,148.576,148.433,148.498,0,twelvedata,2025-08-26 19:26:48
1926,USDJPY,2025-07-21 13:00:00,148.49899,148.55901,148.38901,148.47701,0,twelvedata,2025-08-26 19:26:48
1927,USDJPY,2025-07-21 14:00:00,148.45799,148.53999,148.41701,148.444,0,twelvedata,2025-08-26 19:26:48
1928,USDJPY,2025-07-21 15:00:00,148.44,148.485,148.258,148.29601,0,twelvedata,2025-08-26 19:26:48
1929,USDJPY,2025-07-21 16:00:00,148.29601,148.308,147.77,147.933,0,twelvedata,2025-08-26 19:26:48
1930,USDJPY,2025-07-21 17:00:00,147.935,148.245,147.912,148.104,0,twelvedata,2025-08-26 19:26:48
1931,USDJPY,2025-07-21 18:00:00,148.103,148.13499,147.688,147.895,0,twelvedata,2025-08-26 19:26:48
1932,USDJPY,2025-07-21 19:00:00,147.896,147.972,147.843,147.92101,0,twelvedata,2025-08-26 19:26:48
1933,USDJPY,2025-07-21 20:00:00,147.91701,147.97701,147.752,147.755,0,twelvedata,2025-08-26 19:26:48
1934,USDJPY,2025-07-21 21:00:00,147.75301,147.76601,147.504,147.545,0,twelvedata,2025-08-26 19:26:48
1935,USDJPY,2025-07-21 22:00:00,147.54601,147.554,147.328,147.489,0,twelvedata,2025-08-26 19:26:48
1936,USDJPY,2025-07-21 23:00:00,147.494,147.72301,147.49001,147.52699,0,twelvedata,2025-08-26 19:26:48
1937,USDJPY,2025-07-22 00:00:00,147.526,147.547,147.282,147.424,0,twelvedata,2025-08-26 19:26:48
1938,USDJPY,2025-07-22 01:00:00,147.425,147.42799,147.25101,147.269,0,twelvedata,2025-08-26 19:26:48
1939,USDJPY,2025-07-22 02:00:00,147.27,147.332,147.078003,147.158,0,twelvedata,2025-08-26 19:26:48
1940,USDJPY,2025-07-22 03:00:00,147.16299,147.30901,147.11,147.24899,0,twelvedata,2025-08-26 19:26:48
1941,USDJPY,2025-07-22 04:00:00,147.254,147.382,147.214,147.328,0,twelvedata,2025-08-26 19:26:48
1942,USDJPY,2025-07-22 05:00:00,147.326,147.37399,147.26801,147.358,0,twelvedata,2025-08-26 19:26:48
1943,USDJPY,2025-07-22 06:00:00,147.355,147.437,147.325,147.326,0,twelvedata,2025-08-26 19:26:48
1944,USDJPY,2025-07-22 07:00:00,147.313,147.427,147.19299,147.30701,0,twelvedata,2025-08-26 19:26:48
1945,USDJPY,2025-07-22 08:00:00,147.30701,147.414,147.289,147.386,0,twelvedata,2025-08-26 19:26:48
1946,USDJPY,2025-07-22 09:00:00,147.395,147.496,147.386,147.401,0,twelvedata,2025-08-26 19:26:48
1947,USDJPY,2025-07-22 10:00:00,147.396,147.713,147.388,147.48801,0,twelvedata,2025-08-26 19:26:48
1948,USDJPY,2025-07-22 11:00:00,147.48199,147.642,147.448,147.582,0,twelvedata,2025-08-26 19:26:48
1949,USDJPY,2025-07-22 12:00:00,147.57899,147.586,147.407,147.45799,0,twelvedata,2025-08-26 19:26:48
1950,USDJPY,2025-07-22 13:00:00,147.464,147.612,147.414,147.575,0,twelvedata,2025-08-26 19:26:48
1951,USDJPY,2025-07-22 14:00:00,147.57401,147.672,147.534,147.63901,0,twelvedata,2025-08-26 19:26:48
1952,USDJPY,2025-07-22 15:00:00,147.638,147.80901,147.59801,147.77299,0,twelvedata,2025-08-26 19:26:48
1953,USDJPY,2025-07-22 16:00:00,147.767,147.931,147.717,147.817,0,twelvedata,2025-08-26 19:26:48
1954,USDJPY,2025-07-22 17:00:00,147.823,147.94701,147.7,147.705,0,twelvedata,2025-08-26 19:26:48
1955,USDJPY,2025-07-22 18:00:00,147.70599,147.763,147.604,147.614,0,twelvedata,2025-08-26 19:26:48
1956,USDJPY,2025-07-22 19:00:00,147.61501,147.61501,147.41901,147.43201,0,twelvedata,2025-08-26 19:26:48
1957,USDJPY,2025-07-22 20:00:00,147.437,147.556,147.35899,147.535,0,twelvedata,2025-08-26 19:26:48
1958,USDJPY,2025-07-22 21:00:00,147.53101,147.571,147.153,147.192,0,twelvedata,2025-08-26 19:26:48
1959,USDJPY,2025-07-22 22:00:00,147.192,147.254,146.73801,146.80099,0,twelvedata,2025-08-26 19:26:48
1960,USDJPY,2025-07-22 23:00:00,146.798,146.89,146.502,146.573,0,twelvedata,2025-08-26 19:26:48
1961,USDJPY,2025-07-23 00:00:00,146.57401,146.674,146.32001,146.448,0,twelvedata,2025-08-26 19:26:48
1962,USDJPY,2025-07-23 01:00:00,146.446,146.53,146.338,146.367,0,twelvedata,2025-08-26 19:26:48
1963,USDJPY,2025-07-23 02:00:00,146.364,146.47501,146.302,146.422,0,twelvedata,2025-08-26 19:26:48
1964,USDJPY,2025-07-23 03:00:00,146.424,146.586,146.423,146.556,0,twelvedata,2025-08-26 19:26:48
1965,USDJPY,2025-07-23 04:00:00,146.55,146.593,146.52,146.565,0,twelvedata,2025-08-26 19:26:48
1966,USDJPY,2025-07-23 05:00:00,146.56599,146.604,146.487,146.561,0,twelvedata,2025-08-26 19:26:48
1967,USDJPY,2025-07-23 06:00:00,146.562,146.683,146.548,146.62199,0,twelvedata,2025-08-26 19:26:48
1968,USDJPY,2025-07-23 07:00:00,146.62,146.62601,146.556,146.582,0,twelvedata,2025-08-26 19:26:48
1969,USDJPY,2025-07-23 08:00:00,146.593,146.77499,146.567,146.703,0,twelvedata,2025-08-26 19:26:48
1970,USDJPY,2025-07-23 09:00:00,146.688,146.94501,146.242,146.757,0,twelvedata,2025-08-26 19:26:48
1971,USDJPY,2025-07-23 10:00:00,146.76199,146.812,146.194,146.435,0,twelvedata,2025-08-26 19:26:48
1972,USDJPY,2025-07-23 11:00:00,146.43401,146.72501,146.38499,146.605,0,twelvedata,2025-08-26 19:26:48
1973,USDJPY,2025-07-23 12:00:00,146.60899,147.20399,146.416,146.92799,0,twelvedata,2025-08-26 19:26:48
1974,USDJPY,2025-07-23 13:00:00,146.93401,147.018005,146.742,146.925,0,twelvedata,2025-08-26 19:26:48
1975,USDJPY,2025-07-23 14:00:00,146.925,147.076996,146.908,146.944,0,twelvedata,2025-08-26 19:26:48
1976,USDJPY,2025-07-23 15:00:00,146.938,147.207,146.85201,147.15601,0,twelvedata,2025-08-26 19:26:48
1977,USDJPY,2025-07-23 16:00:00,147.159,147.215,146.647,146.858,0,twelvedata,2025-08-26 19:26:48
1978,USDJPY,2025-07-23 17:00:00,146.85699,146.88499,146.593,146.752,0,twelvedata,2025-08-26 19:26:48
1979,USDJPY,2025-07-23 18:00:00,146.748,146.90401,146.63699,146.793,0,twelvedata,2025-08-26 19:26:48
1980,USDJPY,2025-07-23 19:00:00,146.789,146.799,146.46201,146.50101,0,twelvedata,2025-08-26 19:26:48
1981,USDJPY,2025-07-23 20:00:00,146.5,146.549,146.276,146.408,0,twelvedata,2025-08-26 19:26:48
1982,USDJPY,2025-07-23 21:00:00,146.40401,146.41901,146.104,146.202,0,twelvedata,2025-08-26 19:26:48
1983,USDJPY,2025-07-23 22:00:00,146.205,146.498,146.16,146.414,0,twelvedata,2025-08-26 19:26:48
1984,USDJPY,2025-07-23 23:00:00,146.41499,146.729,146.367,146.53999,0,twelvedata,2025-08-26 19:26:48
1985,USDJPY,2025-07-24 00:00:00,146.54401,146.593,146.287,146.416,0,twelvedata,2025-08-26 19:26:48
1986,USDJPY,2025-07-24 01:00:00,146.41701,146.57001,146.23199,146.548,0,twelvedata,2025-08-26 19:26:48
1987,USDJPY,2025-07-24 02:00:00,146.55,146.61501,146.407,146.576,0,twelvedata,2025-08-26 19:26:48
1988,USDJPY,2025-07-24 03:00:00,146.577,146.623,146.47,146.52901,0,twelvedata,2025-08-26 19:26:48
1989,USDJPY,2025-07-24 04:00:00,146.532,146.543,146.367,146.465,0,twelvedata,2025-08-26 19:26:48
1990,USDJPY,2025-07-24 05:00:00,146.465,146.58,146.422,146.52901,0,twelvedata,2025-08-26 19:26:48
1991,USDJPY,2025-07-24 06:00:00,146.53,146.537,146.44701,146.49899,0,twelvedata,2025-08-26 19:26:48
1992,USDJPY,2025-07-24 07:00:00,146.513,146.543,146.34,146.47301,0,twelvedata,2025-08-26 19:26:48
1993,USDJPY,2025-07-24 08:00:00,146.44501,146.517,146.37801,146.444,0,twelvedata,2025-08-26 19:26:48
1994,USDJPY,2025-07-24 09:00:00,146.444,146.451,146.23801,146.347,0,twelvedata,2025-08-26 19:26:48
1995,USDJPY,2025-07-24 10:00:00,146.342,146.492,146.26199,146.427,0,twelvedata,2025-08-26 19:26:48
1996,USDJPY,2025-07-24 11:00:00,146.431,146.437,145.85001,145.933,0,twelvedata,2025-08-26 19:26:48
1997,USDJPY,2025-07-24 12:00:00,145.931,146.153,145.931,146.039001,0,twelvedata,2025-08-26 19:26:48
1998,USDJPY,2025-07-24 13:00:00,146.039001,146.10899,145.894,146.0039978,0,twelvedata,2025-08-26 19:26:48
1999,USDJPY,2025-07-24 14:00:00,146.0050049,146.082001,145.927,146.016998,0,twelvedata,2025-08-26 19:26:48
2000,USDJPY,2025-07-24 15:00:00,146.016006,146.11301,145.952,146.0099945,0,twelvedata,2025-08-26 19:26:48
2001,USDJPY,2025-07-24 16:00:00,146.011993,146.304,145.98599,146.27499,0,twelvedata,2025-08-26 19:26:48
2002,USDJPY,2025-07-24 17:00:00,146.27,146.46001,146.14,146.416,0,twelvedata,2025-08-26 19:26:48
2003,USDJPY,2025-07-24 18:00:00,146.41901,146.56599,146.308,146.545,0,twelvedata,2025-08-26 19:26:48
2004,USDJPY,2025-07-24 19:00:00,146.54601,146.647,146.52,146.554,0,twelvedata,2025-08-26 19:26:48
2005,USDJPY,2025-07-24 20:00:00,146.55499,146.66,146.52299,146.57201,0,twelvedata,2025-08-26 19:26:48
2006,USDJPY,2025-07-24 21:00:00,146.567,146.62399,146.46001,146.479,0,twelvedata,2025-08-26 19:26:48
2007,USDJPY,2025-07-24 22:00:00,146.483,146.832,146.444,146.78999,0,twelvedata,2025-08-26 19:26:48
2008,USDJPY,2025-07-24 23:00:00,146.795,146.873,146.47701,146.54201,0,twelvedata,2025-08-26 19:26:48
2009,USDJPY,2025-07-25 00:00:00,146.539,146.81799,146.353,146.78101,0,twelvedata,2025-08-26 19:26:48
2010,USDJPY,2025-07-25 01:00:00,146.778,146.946,146.73399,146.927,0,twelvedata,2025-08-26 19:26:48
2011,USDJPY,2025-07-25 02:00:00,146.923,146.953,146.78,146.899,0,twelvedata,2025-08-26 19:26:48
2012,USDJPY,2025-07-25 03:00:00,146.90199,146.90199,146.748,146.813,0,twelvedata,2025-08-26 19:26:48
2013,USDJPY,2025-07-25 04:00:00,146.814,146.92999,146.79201,146.918,0,twelvedata,2025-08-26 19:26:48
2014,USDJPY,2025-07-25 05:00:00,146.91701,146.96899,146.847,146.937,0,twelvedata,2025-08-26 19:26:48
2015,USDJPY,2025-07-25 06:00:00,146.933,147.026001,146.881,147.0,0,twelvedata,2025-08-26 19:26:48
2016,USDJPY,2025-07-25 07:00:00,146.993,147.10699,146.937,147.085007,0,twelvedata,2025-08-26 19:26:48
2017,USDJPY,2025-07-25 08:00:00,147.089996,147.233,147.020996,147.033005,0,twelvedata,2025-08-26 19:26:48
2018,USDJPY,2025-07-25 09:00:00,147.052994,147.116,146.95799,147.0010071,0,twelvedata,2025-08-26 19:26:48
2019,USDJPY,2025-07-25 10:00:00,147.003006,147.342,146.98,147.20399,0,twelvedata,2025-08-26 19:26:48
2020,USDJPY,2025-07-25 11:00:00,147.205,147.461,147.157,147.36,0,twelvedata,2025-08-26 19:26:48
2021,USDJPY,2025-07-25 12:00:00,147.36099,147.493,147.34399,147.416,0,twelvedata,2025-08-26 19:26:48
2022,USDJPY,2025-07-25 13:00:00,147.41499,147.438,147.188,147.21899,0,twelvedata,2025-08-26 19:26:48
2023,USDJPY,2025-07-25 14:00:00,147.215,147.27299,147.095993,147.134,0,twelvedata,2025-08-26 19:26:48
2024,USDJPY,2025-07-25 15:00:00,147.136,147.162,146.808,146.933,0,twelvedata,2025-08-26 19:26:48
2025,USDJPY,2025-07-25 16:00:00,146.93401,147.095993,146.845,147.059006,0,twelvedata,2025-08-26 19:26:48
2026,USDJPY,2025-07-25 17:00:00,147.054993,147.41499,147.035995,147.384,0,twelvedata,2025-08-26 19:26:48
2027,USDJPY,2025-07-25 18:00:00,147.379,147.832,147.354,147.754,0,twelvedata,2025-08-26 19:26:48
2028,USDJPY,2025-07-25 19:00:00,147.755,147.894,147.72301,147.866,0,twelvedata,2025-08-26 19:26:48
2029,USDJPY,2025-07-25 20:00:00,147.869,147.90199,147.74699,147.774,0,twelvedata,2025-08-26 19:26:48
2030,USDJPY,2025-07-25 21:00:00,147.772,147.94,147.64,147.674,0,twelvedata,2025-08-26 19:26:48
2031,USDJPY,2025-07-25 22:00:00,147.677,147.936,147.60001,147.856,0,twelvedata,2025-08-26 19:26:48
2032,USDJPY,2025-07-25 23:00:00,147.855,147.92,147.59599,147.66901,0,twelvedata,2025-08-26 19:26:48
2033,USDJPY,2025-07-26 00:00:00,147.666,147.76401,147.52499,147.73,0,twelvedata,2025-08-26 19:26:48
2034,USDJPY,2025-07-26 01:00:00,147.72701,147.806,147.65601,147.783,0,twelvedata,2025-08-26 19:26:48
2035,USDJPY,2025-07-26 02:00:00,147.77699,147.836,147.72501,147.756,0,twelvedata,2025-08-26 19:26:48
2036,USDJPY,2025-07-26 03:00:00,147.761,147.78,147.65199,147.672,0,twelvedata,2025-08-26 19:26:48
2037,USDJPY,2025-07-26 04:00:00,147.673,147.683,147.54401,147.565,0,twelvedata,2025-08-26 19:26:48
2038,USDJPY,2025-07-26 05:00:00,147.56599,147.617,147.52499,147.614,0,twelvedata,2025-08-26 19:26:48
2039,USDJPY,2025-07-26 06:00:00,147.616,147.69099,147.612,147.62199,0,twelvedata,2025-08-26 19:26:48
2040,USDJPY,2025-07-28 09:00:00,147.81,147.877,147.73599,147.785,0,twelvedata,2025-08-26 19:26:48
2041,USDJPY,2025-07-28 10:00:00,147.784,147.813,147.597,147.616,0,twelvedata,2025-08-26 19:26:48
2042,USDJPY,2025-07-28 11:00:00,147.61301,147.877,147.51401,147.866,0,twelvedata,2025-08-26 19:26:48
2043,USDJPY,2025-07-28 12:00:00,147.866,148.022003,147.82201,147.836,0,twelvedata,2025-08-26 19:26:48
2044,USDJPY,2025-07-28 13:00:00,147.83701,147.87,147.68401,147.71001,0,twelvedata,2025-08-26 19:26:48
2045,USDJPY,2025-07-28 14:00:00,147.71201,147.793,147.62199,147.744,0,twelvedata,2025-08-26 19:26:48
2046,USDJPY,2025-07-28 15:00:00,147.745,147.87601,147.728,147.855,0,twelvedata,2025-08-26 19:26:48
2047,USDJPY,2025-07-28 16:00:00,147.858,148.21001,147.83501,148.018997,0,twelvedata,2025-08-26 19:26:48
2048,USDJPY,2025-07-28 17:00:00,148.014008,148.338,147.786,148.29201,0,twelvedata,2025-08-26 19:26:48
2049,USDJPY,2025-07-28 18:00:00,148.29201,148.37399,148.151,148.27,0,twelvedata,2025-08-26 19:26:48
2050,USDJPY,2025-07-28 19:00:00,148.26801,148.414,148.222,148.38499,0,twelvedata,2025-08-26 19:26:48
2051,USDJPY,2025-07-28 20:00:00,148.38699,148.43401,148.28799,148.40601,0,twelvedata,2025-08-26 19:26:48
2052,USDJPY,2025-07-28 21:00:00,148.411,148.44701,148.074005,148.13901,0,twelvedata,2025-08-26 19:26:48
2053,USDJPY,2025-07-28 22:00:00,148.14,148.185,148.026001,148.052002,0,twelvedata,2025-08-26 19:26:48
2054,USDJPY,2025-07-28 23:00:00,148.052002,148.328,147.93401,148.289,0,twelvedata,2025-08-26 19:26:48
2055,USDJPY,2025-07-29 00:00:00,148.291,148.32201,148.093994,148.276,0,twelvedata,2025-08-26 19:26:48
2056,USDJPY,2025-07-29 01:00:00,148.27699,148.495,148.254,148.45599,0,twelvedata,2025-08-26 19:26:48
2057,USDJPY,2025-07-29 02:00:00,148.459,148.52,148.438,148.48599,0,twelvedata,2025-08-26 19:26:48
2058,USDJPY,2025-07-29 03:00:00,148.48399,148.54601,148.38901,148.521,0,twelvedata,2025-08-26 19:26:48
2059,USDJPY,2025-07-29 04:00:00,148.521,148.57899,148.47301,148.55701,0,twelvedata,2025-08-26 19:26:48
2060,USDJPY,2025-07-29 05:00:00,148.55499,148.56,148.51601,148.549,0,twelvedata,2025-08-26 19:26:48
2061,USDJPY,2025-07-29 06:00:00,148.545,148.577,148.429,148.49699,0,twelvedata,2025-08-26 19:26:48
2062,USDJPY,2025-07-29 07:00:00,148.42101,148.561,148.42101,148.541,0,twelvedata,2025-08-26 19:26:48
2063,USDJPY,2025-07-29 08:00:00,148.548,148.58,148.48599,148.51801,0,twelvedata,2025-08-26 19:26:48
2064,USDJPY,2025-07-29 09:00:00,148.5,148.63699,148.452,148.457,0,twelvedata,2025-08-26 19:26:48
2065,USDJPY,2025-07-29 10:00:00,148.452,148.711,148.436,148.68401,0,twelvedata,2025-08-26 19:26:48
2066,USDJPY,2025-07-29 11:00:00,148.68201,148.705,148.46201,148.584,0,twelvedata,2025-08-26 19:26:48
2067,USDJPY,2025-07-29 12:00:00,148.586,148.61501,148.287,148.341,0,twelvedata,2025-08-26 19:26:48
2068,USDJPY,2025-07-29 13:00:00,148.34599,148.45399,148.304,148.373,0,twelvedata,2025-08-26 19:26:48
2069,USDJPY,2025-07-29 14:00:00,148.373,148.498,148.328,148.34801,0,twelvedata,2025-08-26 19:26:48
2070,USDJPY,2025-07-29 15:00:00,148.345,148.407,148.17,148.235,0,twelvedata,2025-08-26 19:26:48
2071,USDJPY,2025-07-29 16:00:00,148.237,148.54201,148.153,148.52,0,twelvedata,2025-08-26 19:26:48
2072,USDJPY,2025-07-29 17:00:00,148.517,148.752,148.48399,148.577,0,twelvedata,2025-08-26 19:26:48
2073,USDJPY,2025-07-29 18:00:00,148.57401,148.606,148.35001,148.549,0,twelvedata,2025-08-26 19:26:48
2074,USDJPY,2025-07-29 19:00:00,148.549,148.575,148.444,148.55099,0,twelvedata,2025-08-26 19:26:48
2075,USDJPY,2025-07-29 20:00:00,148.55,148.61301,148.381,148.54401,0,twelvedata,2025-08-26 19:26:48
2076,USDJPY,2025-07-29 21:00:00,148.543,148.756,148.51199,148.717,0,twelvedata,2025-08-26 19:26:48
2077,USDJPY,2025-07-29 22:00:00,148.716,148.772,148.60001,148.692,0,twelvedata,2025-08-26 19:26:48
2078,USDJPY,2025-07-29 23:00:00,148.7,148.808,148.524,148.554,0,twelvedata,2025-08-26 19:26:48
2079,USDJPY,2025-07-30 00:00:00,148.56,148.748,148.42999,148.472,0,twelvedata,2025-08-26 19:26:48
2080,USDJPY,2025-07-30 01:00:00,148.468,148.623,148.35001,148.571,0,twelvedata,2025-08-26 19:26:48
2081,USDJPY,2025-07-30 02:00:00,148.575,148.603,148.448,148.562,0,twelvedata,2025-08-26 19:26:48
2082,USDJPY,2025-07-30 03:00:00,148.561,148.58501,148.33299,148.489,0,twelvedata,2025-08-26 19:26:48
2083,USDJPY,2025-07-30 04:00:00,148.485,148.55901,148.427,148.429,0,twelvedata,2025-08-26 19:26:48
2084,USDJPY,2025-07-30 05:00:00,148.42799,148.505,148.342,148.50101,0,twelvedata,2025-08-26 19:26:48
2085,USDJPY,2025-07-30 06:00:00,148.5,148.513,148.416,148.418,0,twelvedata,2025-08-26 19:26:48
2086,USDJPY,2025-07-30 07:00:00,148.431,148.48,148.399,148.437,0,twelvedata,2025-08-26 19:26:48
2087,USDJPY,2025-07-30 08:00:00,148.44501,148.496,148.418,148.466,0,twelvedata,2025-08-26 19:26:48
2088,USDJPY,2025-07-30 09:00:00,148.467,148.52499,148.41,148.418,0,twelvedata,2025-08-26 19:26:48
2089,USDJPY,2025-07-30 10:00:00,148.424,148.44901,148.031998,148.056,0,twelvedata,2025-08-26 19:26:48
2090,USDJPY,2025-07-30 11:00:00,148.054993,148.16299,147.94,148.142,0,twelvedata,2025-08-26 19:26:48
2091,USDJPY,2025-07-30 12:00:00,148.136,148.15401,148.026993,148.044006,0,twelvedata,2025-08-26 19:26:48
2092,USDJPY,2025-07-30 13:00:00,148.044006,148.044006,147.843,147.974,0,twelvedata,2025-08-26 19:26:48
2093,USDJPY,2025-07-30 14:00:00,147.97,148.17101,147.96001,148.15401,0,twelvedata,2025-08-26 19:26:48
2094,USDJPY,2025-07-30 15:00:00,148.155,148.172,147.85201,148.024002,0,twelvedata,2025-08-26 19:26:48
2095,USDJPY,2025-07-30 16:00:00,148.028,148.134,147.85699,147.897,0,twelvedata,2025-08-26 19:26:48
2096,USDJPY,2025-07-30 17:00:00,147.897,148.082001,147.798,148.078003,0,twelvedata,2025-08-26 19:26:48
2097,USDJPY,2025-07-30 18:00:00,148.078995,148.118,147.91901,147.96001,0,twelvedata,2025-08-26 19:26:48
2098,USDJPY,2025-07-30 19:00:00,147.95599,148.070007,147.85201,148.035004,0,twelvedata,2025-08-26 19:26:48
2099,USDJPY,2025-07-30 20:00:00,148.035995,148.29401,147.97701,148.17101,0,twelvedata,2025-08-26 19:26:48
2100,USDJPY,2025-07-30 21:00:00,148.17,148.35899,148.10899,148.31,0,twelvedata,2025-08-26 19:26:48
2101,USDJPY,2025-07-30 22:00:00,148.311,148.88699,148.25999,148.847,0,twelvedata,2025-08-26 19:26:48
2102,USDJPY,2025-07-30 23:00:00,148.851,149.105,148.826,149.050995,0,twelvedata,2025-08-26 19:26:48
2103,USDJPY,2025-07-31 00:00:00,149.048996,149.057007,148.867,148.92101,0,twelvedata,2025-08-26 19:26:48
2104,USDJPY,2025-07-31 01:00:00,148.922,149.114,148.842,149.076004,0,twelvedata,2025-08-26 19:26:48
2105,USDJPY,2025-07-31 02:00:00,149.072998,149.132,148.923,148.93401,0,twelvedata,2025-08-26 19:26:48
2106,USDJPY,2025-07-31 03:00:00,148.92999,148.933,148.76601,148.78999,0,twelvedata,2025-08-26 19:26:48
2107,USDJPY,2025-07-31 04:00:00,148.767,149.354,148.51801,149.347,0,twelvedata,2025-08-26 19:26:48
2108,USDJPY,2025-07-31 05:00:00,149.35001,149.438,149.22,149.408,0,twelvedata,2025-08-26 19:26:48
2109,USDJPY,2025-07-31 06:00:00,149.412,149.554,149.358,149.47701,0,twelvedata,2025-08-26 19:26:48
2110,USDJPY,2025-07-31 07:00:00,149.491,149.492,149.41701,149.44701,0,twelvedata,2025-08-26 19:26:48
2111,USDJPY,2025-07-31 08:00:00,149.451,149.466,149.291,149.315,0,twelvedata,2025-08-26 19:26:48
2112,USDJPY,2025-07-31 09:00:00,149.312,149.394,149.203,149.22,0,twelvedata,2025-08-26 19:26:48
2113,USDJPY,2025-07-31 10:00:00,149.22501,149.39301,149.172,149.30299,0,twelvedata,2025-08-26 19:26:48
2114,USDJPY,2025-07-31 11:00:00,149.30099,149.34,148.96201,148.974,0,twelvedata,2025-08-26 19:26:48
2115,USDJPY,2025-07-31 12:00:00,148.974,149.0,148.634,148.83299,0,twelvedata,2025-08-26 19:26:48
2116,USDJPY,2025-07-31 13:00:00,148.83501,148.92,148.582,148.745,0,twelvedata,2025-08-26 19:26:48
2117,USDJPY,2025-07-31 14:00:00,148.746,148.95799,148.729,148.886,0,twelvedata,2025-08-26 19:26:48
2118,USDJPY,2025-07-31 15:00:00,148.886,148.92599,148.73801,148.785,0,twelvedata,2025-08-26 19:26:48
2119,USDJPY,2025-07-31 16:00:00,148.786,149.091995,148.67999,148.87801,0,twelvedata,2025-08-26 19:26:48
2120,USDJPY,2025-07-31 17:00:00,148.875,149.722,148.84801,149.396,0,twelvedata,2025-08-26 19:26:48
2121,USDJPY,2025-07-31 18:00:00,149.396,149.7,149.293,149.62801,0,twelvedata,2025-08-26 19:26:48
2122,USDJPY,2025-07-31 19:00:00,149.634,149.959,149.618,149.94701,0,twelvedata,2025-08-26 19:26:48
2123,USDJPY,2025-07-31 20:00:00,149.94901,150.046997,149.866,149.944,0,twelvedata,2025-08-26 19:26:48
2124,USDJPY,2025-07-31 21:00:00,149.942,150.103,149.808,149.87601,0,twelvedata,2025-08-26 19:26:48
2125,USDJPY,2025-07-31 22:00:00,149.877,150.259,149.80701,150.187,0,twelvedata,2025-08-26 19:26:48
2126,USDJPY,2025-07-31 23:00:00,150.189,150.584,150.173,150.567,0,twelvedata,2025-08-26 19:26:48
2127,USDJPY,2025-08-01 00:00:00,150.561,150.634,150.37199,150.478,0,twelvedata,2025-08-26 19:26:48
2128,USDJPY,2025-08-01 01:00:00,150.47701,150.603,150.343,150.601,0,twelvedata,2025-08-26 19:26:48
2129,USDJPY,2025-08-01 02:00:00,150.601,150.78999,150.589,150.685,0,twelvedata,2025-08-26 19:26:48
2130,USDJPY,2025-08-01 03:00:00,150.681,150.724,150.55499,150.661,0,twelvedata,2025-08-26 19:26:48
2131,USDJPY,2025-08-01 04:00:00,150.662,150.786,150.659,150.758,0,twelvedata,2025-08-26 19:26:48
2132,USDJPY,2025-08-01 05:00:00,150.757,150.802,150.687,150.797,0,twelvedata,2025-08-26 19:26:48
2133,USDJPY,2025-08-01 06:00:00,150.79401,150.842,150.711,150.729,0,twelvedata,2025-08-26 19:26:48
2134,USDJPY,2025-08-01 07:00:00,150.72099,150.74001,150.66,150.698,0,twelvedata,2025-08-26 19:26:48
2135,USDJPY,2025-08-01 08:00:00,150.69701,150.797,150.673,150.713,0,twelvedata,2025-08-26 19:26:48
2136,USDJPY,2025-08-01 09:00:00,150.739,150.882,150.63499,150.808,0,twelvedata,2025-08-26 19:26:48
2137,USDJPY,2025-08-01 10:00:00,150.80701,150.894,150.59,150.737,0,twelvedata,2025-08-26 19:26:48
2138,USDJPY,2025-08-01 11:00:00,150.737,150.91901,150.627,150.90199,0,twelvedata,2025-08-26 19:26:48
2139,USDJPY,2025-08-01 12:00:00,150.901,150.91299,150.69901,150.757,0,twelvedata,2025-08-26 19:26:48
2140,USDJPY,2025-08-01 13:00:00,150.76401,150.778,150.548,150.588,0,twelvedata,2025-08-26 19:26:48
2141,USDJPY,2025-08-01 14:00:00,150.589,150.66,150.54601,150.60699,0,twelvedata,2025-08-26 19:26:48
2142,USDJPY,2025-08-01 15:00:00,150.60201,150.66,150.41,150.47501,0,twelvedata,2025-08-26 19:26:48
2143,USDJPY,2025-08-01 16:00:00,150.47501,150.649,150.444,150.60201,0,twelvedata,2025-08-26 19:26:48
2144,USDJPY,2025-08-01 17:00:00,150.605,150.62199,150.45,150.533,0,twelvedata,2025-08-26 19:26:48
2145,USDJPY,2025-08-01 18:00:00,150.537,150.627,150.504,150.61,0,twelvedata,2025-08-26 19:26:48
2146,USDJPY,2025-08-01 19:00:00,150.605,150.63,150.41499,150.509,0,twelvedata,2025-08-26 19:26:48
2147,USDJPY,2025-08-01 20:00:00,150.50301,150.513,150.319,150.35899,0,twelvedata,2025-08-26 19:26:48
2148,USDJPY,2025-08-01 21:00:00,150.355,150.52901,150.278,150.52,0,twelvedata,2025-08-26 19:26:48
2149,USDJPY,2025-08-01 22:00:00,150.51401,150.597,148.56,148.634,0,twelvedata,2025-08-26 19:26:48
2150,USDJPY,2025-08-01 23:00:00,148.634,148.661,147.983,148.132,0,twelvedata,2025-08-26 19:26:48
2151,USDJPY,2025-08-02 00:00:00,148.134,148.22501,147.478,148.089005,0,twelvedata,2025-08-26 19:26:48
2152,USDJPY,2025-08-02 01:00:00,148.085007,148.185,147.923,148.054993,0,twelvedata,2025-08-26 19:26:48
2153,USDJPY,2025-08-02 02:00:00,148.056,148.10899,147.778,147.828,0,twelvedata,2025-08-26 19:26:48
2154,USDJPY,2025-08-02 03:00:00,147.82201,147.95,147.724,147.87601,0,twelvedata,2025-08-26 19:26:48
2155,USDJPY,2025-08-02 04:00:00,147.87801,147.901,147.67799,147.85201,0,twelvedata,2025-08-26 19:26:48
2156,USDJPY,2025-08-02 05:00:00,147.85001,147.862,147.32201,147.438,0,twelvedata,2025-08-26 19:26:48
2157,USDJPY,2025-08-02 06:00:00,147.436,147.459,147.28799,147.375,0,twelvedata,2025-08-26 19:26:48
2158,USDJPY,2025-08-04 09:00:00,147.242,147.38499,147.112,147.345,0,twelvedata,2025-08-26 19:26:48
2159,USDJPY,2025-08-04 10:00:00,147.343,147.69299,147.26601,147.65199,0,twelvedata,2025-08-26 19:26:48
2160,USDJPY,2025-08-04 11:00:00,147.655,147.907,147.618,147.75999,0,twelvedata,2025-08-26 19:26:48
2161,USDJPY,2025-08-04 12:00:00,147.765,147.867,147.62199,147.79401,0,twelvedata,2025-08-26 19:26:48
2162,USDJPY,2025-08-04 13:00:00,147.795,147.795,147.584,147.692,0,twelvedata,2025-08-26 19:26:48
2163,USDJPY,2025-08-04 14:00:00,147.689,147.71001,147.55,147.686,0,twelvedata,2025-08-26 19:26:48
2164,USDJPY,2025-08-04 15:00:00,147.681,147.87199,147.64999,147.78,0,twelvedata,2025-08-26 19:26:48
2165,USDJPY,2025-08-04 16:00:00,147.78101,147.847,147.528,147.636,0,twelvedata,2025-08-26 19:26:48
2166,USDJPY,2025-08-04 17:00:00,147.644,148.044998,147.592,147.882,0,twelvedata,2025-08-26 19:26:48
2167,USDJPY,2025-08-04 18:00:00,147.881,148.087997,147.858,147.895,0,twelvedata,2025-08-26 19:26:48
2168,USDJPY,2025-08-04 19:00:00,147.894,147.94501,147.675,147.812,0,twelvedata,2025-08-26 19:26:48
2169,USDJPY,2025-08-04 20:00:00,147.812,147.854,147.56,147.57401,0,twelvedata,2025-08-26 19:26:48
2170,USDJPY,2025-08-04 21:00:00,147.577,147.59801,147.339,147.34399,0,twelvedata,2025-08-26 19:26:48
2171,USDJPY,2025-08-04 22:00:00,147.343,147.439,147.0019989,147.19,0,twelvedata,2025-08-26 19:26:48
2172,USDJPY,2025-08-04 23:00:00,147.187,147.319,146.952,147.087997,0,twelvedata,2025-08-26 19:26:48
2173,USDJPY,2025-08-05 00:00:00,147.085999,147.26199,146.86,147.23,0,twelvedata,2025-08-26 19:26:48
2174,USDJPY,2025-08-05 01:00:00,147.229,147.355,147.039993,147.093002,0,twelvedata,2025-08-26 19:26:48
2175,USDJPY,2025-08-05 02:00:00,147.097,147.217,147.0,147.037003,0,twelvedata,2025-08-26 19:26:48
2176,USDJPY,2025-08-05 03:00:00,147.035995,147.097,146.95599,146.96899,0,twelvedata,2025-08-26 19:26:48
2177,USDJPY,2025-08-05 04:00:00,146.968,147.0070038,146.907,146.946,0,twelvedata,2025-08-26 19:26:48
2178,USDJPY,2025-08-05 05:00:00,146.946,147.059006,146.908,147.028,0,twelvedata,2025-08-26 19:26:48
2179,USDJPY,2025-08-05 06:00:00,147.029007,147.114,146.95,147.067993,0,twelvedata,2025-08-26 19:26:48
2180,USDJPY,2025-08-05 07:00:00,147.074005,147.166,147.0099945,147.070999,0,twelvedata,2025-08-26 19:26:48
2181,USDJPY,2025-08-05 08:00:00,147.087997,147.10201,146.873,146.933,0,twelvedata,2025-08-26 19:26:48
2182,USDJPY,2025-08-05 09:00:00,146.907,146.93201,146.692,146.791,0,twelvedata,2025-08-26 19:26:48
2183,USDJPY,2025-08-05 10:00:00,146.78999,147.035995,146.616,146.92599,0,twelvedata,2025-08-26 19:26:48
2184,USDJPY,2025-08-05 11:00:00,146.92599,147.114,146.87801,147.050995,0,twelvedata,2025-08-26 19:26:48
2185,USDJPY,2025-08-05 12:00:00,147.042999,147.229,147.035004,147.187,0,twelvedata,2025-08-26 19:26:48
2186,USDJPY,2025-08-05 13:00:00,147.18401,147.261,147.127,147.216,0,twelvedata,2025-08-26 19:26:48
2187,USDJPY,2025-08-05 14:00:00,147.215,147.26199,147.0,147.084,0,twelvedata,2025-08-26 19:26:48
2188,USDJPY,2025-08-05 15:00:00,147.084,147.241,147.054001,147.173,0,twelvedata,2025-08-26 19:26:48
2189,USDJPY,2025-08-05 16:00:00,147.16901,147.342,147.026993,147.325,0,twelvedata,2025-08-26 19:26:48
2190,USDJPY,2025-08-05 17:00:00,147.326,147.487,147.15199,147.383,0,twelvedata,2025-08-26 19:26:48
2191,USDJPY,2025-08-05 18:00:00,147.388,147.63499,147.33099,147.584,0,twelvedata,2025-08-26 19:26:48
2192,USDJPY,2025-08-05 19:00:00,147.57899,147.63901,147.44701,147.627,0,twelvedata,2025-08-26 19:26:48
2193,USDJPY,2025-08-05 20:00:00,147.62399,147.78,147.578,147.616,0,twelvedata,2025-08-26 19:26:48
2194,USDJPY,2025-08-05 21:00:00,147.616,147.696,147.54401,147.633,0,twelvedata,2025-08-26 19:26:48
2195,USDJPY,2025-08-05 22:00:00,147.631,147.757,147.53999,147.66,0,twelvedata,2025-08-26 19:26:48
2196,USDJPY,2025-08-05 23:00:00,147.662,147.83501,147.502,147.73,0,twelvedata,2025-08-26 19:26:48
2197,USDJPY,2025-08-06 00:00:00,147.73,147.73199,147.35001,147.448,0,twelvedata,2025-08-26 19:26:48
2198,USDJPY,2025-08-06 01:00:00,147.45,147.57001,147.30299,147.496,0,twelvedata,2025-08-26 19:26:48
2199,USDJPY,2025-08-06 02:00:00,147.495,147.592,147.424,147.54601,0,twelvedata,2025-08-26 19:26:48
2200,USDJPY,2025-08-06 03:00:00,147.54201,147.65601,147.483,147.616,0,twelvedata,2025-08-26 19:26:48
2201,USDJPY,2025-08-06 04:00:00,147.616,147.681,147.588,147.604,0,twelvedata,2025-08-26 19:26:48
2202,USDJPY,2025-08-06 05:00:00,147.60899,147.70399,147.578,147.60899,0,twelvedata,2025-08-26 19:26:48
2203,USDJPY,2025-08-06 06:00:00,147.608,147.62,147.496,147.601,0,twelvedata,2025-08-26 19:26:48
2204,USDJPY,2025-08-06 07:00:00,147.601,147.601,147.498,147.564,0,twelvedata,2025-08-26 19:26:48
2205,USDJPY,2025-08-06 08:00:00,147.564,147.638,147.54201,147.558,0,twelvedata,2025-08-26 19:26:48
2206,USDJPY,2025-08-06 09:00:00,147.55901,147.646,147.51401,147.52699,0,twelvedata,2025-08-26 19:26:48
2207,USDJPY,2025-08-06 10:00:00,147.522,147.62199,147.44501,147.584,0,twelvedata,2025-08-26 19:26:48
2208,USDJPY,2025-08-06 11:00:00,147.58501,147.729,147.58,147.69501,0,twelvedata,2025-08-26 19:26:48
2209,USDJPY,2025-08-06 12:00:00,147.69501,147.74899,147.524,147.55701,0,twelvedata,2025-08-26 19:26:48
2210,USDJPY,2025-08-06 13:00:00,147.55701,147.558,147.328,147.395,0,twelvedata,2025-08-26 19:26:48
2211,USDJPY,2025-08-06 14:00:00,147.399,147.44701,147.302,147.342,0,twelvedata,2025-08-26 19:26:48
2212,USDJPY,2025-08-06 15:00:00,147.342,147.54401,147.33099,147.452,0,twelvedata,2025-08-26 19:26:48
2213,USDJPY,2025-08-06 16:00:00,147.45,147.55099,147.36,147.55,0,twelvedata,2025-08-26 19:26:48
2214,USDJPY,2025-08-06 17:00:00,147.54601,147.69299,147.53,147.55901,0,twelvedata,2025-08-26 19:26:48
2215,USDJPY,2025-08-06 18:00:00,147.563,147.845,147.552,147.802,0,twelvedata,2025-08-26 19:26:48
2216,USDJPY,2025-08-06 19:00:00,147.81,147.886,147.705,147.823,0,twelvedata,2025-08-26 19:26:48
2217,USDJPY,2025-08-06 20:00:00,147.82001,147.841,147.556,147.58,0,twelvedata,2025-08-26 19:26:48
2218,USDJPY,2025-08-06 21:00:00,147.58099,147.655,147.436,147.535,0,twelvedata,2025-08-26 19:26:48
2219,USDJPY,2025-08-06 22:00:00,147.53799,147.59399,147.40601,147.442,0,twelvedata,2025-08-26 19:26:48
2220,USDJPY,2025-08-06 23:00:00,147.439,147.453,147.23599,147.24001,0,twelvedata,2025-08-26 19:26:48
2221,USDJPY,2025-08-07 00:00:00,147.246,147.44099,147.244,147.39,0,twelvedata,2025-08-26 19:26:48
2222,USDJPY,2025-08-07 01:00:00,147.38901,147.66499,147.20799,147.256,0,twelvedata,2025-08-26 19:26:48
2223,USDJPY,2025-08-07 02:00:00,147.26199,147.42,147.211,147.342,0,twelvedata,2025-08-26 19:26:48
2224,USDJPY,2025-08-07 03:00:00,147.349,147.405,147.214,147.242,0,twelvedata,2025-08-26 19:26:48
2225,USDJPY,2025-08-07 04:00:00,147.23599,147.276,146.972,147.067001,0,twelvedata,2025-08-26 19:26:48
2226,USDJPY,2025-08-07 05:00:00,147.067993,147.187,147.061996,147.17799,0,twelvedata,2025-08-26 19:26:48
2227,USDJPY,2025-08-07 06:00:00,147.18201,147.634,147.16,147.353,0,twelvedata,2025-08-26 19:26:48
2228,USDJPY,2025-08-07 07:00:00,147.36,147.452,147.297,147.33099,0,twelvedata,2025-08-26 19:26:48
2229,USDJPY,2025-08-07 08:00:00,147.32899,147.35699,147.194,147.222,0,twelvedata,2025-08-26 19:26:48
2230,USDJPY,2025-08-07 09:00:00,147.214,147.25301,147.145,147.189,0,twelvedata,2025-08-26 19:26:48
2231,USDJPY,2025-08-07 10:00:00,147.19501,147.60001,147.16701,147.58299,0,twelvedata,2025-08-26 19:26:48
2232,USDJPY,2025-08-07 11:00:00,147.582,147.686,147.476,147.493,0,twelvedata,2025-08-26 19:26:48
2233,USDJPY,2025-08-07 12:00:00,147.49001,147.577,147.44,147.56,0,twelvedata,2025-08-26 19:26:48
2234,USDJPY,2025-08-07 13:00:00,147.561,147.711,147.476,147.50999,0,twelvedata,2025-08-26 19:26:48
2235,USDJPY,2025-08-07 14:00:00,147.50999,147.534,147.26401,147.3,0,twelvedata,2025-08-26 19:26:48
2236,USDJPY,2025-08-07 15:00:00,147.3,147.34599,147.21001,147.278,0,twelvedata,2025-08-26 19:26:48
2237,USDJPY,2025-08-07 16:00:00,147.27699,147.30499,146.79601,146.855,0,twelvedata,2025-08-26 19:26:48
2238,USDJPY,2025-08-07 17:00:00,146.85001,146.963,146.688,146.8,0,twelvedata,2025-08-26 19:26:48
2239,USDJPY,2025-08-07 18:00:00,146.804,147.183,146.77699,147.12801,0,twelvedata,2025-08-26 19:26:48
2240,USDJPY,2025-08-07 19:00:00,147.131,147.353,147.11,147.34,0,twelvedata,2025-08-26 19:26:48
2241,USDJPY,2025-08-07 20:00:00,147.34399,147.403,147.278,147.326,0,twelvedata,2025-08-26 19:26:48
2242,USDJPY,2025-08-07 21:00:00,147.325,147.494,147.25301,147.30901,0,twelvedata,2025-08-26 19:26:48
2243,USDJPY,2025-08-07 22:00:00,147.312,147.392,147.014008,147.282,0,twelvedata,2025-08-26 19:26:48
2244,USDJPY,2025-08-07 23:00:00,147.285,147.319,147.105,147.271,0,twelvedata,2025-08-26 19:26:48
2245,USDJPY,2025-08-08 00:00:00,147.269,147.543,147.192,147.487,0,twelvedata,2025-08-26 19:26:48
2246,USDJPY,2025-08-08 01:00:00,147.492,147.58501,147.32001,147.36099,0,twelvedata,2025-08-26 19:26:48
2247,USDJPY,2025-08-08 02:00:00,147.36301,147.436,147.299,147.35899,0,twelvedata,2025-08-26 19:26:48
2248,USDJPY,2025-08-08 03:00:00,147.35899,147.47,147.356,147.418,0,twelvedata,2025-08-26 19:26:48
2249,USDJPY,2025-08-08 04:00:00,147.42101,147.56799,147.382,147.562,0,twelvedata,2025-08-26 19:26:48
2250,USDJPY,2025-08-08 05:00:00,147.56,147.567,146.942,147.080002,0,twelvedata,2025-08-26 19:26:48
2251,USDJPY,2025-08-08 06:00:00,147.082001,147.157,146.95399,147.095001,0,twelvedata,2025-08-26 19:26:48
2252,USDJPY,2025-08-08 07:00:00,147.098007,147.121,146.99899,147.028,0,twelvedata,2025-08-26 19:26:48
2253,USDJPY,2025-08-08 08:00:00,147.024994,147.059998,146.80701,146.924,0,twelvedata,2025-08-26 19:26:48
2254,USDJPY,2025-08-08 09:00:00,146.94501,146.957,146.755,146.804,0,twelvedata,2025-08-26 19:26:48
2255,USDJPY,2025-08-08 10:00:00,146.80099,147.194,146.716,147.14799,0,twelvedata,2025-08-26 19:26:48
2256,USDJPY,2025-08-08 11:00:00,147.144,147.37399,147.129,147.286,0,twelvedata,2025-08-26 19:26:48
2257,USDJPY,2025-08-08 12:00:00,147.282,147.313,147.14999,147.19501,0,twelvedata,2025-08-26 19:26:48
2258,USDJPY,2025-08-08 13:00:00,147.19701,147.308,147.162,147.187,0,twelvedata,2025-08-26 19:26:48
2259,USDJPY,2025-08-08 14:00:00,147.186,147.211,147.112,147.157,0,twelvedata,2025-08-26 19:26:48
2260,USDJPY,2025-08-08 15:00:00,147.159,147.42101,147.144,147.412,0,twelvedata,2025-08-26 19:26:48
2261,USDJPY,2025-08-08 16:00:00,147.407,147.451,147.244,147.327,0,twelvedata,2025-08-26 19:26:48
2262,USDJPY,2025-08-08 17:00:00,147.323,147.395,147.132,147.32401,0,twelvedata,2025-08-26 19:26:48
2263,USDJPY,2025-08-08 18:00:00,147.32201,147.69701,147.15601,147.646,0,twelvedata,2025-08-26 19:26:48
2264,USDJPY,2025-08-08 19:00:00,147.647,147.726,147.53999,147.70399,0,twelvedata,2025-08-26 19:26:48
2265,USDJPY,2025-08-08 20:00:00,147.70599,147.83701,147.638,147.798,0,twelvedata,2025-08-26 19:26:48
2266,USDJPY,2025-08-08 21:00:00,147.802,147.85001,147.707,147.814,0,twelvedata,2025-08-26 19:26:48
2267,USDJPY,2025-08-08 22:00:00,147.81,147.892,147.633,147.845,0,twelvedata,2025-08-26 19:26:48
2268,USDJPY,2025-08-08 23:00:00,147.838,147.90199,147.64,147.879,0,twelvedata,2025-08-26 19:26:48
2269,USDJPY,2025-08-09 00:00:00,147.87801,147.90401,147.688,147.813,0,twelvedata,2025-08-26 19:26:48
2270,USDJPY,2025-08-09 01:00:00,147.81599,147.83299,147.63,147.705,0,twelvedata,2025-08-26 19:26:48
2271,USDJPY,2025-08-09 02:00:00,147.707,147.836,147.674,147.73399,0,twelvedata,2025-08-26 19:26:48
2272,USDJPY,2025-08-09 03:00:00,147.73399,147.75101,147.65401,147.74001,0,twelvedata,2025-08-26 19:26:48
2273,USDJPY,2025-08-09 04:00:00,147.74699,147.77699,147.627,147.66499,0,twelvedata,2025-08-26 19:26:48
2274,USDJPY,2025-08-09 05:00:00,147.662,147.819,147.642,147.75301,0,twelvedata,2025-08-26 19:26:48
2275,USDJPY,2025-08-09 06:00:00,147.754,147.80499,147.651,147.69299,0,twelvedata,2025-08-26 19:26:48
2276,USDJPY,2025-08-11 09:00:00,147.726,147.771,147.62,147.65199,0,twelvedata,2025-08-26 19:26:48
2277,USDJPY,2025-08-11 10:00:00,147.649,147.74001,147.56799,147.662,0,twelvedata,2025-08-26 19:26:48
2278,USDJPY,2025-08-11 11:00:00,147.659,147.716,147.586,147.61501,0,twelvedata,2025-08-26 19:26:48
2279,USDJPY,2025-08-11 12:00:00,147.612,147.618,147.517,147.55499,0,twelvedata,2025-08-26 19:26:48
2280,USDJPY,2025-08-11 13:00:00,147.556,147.60201,147.427,147.47501,0,twelvedata,2025-08-26 19:26:48
2281,USDJPY,2025-08-11 14:00:00,147.476,147.495,147.422,147.48199,0,twelvedata,2025-08-26 19:26:48
2282,USDJPY,2025-08-11 15:00:00,147.481,147.533,147.468,147.522,0,twelvedata,2025-08-26 19:26:48
2283,USDJPY,2025-08-11 16:00:00,147.51601,147.60899,147.46899,147.592,0,twelvedata,2025-08-26 19:26:48
2284,USDJPY,2025-08-11 17:00:00,147.592,147.662,147.35001,147.38901,0,twelvedata,2025-08-26 19:26:48
2285,USDJPY,2025-08-11 18:00:00,147.38699,147.549,147.347,147.506,0,twelvedata,2025-08-26 19:26:48
2286,USDJPY,2025-08-11 19:00:00,147.502,147.707,147.48199,147.68401,0,twelvedata,2025-08-26 19:26:48
2287,USDJPY,2025-08-11 20:00:00,147.685,147.744,147.661,147.735,0,twelvedata,2025-08-26 19:26:48
2288,USDJPY,2025-08-11 21:00:00,147.73599,147.94701,147.716,147.86099,0,twelvedata,2025-08-26 19:26:48
2289,USDJPY,2025-08-11 22:00:00,147.866,147.95,147.804,147.806,0,twelvedata,2025-08-26 19:26:48
2290,USDJPY,2025-08-11 23:00:00,147.804,147.944,147.782,147.88699,0,twelvedata,2025-08-26 19:26:48
2291,USDJPY,2025-08-12 00:00:00,147.886,148.072998,147.869,148.046997,0,twelvedata,2025-08-26 19:26:48
2292,USDJPY,2025-08-12 01:00:00,148.048004,148.11301,147.94,147.99699,0,twelvedata,2025-08-26 19:26:48
2293,USDJPY,2025-08-12 02:00:00,147.995,148.029999,147.908,147.989,0,twelvedata,2025-08-26 19:26:48
2294,USDJPY,2025-08-12 03:00:00,147.98801,148.067993,147.967,147.993,0,twelvedata,2025-08-26 19:26:48
2295,USDJPY,2025-08-12 04:00:00,147.994,148.166,147.976,148.136,0,twelvedata,2025-08-26 19:26:48
2296,USDJPY,2025-08-12 05:00:00,148.13,148.24001,148.116,148.229,0,twelvedata,2025-08-26 19:26:48
2297,USDJPY,2025-08-12 06:00:00,148.22701,148.252,148.089996,148.13901,0,twelvedata,2025-08-26 19:26:48
2298,USDJPY,2025-08-12 07:00:00,148.14101,148.157,147.923,148.098999,0,twelvedata,2025-08-26 19:26:48
2299,USDJPY,2025-08-12 08:00:00,148.098999,148.23399,148.084,148.19,0,twelvedata,2025-08-26 19:26:48
2300,USDJPY,2025-08-12 09:00:00,148.19,148.22099,148.114,148.15199,0,twelvedata,2025-08-26 19:26:48
2301,USDJPY,2025-08-12 10:00:00,148.146,148.433,148.12801,148.405,0,twelvedata,2025-08-26 19:26:48
2302,USDJPY,2025-08-12 11:00:00,148.40601,148.40601,148.20399,148.3,0,twelvedata,2025-08-26 19:26:48
2303,USDJPY,2025-08-12 12:00:00,148.30099,148.343,148.254,148.29601,0,twelvedata,2025-08-26 19:26:48
2304,USDJPY,2025-08-12 13:00:00,148.295,148.444,148.26401,148.41,0,twelvedata,2025-08-26 19:26:48
2305,USDJPY,2025-08-12 14:00:00,148.411,148.44501,148.341,148.353,0,twelvedata,2025-08-26 19:26:48
2306,USDJPY,2025-08-12 15:00:00,148.349,148.40199,148.23199,148.339,0,twelvedata,2025-08-26 19:26:48
2307,USDJPY,2025-08-12 16:00:00,148.336,148.403,148.146,148.26601,0,twelvedata,2025-08-26 19:26:48
2308,USDJPY,2025-08-12 17:00:00,148.27299,148.368,148.202,148.26401,0,twelvedata,2025-08-26 19:26:48
2309,USDJPY,2025-08-12 18:00:00,148.25999,148.466,148.256,148.423,0,twelvedata,2025-08-26 19:26:48
2310,USDJPY,2025-08-12 19:00:00,148.423,148.485,148.347,148.468,0,twelvedata,2025-08-26 19:26:48
2311,USDJPY,2025-08-12 20:00:00,148.468,148.481,148.364,148.465,0,twelvedata,2025-08-26 19:26:48
2312,USDJPY,2025-08-12 21:00:00,148.463,148.494,148.438,148.44299,0,twelvedata,2025-08-26 19:26:48
2313,USDJPY,2025-08-12 22:00:00,148.438,148.519,147.841,148.039001,0,twelvedata,2025-08-26 19:26:48
2314,USDJPY,2025-08-12 23:00:00,148.033005,148.44701,147.90401,148.205,0,twelvedata,2025-08-26 19:26:48
2315,USDJPY,2025-08-13 00:00:00,148.205,148.401,148.070007,148.157,0,twelvedata,2025-08-26 19:26:48
2316,USDJPY,2025-08-13 01:00:00,148.159,148.177,147.57401,147.80499,0,twelvedata,2025-08-26 19:26:48
2317,USDJPY,2025-08-13 02:00:00,147.806,147.862,147.655,147.713,0,twelvedata,2025-08-26 19:26:48
2318,USDJPY,2025-08-13 03:00:00,147.711,147.79401,147.685,147.75999,0,twelvedata,2025-08-26 19:26:48
2319,USDJPY,2025-08-13 04:00:00,147.76401,147.80499,147.69,147.737,0,twelvedata,2025-08-26 19:26:48
2320,USDJPY,2025-08-13 05:00:00,147.73801,147.787,147.694,147.756,0,twelvedata,2025-08-26 19:26:48
2321,USDJPY,2025-08-13 06:00:00,147.757,147.87601,147.741,147.83501,0,twelvedata,2025-08-26 19:26:48
2322,USDJPY,2025-08-13 07:00:00,147.819,147.858,147.69099,147.834,0,twelvedata,2025-08-26 19:26:48
2323,USDJPY,2025-08-13 08:00:00,147.82001,147.84399,147.755,147.784,0,twelvedata,2025-08-26 19:26:48
2324,USDJPY,2025-08-13 09:00:00,147.793,147.82001,147.73,147.77,0,twelvedata,2025-08-26 19:26:48
2325,USDJPY,2025-08-13 10:00:00,147.769,147.894,147.698,147.80499,0,twelvedata,2025-08-26 19:26:48
2326,USDJPY,2025-08-13 11:00:00,147.80099,148.087006,147.728,148.056,0,twelvedata,2025-08-26 19:26:48
2327,USDJPY,2025-08-13 12:00:00,148.054993,148.16901,148.022003,148.044006,0,twelvedata,2025-08-26 19:26:48
2328,USDJPY,2025-08-13 13:00:00,148.046005,148.108,147.95599,147.996,0,twelvedata,2025-08-26 19:26:48
2329,USDJPY,2025-08-13 14:00:00,147.998,148.101,147.927,147.931,0,twelvedata,2025-08-26 19:26:48
2330,USDJPY,2025-08-13 15:00:00,147.92999,148.0090027,147.89101,147.92999,0,twelvedata,2025-08-26 19:26:48
2331,USDJPY,2025-08-13 16:00:00,147.929,147.948,147.716,147.78101,0,twelvedata,2025-08-26 19:26:48
2332,USDJPY,2025-08-13 17:00:00,147.783,147.795,147.39799,147.524,0,twelvedata,2025-08-26 19:26:48
2333,USDJPY,2025-08-13 18:00:00,147.52699,147.535,147.196,147.26801,0,twelvedata,2025-08-26 19:26:48
2334,USDJPY,2025-08-13 19:00:00,147.26401,147.27,147.174,147.21201,0,twelvedata,2025-08-26 19:26:48
2335,USDJPY,2025-08-13 20:00:00,147.214,147.418,147.188,147.409,0,twelvedata,2025-08-26 19:26:48
2336,USDJPY,2025-08-13 21:00:00,147.408,147.56599,147.269,147.278,0,twelvedata,2025-08-26 19:26:48
2337,USDJPY,2025-08-13 22:00:00,147.27901,147.491,147.15199,147.41,0,twelvedata,2025-08-26 19:26:48
2338,USDJPY,2025-08-13 23:00:00,147.409,147.43401,147.188,147.203,0,twelvedata,2025-08-26 19:26:48
2339,USDJPY,2025-08-14 00:00:00,147.19701,147.25,147.098999,147.145,0,twelvedata,2025-08-26 19:26:48
2340,USDJPY,2025-08-14 01:00:00,147.144,147.312,147.087006,147.24899,0,twelvedata,2025-08-26 19:26:48
2341,USDJPY,2025-08-14 02:00:00,147.246,147.351,147.21001,147.341,0,twelvedata,2025-08-26 19:26:48
2342,USDJPY,2025-08-14 03:00:00,147.345,147.424,147.314,147.388,0,twelvedata,2025-08-26 19:26:48
2343,USDJPY,2025-08-14 04:00:00,147.386,147.513,147.384,147.431,0,twelvedata,2025-08-26 19:26:48
2344,USDJPY,2025-08-14 05:00:00,147.43401,147.47501,147.38,147.442,0,twelvedata,2025-08-26 19:26:48
2345,USDJPY,2025-08-14 06:00:00,147.44501,147.457,147.31599,147.355,0,twelvedata,2025-08-26 19:26:48
2346,USDJPY,2025-08-14 07:00:00,147.36099,147.39799,147.23,147.24899,0,twelvedata,2025-08-26 19:26:48
2347,USDJPY,2025-08-14 08:00:00,147.274,147.362,147.243,147.259,0,twelvedata,2025-08-26 19:26:48
2348,USDJPY,2025-08-14 09:00:00,147.256,147.259,147.108,147.123,0,twelvedata,2025-08-26 19:26:48
2349,USDJPY,2025-08-14 10:00:00,147.12199,147.123,146.616,146.688,0,twelvedata,2025-08-26 19:26:48
2350,USDJPY,2025-08-14 11:00:00,146.688,146.69299,146.369,146.495,0,twelvedata,2025-08-26 19:26:48
2351,USDJPY,2025-08-14 12:00:00,146.493,146.735,146.493,146.7,0,twelvedata,2025-08-26 19:26:48
2352,USDJPY,2025-08-14 13:00:00,146.696,146.75101,146.537,146.54401,0,twelvedata,2025-08-26 19:26:48
2353,USDJPY,2025-08-14 14:00:00,146.54201,146.56599,146.332,146.383,0,twelvedata,2025-08-26 19:26:48
2354,USDJPY,2025-08-14 15:00:00,146.384,146.57001,146.38,146.468,0,twelvedata,2025-08-26 19:26:48
2355,USDJPY,2025-08-14 16:00:00,146.467,146.52699,146.21001,146.48399,0,twelvedata,2025-08-26 19:26:48
2356,USDJPY,2025-08-14 17:00:00,146.481,146.584,146.308,146.548,0,twelvedata,2025-08-26 19:26:48
2357,USDJPY,2025-08-14 18:00:00,146.547,146.633,146.42,146.552,0,twelvedata,2025-08-26 19:26:48
2358,USDJPY,2025-08-14 19:00:00,146.55099,146.653,146.433,146.631,0,twelvedata,2025-08-26 19:26:48
2359,USDJPY,2025-08-14 20:00:00,146.63,146.67,146.429,146.526,0,twelvedata,2025-08-26 19:26:48
2360,USDJPY,2025-08-14 21:00:00,146.524,146.629,146.431,146.493,0,twelvedata,2025-08-26 19:26:48
2361,USDJPY,2025-08-14 22:00:00,146.492,147.106,146.422,146.95,0,twelvedata,2025-08-26 19:26:48
2362,USDJPY,2025-08-14 23:00:00,146.95399,147.418,146.94501,147.41499,0,twelvedata,2025-08-26 19:26:48
2363,USDJPY,2025-08-15 00:00:00,147.411,147.558,147.36099,147.48199,0,twelvedata,2025-08-26 19:26:48
2364,USDJPY,2025-08-15 01:00:00,147.48199,147.804,147.47,147.69099,0,twelvedata,2025-08-26 19:26:48
2365,USDJPY,2025-08-15 02:00:00,147.692,147.892,147.68401,147.845,0,twelvedata,2025-08-26 19:26:48
2366,USDJPY,2025-08-15 03:00:00,147.847,147.908,147.74699,147.866,0,twelvedata,2025-08-26 19:26:48
2367,USDJPY,2025-08-15 04:00:00,147.864,147.96201,147.84801,147.877,0,twelvedata,2025-08-26 19:26:48
2368,USDJPY,2025-08-15 05:00:00,147.87199,147.88,147.76199,147.774,0,twelvedata,2025-08-26 19:26:48
2369,USDJPY,2025-08-15 06:00:00,147.77499,147.784,147.718,147.75301,0,twelvedata,2025-08-26 19:26:48
2370,USDJPY,2025-08-15 07:00:00,147.739,147.85201,147.694,147.761,0,twelvedata,2025-08-26 19:26:48
2371,USDJPY,2025-08-15 08:00:00,147.76801,147.80901,147.73399,147.786,0,twelvedata,2025-08-26 19:26:48
2372,USDJPY,2025-08-15 09:00:00,147.776,147.868,147.657,147.679,0,twelvedata,2025-08-26 19:26:48
2373,USDJPY,2025-08-15 10:00:00,147.68201,147.72701,147.46201,147.483,0,twelvedata,2025-08-26 19:26:48
2374,USDJPY,2025-08-15 11:00:00,147.476,147.515,147.198,147.285,0,twelvedata,2025-08-26 19:26:48
2375,USDJPY,2025-08-15 12:00:00,147.282,147.394,147.248,147.284,0,twelvedata,2025-08-26 19:26:48
2376,USDJPY,2025-08-15 13:00:00,147.284,147.297,147.174,147.22701,0,twelvedata,2025-08-26 19:26:48
2377,USDJPY,2025-08-15 14:00:00,147.226,147.233,147.11,147.134,0,twelvedata,2025-08-26 19:26:48
2378,USDJPY,2025-08-15 15:00:00,147.13901,147.173,147.042007,147.15199,0,twelvedata,2025-08-26 19:26:48
2379,USDJPY,2025-08-15 16:00:00,147.146,147.22301,147.044998,147.095001,0,twelvedata,2025-08-26 19:26:48
2380,USDJPY,2025-08-15 17:00:00,147.093994,147.22301,146.976,147.0050049,0,twelvedata,2025-08-26 19:26:48
2381,USDJPY,2025-08-15 18:00:00,147.003006,147.014008,146.84801,146.85201,0,twelvedata,2025-08-26 19:26:48
2382,USDJPY,2025-08-15 19:00:00,146.855,146.912,146.754,146.892,0,twelvedata,2025-08-26 19:26:48
2383,USDJPY,2025-08-15 20:00:00,146.88901,146.97,146.798,146.952,0,twelvedata,2025-08-26 19:26:48
2384,USDJPY,2025-08-15 21:00:00,146.94901,147.054001,146.90199,146.98,0,twelvedata,2025-08-26 19:26:48
2385,USDJPY,2025-08-15 22:00:00,146.983,147.28,146.73399,146.89,0,twelvedata,2025-08-26 19:26:48
2386,USDJPY,2025-08-15 23:00:00,146.882,147.098999,146.76401,146.961,0,twelvedata,2025-08-26 19:26:48
2387,USDJPY,2025-08-16 00:00:00,146.96001,147.048996,146.79601,146.85001,0,twelvedata,2025-08-26 19:26:48
2388,USDJPY,2025-08-16 01:00:00,146.851,147.046005,146.81,147.0059967,0,twelvedata,2025-08-26 19:26:48
2389,USDJPY,2025-08-16 02:00:00,147.0,147.26401,146.99899,147.201,0,twelvedata,2025-08-26 19:26:48
2390,USDJPY,2025-08-16 03:00:00,147.196,147.332,147.19501,147.23801,0,twelvedata,2025-08-26 19:26:48
2391,USDJPY,2025-08-16 04:00:00,147.233,147.30901,147.198,147.211,0,twelvedata,2025-08-26 19:26:48
2392,USDJPY,2025-08-16 05:00:00,147.211,147.25301,147.188,147.239,0,twelvedata,2025-08-26 19:26:48
2393,USDJPY,2025-08-16 06:00:00,147.235,147.256,147.138,147.177,0,twelvedata,2025-08-26 19:26:48
2394,USDJPY,2025-08-18 09:00:00,147.17,147.38499,147.161,147.233,0,twelvedata,2025-08-26 19:26:48
2395,USDJPY,2025-08-18 10:00:00,147.226,147.463,147.22099,147.42101,0,twelvedata,2025-08-26 19:26:48
2396,USDJPY,2025-08-18 11:00:00,147.42101,147.584,147.328,147.33,0,twelvedata,2025-08-26 19:26:48
2397,USDJPY,2025-08-18 12:00:00,147.328,147.52499,147.29401,147.46201,0,twelvedata,2025-08-26 19:26:48
2398,USDJPY,2025-08-18 13:00:00,147.452,147.48399,147.33,147.383,0,twelvedata,2025-08-26 19:26:48
2399,USDJPY,2025-08-18 14:00:00,147.38,147.507,147.34801,147.373,0,twelvedata,2025-08-26 19:26:48
2400,USDJPY,2025-08-18 15:00:00,147.373,147.455,147.33,147.38,0,twelvedata,2025-08-26 19:26:48
2401,USDJPY,2025-08-18 16:00:00,147.379,147.49899,147.315,147.37801,0,twelvedata,2025-08-26 19:26:48
2402,USDJPY,2025-08-18 17:00:00,147.37,147.47,147.11301,147.448,0,twelvedata,2025-08-26 19:26:48
2403,USDJPY,2025-08-18 18:00:00,147.448,147.521,147.246,147.336,0,twelvedata,2025-08-26 19:26:48
2404,USDJPY,2025-08-18 19:00:00,147.336,147.47301,147.27299,147.408,0,twelvedata,2025-08-26 19:26:48
2405,USDJPY,2025-08-18 20:00:00,147.411,147.46899,147.358,147.42101,0,twelvedata,2025-08-26 19:26:48
2406,USDJPY,2025-08-18 21:00:00,147.42,147.57401,147.35899,147.548,0,twelvedata,2025-08-26 19:26:48
2407,USDJPY,2025-08-18 22:00:00,147.547,147.79401,147.51199,147.728,0,twelvedata,2025-08-26 19:26:48
2408,USDJPY,2025-08-18 23:00:00,147.728,147.92,147.70799,147.82001,0,twelvedata,2025-08-26 19:26:48
2409,USDJPY,2025-08-19 00:00:00,147.81,147.98,147.68201,147.936,0,twelvedata,2025-08-26 19:26:48
2410,USDJPY,2025-08-19 01:00:00,147.936,147.985,147.73,147.754,0,twelvedata,2025-08-26 19:26:48
2411,USDJPY,2025-08-19 02:00:00,147.754,147.80701,147.674,147.78999,0,twelvedata,2025-08-26 19:26:48
2412,USDJPY,2025-08-19 03:00:00,147.78999,147.825,147.65401,147.797,0,twelvedata,2025-08-26 19:26:48
2413,USDJPY,2025-08-19 04:00:00,147.797,147.864,147.735,147.85899,0,twelvedata,2025-08-26 19:26:48
2414,USDJPY,2025-08-19 05:00:00,147.85699,147.886,147.819,147.819,0,twelvedata,2025-08-26 19:26:48
2415,USDJPY,2025-08-19 06:00:00,147.819,147.925,147.80099,147.869,0,twelvedata,2025-08-26 19:26:48
2416,USDJPY,2025-08-19 07:00:00,147.87,147.87,147.71201,147.80299,0,twelvedata,2025-08-26 19:26:48
2417,USDJPY,2025-08-19 08:00:00,147.798,147.88499,147.752,147.854,0,twelvedata,2025-08-26 19:26:48
2418,USDJPY,2025-08-19 09:00:00,147.871,147.981,147.871,147.916,0,twelvedata,2025-08-26 19:26:48
2419,USDJPY,2025-08-19 10:00:00,147.916,147.98199,147.767,147.776,0,twelvedata,2025-08-26 19:26:48
2420,USDJPY,2025-08-19 11:00:00,147.771,148.11301,147.61501,147.746,0,twelvedata,2025-08-26 19:26:48
2421,USDJPY,2025-08-19 12:00:00,147.74001,147.827,147.65601,147.80299,0,twelvedata,2025-08-26 19:26:48
2422,USDJPY,2025-08-19 13:00:00,147.81,147.87801,147.718,147.82401,0,twelvedata,2025-08-26 19:26:48
2423,USDJPY,2025-08-19 14:00:00,147.83,147.875,147.73599,147.754,0,twelvedata,2025-08-26 19:26:48
2424,USDJPY,2025-08-19 15:00:00,147.75999,147.778,147.608,147.63901,0,twelvedata,2025-08-26 19:26:48
2425,USDJPY,2025-08-19 16:00:00,147.642,147.707,147.56599,147.595,0,twelvedata,2025-08-26 19:26:48
2426,USDJPY,2025-08-19 17:00:00,147.59801,147.71001,147.52699,147.69901,0,twelvedata,2025-08-26 19:26:48
2427,USDJPY,2025-08-19 18:00:00,147.70399,147.75,147.617,147.664,0,twelvedata,2025-08-26 19:26:48
2428,USDJPY,2025-08-19 19:00:00,147.659,147.813,147.617,147.76401,0,twelvedata,2025-08-26 19:26:48
2429,USDJPY,2025-08-19 20:00:00,147.76401,147.77,147.59599,147.713,0,twelvedata,2025-08-26 19:26:48
2430,USDJPY,2025-08-19 21:00:00,147.705,147.82001,147.642,147.70599,0,twelvedata,2025-08-26 19:26:48
2431,USDJPY,2025-08-19 22:00:00,147.70599,147.853,147.689,147.776,0,twelvedata,2025-08-26 19:26:48
2432,USDJPY,2025-08-19 23:00:00,147.776,147.903,147.631,147.647,0,twelvedata,2025-08-26 19:26:48
2433,USDJPY,2025-08-20 00:00:00,147.647,147.80701,147.547,147.726,0,twelvedata,2025-08-26 19:26:48
2434,USDJPY,2025-08-20 01:00:00,147.73199,147.791,147.62399,147.726,0,twelvedata,2025-08-26 19:26:48
2435,USDJPY,2025-08-20 02:00:00,147.726,147.726,147.549,147.619,0,twelvedata,2025-08-26 19:26:48
2436,USDJPY,2025-08-20 03:00:00,147.619,147.647,147.439,147.472,0,twelvedata,2025-08-26 19:26:48
2437,USDJPY,2025-08-20 04:00:00,147.46899,147.578,147.446,147.507,0,twelvedata,2025-08-26 19:26:48
2438,USDJPY,2025-08-20 05:00:00,147.507,147.58701,147.45399,147.578,0,twelvedata,2025-08-26 19:26:48
2439,USDJPY,2025-08-20 06:00:00,147.578,147.698,147.578,147.655,0,twelvedata,2025-08-26 19:26:48
2440,USDJPY,2025-08-20 07:00:00,147.662,147.66499,147.55099,147.55099,0,twelvedata,2025-08-26 19:26:48
2441,USDJPY,2025-08-20 08:00:00,147.563,147.647,147.54601,147.59599,0,twelvedata,2025-08-26 19:26:48
2442,USDJPY,2025-08-20 09:00:00,147.59399,147.756,147.589,147.739,0,twelvedata,2025-08-26 19:26:48
2443,USDJPY,2025-08-20 10:00:00,147.733,147.817,147.49899,147.56799,0,twelvedata,2025-08-26 19:26:48
2444,USDJPY,2025-08-20 11:00:00,147.56799,147.666,147.416,147.49699,0,twelvedata,2025-08-26 19:26:48
2445,USDJPY,2025-08-20 12:00:00,147.492,147.62199,147.465,147.57899,0,twelvedata,2025-08-26 19:26:48
2446,USDJPY,2025-08-20 13:00:00,147.573,147.591,147.44901,147.526,0,twelvedata,2025-08-26 19:26:48
2447,USDJPY,2025-08-20 14:00:00,147.522,147.608,147.45,147.575,0,twelvedata,2025-08-26 19:26:48
2448,USDJPY,2025-08-20 15:00:00,147.575,147.58099,147.399,147.455,0,twelvedata,2025-08-26 19:26:48
2449,USDJPY,2025-08-20 16:00:00,147.45599,147.476,147.132,147.37199,0,twelvedata,2025-08-26 19:26:48
2450,USDJPY,2025-08-20 17:00:00,147.37801,147.696,147.32401,147.621,0,twelvedata,2025-08-26 19:26:48
2451,USDJPY,2025-08-20 18:00:00,147.62199,147.647,147.51801,147.582,0,twelvedata,2025-08-26 19:26:48
2452,USDJPY,2025-08-20 19:00:00,147.58,147.591,147.41701,147.47301,0,twelvedata,2025-08-26 19:26:48
2453,USDJPY,2025-08-20 20:00:00,147.47301,147.494,147.36301,147.451,0,twelvedata,2025-08-26 19:26:48
2454,USDJPY,2025-08-20 21:00:00,147.446,147.547,147.412,147.533,0,twelvedata,2025-08-26 19:26:48
2455,USDJPY,2025-08-20 22:00:00,147.533,147.539,147.235,147.27,0,twelvedata,2025-08-26 19:26:48
2456,USDJPY,2025-08-20 23:00:00,147.27,147.44,147.078003,147.145,0,twelvedata,2025-08-26 19:26:48
2457,USDJPY,2025-08-21 00:00:00,147.15199,147.255,146.866,146.995,0,twelvedata,2025-08-26 19:26:48
2458,USDJPY,2025-08-21 01:00:00,146.99001,147.211,146.944,147.19,0,twelvedata,2025-08-26 19:26:48
2459,USDJPY,2025-08-21 02:00:00,147.19,147.231,147.091995,147.11099,0,twelvedata,2025-08-26 19:26:48
2460,USDJPY,2025-08-21 03:00:00,147.11301,147.14101,147.0070038,147.022995,0,twelvedata,2025-08-26 19:26:48
2461,USDJPY,2025-08-21 04:00:00,147.020004,147.287,146.993,147.269,0,twelvedata,2025-08-26 19:26:48
2462,USDJPY,2025-08-21 05:00:00,147.26601,147.35699,147.23199,147.342,0,twelvedata,2025-08-26 19:26:48
2463,USDJPY,2025-08-21 06:00:00,147.33299,147.493,147.28101,147.30901,0,twelvedata,2025-08-26 19:26:48
2464,USDJPY,2025-08-21 07:00:00,147.311,147.334,147.258,147.293,0,twelvedata,2025-08-26 19:26:48
2465,USDJPY,2025-08-21 08:00:00,147.29601,147.37,147.248,147.339,0,twelvedata,2025-08-26 19:26:48
2466,USDJPY,2025-08-21 09:00:00,147.339,147.41299,147.29201,147.297,0,twelvedata,2025-08-26 19:26:48
2467,USDJPY,2025-08-21 10:00:00,147.298,147.46201,147.24899,147.383,0,twelvedata,2025-08-26 19:26:48
2468,USDJPY,2025-08-21 11:00:00,147.381,147.507,147.30701,147.42101,0,twelvedata,2025-08-26 19:26:48
2469,USDJPY,2025-08-21 12:00:00,147.424,147.45399,147.25,147.33701,0,twelvedata,2025-08-26 19:26:48
2470,USDJPY,2025-08-21 13:00:00,147.33701,147.44701,147.283,147.41901,0,twelvedata,2025-08-26 19:26:48
2471,USDJPY,2025-08-21 14:00:00,147.414,147.42999,147.341,147.381,0,twelvedata,2025-08-26 19:26:48
2472,USDJPY,2025-08-21 15:00:00,147.382,147.5,147.364,147.422,0,twelvedata,2025-08-26 19:26:48
2473,USDJPY,2025-08-21 16:00:00,147.423,147.57899,147.33299,147.55901,0,twelvedata,2025-08-26 19:26:48
2474,USDJPY,2025-08-21 17:00:00,147.55901,147.63901,147.506,147.59,0,twelvedata,2025-08-26 19:26:48
2475,USDJPY,2025-08-21 18:00:00,147.59,147.62601,147.55099,147.582,0,twelvedata,2025-08-26 19:26:48
2476,USDJPY,2025-08-21 19:00:00,147.58501,147.69701,147.474,147.66499,0,twelvedata,2025-08-26 19:26:48
2477,USDJPY,2025-08-21 20:00:00,147.67,147.89101,147.65601,147.84801,0,twelvedata,2025-08-26 19:26:48
2478,USDJPY,2025-08-21 21:00:00,147.836,147.933,147.81599,147.924,0,twelvedata,2025-08-26 19:26:48
2479,USDJPY,2025-08-21 22:00:00,147.91901,147.92999,147.575,147.75,0,twelvedata,2025-08-26 19:26:48
2480,USDJPY,2025-08-21 23:00:00,147.74899,147.94099,147.578,147.789,0,twelvedata,2025-08-26 19:26:48
2481,USDJPY,2025-08-22 00:00:00,147.79401,148.17,147.789,148.15199,0,twelvedata,2025-08-26 19:26:48
2482,USDJPY,2025-08-22 01:00:00,148.15601,148.403,148.072998,148.353,0,twelvedata,2025-08-26 19:26:48
2483,USDJPY,2025-08-22 02:00:00,148.35201,148.395,148.272,148.282,0,twelvedata,2025-08-26 19:26:48
2484,USDJPY,2025-08-22 03:00:00,148.282,148.306,148.16499,148.272,0,twelvedata,2025-08-26 19:26:48
2485,USDJPY,2025-08-22 04:00:00,148.26601,148.34801,148.22701,148.341,0,twelvedata,2025-08-26 19:26:48
2486,USDJPY,2025-08-22 05:00:00,148.347,148.407,148.339,148.371,0,twelvedata,2025-08-26 19:26:48
2487,USDJPY,2025-08-22 06:00:00,148.371,148.38499,148.315,148.35201,0,twelvedata,2025-08-26 19:26:48
2488,USDJPY,2025-08-22 07:00:00,148.36301,148.381,148.215,148.349,0,twelvedata,2025-08-26 19:26:48
2489,USDJPY,2025-08-22 08:00:00,148.342,148.37801,148.312,148.328,0,twelvedata,2025-08-26 19:26:48
2490,USDJPY,2025-08-22 09:00:00,148.328,148.45399,148.28799,148.386,0,twelvedata,2025-08-26 19:26:48
2491,USDJPY,2025-08-22 10:00:00,148.379,148.506,148.27499,148.46899,0,twelvedata,2025-08-26 19:26:48
2492,USDJPY,2025-08-22 11:00:00,148.47,148.685,148.405,148.54401,0,twelvedata,2025-08-26 19:26:48
2493,USDJPY,2025-08-22 12:00:00,148.54401,148.56,148.451,148.48801,0,twelvedata,2025-08-26 19:26:48
2494,USDJPY,2025-08-22 13:00:00,148.48399,148.717,148.478,148.67,0,twelvedata,2025-08-26 19:26:48
2495,USDJPY,2025-08-22 14:00:00,148.666,148.763,148.63901,148.745,0,twelvedata,2025-08-26 19:26:48
2496,USDJPY,2025-08-22 15:00:00,148.739,148.778,148.59399,148.657,0,twelvedata,2025-08-26 19:26:48
2497,USDJPY,2025-08-22 16:00:00,148.659,148.70799,148.416,148.51199,0,twelvedata,2025-08-26 19:26:48
2498,USDJPY,2025-08-22 17:00:00,148.50999,148.62199,148.40601,148.601,0,twelvedata,2025-08-26 19:26:48
2499,USDJPY,2025-08-22 18:00:00,148.604,148.675,148.53999,148.634,0,twelvedata,2025-08-26 19:26:48
2500,USDJPY,2025-08-22 19:00:00,148.632,148.71001,148.595,148.707,0,twelvedata,2025-08-26 19:26:48
2501,USDJPY,2025-08-22 20:00:00,148.69299,148.73399,148.61501,148.627,0,twelvedata,2025-08-26 19:26:48
2502,USDJPY,2025-08-22 21:00:00,148.627,148.74001,148.592,148.71001,0,twelvedata,2025-08-26 19:26:48
2503,USDJPY,2025-08-22 22:00:00,148.709,148.722,148.597,148.70599,0,twelvedata,2025-08-26 19:26:48
2504,USDJPY,2025-08-22 23:00:00,148.69901,148.72,148.48801,148.599,0,twelvedata,2025-08-26 19:26:48
2505,USDJPY,2025-08-23 00:00:00,148.599,148.603,146.80099,146.853,0,twelvedata,2025-08-26 19:26:48
2506,USDJPY,2025-08-23 01:00:00,146.849,146.896,146.56799,146.81799,0,twelvedata,2025-08-26 19:26:48
2507,USDJPY,2025-08-23 02:00:00,146.827,146.851,146.642,146.70799,0,twelvedata,2025-08-26 19:26:48
2508,USDJPY,2025-08-23 03:00:00,146.702,146.73801,146.57201,146.63699,0,twelvedata,2025-08-26 19:26:48
2509,USDJPY,2025-08-23 04:00:00,146.645,146.875,146.599,146.85899,0,twelvedata,2025-08-26 19:26:48
2510,USDJPY,2025-08-23 05:00:00,146.86501,147.0010071,146.839,146.963,0,twelvedata,2025-08-26 19:26:48
2511,USDJPY,2025-08-23 06:00:00,146.965,146.98801,146.86099,146.903,0,twelvedata,2025-08-26 19:26:48
2512,USDJPY,2025-08-25 09:00:00,147.063004,147.306,147.039001,147.263,0,twelvedata,2025-08-26 19:26:48
2513,USDJPY,2025-08-25 10:00:00,147.26199,147.52699,147.243,147.38499,0,twelvedata,2025-08-26 19:26:48
2514,USDJPY,2025-08-25 11:00:00,147.38499,147.461,147.248,147.397,0,twelvedata,2025-08-26 19:26:48
2515,USDJPY,2025-08-25 12:00:00,147.39101,147.515,147.388,147.433,0,twelvedata,2025-08-26 19:26:48
2516,USDJPY,2025-08-25 13:00:00,147.433,147.437,147.299,147.33701,0,twelvedata,2025-08-26 19:26:48
2517,USDJPY,2025-08-25 14:00:00,147.33501,147.358,147.2,147.228,0,twelvedata,2025-08-26 19:26:48
2518,USDJPY,2025-08-25 15:00:00,147.23,147.37601,147.226,147.29601,0,twelvedata,2025-08-26 19:26:48
2519,USDJPY,2025-08-25 16:00:00,147.29401,147.319,147.091995,147.16499,0,twelvedata,2025-08-26 19:26:48
2520,USDJPY,2025-08-25 17:00:00,147.158,147.371,147.134,147.33099,0,twelvedata,2025-08-26 19:26:48
2521,USDJPY,2025-08-25 18:00:00,147.33099,147.369,147.25,147.286,0,twelvedata,2025-08-26 19:26:48
2522,USDJPY,2025-08-25 19:00:00,147.28101,147.383,147.216,147.343,0,twelvedata,2025-08-26 19:26:48
2523,USDJPY,2025-08-25 20:00:00,147.343,147.448,147.31599,147.439,0,twelvedata,2025-08-26 19:26:48
2524,USDJPY,2025-08-25 21:00:00,147.43401,147.446,147.27699,147.31599,0,twelvedata,2025-08-26 19:26:48
2525,USDJPY,2025-08-25 22:00:00,147.32201,147.452,147.30701,147.381,0,twelvedata,2025-08-26 19:26:48
2526,USDJPY,2025-08-25 23:00:00,147.375,147.54601,147.299,147.299,0,twelvedata,2025-08-26 19:26:48
2527,USDJPY,2025-08-26 00:00:00,147.314,147.495,147.285,147.489,0,twelvedata,2025-08-26 19:26:48
