id,symbol,timestamp,open,high,low,close,volume,source,created_at
358,XAUUSD,2025-06-27 00:00:00,3319.97998,3325.3,3312.85,3318.5,0,twelvedata,2025-08-26 19:26:43
359,XAUUSD,2025-06-27 01:00:00,3318.56006,3325.3,3318.56006,3324.55,0,twelvedata,2025-08-26 19:26:43
360,XAUUSD,2025-06-27 02:00:00,3326.37012,3335.1,3325.70996,3331.48999,0,twelvedata,2025-08-26 19:26:43
361,XAUUSD,2025-06-27 03:00:00,3331.47998,3337.3,3331.30005,3332.88989,0,twelvedata,2025-08-26 19:26:43
362,XAUUSD,2025-06-27 04:00:00,3332.45996,3334.91992,3331.37012,3334.17993,0,twelvedata,2025-08-26 19:26:43
363,XAUUSD,2025-06-27 05:00:00,3334.18994,3334.37012,3328.42993,3331.37012,0,twelvedata,2025-08-26 19:26:43
364,XAUUSD,2025-06-27 06:00:00,3331.44995,3333.2,3327.78003,3328.09,0,twelvedata,2025-08-26 19:26:43
365,XAUUSD,2025-06-27 07:00:00,3326.7,3329.0,3324.9,3325.9,0,twelvedata,2025-08-26 19:26:43
366,XAUUSD,2025-06-27 08:00:00,3326.33,3327.8,3318.63,3321.35,0,twelvedata,2025-08-26 19:26:43
367,XAUUSD,2025-06-27 09:00:00,3321.3,3323.58,3316.26,3318.66,0,twelvedata,2025-08-26 19:26:43
368,XAUUSD,2025-06-27 10:00:00,3318.81,3319.72,3313.32,3318.98999,0,twelvedata,2025-08-26 19:26:43
369,XAUUSD,2025-06-27 11:00:00,3318.8999,3323.8,3315.040039,3318.6499,0,twelvedata,2025-08-26 19:26:43
370,XAUUSD,2025-06-27 12:00:00,3319.9,3323.0,3311.73,3314.3,0,twelvedata,2025-08-26 19:26:43
371,XAUUSD,2025-06-27 13:00:00,3313.3,3315.3,3292.62988,3294.43994,0,twelvedata,2025-08-26 19:26:43
372,XAUUSD,2025-06-27 14:00:00,3299.2,3302.1,3293.01001,3293.9,0,twelvedata,2025-08-26 19:26:43
373,XAUUSD,2025-06-27 15:00:00,3294.02,3303.5,3293.44,3301.2,0,twelvedata,2025-08-26 19:26:43
374,XAUUSD,2025-06-27 16:00:00,3300.7,3300.7,3287.62012,3294.94995,0,twelvedata,2025-08-26 19:26:43
375,XAUUSD,2025-06-27 17:00:00,3294.22998,3294.3999,3284.41992,3284.42993,0,twelvedata,2025-08-26 19:26:43
376,XAUUSD,2025-06-27 18:00:00,3285.1001,3294.7,3282.81006,3289.37012,0,twelvedata,2025-08-26 19:26:43
377,XAUUSD,2025-06-27 19:00:00,3289.5,3294.0,3282.29004,3282.77002,0,twelvedata,2025-08-26 19:26:43
378,XAUUSD,2025-06-27 20:00:00,3282.82007,3295.2,3279.77002,3285.68994,0,twelvedata,2025-08-26 19:26:43
379,XAUUSD,2025-06-27 21:00:00,3285.8999,3292.1,3276.17993,3286.3,0,twelvedata,2025-08-26 19:26:43
380,XAUUSD,2025-06-27 22:00:00,3286.4,3286.8,3271.18994,3277.3,0,twelvedata,2025-08-26 19:26:43
381,XAUUSD,2025-06-27 23:00:00,3270.11011,3276.4,3255.97998,3274.3999,0,twelvedata,2025-08-26 19:26:43
382,XAUUSD,2025-06-28 00:00:00,3274.46997,3282.2,3265.040039,3277.4,0,twelvedata,2025-08-26 19:26:43
383,XAUUSD,2025-06-28 01:00:00,3278.4,3279.8,3273.17993,3274.70996,0,twelvedata,2025-08-26 19:26:43
384,XAUUSD,2025-06-28 02:00:00,3274.77002,3280.6,3273.44995,3280.3,0,twelvedata,2025-08-26 19:26:43
385,XAUUSD,2025-06-28 03:00:00,3280.3,3282.90991,3272.87988,3277.41992,0,twelvedata,2025-08-26 19:26:43
386,XAUUSD,2025-06-28 04:00:00,3278.28003,3281.9,3270.58008,3275.8999,0,twelvedata,2025-08-26 19:26:43
387,XAUUSD,2025-06-28 05:00:00,3276.16992,3276.57007,3268.4,3270.83008,0,twelvedata,2025-08-26 19:26:43
388,XAUUSD,2025-06-28 06:00:00,3270.77002,3278.7,3270.53003,3278.0,0,twelvedata,2025-08-26 19:26:43
389,XAUUSD,2025-06-28 07:00:00,3278.3,3282.5,3277.8,3282.4,0,twelvedata,2025-08-26 19:26:43
390,XAUUSD,2025-06-28 08:00:00,3282.3,3282.9,3282.3,3282.8,0,twelvedata,2025-08-26 19:26:43
391,XAUUSD,2025-06-28 09:00:00,3282.4,3282.6,3281.9,3282.2,0,twelvedata,2025-08-26 19:26:43
392,XAUUSD,2025-06-28 10:00:00,3282.6,3283.5,3273.67,3283.3,0,twelvedata,2025-08-26 19:26:43
393,XAUUSD,2025-06-28 11:00:00,3283.1,3283.1,3280.5,3280.7,0,twelvedata,2025-08-26 19:26:43
394,XAUUSD,2025-06-28 12:00:00,3280.5,3283.3,3280.1,3282.4,0,twelvedata,2025-08-26 19:26:43
395,XAUUSD,2025-06-28 13:00:00,3281.8,3283.7,3281.2,3281.5,0,twelvedata,2025-08-26 19:26:43
396,XAUUSD,2025-06-28 14:00:00,3281.5,3282.0,3280.5,3282.0,0,twelvedata,2025-08-26 19:26:43
397,XAUUSD,2025-06-28 15:00:00,3283.5,3284.1,3280.4,3281.2,0,twelvedata,2025-08-26 19:26:43
398,XAUUSD,2025-06-28 16:00:00,3280.8,3282.4,3277.2,3278.2,0,twelvedata,2025-08-26 19:26:43
399,XAUUSD,2025-06-28 17:00:00,3278.1,3279.5,3276.0,3277.1,0,twelvedata,2025-08-26 19:26:43
400,XAUUSD,2025-06-28 18:00:00,3277.1,3280.9,3276.9,3280.9,0,twelvedata,2025-08-26 19:26:43
401,XAUUSD,2025-06-28 19:00:00,3280.2,3280.4,3276.5,3278.0,0,twelvedata,2025-08-26 19:26:43
402,XAUUSD,2025-06-28 20:00:00,3278.5,3278.5,3277.9,3278.0,0,twelvedata,2025-08-26 19:26:43
403,XAUUSD,2025-06-28 21:00:00,3277.9,3278.2,3276.8,3277.1,0,twelvedata,2025-08-26 19:26:43
404,XAUUSD,2025-06-28 22:00:00,3277.2,3278.6,3276.9,3278.6,0,twelvedata,2025-08-26 19:26:43
405,XAUUSD,2025-06-28 23:00:00,3278.6,3284.3,3278.6,3284.3,0,twelvedata,2025-08-26 19:26:43
406,XAUUSD,2025-06-30 00:00:00,3273.8,3273.8,3272.0,3272.3,0,twelvedata,2025-08-26 19:26:43
407,XAUUSD,2025-06-30 01:00:00,3272.3,3272.6,3271.9,3271.9,0,twelvedata,2025-08-26 19:26:43
408,XAUUSD,2025-06-30 02:00:00,3271.9,3272.0,3271.9,3272.0,0,twelvedata,2025-08-26 19:26:43
409,XAUUSD,2025-06-30 08:00:00,3272.3,3280.89,3248.98,3263.66,0,twelvedata,2025-08-26 19:26:43
410,XAUUSD,2025-06-30 09:00:00,3264.25,3270.83008,3262.84,3263.77,0,twelvedata,2025-08-26 19:26:43
411,XAUUSD,2025-06-30 10:00:00,3263.47,3269.6,3262.80005,3264.55,0,twelvedata,2025-08-26 19:26:43
412,XAUUSD,2025-06-30 11:00:00,3264.63,3275.87012,3259.53003,3273.94995,0,twelvedata,2025-08-26 19:26:43
413,XAUUSD,2025-06-30 12:00:00,3273.92993,3283.41992,3273.87012,3280.3999,0,twelvedata,2025-08-26 19:26:43
414,XAUUSD,2025-06-30 13:00:00,3280.050049,3282.79004,3277.97998,3279.030029,0,twelvedata,2025-08-26 19:26:43
415,XAUUSD,2025-06-30 14:00:00,3279.070068,3286.33008,3277.1499,3285.75,0,twelvedata,2025-08-26 19:26:43
416,XAUUSD,2025-06-30 15:00:00,3285.70996,3291.42993,3284.73999,3289.01001,0,twelvedata,2025-08-26 19:26:43
417,XAUUSD,2025-06-30 16:00:00,3289.18994,3295.57007,3287.95996,3292.060059,0,twelvedata,2025-08-26 19:26:43
418,XAUUSD,2025-06-30 17:00:00,3292.12012,3296.88989,3290.81006,3293.5,0,twelvedata,2025-08-26 19:26:43
419,XAUUSD,2025-06-30 18:00:00,3293.9,3296.6,3288.22,3289.1,0,twelvedata,2025-08-26 19:26:43
420,XAUUSD,2025-06-30 19:00:00,3288.6,3288.6499,3277.65991,3287.91992,0,twelvedata,2025-08-26 19:26:43
421,XAUUSD,2025-06-30 20:00:00,3287.89,3288.67,3282.47,3283.43,0,twelvedata,2025-08-26 19:26:43
422,XAUUSD,2025-06-30 21:00:00,3283.28,3283.61,3274.70996,3277.83,0,twelvedata,2025-08-26 19:26:43
423,XAUUSD,2025-06-30 22:00:00,3278.08,3288.93,3278.08,3281.96,0,twelvedata,2025-08-26 19:26:43
424,XAUUSD,2025-06-30 23:00:00,3281.9,3288.0,3278.090088,3284.80005,0,twelvedata,2025-08-26 19:26:43
425,XAUUSD,2025-07-01 00:00:00,3285.32007,3289.61011,3279.31006,3287.78003,0,twelvedata,2025-08-26 19:26:43
426,XAUUSD,2025-07-01 01:00:00,3287.76001,3292.1,3283.87988,3289.68994,0,twelvedata,2025-08-26 19:26:43
427,XAUUSD,2025-07-01 02:00:00,3289.82007,3297.51001,3289.26001,3297.47998,0,twelvedata,2025-08-26 19:26:43
428,XAUUSD,2025-07-01 03:00:00,3297.3501,3298.61011,3292.8,3294.090088,0,twelvedata,2025-08-26 19:26:43
429,XAUUSD,2025-07-01 04:00:00,3294.070068,3299.59009,3292.72998,3298.52002,0,twelvedata,2025-08-26 19:26:43
430,XAUUSD,2025-07-01 05:00:00,3298.3,3307.43994,3298.1,3306.6,0,twelvedata,2025-08-26 19:26:43
431,XAUUSD,2025-07-01 06:00:00,3308.66992,3309.21997,3302.36011,3302.90991,0,twelvedata,2025-08-26 19:26:43
432,XAUUSD,2025-07-01 07:00:00,3305.4,3305.4,3300.0,3301.5,0,twelvedata,2025-08-26 19:26:43
433,XAUUSD,2025-07-01 08:00:00,3303.8,3314.54004,3300.9,3308.3,0,twelvedata,2025-08-26 19:26:43
434,XAUUSD,2025-07-01 09:00:00,3309.1,3312.59009,3307.0,3312.59009,0,twelvedata,2025-08-26 19:26:43
435,XAUUSD,2025-07-01 10:00:00,3312.8501,3314.59009,3308.9,3314.52002,0,twelvedata,2025-08-26 19:26:43
436,XAUUSD,2025-07-01 11:00:00,3315.28003,3321.02002,3311.7,3314.1,0,twelvedata,2025-08-26 19:26:43
437,XAUUSD,2025-07-01 12:00:00,3314.1,3319.42993,3312.1,3312.9,0,twelvedata,2025-08-26 19:26:43
438,XAUUSD,2025-07-01 13:00:00,3312.6,3322.63989,3312.6,3317.5,0,twelvedata,2025-08-26 19:26:43
439,XAUUSD,2025-07-01 14:00:00,3318.6,3323.1001,3317.8,3318.9,0,twelvedata,2025-08-26 19:26:43
440,XAUUSD,2025-07-01 15:00:00,3318.9,3330.27002,3318.9,3324.8,0,twelvedata,2025-08-26 19:26:43
441,XAUUSD,2025-07-01 16:00:00,3325.2,3330.55005,3321.7,3327.2,0,twelvedata,2025-08-26 19:26:43
442,XAUUSD,2025-07-01 17:00:00,3326.7,3338.18994,3326.7,3334.6,0,twelvedata,2025-08-26 19:26:43
443,XAUUSD,2025-07-01 18:00:00,3334.6,3342.47998,3332.7,3339.62988,0,twelvedata,2025-08-26 19:26:43
444,XAUUSD,2025-07-01 19:00:00,3334.3,3347.93994,3333.3,3345.8999,0,twelvedata,2025-08-26 19:26:43
445,XAUUSD,2025-07-01 20:00:00,3345.86011,3349.32,3342.2,3344.8,0,twelvedata,2025-08-26 19:26:43
446,XAUUSD,2025-07-01 21:00:00,3344.5,3352.37988,3342.5,3349.15991,0,twelvedata,2025-08-26 19:26:43
447,XAUUSD,2025-07-01 22:00:00,3349.050049,3357.96997,3345.6,3354.61011,0,twelvedata,2025-08-26 19:26:43
448,XAUUSD,2025-07-01 23:00:00,3354.72998,3355.6499,3341.1,3351.3999,0,twelvedata,2025-08-26 19:26:43
449,XAUUSD,2025-07-02 00:00:00,3351.75,3354.5,3341.3,3346.01,0,twelvedata,2025-08-26 19:26:43
450,XAUUSD,2025-07-02 01:00:00,3345.84009,3346.70996,3334.2,3340.29004,0,twelvedata,2025-08-26 19:26:43
451,XAUUSD,2025-07-02 02:00:00,3340.53003,3343.5,3334.2,3341.84009,0,twelvedata,2025-08-26 19:26:43
452,XAUUSD,2025-07-02 03:00:00,3341.77002,3342.20996,3334.3,3339.77002,0,twelvedata,2025-08-26 19:26:43
453,XAUUSD,2025-07-02 04:00:00,3339.65991,3339.94995,3334.5,3338.02002,0,twelvedata,2025-08-26 19:26:43
454,XAUUSD,2025-07-02 05:00:00,3338.11011,3340.13989,3336.2,3338.21997,0,twelvedata,2025-08-26 19:26:43
455,XAUUSD,2025-07-02 06:00:00,3337.92993,3340.37012,3336.4,3336.4,0,twelvedata,2025-08-26 19:26:43
456,XAUUSD,2025-07-02 07:00:00,3336.1,3336.1,3328.8,3328.8,0,twelvedata,2025-08-26 19:26:43
457,XAUUSD,2025-07-02 08:00:00,3337.93,3343.67,3336.86,3341.52,0,twelvedata,2025-08-26 19:26:43
458,XAUUSD,2025-07-02 09:00:00,3341.61,3341.73,3337.0,3337.92,0,twelvedata,2025-08-26 19:26:43
459,XAUUSD,2025-07-02 10:00:00,3338.31,3345.060059,3334.95996,3338.88,0,twelvedata,2025-08-26 19:26:43
460,XAUUSD,2025-07-02 11:00:00,3339.03,3342.82,3331.0,3332.32007,0,twelvedata,2025-08-26 19:26:43
461,XAUUSD,2025-07-02 12:00:00,3332.09,3338.08,3328.83,3336.62,0,twelvedata,2025-08-26 19:26:43
462,XAUUSD,2025-07-02 13:00:00,3336.80005,3341.17,3334.91,3338.4,0,twelvedata,2025-08-26 19:26:43
463,XAUUSD,2025-07-02 14:00:00,3337.3,3341.42993,3335.8,3340.1001,0,twelvedata,2025-08-26 19:26:43
464,XAUUSD,2025-07-02 15:00:00,3337.1,3342.33008,3333.1,3334.8,0,twelvedata,2025-08-26 19:26:43
465,XAUUSD,2025-07-02 16:00:00,3338.91992,3339.43994,3326.7,3330.4,0,twelvedata,2025-08-26 19:26:43
466,XAUUSD,2025-07-02 17:00:00,3328.0,3334.2,3325.7,3331.4,0,twelvedata,2025-08-26 19:26:43
467,XAUUSD,2025-07-02 18:00:00,3330.8,3337.3999,3329.3,3330.1,0,twelvedata,2025-08-26 19:26:43
468,XAUUSD,2025-07-02 19:00:00,3330.8,3342.17993,3327.9,3341.82007,0,twelvedata,2025-08-26 19:26:43
469,XAUUSD,2025-07-02 20:00:00,3341.94995,3345.6499,3336.9,3344.42993,0,twelvedata,2025-08-26 19:26:43
470,XAUUSD,2025-07-02 21:00:00,3344.45996,3347.66992,3337.8,3339.4,0,twelvedata,2025-08-26 19:26:43
471,XAUUSD,2025-07-02 22:00:00,3340.1,3351.12988,3336.9,3344.4,0,twelvedata,2025-08-26 19:26:43
472,XAUUSD,2025-07-02 23:00:00,3343.6,3346.6001,3332.5,3337.58008,0,twelvedata,2025-08-26 19:26:43
473,XAUUSD,2025-07-03 00:00:00,3335.1,3340.78003,3330.0,3338.2,0,twelvedata,2025-08-26 19:26:43
474,XAUUSD,2025-07-03 01:00:00,3339.3,3343.45996,3335.4,3340.97998,0,twelvedata,2025-08-26 19:26:43
475,XAUUSD,2025-07-03 02:00:00,3341.28003,3348.11011,3337.8,3342.5,0,twelvedata,2025-08-26 19:26:43
476,XAUUSD,2025-07-03 03:00:00,3343.5,3349.96997,3342.8,3349.75,0,twelvedata,2025-08-26 19:26:43
477,XAUUSD,2025-07-03 04:00:00,3349.56006,3352.8501,3346.1,3348.8,0,twelvedata,2025-08-26 19:26:43
478,XAUUSD,2025-07-03 05:00:00,3349.4,3357.33008,3349.2,3352.6,0,twelvedata,2025-08-26 19:26:43
479,XAUUSD,2025-07-03 06:00:00,3352.6,3359.060059,3351.1,3352.0,0,twelvedata,2025-08-26 19:26:43
480,XAUUSD,2025-07-03 07:00:00,3352.0,3353.2,3349.4,3349.7,0,twelvedata,2025-08-26 19:26:43
481,XAUUSD,2025-07-03 08:00:00,3357.95,3365.61,3352.5,3361.85,0,twelvedata,2025-08-26 19:26:43
482,XAUUSD,2025-07-03 09:00:00,3361.92,3362.19,3348.83,3349.44995,0,twelvedata,2025-08-26 19:26:43
483,XAUUSD,2025-07-03 10:00:00,3349.77,3349.77,3340.2,3340.3,0,twelvedata,2025-08-26 19:26:43
484,XAUUSD,2025-07-03 11:00:00,3340.6,3346.25,3338.5,3346.060059,0,twelvedata,2025-08-26 19:26:43
485,XAUUSD,2025-07-03 12:00:00,3346.11011,3348.31006,3341.5,3346.5,0,twelvedata,2025-08-26 19:26:43
486,XAUUSD,2025-07-03 13:00:00,3346.5,3350.53003,3342.4,3347.53003,0,twelvedata,2025-08-26 19:26:43
487,XAUUSD,2025-07-03 14:00:00,3347.58008,3350.73999,3344.5,3346.5,0,twelvedata,2025-08-26 19:26:43
488,XAUUSD,2025-07-03 15:00:00,3346.1,3357.51001,3345.4,3354.5,0,twelvedata,2025-08-26 19:26:43
489,XAUUSD,2025-07-03 16:00:00,3354.6,3361.77002,3351.9,3356.9,0,twelvedata,2025-08-26 19:26:43
490,XAUUSD,2025-07-03 17:00:00,3356.7,3362.91992,3348.4,3353.1499,0,twelvedata,2025-08-26 19:26:43
491,XAUUSD,2025-07-03 18:00:00,3349.1,3358.28003,3347.7,3356.28003,0,twelvedata,2025-08-26 19:26:43
492,XAUUSD,2025-07-03 19:00:00,3356.20996,3356.3501,3339.2,3342.2,0,twelvedata,2025-08-26 19:26:43
493,XAUUSD,2025-07-03 20:00:00,3341.5,3352.1,3340.7,3349.0,0,twelvedata,2025-08-26 19:26:43
494,XAUUSD,2025-07-03 21:00:00,3348.8,3350.91,3343.06,3346.07,0,twelvedata,2025-08-26 19:26:43
495,XAUUSD,2025-07-03 22:00:00,3345.9,3352.33,3311.66,3324.25,0,twelvedata,2025-08-26 19:26:43
496,XAUUSD,2025-07-03 23:00:00,3324.01,3338.34,3322.07,3331.81,0,twelvedata,2025-08-26 19:26:43
497,XAUUSD,2025-07-04 00:00:00,3331.6,3334.59,3323.67,3324.76001,0,twelvedata,2025-08-26 19:26:43
498,XAUUSD,2025-07-04 01:00:00,3324.73999,3331.43,3323.20996,3328.12988,0,twelvedata,2025-08-26 19:26:43
499,XAUUSD,2025-07-04 02:00:00,3328.31006,3334.65,3325.66,3333.9,0,twelvedata,2025-08-26 19:26:43
500,XAUUSD,2025-07-04 03:00:00,3333.92,3334.8,3327.1,3329.05,0,twelvedata,2025-08-26 19:26:43
501,XAUUSD,2025-07-04 04:00:00,3328.97,3330.22,3326.1,3329.19995,0,twelvedata,2025-08-26 19:26:43
502,XAUUSD,2025-07-04 05:00:00,3329.12,3329.51,3327.01,3328.7,0,twelvedata,2025-08-26 19:26:43
503,XAUUSD,2025-07-04 06:00:00,3328.81006,3328.95996,3323.5,3323.9,0,twelvedata,2025-08-26 19:26:43
504,XAUUSD,2025-07-04 07:00:00,3323.5,3325.8,3322.7,3325.8,0,twelvedata,2025-08-26 19:26:43
505,XAUUSD,2025-07-04 08:00:00,3325.15,3329.6499,3323.38,3329.1,0,twelvedata,2025-08-26 19:26:43
506,XAUUSD,2025-07-04 09:00:00,3329.07,3332.080078,3325.6,3330.86,0,twelvedata,2025-08-26 19:26:43
507,XAUUSD,2025-07-04 10:00:00,3330.68,3331.07,3325.76,3328.94,0,twelvedata,2025-08-26 19:26:43
508,XAUUSD,2025-07-04 11:00:00,3328.9,3334.26,3326.54,3330.12988,0,twelvedata,2025-08-26 19:26:43
509,XAUUSD,2025-07-04 12:00:00,3329.87,3332.34,3327.1,3327.3,0,twelvedata,2025-08-26 19:26:43
510,XAUUSD,2025-07-04 13:00:00,3327.29,3339.0,3326.19,3334.5,0,twelvedata,2025-08-26 19:26:43
511,XAUUSD,2025-07-04 14:00:00,3338.22,3342.26001,3336.3,3340.9,0,twelvedata,2025-08-26 19:26:43
512,XAUUSD,2025-07-04 15:00:00,3340.92,3342.21997,3337.0,3339.41,0,twelvedata,2025-08-26 19:26:43
513,XAUUSD,2025-07-04 16:00:00,3339.55,3344.98,3338.4,3342.55005,0,twelvedata,2025-08-26 19:26:43
514,XAUUSD,2025-07-04 17:00:00,3342.61,3343.61,3336.6,3342.91,0,twelvedata,2025-08-26 19:26:43
515,XAUUSD,2025-07-04 18:00:00,3342.98,3344.2,3340.84,3342.79,0,twelvedata,2025-08-26 19:26:43
516,XAUUSD,2025-07-04 19:00:00,3342.68,3343.04,3333.02,3334.42,0,twelvedata,2025-08-26 19:26:43
517,XAUUSD,2025-07-04 20:00:00,3334.42,3338.0,3331.45,3336.73,0,twelvedata,2025-08-26 19:26:43
518,XAUUSD,2025-07-04 21:00:00,3336.77,3337.79,3334.4,3334.7,0,twelvedata,2025-08-26 19:26:43
519,XAUUSD,2025-07-04 22:00:00,3334.54,3337.78,3331.5,3333.9,0,twelvedata,2025-08-26 19:26:43
520,XAUUSD,2025-07-04 23:00:00,3334.0,3338.060059,3332.3,3333.85,0,twelvedata,2025-08-26 19:26:43
521,XAUUSD,2025-07-05 00:00:00,3333.71,3334.28003,3330.86,3333.22,0,twelvedata,2025-08-26 19:26:43
522,XAUUSD,2025-07-05 01:00:00,3333.33,3333.92993,3330.2,3332.32,0,twelvedata,2025-08-26 19:26:43
523,XAUUSD,2025-07-05 02:00:00,3332.21,3337.44995,3332.21,3335.0,0,twelvedata,2025-08-26 19:26:43
524,XAUUSD,2025-07-05 03:00:00,3335.24,3335.24,3335.0,3335.0,0,twelvedata,2025-08-26 19:26:43
525,XAUUSD,2025-07-05 04:00:00,3335.0,3336.8,3335.0,3336.7,0,twelvedata,2025-08-26 19:26:43
526,XAUUSD,2025-07-05 05:00:00,3336.8,3338.3,3335.7,3338.0,0,twelvedata,2025-08-26 19:26:43
527,XAUUSD,2025-07-05 06:00:00,3337.6,3337.6,3336.4,3336.8,0,twelvedata,2025-08-26 19:26:43
528,XAUUSD,2025-07-05 07:00:00,3335.24,3337.6,3335.24,3336.5,0,twelvedata,2025-08-26 19:26:43
529,XAUUSD,2025-07-05 08:00:00,3336.9,3339.4,3335.24,3339.1,0,twelvedata,2025-08-26 19:26:43
530,XAUUSD,2025-07-05 09:00:00,3339.1,3339.1,3335.24,3335.24,0,twelvedata,2025-08-26 19:26:43
531,XAUUSD,2025-07-05 10:00:00,3338.2,3339.8,3338.2,3339.1,0,twelvedata,2025-08-26 19:26:43
532,XAUUSD,2025-07-05 11:00:00,3338.9,3339.1,3338.9,3339.0,0,twelvedata,2025-08-26 19:26:43
533,XAUUSD,2025-07-05 12:00:00,3338.9,3339.0,3338.9,3339.0,0,twelvedata,2025-08-26 19:26:43
534,XAUUSD,2025-07-05 13:00:00,3338.9,3338.9,3335.6,3336.9,0,twelvedata,2025-08-26 19:26:43
535,XAUUSD,2025-07-05 14:00:00,3336.9,3336.9,3331.3,3333.9,0,twelvedata,2025-08-26 19:26:43
536,XAUUSD,2025-07-05 15:00:00,3335.1,3339.3,3334.2,3335.7,0,twelvedata,2025-08-26 19:26:43
537,XAUUSD,2025-07-05 16:00:00,3334.8,3335.8,3332.8,3335.1,0,twelvedata,2025-08-26 19:26:43
538,XAUUSD,2025-07-05 17:00:00,3334.8,3335.2,3334.2,3334.3,0,twelvedata,2025-08-26 19:26:43
539,XAUUSD,2025-07-05 18:00:00,3333.9,3334.8,3333.9,3334.7,0,twelvedata,2025-08-26 19:26:43
540,XAUUSD,2025-07-05 19:00:00,3335.4,3336.7,3335.3,3335.6,0,twelvedata,2025-08-26 19:26:43
541,XAUUSD,2025-07-05 20:00:00,3337.2,3337.2,3335.7,3335.7,0,twelvedata,2025-08-26 19:26:43
542,XAUUSD,2025-07-05 21:00:00,3336.0,3336.9,3335.3,3335.3,0,twelvedata,2025-08-26 19:26:43
543,XAUUSD,2025-07-05 22:00:00,3335.4,3335.7,3334.3,3335.5,0,twelvedata,2025-08-26 19:26:43
544,XAUUSD,2025-07-05 23:00:00,3335.9,3336.7,3335.5,3336.7,0,twelvedata,2025-08-26 19:26:43
545,XAUUSD,2025-07-07 00:00:00,3335.2,3335.4,3334.0,3334.9,0,twelvedata,2025-08-26 19:26:43
546,XAUUSD,2025-07-07 01:00:00,3334.7,3334.7,3332.3,3334.4,0,twelvedata,2025-08-26 19:26:43
547,XAUUSD,2025-07-07 02:00:00,3334.4,3335.0,3332.4,3332.5,0,twelvedata,2025-08-26 19:26:43
548,XAUUSD,2025-07-07 03:00:00,3333.1,3339.5,3332.1,3334.5,0,twelvedata,2025-08-26 19:26:43
549,XAUUSD,2025-07-07 04:00:00,3334.4,3335.4,3334.0,3334.1,0,twelvedata,2025-08-26 19:26:43
550,XAUUSD,2025-07-07 05:00:00,3334.6,3334.6,3334.6,3334.6,0,twelvedata,2025-08-26 19:26:43
551,XAUUSD,2025-07-07 08:00:00,3334.01,3342.05,3332.37,3333.2,0,twelvedata,2025-08-26 19:26:43
552,XAUUSD,2025-07-07 09:00:00,3333.58008,3334.65991,3326.29,3328.8,0,twelvedata,2025-08-26 19:26:43
553,XAUUSD,2025-07-07 10:00:00,3328.92,3329.38,3321.7,3326.47,0,twelvedata,2025-08-26 19:26:43
554,XAUUSD,2025-07-07 11:00:00,3326.38,3327.55,3306.88,3316.48,0,twelvedata,2025-08-26 19:26:43
555,XAUUSD,2025-07-07 12:00:00,3316.79,3317.68,3306.0,3308.82,0,twelvedata,2025-08-26 19:26:43
556,XAUUSD,2025-07-07 13:00:00,3308.7,3315.24,3307.12,3311.0,0,twelvedata,2025-08-26 19:26:43
557,XAUUSD,2025-07-07 14:00:00,3311.22,3312.24,3305.2,3307.82007,0,twelvedata,2025-08-26 19:26:43
558,XAUUSD,2025-07-07 15:00:00,3307.81,3315.05,3307.1001,3313.38,0,twelvedata,2025-08-26 19:26:43
559,XAUUSD,2025-07-07 16:00:00,3313.31,3315.15,3308.51001,3309.86,0,twelvedata,2025-08-26 19:26:43
560,XAUUSD,2025-07-07 17:00:00,3310.24,3313.22,3300.65,3302.18,0,twelvedata,2025-08-26 19:26:43
561,XAUUSD,2025-07-07 18:00:00,3302.07,3312.56,3301.16,3310.1,0,twelvedata,2025-08-26 19:26:43
562,XAUUSD,2025-07-07 19:00:00,3310.01,3311.95996,3306.02,3308.95,0,twelvedata,2025-08-26 19:26:43
563,XAUUSD,2025-07-07 20:00:00,3308.89,3310.65,3296.5,3301.93,0,twelvedata,2025-08-26 19:26:43
564,XAUUSD,2025-07-07 21:00:00,3302.04,3307.59009,3299.8,3301.83,0,twelvedata,2025-08-26 19:26:43
565,XAUUSD,2025-07-07 22:00:00,3301.97,3312.49,3300.52,3309.57,0,twelvedata,2025-08-26 19:26:43
566,XAUUSD,2025-07-07 23:00:00,3309.59,3317.12012,3306.25,3316.29,0,twelvedata,2025-08-26 19:26:43
567,XAUUSD,2025-07-08 00:00:00,3316.62,3321.29,3313.24,3317.92,0,twelvedata,2025-08-26 19:26:43
568,XAUUSD,2025-07-08 01:00:00,3317.88,3321.93,3316.41,3320.78,0,twelvedata,2025-08-26 19:26:43
569,XAUUSD,2025-07-08 02:00:00,3320.81,3327.98,3320.13,3327.31,0,twelvedata,2025-08-26 19:26:43
570,XAUUSD,2025-07-08 03:00:00,3327.48,3335.8,3327.32,3332.03,0,twelvedata,2025-08-26 19:26:43
571,XAUUSD,2025-07-08 04:00:00,3331.97,3335.69,3328.46,3334.43994,0,twelvedata,2025-08-26 19:26:43
572,XAUUSD,2025-07-08 05:00:00,3334.37,3340.3,3334.37,3337.12,0,twelvedata,2025-08-26 19:26:43
573,XAUUSD,2025-07-08 06:00:00,3337.02,3337.5,3333.8,3336.82,0,twelvedata,2025-08-26 19:26:43
574,XAUUSD,2025-07-08 07:00:00,3333.8,3335.3,3330.0,3330.0,0,twelvedata,2025-08-26 19:26:43
575,XAUUSD,2025-07-08 08:00:00,3329.41,3345.7,3329.41,3339.73,0,twelvedata,2025-08-26 19:26:43
576,XAUUSD,2025-07-08 09:00:00,3339.77,3340.04,3333.85,3334.76001,0,twelvedata,2025-08-26 19:26:43
577,XAUUSD,2025-07-08 10:00:00,3334.55,3337.26001,3331.15,3334.17,0,twelvedata,2025-08-26 19:26:43
578,XAUUSD,2025-07-08 11:00:00,3334.01,3336.98999,3329.67,3334.76,0,twelvedata,2025-08-26 19:26:43
579,XAUUSD,2025-07-08 12:00:00,3334.76,3337.88989,3330.9,3334.43,0,twelvedata,2025-08-26 19:26:43
580,XAUUSD,2025-07-08 13:00:00,3334.31,3335.4,3329.2,3331.56006,0,twelvedata,2025-08-26 19:26:43
581,XAUUSD,2025-07-08 14:00:00,3331.3,3332.8,3327.55,3329.55,0,twelvedata,2025-08-26 19:26:43
582,XAUUSD,2025-07-08 15:00:00,3329.63,3336.48,3329.49,3334.03,0,twelvedata,2025-08-26 19:26:43
583,XAUUSD,2025-07-08 16:00:00,3334.080078,3335.89,3331.0,3335.78,0,twelvedata,2025-08-26 19:26:43
584,XAUUSD,2025-07-08 17:00:00,3336.16,3339.40991,3330.45,3333.98999,0,twelvedata,2025-08-26 19:26:43
585,XAUUSD,2025-07-08 18:00:00,3333.87,3333.87,3323.31,3323.61,0,twelvedata,2025-08-26 19:26:43
586,XAUUSD,2025-07-08 19:00:00,3323.58,3326.72,3321.37,3321.97,0,twelvedata,2025-08-26 19:26:43
587,XAUUSD,2025-07-08 20:00:00,3321.98,3327.26,3320.46,3324.77,0,twelvedata,2025-08-26 19:26:43
588,XAUUSD,2025-07-08 21:00:00,3324.49,3327.5,3320.1,3324.96,0,twelvedata,2025-08-26 19:26:43
589,XAUUSD,2025-07-08 22:00:00,3324.93,3329.79,3324.71,3328.17,0,twelvedata,2025-08-26 19:26:43
590,XAUUSD,2025-07-08 23:00:00,3328.31,3328.62,3315.0,3315.22,0,twelvedata,2025-08-26 19:26:43
591,XAUUSD,2025-07-09 00:00:00,3315.13989,3315.83,3294.36,3296.45,0,twelvedata,2025-08-26 19:26:43
592,XAUUSD,2025-07-09 01:00:00,3296.44,3300.27002,3287.21,3298.12,0,twelvedata,2025-08-26 19:26:43
593,XAUUSD,2025-07-09 02:00:00,3298.33008,3301.63989,3295.98,3300.20996,0,twelvedata,2025-08-26 19:26:43
594,XAUUSD,2025-07-09 03:00:00,3300.51,3310.42993,3299.37,3306.4,0,twelvedata,2025-08-26 19:26:43
595,XAUUSD,2025-07-09 04:00:00,3306.36011,3308.15,3300.6,3305.51001,0,twelvedata,2025-08-26 19:26:43
596,XAUUSD,2025-07-09 05:00:00,3305.32,3306.07,3301.8,3302.94,0,twelvedata,2025-08-26 19:26:43
597,XAUUSD,2025-07-09 06:00:00,3302.57,3303.68,3299.0,3301.03,0,twelvedata,2025-08-26 19:26:43
598,XAUUSD,2025-07-09 07:00:00,3299.1,3305.5,3297.9,3305.4,0,twelvedata,2025-08-26 19:26:43
599,XAUUSD,2025-07-09 08:00:00,3300.83,3304.07,3300.3,3301.61,0,twelvedata,2025-08-26 19:26:43
600,XAUUSD,2025-07-09 09:00:00,3301.69995,3303.93,3297.16,3302.3501,0,twelvedata,2025-08-26 19:26:43
601,XAUUSD,2025-07-09 10:00:00,3302.72998,3308.030029,3302.0,3305.93994,0,twelvedata,2025-08-26 19:26:43
602,XAUUSD,2025-07-09 11:00:00,3305.4,3306.75,3299.43994,3301.94995,0,twelvedata,2025-08-26 19:26:43
603,XAUUSD,2025-07-09 12:00:00,3301.98999,3302.8999,3286.85,3288.42,0,twelvedata,2025-08-26 19:26:43
604,XAUUSD,2025-07-09 13:00:00,3288.38,3294.68,3285.0,3293.37,0,twelvedata,2025-08-26 19:26:43
605,XAUUSD,2025-07-09 14:00:00,3293.48,3296.3501,3291.16,3293.87,0,twelvedata,2025-08-26 19:26:43
606,XAUUSD,2025-07-09 15:00:00,3293.88,3297.84009,3289.03,3289.29,0,twelvedata,2025-08-26 19:26:43
607,XAUUSD,2025-07-09 16:00:00,3289.58,3292.65,3285.56,3292.16,0,twelvedata,2025-08-26 19:26:43
608,XAUUSD,2025-07-09 17:00:00,3292.28,3296.070068,3288.3501,3291.82,0,twelvedata,2025-08-26 19:26:43
609,XAUUSD,2025-07-09 18:00:00,3291.9,3292.53003,3282.8999,3285.090088,0,twelvedata,2025-08-26 19:26:43
610,XAUUSD,2025-07-09 19:00:00,3285.12012,3291.1,3284.48999,3289.28003,0,twelvedata,2025-08-26 19:26:43
611,XAUUSD,2025-07-09 20:00:00,3289.23999,3295.88,3288.27,3295.63989,0,twelvedata,2025-08-26 19:26:43
612,XAUUSD,2025-07-09 21:00:00,3295.64,3295.88,3283.18,3284.96,0,twelvedata,2025-08-26 19:26:43
613,XAUUSD,2025-07-09 22:00:00,3285.0,3297.48,3285.0,3296.31,0,twelvedata,2025-08-26 19:26:43
614,XAUUSD,2025-07-09 23:00:00,3296.25,3305.27002,3292.050049,3300.42993,0,twelvedata,2025-08-26 19:26:43
615,XAUUSD,2025-07-10 00:00:00,3300.34009,3312.94995,3299.8999,3312.41992,0,twelvedata,2025-08-26 19:26:43
616,XAUUSD,2025-07-10 01:00:00,3309.7,3310.0,3304.1,3308.4,0,twelvedata,2025-08-26 19:26:43
617,XAUUSD,2025-07-10 02:00:00,3307.8,3312.78003,3306.4,3311.88989,0,twelvedata,2025-08-26 19:26:43
618,XAUUSD,2025-07-10 03:00:00,3311.83008,3312.51001,3306.5,3307.2,0,twelvedata,2025-08-26 19:26:43
619,XAUUSD,2025-07-10 04:00:00,3307.3,3313.78003,3306.5,3311.53003,0,twelvedata,2025-08-26 19:26:43
620,XAUUSD,2025-07-10 05:00:00,3311.45996,3316.87012,3311.1001,3315.63,0,twelvedata,2025-08-26 19:26:43
621,XAUUSD,2025-07-10 06:00:00,3315.84,3315.84,3311.3,3312.1,0,twelvedata,2025-08-26 19:26:43
622,XAUUSD,2025-07-10 07:00:00,3312.1,3312.9,3306.2,3309.9,0,twelvedata,2025-08-26 19:26:43
623,XAUUSD,2025-07-10 08:00:00,3310.95,3321.03,3310.95,3319.51,0,twelvedata,2025-08-26 19:26:43
624,XAUUSD,2025-07-10 09:00:00,3319.45,3319.71997,3315.64,3317.53,0,twelvedata,2025-08-26 19:26:43
625,XAUUSD,2025-07-10 10:00:00,3317.34,3321.76,3316.55,3317.65,0,twelvedata,2025-08-26 19:26:43
626,XAUUSD,2025-07-10 11:00:00,3317.55,3326.38989,3315.1,3322.3501,0,twelvedata,2025-08-26 19:26:43
627,XAUUSD,2025-07-10 12:00:00,3322.25,3323.67993,3318.17,3319.31006,0,twelvedata,2025-08-26 19:26:43
628,XAUUSD,2025-07-10 13:00:00,3319.23999,3320.21997,3311.6,3311.7,0,twelvedata,2025-08-26 19:26:43
629,XAUUSD,2025-07-10 14:00:00,3315.6,3322.44,3312.2,3322.17,0,twelvedata,2025-08-26 19:26:43
630,XAUUSD,2025-07-10 15:00:00,3322.24,3325.03,3318.1,3321.32007,0,twelvedata,2025-08-26 19:26:43
631,XAUUSD,2025-07-10 16:00:00,3321.04,3328.12,3320.84,3325.23,0,twelvedata,2025-08-26 19:26:43
632,XAUUSD,2025-07-10 17:00:00,3325.19,3329.36011,3319.93,3320.98,0,twelvedata,2025-08-26 19:26:43
633,XAUUSD,2025-07-10 18:00:00,3321.11,3330.05,3316.9,3328.6,0,twelvedata,2025-08-26 19:26:43
634,XAUUSD,2025-07-10 19:00:00,3328.61,3330.21,3323.1,3326.41,0,twelvedata,2025-08-26 19:26:43
635,XAUUSD,2025-07-10 20:00:00,3326.53,3328.74,3322.23,3325.19,0,twelvedata,2025-08-26 19:26:43
636,XAUUSD,2025-07-10 21:00:00,3325.28,3330.15,3316.4,3320.4,0,twelvedata,2025-08-26 19:26:43
637,XAUUSD,2025-07-10 22:00:00,3320.45,3326.070068,3318.04,3324.050049,0,twelvedata,2025-08-26 19:26:43
638,XAUUSD,2025-07-10 23:00:00,3323.92993,3329.42993,3312.040039,3312.88989,0,twelvedata,2025-08-26 19:26:43
639,XAUUSD,2025-07-11 00:00:00,3312.81006,3321.65991,3309.9,3314.98999,0,twelvedata,2025-08-26 19:26:43
640,XAUUSD,2025-07-11 01:00:00,3315.02002,3321.58008,3314.69995,3319.79004,0,twelvedata,2025-08-26 19:26:43
641,XAUUSD,2025-07-11 02:00:00,3319.72998,3320.01001,3312.13,3315.15991,0,twelvedata,2025-08-26 19:26:43
642,XAUUSD,2025-07-11 03:00:00,3315.13989,3318.62988,3313.6,3317.35,0,twelvedata,2025-08-26 19:26:43
643,XAUUSD,2025-07-11 04:00:00,3317.21,3321.83,3316.49,3321.46,0,twelvedata,2025-08-26 19:26:43
644,XAUUSD,2025-07-11 05:00:00,3321.55,3325.84,3321.45,3324.84009,0,twelvedata,2025-08-26 19:26:43
645,XAUUSD,2025-07-11 06:00:00,3324.84,3325.3,3319.0,3323.67,0,twelvedata,2025-08-26 19:26:43
646,XAUUSD,2025-07-11 07:00:00,3318.9,3323.8,3314.8,3317.7,0,twelvedata,2025-08-26 19:26:43
647,XAUUSD,2025-07-11 08:00:00,3323.33,3326.17,3321.7,3323.25,0,twelvedata,2025-08-26 19:26:43
648,XAUUSD,2025-07-11 09:00:00,3322.83,3326.47998,3322.77,3323.7,0,twelvedata,2025-08-26 19:26:43
649,XAUUSD,2025-07-11 10:00:00,3323.66,3335.98,3323.55,3330.44,0,twelvedata,2025-08-26 19:26:43
650,XAUUSD,2025-07-11 11:00:00,3330.2,3331.42,3325.5,3329.54,0,twelvedata,2025-08-26 19:26:43
651,XAUUSD,2025-07-11 12:00:00,3329.54,3335.060059,3327.18,3332.5,0,twelvedata,2025-08-26 19:26:43
652,XAUUSD,2025-07-11 13:00:00,3332.56,3335.94,3332.09,3333.66,0,twelvedata,2025-08-26 19:26:43
653,XAUUSD,2025-07-11 14:00:00,3333.6,3335.29,3329.84,3331.94,0,twelvedata,2025-08-26 19:26:43
654,XAUUSD,2025-07-11 15:00:00,3332.49,3341.62,3332.03,3333.9,0,twelvedata,2025-08-26 19:26:43
655,XAUUSD,2025-07-11 16:00:00,3334.0,3343.68994,3332.29004,3332.57007,0,twelvedata,2025-08-26 19:26:43
656,XAUUSD,2025-07-11 17:00:00,3332.32,3342.29004,3331.5,3342.050049,0,twelvedata,2025-08-26 19:26:43
657,XAUUSD,2025-07-11 18:00:00,3341.68,3343.83008,3332.0,3333.13,0,twelvedata,2025-08-26 19:26:43
658,XAUUSD,2025-07-11 19:00:00,3333.13,3339.99,3332.86,3339.4,0,twelvedata,2025-08-26 19:26:43
659,XAUUSD,2025-07-11 20:00:00,3339.61,3348.14,3339.61,3344.85,0,twelvedata,2025-08-26 19:26:43
660,XAUUSD,2025-07-11 21:00:00,3345.29,3350.08,3335.5,3347.55005,0,twelvedata,2025-08-26 19:26:43
661,XAUUSD,2025-07-11 22:00:00,3347.48,3357.0,3344.44995,3355.21997,0,twelvedata,2025-08-26 19:26:43
662,XAUUSD,2025-07-11 23:00:00,3355.3501,3359.16992,3345.6,3351.82,0,twelvedata,2025-08-26 19:26:43
663,XAUUSD,2025-07-12 00:00:00,3345.5,3359.83008,3344.2,3353.3,0,twelvedata,2025-08-26 19:26:43
664,XAUUSD,2025-07-12 01:00:00,3353.7,3367.45996,3352.0,3358.86,0,twelvedata,2025-08-26 19:26:43
665,XAUUSD,2025-07-12 02:00:00,3358.9,3359.71997,3353.0,3353.79,0,twelvedata,2025-08-26 19:26:43
666,XAUUSD,2025-07-12 03:00:00,3353.69995,3354.21997,3349.27,3353.37,0,twelvedata,2025-08-26 19:26:43
667,XAUUSD,2025-07-12 04:00:00,3353.59,3358.49,3353.41,3355.95,0,twelvedata,2025-08-26 19:26:43
668,XAUUSD,2025-07-12 05:00:00,3355.98,3359.72998,3355.6,3356.35,0,twelvedata,2025-08-26 19:26:43
669,XAUUSD,2025-07-12 06:00:00,3356.63989,3358.37,3349.0,3349.9,0,twelvedata,2025-08-26 19:26:43
670,XAUUSD,2025-07-12 07:00:00,3349.8,3350.1,3343.9,3343.9,0,twelvedata,2025-08-26 19:26:43
671,XAUUSD,2025-07-12 08:00:00,3343.9,3346.1,3343.9,3346.0,0,twelvedata,2025-08-26 19:26:43
672,XAUUSD,2025-07-12 09:00:00,3345.8,3349.7,3345.6,3349.7,0,twelvedata,2025-08-26 19:26:43
673,XAUUSD,2025-07-12 10:00:00,3351.2,3354.76,3343.6,3344.5,0,twelvedata,2025-08-26 19:26:43
674,XAUUSD,2025-07-12 11:00:00,3344.9,3354.4,3343.7,3351.2,0,twelvedata,2025-08-26 19:26:43
675,XAUUSD,2025-07-12 12:00:00,3352.8,3353.6,3350.6,3351.3,0,twelvedata,2025-08-26 19:26:43
676,XAUUSD,2025-07-12 13:00:00,3351.0,3354.6,3350.2,3350.4,0,twelvedata,2025-08-26 19:26:43
677,XAUUSD,2025-07-12 14:00:00,3350.2,3352.1,3344.7,3348.4,0,twelvedata,2025-08-26 19:26:43
678,XAUUSD,2025-07-12 15:00:00,3348.3,3350.4,3346.8,3349.4,0,twelvedata,2025-08-26 19:26:43
679,XAUUSD,2025-07-12 16:00:00,3349.5,3350.0,3345.4,3345.4,0,twelvedata,2025-08-26 19:26:43
680,XAUUSD,2025-07-12 17:00:00,3345.6,3349.7,3345.1,3347.4,0,twelvedata,2025-08-26 19:26:43
681,XAUUSD,2025-07-12 18:00:00,3348.0,3348.9,3344.3,3348.0,0,twelvedata,2025-08-26 19:26:43
682,XAUUSD,2025-07-12 19:00:00,3347.6,3348.7,3345.2,3347.3,0,twelvedata,2025-08-26 19:26:43
683,XAUUSD,2025-07-12 20:00:00,3347.3,3349.2,3344.8,3347.4,0,twelvedata,2025-08-26 19:26:43
684,XAUUSD,2025-07-12 21:00:00,3347.3,3349.4,3346.3,3347.1,0,twelvedata,2025-08-26 19:26:43
685,XAUUSD,2025-07-12 22:00:00,3347.2,3347.3,3345.1,3345.8,0,twelvedata,2025-08-26 19:26:43
686,XAUUSD,2025-07-12 23:00:00,3345.9,3349.1,3344.8,3348.6,0,twelvedata,2025-08-26 19:26:43
687,XAUUSD,2025-07-14 00:00:00,3348.0,3350.9,3345.6,3348.5,0,twelvedata,2025-08-26 19:26:43
688,XAUUSD,2025-07-14 01:00:00,3348.7,3350.6,3346.3,3349.0,0,twelvedata,2025-08-26 19:26:43
689,XAUUSD,2025-07-14 02:00:00,3349.4,3349.4,3345.4,3347.3,0,twelvedata,2025-08-26 19:26:43
690,XAUUSD,2025-07-14 03:00:00,3346.6,3349.7,3346.6,3349.4,0,twelvedata,2025-08-26 19:26:43
691,XAUUSD,2025-07-14 08:00:00,3356.92,3371.01001,3356.92,3369.0,0,twelvedata,2025-08-26 19:26:43
692,XAUUSD,2025-07-14 09:00:00,3369.33,3373.7,3366.15,3367.76001,0,twelvedata,2025-08-26 19:26:43
693,XAUUSD,2025-07-14 10:00:00,3367.36,3373.27002,3364.84,3367.52002,0,twelvedata,2025-08-26 19:26:43
694,XAUUSD,2025-07-14 11:00:00,3367.23,3370.05,3357.090088,3358.37,0,twelvedata,2025-08-26 19:26:43
695,XAUUSD,2025-07-14 12:00:00,3358.07,3359.62012,3349.0,3357.48999,0,twelvedata,2025-08-26 19:26:43
696,XAUUSD,2025-07-14 13:00:00,3357.37,3359.54,3355.38,3357.02002,0,twelvedata,2025-08-26 19:26:43
697,XAUUSD,2025-07-14 14:00:00,3356.26,3361.41,3353.7,3359.6,0,twelvedata,2025-08-26 19:26:43
698,XAUUSD,2025-07-14 15:00:00,3359.44,3360.34,3354.5,3357.55,0,twelvedata,2025-08-26 19:26:43
699,XAUUSD,2025-07-14 16:00:00,3357.57,3369.61,3356.52,3368.73,0,twelvedata,2025-08-26 19:26:43
700,XAUUSD,2025-07-14 17:00:00,3368.84009,3375.02002,3366.84009,3372.030029,0,twelvedata,2025-08-26 19:26:43
701,XAUUSD,2025-07-14 18:00:00,3371.8999,3372.69995,3365.48999,3366.040039,0,twelvedata,2025-08-26 19:26:43
702,XAUUSD,2025-07-14 19:00:00,3366.20996,3370.48999,3364.070068,3370.3501,0,twelvedata,2025-08-26 19:26:43
703,XAUUSD,2025-07-14 20:00:00,3370.55005,3374.55,3365.5,3371.94,0,twelvedata,2025-08-26 19:26:43
704,XAUUSD,2025-07-14 21:00:00,3371.92,3373.06,3363.82,3364.02,0,twelvedata,2025-08-26 19:26:43
705,XAUUSD,2025-07-14 22:00:00,3363.99,3366.29,3349.36,3350.06,0,twelvedata,2025-08-26 19:26:43
706,XAUUSD,2025-07-14 23:00:00,3350.54,3359.02002,3347.09,3355.3501,0,twelvedata,2025-08-26 19:26:43
707,XAUUSD,2025-07-15 00:00:00,3355.23999,3356.28003,3341.1499,3343.070068,0,twelvedata,2025-08-26 19:26:43
708,XAUUSD,2025-07-15 01:00:00,3343.25,3349.6499,3342.66992,3345.1499,0,twelvedata,2025-08-26 19:26:43
709,XAUUSD,2025-07-15 02:00:00,3344.6,3349.27002,3342.4,3345.5,0,twelvedata,2025-08-26 19:26:43
710,XAUUSD,2025-07-15 03:00:00,3345.4,3351.72,3345.4,3351.050049,0,twelvedata,2025-08-26 19:26:43
711,XAUUSD,2025-07-15 04:00:00,3351.080078,3351.23999,3348.0,3348.8999,0,twelvedata,2025-08-26 19:26:43
712,XAUUSD,2025-07-15 05:00:00,3348.79,3350.46,3343.16,3344.07,0,twelvedata,2025-08-26 19:26:43
713,XAUUSD,2025-07-15 06:00:00,3344.06,3345.58,3341.36011,3342.4,0,twelvedata,2025-08-26 19:26:43
714,XAUUSD,2025-07-15 07:00:00,3342.4,3348.1,3341.1,3347.2,0,twelvedata,2025-08-26 19:26:43
715,XAUUSD,2025-07-15 08:00:00,3342.1,3345.8,3341.21,3345.8,0,twelvedata,2025-08-26 19:26:43
716,XAUUSD,2025-07-15 09:00:00,3345.66992,3346.54004,3343.9,3345.3999,0,twelvedata,2025-08-26 19:26:43
717,XAUUSD,2025-07-15 10:00:00,3345.58,3349.28,3344.74,3347.53,0,twelvedata,2025-08-26 19:26:43
718,XAUUSD,2025-07-15 11:00:00,3347.5,3350.67993,3346.1,3346.41,0,twelvedata,2025-08-26 19:26:43
719,XAUUSD,2025-07-15 12:00:00,3346.46,3352.080078,3345.79,3350.98999,0,twelvedata,2025-08-26 19:26:43
720,XAUUSD,2025-07-15 13:00:00,3350.83,3358.27,3350.61,3357.97998,0,twelvedata,2025-08-26 19:26:43
721,XAUUSD,2025-07-15 14:00:00,3357.86,3361.33,3357.56,3360.13,0,twelvedata,2025-08-26 19:26:43
722,XAUUSD,2025-07-15 15:00:00,3360.21,3365.28003,3360.21,3362.13,0,twelvedata,2025-08-26 19:26:43
723,XAUUSD,2025-07-15 16:00:00,3362.04,3363.97,3357.69,3358.1,0,twelvedata,2025-08-26 19:26:43
724,XAUUSD,2025-07-15 17:00:00,3358.3,3365.12,3357.41,3364.3,0,twelvedata,2025-08-26 19:26:43
725,XAUUSD,2025-07-15 18:00:00,3363.77,3365.51,3357.02,3360.93,0,twelvedata,2025-08-26 19:26:43
726,XAUUSD,2025-07-15 19:00:00,3360.9,3364.63,3358.3,3363.34,0,twelvedata,2025-08-26 19:26:43
727,XAUUSD,2025-07-15 20:00:00,3363.41,3366.24,3361.15,3361.24,0,twelvedata,2025-08-26 19:26:43
728,XAUUSD,2025-07-15 21:00:00,3361.40991,3361.9,3354.11,3354.94995,0,twelvedata,2025-08-26 19:26:43
729,XAUUSD,2025-07-15 22:00:00,3355.01001,3360.12,3346.57007,3348.8999,0,twelvedata,2025-08-26 19:26:43
730,XAUUSD,2025-07-15 23:00:00,3349.07,3352.55005,3334.53003,3343.3,0,twelvedata,2025-08-26 19:26:43
731,XAUUSD,2025-07-16 00:00:00,3347.51001,3352.12988,3341.5,3347.96997,0,twelvedata,2025-08-26 19:26:43
732,XAUUSD,2025-07-16 01:00:00,3348.01001,3349.90991,3325.55005,3328.0,0,twelvedata,2025-08-26 19:26:43
733,XAUUSD,2025-07-16 02:00:00,3328.96997,3330.0,3320.36011,3329.25,0,twelvedata,2025-08-26 19:26:43
734,XAUUSD,2025-07-16 03:00:00,3329.43994,3331.9,3325.93994,3328.23999,0,twelvedata,2025-08-26 19:26:43
735,XAUUSD,2025-07-16 04:00:00,3328.07,3331.85,3325.8,3328.87,0,twelvedata,2025-08-26 19:26:43
736,XAUUSD,2025-07-16 05:00:00,3329.12012,3331.24,3326.52,3330.39,0,twelvedata,2025-08-26 19:26:43
737,XAUUSD,2025-07-16 06:00:00,3330.41,3331.070068,3324.6,3324.6,0,twelvedata,2025-08-26 19:26:43
738,XAUUSD,2025-07-16 07:00:00,3324.3,3331.0,3323.3,3329.4,0,twelvedata,2025-08-26 19:26:43
739,XAUUSD,2025-07-16 08:00:00,3324.1,3327.76001,3323.61,3326.51,0,twelvedata,2025-08-26 19:26:43
740,XAUUSD,2025-07-16 09:00:00,3326.63989,3331.76001,3326.38989,3331.15991,0,twelvedata,2025-08-26 19:26:43
741,XAUUSD,2025-07-16 10:00:00,3331.17993,3332.58,3328.85,3330.65991,0,twelvedata,2025-08-26 19:26:43
742,XAUUSD,2025-07-16 11:00:00,3330.57,3335.080078,3328.9,3331.01001,0,twelvedata,2025-08-26 19:26:43
743,XAUUSD,2025-07-16 12:00:00,3331.01,3331.43,3325.18994,3326.14,0,twelvedata,2025-08-26 19:26:43
744,XAUUSD,2025-07-16 13:00:00,3325.96,3335.01001,3325.86,3334.48999,0,twelvedata,2025-08-26 19:26:43
745,XAUUSD,2025-07-16 14:00:00,3334.28,3338.54,3332.77,3338.3,0,twelvedata,2025-08-26 19:26:43
746,XAUUSD,2025-07-16 15:00:00,3338.3,3339.93994,3335.69995,3338.22998,0,twelvedata,2025-08-26 19:26:43
747,XAUUSD,2025-07-16 16:00:00,3337.68,3341.9,3337.68,3339.23999,0,twelvedata,2025-08-26 19:26:43
748,XAUUSD,2025-07-16 17:00:00,3339.26,3340.12988,3335.91,3337.84,0,twelvedata,2025-08-26 19:26:43
749,XAUUSD,2025-07-16 18:00:00,3337.91,3342.61,3337.76,3342.0,0,twelvedata,2025-08-26 19:26:43
750,XAUUSD,2025-07-16 19:00:00,3341.92,3342.83,3339.12,3339.94,0,twelvedata,2025-08-26 19:26:43
751,XAUUSD,2025-07-16 20:00:00,3339.89,3340.32,3333.97,3334.89,0,twelvedata,2025-08-26 19:26:43
752,XAUUSD,2025-07-16 21:00:00,3334.98999,3340.16,3333.74,3339.12,0,twelvedata,2025-08-26 19:26:43
753,XAUUSD,2025-07-16 22:00:00,3339.08,3340.44,3331.13,3334.62988,0,twelvedata,2025-08-26 19:26:43
754,XAUUSD,2025-07-16 23:00:00,3334.77002,3339.54004,3322.12988,3326.92993,0,twelvedata,2025-08-26 19:26:43
755,XAUUSD,2025-07-17 00:00:00,3326.70996,3342.42993,3319.92993,3337.78003,0,twelvedata,2025-08-26 19:26:43
756,XAUUSD,2025-07-17 01:00:00,3338.1499,3377.18994,3334.1,3341.1,0,twelvedata,2025-08-26 19:26:43
757,XAUUSD,2025-07-17 02:00:00,3339.7,3353.29004,3335.7,3347.0,0,twelvedata,2025-08-26 19:26:43
758,XAUUSD,2025-07-17 03:00:00,3347.0,3356.15991,3346.5,3354.88989,0,twelvedata,2025-08-26 19:26:43
759,XAUUSD,2025-07-17 04:00:00,3355.070068,3356.73999,3345.4,3345.9,0,twelvedata,2025-08-26 19:26:43
760,XAUUSD,2025-07-17 05:00:00,3345.3,3349.62012,3341.7,3344.0,0,twelvedata,2025-08-26 19:26:43
761,XAUUSD,2025-07-17 06:00:00,3347.15991,3349.17993,3341.6,3344.7,0,twelvedata,2025-08-26 19:26:43
762,XAUUSD,2025-07-17 07:00:00,3344.7,3346.0,3338.8,3342.1,0,twelvedata,2025-08-26 19:26:43
763,XAUUSD,2025-07-17 08:00:00,3347.72,3352.25,3347.57,3349.41,0,twelvedata,2025-08-26 19:26:43
764,XAUUSD,2025-07-17 09:00:00,3349.6499,3350.27002,3345.21,3346.41,0,twelvedata,2025-08-26 19:26:43
765,XAUUSD,2025-07-17 10:00:00,3346.49,3347.3,3339.57,3340.8999,0,twelvedata,2025-08-26 19:26:43
766,XAUUSD,2025-07-17 11:00:00,3340.73,3344.6499,3336.8,3344.16992,0,twelvedata,2025-08-26 19:26:43
767,XAUUSD,2025-07-17 12:00:00,3344.13989,3344.84009,3337.8999,3341.33,0,twelvedata,2025-08-26 19:26:43
768,XAUUSD,2025-07-17 13:00:00,3341.39,3342.35,3336.42,3341.54,0,twelvedata,2025-08-26 19:26:43
769,XAUUSD,2025-07-17 14:00:00,3341.3,3344.74,3335.2,3342.73,0,twelvedata,2025-08-26 19:26:43
770,XAUUSD,2025-07-17 15:00:00,3342.67,3342.92,3336.0,3339.3,0,twelvedata,2025-08-26 19:26:43
771,XAUUSD,2025-07-17 16:00:00,3339.67,3339.71,3327.4,3335.33,0,twelvedata,2025-08-26 19:26:43
772,XAUUSD,2025-07-17 17:00:00,3335.26,3336.22998,3325.19,3325.83,0,twelvedata,2025-08-26 19:26:43
773,XAUUSD,2025-07-17 18:00:00,3325.94,3332.070068,3325.62,3328.73,0,twelvedata,2025-08-26 19:26:43
774,XAUUSD,2025-07-17 19:00:00,3328.63,3332.46,3325.0,3325.65,0,twelvedata,2025-08-26 19:26:43
775,XAUUSD,2025-07-17 20:00:00,3325.59,3331.05,3325.17,3325.9,0,twelvedata,2025-08-26 19:26:43
776,XAUUSD,2025-07-17 21:00:00,3325.41,3328.49,3322.34,3324.2,0,twelvedata,2025-08-26 19:26:43
777,XAUUSD,2025-07-17 22:00:00,3324.19,3328.51001,3309.98999,3313.16992,0,twelvedata,2025-08-26 19:26:43
778,XAUUSD,2025-07-17 23:00:00,3313.52002,3321.91992,3311.3999,3319.33008,0,twelvedata,2025-08-26 19:26:43
779,XAUUSD,2025-07-18 00:00:00,3319.13989,3334.79004,3318.37012,3333.1,0,twelvedata,2025-08-26 19:26:43
780,XAUUSD,2025-07-18 01:00:00,3333.2,3338.47998,3331.41992,3336.95996,0,twelvedata,2025-08-26 19:26:43
781,XAUUSD,2025-07-18 02:00:00,3336.8999,3339.93,3335.5,3338.87988,0,twelvedata,2025-08-26 19:26:43
782,XAUUSD,2025-07-18 03:00:00,3339.11011,3341.02,3336.36,3337.38,0,twelvedata,2025-08-26 19:26:43
783,XAUUSD,2025-07-18 04:00:00,3337.47,3338.94,3335.65,3338.63989,0,twelvedata,2025-08-26 19:26:43
784,XAUUSD,2025-07-18 05:00:00,3338.6,3340.82,3338.3,3339.76,0,twelvedata,2025-08-26 19:26:43
785,XAUUSD,2025-07-18 06:00:00,3339.69,3340.26,3335.9,3337.6,0,twelvedata,2025-08-26 19:26:43
786,XAUUSD,2025-07-18 07:00:00,3303.71,3340.7,3303.71,3334.4,0,twelvedata,2025-08-26 19:26:43
787,XAUUSD,2025-07-18 08:00:00,3338.3,3343.89,3338.09,3343.38989,0,twelvedata,2025-08-26 19:26:43
788,XAUUSD,2025-07-18 09:00:00,3343.17,3343.48999,3339.5,3340.12,0,twelvedata,2025-08-26 19:26:43
789,XAUUSD,2025-07-18 10:00:00,3340.19,3341.42,3338.01,3339.92993,0,twelvedata,2025-08-26 19:26:43
790,XAUUSD,2025-07-18 11:00:00,3340.08,3342.88,3335.41992,3337.71,0,twelvedata,2025-08-26 19:26:43
791,XAUUSD,2025-07-18 12:00:00,3337.61,3344.09,3334.5,3337.71,0,twelvedata,2025-08-26 19:26:43
792,XAUUSD,2025-07-18 13:00:00,3337.74,3338.46,3334.19995,3334.69995,0,twelvedata,2025-08-26 19:26:43
793,XAUUSD,2025-07-18 14:00:00,3334.52,3337.28,3332.0,3336.94,0,twelvedata,2025-08-26 19:26:43
794,XAUUSD,2025-07-18 15:00:00,3336.85,3340.1,3333.38,3333.45,0,twelvedata,2025-08-26 19:26:43
795,XAUUSD,2025-07-18 16:00:00,3333.39,3342.62,3332.01001,3342.07,0,twelvedata,2025-08-26 19:26:43
796,XAUUSD,2025-07-18 17:00:00,3341.79,3349.96,3340.0,3349.78,0,twelvedata,2025-08-26 19:26:43
797,XAUUSD,2025-07-18 18:00:00,3349.54,3350.43,3346.18,3347.47,0,twelvedata,2025-08-26 19:26:43
798,XAUUSD,2025-07-18 19:00:00,3347.44,3354.85,3347.39,3349.0,0,twelvedata,2025-08-26 19:26:43
799,XAUUSD,2025-07-18 20:00:00,3352.22,3352.72998,3345.4,3351.36,0,twelvedata,2025-08-26 19:26:43
800,XAUUSD,2025-07-18 21:00:00,3351.25,3357.59,3346.6,3354.3501,0,twelvedata,2025-08-26 19:26:43
801,XAUUSD,2025-07-18 22:00:00,3351.3,3361.28003,3351.3,3359.94,0,twelvedata,2025-08-26 19:26:43
802,XAUUSD,2025-07-18 23:00:00,3360.11011,3360.31006,3348.7,3353.6,0,twelvedata,2025-08-26 19:26:43
803,XAUUSD,2025-07-19 00:00:00,3354.1,3359.16992,3345.8,3350.7,0,twelvedata,2025-08-26 19:26:43
804,XAUUSD,2025-07-19 01:00:00,3354.83008,3356.02002,3347.6,3353.73999,0,twelvedata,2025-08-26 19:26:43
805,XAUUSD,2025-07-19 02:00:00,3351.2,3357.43994,3348.2,3352.2,0,twelvedata,2025-08-26 19:26:43
806,XAUUSD,2025-07-19 03:00:00,3353.78003,3353.82007,3348.6,3350.7,0,twelvedata,2025-08-26 19:26:43
807,XAUUSD,2025-07-19 04:00:00,3352.44995,3353.26001,3349.1,3351.46997,0,twelvedata,2025-08-26 19:26:43
808,XAUUSD,2025-07-19 05:00:00,3351.37012,3352.82007,3347.65,3348.2,0,twelvedata,2025-08-26 19:26:43
809,XAUUSD,2025-07-19 06:00:00,3348.27,3351.79,3346.3,3347.9,0,twelvedata,2025-08-26 19:26:43
810,XAUUSD,2025-07-19 07:00:00,3347.6,3348.2,3345.9,3346.5,0,twelvedata,2025-08-26 19:26:43
811,XAUUSD,2025-07-19 08:00:00,3347.4,3347.5,3346.5,3346.9,0,twelvedata,2025-08-26 19:26:43
812,XAUUSD,2025-07-19 09:00:00,3346.9,3347.3,3344.5,3345.1,0,twelvedata,2025-08-26 19:26:43
813,XAUUSD,2025-07-19 10:00:00,3345.1,3345.8,3344.8,3345.4,0,twelvedata,2025-08-26 19:26:43
814,XAUUSD,2025-07-19 11:00:00,3345.4,3345.4,3344.4,3344.4,0,twelvedata,2025-08-26 19:26:43
815,XAUUSD,2025-07-19 12:00:00,3344.4,3344.9,3341.9,3342.9,0,twelvedata,2025-08-26 19:26:43
816,XAUUSD,2025-07-19 13:00:00,3343.0,3346.7,3342.9,3344.6,0,twelvedata,2025-08-26 19:26:43
817,XAUUSD,2025-07-19 14:00:00,3344.3,3347.5,3344.3,3345.7,0,twelvedata,2025-08-26 19:26:43
818,XAUUSD,2025-07-19 15:00:00,3345.8,3347.6,3345.4,3347.6,0,twelvedata,2025-08-26 19:26:43
819,XAUUSD,2025-07-19 16:00:00,3347.6,3351.9,3347.6,3350.3,0,twelvedata,2025-08-26 19:26:43
820,XAUUSD,2025-07-19 17:00:00,3349.8,3351.8,3349.5,3349.8,0,twelvedata,2025-08-26 19:26:43
821,XAUUSD,2025-07-19 18:00:00,3350.7,3351.6,3349.0,3350.6,0,twelvedata,2025-08-26 19:26:43
822,XAUUSD,2025-07-19 19:00:00,3350.7,3352.6,3349.7,3351.3,0,twelvedata,2025-08-26 19:26:43
823,XAUUSD,2025-07-19 20:00:00,3349.9,3352.2,3348.6,3349.8,0,twelvedata,2025-08-26 19:26:43
824,XAUUSD,2025-07-19 21:00:00,3349.9,3350.4,3348.3,3348.3,0,twelvedata,2025-08-26 19:26:43
825,XAUUSD,2025-07-19 22:00:00,3349.5,3350.2,3347.3,3348.2,0,twelvedata,2025-08-26 19:26:43
826,XAUUSD,2025-07-19 23:00:00,3348.2,3348.6,3347.8,3348.0,0,twelvedata,2025-08-26 19:26:43
827,XAUUSD,2025-07-21 00:00:00,3349.4,3349.6,3348.1,3348.1,0,twelvedata,2025-08-26 19:26:43
828,XAUUSD,2025-07-21 01:00:00,3348.4,3349.9,3346.9,3347.9,0,twelvedata,2025-08-26 19:26:43
829,XAUUSD,2025-07-21 02:00:00,3347.9,3352.8,3346.3,3350.0,0,twelvedata,2025-08-26 19:26:43
830,XAUUSD,2025-07-21 03:00:00,3349.9,3352.4,3346.9,3348.1,0,twelvedata,2025-08-26 19:26:43
831,XAUUSD,2025-07-21 04:00:00,3348.2,3348.5,3347.5,3347.6,0,twelvedata,2025-08-26 19:26:43
832,XAUUSD,2025-07-21 05:00:00,3348.1,3348.5,3347.3,3347.6,0,twelvedata,2025-08-26 19:26:43
833,XAUUSD,2025-07-21 06:00:00,3347.4,3347.6,3347.0,3347.3,0,twelvedata,2025-08-26 19:26:43
834,XAUUSD,2025-07-21 08:00:00,3345.0,3350.16992,3345.0,3347.63,0,twelvedata,2025-08-26 19:26:43
835,XAUUSD,2025-07-21 09:00:00,3347.5,3349.45,3345.48,3349.07,0,twelvedata,2025-08-26 19:26:43
836,XAUUSD,2025-07-21 10:00:00,3349.23,3354.62012,3347.63,3352.2,0,twelvedata,2025-08-26 19:26:43
837,XAUUSD,2025-07-21 11:00:00,3351.88,3358.58008,3351.88,3356.61011,0,twelvedata,2025-08-26 19:26:43
838,XAUUSD,2025-07-21 12:00:00,3356.19,3357.33008,3352.25,3354.07,0,twelvedata,2025-08-26 19:26:43
839,XAUUSD,2025-07-21 13:00:00,3354.06,3356.8999,3351.22998,3351.38989,0,twelvedata,2025-08-26 19:26:43
840,XAUUSD,2025-07-21 14:00:00,3351.19,3358.68,3350.68,3357.81,0,twelvedata,2025-08-26 19:26:43
841,XAUUSD,2025-07-21 15:00:00,3357.65,3369.54,3357.65,3366.62,0,twelvedata,2025-08-26 19:26:43
842,XAUUSD,2025-07-21 16:00:00,3366.80005,3370.75,3359.0,3368.17,0,twelvedata,2025-08-26 19:26:43
843,XAUUSD,2025-07-21 17:00:00,3368.23,3370.41,3359.1,3364.71,0,twelvedata,2025-08-26 19:26:43
844,XAUUSD,2025-07-21 18:00:00,3364.48,3366.84,3363.07,3365.86,0,twelvedata,2025-08-26 19:26:43
845,XAUUSD,2025-07-21 19:00:00,3365.91,3366.39,3363.0,3366.04,0,twelvedata,2025-08-26 19:26:43
846,XAUUSD,2025-07-21 20:00:00,3366.09,3367.99,3363.0,3366.05,0,twelvedata,2025-08-26 19:26:43
847,XAUUSD,2025-07-21 21:00:00,3366.23,3375.54,3365.24,3375.48,0,twelvedata,2025-08-26 19:26:43
848,XAUUSD,2025-07-21 22:00:00,3375.19,3388.58,3374.58008,3387.17,0,twelvedata,2025-08-26 19:26:43
849,XAUUSD,2025-07-21 23:00:00,3387.38,3395.23999,3383.56,3388.78003,0,twelvedata,2025-08-26 19:26:43
850,XAUUSD,2025-07-22 00:00:00,3388.45996,3401.3999,3386.27002,3400.51001,0,twelvedata,2025-08-26 19:26:43
851,XAUUSD,2025-07-22 01:00:00,3400.6499,3401.01001,3394.89,3398.1001,0,twelvedata,2025-08-26 19:26:43
852,XAUUSD,2025-07-22 02:00:00,3397.2,3398.94995,3392.16,3395.63989,0,twelvedata,2025-08-26 19:26:43
853,XAUUSD,2025-07-22 03:00:00,3395.6499,3395.84009,3391.6499,3393.43994,0,twelvedata,2025-08-26 19:26:43
854,XAUUSD,2025-07-22 04:00:00,3393.37988,3395.83,3393.16992,3395.45,0,twelvedata,2025-08-26 19:26:43
855,XAUUSD,2025-07-22 05:00:00,3395.51,3399.8501,3395.18,3398.97,0,twelvedata,2025-08-26 19:26:43
856,XAUUSD,2025-07-22 06:00:00,3399.04,3399.4,3395.59,3397.33,0,twelvedata,2025-08-26 19:26:43
857,XAUUSD,2025-07-22 07:00:00,3397.33,3397.34,3390.59,3395.18,0,twelvedata,2025-08-26 19:26:43
858,XAUUSD,2025-07-22 08:00:00,3398.0,3401.17993,3397.32,3399.15,0,twelvedata,2025-08-26 19:26:43
859,XAUUSD,2025-07-22 09:00:00,3399.46,3402.53,3393.37988,3396.53,0,twelvedata,2025-08-26 19:26:43
860,XAUUSD,2025-07-22 10:00:00,3396.52,3397.6,3390.4,3394.3,0,twelvedata,2025-08-26 19:26:43
861,XAUUSD,2025-07-22 11:00:00,3394.23,3395.96997,3385.22998,3386.0,0,twelvedata,2025-08-26 19:26:43
862,XAUUSD,2025-07-22 12:00:00,3385.94,3392.1001,3385.32,3391.54,0,twelvedata,2025-08-26 19:26:43
863,XAUUSD,2025-07-22 13:00:00,3391.36,3393.56006,3388.77,3392.55,0,twelvedata,2025-08-26 19:26:43
864,XAUUSD,2025-07-22 14:00:00,3392.48,3392.5,3388.12988,3391.03,0,twelvedata,2025-08-26 19:26:43
865,XAUUSD,2025-07-22 15:00:00,3391.25,3391.88,3384.7,3385.56006,0,twelvedata,2025-08-26 19:26:43
866,XAUUSD,2025-07-22 16:00:00,3385.33,3387.73,3384.5,3384.71,0,twelvedata,2025-08-26 19:26:43
867,XAUUSD,2025-07-22 17:00:00,3385.11,3387.54,3383.24,3387.54,0,twelvedata,2025-08-26 19:26:43
868,XAUUSD,2025-07-22 18:00:00,3387.34,3390.16,3386.15,3388.92,0,twelvedata,2025-08-26 19:26:43
869,XAUUSD,2025-07-22 19:00:00,3388.88,3390.57,3384.59,3386.27002,0,twelvedata,2025-08-26 19:26:43
870,XAUUSD,2025-07-22 20:00:00,3386.05,3388.64,3385.86,3387.08,0,twelvedata,2025-08-26 19:26:43
871,XAUUSD,2025-07-22 21:00:00,3387.17993,3391.69,3386.69,3391.25,0,twelvedata,2025-08-26 19:26:43
872,XAUUSD,2025-07-22 22:00:00,3391.26,3407.89,3391.22,3407.7,0,twelvedata,2025-08-26 19:26:43
873,XAUUSD,2025-07-22 23:00:00,3407.63,3420.0,3406.54,3412.55005,0,twelvedata,2025-08-26 19:26:43
874,XAUUSD,2025-07-23 00:00:00,3412.40991,3427.70996,3405.12012,3424.01,0,twelvedata,2025-08-26 19:26:43
875,XAUUSD,2025-07-23 01:00:00,3424.01,3429.27002,3422.43,3423.23,0,twelvedata,2025-08-26 19:26:43
876,XAUUSD,2025-07-23 02:00:00,3423.1,3432.90991,3423.09,3432.25,0,twelvedata,2025-08-26 19:26:43
877,XAUUSD,2025-07-23 03:00:00,3432.26001,3433.43994,3426.61011,3429.33,0,twelvedata,2025-08-26 19:26:43
878,XAUUSD,2025-07-23 04:00:00,3429.39,3431.01,3427.94,3429.69,0,twelvedata,2025-08-26 19:26:43
879,XAUUSD,2025-07-23 05:00:00,3429.52,3432.5,3429.05,3431.62012,0,twelvedata,2025-08-26 19:26:43
880,XAUUSD,2025-07-23 06:00:00,3431.66992,3432.72998,3426.25,3427.09,0,twelvedata,2025-08-26 19:26:43
881,XAUUSD,2025-07-23 07:00:00,3427.08,3430.0,3427.08,3429.2,0,twelvedata,2025-08-26 19:26:43
882,XAUUSD,2025-07-23 08:00:00,3430.27,3432.53,3427.5,3427.83,0,twelvedata,2025-08-26 19:26:43
883,XAUUSD,2025-07-23 09:00:00,3427.9,3433.28003,3426.24,3427.41,0,twelvedata,2025-08-26 19:26:43
884,XAUUSD,2025-07-23 10:00:00,3427.36,3437.79004,3427.36,3428.93994,0,twelvedata,2025-08-26 19:26:43
885,XAUUSD,2025-07-23 11:00:00,3428.64,3430.70996,3420.94,3420.96,0,twelvedata,2025-08-26 19:26:43
886,XAUUSD,2025-07-23 12:00:00,3420.87988,3424.95,3418.0,3422.93,0,twelvedata,2025-08-26 19:26:43
887,XAUUSD,2025-07-23 13:00:00,3422.85,3428.86011,3422.82,3423.1001,0,twelvedata,2025-08-26 19:26:43
888,XAUUSD,2025-07-23 14:00:00,3423.18994,3425.26,3421.95,3423.56,0,twelvedata,2025-08-26 19:26:43
889,XAUUSD,2025-07-23 15:00:00,3423.65,3423.65,3416.28,3420.44995,0,twelvedata,2025-08-26 19:26:43
890,XAUUSD,2025-07-23 16:00:00,3420.57007,3425.18,3420.48999,3425.16,0,twelvedata,2025-08-26 19:26:43
891,XAUUSD,2025-07-23 17:00:00,3425.16,3429.67,3420.61,3421.6,0,twelvedata,2025-08-26 19:26:43
892,XAUUSD,2025-07-23 18:00:00,3421.61,3427.81,3421.61,3427.59,0,twelvedata,2025-08-26 19:26:43
893,XAUUSD,2025-07-23 19:00:00,3427.6,3432.44,3427.6,3430.8,0,twelvedata,2025-08-26 19:26:43
894,XAUUSD,2025-07-23 20:00:00,3430.79,3430.8,3422.67,3424.13,0,twelvedata,2025-08-26 19:26:43
895,XAUUSD,2025-07-23 21:00:00,3424.14,3429.8,3422.2,3428.98,0,twelvedata,2025-08-26 19:26:43
896,XAUUSD,2025-07-23 22:00:00,3428.98,3429.85,3420.0,3421.06,0,twelvedata,2025-08-26 19:26:43
897,XAUUSD,2025-07-23 23:00:00,3421.07,3421.07,3408.99,3413.2,0,twelvedata,2025-08-26 19:26:43
898,XAUUSD,2025-07-24 00:00:00,3413.35,3417.02,3408.72,3411.81,0,twelvedata,2025-08-26 19:26:43
899,XAUUSD,2025-07-24 01:00:00,3411.81,3414.82,3400.0,3400.21,0,twelvedata,2025-08-26 19:26:43
900,XAUUSD,2025-07-24 02:00:00,3400.2,3400.2,3386.11,3389.8,0,twelvedata,2025-08-26 19:26:43
901,XAUUSD,2025-07-24 03:00:00,3390.0,3395.7,3388.61,3395.1,0,twelvedata,2025-08-26 19:26:43
902,XAUUSD,2025-07-24 04:00:00,3395.35,3398.6,3393.94,3398.33,0,twelvedata,2025-08-26 19:26:43
903,XAUUSD,2025-07-24 05:00:00,3398.33,3400.0,3392.6,3393.54,0,twelvedata,2025-08-26 19:26:43
904,XAUUSD,2025-07-24 06:00:00,3393.55,3395.34,3389.02,3389.03,0,twelvedata,2025-08-26 19:26:43
905,XAUUSD,2025-07-24 07:00:00,3389.03,3394.72,3388.14,3394.61,0,twelvedata,2025-08-26 19:26:43
906,XAUUSD,2025-07-24 08:00:00,3394.62,3395.47,3391.63,3391.63,0,twelvedata,2025-08-26 19:26:43
907,XAUUSD,2025-07-24 09:00:00,3391.62,3395.05,3391.0,3393.79,0,twelvedata,2025-08-26 19:26:43
908,XAUUSD,2025-07-24 10:00:00,3393.79,3396.34,3393.4,3395.51,0,twelvedata,2025-08-26 19:26:43
909,XAUUSD,2025-07-24 11:00:00,3395.51,3395.9,3388.79,3390.48,0,twelvedata,2025-08-26 19:26:43
910,XAUUSD,2025-07-24 12:00:00,3390.48,3391.68,3383.85,3386.8,0,twelvedata,2025-08-26 19:26:43
911,XAUUSD,2025-07-24 13:00:00,3386.72,3388.52,3380.0,3386.81,0,twelvedata,2025-08-26 19:26:43
912,XAUUSD,2025-07-24 14:00:00,3386.8,3387.35,3383.48,3384.39,0,twelvedata,2025-08-26 19:26:43
913,XAUUSD,2025-07-24 15:00:00,3384.39,3384.39,3377.6,3379.57,0,twelvedata,2025-08-26 19:26:43
914,XAUUSD,2025-07-24 16:00:00,3379.58,3379.8,3374.5,3378.26,0,twelvedata,2025-08-26 19:26:43
915,XAUUSD,2025-07-24 17:00:00,3378.27,3380.86,3372.01,3373.22,0,twelvedata,2025-08-26 19:26:43
916,XAUUSD,2025-07-24 18:00:00,3373.23,3379.28,3371.6,3373.97,0,twelvedata,2025-08-26 19:26:43
917,XAUUSD,2025-07-24 19:00:00,3373.97,3373.97,3368.22,3368.36,0,twelvedata,2025-08-26 19:26:43
918,XAUUSD,2025-07-24 20:00:00,3368.36,3371.27,3368.34,3368.64,0,twelvedata,2025-08-26 19:26:43
919,XAUUSD,2025-07-24 21:00:00,3368.64,3371.18,3367.35,3367.79,0,twelvedata,2025-08-26 19:26:43
920,XAUUSD,2025-07-24 22:00:00,3367.79,3369.4,3360.01,3361.18,0,twelvedata,2025-08-26 19:26:43
921,XAUUSD,2025-07-24 23:00:00,3361.17,3372.17993,3359.33,3366.97998,0,twelvedata,2025-08-26 19:26:43
922,XAUUSD,2025-07-25 00:00:00,3366.84009,3379.61,3365.96997,3377.81,0,twelvedata,2025-08-26 19:26:43
923,XAUUSD,2025-07-25 01:00:00,3377.8,3379.2,3370.6001,3376.61,0,twelvedata,2025-08-26 19:26:43
924,XAUUSD,2025-07-25 02:00:00,3376.61,3377.7,3367.090088,3373.4,0,twelvedata,2025-08-26 19:26:43
925,XAUUSD,2025-07-25 03:00:00,3367.01001,3371.78003,3366.38989,3370.06,0,twelvedata,2025-08-26 19:26:43
926,XAUUSD,2025-07-25 04:00:00,3370.06,3373.35,3367.45,3372.1001,0,twelvedata,2025-08-26 19:26:43
927,XAUUSD,2025-07-25 05:00:00,3372.04,3373.18,3370.12,3370.43,0,twelvedata,2025-08-26 19:26:43
928,XAUUSD,2025-07-25 06:00:00,3370.48,3371.18,3367.1,3370.59,0,twelvedata,2025-08-26 19:26:43
929,XAUUSD,2025-07-25 07:00:00,3370.59,3370.59,3368.79,3368.91,0,twelvedata,2025-08-26 19:26:43
930,XAUUSD,2025-07-25 08:00:00,3366.86,3369.81,3365.33008,3368.91992,0,twelvedata,2025-08-26 19:26:43
931,XAUUSD,2025-07-25 09:00:00,3368.69,3371.5,3366.67,3369.58008,0,twelvedata,2025-08-26 19:26:43
932,XAUUSD,2025-07-25 10:00:00,3369.42,3373.55005,3368.56006,3372.17,0,twelvedata,2025-08-26 19:26:43
933,XAUUSD,2025-07-25 11:00:00,3372.41992,3372.72998,3366.67,3371.08,0,twelvedata,2025-08-26 19:26:43
934,XAUUSD,2025-07-25 12:00:00,3370.35,3370.53,3362.53003,3363.17993,0,twelvedata,2025-08-26 19:26:43
935,XAUUSD,2025-07-25 13:00:00,3363.080078,3363.45996,3358.94995,3359.21997,0,twelvedata,2025-08-26 19:26:43
936,XAUUSD,2025-07-25 14:00:00,3358.91,3363.44,3357.86,3360.94995,0,twelvedata,2025-08-26 19:26:43
937,XAUUSD,2025-07-25 15:00:00,3360.98,3368.0,3355.31,3358.62,0,twelvedata,2025-08-26 19:26:43
938,XAUUSD,2025-07-25 16:00:00,3358.53,3359.65,3354.82007,3359.35,0,twelvedata,2025-08-26 19:26:43
939,XAUUSD,2025-07-25 17:00:00,3359.19,3364.59,3353.0,3354.13989,0,twelvedata,2025-08-26 19:26:43
940,XAUUSD,2025-07-25 18:00:00,3354.060059,3355.29,3344.43,3345.6,0,twelvedata,2025-08-26 19:26:43
941,XAUUSD,2025-07-25 19:00:00,3345.36,3348.75,3343.1,3345.83,0,twelvedata,2025-08-26 19:26:43
942,XAUUSD,2025-07-25 20:00:00,3345.8999,3348.11,3341.06,3342.72,0,twelvedata,2025-08-26 19:26:43
943,XAUUSD,2025-07-25 21:00:00,3343.12,3352.16,3338.78003,3341.11011,0,twelvedata,2025-08-26 19:26:43
944,XAUUSD,2025-07-25 22:00:00,3341.23999,3344.07,3336.57,3340.87012,0,twelvedata,2025-08-26 19:26:43
945,XAUUSD,2025-07-25 23:00:00,3340.5,3347.53003,3336.95996,3343.97998,0,twelvedata,2025-08-26 19:26:43
946,XAUUSD,2025-07-26 00:00:00,3344.33008,3344.8999,3330.70996,3340.42,0,twelvedata,2025-08-26 19:26:43
947,XAUUSD,2025-07-26 01:00:00,3331.6001,3343.56,3327.61011,3327.86011,0,twelvedata,2025-08-26 19:26:43
948,XAUUSD,2025-07-26 02:00:00,3339.53,3342.3,3326.32007,3340.23,0,twelvedata,2025-08-26 19:26:43
949,XAUUSD,2025-07-26 03:00:00,3340.2,3341.35,3329.70996,3336.040039,0,twelvedata,2025-08-26 19:26:43
950,XAUUSD,2025-07-26 04:00:00,3336.08,3339.38989,3335.82,3338.84009,0,twelvedata,2025-08-26 19:26:43
951,XAUUSD,2025-07-26 05:00:00,3338.81,3340.3501,3337.29004,3337.58008,0,twelvedata,2025-08-26 19:26:43
952,XAUUSD,2025-07-26 06:00:00,3337.72,3347.17,3336.04,3347.17,0,twelvedata,2025-08-26 19:26:43
953,XAUUSD,2025-07-26 07:00:00,3347.16,3352.68,3345.6,3352.68,0,twelvedata,2025-08-26 19:26:43
954,XAUUSD,2025-07-26 08:00:00,3352.67,3354.77,3351.74,3354.01,0,twelvedata,2025-08-26 19:26:43
955,XAUUSD,2025-07-26 09:00:00,3354.01,3358.44,3345.72,3348.69,0,twelvedata,2025-08-26 19:26:43
956,XAUUSD,2025-07-26 10:00:00,3348.69,3354.18,3346.35,3353.7,0,twelvedata,2025-08-26 19:26:43
957,XAUUSD,2025-07-26 11:00:00,3353.7,3356.94,3353.7,3353.88,0,twelvedata,2025-08-26 19:26:43
958,XAUUSD,2025-07-26 12:00:00,3353.88,3357.57,3353.88,3356.79,0,twelvedata,2025-08-26 19:26:43
959,XAUUSD,2025-07-26 13:00:00,3356.79,3357.45,3354.59,3354.6,0,twelvedata,2025-08-26 19:26:43
960,XAUUSD,2025-07-26 14:00:00,3354.59,3354.59,3351.05,3354.37,0,twelvedata,2025-08-26 19:26:43
961,XAUUSD,2025-07-26 15:00:00,3354.37,3356.21,3354.28,3355.98,0,twelvedata,2025-08-26 19:26:43
962,XAUUSD,2025-07-26 16:00:00,3355.98,3356.81,3354.61,3356.13,0,twelvedata,2025-08-26 19:26:43
963,XAUUSD,2025-07-26 17:00:00,3356.14,3356.59,3356.1,3356.11,0,twelvedata,2025-08-26 19:26:43
964,XAUUSD,2025-07-26 18:00:00,3356.1,3356.17,3351.03,3352.01,0,twelvedata,2025-08-26 19:26:43
965,XAUUSD,2025-07-26 19:00:00,3352.0,3357.29,3351.4,3355.18,0,twelvedata,2025-08-26 19:26:43
966,XAUUSD,2025-07-26 20:00:00,3355.18,3357.96,3354.36,3354.71,0,twelvedata,2025-08-26 19:26:43
967,XAUUSD,2025-07-26 21:00:00,3354.71,3355.64,3354.71,3355.62,0,twelvedata,2025-08-26 19:26:43
968,XAUUSD,2025-07-26 22:00:00,3355.63,3355.63,3349.67,3353.14,0,twelvedata,2025-08-26 19:26:43
969,XAUUSD,2025-07-26 23:00:00,3353.15,3354.96,3352.95,3352.96,0,twelvedata,2025-08-26 19:26:43
970,XAUUSD,2025-07-28 07:00:00,3348.18,3349.26,3348.17,3349.26,0,twelvedata,2025-08-26 19:26:43
971,XAUUSD,2025-07-28 08:00:00,3349.37,3349.37,3340.0,3343.01,0,twelvedata,2025-08-26 19:26:43
972,XAUUSD,2025-07-28 09:00:00,3343.01,3349.59,3343.01,3345.45,0,twelvedata,2025-08-26 19:26:43
973,XAUUSD,2025-07-28 10:00:00,3345.46,3348.57,3342.94,3347.26,0,twelvedata,2025-08-26 19:26:43
974,XAUUSD,2025-07-28 11:00:00,3347.26,3351.53,3344.5,3344.5,0,twelvedata,2025-08-26 19:26:43
975,XAUUSD,2025-07-28 12:00:00,3344.5,3349.63,3344.31,3349.63,0,twelvedata,2025-08-26 19:26:43
976,XAUUSD,2025-07-28 13:00:00,3349.63,3350.48,3339.0,3347.44,0,twelvedata,2025-08-26 19:26:43
977,XAUUSD,2025-07-28 14:00:00,3347.58,3348.68,3344.2,3344.4,0,twelvedata,2025-08-26 19:26:43
978,XAUUSD,2025-07-28 15:00:00,3344.4,3351.01,3343.61,3349.6,0,twelvedata,2025-08-26 19:26:43
979,XAUUSD,2025-07-28 16:00:00,3349.4,3350.75,3344.0,3347.87,0,twelvedata,2025-08-26 19:26:43
980,XAUUSD,2025-07-28 17:00:00,3347.87,3348.8,3343.0,3343.38,0,twelvedata,2025-08-26 19:26:43
981,XAUUSD,2025-07-28 18:00:00,3343.39,3345.0,3340.63,3341.59,0,twelvedata,2025-08-26 19:26:43
982,XAUUSD,2025-07-28 19:00:00,3341.59,3348.84,3341.53,3345.62,0,twelvedata,2025-08-26 19:26:43
983,XAUUSD,2025-07-28 20:00:00,3345.62,3346.12,3342.56,3344.76,0,twelvedata,2025-08-26 19:26:43
984,XAUUSD,2025-07-28 21:00:00,3344.75,3344.76,3334.76,3339.14,0,twelvedata,2025-08-26 19:26:43
985,XAUUSD,2025-07-28 22:00:00,3339.31,3340.6,3332.0,3333.61,0,twelvedata,2025-08-26 19:26:43
986,XAUUSD,2025-07-28 23:00:00,3333.61,3335.59,3312.0,3312.03,0,twelvedata,2025-08-26 19:26:43
987,XAUUSD,2025-07-29 00:00:00,3312.02,3323.32,3312.02,3317.31,0,twelvedata,2025-08-26 19:26:43
988,XAUUSD,2025-07-29 01:00:00,3317.31,3326.74,3317.11,3324.2,0,twelvedata,2025-08-26 19:26:43
989,XAUUSD,2025-07-29 02:00:00,3324.21,3324.21,3315.0,3318.93,0,twelvedata,2025-08-26 19:26:43
990,XAUUSD,2025-07-29 03:00:00,3318.93,3319.59,3316.67,3319.57,0,twelvedata,2025-08-26 19:26:43
991,XAUUSD,2025-07-29 04:00:00,3319.58,3324.29,3318.4,3322.93,0,twelvedata,2025-08-26 19:26:43
992,XAUUSD,2025-07-29 05:00:00,3322.86,3325.26,3318.82,3322.81,0,twelvedata,2025-08-26 19:26:43
993,XAUUSD,2025-07-29 06:00:00,3322.81,3325.36,3322.0,3322.01,0,twelvedata,2025-08-26 19:26:43
994,XAUUSD,2025-07-29 07:00:00,3322.01,3328.0,3322.0,3326.8,0,twelvedata,2025-08-26 19:26:43
995,XAUUSD,2025-07-29 08:00:00,3326.81,3326.81,3321.07,3323.64,0,twelvedata,2025-08-26 19:26:43
996,XAUUSD,2025-07-29 09:00:00,3323.63,3324.59,3320.21,3320.59,0,twelvedata,2025-08-26 19:26:43
997,XAUUSD,2025-07-29 10:00:00,3320.34,3323.96,3318.39,3320.79,0,twelvedata,2025-08-26 19:26:43
998,XAUUSD,2025-07-29 11:00:00,3320.79,3327.78,3318.74,3326.99,0,twelvedata,2025-08-26 19:26:43
999,XAUUSD,2025-07-29 12:00:00,3326.99,3329.91,3326.15,3326.68,0,twelvedata,2025-08-26 19:26:43
1000,XAUUSD,2025-07-29 13:00:00,3326.67,3326.67,3320.48,3322.02,0,twelvedata,2025-08-26 19:26:43
1001,XAUUSD,2025-07-29 14:00:00,3322.01,3325.57,3320.0,3325.5,0,twelvedata,2025-08-26 19:26:43
1002,XAUUSD,2025-07-29 15:00:00,3325.0,3328.27,3322.82,3328.2,0,twelvedata,2025-08-26 19:26:43
1003,XAUUSD,2025-07-29 16:00:00,3328.26,3329.61,3326.37,3326.37,0,twelvedata,2025-08-26 19:26:43
1004,XAUUSD,2025-07-29 17:00:00,3326.37,3327.11,3321.01,3325.08,0,twelvedata,2025-08-26 19:26:43
1005,XAUUSD,2025-07-29 18:00:00,3325.19,3335.0,3324.6,3333.43,0,twelvedata,2025-08-26 19:26:43
1006,XAUUSD,2025-07-29 19:00:00,3333.42,3333.43,3327.8,3329.1,0,twelvedata,2025-08-26 19:26:43
1007,XAUUSD,2025-07-29 20:00:00,3329.1,3330.63,3327.63,3328.6,0,twelvedata,2025-08-26 19:26:43
1008,XAUUSD,2025-07-29 21:00:00,3328.4,3328.48,3322.85,3323.6,0,twelvedata,2025-08-26 19:26:43
1009,XAUUSD,2025-07-29 22:00:00,3323.6,3330.79,3323.6,3330.61,0,twelvedata,2025-08-26 19:26:43
1010,XAUUSD,2025-07-29 23:00:00,3330.37,3330.38,3321.01,3323.37,0,twelvedata,2025-08-26 19:26:43
1011,XAUUSD,2025-07-30 00:00:00,3324.29,3333.82,3320.53,3332.8,0,twelvedata,2025-08-26 19:26:43
1012,XAUUSD,2025-07-30 01:00:00,3332.79,3337.27,3325.63,3325.73,0,twelvedata,2025-08-26 19:26:43
1013,XAUUSD,2025-07-30 02:00:00,3325.95,3331.85,3325.0,3331.4,0,twelvedata,2025-08-26 19:26:43
1014,XAUUSD,2025-07-30 03:00:00,3331.4,3336.0,3331.39,3335.55,0,twelvedata,2025-08-26 19:26:43
1015,XAUUSD,2025-07-30 04:00:00,3335.56,3338.09,3334.34,3334.59,0,twelvedata,2025-08-26 19:26:43
1016,XAUUSD,2025-07-30 05:00:00,3334.59,3335.6,3332.47,3333.4,0,twelvedata,2025-08-26 19:26:43
1017,XAUUSD,2025-07-30 06:00:00,3333.39,3334.24,3332.52,3334.24,0,twelvedata,2025-08-26 19:26:43
1018,XAUUSD,2025-07-30 07:00:00,3334.23,3338.23,3332.84,3336.03,0,twelvedata,2025-08-26 19:26:43
1019,XAUUSD,2025-07-30 08:00:00,3336.24,3337.13,3332.93,3335.22,0,twelvedata,2025-08-26 19:26:43
1020,XAUUSD,2025-07-30 09:00:00,3335.21,3337.01,3333.71,3335.13,0,twelvedata,2025-08-26 19:26:43
1021,XAUUSD,2025-07-30 10:00:00,3335.29,3340.28,3335.2,3338.07,0,twelvedata,2025-08-26 19:26:43
1022,XAUUSD,2025-07-30 11:00:00,3338.18,3339.91,3331.39,3331.79,0,twelvedata,2025-08-26 19:26:43
1023,XAUUSD,2025-07-30 12:00:00,3331.98,3339.65,3331.98,3337.6,0,twelvedata,2025-08-26 19:26:43
1024,XAUUSD,2025-07-30 13:00:00,3337.6,3337.87,3334.61,3336.6,0,twelvedata,2025-08-26 19:26:43
1025,XAUUSD,2025-07-30 14:00:00,3336.4,3336.56,3333.38,3334.0,0,twelvedata,2025-08-26 19:26:43
1026,XAUUSD,2025-07-30 15:00:00,3334.2,3338.21,3332.49,3332.99,0,twelvedata,2025-08-26 19:26:43
1027,XAUUSD,2025-07-30 16:00:00,3333.0,3334.78,3330.22,3333.04,0,twelvedata,2025-08-26 19:26:43
1028,XAUUSD,2025-07-30 17:00:00,3333.04,3338.58,3332.61,3335.01,0,twelvedata,2025-08-26 19:26:43
1029,XAUUSD,2025-07-30 18:00:00,3335.01,3338.68,3335.01,3337.75,0,twelvedata,2025-08-26 19:26:43
1030,XAUUSD,2025-07-30 19:00:00,3337.76,3339.42,3336.02,3339.0,0,twelvedata,2025-08-26 19:26:43
1031,XAUUSD,2025-07-30 20:00:00,3339.0,3339.0,3335.0,3335.43,0,twelvedata,2025-08-26 19:26:43
1032,XAUUSD,2025-07-30 21:00:00,3335.43,3338.21,3331.17,3336.83,0,twelvedata,2025-08-26 19:26:43
1033,XAUUSD,2025-07-30 22:00:00,3336.83,3337.75,3319.0,3320.6,0,twelvedata,2025-08-26 19:26:43
1034,XAUUSD,2025-07-30 23:00:00,3320.4,3323.88,3310.0,3314.27,0,twelvedata,2025-08-26 19:26:43
1035,XAUUSD,2025-07-31 00:00:00,3314.43,3319.2,3312.2,3313.96,0,twelvedata,2025-08-26 19:26:43
1036,XAUUSD,2025-07-31 01:00:00,3313.95,3314.12,3302.66,3304.57,0,twelvedata,2025-08-26 19:26:43
1037,XAUUSD,2025-07-31 02:00:00,3304.57,3313.31,3304.57,3313.12,0,twelvedata,2025-08-26 19:26:43
1038,XAUUSD,2025-07-31 03:00:00,3313.12,3315.39,3312.61,3315.2,0,twelvedata,2025-08-26 19:26:43
1039,XAUUSD,2025-07-31 04:00:00,3315.4,3317.49,3296.4,3296.8,0,twelvedata,2025-08-26 19:26:43
1040,XAUUSD,2025-07-31 05:00:00,3296.67,3298.02,3283.0,3285.01,0,twelvedata,2025-08-26 19:26:43
1041,XAUUSD,2025-07-31 06:00:00,3285.01,3292.08,3285.01,3291.98,0,twelvedata,2025-08-26 19:26:43
1042,XAUUSD,2025-07-31 07:00:00,3292.2,3297.6,3292.0,3294.76,0,twelvedata,2025-08-26 19:26:43
1043,XAUUSD,2025-07-31 08:00:00,3294.75,3295.92,3288.88,3294.59,0,twelvedata,2025-08-26 19:26:43
1044,XAUUSD,2025-07-31 09:00:00,3294.6,3299.46,3293.41,3299.01,0,twelvedata,2025-08-26 19:26:43
1045,XAUUSD,2025-07-31 10:00:00,3299.01,3302.52,3298.8,3301.84,0,twelvedata,2025-08-26 19:26:43
1046,XAUUSD,2025-07-31 11:00:00,3301.41,3305.0,3298.8,3305.0,0,twelvedata,2025-08-26 19:26:43
1047,XAUUSD,2025-07-31 12:00:00,3305.0,3307.17,3301.3,3307.17,0,twelvedata,2025-08-26 19:26:43
1048,XAUUSD,2025-07-31 13:00:00,3307.16,3310.05,3304.41,3305.05,0,twelvedata,2025-08-26 19:26:43
1049,XAUUSD,2025-07-31 14:00:00,3305.04,3306.4,3303.0,3305.99,0,twelvedata,2025-08-26 19:26:43
1050,XAUUSD,2025-07-31 15:00:00,3306.0,3308.96,3302.83,3307.79,0,twelvedata,2025-08-26 19:26:43
1051,XAUUSD,2025-07-31 16:00:00,3307.71,3312.0,3305.61,3308.01,0,twelvedata,2025-08-26 19:26:43
1052,XAUUSD,2025-07-31 17:00:00,3308.01,3316.19,3307.48,3311.86,0,twelvedata,2025-08-26 19:26:43
1053,XAUUSD,2025-07-31 18:00:00,3312.01,3321.34,3312.01,3316.18,0,twelvedata,2025-08-26 19:26:43
1054,XAUUSD,2025-07-31 19:00:00,3316.17,3318.61,3312.78,3315.07,0,twelvedata,2025-08-26 19:26:43
1055,XAUUSD,2025-07-31 20:00:00,3314.71,3315.23,3303.19,3303.6,0,twelvedata,2025-08-26 19:26:43
1056,XAUUSD,2025-07-31 21:00:00,3303.6,3315.62,3303.6,3314.74,0,twelvedata,2025-08-26 19:26:43
1057,XAUUSD,2025-07-31 22:00:00,3314.6,3317.8,3313.43,3316.4,0,twelvedata,2025-08-26 19:26:43
1058,XAUUSD,2025-07-31 23:00:00,3316.31,3316.82,3310.6,3311.19,0,twelvedata,2025-08-26 19:26:43
1059,XAUUSD,2025-08-01 00:00:00,3311.19,3311.2,3299.31,3302.02,0,twelvedata,2025-08-26 19:26:43
1060,XAUUSD,2025-08-01 01:00:00,3302.03,3306.24,3299.07,3304.57,0,twelvedata,2025-08-26 19:26:43
1061,XAUUSD,2025-08-01 02:00:00,3304.59,3306.8,3300.21,3305.4,0,twelvedata,2025-08-26 19:26:43
1062,XAUUSD,2025-08-01 03:00:00,3305.4,3308.32,3304.19,3304.8,0,twelvedata,2025-08-26 19:26:43
1063,XAUUSD,2025-08-01 04:00:00,3304.8,3307.52,3294.4,3300.67,0,twelvedata,2025-08-26 19:26:43
1064,XAUUSD,2025-08-01 05:00:00,3300.68,3301.8,3297.0,3298.41,0,twelvedata,2025-08-26 19:26:43
1065,XAUUSD,2025-08-01 06:00:00,3298.41,3300.01,3295.83,3299.41,0,twelvedata,2025-08-26 19:26:43
1066,XAUUSD,2025-08-01 07:00:00,3299.42,3300.55,3299.0,3299.94,0,twelvedata,2025-08-26 19:26:43
1067,XAUUSD,2025-08-01 08:00:00,3299.94,3302.21,3299.0,3301.4,0,twelvedata,2025-08-26 19:26:43
1068,XAUUSD,2025-08-01 09:00:00,3301.41,3301.41,3294.11,3294.12,0,twelvedata,2025-08-26 19:26:43
1069,XAUUSD,2025-08-01 10:00:00,3294.12,3299.09,3293.34,3295.75,0,twelvedata,2025-08-26 19:26:43
1070,XAUUSD,2025-08-01 11:00:00,3295.75,3299.74,3289.05,3289.79,0,twelvedata,2025-08-26 19:26:43
1071,XAUUSD,2025-08-01 12:00:00,3289.8,3298.39,3289.8,3297.8,0,twelvedata,2025-08-26 19:26:43
1072,XAUUSD,2025-08-01 13:00:00,3297.81,3302.99,3297.8,3299.2,0,twelvedata,2025-08-26 19:26:43
1073,XAUUSD,2025-08-01 14:00:00,3299.2,3302.89,3298.0,3300.61,0,twelvedata,2025-08-26 19:26:43
1074,XAUUSD,2025-08-01 15:00:00,3300.64,3305.59,3299.8,3303.43,0,twelvedata,2025-08-26 19:26:43
1075,XAUUSD,2025-08-01 16:00:00,3303.43,3306.39,3298.6,3298.61,0,twelvedata,2025-08-26 19:26:43
1076,XAUUSD,2025-08-01 17:00:00,3298.61,3300.0,3290.0,3292.78,0,twelvedata,2025-08-26 19:26:43
1077,XAUUSD,2025-08-01 18:00:00,3292.78,3298.86,3290.6,3298.86,0,twelvedata,2025-08-26 19:26:43
1078,XAUUSD,2025-08-01 19:00:00,3298.86,3301.68,3295.56,3300.13,0,twelvedata,2025-08-26 19:26:43
1079,XAUUSD,2025-08-01 20:00:00,3300.21,3307.58,3300.0,3304.93,0,twelvedata,2025-08-26 19:26:43
1080,XAUUSD,2025-08-01 21:00:00,3304.38,3306.9,3302.35,3304.87,0,twelvedata,2025-08-26 19:26:43
1081,XAUUSD,2025-08-01 22:00:00,3304.87,3342.6,3303.01,3341.4,0,twelvedata,2025-08-26 19:26:43
1082,XAUUSD,2025-08-01 23:00:00,3341.41,3352.29,3336.82,3339.14,0,twelvedata,2025-08-26 19:26:43
1083,XAUUSD,2025-08-02 00:00:00,3339.14,3351.34,3339.14,3347.4,0,twelvedata,2025-08-26 19:26:43
1084,XAUUSD,2025-08-02 01:00:00,3348.06,3360.0,3344.06,3349.6,0,twelvedata,2025-08-26 19:26:43
1085,XAUUSD,2025-08-02 02:00:00,3349.59,3351.71,3338.68,3346.02,0,twelvedata,2025-08-26 19:26:43
1086,XAUUSD,2025-08-02 03:00:00,3346.02,3348.33,3345.2,3348.32,0,twelvedata,2025-08-26 19:26:43
1087,XAUUSD,2025-08-02 04:00:00,3348.32,3351.69,3346.33,3346.34,0,twelvedata,2025-08-26 19:26:43
1088,XAUUSD,2025-08-02 05:00:00,3346.33,3357.83,3345.12,3355.21,0,twelvedata,2025-08-26 19:26:43
1089,XAUUSD,2025-08-02 06:00:00,3355.22,3362.0,3355.21,3361.89,0,twelvedata,2025-08-26 19:26:43
1090,XAUUSD,2025-08-02 07:00:00,3361.89,3365.97,3361.6,3365.96,0,twelvedata,2025-08-26 19:26:43
1091,XAUUSD,2025-08-02 08:00:00,3365.84,3365.84,3359.2,3359.79,0,twelvedata,2025-08-26 19:26:43
1092,XAUUSD,2025-08-02 09:00:00,3359.78,3364.79,3359.78,3364.79,0,twelvedata,2025-08-26 19:26:43
1093,XAUUSD,2025-08-02 10:00:00,3364.8,3366.0,3363.0,3365.99,0,twelvedata,2025-08-26 19:26:43
1094,XAUUSD,2025-08-02 11:00:00,3365.98,3366.61,3364.8,3366.48,0,twelvedata,2025-08-26 19:26:43
1095,XAUUSD,2025-08-02 12:00:00,3366.61,3369.98,3366.6,3368.32,0,twelvedata,2025-08-26 19:26:43
1096,XAUUSD,2025-08-02 13:00:00,3368.31,3368.32,3357.97,3359.51,0,twelvedata,2025-08-26 19:26:43
1097,XAUUSD,2025-08-02 14:00:00,3359.51,3364.6,3359.2,3361.67,0,twelvedata,2025-08-26 19:26:43
1098,XAUUSD,2025-08-02 15:00:00,3361.68,3364.18,3358.7,3363.8,0,twelvedata,2025-08-26 19:26:43
1099,XAUUSD,2025-08-02 16:00:00,3363.8,3363.81,3356.46,3358.06,0,twelvedata,2025-08-26 19:26:43
1100,XAUUSD,2025-08-02 17:00:00,3358.06,3364.49,3355.58,3364.27,0,twelvedata,2025-08-26 19:26:43
1101,XAUUSD,2025-08-02 18:00:00,3364.2,3365.14,3364.05,3364.22,0,twelvedata,2025-08-26 19:26:43
1102,XAUUSD,2025-08-02 19:00:00,3364.22,3365.84,3362.6,3365.84,0,twelvedata,2025-08-26 19:26:43
1103,XAUUSD,2025-08-02 20:00:00,3365.84,3365.84,3362.6,3364.76,0,twelvedata,2025-08-26 19:26:43
1104,XAUUSD,2025-08-02 21:00:00,3364.77,3365.96,3362.85,3364.94,0,twelvedata,2025-08-26 19:26:43
1105,XAUUSD,2025-08-02 22:00:00,3364.95,3367.26,3360.4,3360.4,0,twelvedata,2025-08-26 19:26:43
1106,XAUUSD,2025-08-02 23:00:00,3360.4,3365.4,3360.0,3361.38,0,twelvedata,2025-08-26 19:26:43
1107,XAUUSD,2025-08-04 07:00:00,3368.63,3368.8,3368.62,3368.8,0,twelvedata,2025-08-26 19:26:43
1108,XAUUSD,2025-08-04 08:00:00,3368.79,3368.79,3361.17,3362.3,0,twelvedata,2025-08-26 19:26:43
1109,XAUUSD,2025-08-04 09:00:00,3362.29,3365.69,3358.0,3365.68,0,twelvedata,2025-08-26 19:26:43
1110,XAUUSD,2025-08-04 10:00:00,3365.69,3365.69,3353.38,3353.8,0,twelvedata,2025-08-26 19:26:43
1111,XAUUSD,2025-08-04 11:00:00,3353.8,3356.33,3348.8,3355.59,0,twelvedata,2025-08-26 19:26:43
1112,XAUUSD,2025-08-04 12:00:00,3355.59,3356.99,3351.12,3356.81,0,twelvedata,2025-08-26 19:26:43
1113,XAUUSD,2025-08-04 13:00:00,3356.81,3362.45,3356.2,3361.21,0,twelvedata,2025-08-26 19:26:43
1114,XAUUSD,2025-08-04 14:00:00,3361.21,3365.21,3361.21,3362.79,0,twelvedata,2025-08-26 19:26:43
1115,XAUUSD,2025-08-04 15:00:00,3362.78,3364.22,3359.21,3361.2,0,twelvedata,2025-08-26 19:26:43
1116,XAUUSD,2025-08-04 16:00:00,3361.2,3364.81,3357.99,3364.4,0,twelvedata,2025-08-26 19:26:43
1117,XAUUSD,2025-08-04 17:00:00,3364.43,3364.55,3356.12,3358.41,0,twelvedata,2025-08-26 19:26:43
1118,XAUUSD,2025-08-04 18:00:00,3358.41,3362.46,3357.65,3361.53,0,twelvedata,2025-08-26 19:26:43
1119,XAUUSD,2025-08-04 19:00:00,3361.53,3363.2,3360.2,3360.36,0,twelvedata,2025-08-26 19:26:43
1120,XAUUSD,2025-08-04 20:00:00,3360.36,3361.39,3357.4,3360.62,0,twelvedata,2025-08-26 19:26:43
1121,XAUUSD,2025-08-04 21:00:00,3360.62,3372.0,3360.61,3371.2,0,twelvedata,2025-08-26 19:26:43
1122,XAUUSD,2025-08-04 22:00:00,3371.2,3373.2,3366.0,3372.22,0,twelvedata,2025-08-26 19:26:43
1123,XAUUSD,2025-08-04 23:00:00,3372.22,3384.0,3371.48,3383.86,0,twelvedata,2025-08-26 19:26:43
1124,XAUUSD,2025-08-05 00:00:00,3383.86,3384.39,3374.4,3376.19,0,twelvedata,2025-08-26 19:26:43
1125,XAUUSD,2025-08-05 01:00:00,3376.2,3377.0,3374.01,3376.39,0,twelvedata,2025-08-26 19:26:43
1126,XAUUSD,2025-08-05 02:00:00,3376.39,3380.43,3372.05,3374.14,0,twelvedata,2025-08-26 19:26:43
1127,XAUUSD,2025-08-05 03:00:00,3374.14,3375.8,3374.0,3374.8,0,twelvedata,2025-08-26 19:26:43
1128,XAUUSD,2025-08-05 04:00:00,3374.8,3377.2,3374.8,3376.6,0,twelvedata,2025-08-26 19:26:43
1129,XAUUSD,2025-08-05 05:00:00,3376.61,3380.0,3376.16,3380.0,0,twelvedata,2025-08-26 19:26:43
1130,XAUUSD,2025-08-05 06:00:00,3379.99,3380.25,3378.6,3378.96,0,twelvedata,2025-08-26 19:26:43
1131,XAUUSD,2025-08-05 07:00:00,3378.97,3378.98,3368.97,3371.2,0,twelvedata,2025-08-26 19:26:43
1132,XAUUSD,2025-08-05 08:00:00,3371.2,3377.77,3371.01,3375.6,0,twelvedata,2025-08-26 19:26:43
1133,XAUUSD,2025-08-05 09:00:00,3375.6,3381.15,3375.6,3377.6,0,twelvedata,2025-08-26 19:26:43
1134,XAUUSD,2025-08-05 10:00:00,3377.6,3381.19,3376.8,3380.48,0,twelvedata,2025-08-26 19:26:43
1135,XAUUSD,2025-08-05 11:00:00,3380.49,3385.08,3380.06,3380.06,0,twelvedata,2025-08-26 19:26:43
1136,XAUUSD,2025-08-05 12:00:00,3380.06,3389.58,3377.4,3377.4,0,twelvedata,2025-08-26 19:26:43
1137,XAUUSD,2025-08-05 13:00:00,3377.4,3378.09,3373.91,3375.63,0,twelvedata,2025-08-26 19:26:43
1138,XAUUSD,2025-08-05 14:00:00,3375.63,3376.87,3374.6,3374.81,0,twelvedata,2025-08-26 19:26:43
1139,XAUUSD,2025-08-05 15:00:00,3374.8,3374.8,3369.84,3373.3,0,twelvedata,2025-08-26 19:26:43
1140,XAUUSD,2025-08-05 16:00:00,3373.3,3373.9,3368.27,3368.27,0,twelvedata,2025-08-26 19:26:43
1141,XAUUSD,2025-08-05 17:00:00,3368.28,3375.18,3368.26,3373.82,0,twelvedata,2025-08-26 19:26:43
1142,XAUUSD,2025-08-05 18:00:00,3373.81,3374.2,3367.29,3367.29,0,twelvedata,2025-08-26 19:26:43
1143,XAUUSD,2025-08-05 19:00:00,3367.29,3367.73,3362.8,3362.81,0,twelvedata,2025-08-26 19:26:43
1144,XAUUSD,2025-08-05 20:00:00,3362.8,3364.94,3357.26,3357.26,0,twelvedata,2025-08-26 19:26:43
1145,XAUUSD,2025-08-05 21:00:00,3357.26,3357.27,3353.8,3355.26,0,twelvedata,2025-08-26 19:26:43
1146,XAUUSD,2025-08-05 22:00:00,3354.92,3367.79,3354.05,3367.54,0,twelvedata,2025-08-26 19:26:43
1147,XAUUSD,2025-08-05 23:00:00,3367.54,3378.71,3367.5,3374.35,0,twelvedata,2025-08-26 19:26:43
1148,XAUUSD,2025-08-06 00:00:00,3374.35,3393.62,3372.89,3384.81,0,twelvedata,2025-08-26 19:26:43
1149,XAUUSD,2025-08-06 01:00:00,3384.81,3388.6,3381.38,3388.6,0,twelvedata,2025-08-26 19:26:43
1150,XAUUSD,2025-08-06 02:00:00,3388.6,3389.0,3377.0,3381.19,0,twelvedata,2025-08-26 19:26:43
1151,XAUUSD,2025-08-06 03:00:00,3381.19,3383.0,3380.01,3380.86,0,twelvedata,2025-08-26 19:26:43
1152,XAUUSD,2025-08-06 04:00:00,3380.39,3380.45,3378.34,3378.4,0,twelvedata,2025-08-26 19:26:43
1153,XAUUSD,2025-08-06 05:00:00,3378.41,3378.8,3377.06,3378.09,0,twelvedata,2025-08-26 19:26:43
1154,XAUUSD,2025-08-06 06:00:00,3378.09,3379.79,3376.52,3379.58,0,twelvedata,2025-08-26 19:26:43
1155,XAUUSD,2025-08-06 07:00:00,3379.59,3384.47,3379.59,3380.7,0,twelvedata,2025-08-26 19:26:43
1156,XAUUSD,2025-08-06 08:00:00,3380.69,3382.12,3379.4,3381.25,0,twelvedata,2025-08-26 19:26:43
1157,XAUUSD,2025-08-06 09:00:00,3381.25,3385.25,3380.56,3384.32,0,twelvedata,2025-08-26 19:26:43
1158,XAUUSD,2025-08-06 10:00:00,3384.32,3384.8,3382.12,3382.39,0,twelvedata,2025-08-26 19:26:43
1159,XAUUSD,2025-08-06 11:00:00,3382.39,3382.92,3375.8,3376.39,0,twelvedata,2025-08-26 19:26:43
1160,XAUUSD,2025-08-06 12:00:00,3376.4,3378.7,3376.0,3378.21,0,twelvedata,2025-08-26 19:26:43
1161,XAUUSD,2025-08-06 13:00:00,3378.21,3379.0,3375.97,3376.59,0,twelvedata,2025-08-26 19:26:43
1162,XAUUSD,2025-08-06 14:00:00,3376.59,3378.2,3375.8,3375.84,0,twelvedata,2025-08-26 19:26:43
1163,XAUUSD,2025-08-06 15:00:00,3375.84,3376.0,3373.52,3376.0,0,twelvedata,2025-08-26 19:26:43
1164,XAUUSD,2025-08-06 16:00:00,3376.0,3381.35,3374.71,3378.0,0,twelvedata,2025-08-26 19:26:43
1165,XAUUSD,2025-08-06 17:00:00,3378.0,3378.51,3369.44,3376.4,0,twelvedata,2025-08-26 19:26:43
1166,XAUUSD,2025-08-06 18:00:00,3376.4,3376.73,3368.4,3368.76,0,twelvedata,2025-08-26 19:26:43
1167,XAUUSD,2025-08-06 19:00:00,3368.76,3369.8,3362.51,3364.18,0,twelvedata,2025-08-26 19:26:43
1168,XAUUSD,2025-08-06 20:00:00,3364.18,3368.4,3363.19,3367.39,0,twelvedata,2025-08-26 19:26:43
1169,XAUUSD,2025-08-06 21:00:00,3367.4,3371.6,3366.2,3369.39,0,twelvedata,2025-08-26 19:26:43
1170,XAUUSD,2025-08-06 22:00:00,3369.39,3370.9,3364.7,3370.01,0,twelvedata,2025-08-26 19:26:43
1171,XAUUSD,2025-08-06 23:00:00,3370.01,3374.49,3366.23,3373.24,0,twelvedata,2025-08-26 19:26:43
1172,XAUUSD,2025-08-07 00:00:00,3373.24,3380.75,3371.96,3380.67,0,twelvedata,2025-08-26 19:26:43
1173,XAUUSD,2025-08-07 01:00:00,3380.69,3381.27,3373.39,3377.4,0,twelvedata,2025-08-26 19:26:43
1174,XAUUSD,2025-08-07 02:00:00,3377.4,3379.09,3374.61,3377.01,0,twelvedata,2025-08-26 19:26:43
1175,XAUUSD,2025-08-07 03:00:00,3377.01,3378.0,3373.32,3376.41,0,twelvedata,2025-08-26 19:26:43
1176,XAUUSD,2025-08-07 04:00:00,3376.41,3376.41,3370.21,3371.8,0,twelvedata,2025-08-26 19:26:43
1177,XAUUSD,2025-08-07 05:00:00,3371.8,3373.79,3371.0,3372.8,0,twelvedata,2025-08-26 19:26:43
1178,XAUUSD,2025-08-07 06:00:00,3372.8,3372.81,3368.49,3371.53,0,twelvedata,2025-08-26 19:26:43
1179,XAUUSD,2025-08-07 07:00:00,3371.54,3372.29,3368.36,3369.86,0,twelvedata,2025-08-26 19:26:43
1180,XAUUSD,2025-08-07 08:00:00,3369.86,3374.5,3369.86,3373.79,0,twelvedata,2025-08-26 19:26:43
1181,XAUUSD,2025-08-07 09:00:00,3373.79,3373.79,3370.0,3370.99,0,twelvedata,2025-08-26 19:26:43
1182,XAUUSD,2025-08-07 10:00:00,3371.15,3376.19,3368.8,3375.92,0,twelvedata,2025-08-26 19:26:43
1183,XAUUSD,2025-08-07 11:00:00,3375.91,3383.06,3374.2,3383.05,0,twelvedata,2025-08-26 19:26:43
1184,XAUUSD,2025-08-07 12:00:00,3383.05,3383.24,3377.45,3380.83,0,twelvedata,2025-08-26 19:26:43
1185,XAUUSD,2025-08-07 13:00:00,3380.83,3380.83,3377.4,3378.79,0,twelvedata,2025-08-26 19:26:43
1186,XAUUSD,2025-08-07 14:00:00,3378.79,3379.92,3377.15,3378.13,0,twelvedata,2025-08-26 19:26:43
1187,XAUUSD,2025-08-07 15:00:00,3378.14,3379.99,3375.0,3376.08,0,twelvedata,2025-08-26 19:26:43
1188,XAUUSD,2025-08-07 16:00:00,3376.2,3384.68,3375.75,3384.68,0,twelvedata,2025-08-26 19:26:43
1189,XAUUSD,2025-08-07 17:00:00,3384.68,3394.98,3384.58,3393.0,0,twelvedata,2025-08-26 19:26:43
1190,XAUUSD,2025-08-07 18:00:00,3393.0,3393.2,3375.4,3379.98,0,twelvedata,2025-08-26 19:26:43
1191,XAUUSD,2025-08-07 19:00:00,3379.86,3382.6,3377.17,3379.8,0,twelvedata,2025-08-26 19:26:43
1192,XAUUSD,2025-08-07 20:00:00,3379.61,3380.86,3374.16,3374.38,0,twelvedata,2025-08-26 19:26:43
1193,XAUUSD,2025-08-07 21:00:00,3374.37,3383.7,3374.37,3377.61,0,twelvedata,2025-08-26 19:26:43
1194,XAUUSD,2025-08-07 22:00:00,3377.71,3386.19,3376.47,3378.73,0,twelvedata,2025-08-26 19:26:43
1195,XAUUSD,2025-08-07 23:00:00,3378.73,3387.93,3378.73,3382.7,0,twelvedata,2025-08-26 19:26:43
1196,XAUUSD,2025-08-08 00:00:00,3382.59,3385.0,3376.1,3384.13,0,twelvedata,2025-08-26 19:26:43
1197,XAUUSD,2025-08-08 01:00:00,3384.87,3385.14,3381.79,3384.41,0,twelvedata,2025-08-26 19:26:43
1198,XAUUSD,2025-08-08 02:00:00,3384.6,3386.4,3381.99,3383.41,0,twelvedata,2025-08-26 19:26:43
1199,XAUUSD,2025-08-08 03:00:00,3383.4,3386.95,3381.84,3386.85,0,twelvedata,2025-08-26 19:26:43
1200,XAUUSD,2025-08-08 04:00:00,3386.85,3389.02,3385.03,3385.43,0,twelvedata,2025-08-26 19:26:43
1201,XAUUSD,2025-08-08 05:00:00,3385.43,3392.98,3384.0,3392.92,0,twelvedata,2025-08-26 19:26:43
1202,XAUUSD,2025-08-08 06:00:00,3392.92,3393.57,3386.17,3389.29,0,twelvedata,2025-08-26 19:26:43
1203,XAUUSD,2025-08-08 07:00:00,3389.03,3391.79,3384.14,3388.81,0,twelvedata,2025-08-26 19:26:43
1204,XAUUSD,2025-08-08 08:00:00,3388.81,3396.5,3382.99,3394.6,0,twelvedata,2025-08-26 19:26:43
1205,XAUUSD,2025-08-08 09:00:00,3394.51,3397.81,3390.2,3393.46,0,twelvedata,2025-08-26 19:26:43
1206,XAUUSD,2025-08-08 10:00:00,3393.46,3394.86,3387.13,3387.6,0,twelvedata,2025-08-26 19:26:43
1207,XAUUSD,2025-08-08 11:00:00,3387.55,3387.6,3380.69,3381.59,0,twelvedata,2025-08-26 19:26:43
1208,XAUUSD,2025-08-08 12:00:00,3381.59,3387.55,3381.59,3383.19,0,twelvedata,2025-08-26 19:26:43
1209,XAUUSD,2025-08-08 13:00:00,3383.19,3392.51,3381.16,3390.6,0,twelvedata,2025-08-26 19:26:43
1210,XAUUSD,2025-08-08 14:00:00,3390.59,3393.6,3389.63,3390.6,0,twelvedata,2025-08-26 19:26:43
1211,XAUUSD,2025-08-08 15:00:00,3390.43,3391.0,3388.27,3390.0,0,twelvedata,2025-08-26 19:26:43
1212,XAUUSD,2025-08-08 16:00:00,3389.99,3391.82,3386.67,3389.59,0,twelvedata,2025-08-26 19:26:43
1213,XAUUSD,2025-08-08 17:00:00,3389.59,3394.62,3388.04,3394.4,0,twelvedata,2025-08-26 19:26:43
1214,XAUUSD,2025-08-08 18:00:00,3394.6,3394.63,3390.01,3390.21,0,twelvedata,2025-08-26 19:26:43
1215,XAUUSD,2025-08-08 19:00:00,3390.2,3393.98,3389.6,3393.81,0,twelvedata,2025-08-26 19:26:43
1216,XAUUSD,2025-08-08 20:00:00,3393.89,3394.99,3379.0,3380.92,0,twelvedata,2025-08-26 19:26:43
1217,XAUUSD,2025-08-08 21:00:00,3380.93,3383.8,3377.77,3380.07,0,twelvedata,2025-08-26 19:26:43
1218,XAUUSD,2025-08-08 22:00:00,3380.0,3392.46,3380.0,3383.99,0,twelvedata,2025-08-26 19:26:43
1219,XAUUSD,2025-08-08 23:00:00,3383.97,3390.5,3380.0,3390.5,0,twelvedata,2025-08-26 19:26:43
1220,XAUUSD,2025-08-09 00:00:00,3390.49,3390.49,3377.28,3381.37,0,twelvedata,2025-08-26 19:26:43
1221,XAUUSD,2025-08-09 01:00:00,3381.59,3385.51,3381.25,3384.13,0,twelvedata,2025-08-26 19:26:43
1222,XAUUSD,2025-08-09 02:00:00,3384.13,3389.54,3384.13,3389.5,0,twelvedata,2025-08-26 19:26:43
1223,XAUUSD,2025-08-09 03:00:00,3389.5,3390.0,3379.38,3379.8,0,twelvedata,2025-08-26 19:26:43
1224,XAUUSD,2025-08-09 04:00:00,3379.63,3389.64,3375.19,3386.26,0,twelvedata,2025-08-26 19:26:43
1225,XAUUSD,2025-08-09 05:00:00,3386.24,3389.11,3384.31,3388.92,0,twelvedata,2025-08-26 19:26:43
1226,XAUUSD,2025-08-09 06:00:00,3388.92,3388.93,3383.35,3387.21,0,twelvedata,2025-08-26 19:26:43
1227,XAUUSD,2025-08-09 07:00:00,3387.21,3387.79,3383.97,3384.78,0,twelvedata,2025-08-26 19:26:43
1228,XAUUSD,2025-08-09 08:00:00,3385.25,3388.88,3384.17,3388.76,0,twelvedata,2025-08-26 19:26:43
1229,XAUUSD,2025-08-09 09:00:00,3388.77,3388.77,3383.96,3385.75,0,twelvedata,2025-08-26 19:26:43
1230,XAUUSD,2025-08-09 10:00:00,3385.76,3386.58,3384.61,3385.16,0,twelvedata,2025-08-26 19:26:43
1231,XAUUSD,2025-08-09 11:00:00,3385.16,3393.8,3385.11,3388.02,0,twelvedata,2025-08-26 19:26:43
1232,XAUUSD,2025-08-09 12:00:00,3388.02,3388.14,3386.88,3387.49,0,twelvedata,2025-08-26 19:26:43
1233,XAUUSD,2025-08-09 13:00:00,3387.49,3387.82,3387.28,3387.55,0,twelvedata,2025-08-26 19:26:43
1234,XAUUSD,2025-08-09 14:00:00,3387.55,3389.59,3375.0,3385.47,0,twelvedata,2025-08-26 19:26:43
1235,XAUUSD,2025-08-09 15:00:00,3385.47,3386.89,3376.93,3385.68,0,twelvedata,2025-08-26 19:26:43
1236,XAUUSD,2025-08-09 16:00:00,3385.67,3386.03,3380.22,3383.59,0,twelvedata,2025-08-26 19:26:43
1237,XAUUSD,2025-08-09 17:00:00,3383.58,3383.8,3382.64,3383.75,0,twelvedata,2025-08-26 19:26:43
1238,XAUUSD,2025-08-09 18:00:00,3383.75,3384.06,3380.11,3380.89,0,twelvedata,2025-08-26 19:26:43
1239,XAUUSD,2025-08-09 19:00:00,3380.95,3387.48,3380.95,3387.48,0,twelvedata,2025-08-26 19:26:43
1240,XAUUSD,2025-08-09 20:00:00,3387.49,3390.0,3385.46,3386.14,0,twelvedata,2025-08-26 19:26:43
1241,XAUUSD,2025-08-09 21:00:00,3386.13,3390.0,3386.05,3387.45,0,twelvedata,2025-08-26 19:26:43
1242,XAUUSD,2025-08-09 22:00:00,3387.45,3389.63,3386.48,3388.59,0,twelvedata,2025-08-26 19:26:43
1243,XAUUSD,2025-08-09 23:00:00,3388.58,3389.32,3387.4,3389.32,0,twelvedata,2025-08-26 19:26:43
1244,XAUUSD,2025-08-11 07:00:00,3386.51,3386.51,3386.51,3386.51,0,twelvedata,2025-08-26 19:26:43
1245,XAUUSD,2025-08-11 08:00:00,3386.51,3403.29,3382.85,3387.48,0,twelvedata,2025-08-26 19:26:43
1246,XAUUSD,2025-08-11 09:00:00,3387.47,3387.56,3382.52,3382.52,0,twelvedata,2025-08-26 19:26:43
1247,XAUUSD,2025-08-11 10:00:00,3382.53,3385.04,3377.93,3377.93,0,twelvedata,2025-08-26 19:26:43
1248,XAUUSD,2025-08-11 11:00:00,3377.78,3377.78,3365.56,3371.01,0,twelvedata,2025-08-26 19:26:43
1249,XAUUSD,2025-08-11 12:00:00,3370.73,3375.18,3366.58,3373.18,0,twelvedata,2025-08-26 19:26:43
1250,XAUUSD,2025-08-11 13:00:00,3372.73,3374.38,3368.18,3374.38,0,twelvedata,2025-08-26 19:26:43
1251,XAUUSD,2025-08-11 14:00:00,3374.38,3375.18,3371.0,3371.62,0,twelvedata,2025-08-26 19:26:43
1252,XAUUSD,2025-08-11 15:00:00,3371.61,3374.32,3369.24,3371.0,0,twelvedata,2025-08-26 19:26:43
1253,XAUUSD,2025-08-11 16:00:00,3371.01,3371.01,3362.1,3362.24,0,twelvedata,2025-08-26 19:26:43
1254,XAUUSD,2025-08-11 17:00:00,3362.23,3362.23,3352.61,3356.15,0,twelvedata,2025-08-26 19:26:43
1255,XAUUSD,2025-08-11 18:00:00,3356.2,3360.96,3354.65,3358.1,0,twelvedata,2025-08-26 19:26:43
1256,XAUUSD,2025-08-11 19:00:00,3358.1,3359.88,3344.99,3348.39,0,twelvedata,2025-08-26 19:26:43
1257,XAUUSD,2025-08-11 20:00:00,3348.76,3360.0,3348.76,3354.01,0,twelvedata,2025-08-26 19:26:43
1258,XAUUSD,2025-08-11 21:00:00,3354.01,3354.57,3343.24,3349.62,0,twelvedata,2025-08-26 19:26:43
1259,XAUUSD,2025-08-11 22:00:00,3349.62,3352.95,3342.05,3351.75,0,twelvedata,2025-08-26 19:26:43
1260,XAUUSD,2025-08-11 23:00:00,3351.74,3358.92,3345.14,3355.21,0,twelvedata,2025-08-26 19:26:43
1261,XAUUSD,2025-08-12 00:00:00,3355.2,3355.2,3340.4,3343.84,0,twelvedata,2025-08-26 19:26:43
1262,XAUUSD,2025-08-12 01:00:00,3344.88,3348.88,3343.01,3346.04,0,twelvedata,2025-08-26 19:26:43
1263,XAUUSD,2025-08-12 02:00:00,3346.04,3347.18,3340.98,3340.98,0,twelvedata,2025-08-26 19:26:43
1264,XAUUSD,2025-08-12 03:00:00,3340.98,3354.74,3339.63,3354.47,0,twelvedata,2025-08-26 19:26:43
1265,XAUUSD,2025-08-12 04:00:00,3354.41,3373.85,3350.26,3356.17,0,twelvedata,2025-08-26 19:26:43
1266,XAUUSD,2025-08-12 05:00:00,3356.17,3357.58,3351.13,3352.1,0,twelvedata,2025-08-26 19:26:43
1267,XAUUSD,2025-08-12 06:00:00,3351.7,3351.7,3344.0,3344.13,0,twelvedata,2025-08-26 19:26:43
1268,XAUUSD,2025-08-12 07:00:00,3344.14,3345.45,3338.72,3339.31,0,twelvedata,2025-08-26 19:26:43
1269,XAUUSD,2025-08-12 08:00:00,3339.73,3346.07,3339.46,3343.83,0,twelvedata,2025-08-26 19:26:43
1270,XAUUSD,2025-08-12 09:00:00,3343.83,3346.18,3342.0,3345.71,0,twelvedata,2025-08-26 19:26:43
1271,XAUUSD,2025-08-12 10:00:00,3345.71,3353.23,3344.15,3352.04,0,twelvedata,2025-08-26 19:26:43
1272,XAUUSD,2025-08-12 11:00:00,3352.04,3357.09,3347.17,3348.77,0,twelvedata,2025-08-26 19:26:43
1273,XAUUSD,2025-08-12 12:00:00,3348.77,3352.09,3347.51,3350.46,0,twelvedata,2025-08-26 19:26:43
1274,XAUUSD,2025-08-12 13:00:00,3350.45,3352.89,3345.54,3346.65,0,twelvedata,2025-08-26 19:26:43
1275,XAUUSD,2025-08-12 14:00:00,3346.66,3351.09,3345.96,3349.54,0,twelvedata,2025-08-26 19:26:43
1276,XAUUSD,2025-08-12 15:00:00,3349.9,3350.31,3345.57,3348.87,0,twelvedata,2025-08-26 19:26:43
1277,XAUUSD,2025-08-12 16:00:00,3348.87,3357.52,3339.33,3342.29,0,twelvedata,2025-08-26 19:26:43
1278,XAUUSD,2025-08-12 17:00:00,3342.29,3353.0,3341.95,3350.73,0,twelvedata,2025-08-26 19:26:43
1279,XAUUSD,2025-08-12 18:00:00,3350.74,3353.04,3346.82,3349.03,0,twelvedata,2025-08-26 19:26:43
1280,XAUUSD,2025-08-12 19:00:00,3349.05,3351.09,3344.48,3345.05,0,twelvedata,2025-08-26 19:26:43
1281,XAUUSD,2025-08-12 20:00:00,3345.03,3348.32,3341.0,3343.5,0,twelvedata,2025-08-26 19:26:43
1282,XAUUSD,2025-08-12 21:00:00,3343.5,3346.7,3338.51,3344.9,0,twelvedata,2025-08-26 19:26:43
1283,XAUUSD,2025-08-12 22:00:00,3344.9,3354.19,3340.19,3347.92,0,twelvedata,2025-08-26 19:26:43
1284,XAUUSD,2025-08-12 23:00:00,3347.93,3352.25,3340.26,3342.71,0,twelvedata,2025-08-26 19:26:43
1285,XAUUSD,2025-08-13 00:00:00,3342.3,3343.24,3332.0,3335.76,0,twelvedata,2025-08-26 19:26:43
1286,XAUUSD,2025-08-13 01:00:00,3335.67,3357.21,3335.24,3347.79,0,twelvedata,2025-08-26 19:26:43
1287,XAUUSD,2025-08-13 02:00:00,3347.8,3352.28,3343.35,3345.58,0,twelvedata,2025-08-26 19:26:43
1288,XAUUSD,2025-08-13 03:00:00,3346.02,3346.02,3342.04,3343.72,0,twelvedata,2025-08-26 19:26:43
1289,XAUUSD,2025-08-13 04:00:00,3343.72,3345.39,3342.33,3344.44,0,twelvedata,2025-08-26 19:26:43
1290,XAUUSD,2025-08-13 05:00:00,3344.44,3344.47,3341.16,3342.33,0,twelvedata,2025-08-26 19:26:43
1291,XAUUSD,2025-08-13 06:00:00,3342.38,3343.75,3340.41,3342.47,0,twelvedata,2025-08-26 19:26:43
1292,XAUUSD,2025-08-13 07:00:00,3342.52,3343.42,3340.0,3341.1,0,twelvedata,2025-08-26 19:26:43
1293,XAUUSD,2025-08-13 08:00:00,3341.1,3347.79,3337.78,3344.18,0,twelvedata,2025-08-26 19:26:43
1294,XAUUSD,2025-08-13 09:00:00,3344.18,3351.42,3340.94,3340.96,0,twelvedata,2025-08-26 19:26:43
1295,XAUUSD,2025-08-13 10:00:00,3340.96,3340.97,3336.1,3336.63,0,twelvedata,2025-08-26 19:26:43
1296,XAUUSD,2025-08-13 11:00:00,3336.64,3348.07,3335.55,3344.42,0,twelvedata,2025-08-26 19:26:43
1297,XAUUSD,2025-08-13 12:00:00,3344.42,3344.83,3339.58,3343.11,0,twelvedata,2025-08-26 19:26:43
1298,XAUUSD,2025-08-13 13:00:00,3343.19,3343.19,3340.29,3340.56,0,twelvedata,2025-08-26 19:26:43
1299,XAUUSD,2025-08-13 14:00:00,3340.56,3343.4,3340.36,3342.32,0,twelvedata,2025-08-26 19:26:43
1300,XAUUSD,2025-08-13 15:00:00,3342.24,3342.35,3342.04,3342.05,0,twelvedata,2025-08-26 19:26:43
1301,XAUUSD,2025-08-13 16:00:00,3342.04,3348.3,3341.44,3348.3,0,twelvedata,2025-08-26 19:26:43
1302,XAUUSD,2025-08-13 17:00:00,3348.29,3351.34,3346.04,3346.04,0,twelvedata,2025-08-26 19:26:43
1303,XAUUSD,2025-08-13 18:00:00,3346.04,3351.78,3343.65,3349.05,0,twelvedata,2025-08-26 19:26:43
1304,XAUUSD,2025-08-13 19:00:00,3349.0,3355.0,3348.35,3353.64,0,twelvedata,2025-08-26 19:26:43
1305,XAUUSD,2025-08-13 20:00:00,3353.65,3354.91,3352.67,3354.63,0,twelvedata,2025-08-26 19:26:43
1306,XAUUSD,2025-08-13 21:00:00,3354.64,3355.0,3345.99,3351.38,0,twelvedata,2025-08-26 19:26:43
1307,XAUUSD,2025-08-13 22:00:00,3351.39,3353.27,3347.07,3347.12,0,twelvedata,2025-08-26 19:26:43
1308,XAUUSD,2025-08-13 23:00:00,3347.11,3354.99,3344.27,3354.2,0,twelvedata,2025-08-26 19:26:43
1309,XAUUSD,2025-08-14 00:00:00,3354.2,3358.6,3353.16,3353.4,0,twelvedata,2025-08-26 19:26:43
1310,XAUUSD,2025-08-14 01:00:00,3353.4,3355.78,3347.9,3348.33,0,twelvedata,2025-08-26 19:26:43
1311,XAUUSD,2025-08-14 02:00:00,3348.33,3355.84,3348.33,3352.05,0,twelvedata,2025-08-26 19:26:43
1312,XAUUSD,2025-08-14 03:00:00,3352.05,3352.06,3346.01,3346.61,0,twelvedata,2025-08-26 19:26:43
1313,XAUUSD,2025-08-14 04:00:00,3346.61,3347.65,3345.0,3347.65,0,twelvedata,2025-08-26 19:26:43
1314,XAUUSD,2025-08-14 05:00:00,3347.65,3351.6,3346.04,3351.44,0,twelvedata,2025-08-26 19:26:43
1315,XAUUSD,2025-08-14 06:00:00,3351.44,3351.44,3349.07,3350.8,0,twelvedata,2025-08-26 19:26:43
1316,XAUUSD,2025-08-14 07:00:00,3350.8,3357.68,3350.24,3352.34,0,twelvedata,2025-08-26 19:26:43
1317,XAUUSD,2025-08-14 08:00:00,3352.3,3353.7,3349.49,3349.93,0,twelvedata,2025-08-26 19:26:43
1318,XAUUSD,2025-08-14 09:00:00,3350.47,3354.28,3348.61,3353.91,0,twelvedata,2025-08-26 19:26:43
1319,XAUUSD,2025-08-14 10:00:00,3353.91,3361.0,3349.15,3357.82,0,twelvedata,2025-08-26 19:26:43
1320,XAUUSD,2025-08-14 11:00:00,3357.66,3360.19,3354.02,3357.9,0,twelvedata,2025-08-26 19:26:43
1321,XAUUSD,2025-08-14 12:00:00,3357.75,3359.44,3353.75,3354.67,0,twelvedata,2025-08-26 19:26:43
1322,XAUUSD,2025-08-14 13:00:00,3354.66,3354.66,3348.72,3351.37,0,twelvedata,2025-08-26 19:26:43
1323,XAUUSD,2025-08-14 14:00:00,3351.38,3356.08,3350.0,3351.4,0,twelvedata,2025-08-26 19:26:43
1324,XAUUSD,2025-08-14 15:00:00,3351.49,3351.77,3350.0,3350.17,0,twelvedata,2025-08-26 19:26:43
1325,XAUUSD,2025-08-14 16:00:00,3350.18,3352.76,3348.5,3352.76,0,twelvedata,2025-08-26 19:26:43
1326,XAUUSD,2025-08-14 17:00:00,3352.77,3355.61,3340.0,3340.72,0,twelvedata,2025-08-26 19:26:43
1327,XAUUSD,2025-08-14 18:00:00,3345.65,3347.45,3338.18,3341.0,0,twelvedata,2025-08-26 19:26:43
1328,XAUUSD,2025-08-14 19:00:00,3341.0,3350.0,3341.0,3348.76,0,twelvedata,2025-08-26 19:26:43
1329,XAUUSD,2025-08-14 20:00:00,3348.77,3349.87,3344.96,3346.77,0,twelvedata,2025-08-26 19:26:43
1330,XAUUSD,2025-08-14 21:00:00,3346.78,3349.0,3344.0,3345.32,0,twelvedata,2025-08-26 19:26:43
1331,XAUUSD,2025-08-14 22:00:00,3345.32,3347.49,3335.01,3339.7,0,twelvedata,2025-08-26 19:26:43
1332,XAUUSD,2025-08-14 23:00:00,3339.69,3343.41,3335.0,3338.09,0,twelvedata,2025-08-26 19:26:43
1333,XAUUSD,2025-08-15 00:00:00,3338.09,3339.01,3330.0,3334.8,0,twelvedata,2025-08-26 19:26:43
1334,XAUUSD,2025-08-15 01:00:00,3334.81,3336.8,3330.7,3335.01,0,twelvedata,2025-08-26 19:26:43
1335,XAUUSD,2025-08-15 02:00:00,3335.01,3335.61,3324.39,3328.63,0,twelvedata,2025-08-26 19:26:43
1336,XAUUSD,2025-08-15 03:00:00,3328.59,3333.26,3327.16,3332.43,0,twelvedata,2025-08-26 19:26:43
1337,XAUUSD,2025-08-15 04:00:00,3332.43,3333.67,3331.0,3333.37,0,twelvedata,2025-08-26 19:26:43
1338,XAUUSD,2025-08-15 05:00:00,3333.37,3334.07,3331.58,3331.59,0,twelvedata,2025-08-26 19:26:43
1339,XAUUSD,2025-08-15 06:00:00,3331.59,3331.59,3330.0,3330.23,0,twelvedata,2025-08-26 19:26:43
1340,XAUUSD,2025-08-15 07:00:00,3330.23,3330.54,3326.01,3327.87,0,twelvedata,2025-08-26 19:26:43
1341,XAUUSD,2025-08-15 08:00:00,3327.83,3329.86,3326.67,3326.67,0,twelvedata,2025-08-26 19:26:43
1342,XAUUSD,2025-08-15 09:00:00,3326.68,3329.82,3326.67,3329.67,0,twelvedata,2025-08-26 19:26:43
1343,XAUUSD,2025-08-15 10:00:00,3329.67,3329.75,3327.01,3329.4,0,twelvedata,2025-08-26 19:26:43
1344,XAUUSD,2025-08-15 11:00:00,3329.4,3333.46,3328.12,3333.46,0,twelvedata,2025-08-26 19:26:43
1345,XAUUSD,2025-08-15 12:00:00,3333.46,3333.51,3330.23,3332.59,0,twelvedata,2025-08-26 19:26:43
1346,XAUUSD,2025-08-15 13:00:00,3332.6,3335.5,3332.59,3335.5,0,twelvedata,2025-08-26 19:26:43
1347,XAUUSD,2025-08-15 14:00:00,3335.5,3338.0,3335.49,3337.11,0,twelvedata,2025-08-26 19:26:43
1348,XAUUSD,2025-08-15 15:00:00,3337.11,3339.62,3335.34,3337.36,0,twelvedata,2025-08-26 19:26:43
1349,XAUUSD,2025-08-15 16:00:00,3337.36,3337.36,3334.08,3334.84,0,twelvedata,2025-08-26 19:26:43
1350,XAUUSD,2025-08-15 17:00:00,3334.83,3339.48,3334.74,3339.2,0,twelvedata,2025-08-26 19:26:43
1351,XAUUSD,2025-08-15 18:00:00,3339.43,3341.09,3334.03,3336.06,0,twelvedata,2025-08-26 19:26:43
1352,XAUUSD,2025-08-15 19:00:00,3335.88,3339.22,3334.01,3337.7,0,twelvedata,2025-08-26 19:26:43
1353,XAUUSD,2025-08-15 20:00:00,3337.7,3338.48,3333.13,3333.17,0,twelvedata,2025-08-26 19:26:43
1354,XAUUSD,2025-08-15 21:00:00,3333.16,3340.03,3332.88,3338.87,0,twelvedata,2025-08-26 19:26:43
1355,XAUUSD,2025-08-15 22:00:00,3338.73,3338.73,3330.13,3336.66,0,twelvedata,2025-08-26 19:26:43
1356,XAUUSD,2025-08-15 23:00:00,3336.82,3339.51,3329.72,3330.81,0,twelvedata,2025-08-26 19:26:43
1357,XAUUSD,2025-08-16 00:00:00,3330.81,3335.8,3330.31,3335.15,0,twelvedata,2025-08-26 19:26:43
1358,XAUUSD,2025-08-16 01:00:00,3335.15,3336.94,3333.35,3333.4,0,twelvedata,2025-08-26 19:26:43
1359,XAUUSD,2025-08-16 02:00:00,3333.4,3333.41,3328.2,3329.38,0,twelvedata,2025-08-26 19:26:43
1360,XAUUSD,2025-08-16 03:00:00,3329.38,3331.44,3328.9,3329.54,0,twelvedata,2025-08-26 19:26:43
1361,XAUUSD,2025-08-16 04:00:00,3329.62,3333.9,3329.55,3330.93,0,twelvedata,2025-08-26 19:26:43
1362,XAUUSD,2025-08-16 05:00:00,3330.93,3332.44,3329.87,3331.84,0,twelvedata,2025-08-26 19:26:43
1363,XAUUSD,2025-08-16 06:00:00,3331.84,3331.99,3329.17,3329.36,0,twelvedata,2025-08-26 19:26:43
1364,XAUUSD,2025-08-16 07:00:00,3329.35,3332.51,3328.97,3330.15,0,twelvedata,2025-08-26 19:26:43
1365,XAUUSD,2025-08-16 08:00:00,3330.15,3335.0,3328.96,3334.09,0,twelvedata,2025-08-26 19:26:43
1366,XAUUSD,2025-08-16 09:00:00,3334.08,3334.08,3330.0,3330.31,0,twelvedata,2025-08-26 19:26:43
1367,XAUUSD,2025-08-16 10:00:00,3330.3,3334.0,3330.3,3332.28,0,twelvedata,2025-08-26 19:26:43
1368,XAUUSD,2025-08-16 11:00:00,3332.28,3332.41,3331.2,3331.7,0,twelvedata,2025-08-26 19:26:43
1369,XAUUSD,2025-08-16 12:00:00,3331.74,3336.01,3331.74,3333.89,0,twelvedata,2025-08-26 19:26:43
1370,XAUUSD,2025-08-16 13:00:00,3333.88,3334.88,3332.25,3332.28,0,twelvedata,2025-08-26 19:26:43
1371,XAUUSD,2025-08-16 14:00:00,3332.26,3333.36,3331.41,3333.32,0,twelvedata,2025-08-26 19:26:43
1372,XAUUSD,2025-08-16 15:00:00,3333.31,3334.97,3332.98,3333.68,0,twelvedata,2025-08-26 19:26:43
1373,XAUUSD,2025-08-16 16:00:00,3333.61,3334.64,3332.28,3333.54,0,twelvedata,2025-08-26 19:26:43
1374,XAUUSD,2025-08-16 17:00:00,3333.79,3333.83,3333.44,3333.8,0,twelvedata,2025-08-26 19:26:43
1375,XAUUSD,2025-08-16 18:00:00,3333.8,3333.8,3327.21,3330.01,0,twelvedata,2025-08-26 19:26:43
1376,XAUUSD,2025-08-16 19:00:00,3330.0,3331.11,3330.0,3330.95,0,twelvedata,2025-08-26 19:26:43
1377,XAUUSD,2025-08-16 20:00:00,3330.95,3331.05,3328.81,3328.88,0,twelvedata,2025-08-26 19:26:43
1378,XAUUSD,2025-08-16 21:00:00,3328.88,3329.87,3328.87,3329.03,0,twelvedata,2025-08-26 19:26:43
1379,XAUUSD,2025-08-16 22:00:00,3329.02,3329.73,3328.84,3328.85,0,twelvedata,2025-08-26 19:26:43
1380,XAUUSD,2025-08-16 23:00:00,3328.85,3331.25,3327.95,3331.25,0,twelvedata,2025-08-26 19:26:43
1381,XAUUSD,2025-08-18 07:00:00,3330.09,3330.78,3330.09,3330.78,0,twelvedata,2025-08-26 19:26:43
1382,XAUUSD,2025-08-18 08:00:00,3330.79,3338.81,3328.06,3329.1,0,twelvedata,2025-08-26 19:26:43
1383,XAUUSD,2025-08-18 09:00:00,3329.1,3329.11,3322.0,3323.69,0,twelvedata,2025-08-26 19:26:43
1384,XAUUSD,2025-08-18 10:00:00,3323.7,3337.86,3323.7,3333.98,0,twelvedata,2025-08-26 19:26:43
1385,XAUUSD,2025-08-18 11:00:00,3333.98,3339.56,3333.74,3339.37,0,twelvedata,2025-08-26 19:26:43
1386,XAUUSD,2025-08-18 12:00:00,3339.37,3339.6,3333.4,3334.35,0,twelvedata,2025-08-26 19:26:43
1387,XAUUSD,2025-08-18 13:00:00,3334.35,3342.46,3334.35,3340.01,0,twelvedata,2025-08-26 19:26:43
1388,XAUUSD,2025-08-18 14:00:00,3340.01,3353.64,3340.01,3350.79,0,twelvedata,2025-08-26 19:26:43
1389,XAUUSD,2025-08-18 15:00:00,3350.79,3380.0,3341.67,3345.25,0,twelvedata,2025-08-26 19:26:43
1390,XAUUSD,2025-08-18 16:00:00,3345.24,3349.89,3341.69,3346.01,0,twelvedata,2025-08-26 19:26:43
1391,XAUUSD,2025-08-18 17:00:00,3346.44,3350.94,3343.05,3344.16,0,twelvedata,2025-08-26 19:26:43
1392,XAUUSD,2025-08-18 18:00:00,3344.26,3348.29,3340.39,3346.35,0,twelvedata,2025-08-26 19:26:43
1393,XAUUSD,2025-08-18 19:00:00,3346.35,3353.2,3342.09,3344.87,0,twelvedata,2025-08-26 19:26:43
1394,XAUUSD,2025-08-18 20:00:00,3344.88,3345.89,3342.77,3343.71,0,twelvedata,2025-08-26 19:26:43
1395,XAUUSD,2025-08-18 21:00:00,3343.7,3344.57,3342.0,3342.0,0,twelvedata,2025-08-26 19:26:43
1396,XAUUSD,2025-08-18 22:00:00,3342.0,3348.75,3339.57,3339.64,0,twelvedata,2025-08-26 19:26:43
1397,XAUUSD,2025-08-18 23:00:00,3339.64,3339.64,3333.47,3334.04,0,twelvedata,2025-08-26 19:26:43
1398,XAUUSD,2025-08-19 00:00:00,3334.05,3335.06,3331.0,3331.66,0,twelvedata,2025-08-26 19:26:43
1399,XAUUSD,2025-08-19 01:00:00,3332.16,3334.17,3331.39,3333.28,0,twelvedata,2025-08-26 19:26:43
1400,XAUUSD,2025-08-19 02:00:00,3333.27,3333.27,3328.25,3332.7,0,twelvedata,2025-08-26 19:26:43
1401,XAUUSD,2025-08-19 03:00:00,3332.76,3333.14,3326.63,3330.76,0,twelvedata,2025-08-26 19:26:43
1402,XAUUSD,2025-08-19 04:00:00,3330.71,3330.75,3328.76,3330.75,0,twelvedata,2025-08-26 19:26:43
1403,XAUUSD,2025-08-19 05:00:00,3330.75,3331.6,3329.87,3331.6,0,twelvedata,2025-08-26 19:26:43
1404,XAUUSD,2025-08-19 06:00:00,3331.55,3332.4,3331.35,3331.75,0,twelvedata,2025-08-26 19:26:43
1405,XAUUSD,2025-08-19 07:00:00,3331.76,3336.57,3331.76,3335.55,0,twelvedata,2025-08-26 19:26:43
1406,XAUUSD,2025-08-19 08:00:00,3335.4,3335.4,3331.87,3331.92,0,twelvedata,2025-08-26 19:26:43
1407,XAUUSD,2025-08-19 09:00:00,3331.82,3333.07,3330.47,3330.97,0,twelvedata,2025-08-26 19:26:43
1408,XAUUSD,2025-08-19 10:00:00,3330.96,3337.46,3326.51,3332.7,0,twelvedata,2025-08-26 19:26:43
1409,XAUUSD,2025-08-19 11:00:00,3332.7,3334.14,3330.23,3331.72,0,twelvedata,2025-08-26 19:26:43
1410,XAUUSD,2025-08-19 12:00:00,3331.95,3336.04,3329.25,3336.04,0,twelvedata,2025-08-26 19:26:43
1411,XAUUSD,2025-08-19 13:00:00,3336.04,3337.98,3332.62,3335.35,0,twelvedata,2025-08-26 19:26:43
1412,XAUUSD,2025-08-19 14:00:00,3335.35,3335.35,3331.51,3334.29,0,twelvedata,2025-08-26 19:26:43
1413,XAUUSD,2025-08-19 15:00:00,3334.3,3337.96,3334.3,3335.3,0,twelvedata,2025-08-26 19:26:43
1414,XAUUSD,2025-08-19 16:00:00,3335.22,3336.02,3335.1,3335.1,0,twelvedata,2025-08-26 19:26:43
1415,XAUUSD,2025-08-19 17:00:00,3335.1,3337.75,3335.1,3336.16,0,twelvedata,2025-08-26 19:26:43
1416,XAUUSD,2025-08-19 18:00:00,3336.17,3337.03,3332.4,3335.08,0,twelvedata,2025-08-26 19:26:43
1417,XAUUSD,2025-08-19 19:00:00,3335.08,3337.58,3332.56,3333.77,0,twelvedata,2025-08-26 19:26:43
1418,XAUUSD,2025-08-19 20:00:00,3334.12,3339.95,3334.12,3336.84,0,twelvedata,2025-08-26 19:26:43
1419,XAUUSD,2025-08-19 21:00:00,3336.86,3337.85,3333.54,3334.81,0,twelvedata,2025-08-26 19:26:43
1420,XAUUSD,2025-08-19 22:00:00,3334.71,3336.11,3331.73,3331.73,0,twelvedata,2025-08-26 19:26:43
1421,XAUUSD,2025-08-19 23:00:00,3331.7,3342.06,3324.59,3331.35,0,twelvedata,2025-08-26 19:26:43
1422,XAUUSD,2025-08-20 00:00:00,3331.37,3333.02,3320.34,3321.86,0,twelvedata,2025-08-26 19:26:43
1423,XAUUSD,2025-08-20 01:00:00,3321.86,3323.39,3317.0,3319.32,0,twelvedata,2025-08-26 19:26:43
1424,XAUUSD,2025-08-20 02:00:00,3319.33,3321.54,3317.0,3317.0,0,twelvedata,2025-08-26 19:26:43
1425,XAUUSD,2025-08-20 03:00:00,3317.0,3317.65,3315.05,3317.47,0,twelvedata,2025-08-26 19:26:43
1426,XAUUSD,2025-08-20 04:00:00,3317.46,3318.79,3316.23,3317.05,0,twelvedata,2025-08-26 19:26:43
1427,XAUUSD,2025-08-20 05:00:00,3317.04,3317.24,3308.01,3314.35,0,twelvedata,2025-08-26 19:26:43
1428,XAUUSD,2025-08-20 06:00:00,3314.35,3317.24,3313.67,3314.82,0,twelvedata,2025-08-26 19:26:43
1429,XAUUSD,2025-08-20 07:00:00,3314.84,3315.52,3314.7,3315.33,0,twelvedata,2025-08-26 19:26:43
1430,XAUUSD,2025-08-20 08:00:00,3315.33,3316.56,3314.65,3316.55,0,twelvedata,2025-08-26 19:26:43
1431,XAUUSD,2025-08-20 09:00:00,3316.55,3316.7,3307.58,3312.7,0,twelvedata,2025-08-26 19:26:43
1432,XAUUSD,2025-08-20 10:00:00,3312.71,3314.29,3311.78,3312.4,0,twelvedata,2025-08-26 19:26:43
1433,XAUUSD,2025-08-20 11:00:00,3312.38,3316.2,3307.23,3312.75,0,twelvedata,2025-08-26 19:26:43
1434,XAUUSD,2025-08-20 12:00:00,3312.75,3315.41,3301.77,3308.67,0,twelvedata,2025-08-26 19:26:43
1435,XAUUSD,2025-08-20 13:00:00,3308.68,3310.19,3307.36,3307.44,0,twelvedata,2025-08-26 19:26:43
1436,XAUUSD,2025-08-20 14:00:00,3307.36,3313.51,3307.32,3312.38,0,twelvedata,2025-08-26 19:26:43
1437,XAUUSD,2025-08-20 15:00:00,3312.47,3315.38,3312.0,3315.38,0,twelvedata,2025-08-26 19:26:43
1438,XAUUSD,2025-08-20 16:00:00,3315.38,3318.32,3315.09,3316.58,0,twelvedata,2025-08-26 19:26:43
1439,XAUUSD,2025-08-20 17:00:00,3316.58,3319.11,3315.62,3318.06,0,twelvedata,2025-08-26 19:26:43
1440,XAUUSD,2025-08-20 18:00:00,3318.05,3320.69,3314.41,3319.6,0,twelvedata,2025-08-26 19:26:43
1441,XAUUSD,2025-08-20 19:00:00,3319.65,3320.69,3317.89,3317.89,0,twelvedata,2025-08-26 19:26:43
1442,XAUUSD,2025-08-20 20:00:00,3317.9,3318.0,3317.08,3317.87,0,twelvedata,2025-08-26 19:26:43
1443,XAUUSD,2025-08-20 21:00:00,3317.88,3324.23,3317.88,3324.18,0,twelvedata,2025-08-26 19:26:43
1444,XAUUSD,2025-08-20 22:00:00,3324.18,3333.78,3324.02,3333.76,0,twelvedata,2025-08-26 19:26:43
1445,XAUUSD,2025-08-20 23:00:00,3333.75,3336.17,3330.47,3334.43,0,twelvedata,2025-08-26 19:26:43
1446,XAUUSD,2025-08-21 00:00:00,3334.19,3338.13,3330.84,3338.13,0,twelvedata,2025-08-26 19:26:43
1447,XAUUSD,2025-08-21 01:00:00,3338.13,3338.19,3331.0,3331.01,0,twelvedata,2025-08-26 19:26:43
1448,XAUUSD,2025-08-21 02:00:00,3331.01,3337.14,3331.0,3334.26,0,twelvedata,2025-08-26 19:26:43
1449,XAUUSD,2025-08-21 03:00:00,3334.27,3336.98,3334.27,3335.97,0,twelvedata,2025-08-26 19:26:43
1450,XAUUSD,2025-08-21 04:00:00,3335.97,3337.19,3334.0,3335.74,0,twelvedata,2025-08-26 19:26:43
1451,XAUUSD,2025-08-21 05:00:00,3335.74,3338.62,3334.0,3338.62,0,twelvedata,2025-08-26 19:26:43
1452,XAUUSD,2025-08-21 06:00:00,3338.63,3339.91,3337.79,3339.88,0,twelvedata,2025-08-26 19:26:43
1453,XAUUSD,2025-08-21 07:00:00,3339.88,3341.85,3339.79,3341.84,0,twelvedata,2025-08-26 19:26:43
1454,XAUUSD,2025-08-21 08:00:00,3341.85,3342.56,3340.8,3340.8,0,twelvedata,2025-08-26 19:26:43
1455,XAUUSD,2025-08-21 09:00:00,3340.82,3340.82,3339.87,3339.92,0,twelvedata,2025-08-26 19:26:43
1456,XAUUSD,2025-08-21 10:00:00,3339.92,3339.93,3336.56,3336.56,0,twelvedata,2025-08-26 19:26:43
1457,XAUUSD,2025-08-21 11:00:00,3336.57,3339.15,3335.59,3336.87,0,twelvedata,2025-08-26 19:26:43
1458,XAUUSD,2025-08-21 12:00:00,3336.87,3337.25,3335.31,3337.15,0,twelvedata,2025-08-26 19:26:43
1459,XAUUSD,2025-08-21 13:00:00,3337.14,3337.15,3334.32,3334.33,0,twelvedata,2025-08-26 19:26:43
1460,XAUUSD,2025-08-21 14:00:00,3334.32,3334.99,3333.0,3333.12,0,twelvedata,2025-08-26 19:26:43
1461,XAUUSD,2025-08-21 15:00:00,3333.13,3334.45,3332.0,3333.08,0,twelvedata,2025-08-26 19:26:43
1462,XAUUSD,2025-08-21 16:00:00,3333.08,3333.08,3330.0,3330.01,0,twelvedata,2025-08-26 19:26:43
1463,XAUUSD,2025-08-21 17:00:00,3330.01,3334.78,3330.0,3334.36,0,twelvedata,2025-08-26 19:26:43
1464,XAUUSD,2025-08-21 18:00:00,3334.36,3335.58,3334.35,3335.29,0,twelvedata,2025-08-26 19:26:43
1465,XAUUSD,2025-08-21 19:00:00,3335.26,3336.28,3334.84,3336.07,0,twelvedata,2025-08-26 19:26:43
1466,XAUUSD,2025-08-21 20:00:00,3336.32,3336.32,3318.25,3323.96,0,twelvedata,2025-08-26 19:26:43
1467,XAUUSD,2025-08-21 21:00:00,3324.09,3328.22,3321.76,3327.65,0,twelvedata,2025-08-26 19:26:43
1468,XAUUSD,2025-08-21 22:00:00,3327.66,3336.25,3327.65,3333.72,0,twelvedata,2025-08-26 19:26:43
1469,XAUUSD,2025-08-21 23:00:00,3333.73,3338.1,3329.4,3331.62,0,twelvedata,2025-08-26 19:26:43
1470,XAUUSD,2025-08-22 00:00:00,3331.62,3338.38,3331.62,3335.71,0,twelvedata,2025-08-26 19:26:43
1471,XAUUSD,2025-08-22 01:00:00,3335.71,3337.84,3331.0,3335.84,0,twelvedata,2025-08-26 19:26:43
1472,XAUUSD,2025-08-22 02:00:00,3335.84,3336.25,3331.99,3332.0,0,twelvedata,2025-08-26 19:26:43
1473,XAUUSD,2025-08-22 03:00:00,3332.0,3334.0,3331.52,3331.74,0,twelvedata,2025-08-26 19:26:43
1474,XAUUSD,2025-08-22 04:00:00,3331.75,3332.85,3331.44,3332.81,0,twelvedata,2025-08-26 19:26:43
1475,XAUUSD,2025-08-22 05:00:00,3332.81,3334.0,3331.0,3332.07,0,twelvedata,2025-08-26 19:26:43
1476,XAUUSD,2025-08-22 06:00:00,3332.08,3332.5,3331.11,3332.14,0,twelvedata,2025-08-26 19:26:43
1477,XAUUSD,2025-08-22 07:00:00,3332.13,3335.22,3330.54,3335.22,0,twelvedata,2025-08-26 19:26:43
1478,XAUUSD,2025-08-22 08:00:00,3335.27,3335.28,3331.97,3333.31,0,twelvedata,2025-08-26 19:26:43
1479,XAUUSD,2025-08-22 09:00:00,3333.31,3333.32,3331.35,3331.5,0,twelvedata,2025-08-26 19:26:43
1480,XAUUSD,2025-08-22 10:00:00,3331.5,3333.0,3330.76,3332.82,0,twelvedata,2025-08-26 19:26:43
1481,XAUUSD,2025-08-22 11:00:00,3332.82,3333.16,3329.33,3329.35,0,twelvedata,2025-08-26 19:26:43
1482,XAUUSD,2025-08-22 12:00:00,3329.34,3331.29,3329.15,3329.16,0,twelvedata,2025-08-26 19:26:43
1483,XAUUSD,2025-08-22 13:00:00,3329.16,3330.62,3327.02,3328.54,0,twelvedata,2025-08-26 19:26:43
1484,XAUUSD,2025-08-22 14:00:00,3328.55,3332.38,3324.74,3325.0,0,twelvedata,2025-08-26 19:26:43
1485,XAUUSD,2025-08-22 15:00:00,3325.0,3327.47,3324.35,3325.61,0,twelvedata,2025-08-26 19:26:43
1486,XAUUSD,2025-08-22 16:00:00,3325.61,3325.72,3323.28,3324.65,0,twelvedata,2025-08-26 19:26:43
1487,XAUUSD,2025-08-22 17:00:00,3324.79,3332.0,3323.9,3323.99,0,twelvedata,2025-08-26 19:26:43
1488,XAUUSD,2025-08-22 18:00:00,3324.0,3326.65,3323.06,3325.07,0,twelvedata,2025-08-26 19:26:43
1489,XAUUSD,2025-08-22 19:00:00,3325.23,3328.02,3324.84,3326.92,0,twelvedata,2025-08-26 19:26:43
1490,XAUUSD,2025-08-22 20:00:00,3326.92,3327.25,3326.16,3326.71,0,twelvedata,2025-08-26 19:26:43
1491,XAUUSD,2025-08-22 21:00:00,3326.72,3326.72,3323.32,3324.32,0,twelvedata,2025-08-26 19:26:43
1492,XAUUSD,2025-08-22 22:00:00,3324.32,3324.92,3318.28,3319.71,0,twelvedata,2025-08-26 19:26:43
1493,XAUUSD,2025-08-22 23:00:00,3319.71,3328.75,3319.7,3327.29,0,twelvedata,2025-08-26 19:26:43
1494,XAUUSD,2025-08-23 00:00:00,3327.29,3360.68,3327.29,3359.73,0,twelvedata,2025-08-26 19:26:43
1495,XAUUSD,2025-08-23 01:00:00,3359.73,3363.43,3351.0,3351.95,0,twelvedata,2025-08-26 19:26:43
1496,XAUUSD,2025-08-23 02:00:00,3352.19,3356.82,3352.01,3354.69,0,twelvedata,2025-08-26 19:26:43
1497,XAUUSD,2025-08-23 03:00:00,3354.69,3361.44,3354.69,3360.43,0,twelvedata,2025-08-26 19:26:43
1498,XAUUSD,2025-08-23 04:00:00,3360.44,3363.35,3360.09,3361.12,0,twelvedata,2025-08-26 19:26:43
1499,XAUUSD,2025-08-23 05:00:00,3361.13,3362.49,3360.29,3361.37,0,twelvedata,2025-08-26 19:26:43
1500,XAUUSD,2025-08-23 06:00:00,3361.36,3363.42,3361.13,3363.42,0,twelvedata,2025-08-26 19:26:43
1501,XAUUSD,2025-08-23 07:00:00,3363.43,3365.5,3359.53,3364.66,0,twelvedata,2025-08-26 19:26:43
1502,XAUUSD,2025-08-23 08:00:00,3364.64,3364.64,3360.0,3363.44,0,twelvedata,2025-08-26 19:26:43
1503,XAUUSD,2025-08-23 09:00:00,3363.6,3365.06,3363.33,3364.74,0,twelvedata,2025-08-26 19:26:43
1504,XAUUSD,2025-08-23 10:00:00,3364.74,3366.18,3360.0,3360.67,0,twelvedata,2025-08-26 19:26:43
1505,XAUUSD,2025-08-23 11:00:00,3360.67,3360.73,3358.58,3358.79,0,twelvedata,2025-08-26 19:26:43
1506,XAUUSD,2025-08-23 12:00:00,3358.79,3360.09,3358.59,3358.87,0,twelvedata,2025-08-26 19:26:43
1507,XAUUSD,2025-08-23 13:00:00,3358.86,3360.56,3358.86,3360.17,0,twelvedata,2025-08-26 19:26:43
1508,XAUUSD,2025-08-23 14:00:00,3360.11,3360.11,3345.51,3356.08,0,twelvedata,2025-08-26 19:26:43
1509,XAUUSD,2025-08-23 15:00:00,3356.09,3357.6,3354.35,3357.6,0,twelvedata,2025-08-26 19:26:43
1510,XAUUSD,2025-08-23 16:00:00,3357.6,3358.88,3357.37,3357.78,0,twelvedata,2025-08-26 19:26:43
1511,XAUUSD,2025-08-23 17:00:00,3357.77,3358.31,3356.92,3358.31,0,twelvedata,2025-08-26 19:26:43
1512,XAUUSD,2025-08-23 18:00:00,3358.3,3359.76,3357.87,3359.75,0,twelvedata,2025-08-26 19:26:43
1513,XAUUSD,2025-08-23 19:00:00,3359.76,3360.69,3359.75,3360.42,0,twelvedata,2025-08-26 19:26:43
1514,XAUUSD,2025-08-23 20:00:00,3360.43,3360.69,3360.42,3360.69,0,twelvedata,2025-08-26 19:26:43
1515,XAUUSD,2025-08-23 21:00:00,3360.69,3360.69,3360.49,3360.67,0,twelvedata,2025-08-26 19:26:43
1516,XAUUSD,2025-08-23 22:00:00,3360.68,3360.68,3357.02,3358.83,0,twelvedata,2025-08-26 19:26:43
1517,XAUUSD,2025-08-23 23:00:00,3358.82,3360.69,3358.74,3359.72,0,twelvedata,2025-08-26 19:26:43
1518,XAUUSD,2025-08-25 07:00:00,3358.02,3358.02,3355.32,3356.81,0,twelvedata,2025-08-26 19:26:43
1519,XAUUSD,2025-08-25 08:00:00,3356.8,3373.54,3356.04,3357.49,0,twelvedata,2025-08-26 19:26:43
1520,XAUUSD,2025-08-25 09:00:00,3357.54,3361.5,3357.06,3360.81,0,twelvedata,2025-08-26 19:26:43
1521,XAUUSD,2025-08-25 10:00:00,3360.81,3360.81,3354.83,3355.54,0,twelvedata,2025-08-26 19:26:43
1522,XAUUSD,2025-08-25 11:00:00,3355.76,3358.21,3353.14,3353.23,0,twelvedata,2025-08-26 19:26:43
1523,XAUUSD,2025-08-25 12:00:00,3353.29,3356.78,3352.54,3356.56,0,twelvedata,2025-08-26 19:26:43
1524,XAUUSD,2025-08-25 13:00:00,3356.56,3367.070068,3356.56,3358.87,0,twelvedata,2025-08-26 19:26:43
1525,XAUUSD,2025-08-25 14:00:00,3358.88,3358.88,3356.77,3357.4,0,twelvedata,2025-08-26 19:26:43
1526,XAUUSD,2025-08-25 15:00:00,3357.39,3357.4,3356.02,3356.23,0,twelvedata,2025-08-26 19:26:43
1527,XAUUSD,2025-08-25 16:00:00,3356.23,3358.85,3356.1,3357.95,0,twelvedata,2025-08-26 19:26:43
1528,XAUUSD,2025-08-25 17:00:00,3357.94,3358.56,3355.16,3356.0,0,twelvedata,2025-08-26 19:26:43
1529,XAUUSD,2025-08-25 18:00:00,3356.0,3356.17,3351.99,3353.31,0,twelvedata,2025-08-26 19:26:43
1530,XAUUSD,2025-08-25 19:00:00,3353.28,3356.09,3353.27,3356.08,0,twelvedata,2025-08-26 19:26:43
1531,XAUUSD,2025-08-25 20:00:00,3356.09,3359.14,3355.16,3356.68,0,twelvedata,2025-08-26 19:26:43
1532,XAUUSD,2025-08-25 21:00:00,3356.69,3361.5,3356.67,3361.24,0,twelvedata,2025-08-26 19:26:43
1533,XAUUSD,2025-08-25 22:00:00,3361.24,3362.71,3358.75,3358.76,0,twelvedata,2025-08-26 19:26:43
1534,XAUUSD,2025-08-25 23:00:00,3358.75,3360.3,3355.48,3359.95,0,twelvedata,2025-08-26 19:26:43
1535,XAUUSD,2025-08-26 00:00:00,3359.95,3361.89,3359.86,3361.88,0,twelvedata,2025-08-26 19:26:43
