id,symbol,timestamp,open,high,low,close,volume,source,created_at
1,GOLD,2025-06-27 00:00:00,3319.97998,3325.3,3312.85,3318.5,0,twelvedata,2025-08-26 17:50:06
2,GOLD,2025-06-27 01:00:00,3318.56006,3325.3,3318.56006,3324.55,0,twelvedata,2025-08-26 17:50:06
3,GOLD,2025-06-27 02:00:00,3326.37012,3335.1,3325.70996,3331.48999,0,twelvedata,2025-08-26 17:50:06
4,GOLD,2025-06-27 03:00:00,3331.47998,3337.3,3331.30005,3332.88989,0,twelvedata,2025-08-26 17:50:06
5,GOLD,2025-06-27 04:00:00,3332.45996,3334.91992,3331.37012,3334.17993,0,twelvedata,2025-08-26 17:50:06
6,GOLD,2025-06-27 05:00:00,3334.18994,3334.37012,3328.42993,3331.37012,0,twelvedata,2025-08-26 17:50:06
7,GOLD,2025-06-27 06:00:00,3331.44995,3333.2,3327.78003,3328.09,0,twelvedata,2025-08-26 17:50:06
8,GOLD,2025-06-27 07:00:00,3326.7,3329.0,3324.9,3325.9,0,twelvedata,2025-08-26 17:50:06
9,GOLD,2025-06-27 08:00:00,3326.33,3327.8,3318.63,3321.35,0,twelvedata,2025-08-26 17:50:06
10,GOLD,2025-06-27 09:00:00,3321.3,3323.58,3316.26,3318.66,0,twelvedata,2025-08-26 17:50:06
11,GOLD,2025-06-27 10:00:00,3318.81,3319.72,3313.32,3318.98999,0,twelvedata,2025-08-26 17:50:06
12,GOLD,2025-06-27 11:00:00,3318.8999,3323.8,3315.040039,3318.6499,0,twelvedata,2025-08-26 17:50:06
13,GOLD,2025-06-27 12:00:00,3319.9,3323.0,3311.73,3314.3,0,twelvedata,2025-08-26 17:50:06
14,GOLD,2025-06-27 13:00:00,3313.3,3315.3,3292.62988,3294.43994,0,twelvedata,2025-08-26 17:50:06
15,GOLD,2025-06-27 14:00:00,3299.2,3302.1,3293.01001,3293.9,0,twelvedata,2025-08-26 17:50:06
16,GOLD,2025-06-27 15:00:00,3294.02,3303.5,3293.44,3301.2,0,twelvedata,2025-08-26 17:50:06
17,GOLD,2025-06-27 16:00:00,3300.7,3300.7,3287.62012,3294.94995,0,twelvedata,2025-08-26 17:50:06
18,GOLD,2025-06-27 17:00:00,3294.22998,3294.3999,3284.41992,3284.42993,0,twelvedata,2025-08-26 17:50:06
19,GOLD,2025-06-27 18:00:00,3285.1001,3294.7,3282.81006,3289.37012,0,twelvedata,2025-08-26 17:50:06
20,GOLD,2025-06-27 19:00:00,3289.5,3294.0,3282.29004,3282.77002,0,twelvedata,2025-08-26 17:50:06
21,GOLD,2025-06-27 20:00:00,3282.82007,3295.2,3279.77002,3285.68994,0,twelvedata,2025-08-26 17:50:06
22,GOLD,2025-06-27 21:00:00,3285.8999,3292.1,3276.17993,3286.3,0,twelvedata,2025-08-26 17:50:06
23,GOLD,2025-06-27 22:00:00,3286.4,3286.8,3271.18994,3277.3,0,twelvedata,2025-08-26 17:50:06
24,GOLD,2025-06-27 23:00:00,3270.11011,3276.4,3255.97998,3274.3999,0,twelvedata,2025-08-26 17:50:06
25,GOLD,2025-06-28 00:00:00,3274.46997,3282.2,3265.040039,3277.4,0,twelvedata,2025-08-26 17:50:06
26,GOLD,2025-06-28 01:00:00,3278.4,3279.8,3273.17993,3274.70996,0,twelvedata,2025-08-26 17:50:06
27,GOLD,2025-06-28 02:00:00,3274.77002,3280.6,3273.44995,3280.3,0,twelvedata,2025-08-26 17:50:06
28,GOLD,2025-06-28 03:00:00,3280.3,3282.90991,3272.87988,3277.41992,0,twelvedata,2025-08-26 17:50:06
29,GOLD,2025-06-28 04:00:00,3278.28003,3281.9,3270.58008,3275.8999,0,twelvedata,2025-08-26 17:50:06
30,GOLD,2025-06-28 05:00:00,3276.16992,3276.57007,3268.4,3270.83008,0,twelvedata,2025-08-26 17:50:06
31,GOLD,2025-06-28 06:00:00,3270.77002,3278.7,3270.53003,3278.0,0,twelvedata,2025-08-26 17:50:06
32,GOLD,2025-06-28 07:00:00,3278.3,3282.5,3277.8,3282.4,0,twelvedata,2025-08-26 17:50:06
33,GOLD,2025-06-28 08:00:00,3282.3,3282.9,3282.3,3282.8,0,twelvedata,2025-08-26 17:50:06
34,GOLD,2025-06-28 09:00:00,3282.4,3282.6,3281.9,3282.2,0,twelvedata,2025-08-26 17:50:06
35,GOLD,2025-06-28 10:00:00,3282.6,3283.5,3273.67,3283.3,0,twelvedata,2025-08-26 17:50:06
36,GOLD,2025-06-28 11:00:00,3283.1,3283.1,3280.5,3280.7,0,twelvedata,2025-08-26 17:50:06
37,GOLD,2025-06-28 12:00:00,3280.5,3283.3,3280.1,3282.4,0,twelvedata,2025-08-26 17:50:06
38,GOLD,2025-06-28 13:00:00,3281.8,3283.7,3281.2,3281.5,0,twelvedata,2025-08-26 17:50:06
39,GOLD,2025-06-28 14:00:00,3281.5,3282.0,3280.5,3282.0,0,twelvedata,2025-08-26 17:50:06
40,GOLD,2025-06-28 15:00:00,3283.5,3284.1,3280.4,3281.2,0,twelvedata,2025-08-26 17:50:06
41,GOLD,2025-06-28 16:00:00,3280.8,3282.4,3277.2,3278.2,0,twelvedata,2025-08-26 17:50:06
42,GOLD,2025-06-28 17:00:00,3278.1,3279.5,3276.0,3277.1,0,twelvedata,2025-08-26 17:50:06
43,GOLD,2025-06-28 18:00:00,3277.1,3280.9,3276.9,3280.9,0,twelvedata,2025-08-26 17:50:06
44,GOLD,2025-06-28 19:00:00,3280.2,3280.4,3276.5,3278.0,0,twelvedata,2025-08-26 17:50:06
45,GOLD,2025-06-28 20:00:00,3278.5,3278.5,3277.9,3278.0,0,twelvedata,2025-08-26 17:50:06
46,GOLD,2025-06-28 21:00:00,3277.9,3278.2,3276.8,3277.1,0,twelvedata,2025-08-26 17:50:06
47,GOLD,2025-06-28 22:00:00,3277.2,3278.6,3276.9,3278.6,0,twelvedata,2025-08-26 17:50:06
48,GOLD,2025-06-28 23:00:00,3278.6,3284.3,3278.6,3284.3,0,twelvedata,2025-08-26 17:50:06
49,GOLD,2025-06-30 00:00:00,3273.8,3273.8,3272.0,3272.3,0,twelvedata,2025-08-26 17:50:06
50,GOLD,2025-06-30 01:00:00,3272.3,3272.6,3271.9,3271.9,0,twelvedata,2025-08-26 17:50:06
51,GOLD,2025-06-30 02:00:00,3271.9,3272.0,3271.9,3272.0,0,twelvedata,2025-08-26 17:50:06
52,GOLD,2025-06-30 08:00:00,3272.3,3280.89,3248.98,3263.66,0,twelvedata,2025-08-26 17:50:06
53,GOLD,2025-06-30 09:00:00,3264.25,3270.83008,3262.84,3263.77,0,twelvedata,2025-08-26 17:50:06
54,GOLD,2025-06-30 10:00:00,3263.47,3269.6,3262.80005,3264.55,0,twelvedata,2025-08-26 17:50:06
55,GOLD,2025-06-30 11:00:00,3264.63,3275.87012,3259.53003,3273.94995,0,twelvedata,2025-08-26 17:50:06
56,GOLD,2025-06-30 12:00:00,3273.92993,3283.41992,3273.87012,3280.3999,0,twelvedata,2025-08-26 17:50:06
57,GOLD,2025-06-30 13:00:00,3280.050049,3282.79004,3277.97998,3279.030029,0,twelvedata,2025-08-26 17:50:06
58,GOLD,2025-06-30 14:00:00,3279.070068,3286.33008,3277.1499,3285.75,0,twelvedata,2025-08-26 17:50:06
59,GOLD,2025-06-30 15:00:00,3285.70996,3291.42993,3284.73999,3289.01001,0,twelvedata,2025-08-26 17:50:06
60,GOLD,2025-06-30 16:00:00,3289.18994,3295.57007,3287.95996,3292.060059,0,twelvedata,2025-08-26 17:50:06
61,GOLD,2025-06-30 17:00:00,3292.12012,3296.88989,3290.81006,3293.5,0,twelvedata,2025-08-26 17:50:06
62,GOLD,2025-06-30 18:00:00,3293.9,3296.6,3288.22,3289.1,0,twelvedata,2025-08-26 17:50:06
63,GOLD,2025-06-30 19:00:00,3288.6,3288.6499,3277.65991,3287.91992,0,twelvedata,2025-08-26 17:50:06
64,GOLD,2025-06-30 20:00:00,3287.89,3288.67,3282.47,3283.43,0,twelvedata,2025-08-26 17:50:06
65,GOLD,2025-06-30 21:00:00,3283.28,3283.61,3274.70996,3277.83,0,twelvedata,2025-08-26 17:50:06
66,GOLD,2025-06-30 22:00:00,3278.08,3288.93,3278.08,3281.96,0,twelvedata,2025-08-26 17:50:06
67,GOLD,2025-06-30 23:00:00,3281.9,3288.0,3278.090088,3284.80005,0,twelvedata,2025-08-26 17:50:06
68,GOLD,2025-07-01 00:00:00,3285.32007,3289.61011,3279.31006,3287.78003,0,twelvedata,2025-08-26 17:50:06
69,GOLD,2025-07-01 01:00:00,3287.76001,3292.1,3283.87988,3289.68994,0,twelvedata,2025-08-26 17:50:06
70,GOLD,2025-07-01 02:00:00,3289.82007,3297.51001,3289.26001,3297.47998,0,twelvedata,2025-08-26 17:50:06
71,GOLD,2025-07-01 03:00:00,3297.3501,3298.61011,3292.8,3294.090088,0,twelvedata,2025-08-26 17:50:06
72,GOLD,2025-07-01 04:00:00,3294.070068,3299.59009,3292.72998,3298.52002,0,twelvedata,2025-08-26 17:50:06
73,GOLD,2025-07-01 05:00:00,3298.3,3307.43994,3298.1,3306.6,0,twelvedata,2025-08-26 17:50:06
74,GOLD,2025-07-01 06:00:00,3308.66992,3309.21997,3302.36011,3302.90991,0,twelvedata,2025-08-26 17:50:06
75,GOLD,2025-07-01 07:00:00,3305.4,3305.4,3300.0,3301.5,0,twelvedata,2025-08-26 17:50:06
76,GOLD,2025-07-01 08:00:00,3303.8,3314.54004,3300.9,3308.3,0,twelvedata,2025-08-26 17:50:06
77,GOLD,2025-07-01 09:00:00,3309.1,3312.59009,3307.0,3312.59009,0,twelvedata,2025-08-26 17:50:06
78,GOLD,2025-07-01 10:00:00,3312.8501,3314.59009,3308.9,3314.52002,0,twelvedata,2025-08-26 17:50:06
79,GOLD,2025-07-01 11:00:00,3315.28003,3321.02002,3311.7,3314.1,0,twelvedata,2025-08-26 17:50:06
80,GOLD,2025-07-01 12:00:00,3314.1,3319.42993,3312.1,3312.9,0,twelvedata,2025-08-26 17:50:06
81,GOLD,2025-07-01 13:00:00,3312.6,3322.63989,3312.6,3317.5,0,twelvedata,2025-08-26 17:50:06
82,GOLD,2025-07-01 14:00:00,3318.6,3323.1001,3317.8,3318.9,0,twelvedata,2025-08-26 17:50:06
83,GOLD,2025-07-01 15:00:00,3318.9,3330.27002,3318.9,3324.8,0,twelvedata,2025-08-26 17:50:06
84,GOLD,2025-07-01 16:00:00,3325.2,3330.55005,3321.7,3327.2,0,twelvedata,2025-08-26 17:50:06
85,GOLD,2025-07-01 17:00:00,3326.7,3338.18994,3326.7,3334.6,0,twelvedata,2025-08-26 17:50:06
86,GOLD,2025-07-01 18:00:00,3334.6,3342.47998,3332.7,3339.62988,0,twelvedata,2025-08-26 17:50:06
87,GOLD,2025-07-01 19:00:00,3334.3,3347.93994,3333.3,3345.8999,0,twelvedata,2025-08-26 17:50:06
88,GOLD,2025-07-01 20:00:00,3345.86011,3349.32,3342.2,3344.8,0,twelvedata,2025-08-26 17:50:06
89,GOLD,2025-07-01 21:00:00,3344.5,3352.37988,3342.5,3349.15991,0,twelvedata,2025-08-26 17:50:06
90,GOLD,2025-07-01 22:00:00,3349.050049,3357.96997,3345.6,3354.61011,0,twelvedata,2025-08-26 17:50:06
91,GOLD,2025-07-01 23:00:00,3354.72998,3355.6499,3341.1,3351.3999,0,twelvedata,2025-08-26 17:50:06
92,GOLD,2025-07-02 00:00:00,3351.75,3354.5,3341.3,3346.01,0,twelvedata,2025-08-26 17:50:06
93,GOLD,2025-07-02 01:00:00,3345.84009,3346.70996,3334.2,3340.29004,0,twelvedata,2025-08-26 17:50:06
94,GOLD,2025-07-02 02:00:00,3340.53003,3343.5,3334.2,3341.84009,0,twelvedata,2025-08-26 17:50:06
95,GOLD,2025-07-02 03:00:00,3341.77002,3342.20996,3334.3,3339.77002,0,twelvedata,2025-08-26 17:50:06
96,GOLD,2025-07-02 04:00:00,3339.65991,3339.94995,3334.5,3338.02002,0,twelvedata,2025-08-26 17:50:06
97,GOLD,2025-07-02 05:00:00,3338.11011,3340.13989,3336.2,3338.21997,0,twelvedata,2025-08-26 17:50:06
98,GOLD,2025-07-02 06:00:00,3337.92993,3340.37012,3336.4,3336.4,0,twelvedata,2025-08-26 17:50:06
99,GOLD,2025-07-02 07:00:00,3336.1,3336.1,3328.8,3328.8,0,twelvedata,2025-08-26 17:50:06
100,GOLD,2025-07-02 08:00:00,3337.93,3343.67,3336.86,3341.52,0,twelvedata,2025-08-26 17:50:06
101,GOLD,2025-07-02 09:00:00,3341.61,3341.73,3337.0,3337.92,0,twelvedata,2025-08-26 17:50:06
102,GOLD,2025-07-02 10:00:00,3338.31,3345.060059,3334.95996,3338.88,0,twelvedata,2025-08-26 17:50:06
103,GOLD,2025-07-02 11:00:00,3339.03,3342.82,3331.0,3332.32007,0,twelvedata,2025-08-26 17:50:06
104,GOLD,2025-07-02 12:00:00,3332.09,3338.08,3328.83,3336.62,0,twelvedata,2025-08-26 17:50:06
105,GOLD,2025-07-02 13:00:00,3336.80005,3341.17,3334.91,3338.4,0,twelvedata,2025-08-26 17:50:06
106,GOLD,2025-07-02 14:00:00,3337.3,3341.42993,3335.8,3340.1001,0,twelvedata,2025-08-26 17:50:06
107,GOLD,2025-07-02 15:00:00,3337.1,3342.33008,3333.1,3334.8,0,twelvedata,2025-08-26 17:50:06
108,GOLD,2025-07-02 16:00:00,3338.91992,3339.43994,3326.7,3330.4,0,twelvedata,2025-08-26 17:50:06
109,GOLD,2025-07-02 17:00:00,3328.0,3334.2,3325.7,3331.4,0,twelvedata,2025-08-26 17:50:06
110,GOLD,2025-07-02 18:00:00,3330.8,3337.3999,3329.3,3330.1,0,twelvedata,2025-08-26 17:50:06
111,GOLD,2025-07-02 19:00:00,3330.8,3342.17993,3327.9,3341.82007,0,twelvedata,2025-08-26 17:50:06
112,GOLD,2025-07-02 20:00:00,3341.94995,3345.6499,3336.9,3344.42993,0,twelvedata,2025-08-26 17:50:06
113,GOLD,2025-07-02 21:00:00,3344.45996,3347.66992,3337.8,3339.4,0,twelvedata,2025-08-26 17:50:06
114,GOLD,2025-07-02 22:00:00,3340.1,3351.12988,3336.9,3344.4,0,twelvedata,2025-08-26 17:50:06
115,GOLD,2025-07-02 23:00:00,3343.6,3346.6001,3332.5,3337.58008,0,twelvedata,2025-08-26 17:50:06
116,GOLD,2025-07-03 00:00:00,3335.1,3340.78003,3330.0,3338.2,0,twelvedata,2025-08-26 17:50:06
117,GOLD,2025-07-03 01:00:00,3339.3,3343.45996,3335.4,3340.97998,0,twelvedata,2025-08-26 17:50:06
118,GOLD,2025-07-03 02:00:00,3341.28003,3348.11011,3337.8,3342.5,0,twelvedata,2025-08-26 17:50:06
119,GOLD,2025-07-03 03:00:00,3343.5,3349.96997,3342.8,3349.75,0,twelvedata,2025-08-26 17:50:06
120,GOLD,2025-07-03 04:00:00,3349.56006,3352.8501,3346.1,3348.8,0,twelvedata,2025-08-26 17:50:06
121,GOLD,2025-07-03 05:00:00,3349.4,3357.33008,3349.2,3352.6,0,twelvedata,2025-08-26 17:50:06
122,GOLD,2025-07-03 06:00:00,3352.6,3359.060059,3351.1,3352.0,0,twelvedata,2025-08-26 17:50:06
123,GOLD,2025-07-03 07:00:00,3352.0,3353.2,3349.4,3349.7,0,twelvedata,2025-08-26 17:50:06
124,GOLD,2025-07-03 08:00:00,3357.95,3365.61,3352.5,3361.85,0,twelvedata,2025-08-26 17:50:06
125,GOLD,2025-07-03 09:00:00,3361.92,3362.19,3348.83,3349.44995,0,twelvedata,2025-08-26 17:50:06
126,GOLD,2025-07-03 10:00:00,3349.77,3349.77,3340.2,3340.3,0,twelvedata,2025-08-26 17:50:06
127,GOLD,2025-07-03 11:00:00,3340.6,3346.25,3338.5,3346.060059,0,twelvedata,2025-08-26 17:50:06
128,GOLD,2025-07-03 12:00:00,3346.11011,3348.31006,3341.5,3346.5,0,twelvedata,2025-08-26 17:50:06
129,GOLD,2025-07-03 13:00:00,3346.5,3350.53003,3342.4,3347.53003,0,twelvedata,2025-08-26 17:50:06
130,GOLD,2025-07-03 14:00:00,3347.58008,3350.73999,3344.5,3346.5,0,twelvedata,2025-08-26 17:50:06
131,GOLD,2025-07-03 15:00:00,3346.1,3357.51001,3345.4,3354.5,0,twelvedata,2025-08-26 17:50:06
132,GOLD,2025-07-03 16:00:00,3354.6,3361.77002,3351.9,3356.9,0,twelvedata,2025-08-26 17:50:06
133,GOLD,2025-07-03 17:00:00,3356.7,3362.91992,3348.4,3353.1499,0,twelvedata,2025-08-26 17:50:06
134,GOLD,2025-07-03 18:00:00,3349.1,3358.28003,3347.7,3356.28003,0,twelvedata,2025-08-26 17:50:06
135,GOLD,2025-07-03 19:00:00,3356.20996,3356.3501,3339.2,3342.2,0,twelvedata,2025-08-26 17:50:06
136,GOLD,2025-07-03 20:00:00,3341.5,3352.1,3340.7,3349.0,0,twelvedata,2025-08-26 17:50:06
137,GOLD,2025-07-03 21:00:00,3348.8,3350.91,3343.06,3346.07,0,twelvedata,2025-08-26 17:50:06
138,GOLD,2025-07-03 22:00:00,3345.9,3352.33,3311.66,3324.25,0,twelvedata,2025-08-26 17:50:06
139,GOLD,2025-07-03 23:00:00,3324.01,3338.34,3322.07,3331.81,0,twelvedata,2025-08-26 17:50:06
140,GOLD,2025-07-04 00:00:00,3331.6,3334.59,3323.67,3324.76001,0,twelvedata,2025-08-26 17:50:06
141,GOLD,2025-07-04 01:00:00,3324.73999,3331.43,3323.20996,3328.12988,0,twelvedata,2025-08-26 17:50:06
142,GOLD,2025-07-04 02:00:00,3328.31006,3334.65,3325.66,3333.9,0,twelvedata,2025-08-26 17:50:06
143,GOLD,2025-07-04 03:00:00,3333.92,3334.8,3327.1,3329.05,0,twelvedata,2025-08-26 17:50:06
144,GOLD,2025-07-04 04:00:00,3328.97,3330.22,3326.1,3329.19995,0,twelvedata,2025-08-26 17:50:06
145,GOLD,2025-07-04 05:00:00,3329.12,3329.51,3327.01,3328.7,0,twelvedata,2025-08-26 17:50:06
146,GOLD,2025-07-04 06:00:00,3328.81006,3328.95996,3323.5,3323.9,0,twelvedata,2025-08-26 17:50:06
147,GOLD,2025-07-04 07:00:00,3323.5,3325.8,3322.7,3325.8,0,twelvedata,2025-08-26 17:50:06
148,GOLD,2025-07-04 08:00:00,3325.15,3329.6499,3323.38,3329.1,0,twelvedata,2025-08-26 17:50:06
149,GOLD,2025-07-04 09:00:00,3329.07,3332.080078,3325.6,3330.86,0,twelvedata,2025-08-26 17:50:06
150,GOLD,2025-07-04 10:00:00,3330.68,3331.07,3325.76,3328.94,0,twelvedata,2025-08-26 17:50:06
151,GOLD,2025-07-04 11:00:00,3328.9,3334.26,3326.54,3330.12988,0,twelvedata,2025-08-26 17:50:06
152,GOLD,2025-07-04 12:00:00,3329.87,3332.34,3327.1,3327.3,0,twelvedata,2025-08-26 17:50:06
153,GOLD,2025-07-04 13:00:00,3327.29,3339.0,3326.19,3334.5,0,twelvedata,2025-08-26 17:50:06
154,GOLD,2025-07-04 14:00:00,3338.22,3342.26001,3336.3,3340.9,0,twelvedata,2025-08-26 17:50:06
155,GOLD,2025-07-04 15:00:00,3340.92,3342.21997,3337.0,3339.41,0,twelvedata,2025-08-26 17:50:06
156,GOLD,2025-07-04 16:00:00,3339.55,3344.98,3338.4,3342.55005,0,twelvedata,2025-08-26 17:50:06
157,GOLD,2025-07-04 17:00:00,3342.61,3343.61,3336.6,3342.91,0,twelvedata,2025-08-26 17:50:06
158,GOLD,2025-07-04 18:00:00,3342.98,3344.2,3340.84,3342.79,0,twelvedata,2025-08-26 17:50:06
159,GOLD,2025-07-04 19:00:00,3342.68,3343.04,3333.02,3334.42,0,twelvedata,2025-08-26 17:50:06
160,GOLD,2025-07-04 20:00:00,3334.42,3338.0,3331.45,3336.73,0,twelvedata,2025-08-26 17:50:06
161,GOLD,2025-07-04 21:00:00,3336.77,3337.79,3334.4,3334.7,0,twelvedata,2025-08-26 17:50:06
162,GOLD,2025-07-04 22:00:00,3334.54,3337.78,3331.5,3333.9,0,twelvedata,2025-08-26 17:50:06
163,GOLD,2025-07-04 23:00:00,3334.0,3338.060059,3332.3,3333.85,0,twelvedata,2025-08-26 17:50:06
164,GOLD,2025-07-05 00:00:00,3333.71,3334.28003,3330.86,3333.22,0,twelvedata,2025-08-26 17:50:06
165,GOLD,2025-07-05 01:00:00,3333.33,3333.92993,3330.2,3332.32,0,twelvedata,2025-08-26 17:50:06
166,GOLD,2025-07-05 02:00:00,3332.21,3337.44995,3332.21,3335.0,0,twelvedata,2025-08-26 17:50:06
167,GOLD,2025-07-05 03:00:00,3335.24,3335.24,3335.0,3335.0,0,twelvedata,2025-08-26 17:50:06
168,GOLD,2025-07-05 04:00:00,3335.0,3336.8,3335.0,3336.7,0,twelvedata,2025-08-26 17:50:06
169,GOLD,2025-07-05 05:00:00,3336.8,3338.3,3335.7,3338.0,0,twelvedata,2025-08-26 17:50:06
170,GOLD,2025-07-05 06:00:00,3337.6,3337.6,3336.4,3336.8,0,twelvedata,2025-08-26 17:50:06
171,GOLD,2025-07-05 07:00:00,3335.24,3337.6,3335.24,3336.5,0,twelvedata,2025-08-26 17:50:06
172,GOLD,2025-07-05 08:00:00,3336.9,3339.4,3335.24,3339.1,0,twelvedata,2025-08-26 17:50:06
173,GOLD,2025-07-05 09:00:00,3339.1,3339.1,3335.24,3335.24,0,twelvedata,2025-08-26 17:50:06
174,GOLD,2025-07-05 10:00:00,3338.2,3339.8,3338.2,3339.1,0,twelvedata,2025-08-26 17:50:06
175,GOLD,2025-07-05 11:00:00,3338.9,3339.1,3338.9,3339.0,0,twelvedata,2025-08-26 17:50:06
176,GOLD,2025-07-05 12:00:00,3338.9,3339.0,3338.9,3339.0,0,twelvedata,2025-08-26 17:50:06
177,GOLD,2025-07-05 13:00:00,3338.9,3338.9,3335.6,3336.9,0,twelvedata,2025-08-26 17:50:06
178,GOLD,2025-07-05 14:00:00,3336.9,3336.9,3331.3,3333.9,0,twelvedata,2025-08-26 17:50:06
179,GOLD,2025-07-05 15:00:00,3335.1,3339.3,3334.2,3335.7,0,twelvedata,2025-08-26 17:50:06
180,GOLD,2025-07-05 16:00:00,3334.8,3335.8,3332.8,3335.1,0,twelvedata,2025-08-26 17:50:06
181,GOLD,2025-07-05 17:00:00,3334.8,3335.2,3334.2,3334.3,0,twelvedata,2025-08-26 17:50:06
182,GOLD,2025-07-05 18:00:00,3333.9,3334.8,3333.9,3334.7,0,twelvedata,2025-08-26 17:50:06
183,GOLD,2025-07-05 19:00:00,3335.4,3336.7,3335.3,3335.6,0,twelvedata,2025-08-26 17:50:06
184,GOLD,2025-07-05 20:00:00,3337.2,3337.2,3335.7,3335.7,0,twelvedata,2025-08-26 17:50:06
185,GOLD,2025-07-05 21:00:00,3336.0,3336.9,3335.3,3335.3,0,twelvedata,2025-08-26 17:50:06
186,GOLD,2025-07-05 22:00:00,3335.4,3335.7,3334.3,3335.5,0,twelvedata,2025-08-26 17:50:06
187,GOLD,2025-07-05 23:00:00,3335.9,3336.7,3335.5,3336.7,0,twelvedata,2025-08-26 17:50:06
188,GOLD,2025-07-07 00:00:00,3335.2,3335.4,3334.0,3334.9,0,twelvedata,2025-08-26 17:50:06
189,GOLD,2025-07-07 01:00:00,3334.7,3334.7,3332.3,3334.4,0,twelvedata,2025-08-26 17:50:06
190,GOLD,2025-07-07 02:00:00,3334.4,3335.0,3332.4,3332.5,0,twelvedata,2025-08-26 17:50:06
191,GOLD,2025-07-07 03:00:00,3333.1,3339.5,3332.1,3334.5,0,twelvedata,2025-08-26 17:50:06
192,GOLD,2025-07-07 04:00:00,3334.4,3335.4,3334.0,3334.1,0,twelvedata,2025-08-26 17:50:06
193,GOLD,2025-07-07 05:00:00,3334.6,3334.6,3334.6,3334.6,0,twelvedata,2025-08-26 17:50:06
194,GOLD,2025-07-07 08:00:00,3334.01,3342.05,3332.37,3333.2,0,twelvedata,2025-08-26 17:50:06
195,GOLD,2025-07-07 09:00:00,3333.58008,3334.65991,3326.29,3328.8,0,twelvedata,2025-08-26 17:50:06
196,GOLD,2025-07-07 10:00:00,3328.92,3329.38,3321.7,3326.47,0,twelvedata,2025-08-26 17:50:06
197,GOLD,2025-07-07 11:00:00,3326.38,3327.55,3306.88,3316.48,0,twelvedata,2025-08-26 17:50:06
198,GOLD,2025-07-07 12:00:00,3316.79,3317.68,3306.0,3308.82,0,twelvedata,2025-08-26 17:50:06
199,GOLD,2025-07-07 13:00:00,3308.7,3315.24,3307.12,3311.0,0,twelvedata,2025-08-26 17:50:06
200,GOLD,2025-07-07 14:00:00,3311.22,3312.24,3305.2,3307.82007,0,twelvedata,2025-08-26 17:50:06
201,GOLD,2025-07-07 15:00:00,3307.81,3315.05,3307.1001,3313.38,0,twelvedata,2025-08-26 17:50:06
202,GOLD,2025-07-07 16:00:00,3313.31,3315.15,3308.51001,3309.86,0,twelvedata,2025-08-26 17:50:06
203,GOLD,2025-07-07 17:00:00,3310.24,3313.22,3300.65,3302.18,0,twelvedata,2025-08-26 17:50:06
204,GOLD,2025-07-07 18:00:00,3302.07,3312.56,3301.16,3310.1,0,twelvedata,2025-08-26 17:50:06
205,GOLD,2025-07-07 19:00:00,3310.01,3311.95996,3306.02,3308.95,0,twelvedata,2025-08-26 17:50:06
206,GOLD,2025-07-07 20:00:00,3308.89,3310.65,3296.5,3301.93,0,twelvedata,2025-08-26 17:50:06
207,GOLD,2025-07-07 21:00:00,3302.04,3307.59009,3299.8,3301.83,0,twelvedata,2025-08-26 17:50:06
208,GOLD,2025-07-07 22:00:00,3301.97,3312.49,3300.52,3309.57,0,twelvedata,2025-08-26 17:50:06
209,GOLD,2025-07-07 23:00:00,3309.59,3317.12012,3306.25,3316.29,0,twelvedata,2025-08-26 17:50:06
210,GOLD,2025-07-08 00:00:00,3316.62,3321.29,3313.24,3317.92,0,twelvedata,2025-08-26 17:50:06
211,GOLD,2025-07-08 01:00:00,3317.88,3321.93,3316.41,3320.78,0,twelvedata,2025-08-26 17:50:06
212,GOLD,2025-07-08 02:00:00,3320.81,3327.98,3320.13,3327.31,0,twelvedata,2025-08-26 17:50:06
213,GOLD,2025-07-08 03:00:00,3327.48,3335.8,3327.32,3332.03,0,twelvedata,2025-08-26 17:50:06
214,GOLD,2025-07-08 04:00:00,3331.97,3335.69,3328.46,3334.43994,0,twelvedata,2025-08-26 17:50:06
215,GOLD,2025-07-08 05:00:00,3334.37,3340.3,3334.37,3337.12,0,twelvedata,2025-08-26 17:50:06
216,GOLD,2025-07-08 06:00:00,3337.02,3337.5,3333.8,3336.82,0,twelvedata,2025-08-26 17:50:06
217,GOLD,2025-07-08 07:00:00,3333.8,3335.3,3330.0,3330.0,0,twelvedata,2025-08-26 17:50:06
218,GOLD,2025-07-08 08:00:00,3329.41,3345.7,3329.41,3339.73,0,twelvedata,2025-08-26 17:50:06
219,GOLD,2025-07-08 09:00:00,3339.77,3340.04,3333.85,3334.76001,0,twelvedata,2025-08-26 17:50:06
220,GOLD,2025-07-08 10:00:00,3334.55,3337.26001,3331.15,3334.17,0,twelvedata,2025-08-26 17:50:06
221,GOLD,2025-07-08 11:00:00,3334.01,3336.98999,3329.67,3334.76,0,twelvedata,2025-08-26 17:50:06
222,GOLD,2025-07-08 12:00:00,3334.76,3337.88989,3330.9,3334.43,0,twelvedata,2025-08-26 17:50:06
223,GOLD,2025-07-08 13:00:00,3334.31,3335.4,3329.2,3331.56006,0,twelvedata,2025-08-26 17:50:06
224,GOLD,2025-07-08 14:00:00,3331.3,3332.8,3327.55,3329.55,0,twelvedata,2025-08-26 17:50:06
225,GOLD,2025-07-08 15:00:00,3329.63,3336.48,3329.49,3334.03,0,twelvedata,2025-08-26 17:50:06
226,GOLD,2025-07-08 16:00:00,3334.080078,3335.89,3331.0,3335.78,0,twelvedata,2025-08-26 17:50:06
227,GOLD,2025-07-08 17:00:00,3336.16,3339.40991,3330.45,3333.98999,0,twelvedata,2025-08-26 17:50:06
228,GOLD,2025-07-08 18:00:00,3333.87,3333.87,3323.31,3323.61,0,twelvedata,2025-08-26 17:50:06
229,GOLD,2025-07-08 19:00:00,3323.58,3326.72,3321.37,3321.97,0,twelvedata,2025-08-26 17:50:06
230,GOLD,2025-07-08 20:00:00,3321.98,3327.26,3320.46,3324.77,0,twelvedata,2025-08-26 17:50:06
231,GOLD,2025-07-08 21:00:00,3324.49,3327.5,3320.1,3324.96,0,twelvedata,2025-08-26 17:50:06
232,GOLD,2025-07-08 22:00:00,3324.93,3329.79,3324.71,3328.17,0,twelvedata,2025-08-26 17:50:06
233,GOLD,2025-07-08 23:00:00,3328.31,3328.62,3315.0,3315.22,0,twelvedata,2025-08-26 17:50:06
234,GOLD,2025-07-09 00:00:00,3315.13989,3315.83,3294.36,3296.45,0,twelvedata,2025-08-26 17:50:06
235,GOLD,2025-07-09 01:00:00,3296.44,3300.27002,3287.21,3298.12,0,twelvedata,2025-08-26 17:50:06
236,GOLD,2025-07-09 02:00:00,3298.33008,3301.63989,3295.98,3300.20996,0,twelvedata,2025-08-26 17:50:06
237,GOLD,2025-07-09 03:00:00,3300.51,3310.42993,3299.37,3306.4,0,twelvedata,2025-08-26 17:50:06
238,GOLD,2025-07-09 04:00:00,3306.36011,3308.15,3300.6,3305.51001,0,twelvedata,2025-08-26 17:50:06
239,GOLD,2025-07-09 05:00:00,3305.32,3306.07,3301.8,3302.94,0,twelvedata,2025-08-26 17:50:06
240,GOLD,2025-07-09 06:00:00,3302.57,3303.68,3299.0,3301.03,0,twelvedata,2025-08-26 17:50:06
241,GOLD,2025-07-09 07:00:00,3299.1,3305.5,3297.9,3305.4,0,twelvedata,2025-08-26 17:50:06
242,GOLD,2025-07-09 08:00:00,3300.83,3304.07,3300.3,3301.61,0,twelvedata,2025-08-26 17:50:06
243,GOLD,2025-07-09 09:00:00,3301.69995,3303.93,3297.16,3302.3501,0,twelvedata,2025-08-26 17:50:06
244,GOLD,2025-07-09 10:00:00,3302.72998,3308.030029,3302.0,3305.93994,0,twelvedata,2025-08-26 17:50:06
245,GOLD,2025-07-09 11:00:00,3305.4,3306.75,3299.43994,3301.94995,0,twelvedata,2025-08-26 17:50:06
246,GOLD,2025-07-09 12:00:00,3301.98999,3302.8999,3286.85,3288.42,0,twelvedata,2025-08-26 17:50:06
247,GOLD,2025-07-09 13:00:00,3288.38,3294.68,3285.0,3293.37,0,twelvedata,2025-08-26 17:50:06
248,GOLD,2025-07-09 14:00:00,3293.48,3296.3501,3291.16,3293.87,0,twelvedata,2025-08-26 17:50:06
249,GOLD,2025-07-09 15:00:00,3293.88,3297.84009,3289.03,3289.29,0,twelvedata,2025-08-26 17:50:06
250,GOLD,2025-07-09 16:00:00,3289.58,3292.65,3285.56,3292.16,0,twelvedata,2025-08-26 17:50:06
251,GOLD,2025-07-09 17:00:00,3292.28,3296.070068,3288.3501,3291.82,0,twelvedata,2025-08-26 17:50:06
252,GOLD,2025-07-09 18:00:00,3291.9,3292.53003,3282.8999,3285.090088,0,twelvedata,2025-08-26 17:50:06
253,GOLD,2025-07-09 19:00:00,3285.12012,3291.1,3284.48999,3289.28003,0,twelvedata,2025-08-26 17:50:06
254,GOLD,2025-07-09 20:00:00,3289.23999,3295.88,3288.27,3295.63989,0,twelvedata,2025-08-26 17:50:06
255,GOLD,2025-07-09 21:00:00,3295.64,3295.88,3283.18,3284.96,0,twelvedata,2025-08-26 17:50:06
256,GOLD,2025-07-09 22:00:00,3285.0,3297.48,3285.0,3296.31,0,twelvedata,2025-08-26 17:50:06
257,GOLD,2025-07-09 23:00:00,3296.25,3305.27002,3292.050049,3300.42993,0,twelvedata,2025-08-26 17:50:06
258,GOLD,2025-07-10 00:00:00,3300.34009,3312.94995,3299.8999,3312.41992,0,twelvedata,2025-08-26 17:50:06
259,GOLD,2025-07-10 01:00:00,3309.7,3310.0,3304.1,3308.4,0,twelvedata,2025-08-26 17:50:06
260,GOLD,2025-07-10 02:00:00,3307.8,3312.78003,3306.4,3311.88989,0,twelvedata,2025-08-26 17:50:06
261,GOLD,2025-07-10 03:00:00,3311.83008,3312.51001,3306.5,3307.2,0,twelvedata,2025-08-26 17:50:06
262,GOLD,2025-07-10 04:00:00,3307.3,3313.78003,3306.5,3311.53003,0,twelvedata,2025-08-26 17:50:06
263,GOLD,2025-07-10 05:00:00,3311.45996,3316.87012,3311.1001,3315.63,0,twelvedata,2025-08-26 17:50:06
264,GOLD,2025-07-10 06:00:00,3315.84,3315.84,3311.3,3312.1,0,twelvedata,2025-08-26 17:50:06
265,GOLD,2025-07-10 07:00:00,3312.1,3312.9,3306.2,3309.9,0,twelvedata,2025-08-26 17:50:06
266,GOLD,2025-07-10 08:00:00,3310.95,3321.03,3310.95,3319.51,0,twelvedata,2025-08-26 17:50:06
267,GOLD,2025-07-10 09:00:00,3319.45,3319.71997,3315.64,3317.53,0,twelvedata,2025-08-26 17:50:06
268,GOLD,2025-07-10 10:00:00,3317.34,3321.76,3316.55,3317.65,0,twelvedata,2025-08-26 17:50:06
269,GOLD,2025-07-10 11:00:00,3317.55,3326.38989,3315.1,3322.3501,0,twelvedata,2025-08-26 17:50:06
270,GOLD,2025-07-10 12:00:00,3322.25,3323.67993,3318.17,3319.31006,0,twelvedata,2025-08-26 17:50:06
271,GOLD,2025-07-10 13:00:00,3319.23999,3320.21997,3311.6,3311.7,0,twelvedata,2025-08-26 17:50:06
272,GOLD,2025-07-10 14:00:00,3315.6,3322.44,3312.2,3322.17,0,twelvedata,2025-08-26 17:50:06
273,GOLD,2025-07-10 15:00:00,3322.24,3325.03,3318.1,3321.32007,0,twelvedata,2025-08-26 17:50:06
274,GOLD,2025-07-10 16:00:00,3321.04,3328.12,3320.84,3325.23,0,twelvedata,2025-08-26 17:50:06
275,GOLD,2025-07-10 17:00:00,3325.19,3329.36011,3319.93,3320.98,0,twelvedata,2025-08-26 17:50:06
276,GOLD,2025-07-10 18:00:00,3321.11,3330.05,3316.9,3328.6,0,twelvedata,2025-08-26 17:50:06
277,GOLD,2025-07-10 19:00:00,3328.61,3330.21,3323.1,3326.41,0,twelvedata,2025-08-26 17:50:06
278,GOLD,2025-07-10 20:00:00,3326.53,3328.74,3322.23,3325.19,0,twelvedata,2025-08-26 17:50:06
279,GOLD,2025-07-10 21:00:00,3325.28,3330.15,3316.4,3320.4,0,twelvedata,2025-08-26 17:50:06
280,GOLD,2025-07-10 22:00:00,3320.45,3326.070068,3318.04,3324.050049,0,twelvedata,2025-08-26 17:50:06
281,GOLD,2025-07-10 23:00:00,3323.92993,3329.42993,3312.040039,3312.88989,0,twelvedata,2025-08-26 17:50:06
282,GOLD,2025-07-11 00:00:00,3312.81006,3321.65991,3309.9,3314.98999,0,twelvedata,2025-08-26 17:50:06
283,GOLD,2025-07-11 01:00:00,3315.02002,3321.58008,3314.69995,3319.79004,0,twelvedata,2025-08-26 17:50:06
284,GOLD,2025-07-11 02:00:00,3319.72998,3320.01001,3312.13,3315.15991,0,twelvedata,2025-08-26 17:50:06
285,GOLD,2025-07-11 03:00:00,3315.13989,3318.62988,3313.6,3317.35,0,twelvedata,2025-08-26 17:50:06
286,GOLD,2025-07-11 04:00:00,3317.21,3321.83,3316.49,3321.46,0,twelvedata,2025-08-26 17:50:06
287,GOLD,2025-07-11 05:00:00,3321.55,3325.84,3321.45,3324.84009,0,twelvedata,2025-08-26 17:50:06
288,GOLD,2025-07-11 06:00:00,3324.84,3325.3,3319.0,3323.67,0,twelvedata,2025-08-26 17:50:06
289,GOLD,2025-07-11 07:00:00,3318.9,3323.8,3314.8,3317.7,0,twelvedata,2025-08-26 17:50:06
290,GOLD,2025-07-11 08:00:00,3323.33,3326.17,3321.7,3323.25,0,twelvedata,2025-08-26 17:50:06
291,GOLD,2025-07-11 09:00:00,3322.83,3326.47998,3322.77,3323.7,0,twelvedata,2025-08-26 17:50:06
292,GOLD,2025-07-11 10:00:00,3323.66,3335.98,3323.55,3330.44,0,twelvedata,2025-08-26 17:50:06
293,GOLD,2025-07-11 11:00:00,3330.2,3331.42,3325.5,3329.54,0,twelvedata,2025-08-26 17:50:06
294,GOLD,2025-07-11 12:00:00,3329.54,3335.060059,3327.18,3332.5,0,twelvedata,2025-08-26 17:50:06
295,GOLD,2025-07-11 13:00:00,3332.56,3335.94,3332.09,3333.66,0,twelvedata,2025-08-26 17:50:06
296,GOLD,2025-07-11 14:00:00,3333.6,3335.29,3329.84,3331.94,0,twelvedata,2025-08-26 17:50:06
297,GOLD,2025-07-11 15:00:00,3332.49,3341.62,3332.03,3333.9,0,twelvedata,2025-08-26 17:50:06
298,GOLD,2025-07-11 16:00:00,3334.0,3343.68994,3332.29004,3332.57007,0,twelvedata,2025-08-26 17:50:06
299,GOLD,2025-07-11 17:00:00,3332.32,3342.29004,3331.5,3342.050049,0,twelvedata,2025-08-26 17:50:06
300,GOLD,2025-07-11 18:00:00,3341.68,3343.83008,3332.0,3333.13,0,twelvedata,2025-08-26 17:50:06
301,GOLD,2025-07-11 19:00:00,3333.13,3339.99,3332.86,3339.4,0,twelvedata,2025-08-26 17:50:06
302,GOLD,2025-07-11 20:00:00,3339.61,3348.14,3339.61,3344.85,0,twelvedata,2025-08-26 17:50:06
303,GOLD,2025-07-11 21:00:00,3345.29,3350.08,3335.5,3347.55005,0,twelvedata,2025-08-26 17:50:06
304,GOLD,2025-07-11 22:00:00,3347.48,3357.0,3344.44995,3355.21997,0,twelvedata,2025-08-26 17:50:06
305,GOLD,2025-07-11 23:00:00,3355.3501,3359.16992,3345.6,3351.82,0,twelvedata,2025-08-26 17:50:06
306,GOLD,2025-07-12 00:00:00,3345.5,3359.83008,3344.2,3353.3,0,twelvedata,2025-08-26 17:50:06
307,GOLD,2025-07-12 01:00:00,3353.7,3367.45996,3352.0,3358.86,0,twelvedata,2025-08-26 17:50:06
308,GOLD,2025-07-12 02:00:00,3358.9,3359.71997,3353.0,3353.79,0,twelvedata,2025-08-26 17:50:06
309,GOLD,2025-07-12 03:00:00,3353.69995,3354.21997,3349.27,3353.37,0,twelvedata,2025-08-26 17:50:06
310,GOLD,2025-07-12 04:00:00,3353.59,3358.49,3353.41,3355.95,0,twelvedata,2025-08-26 17:50:06
311,GOLD,2025-07-12 05:00:00,3355.98,3359.72998,3355.6,3356.35,0,twelvedata,2025-08-26 17:50:06
312,GOLD,2025-07-12 06:00:00,3356.63989,3358.37,3349.0,3349.9,0,twelvedata,2025-08-26 17:50:06
313,GOLD,2025-07-12 07:00:00,3349.8,3350.1,3343.9,3343.9,0,twelvedata,2025-08-26 17:50:06
314,GOLD,2025-07-12 08:00:00,3343.9,3346.1,3343.9,3346.0,0,twelvedata,2025-08-26 17:50:06
315,GOLD,2025-07-12 09:00:00,3345.8,3349.7,3345.6,3349.7,0,twelvedata,2025-08-26 17:50:06
316,GOLD,2025-07-12 10:00:00,3351.2,3354.76,3343.6,3344.5,0,twelvedata,2025-08-26 17:50:06
317,GOLD,2025-07-12 11:00:00,3344.9,3354.4,3343.7,3351.2,0,twelvedata,2025-08-26 17:50:06
318,GOLD,2025-07-12 12:00:00,3352.8,3353.6,3350.6,3351.3,0,twelvedata,2025-08-26 17:50:06
319,GOLD,2025-07-12 13:00:00,3351.0,3354.6,3350.2,3350.4,0,twelvedata,2025-08-26 17:50:06
320,GOLD,2025-07-12 14:00:00,3350.2,3352.1,3344.7,3348.4,0,twelvedata,2025-08-26 17:50:06
321,GOLD,2025-07-12 15:00:00,3348.3,3350.4,3346.8,3349.4,0,twelvedata,2025-08-26 17:50:06
322,GOLD,2025-07-12 16:00:00,3349.5,3350.0,3345.4,3345.4,0,twelvedata,2025-08-26 17:50:06
323,GOLD,2025-07-12 17:00:00,3345.6,3349.7,3345.1,3347.4,0,twelvedata,2025-08-26 17:50:06
324,GOLD,2025-07-12 18:00:00,3348.0,3348.9,3344.3,3348.0,0,twelvedata,2025-08-26 17:50:06
325,GOLD,2025-07-12 19:00:00,3347.6,3348.7,3345.2,3347.3,0,twelvedata,2025-08-26 17:50:06
326,GOLD,2025-07-12 20:00:00,3347.3,3349.2,3344.8,3347.4,0,twelvedata,2025-08-26 17:50:06
327,GOLD,2025-07-12 21:00:00,3347.3,3349.4,3346.3,3347.1,0,twelvedata,2025-08-26 17:50:06
328,GOLD,2025-07-12 22:00:00,3347.2,3347.3,3345.1,3345.8,0,twelvedata,2025-08-26 17:50:06
329,GOLD,2025-07-12 23:00:00,3345.9,3349.1,3344.8,3348.6,0,twelvedata,2025-08-26 17:50:06
330,GOLD,2025-07-14 00:00:00,3348.0,3350.9,3345.6,3348.5,0,twelvedata,2025-08-26 17:50:06
331,GOLD,2025-07-14 01:00:00,3348.7,3350.6,3346.3,3349.0,0,twelvedata,2025-08-26 17:50:06
332,GOLD,2025-07-14 02:00:00,3349.4,3349.4,3345.4,3347.3,0,twelvedata,2025-08-26 17:50:06
333,GOLD,2025-07-14 03:00:00,3346.6,3349.7,3346.6,3349.4,0,twelvedata,2025-08-26 17:50:06
334,GOLD,2025-07-14 08:00:00,3356.92,3371.01001,3356.92,3369.0,0,twelvedata,2025-08-26 17:50:06
335,GOLD,2025-07-14 09:00:00,3369.33,3373.7,3366.15,3367.76001,0,twelvedata,2025-08-26 17:50:06
336,GOLD,2025-07-14 10:00:00,3367.36,3373.27002,3364.84,3367.52002,0,twelvedata,2025-08-26 17:50:06
337,GOLD,2025-07-14 11:00:00,3367.23,3370.05,3357.090088,3358.37,0,twelvedata,2025-08-26 17:50:06
338,GOLD,2025-07-14 12:00:00,3358.07,3359.62012,3349.0,3357.48999,0,twelvedata,2025-08-26 17:50:06
339,GOLD,2025-07-14 13:00:00,3357.37,3359.54,3355.38,3357.02002,0,twelvedata,2025-08-26 17:50:06
340,GOLD,2025-07-14 14:00:00,3356.26,3361.41,3353.7,3359.6,0,twelvedata,2025-08-26 17:50:06
341,GOLD,2025-07-14 15:00:00,3359.44,3360.34,3354.5,3357.55,0,twelvedata,2025-08-26 17:50:06
342,GOLD,2025-07-14 16:00:00,3357.57,3369.61,3356.52,3368.73,0,twelvedata,2025-08-26 17:50:06
343,GOLD,2025-07-14 17:00:00,3368.84009,3375.02002,3366.84009,3372.030029,0,twelvedata,2025-08-26 17:50:06
344,GOLD,2025-07-14 18:00:00,3371.8999,3372.69995,3365.48999,3366.040039,0,twelvedata,2025-08-26 17:50:06
345,GOLD,2025-07-14 19:00:00,3366.20996,3370.48999,3364.070068,3370.3501,0,twelvedata,2025-08-26 17:50:06
346,GOLD,2025-07-14 20:00:00,3370.55005,3374.55,3365.5,3371.94,0,twelvedata,2025-08-26 17:50:06
347,GOLD,2025-07-14 21:00:00,3371.92,3373.06,3363.82,3364.02,0,twelvedata,2025-08-26 17:50:06
348,GOLD,2025-07-14 22:00:00,3363.99,3366.29,3349.36,3350.06,0,twelvedata,2025-08-26 17:50:06
349,GOLD,2025-07-14 23:00:00,3350.54,3359.02002,3347.09,3355.3501,0,twelvedata,2025-08-26 17:50:06
350,GOLD,2025-07-15 00:00:00,3355.23999,3356.28003,3341.1499,3343.070068,0,twelvedata,2025-08-26 17:50:06
351,GOLD,2025-07-15 01:00:00,3343.25,3349.6499,3342.66992,3345.1499,0,twelvedata,2025-08-26 17:50:06
352,GOLD,2025-07-15 02:00:00,3344.6,3349.27002,3342.4,3345.5,0,twelvedata,2025-08-26 17:50:06
353,GOLD,2025-07-15 03:00:00,3345.4,3351.72,3345.4,3351.050049,0,twelvedata,2025-08-26 17:50:06
354,GOLD,2025-07-15 04:00:00,3351.080078,3351.23999,3348.0,3348.8999,0,twelvedata,2025-08-26 17:50:06
355,GOLD,2025-07-15 05:00:00,3348.79,3350.46,3343.16,3344.07,0,twelvedata,2025-08-26 17:50:06
356,GOLD,2025-07-15 06:00:00,3344.06,3345.58,3341.36011,3342.4,0,twelvedata,2025-08-26 17:50:06
357,GOLD,2025-07-15 07:00:00,3342.4,3348.1,3341.1,3347.2,0,twelvedata,2025-08-26 17:50:06
358,GOLD,2025-07-15 08:00:00,3342.1,3345.8,3341.21,3345.8,0,twelvedata,2025-08-26 17:50:06
359,GOLD,2025-07-15 09:00:00,3345.66992,3346.54004,3343.9,3345.3999,0,twelvedata,2025-08-26 17:50:06
360,GOLD,2025-07-15 10:00:00,3345.58,3349.28,3344.74,3347.53,0,twelvedata,2025-08-26 17:50:06
361,GOLD,2025-07-15 11:00:00,3347.5,3350.67993,3346.1,3346.41,0,twelvedata,2025-08-26 17:50:06
362,GOLD,2025-07-15 12:00:00,3346.46,3352.080078,3345.79,3350.98999,0,twelvedata,2025-08-26 17:50:06
363,GOLD,2025-07-15 13:00:00,3350.83,3358.27,3350.61,3357.97998,0,twelvedata,2025-08-26 17:50:06
364,GOLD,2025-07-15 14:00:00,3357.86,3361.33,3357.56,3360.13,0,twelvedata,2025-08-26 17:50:06
365,GOLD,2025-07-15 15:00:00,3360.21,3365.28003,3360.21,3362.13,0,twelvedata,2025-08-26 17:50:06
366,GOLD,2025-07-15 16:00:00,3362.04,3363.97,3357.69,3358.1,0,twelvedata,2025-08-26 17:50:06
367,GOLD,2025-07-15 17:00:00,3358.3,3365.12,3357.41,3364.3,0,twelvedata,2025-08-26 17:50:06
368,GOLD,2025-07-15 18:00:00,3363.77,3365.51,3357.02,3360.93,0,twelvedata,2025-08-26 17:50:06
369,GOLD,2025-07-15 19:00:00,3360.9,3364.63,3358.3,3363.34,0,twelvedata,2025-08-26 17:50:06
370,GOLD,2025-07-15 20:00:00,3363.41,3366.24,3361.15,3361.24,0,twelvedata,2025-08-26 17:50:06
371,GOLD,2025-07-15 21:00:00,3361.40991,3361.9,3354.11,3354.94995,0,twelvedata,2025-08-26 17:50:06
372,GOLD,2025-07-15 22:00:00,3355.01001,3360.12,3346.57007,3348.8999,0,twelvedata,2025-08-26 17:50:06
373,GOLD,2025-07-15 23:00:00,3349.07,3352.55005,3334.53003,3343.3,0,twelvedata,2025-08-26 17:50:06
374,GOLD,2025-07-16 00:00:00,3347.51001,3352.12988,3341.5,3347.96997,0,twelvedata,2025-08-26 17:50:06
375,GOLD,2025-07-16 01:00:00,3348.01001,3349.90991,3325.55005,3328.0,0,twelvedata,2025-08-26 17:50:06
376,GOLD,2025-07-16 02:00:00,3328.96997,3330.0,3320.36011,3329.25,0,twelvedata,2025-08-26 17:50:06
377,GOLD,2025-07-16 03:00:00,3329.43994,3331.9,3325.93994,3328.23999,0,twelvedata,2025-08-26 17:50:06
378,GOLD,2025-07-16 04:00:00,3328.07,3331.85,3325.8,3328.87,0,twelvedata,2025-08-26 17:50:06
379,GOLD,2025-07-16 05:00:00,3329.12012,3331.24,3326.52,3330.39,0,twelvedata,2025-08-26 17:50:06
380,GOLD,2025-07-16 06:00:00,3330.41,3331.070068,3324.6,3324.6,0,twelvedata,2025-08-26 17:50:06
381,GOLD,2025-07-16 07:00:00,3324.3,3331.0,3323.3,3329.4,0,twelvedata,2025-08-26 17:50:06
382,GOLD,2025-07-16 08:00:00,3324.1,3327.76001,3323.61,3326.51,0,twelvedata,2025-08-26 17:50:06
383,GOLD,2025-07-16 09:00:00,3326.63989,3331.76001,3326.38989,3331.15991,0,twelvedata,2025-08-26 17:50:06
384,GOLD,2025-07-16 10:00:00,3331.17993,3332.58,3328.85,3330.65991,0,twelvedata,2025-08-26 17:50:06
385,GOLD,2025-07-16 11:00:00,3330.57,3335.080078,3328.9,3331.01001,0,twelvedata,2025-08-26 17:50:06
386,GOLD,2025-07-16 12:00:00,3331.01,3331.43,3325.18994,3326.14,0,twelvedata,2025-08-26 17:50:06
387,GOLD,2025-07-16 13:00:00,3325.96,3335.01001,3325.86,3334.48999,0,twelvedata,2025-08-26 17:50:06
388,GOLD,2025-07-16 14:00:00,3334.28,3338.54,3332.77,3338.3,0,twelvedata,2025-08-26 17:50:06
389,GOLD,2025-07-16 15:00:00,3338.3,3339.93994,3335.69995,3338.22998,0,twelvedata,2025-08-26 17:50:06
390,GOLD,2025-07-16 16:00:00,3337.68,3341.9,3337.68,3339.23999,0,twelvedata,2025-08-26 17:50:06
391,GOLD,2025-07-16 17:00:00,3339.26,3340.12988,3335.91,3337.84,0,twelvedata,2025-08-26 17:50:06
392,GOLD,2025-07-16 18:00:00,3337.91,3342.61,3337.76,3342.0,0,twelvedata,2025-08-26 17:50:06
393,GOLD,2025-07-16 19:00:00,3341.92,3342.83,3339.12,3339.94,0,twelvedata,2025-08-26 17:50:06
394,GOLD,2025-07-16 20:00:00,3339.89,3340.32,3333.97,3334.89,0,twelvedata,2025-08-26 17:50:06
395,GOLD,2025-07-16 21:00:00,3334.98999,3340.16,3333.74,3339.12,0,twelvedata,2025-08-26 17:50:06
396,GOLD,2025-07-16 22:00:00,3339.08,3340.44,3331.13,3334.62988,0,twelvedata,2025-08-26 17:50:06
397,GOLD,2025-07-16 23:00:00,3334.77002,3339.54004,3322.12988,3326.92993,0,twelvedata,2025-08-26 17:50:06
398,GOLD,2025-07-17 00:00:00,3326.70996,3342.42993,3319.92993,3337.78003,0,twelvedata,2025-08-26 17:50:06
399,GOLD,2025-07-17 01:00:00,3338.1499,3377.18994,3334.1,3341.1,0,twelvedata,2025-08-26 17:50:06
400,GOLD,2025-07-17 02:00:00,3339.7,3353.29004,3335.7,3347.0,0,twelvedata,2025-08-26 17:50:06
401,GOLD,2025-07-17 03:00:00,3347.0,3356.15991,3346.5,3354.88989,0,twelvedata,2025-08-26 17:50:06
402,GOLD,2025-07-17 04:00:00,3355.070068,3356.73999,3345.4,3345.9,0,twelvedata,2025-08-26 17:50:06
403,GOLD,2025-07-17 05:00:00,3345.3,3349.62012,3341.7,3344.0,0,twelvedata,2025-08-26 17:50:06
404,GOLD,2025-07-17 06:00:00,3347.15991,3349.17993,3341.6,3344.7,0,twelvedata,2025-08-26 17:50:06
405,GOLD,2025-07-17 07:00:00,3344.7,3346.0,3338.8,3342.1,0,twelvedata,2025-08-26 17:50:06
406,GOLD,2025-07-17 08:00:00,3347.72,3352.25,3347.57,3349.41,0,twelvedata,2025-08-26 17:50:06
407,GOLD,2025-07-17 09:00:00,3349.6499,3350.27002,3345.21,3346.41,0,twelvedata,2025-08-26 17:50:06
408,GOLD,2025-07-17 10:00:00,3346.49,3347.3,3339.57,3340.8999,0,twelvedata,2025-08-26 17:50:06
409,GOLD,2025-07-17 11:00:00,3340.73,3344.6499,3336.8,3344.16992,0,twelvedata,2025-08-26 17:50:06
410,GOLD,2025-07-17 12:00:00,3344.13989,3344.84009,3337.8999,3341.33,0,twelvedata,2025-08-26 17:50:06
411,GOLD,2025-07-17 13:00:00,3341.39,3342.35,3336.42,3341.54,0,twelvedata,2025-08-26 17:50:06
412,GOLD,2025-07-17 14:00:00,3341.3,3344.74,3335.2,3342.73,0,twelvedata,2025-08-26 17:50:06
413,GOLD,2025-07-17 15:00:00,3342.67,3342.92,3336.0,3339.3,0,twelvedata,2025-08-26 17:50:06
414,GOLD,2025-07-17 16:00:00,3339.67,3339.71,3327.4,3335.33,0,twelvedata,2025-08-26 17:50:06
415,GOLD,2025-07-17 17:00:00,3335.26,3336.22998,3325.19,3325.83,0,twelvedata,2025-08-26 17:50:06
416,GOLD,2025-07-17 18:00:00,3325.94,3332.070068,3325.62,3328.73,0,twelvedata,2025-08-26 17:50:06
417,GOLD,2025-07-17 19:00:00,3328.63,3332.46,3325.0,3325.65,0,twelvedata,2025-08-26 17:50:06
418,GOLD,2025-07-17 20:00:00,3325.59,3331.05,3325.17,3325.9,0,twelvedata,2025-08-26 17:50:06
419,GOLD,2025-07-17 21:00:00,3325.41,3328.49,3322.34,3324.2,0,twelvedata,2025-08-26 17:50:06
420,GOLD,2025-07-17 22:00:00,3324.19,3328.51001,3309.98999,3313.16992,0,twelvedata,2025-08-26 17:50:06
421,GOLD,2025-07-17 23:00:00,3313.52002,3321.91992,3311.3999,3319.33008,0,twelvedata,2025-08-26 17:50:06
422,GOLD,2025-07-18 00:00:00,3319.13989,3334.79004,3318.37012,3333.1,0,twelvedata,2025-08-26 17:50:06
423,GOLD,2025-07-18 01:00:00,3333.2,3338.47998,3331.41992,3336.95996,0,twelvedata,2025-08-26 17:50:06
424,GOLD,2025-07-18 02:00:00,3336.8999,3339.93,3335.5,3338.87988,0,twelvedata,2025-08-26 17:50:06
425,GOLD,2025-07-18 03:00:00,3339.11011,3341.02,3336.36,3337.38,0,twelvedata,2025-08-26 17:50:06
426,GOLD,2025-07-18 04:00:00,3337.47,3338.94,3335.65,3338.63989,0,twelvedata,2025-08-26 17:50:06
427,GOLD,2025-07-18 05:00:00,3338.6,3340.82,3338.3,3339.76,0,twelvedata,2025-08-26 17:50:06
428,GOLD,2025-07-18 06:00:00,3339.69,3340.26,3335.9,3337.6,0,twelvedata,2025-08-26 17:50:06
429,GOLD,2025-07-18 07:00:00,3303.71,3340.7,3303.71,3334.4,0,twelvedata,2025-08-26 17:50:06
430,GOLD,2025-07-18 08:00:00,3338.3,3343.89,3338.09,3343.38989,0,twelvedata,2025-08-26 17:50:06
431,GOLD,2025-07-18 09:00:00,3343.17,3343.48999,3339.5,3340.12,0,twelvedata,2025-08-26 17:50:06
432,GOLD,2025-07-18 10:00:00,3340.19,3341.42,3338.01,3339.92993,0,twelvedata,2025-08-26 17:50:06
433,GOLD,2025-07-18 11:00:00,3340.08,3342.88,3335.41992,3337.71,0,twelvedata,2025-08-26 17:50:06
434,GOLD,2025-07-18 12:00:00,3337.61,3344.09,3334.5,3337.71,0,twelvedata,2025-08-26 17:50:06
435,GOLD,2025-07-18 13:00:00,3337.74,3338.46,3334.19995,3334.69995,0,twelvedata,2025-08-26 17:50:06
436,GOLD,2025-07-18 14:00:00,3334.52,3337.28,3332.0,3336.94,0,twelvedata,2025-08-26 17:50:06
437,GOLD,2025-07-18 15:00:00,3336.85,3340.1,3333.38,3333.45,0,twelvedata,2025-08-26 17:50:06
438,GOLD,2025-07-18 16:00:00,3333.39,3342.62,3332.01001,3342.07,0,twelvedata,2025-08-26 17:50:06
439,GOLD,2025-07-18 17:00:00,3341.79,3349.96,3340.0,3349.78,0,twelvedata,2025-08-26 17:50:06
440,GOLD,2025-07-18 18:00:00,3349.54,3350.43,3346.18,3347.47,0,twelvedata,2025-08-26 17:50:06
441,GOLD,2025-07-18 19:00:00,3347.44,3354.85,3347.39,3349.0,0,twelvedata,2025-08-26 17:50:06
442,GOLD,2025-07-18 20:00:00,3352.22,3352.72998,3345.4,3351.36,0,twelvedata,2025-08-26 17:50:06
443,GOLD,2025-07-18 21:00:00,3351.25,3357.59,3346.6,3354.3501,0,twelvedata,2025-08-26 17:50:06
444,GOLD,2025-07-18 22:00:00,3351.3,3361.28003,3351.3,3359.94,0,twelvedata,2025-08-26 17:50:06
445,GOLD,2025-07-18 23:00:00,3360.11011,3360.31006,3348.7,3353.6,0,twelvedata,2025-08-26 17:50:06
446,GOLD,2025-07-19 00:00:00,3354.1,3359.16992,3345.8,3350.7,0,twelvedata,2025-08-26 17:50:06
447,GOLD,2025-07-19 01:00:00,3354.83008,3356.02002,3347.6,3353.73999,0,twelvedata,2025-08-26 17:50:06
448,GOLD,2025-07-19 02:00:00,3351.2,3357.43994,3348.2,3352.2,0,twelvedata,2025-08-26 17:50:06
449,GOLD,2025-07-19 03:00:00,3353.78003,3353.82007,3348.6,3350.7,0,twelvedata,2025-08-26 17:50:06
450,GOLD,2025-07-19 04:00:00,3352.44995,3353.26001,3349.1,3351.46997,0,twelvedata,2025-08-26 17:50:06
451,GOLD,2025-07-19 05:00:00,3351.37012,3352.82007,3347.65,3348.2,0,twelvedata,2025-08-26 17:50:06
452,GOLD,2025-07-19 06:00:00,3348.27,3351.79,3346.3,3347.9,0,twelvedata,2025-08-26 17:50:06
453,GOLD,2025-07-19 07:00:00,3347.6,3348.2,3345.9,3346.5,0,twelvedata,2025-08-26 17:50:06
454,GOLD,2025-07-19 08:00:00,3347.4,3347.5,3346.5,3346.9,0,twelvedata,2025-08-26 17:50:06
455,GOLD,2025-07-19 09:00:00,3346.9,3347.3,3344.5,3345.1,0,twelvedata,2025-08-26 17:50:06
456,GOLD,2025-07-19 10:00:00,3345.1,3345.8,3344.8,3345.4,0,twelvedata,2025-08-26 17:50:06
457,GOLD,2025-07-19 11:00:00,3345.4,3345.4,3344.4,3344.4,0,twelvedata,2025-08-26 17:50:06
458,GOLD,2025-07-19 12:00:00,3344.4,3344.9,3341.9,3342.9,0,twelvedata,2025-08-26 17:50:06
459,GOLD,2025-07-19 13:00:00,3343.0,3346.7,3342.9,3344.6,0,twelvedata,2025-08-26 17:50:06
460,GOLD,2025-07-19 14:00:00,3344.3,3347.5,3344.3,3345.7,0,twelvedata,2025-08-26 17:50:06
461,GOLD,2025-07-19 15:00:00,3345.8,3347.6,3345.4,3347.6,0,twelvedata,2025-08-26 17:50:06
462,GOLD,2025-07-19 16:00:00,3347.6,3351.9,3347.6,3350.3,0,twelvedata,2025-08-26 17:50:06
463,GOLD,2025-07-19 17:00:00,3349.8,3351.8,3349.5,3349.8,0,twelvedata,2025-08-26 17:50:06
464,GOLD,2025-07-19 18:00:00,3350.7,3351.6,3349.0,3350.6,0,twelvedata,2025-08-26 17:50:06
465,GOLD,2025-07-19 19:00:00,3350.7,3352.6,3349.7,3351.3,0,twelvedata,2025-08-26 17:50:06
466,GOLD,2025-07-19 20:00:00,3349.9,3352.2,3348.6,3349.8,0,twelvedata,2025-08-26 17:50:06
467,GOLD,2025-07-19 21:00:00,3349.9,3350.4,3348.3,3348.3,0,twelvedata,2025-08-26 17:50:06
468,GOLD,2025-07-19 22:00:00,3349.5,3350.2,3347.3,3348.2,0,twelvedata,2025-08-26 17:50:06
469,GOLD,2025-07-19 23:00:00,3348.2,3348.6,3347.8,3348.0,0,twelvedata,2025-08-26 17:50:06
470,GOLD,2025-07-21 00:00:00,3349.4,3349.6,3348.1,3348.1,0,twelvedata,2025-08-26 17:50:06
471,GOLD,2025-07-21 01:00:00,3348.4,3349.9,3346.9,3347.9,0,twelvedata,2025-08-26 17:50:06
472,GOLD,2025-07-21 02:00:00,3347.9,3352.8,3346.3,3350.0,0,twelvedata,2025-08-26 17:50:06
473,GOLD,2025-07-21 03:00:00,3349.9,3352.4,3346.9,3348.1,0,twelvedata,2025-08-26 17:50:06
474,GOLD,2025-07-21 04:00:00,3348.2,3348.5,3347.5,3347.6,0,twelvedata,2025-08-26 17:50:06
475,GOLD,2025-07-21 05:00:00,3348.1,3348.5,3347.3,3347.6,0,twelvedata,2025-08-26 17:50:06
476,GOLD,2025-07-21 06:00:00,3347.4,3347.6,3347.0,3347.3,0,twelvedata,2025-08-26 17:50:06
477,GOLD,2025-07-21 08:00:00,3345.0,3350.16992,3345.0,3347.63,0,twelvedata,2025-08-26 17:50:06
478,GOLD,2025-07-21 09:00:00,3347.5,3349.45,3345.48,3349.07,0,twelvedata,2025-08-26 17:50:06
479,GOLD,2025-07-21 10:00:00,3349.23,3354.62012,3347.63,3352.2,0,twelvedata,2025-08-26 17:50:06
480,GOLD,2025-07-21 11:00:00,3351.88,3358.58008,3351.88,3356.61011,0,twelvedata,2025-08-26 17:50:06
481,GOLD,2025-07-21 12:00:00,3356.19,3357.33008,3352.25,3354.07,0,twelvedata,2025-08-26 17:50:06
482,GOLD,2025-07-21 13:00:00,3354.06,3356.8999,3351.22998,3351.38989,0,twelvedata,2025-08-26 17:50:06
483,GOLD,2025-07-21 14:00:00,3351.19,3358.68,3350.68,3357.81,0,twelvedata,2025-08-26 17:50:06
484,GOLD,2025-07-21 15:00:00,3357.65,3369.54,3357.65,3366.62,0,twelvedata,2025-08-26 17:50:06
485,GOLD,2025-07-21 16:00:00,3366.80005,3370.75,3359.0,3368.17,0,twelvedata,2025-08-26 17:50:06
486,GOLD,2025-07-21 17:00:00,3368.23,3370.41,3359.1,3364.71,0,twelvedata,2025-08-26 17:50:06
487,GOLD,2025-07-21 18:00:00,3364.48,3366.84,3363.07,3365.86,0,twelvedata,2025-08-26 17:50:06
488,GOLD,2025-07-21 19:00:00,3365.91,3366.39,3363.0,3366.04,0,twelvedata,2025-08-26 17:50:06
489,GOLD,2025-07-21 20:00:00,3366.09,3367.99,3363.0,3366.05,0,twelvedata,2025-08-26 17:50:06
490,GOLD,2025-07-21 21:00:00,3366.23,3375.54,3365.24,3375.48,0,twelvedata,2025-08-26 17:50:06
491,GOLD,2025-07-21 22:00:00,3375.19,3388.58,3374.58008,3387.17,0,twelvedata,2025-08-26 17:50:06
492,GOLD,2025-07-21 23:00:00,3387.38,3395.23999,3383.56,3388.78003,0,twelvedata,2025-08-26 17:50:06
493,GOLD,2025-07-22 00:00:00,3388.45996,3401.3999,3386.27002,3400.51001,0,twelvedata,2025-08-26 17:50:06
494,GOLD,2025-07-22 01:00:00,3400.6499,3401.01001,3394.89,3398.1001,0,twelvedata,2025-08-26 17:50:06
495,GOLD,2025-07-22 02:00:00,3397.2,3398.94995,3392.16,3395.63989,0,twelvedata,2025-08-26 17:50:06
496,GOLD,2025-07-22 03:00:00,3395.6499,3395.84009,3391.6499,3393.43994,0,twelvedata,2025-08-26 17:50:06
497,GOLD,2025-07-22 04:00:00,3393.37988,3395.83,3393.16992,3395.45,0,twelvedata,2025-08-26 17:50:06
498,GOLD,2025-07-22 05:00:00,3395.51,3399.8501,3395.18,3398.97,0,twelvedata,2025-08-26 17:50:06
499,GOLD,2025-07-22 06:00:00,3399.04,3399.4,3395.59,3397.33,0,twelvedata,2025-08-26 17:50:06
500,GOLD,2025-07-22 07:00:00,3397.33,3397.34,3390.59,3395.18,0,twelvedata,2025-08-26 17:50:06
501,GOLD,2025-07-22 08:00:00,3398.0,3401.17993,3397.32,3399.15,0,twelvedata,2025-08-26 17:50:06
502,GOLD,2025-07-22 09:00:00,3399.46,3402.53,3393.37988,3396.53,0,twelvedata,2025-08-26 17:50:06
503,GOLD,2025-07-22 10:00:00,3396.52,3397.6,3390.4,3394.3,0,twelvedata,2025-08-26 17:50:06
504,GOLD,2025-07-22 11:00:00,3394.23,3395.96997,3385.22998,3386.0,0,twelvedata,2025-08-26 17:50:06
505,GOLD,2025-07-22 12:00:00,3385.94,3392.1001,3385.32,3391.54,0,twelvedata,2025-08-26 17:50:06
506,GOLD,2025-07-22 13:00:00,3391.36,3393.56006,3388.77,3392.55,0,twelvedata,2025-08-26 17:50:06
507,GOLD,2025-07-22 14:00:00,3392.48,3392.5,3388.12988,3391.03,0,twelvedata,2025-08-26 17:50:06
508,GOLD,2025-07-22 15:00:00,3391.25,3391.88,3384.7,3385.56006,0,twelvedata,2025-08-26 17:50:06
509,GOLD,2025-07-22 16:00:00,3385.33,3387.73,3384.5,3384.71,0,twelvedata,2025-08-26 17:50:06
510,GOLD,2025-07-22 17:00:00,3385.11,3387.54,3383.24,3387.54,0,twelvedata,2025-08-26 17:50:06
511,GOLD,2025-07-22 18:00:00,3387.34,3390.16,3386.15,3388.92,0,twelvedata,2025-08-26 17:50:06
512,GOLD,2025-07-22 19:00:00,3388.88,3390.57,3384.59,3386.27002,0,twelvedata,2025-08-26 17:50:06
513,GOLD,2025-07-22 20:00:00,3386.05,3388.64,3385.86,3387.08,0,twelvedata,2025-08-26 17:50:06
514,GOLD,2025-07-22 21:00:00,3387.17993,3391.69,3386.69,3391.25,0,twelvedata,2025-08-26 17:50:06
515,GOLD,2025-07-22 22:00:00,3391.26,3407.89,3391.22,3407.7,0,twelvedata,2025-08-26 17:50:06
516,GOLD,2025-07-22 23:00:00,3407.63,3420.0,3406.54,3412.55005,0,twelvedata,2025-08-26 17:50:06
517,GOLD,2025-07-23 00:00:00,3412.40991,3427.70996,3405.12012,3424.01,0,twelvedata,2025-08-26 17:50:06
518,GOLD,2025-07-23 01:00:00,3424.01,3429.27002,3422.43,3423.23,0,twelvedata,2025-08-26 17:50:06
519,GOLD,2025-07-23 02:00:00,3423.1,3432.90991,3423.09,3432.25,0,twelvedata,2025-08-26 17:50:06
520,GOLD,2025-07-23 03:00:00,3432.26001,3433.43994,3426.61011,3429.33,0,twelvedata,2025-08-26 17:50:06
521,GOLD,2025-07-23 04:00:00,3429.39,3431.01,3427.94,3429.69,0,twelvedata,2025-08-26 17:50:06
522,GOLD,2025-07-23 05:00:00,3429.52,3432.5,3429.05,3431.62012,0,twelvedata,2025-08-26 17:50:06
523,GOLD,2025-07-23 06:00:00,3431.66992,3432.72998,3426.25,3427.09,0,twelvedata,2025-08-26 17:50:06
524,GOLD,2025-07-23 07:00:00,3427.08,3430.0,3427.08,3429.2,0,twelvedata,2025-08-26 17:50:06
525,GOLD,2025-07-23 08:00:00,3430.27,3432.53,3427.5,3427.83,0,twelvedata,2025-08-26 17:50:06
526,GOLD,2025-07-23 09:00:00,3427.9,3433.28003,3426.24,3427.41,0,twelvedata,2025-08-26 17:50:06
527,GOLD,2025-07-23 10:00:00,3427.36,3437.79004,3427.36,3428.93994,0,twelvedata,2025-08-26 17:50:06
528,GOLD,2025-07-23 11:00:00,3428.64,3430.70996,3420.94,3420.96,0,twelvedata,2025-08-26 17:50:06
529,GOLD,2025-07-23 12:00:00,3420.87988,3424.95,3418.0,3422.93,0,twelvedata,2025-08-26 17:50:06
530,GOLD,2025-07-23 13:00:00,3422.85,3428.86011,3422.82,3423.1001,0,twelvedata,2025-08-26 17:50:06
531,GOLD,2025-07-23 14:00:00,3423.18994,3425.26,3421.95,3423.56,0,twelvedata,2025-08-26 17:50:06
532,GOLD,2025-07-23 15:00:00,3423.65,3423.65,3416.28,3420.44995,0,twelvedata,2025-08-26 17:50:06
533,GOLD,2025-07-23 16:00:00,3420.57007,3425.18,3420.48999,3425.16,0,twelvedata,2025-08-26 17:50:06
534,GOLD,2025-07-23 17:00:00,3425.16,3429.67,3420.61,3421.6,0,twelvedata,2025-08-26 17:50:06
535,GOLD,2025-07-23 18:00:00,3421.61,3427.81,3421.61,3427.59,0,twelvedata,2025-08-26 17:50:06
536,GOLD,2025-07-23 19:00:00,3427.6,3432.44,3427.6,3430.8,0,twelvedata,2025-08-26 17:50:06
537,GOLD,2025-07-23 20:00:00,3430.79,3430.8,3422.67,3424.13,0,twelvedata,2025-08-26 17:50:06
538,GOLD,2025-07-23 21:00:00,3424.14,3429.8,3422.2,3428.98,0,twelvedata,2025-08-26 17:50:06
539,GOLD,2025-07-23 22:00:00,3428.98,3429.85,3420.0,3421.06,0,twelvedata,2025-08-26 17:50:06
540,GOLD,2025-07-23 23:00:00,3421.07,3421.07,3408.99,3413.2,0,twelvedata,2025-08-26 17:50:06
541,GOLD,2025-07-24 00:00:00,3413.35,3417.02,3408.72,3411.81,0,twelvedata,2025-08-26 17:50:06
542,GOLD,2025-07-24 01:00:00,3411.81,3414.82,3400.0,3400.21,0,twelvedata,2025-08-26 17:50:06
543,GOLD,2025-07-24 02:00:00,3400.2,3400.2,3386.11,3389.8,0,twelvedata,2025-08-26 17:50:06
544,GOLD,2025-07-24 03:00:00,3390.0,3395.7,3388.61,3395.1,0,twelvedata,2025-08-26 17:50:06
545,GOLD,2025-07-24 04:00:00,3395.35,3398.6,3393.94,3398.33,0,twelvedata,2025-08-26 17:50:06
546,GOLD,2025-07-24 05:00:00,3398.33,3400.0,3392.6,3393.54,0,twelvedata,2025-08-26 17:50:06
547,GOLD,2025-07-24 06:00:00,3393.55,3395.34,3389.02,3389.03,0,twelvedata,2025-08-26 17:50:06
548,GOLD,2025-07-24 07:00:00,3389.03,3394.72,3388.14,3394.61,0,twelvedata,2025-08-26 17:50:06
549,GOLD,2025-07-24 08:00:00,3394.62,3395.47,3391.63,3391.63,0,twelvedata,2025-08-26 17:50:06
550,GOLD,2025-07-24 09:00:00,3391.62,3395.05,3391.0,3393.79,0,twelvedata,2025-08-26 17:50:06
551,GOLD,2025-07-24 10:00:00,3393.79,3396.34,3393.4,3395.51,0,twelvedata,2025-08-26 17:50:06
552,GOLD,2025-07-24 11:00:00,3395.51,3395.9,3388.79,3390.48,0,twelvedata,2025-08-26 17:50:06
553,GOLD,2025-07-24 12:00:00,3390.48,3391.68,3383.85,3386.8,0,twelvedata,2025-08-26 17:50:06
554,GOLD,2025-07-24 13:00:00,3386.72,3388.52,3380.0,3386.81,0,twelvedata,2025-08-26 17:50:06
555,GOLD,2025-07-24 14:00:00,3386.8,3387.35,3383.48,3384.39,0,twelvedata,2025-08-26 17:50:06
556,GOLD,2025-07-24 15:00:00,3384.39,3384.39,3377.6,3379.57,0,twelvedata,2025-08-26 17:50:06
557,GOLD,2025-07-24 16:00:00,3379.58,3379.8,3374.5,3378.26,0,twelvedata,2025-08-26 17:50:06
558,GOLD,2025-07-24 17:00:00,3378.27,3380.86,3372.01,3373.22,0,twelvedata,2025-08-26 17:50:06
559,GOLD,2025-07-24 18:00:00,3373.23,3379.28,3371.6,3373.97,0,twelvedata,2025-08-26 17:50:06
560,GOLD,2025-07-24 19:00:00,3373.97,3373.97,3368.22,3368.36,0,twelvedata,2025-08-26 17:50:06
561,GOLD,2025-07-24 20:00:00,3368.36,3371.27,3368.34,3368.64,0,twelvedata,2025-08-26 17:50:06
562,GOLD,2025-07-24 21:00:00,3368.64,3371.18,3367.35,3367.79,0,twelvedata,2025-08-26 17:50:06
563,GOLD,2025-07-24 22:00:00,3367.79,3369.4,3360.01,3361.18,0,twelvedata,2025-08-26 17:50:06
564,GOLD,2025-07-24 23:00:00,3361.17,3372.17993,3359.33,3366.97998,0,twelvedata,2025-08-26 17:50:06
565,GOLD,2025-07-25 00:00:00,3366.84009,3379.61,3365.96997,3377.81,0,twelvedata,2025-08-26 17:50:06
566,GOLD,2025-07-25 01:00:00,3377.8,3379.2,3370.6001,3376.61,0,twelvedata,2025-08-26 17:50:06
567,GOLD,2025-07-25 02:00:00,3376.61,3377.7,3367.090088,3373.4,0,twelvedata,2025-08-26 17:50:06
568,GOLD,2025-07-25 03:00:00,3367.01001,3371.78003,3366.38989,3370.06,0,twelvedata,2025-08-26 17:50:06
569,GOLD,2025-07-25 04:00:00,3370.06,3373.35,3367.45,3372.1001,0,twelvedata,2025-08-26 17:50:06
570,GOLD,2025-07-25 05:00:00,3372.04,3373.18,3370.12,3370.43,0,twelvedata,2025-08-26 17:50:06
571,GOLD,2025-07-25 06:00:00,3370.48,3371.18,3367.1,3370.59,0,twelvedata,2025-08-26 17:50:06
572,GOLD,2025-07-25 07:00:00,3370.59,3370.59,3368.79,3368.91,0,twelvedata,2025-08-26 17:50:06
573,GOLD,2025-07-25 08:00:00,3366.86,3369.81,3365.33008,3368.91992,0,twelvedata,2025-08-26 17:50:06
574,GOLD,2025-07-25 09:00:00,3368.69,3371.5,3366.67,3369.58008,0,twelvedata,2025-08-26 17:50:06
575,GOLD,2025-07-25 10:00:00,3369.42,3373.55005,3368.56006,3372.17,0,twelvedata,2025-08-26 17:50:06
576,GOLD,2025-07-25 11:00:00,3372.41992,3372.72998,3366.67,3371.08,0,twelvedata,2025-08-26 17:50:06
577,GOLD,2025-07-25 12:00:00,3370.35,3370.53,3362.53003,3363.17993,0,twelvedata,2025-08-26 17:50:06
578,GOLD,2025-07-25 13:00:00,3363.080078,3363.45996,3358.94995,3359.21997,0,twelvedata,2025-08-26 17:50:06
579,GOLD,2025-07-25 14:00:00,3358.91,3363.44,3357.86,3360.94995,0,twelvedata,2025-08-26 17:50:06
580,GOLD,2025-07-25 15:00:00,3360.98,3368.0,3355.31,3358.62,0,twelvedata,2025-08-26 17:50:06
581,GOLD,2025-07-25 16:00:00,3358.53,3359.65,3354.82007,3359.35,0,twelvedata,2025-08-26 17:50:06
582,GOLD,2025-07-25 17:00:00,3359.19,3364.59,3353.0,3354.13989,0,twelvedata,2025-08-26 17:50:06
583,GOLD,2025-07-25 18:00:00,3354.060059,3355.29,3344.43,3345.6,0,twelvedata,2025-08-26 17:50:06
584,GOLD,2025-07-25 19:00:00,3345.36,3348.75,3343.1,3345.83,0,twelvedata,2025-08-26 17:50:06
585,GOLD,2025-07-25 20:00:00,3345.8999,3348.11,3341.06,3342.72,0,twelvedata,2025-08-26 17:50:06
586,GOLD,2025-07-25 21:00:00,3343.12,3352.16,3338.78003,3341.11011,0,twelvedata,2025-08-26 17:50:06
587,GOLD,2025-07-25 22:00:00,3341.23999,3344.07,3336.57,3340.87012,0,twelvedata,2025-08-26 17:50:06
588,GOLD,2025-07-25 23:00:00,3340.5,3347.53003,3336.95996,3343.97998,0,twelvedata,2025-08-26 17:50:06
589,GOLD,2025-07-26 00:00:00,3344.33008,3344.8999,3330.70996,3340.42,0,twelvedata,2025-08-26 17:50:06
590,GOLD,2025-07-26 01:00:00,3331.6001,3343.56,3327.61011,3327.86011,0,twelvedata,2025-08-26 17:50:06
591,GOLD,2025-07-26 02:00:00,3339.53,3342.3,3326.32007,3340.23,0,twelvedata,2025-08-26 17:50:06
592,GOLD,2025-07-26 03:00:00,3340.2,3341.35,3329.70996,3336.040039,0,twelvedata,2025-08-26 17:50:06
593,GOLD,2025-07-26 04:00:00,3336.08,3339.38989,3335.82,3338.84009,0,twelvedata,2025-08-26 17:50:06
594,GOLD,2025-07-26 05:00:00,3338.81,3340.3501,3337.29004,3337.58008,0,twelvedata,2025-08-26 17:50:06
595,GOLD,2025-07-26 06:00:00,3337.72,3347.17,3336.04,3347.17,0,twelvedata,2025-08-26 17:50:06
596,GOLD,2025-07-26 07:00:00,3347.16,3352.68,3345.6,3352.68,0,twelvedata,2025-08-26 17:50:06
597,GOLD,2025-07-26 08:00:00,3352.67,3354.77,3351.74,3354.01,0,twelvedata,2025-08-26 17:50:06
598,GOLD,2025-07-26 09:00:00,3354.01,3358.44,3345.72,3348.69,0,twelvedata,2025-08-26 17:50:06
599,GOLD,2025-07-26 10:00:00,3348.69,3354.18,3346.35,3353.7,0,twelvedata,2025-08-26 17:50:06
600,GOLD,2025-07-26 11:00:00,3353.7,3356.94,3353.7,3353.88,0,twelvedata,2025-08-26 17:50:06
601,GOLD,2025-07-26 12:00:00,3353.88,3357.57,3353.88,3356.79,0,twelvedata,2025-08-26 17:50:06
602,GOLD,2025-07-26 13:00:00,3356.79,3357.45,3354.59,3354.6,0,twelvedata,2025-08-26 17:50:06
603,GOLD,2025-07-26 14:00:00,3354.59,3354.59,3351.05,3354.37,0,twelvedata,2025-08-26 17:50:06
604,GOLD,2025-07-26 15:00:00,3354.37,3356.21,3354.28,3355.98,0,twelvedata,2025-08-26 17:50:06
605,GOLD,2025-07-26 16:00:00,3355.98,3356.81,3354.61,3356.13,0,twelvedata,2025-08-26 17:50:06
606,GOLD,2025-07-26 17:00:00,3356.14,3356.59,3356.1,3356.11,0,twelvedata,2025-08-26 17:50:06
607,GOLD,2025-07-26 18:00:00,3356.1,3356.17,3351.03,3352.01,0,twelvedata,2025-08-26 17:50:06
608,GOLD,2025-07-26 19:00:00,3352.0,3357.29,3351.4,3355.18,0,twelvedata,2025-08-26 17:50:06
609,GOLD,2025-07-26 20:00:00,3355.18,3357.96,3354.36,3354.71,0,twelvedata,2025-08-26 17:50:06
610,GOLD,2025-07-26 21:00:00,3354.71,3355.64,3354.71,3355.62,0,twelvedata,2025-08-26 17:50:06
611,GOLD,2025-07-26 22:00:00,3355.63,3355.63,3349.67,3353.14,0,twelvedata,2025-08-26 17:50:06
612,GOLD,2025-07-26 23:00:00,3353.15,3354.96,3352.95,3352.96,0,twelvedata,2025-08-26 17:50:06
613,GOLD,2025-07-28 07:00:00,3348.18,3349.26,3348.17,3349.26,0,twelvedata,2025-08-26 17:50:06
614,GOLD,2025-07-28 08:00:00,3349.37,3349.37,3340.0,3343.01,0,twelvedata,2025-08-26 17:50:06
615,GOLD,2025-07-28 09:00:00,3343.01,3349.59,3343.01,3345.45,0,twelvedata,2025-08-26 17:50:06
616,GOLD,2025-07-28 10:00:00,3345.46,3348.57,3342.94,3347.26,0,twelvedata,2025-08-26 17:50:06
617,GOLD,2025-07-28 11:00:00,3347.26,3351.53,3344.5,3344.5,0,twelvedata,2025-08-26 17:50:06
618,GOLD,2025-07-28 12:00:00,3344.5,3349.63,3344.31,3349.63,0,twelvedata,2025-08-26 17:50:06
619,GOLD,2025-07-28 13:00:00,3349.63,3350.48,3339.0,3347.44,0,twelvedata,2025-08-26 17:50:06
620,GOLD,2025-07-28 14:00:00,3347.58,3348.68,3344.2,3344.4,0,twelvedata,2025-08-26 17:50:06
621,GOLD,2025-07-28 15:00:00,3344.4,3351.01,3343.61,3349.6,0,twelvedata,2025-08-26 17:50:06
622,GOLD,2025-07-28 16:00:00,3349.4,3350.75,3344.0,3347.87,0,twelvedata,2025-08-26 17:50:06
623,GOLD,2025-07-28 17:00:00,3347.87,3348.8,3343.0,3343.38,0,twelvedata,2025-08-26 17:50:06
624,GOLD,2025-07-28 18:00:00,3343.39,3345.0,3340.63,3341.59,0,twelvedata,2025-08-26 17:50:06
625,GOLD,2025-07-28 19:00:00,3341.59,3348.84,3341.53,3345.62,0,twelvedata,2025-08-26 17:50:06
626,GOLD,2025-07-28 20:00:00,3345.62,3346.12,3342.56,3344.76,0,twelvedata,2025-08-26 17:50:06
627,GOLD,2025-07-28 21:00:00,3344.75,3344.76,3334.76,3339.14,0,twelvedata,2025-08-26 17:50:06
628,GOLD,2025-07-28 22:00:00,3339.31,3340.6,3332.0,3333.61,0,twelvedata,2025-08-26 17:50:06
629,GOLD,2025-07-28 23:00:00,3333.61,3335.59,3312.0,3312.03,0,twelvedata,2025-08-26 17:50:06
630,GOLD,2025-07-29 00:00:00,3312.02,3323.32,3312.02,3317.31,0,twelvedata,2025-08-26 17:50:06
631,GOLD,2025-07-29 01:00:00,3317.31,3326.74,3317.11,3324.2,0,twelvedata,2025-08-26 17:50:06
632,GOLD,2025-07-29 02:00:00,3324.21,3324.21,3315.0,3318.93,0,twelvedata,2025-08-26 17:50:06
633,GOLD,2025-07-29 03:00:00,3318.93,3319.59,3316.67,3319.57,0,twelvedata,2025-08-26 17:50:06
634,GOLD,2025-07-29 04:00:00,3319.58,3324.29,3318.4,3322.93,0,twelvedata,2025-08-26 17:50:06
635,GOLD,2025-07-29 05:00:00,3322.86,3325.26,3318.82,3322.81,0,twelvedata,2025-08-26 17:50:06
636,GOLD,2025-07-29 06:00:00,3322.81,3325.36,3322.0,3322.01,0,twelvedata,2025-08-26 17:50:06
637,GOLD,2025-07-29 07:00:00,3322.01,3328.0,3322.0,3326.8,0,twelvedata,2025-08-26 17:50:06
638,GOLD,2025-07-29 08:00:00,3326.81,3326.81,3321.07,3323.64,0,twelvedata,2025-08-26 17:50:06
639,GOLD,2025-07-29 09:00:00,3323.63,3324.59,3320.21,3320.59,0,twelvedata,2025-08-26 17:50:06
640,GOLD,2025-07-29 10:00:00,3320.34,3323.96,3318.39,3320.79,0,twelvedata,2025-08-26 17:50:06
641,GOLD,2025-07-29 11:00:00,3320.79,3327.78,3318.74,3326.99,0,twelvedata,2025-08-26 17:50:06
642,GOLD,2025-07-29 12:00:00,3326.99,3329.91,3326.15,3326.68,0,twelvedata,2025-08-26 17:50:06
643,GOLD,2025-07-29 13:00:00,3326.67,3326.67,3320.48,3322.02,0,twelvedata,2025-08-26 17:50:06
644,GOLD,2025-07-29 14:00:00,3322.01,3325.57,3320.0,3325.5,0,twelvedata,2025-08-26 17:50:06
645,GOLD,2025-07-29 15:00:00,3325.0,3328.27,3322.82,3328.2,0,twelvedata,2025-08-26 17:50:06
646,GOLD,2025-07-29 16:00:00,3328.26,3329.61,3326.37,3326.37,0,twelvedata,2025-08-26 17:50:06
647,GOLD,2025-07-29 17:00:00,3326.37,3327.11,3321.01,3325.08,0,twelvedata,2025-08-26 17:50:06
648,GOLD,2025-07-29 18:00:00,3325.19,3335.0,3324.6,3333.43,0,twelvedata,2025-08-26 17:50:06
649,GOLD,2025-07-29 19:00:00,3333.42,3333.43,3327.8,3329.1,0,twelvedata,2025-08-26 17:50:06
650,GOLD,2025-07-29 20:00:00,3329.1,3330.63,3327.63,3328.6,0,twelvedata,2025-08-26 17:50:06
651,GOLD,2025-07-29 21:00:00,3328.4,3328.48,3322.85,3323.6,0,twelvedata,2025-08-26 17:50:06
652,GOLD,2025-07-29 22:00:00,3323.6,3330.79,3323.6,3330.61,0,twelvedata,2025-08-26 17:50:06
653,GOLD,2025-07-29 23:00:00,3330.37,3330.38,3321.01,3323.37,0,twelvedata,2025-08-26 17:50:06
654,GOLD,2025-07-30 00:00:00,3324.29,3333.82,3320.53,3332.8,0,twelvedata,2025-08-26 17:50:06
655,GOLD,2025-07-30 01:00:00,3332.79,3337.27,3325.63,3325.73,0,twelvedata,2025-08-26 17:50:06
656,GOLD,2025-07-30 02:00:00,3325.95,3331.85,3325.0,3331.4,0,twelvedata,2025-08-26 17:50:06
657,GOLD,2025-07-30 03:00:00,3331.4,3336.0,3331.39,3335.55,0,twelvedata,2025-08-26 17:50:06
658,GOLD,2025-07-30 04:00:00,3335.56,3338.09,3334.34,3334.59,0,twelvedata,2025-08-26 17:50:06
659,GOLD,2025-07-30 05:00:00,3334.59,3335.6,3332.47,3333.4,0,twelvedata,2025-08-26 17:50:06
660,GOLD,2025-07-30 06:00:00,3333.39,3334.24,3332.52,3334.24,0,twelvedata,2025-08-26 17:50:06
661,GOLD,2025-07-30 07:00:00,3334.23,3338.23,3332.84,3336.03,0,twelvedata,2025-08-26 17:50:06
662,GOLD,2025-07-30 08:00:00,3336.24,3337.13,3332.93,3335.22,0,twelvedata,2025-08-26 17:50:06
663,GOLD,2025-07-30 09:00:00,3335.21,3337.01,3333.71,3335.13,0,twelvedata,2025-08-26 17:50:06
664,GOLD,2025-07-30 10:00:00,3335.29,3340.28,3335.2,3338.07,0,twelvedata,2025-08-26 17:50:06
665,GOLD,2025-07-30 11:00:00,3338.18,3339.91,3331.39,3331.79,0,twelvedata,2025-08-26 17:50:06
666,GOLD,2025-07-30 12:00:00,3331.98,3339.65,3331.98,3337.6,0,twelvedata,2025-08-26 17:50:06
667,GOLD,2025-07-30 13:00:00,3337.6,3337.87,3334.61,3336.6,0,twelvedata,2025-08-26 17:50:06
668,GOLD,2025-07-30 14:00:00,3336.4,3336.56,3333.38,3334.0,0,twelvedata,2025-08-26 17:50:06
669,GOLD,2025-07-30 15:00:00,3334.2,3338.21,3332.49,3332.99,0,twelvedata,2025-08-26 17:50:06
670,GOLD,2025-07-30 16:00:00,3333.0,3334.78,3330.22,3333.04,0,twelvedata,2025-08-26 17:50:06
671,GOLD,2025-07-30 17:00:00,3333.04,3338.58,3332.61,3335.01,0,twelvedata,2025-08-26 17:50:06
672,GOLD,2025-07-30 18:00:00,3335.01,3338.68,3335.01,3337.75,0,twelvedata,2025-08-26 17:50:06
673,GOLD,2025-07-30 19:00:00,3337.76,3339.42,3336.02,3339.0,0,twelvedata,2025-08-26 17:50:06
674,GOLD,2025-07-30 20:00:00,3339.0,3339.0,3335.0,3335.43,0,twelvedata,2025-08-26 17:50:06
675,GOLD,2025-07-30 21:00:00,3335.43,3338.21,3331.17,3336.83,0,twelvedata,2025-08-26 17:50:06
676,GOLD,2025-07-30 22:00:00,3336.83,3337.75,3319.0,3320.6,0,twelvedata,2025-08-26 17:50:06
677,GOLD,2025-07-30 23:00:00,3320.4,3323.88,3310.0,3314.27,0,twelvedata,2025-08-26 17:50:06
678,GOLD,2025-07-31 00:00:00,3314.43,3319.2,3312.2,3313.96,0,twelvedata,2025-08-26 17:50:06
679,GOLD,2025-07-31 01:00:00,3313.95,3314.12,3302.66,3304.57,0,twelvedata,2025-08-26 17:50:06
680,GOLD,2025-07-31 02:00:00,3304.57,3313.31,3304.57,3313.12,0,twelvedata,2025-08-26 17:50:06
681,GOLD,2025-07-31 03:00:00,3313.12,3315.39,3312.61,3315.2,0,twelvedata,2025-08-26 17:50:06
682,GOLD,2025-07-31 04:00:00,3315.4,3317.49,3296.4,3296.8,0,twelvedata,2025-08-26 17:50:06
683,GOLD,2025-07-31 05:00:00,3296.67,3298.02,3283.0,3285.01,0,twelvedata,2025-08-26 17:50:06
684,GOLD,2025-07-31 06:00:00,3285.01,3292.08,3285.01,3291.98,0,twelvedata,2025-08-26 17:50:06
685,GOLD,2025-07-31 07:00:00,3292.2,3297.6,3292.0,3294.76,0,twelvedata,2025-08-26 17:50:06
686,GOLD,2025-07-31 08:00:00,3294.75,3295.92,3288.88,3294.59,0,twelvedata,2025-08-26 17:50:06
687,GOLD,2025-07-31 09:00:00,3294.6,3299.46,3293.41,3299.01,0,twelvedata,2025-08-26 17:50:06
688,GOLD,2025-07-31 10:00:00,3299.01,3302.52,3298.8,3301.84,0,twelvedata,2025-08-26 17:50:06
689,GOLD,2025-07-31 11:00:00,3301.41,3305.0,3298.8,3305.0,0,twelvedata,2025-08-26 17:50:06
690,GOLD,2025-07-31 12:00:00,3305.0,3307.17,3301.3,3307.17,0,twelvedata,2025-08-26 17:50:06
691,GOLD,2025-07-31 13:00:00,3307.16,3310.05,3304.41,3305.05,0,twelvedata,2025-08-26 17:50:06
692,GOLD,2025-07-31 14:00:00,3305.04,3306.4,3303.0,3305.99,0,twelvedata,2025-08-26 17:50:06
693,GOLD,2025-07-31 15:00:00,3306.0,3308.96,3302.83,3307.79,0,twelvedata,2025-08-26 17:50:06
694,GOLD,2025-07-31 16:00:00,3307.71,3312.0,3305.61,3308.01,0,twelvedata,2025-08-26 17:50:06
695,GOLD,2025-07-31 17:00:00,3308.01,3316.19,3307.48,3311.86,0,twelvedata,2025-08-26 17:50:06
696,GOLD,2025-07-31 18:00:00,3312.01,3321.34,3312.01,3316.18,0,twelvedata,2025-08-26 17:50:06
697,GOLD,2025-07-31 19:00:00,3316.17,3318.61,3312.78,3315.07,0,twelvedata,2025-08-26 17:50:06
698,GOLD,2025-07-31 20:00:00,3314.71,3315.23,3303.19,3303.6,0,twelvedata,2025-08-26 17:50:06
699,GOLD,2025-07-31 21:00:00,3303.6,3315.62,3303.6,3314.74,0,twelvedata,2025-08-26 17:50:06
700,GOLD,2025-07-31 22:00:00,3314.6,3317.8,3313.43,3316.4,0,twelvedata,2025-08-26 17:50:06
701,GOLD,2025-07-31 23:00:00,3316.31,3316.82,3310.6,3311.19,0,twelvedata,2025-08-26 17:50:06
702,GOLD,2025-08-01 00:00:00,3311.19,3311.2,3299.31,3302.02,0,twelvedata,2025-08-26 17:50:06
703,GOLD,2025-08-01 01:00:00,3302.03,3306.24,3299.07,3304.57,0,twelvedata,2025-08-26 17:50:06
704,GOLD,2025-08-01 02:00:00,3304.59,3306.8,3300.21,3305.4,0,twelvedata,2025-08-26 17:50:06
705,GOLD,2025-08-01 03:00:00,3305.4,3308.32,3304.19,3304.8,0,twelvedata,2025-08-26 17:50:06
706,GOLD,2025-08-01 04:00:00,3304.8,3307.52,3294.4,3300.67,0,twelvedata,2025-08-26 17:50:06
707,GOLD,2025-08-01 05:00:00,3300.68,3301.8,3297.0,3298.41,0,twelvedata,2025-08-26 17:50:06
708,GOLD,2025-08-01 06:00:00,3298.41,3300.01,3295.83,3299.41,0,twelvedata,2025-08-26 17:50:06
709,GOLD,2025-08-01 07:00:00,3299.42,3300.55,3299.0,3299.94,0,twelvedata,2025-08-26 17:50:06
710,GOLD,2025-08-01 08:00:00,3299.94,3302.21,3299.0,3301.4,0,twelvedata,2025-08-26 17:50:06
711,GOLD,2025-08-01 09:00:00,3301.41,3301.41,3294.11,3294.12,0,twelvedata,2025-08-26 17:50:06
712,GOLD,2025-08-01 10:00:00,3294.12,3299.09,3293.34,3295.75,0,twelvedata,2025-08-26 17:50:06
713,GOLD,2025-08-01 11:00:00,3295.75,3299.74,3289.05,3289.79,0,twelvedata,2025-08-26 17:50:06
714,GOLD,2025-08-01 12:00:00,3289.8,3298.39,3289.8,3297.8,0,twelvedata,2025-08-26 17:50:06
715,GOLD,2025-08-01 13:00:00,3297.81,3302.99,3297.8,3299.2,0,twelvedata,2025-08-26 17:50:06
716,GOLD,2025-08-01 14:00:00,3299.2,3302.89,3298.0,3300.61,0,twelvedata,2025-08-26 17:50:06
717,GOLD,2025-08-01 15:00:00,3300.64,3305.59,3299.8,3303.43,0,twelvedata,2025-08-26 17:50:06
718,GOLD,2025-08-01 16:00:00,3303.43,3306.39,3298.6,3298.61,0,twelvedata,2025-08-26 17:50:06
719,GOLD,2025-08-01 17:00:00,3298.61,3300.0,3290.0,3292.78,0,twelvedata,2025-08-26 17:50:06
720,GOLD,2025-08-01 18:00:00,3292.78,3298.86,3290.6,3298.86,0,twelvedata,2025-08-26 17:50:06
721,GOLD,2025-08-01 19:00:00,3298.86,3301.68,3295.56,3300.13,0,twelvedata,2025-08-26 17:50:06
722,GOLD,2025-08-01 20:00:00,3300.21,3307.58,3300.0,3304.93,0,twelvedata,2025-08-26 17:50:06
723,GOLD,2025-08-01 21:00:00,3304.38,3306.9,3302.35,3304.87,0,twelvedata,2025-08-26 17:50:06
724,GOLD,2025-08-01 22:00:00,3304.87,3342.6,3303.01,3341.4,0,twelvedata,2025-08-26 17:50:06
725,GOLD,2025-08-01 23:00:00,3341.41,3352.29,3336.82,3339.14,0,twelvedata,2025-08-26 17:50:06
726,GOLD,2025-08-02 00:00:00,3339.14,3351.34,3339.14,3347.4,0,twelvedata,2025-08-26 17:50:06
727,GOLD,2025-08-02 01:00:00,3348.06,3360.0,3344.06,3349.6,0,twelvedata,2025-08-26 17:50:06
728,GOLD,2025-08-02 02:00:00,3349.59,3351.71,3338.68,3346.02,0,twelvedata,2025-08-26 17:50:06
729,GOLD,2025-08-02 03:00:00,3346.02,3348.33,3345.2,3348.32,0,twelvedata,2025-08-26 17:50:06
730,GOLD,2025-08-02 04:00:00,3348.32,3351.69,3346.33,3346.34,0,twelvedata,2025-08-26 17:50:06
731,GOLD,2025-08-02 05:00:00,3346.33,3357.83,3345.12,3355.21,0,twelvedata,2025-08-26 17:50:06
732,GOLD,2025-08-02 06:00:00,3355.22,3362.0,3355.21,3361.89,0,twelvedata,2025-08-26 17:50:06
733,GOLD,2025-08-02 07:00:00,3361.89,3365.97,3361.6,3365.96,0,twelvedata,2025-08-26 17:50:06
734,GOLD,2025-08-02 08:00:00,3365.84,3365.84,3359.2,3359.79,0,twelvedata,2025-08-26 17:50:06
735,GOLD,2025-08-02 09:00:00,3359.78,3364.79,3359.78,3364.79,0,twelvedata,2025-08-26 17:50:06
736,GOLD,2025-08-02 10:00:00,3364.8,3366.0,3363.0,3365.99,0,twelvedata,2025-08-26 17:50:06
737,GOLD,2025-08-02 11:00:00,3365.98,3366.61,3364.8,3366.48,0,twelvedata,2025-08-26 17:50:06
738,GOLD,2025-08-02 12:00:00,3366.61,3369.98,3366.6,3368.32,0,twelvedata,2025-08-26 17:50:06
739,GOLD,2025-08-02 13:00:00,3368.31,3368.32,3357.97,3359.51,0,twelvedata,2025-08-26 17:50:06
740,GOLD,2025-08-02 14:00:00,3359.51,3364.6,3359.2,3361.67,0,twelvedata,2025-08-26 17:50:06
741,GOLD,2025-08-02 15:00:00,3361.68,3364.18,3358.7,3363.8,0,twelvedata,2025-08-26 17:50:06
742,GOLD,2025-08-02 16:00:00,3363.8,3363.81,3356.46,3358.06,0,twelvedata,2025-08-26 17:50:06
743,GOLD,2025-08-02 17:00:00,3358.06,3364.49,3355.58,3364.27,0,twelvedata,2025-08-26 17:50:06
744,GOLD,2025-08-02 18:00:00,3364.2,3365.14,3364.05,3364.22,0,twelvedata,2025-08-26 17:50:06
745,GOLD,2025-08-02 19:00:00,3364.22,3365.84,3362.6,3365.84,0,twelvedata,2025-08-26 17:50:06
746,GOLD,2025-08-02 20:00:00,3365.84,3365.84,3362.6,3364.76,0,twelvedata,2025-08-26 17:50:06
747,GOLD,2025-08-02 21:00:00,3364.77,3365.96,3362.85,3364.94,0,twelvedata,2025-08-26 17:50:06
748,GOLD,2025-08-02 22:00:00,3364.95,3367.26,3360.4,3360.4,0,twelvedata,2025-08-26 17:50:06
749,GOLD,2025-08-02 23:00:00,3360.4,3365.4,3360.0,3361.38,0,twelvedata,2025-08-26 17:50:06
750,GOLD,2025-08-04 07:00:00,3368.63,3368.8,3368.62,3368.8,0,twelvedata,2025-08-26 17:50:06
751,GOLD,2025-08-04 08:00:00,3368.79,3368.79,3361.17,3362.3,0,twelvedata,2025-08-26 17:50:06
752,GOLD,2025-08-04 09:00:00,3362.29,3365.69,3358.0,3365.68,0,twelvedata,2025-08-26 17:50:06
753,GOLD,2025-08-04 10:00:00,3365.69,3365.69,3353.38,3353.8,0,twelvedata,2025-08-26 17:50:06
754,GOLD,2025-08-04 11:00:00,3353.8,3356.33,3348.8,3355.59,0,twelvedata,2025-08-26 17:50:06
755,GOLD,2025-08-04 12:00:00,3355.59,3356.99,3351.12,3356.81,0,twelvedata,2025-08-26 17:50:06
756,GOLD,2025-08-04 13:00:00,3356.81,3362.45,3356.2,3361.21,0,twelvedata,2025-08-26 17:50:06
757,GOLD,2025-08-04 14:00:00,3361.21,3365.21,3361.21,3362.79,0,twelvedata,2025-08-26 17:50:06
758,GOLD,2025-08-04 15:00:00,3362.78,3364.22,3359.21,3361.2,0,twelvedata,2025-08-26 17:50:06
759,GOLD,2025-08-04 16:00:00,3361.2,3364.81,3357.99,3364.4,0,twelvedata,2025-08-26 17:50:06
760,GOLD,2025-08-04 17:00:00,3364.43,3364.55,3356.12,3358.41,0,twelvedata,2025-08-26 17:50:06
761,GOLD,2025-08-04 18:00:00,3358.41,3362.46,3357.65,3361.53,0,twelvedata,2025-08-26 17:50:06
762,GOLD,2025-08-04 19:00:00,3361.53,3363.2,3360.2,3360.36,0,twelvedata,2025-08-26 17:50:06
763,GOLD,2025-08-04 20:00:00,3360.36,3361.39,3357.4,3360.62,0,twelvedata,2025-08-26 17:50:06
764,GOLD,2025-08-04 21:00:00,3360.62,3372.0,3360.61,3371.2,0,twelvedata,2025-08-26 17:50:06
765,GOLD,2025-08-04 22:00:00,3371.2,3373.2,3366.0,3372.22,0,twelvedata,2025-08-26 17:50:06
766,GOLD,2025-08-04 23:00:00,3372.22,3384.0,3371.48,3383.86,0,twelvedata,2025-08-26 17:50:06
767,GOLD,2025-08-05 00:00:00,3383.86,3384.39,3374.4,3376.19,0,twelvedata,2025-08-26 17:50:06
768,GOLD,2025-08-05 01:00:00,3376.2,3377.0,3374.01,3376.39,0,twelvedata,2025-08-26 17:50:06
769,GOLD,2025-08-05 02:00:00,3376.39,3380.43,3372.05,3374.14,0,twelvedata,2025-08-26 17:50:06
770,GOLD,2025-08-05 03:00:00,3374.14,3375.8,3374.0,3374.8,0,twelvedata,2025-08-26 17:50:06
771,GOLD,2025-08-05 04:00:00,3374.8,3377.2,3374.8,3376.6,0,twelvedata,2025-08-26 17:50:06
772,GOLD,2025-08-05 05:00:00,3376.61,3380.0,3376.16,3380.0,0,twelvedata,2025-08-26 17:50:06
773,GOLD,2025-08-05 06:00:00,3379.99,3380.25,3378.6,3378.96,0,twelvedata,2025-08-26 17:50:06
774,GOLD,2025-08-05 07:00:00,3378.97,3378.98,3368.97,3371.2,0,twelvedata,2025-08-26 17:50:06
775,GOLD,2025-08-05 08:00:00,3371.2,3377.77,3371.01,3375.6,0,twelvedata,2025-08-26 17:50:06
776,GOLD,2025-08-05 09:00:00,3375.6,3381.15,3375.6,3377.6,0,twelvedata,2025-08-26 17:50:06
777,GOLD,2025-08-05 10:00:00,3377.6,3381.19,3376.8,3380.48,0,twelvedata,2025-08-26 17:50:06
778,GOLD,2025-08-05 11:00:00,3380.49,3385.08,3380.06,3380.06,0,twelvedata,2025-08-26 17:50:06
779,GOLD,2025-08-05 12:00:00,3380.06,3389.58,3377.4,3377.4,0,twelvedata,2025-08-26 17:50:06
780,GOLD,2025-08-05 13:00:00,3377.4,3378.09,3373.91,3375.63,0,twelvedata,2025-08-26 17:50:06
781,GOLD,2025-08-05 14:00:00,3375.63,3376.87,3374.6,3374.81,0,twelvedata,2025-08-26 17:50:06
782,GOLD,2025-08-05 15:00:00,3374.8,3374.8,3369.84,3373.3,0,twelvedata,2025-08-26 17:50:06
783,GOLD,2025-08-05 16:00:00,3373.3,3373.9,3368.27,3368.27,0,twelvedata,2025-08-26 17:50:06
784,GOLD,2025-08-05 17:00:00,3368.28,3375.18,3368.26,3373.82,0,twelvedata,2025-08-26 17:50:06
785,GOLD,2025-08-05 18:00:00,3373.81,3374.2,3367.29,3367.29,0,twelvedata,2025-08-26 17:50:06
786,GOLD,2025-08-05 19:00:00,3367.29,3367.73,3362.8,3362.81,0,twelvedata,2025-08-26 17:50:06
787,GOLD,2025-08-05 20:00:00,3362.8,3364.94,3357.26,3357.26,0,twelvedata,2025-08-26 17:50:06
788,GOLD,2025-08-05 21:00:00,3357.26,3357.27,3353.8,3355.26,0,twelvedata,2025-08-26 17:50:06
789,GOLD,2025-08-05 22:00:00,3354.92,3367.79,3354.05,3367.54,0,twelvedata,2025-08-26 17:50:06
790,GOLD,2025-08-05 23:00:00,3367.54,3378.71,3367.5,3374.35,0,twelvedata,2025-08-26 17:50:06
791,GOLD,2025-08-06 00:00:00,3374.35,3393.62,3372.89,3384.81,0,twelvedata,2025-08-26 17:50:06
792,GOLD,2025-08-06 01:00:00,3384.81,3388.6,3381.38,3388.6,0,twelvedata,2025-08-26 17:50:06
793,GOLD,2025-08-06 02:00:00,3388.6,3389.0,3377.0,3381.19,0,twelvedata,2025-08-26 17:50:06
794,GOLD,2025-08-06 03:00:00,3381.19,3383.0,3380.01,3380.86,0,twelvedata,2025-08-26 17:50:06
795,GOLD,2025-08-06 04:00:00,3380.39,3380.45,3378.34,3378.4,0,twelvedata,2025-08-26 17:50:06
796,GOLD,2025-08-06 05:00:00,3378.41,3378.8,3377.06,3378.09,0,twelvedata,2025-08-26 17:50:06
797,GOLD,2025-08-06 06:00:00,3378.09,3379.79,3376.52,3379.58,0,twelvedata,2025-08-26 17:50:06
798,GOLD,2025-08-06 07:00:00,3379.59,3384.47,3379.59,3380.7,0,twelvedata,2025-08-26 17:50:06
799,GOLD,2025-08-06 08:00:00,3380.69,3382.12,3379.4,3381.25,0,twelvedata,2025-08-26 17:50:06
800,GOLD,2025-08-06 09:00:00,3381.25,3385.25,3380.56,3384.32,0,twelvedata,2025-08-26 17:50:06
801,GOLD,2025-08-06 10:00:00,3384.32,3384.8,3382.12,3382.39,0,twelvedata,2025-08-26 17:50:06
802,GOLD,2025-08-06 11:00:00,3382.39,3382.92,3375.8,3376.39,0,twelvedata,2025-08-26 17:50:06
803,GOLD,2025-08-06 12:00:00,3376.4,3378.7,3376.0,3378.21,0,twelvedata,2025-08-26 17:50:06
804,GOLD,2025-08-06 13:00:00,3378.21,3379.0,3375.97,3376.59,0,twelvedata,2025-08-26 17:50:06
805,GOLD,2025-08-06 14:00:00,3376.59,3378.2,3375.8,3375.84,0,twelvedata,2025-08-26 17:50:06
806,GOLD,2025-08-06 15:00:00,3375.84,3376.0,3373.52,3376.0,0,twelvedata,2025-08-26 17:50:06
807,GOLD,2025-08-06 16:00:00,3376.0,3381.35,3374.71,3378.0,0,twelvedata,2025-08-26 17:50:06
808,GOLD,2025-08-06 17:00:00,3378.0,3378.51,3369.44,3376.4,0,twelvedata,2025-08-26 17:50:06
809,GOLD,2025-08-06 18:00:00,3376.4,3376.73,3368.4,3368.76,0,twelvedata,2025-08-26 17:50:06
810,GOLD,2025-08-06 19:00:00,3368.76,3369.8,3362.51,3364.18,0,twelvedata,2025-08-26 17:50:06
811,GOLD,2025-08-06 20:00:00,3364.18,3368.4,3363.19,3367.39,0,twelvedata,2025-08-26 17:50:06
812,GOLD,2025-08-06 21:00:00,3367.4,3371.6,3366.2,3369.39,0,twelvedata,2025-08-26 17:50:06
813,GOLD,2025-08-06 22:00:00,3369.39,3370.9,3364.7,3370.01,0,twelvedata,2025-08-26 17:50:06
814,GOLD,2025-08-06 23:00:00,3370.01,3374.49,3366.23,3373.24,0,twelvedata,2025-08-26 17:50:06
815,GOLD,2025-08-07 00:00:00,3373.24,3380.75,3371.96,3380.67,0,twelvedata,2025-08-26 17:50:06
816,GOLD,2025-08-07 01:00:00,3380.69,3381.27,3373.39,3377.4,0,twelvedata,2025-08-26 17:50:06
817,GOLD,2025-08-07 02:00:00,3377.4,3379.09,3374.61,3377.01,0,twelvedata,2025-08-26 17:50:06
818,GOLD,2025-08-07 03:00:00,3377.01,3378.0,3373.32,3376.41,0,twelvedata,2025-08-26 17:50:06
819,GOLD,2025-08-07 04:00:00,3376.41,3376.41,3370.21,3371.8,0,twelvedata,2025-08-26 17:50:06
820,GOLD,2025-08-07 05:00:00,3371.8,3373.79,3371.0,3372.8,0,twelvedata,2025-08-26 17:50:06
821,GOLD,2025-08-07 06:00:00,3372.8,3372.81,3368.49,3371.53,0,twelvedata,2025-08-26 17:50:06
822,GOLD,2025-08-07 07:00:00,3371.54,3372.29,3368.36,3369.86,0,twelvedata,2025-08-26 17:50:06
823,GOLD,2025-08-07 08:00:00,3369.86,3374.5,3369.86,3373.79,0,twelvedata,2025-08-26 17:50:06
824,GOLD,2025-08-07 09:00:00,3373.79,3373.79,3370.0,3370.99,0,twelvedata,2025-08-26 17:50:06
825,GOLD,2025-08-07 10:00:00,3371.15,3376.19,3368.8,3375.92,0,twelvedata,2025-08-26 17:50:06
826,GOLD,2025-08-07 11:00:00,3375.91,3383.06,3374.2,3383.05,0,twelvedata,2025-08-26 17:50:06
827,GOLD,2025-08-07 12:00:00,3383.05,3383.24,3377.45,3380.83,0,twelvedata,2025-08-26 17:50:06
828,GOLD,2025-08-07 13:00:00,3380.83,3380.83,3377.4,3378.79,0,twelvedata,2025-08-26 17:50:06
829,GOLD,2025-08-07 14:00:00,3378.79,3379.92,3377.15,3378.13,0,twelvedata,2025-08-26 17:50:06
830,GOLD,2025-08-07 15:00:00,3378.14,3379.99,3375.0,3376.08,0,twelvedata,2025-08-26 17:50:06
831,GOLD,2025-08-07 16:00:00,3376.2,3384.68,3375.75,3384.68,0,twelvedata,2025-08-26 17:50:06
832,GOLD,2025-08-07 17:00:00,3384.68,3394.98,3384.58,3393.0,0,twelvedata,2025-08-26 17:50:06
833,GOLD,2025-08-07 18:00:00,3393.0,3393.2,3375.4,3379.98,0,twelvedata,2025-08-26 17:50:06
834,GOLD,2025-08-07 19:00:00,3379.86,3382.6,3377.17,3379.8,0,twelvedata,2025-08-26 17:50:06
835,GOLD,2025-08-07 20:00:00,3379.61,3380.86,3374.16,3374.38,0,twelvedata,2025-08-26 17:50:06
836,GOLD,2025-08-07 21:00:00,3374.37,3383.7,3374.37,3377.61,0,twelvedata,2025-08-26 17:50:06
837,GOLD,2025-08-07 22:00:00,3377.71,3386.19,3376.47,3378.73,0,twelvedata,2025-08-26 17:50:06
838,GOLD,2025-08-07 23:00:00,3378.73,3387.93,3378.73,3382.7,0,twelvedata,2025-08-26 17:50:06
839,GOLD,2025-08-08 00:00:00,3382.59,3385.0,3376.1,3384.13,0,twelvedata,2025-08-26 17:50:06
840,GOLD,2025-08-08 01:00:00,3384.87,3385.14,3381.79,3384.41,0,twelvedata,2025-08-26 17:50:06
841,GOLD,2025-08-08 02:00:00,3384.6,3386.4,3381.99,3383.41,0,twelvedata,2025-08-26 17:50:06
842,GOLD,2025-08-08 03:00:00,3383.4,3386.95,3381.84,3386.85,0,twelvedata,2025-08-26 17:50:06
843,GOLD,2025-08-08 04:00:00,3386.85,3389.02,3385.03,3385.43,0,twelvedata,2025-08-26 17:50:06
844,GOLD,2025-08-08 05:00:00,3385.43,3392.98,3384.0,3392.92,0,twelvedata,2025-08-26 17:50:06
845,GOLD,2025-08-08 06:00:00,3392.92,3393.57,3386.17,3389.29,0,twelvedata,2025-08-26 17:50:06
846,GOLD,2025-08-08 07:00:00,3389.03,3391.79,3384.14,3388.81,0,twelvedata,2025-08-26 17:50:06
847,GOLD,2025-08-08 08:00:00,3388.81,3396.5,3382.99,3394.6,0,twelvedata,2025-08-26 17:50:06
848,GOLD,2025-08-08 09:00:00,3394.51,3397.81,3390.2,3393.46,0,twelvedata,2025-08-26 17:50:06
849,GOLD,2025-08-08 10:00:00,3393.46,3394.86,3387.13,3387.6,0,twelvedata,2025-08-26 17:50:06
850,GOLD,2025-08-08 11:00:00,3387.55,3387.6,3380.69,3381.59,0,twelvedata,2025-08-26 17:50:06
851,GOLD,2025-08-08 12:00:00,3381.59,3387.55,3381.59,3383.19,0,twelvedata,2025-08-26 17:50:06
852,GOLD,2025-08-08 13:00:00,3383.19,3392.51,3381.16,3390.6,0,twelvedata,2025-08-26 17:50:06
853,GOLD,2025-08-08 14:00:00,3390.59,3393.6,3389.63,3390.6,0,twelvedata,2025-08-26 17:50:06
854,GOLD,2025-08-08 15:00:00,3390.43,3391.0,3388.27,3390.0,0,twelvedata,2025-08-26 17:50:06
855,GOLD,2025-08-08 16:00:00,3389.99,3391.82,3386.67,3389.59,0,twelvedata,2025-08-26 17:50:06
856,GOLD,2025-08-08 17:00:00,3389.59,3394.62,3388.04,3394.4,0,twelvedata,2025-08-26 17:50:06
857,GOLD,2025-08-08 18:00:00,3394.6,3394.63,3390.01,3390.21,0,twelvedata,2025-08-26 17:50:06
858,GOLD,2025-08-08 19:00:00,3390.2,3393.98,3389.6,3393.81,0,twelvedata,2025-08-26 17:50:06
859,GOLD,2025-08-08 20:00:00,3393.89,3394.99,3379.0,3380.92,0,twelvedata,2025-08-26 17:50:06
860,GOLD,2025-08-08 21:00:00,3380.93,3383.8,3377.77,3380.07,0,twelvedata,2025-08-26 17:50:06
861,GOLD,2025-08-08 22:00:00,3380.0,3392.46,3380.0,3383.99,0,twelvedata,2025-08-26 17:50:06
862,GOLD,2025-08-08 23:00:00,3383.97,3390.5,3380.0,3390.5,0,twelvedata,2025-08-26 17:50:06
863,GOLD,2025-08-09 00:00:00,3390.49,3390.49,3377.28,3381.37,0,twelvedata,2025-08-26 17:50:06
864,GOLD,2025-08-09 01:00:00,3381.59,3385.51,3381.25,3384.13,0,twelvedata,2025-08-26 17:50:06
865,GOLD,2025-08-09 02:00:00,3384.13,3389.54,3384.13,3389.5,0,twelvedata,2025-08-26 17:50:06
866,GOLD,2025-08-09 03:00:00,3389.5,3390.0,3379.38,3379.8,0,twelvedata,2025-08-26 17:50:06
867,GOLD,2025-08-09 04:00:00,3379.63,3389.64,3375.19,3386.26,0,twelvedata,2025-08-26 17:50:06
868,GOLD,2025-08-09 05:00:00,3386.24,3389.11,3384.31,3388.92,0,twelvedata,2025-08-26 17:50:06
869,GOLD,2025-08-09 06:00:00,3388.92,3388.93,3383.35,3387.21,0,twelvedata,2025-08-26 17:50:06
870,GOLD,2025-08-09 07:00:00,3387.21,3387.79,3383.97,3384.78,0,twelvedata,2025-08-26 17:50:06
871,GOLD,2025-08-09 08:00:00,3385.25,3388.88,3384.17,3388.76,0,twelvedata,2025-08-26 17:50:06
872,GOLD,2025-08-09 09:00:00,3388.77,3388.77,3383.96,3385.75,0,twelvedata,2025-08-26 17:50:06
873,GOLD,2025-08-09 10:00:00,3385.76,3386.58,3384.61,3385.16,0,twelvedata,2025-08-26 17:50:06
874,GOLD,2025-08-09 11:00:00,3385.16,3393.8,3385.11,3388.02,0,twelvedata,2025-08-26 17:50:06
875,GOLD,2025-08-09 12:00:00,3388.02,3388.14,3386.88,3387.49,0,twelvedata,2025-08-26 17:50:06
876,GOLD,2025-08-09 13:00:00,3387.49,3387.82,3387.28,3387.55,0,twelvedata,2025-08-26 17:50:06
877,GOLD,2025-08-09 14:00:00,3387.55,3389.59,3375.0,3385.47,0,twelvedata,2025-08-26 17:50:06
878,GOLD,2025-08-09 15:00:00,3385.47,3386.89,3376.93,3385.68,0,twelvedata,2025-08-26 17:50:06
879,GOLD,2025-08-09 16:00:00,3385.67,3386.03,3380.22,3383.59,0,twelvedata,2025-08-26 17:50:06
880,GOLD,2025-08-09 17:00:00,3383.58,3383.8,3382.64,3383.75,0,twelvedata,2025-08-26 17:50:06
881,GOLD,2025-08-09 18:00:00,3383.75,3384.06,3380.11,3380.89,0,twelvedata,2025-08-26 17:50:06
882,GOLD,2025-08-09 19:00:00,3380.95,3387.48,3380.95,3387.48,0,twelvedata,2025-08-26 17:50:06
883,GOLD,2025-08-09 20:00:00,3387.49,3390.0,3385.46,3386.14,0,twelvedata,2025-08-26 17:50:06
884,GOLD,2025-08-09 21:00:00,3386.13,3390.0,3386.05,3387.45,0,twelvedata,2025-08-26 17:50:06
885,GOLD,2025-08-09 22:00:00,3387.45,3389.63,3386.48,3388.59,0,twelvedata,2025-08-26 17:50:06
886,GOLD,2025-08-09 23:00:00,3388.58,3389.32,3387.4,3389.32,0,twelvedata,2025-08-26 17:50:06
887,GOLD,2025-08-11 07:00:00,3386.51,3386.51,3386.51,3386.51,0,twelvedata,2025-08-26 17:50:06
888,GOLD,2025-08-11 08:00:00,3386.51,3403.29,3382.85,3387.48,0,twelvedata,2025-08-26 17:50:06
889,GOLD,2025-08-11 09:00:00,3387.47,3387.56,3382.52,3382.52,0,twelvedata,2025-08-26 17:50:06
890,GOLD,2025-08-11 10:00:00,3382.53,3385.04,3377.93,3377.93,0,twelvedata,2025-08-26 17:50:06
891,GOLD,2025-08-11 11:00:00,3377.78,3377.78,3365.56,3371.01,0,twelvedata,2025-08-26 17:50:06
892,GOLD,2025-08-11 12:00:00,3370.73,3375.18,3366.58,3373.18,0,twelvedata,2025-08-26 17:50:06
893,GOLD,2025-08-11 13:00:00,3372.73,3374.38,3368.18,3374.38,0,twelvedata,2025-08-26 17:50:06
894,GOLD,2025-08-11 14:00:00,3374.38,3375.18,3371.0,3371.62,0,twelvedata,2025-08-26 17:50:06
895,GOLD,2025-08-11 15:00:00,3371.61,3374.32,3369.24,3371.0,0,twelvedata,2025-08-26 17:50:06
896,GOLD,2025-08-11 16:00:00,3371.01,3371.01,3362.1,3362.24,0,twelvedata,2025-08-26 17:50:06
897,GOLD,2025-08-11 17:00:00,3362.23,3362.23,3352.61,3356.15,0,twelvedata,2025-08-26 17:50:06
898,GOLD,2025-08-11 18:00:00,3356.2,3360.96,3354.65,3358.1,0,twelvedata,2025-08-26 17:50:06
899,GOLD,2025-08-11 19:00:00,3358.1,3359.88,3344.99,3348.39,0,twelvedata,2025-08-26 17:50:06
900,GOLD,2025-08-11 20:00:00,3348.76,3360.0,3348.76,3354.01,0,twelvedata,2025-08-26 17:50:06
901,GOLD,2025-08-11 21:00:00,3354.01,3354.57,3343.24,3349.62,0,twelvedata,2025-08-26 17:50:06
902,GOLD,2025-08-11 22:00:00,3349.62,3352.95,3342.05,3351.75,0,twelvedata,2025-08-26 17:50:06
903,GOLD,2025-08-11 23:00:00,3351.74,3358.92,3345.14,3355.21,0,twelvedata,2025-08-26 17:50:06
904,GOLD,2025-08-12 00:00:00,3355.2,3355.2,3340.4,3343.84,0,twelvedata,2025-08-26 17:50:06
905,GOLD,2025-08-12 01:00:00,3344.88,3348.88,3343.01,3346.04,0,twelvedata,2025-08-26 17:50:06
906,GOLD,2025-08-12 02:00:00,3346.04,3347.18,3340.98,3340.98,0,twelvedata,2025-08-26 17:50:06
907,GOLD,2025-08-12 03:00:00,3340.98,3354.74,3339.63,3354.47,0,twelvedata,2025-08-26 17:50:06
908,GOLD,2025-08-12 04:00:00,3354.41,3373.85,3350.26,3356.17,0,twelvedata,2025-08-26 17:50:06
909,GOLD,2025-08-12 05:00:00,3356.17,3357.58,3351.13,3352.1,0,twelvedata,2025-08-26 17:50:06
910,GOLD,2025-08-12 06:00:00,3351.7,3351.7,3344.0,3344.13,0,twelvedata,2025-08-26 17:50:06
911,GOLD,2025-08-12 07:00:00,3344.14,3345.45,3338.72,3339.31,0,twelvedata,2025-08-26 17:50:06
912,GOLD,2025-08-12 08:00:00,3339.73,3346.07,3339.46,3343.83,0,twelvedata,2025-08-26 17:50:06
913,GOLD,2025-08-12 09:00:00,3343.83,3346.18,3342.0,3345.71,0,twelvedata,2025-08-26 17:50:06
914,GOLD,2025-08-12 10:00:00,3345.71,3353.23,3344.15,3352.04,0,twelvedata,2025-08-26 17:50:06
915,GOLD,2025-08-12 11:00:00,3352.04,3357.09,3347.17,3348.77,0,twelvedata,2025-08-26 17:50:06
916,GOLD,2025-08-12 12:00:00,3348.77,3352.09,3347.51,3350.46,0,twelvedata,2025-08-26 17:50:06
917,GOLD,2025-08-12 13:00:00,3350.45,3352.89,3345.54,3346.65,0,twelvedata,2025-08-26 17:50:06
918,GOLD,2025-08-12 14:00:00,3346.66,3351.09,3345.96,3349.54,0,twelvedata,2025-08-26 17:50:06
919,GOLD,2025-08-12 15:00:00,3349.9,3350.31,3345.57,3348.87,0,twelvedata,2025-08-26 17:50:06
920,GOLD,2025-08-12 16:00:00,3348.87,3357.52,3339.33,3342.29,0,twelvedata,2025-08-26 17:50:06
921,GOLD,2025-08-12 17:00:00,3342.29,3353.0,3341.95,3350.73,0,twelvedata,2025-08-26 17:50:06
922,GOLD,2025-08-12 18:00:00,3350.74,3353.04,3346.82,3349.03,0,twelvedata,2025-08-26 17:50:06
923,GOLD,2025-08-12 19:00:00,3349.05,3351.09,3344.48,3345.05,0,twelvedata,2025-08-26 17:50:06
924,GOLD,2025-08-12 20:00:00,3345.03,3348.32,3341.0,3343.5,0,twelvedata,2025-08-26 17:50:06
925,GOLD,2025-08-12 21:00:00,3343.5,3346.7,3338.51,3344.9,0,twelvedata,2025-08-26 17:50:06
926,GOLD,2025-08-12 22:00:00,3344.9,3354.19,3340.19,3347.92,0,twelvedata,2025-08-26 17:50:06
927,GOLD,2025-08-12 23:00:00,3347.93,3352.25,3340.26,3342.71,0,twelvedata,2025-08-26 17:50:06
928,GOLD,2025-08-13 00:00:00,3342.3,3343.24,3332.0,3335.76,0,twelvedata,2025-08-26 17:50:06
929,GOLD,2025-08-13 01:00:00,3335.67,3357.21,3335.24,3347.79,0,twelvedata,2025-08-26 17:50:06
930,GOLD,2025-08-13 02:00:00,3347.8,3352.28,3343.35,3345.58,0,twelvedata,2025-08-26 17:50:06
931,GOLD,2025-08-13 03:00:00,3346.02,3346.02,3342.04,3343.72,0,twelvedata,2025-08-26 17:50:06
932,GOLD,2025-08-13 04:00:00,3343.72,3345.39,3342.33,3344.44,0,twelvedata,2025-08-26 17:50:06
933,GOLD,2025-08-13 05:00:00,3344.44,3344.47,3341.16,3342.33,0,twelvedata,2025-08-26 17:50:06
934,GOLD,2025-08-13 06:00:00,3342.38,3343.75,3340.41,3342.47,0,twelvedata,2025-08-26 17:50:06
935,GOLD,2025-08-13 07:00:00,3342.52,3343.42,3340.0,3341.1,0,twelvedata,2025-08-26 17:50:06
936,GOLD,2025-08-13 08:00:00,3341.1,3347.79,3337.78,3344.18,0,twelvedata,2025-08-26 17:50:06
937,GOLD,2025-08-13 09:00:00,3344.18,3351.42,3340.94,3340.96,0,twelvedata,2025-08-26 17:50:06
938,GOLD,2025-08-13 10:00:00,3340.96,3340.97,3336.1,3336.63,0,twelvedata,2025-08-26 17:50:06
939,GOLD,2025-08-13 11:00:00,3336.64,3348.07,3335.55,3344.42,0,twelvedata,2025-08-26 17:50:06
940,GOLD,2025-08-13 12:00:00,3344.42,3344.83,3339.58,3343.11,0,twelvedata,2025-08-26 17:50:06
941,GOLD,2025-08-13 13:00:00,3343.19,3343.19,3340.29,3340.56,0,twelvedata,2025-08-26 17:50:06
942,GOLD,2025-08-13 14:00:00,3340.56,3343.4,3340.36,3342.32,0,twelvedata,2025-08-26 17:50:06
943,GOLD,2025-08-13 15:00:00,3342.24,3342.35,3342.04,3342.05,0,twelvedata,2025-08-26 17:50:06
944,GOLD,2025-08-13 16:00:00,3342.04,3348.3,3341.44,3348.3,0,twelvedata,2025-08-26 17:50:06
945,GOLD,2025-08-13 17:00:00,3348.29,3351.34,3346.04,3346.04,0,twelvedata,2025-08-26 17:50:06
946,GOLD,2025-08-13 18:00:00,3346.04,3351.78,3343.65,3349.05,0,twelvedata,2025-08-26 17:50:06
947,GOLD,2025-08-13 19:00:00,3349.0,3355.0,3348.35,3353.64,0,twelvedata,2025-08-26 17:50:06
948,GOLD,2025-08-13 20:00:00,3353.65,3354.91,3352.67,3354.63,0,twelvedata,2025-08-26 17:50:06
949,GOLD,2025-08-13 21:00:00,3354.64,3355.0,3345.99,3351.38,0,twelvedata,2025-08-26 17:50:06
950,GOLD,2025-08-13 22:00:00,3351.39,3353.27,3347.07,3347.12,0,twelvedata,2025-08-26 17:50:06
951,GOLD,2025-08-13 23:00:00,3347.11,3354.99,3344.27,3354.2,0,twelvedata,2025-08-26 17:50:06
952,GOLD,2025-08-14 00:00:00,3354.2,3358.6,3353.16,3353.4,0,twelvedata,2025-08-26 17:50:06
953,GOLD,2025-08-14 01:00:00,3353.4,3355.78,3347.9,3348.33,0,twelvedata,2025-08-26 17:50:06
954,GOLD,2025-08-14 02:00:00,3348.33,3355.84,3348.33,3352.05,0,twelvedata,2025-08-26 17:50:06
955,GOLD,2025-08-14 03:00:00,3352.05,3352.06,3346.01,3346.61,0,twelvedata,2025-08-26 17:50:06
956,GOLD,2025-08-14 04:00:00,3346.61,3347.65,3345.0,3347.65,0,twelvedata,2025-08-26 17:50:06
957,GOLD,2025-08-14 05:00:00,3347.65,3351.6,3346.04,3351.44,0,twelvedata,2025-08-26 17:50:06
958,GOLD,2025-08-14 06:00:00,3351.44,3351.44,3349.07,3350.8,0,twelvedata,2025-08-26 17:50:06
959,GOLD,2025-08-14 07:00:00,3350.8,3357.68,3350.24,3352.34,0,twelvedata,2025-08-26 17:50:06
960,GOLD,2025-08-14 08:00:00,3352.3,3353.7,3349.49,3349.93,0,twelvedata,2025-08-26 17:50:06
961,GOLD,2025-08-14 09:00:00,3350.47,3354.28,3348.61,3353.91,0,twelvedata,2025-08-26 17:50:06
962,GOLD,2025-08-14 10:00:00,3353.91,3361.0,3349.15,3357.82,0,twelvedata,2025-08-26 17:50:06
963,GOLD,2025-08-14 11:00:00,3357.66,3360.19,3354.02,3357.9,0,twelvedata,2025-08-26 17:50:06
964,GOLD,2025-08-14 12:00:00,3357.75,3359.44,3353.75,3354.67,0,twelvedata,2025-08-26 17:50:06
965,GOLD,2025-08-14 13:00:00,3354.66,3354.66,3348.72,3351.37,0,twelvedata,2025-08-26 17:50:06
966,GOLD,2025-08-14 14:00:00,3351.38,3356.08,3350.0,3351.4,0,twelvedata,2025-08-26 17:50:06
967,GOLD,2025-08-14 15:00:00,3351.49,3351.77,3350.0,3350.17,0,twelvedata,2025-08-26 17:50:06
968,GOLD,2025-08-14 16:00:00,3350.18,3352.76,3348.5,3352.76,0,twelvedata,2025-08-26 17:50:06
969,GOLD,2025-08-14 17:00:00,3352.77,3355.61,3340.0,3340.72,0,twelvedata,2025-08-26 17:50:06
970,GOLD,2025-08-14 18:00:00,3345.65,3347.45,3338.18,3341.0,0,twelvedata,2025-08-26 17:50:06
971,GOLD,2025-08-14 19:00:00,3341.0,3350.0,3341.0,3348.76,0,twelvedata,2025-08-26 17:50:06
972,GOLD,2025-08-14 20:00:00,3348.77,3349.87,3344.96,3346.77,0,twelvedata,2025-08-26 17:50:06
973,GOLD,2025-08-14 21:00:00,3346.78,3349.0,3344.0,3345.32,0,twelvedata,2025-08-26 17:50:06
974,GOLD,2025-08-14 22:00:00,3345.32,3347.49,3335.01,3339.7,0,twelvedata,2025-08-26 17:50:06
975,GOLD,2025-08-14 23:00:00,3339.69,3343.41,3335.0,3338.09,0,twelvedata,2025-08-26 17:50:06
976,GOLD,2025-08-15 00:00:00,3338.09,3339.01,3330.0,3334.8,0,twelvedata,2025-08-26 17:50:06
977,GOLD,2025-08-15 01:00:00,3334.81,3336.8,3330.7,3335.01,0,twelvedata,2025-08-26 17:50:06
978,GOLD,2025-08-15 02:00:00,3335.01,3335.61,3324.39,3328.63,0,twelvedata,2025-08-26 17:50:06
979,GOLD,2025-08-15 03:00:00,3328.59,3333.26,3327.16,3332.43,0,twelvedata,2025-08-26 17:50:06
980,GOLD,2025-08-15 04:00:00,3332.43,3333.67,3331.0,3333.37,0,twelvedata,2025-08-26 17:50:06
981,GOLD,2025-08-15 05:00:00,3333.37,3334.07,3331.58,3331.59,0,twelvedata,2025-08-26 17:50:06
982,GOLD,2025-08-15 06:00:00,3331.59,3331.59,3330.0,3330.23,0,twelvedata,2025-08-26 17:50:06
983,GOLD,2025-08-15 07:00:00,3330.23,3330.54,3326.01,3327.87,0,twelvedata,2025-08-26 17:50:06
984,GOLD,2025-08-15 08:00:00,3327.83,3329.86,3326.67,3326.67,0,twelvedata,2025-08-26 17:50:06
985,GOLD,2025-08-15 09:00:00,3326.68,3329.82,3326.67,3329.67,0,twelvedata,2025-08-26 17:50:06
986,GOLD,2025-08-15 10:00:00,3329.67,3329.75,3327.01,3329.4,0,twelvedata,2025-08-26 17:50:06
987,GOLD,2025-08-15 11:00:00,3329.4,3333.46,3328.12,3333.46,0,twelvedata,2025-08-26 17:50:06
988,GOLD,2025-08-15 12:00:00,3333.46,3333.51,3330.23,3332.59,0,twelvedata,2025-08-26 17:50:06
989,GOLD,2025-08-15 13:00:00,3332.6,3335.5,3332.59,3335.5,0,twelvedata,2025-08-26 17:50:06
990,GOLD,2025-08-15 14:00:00,3335.5,3338.0,3335.49,3337.11,0,twelvedata,2025-08-26 17:50:06
991,GOLD,2025-08-15 15:00:00,3337.11,3339.62,3335.34,3337.36,0,twelvedata,2025-08-26 17:50:06
992,GOLD,2025-08-15 16:00:00,3337.36,3337.36,3334.08,3334.84,0,twelvedata,2025-08-26 17:50:06
993,GOLD,2025-08-15 17:00:00,3334.83,3339.48,3334.74,3339.2,0,twelvedata,2025-08-26 17:50:06
994,GOLD,2025-08-15 18:00:00,3339.43,3341.09,3334.03,3336.06,0,twelvedata,2025-08-26 17:50:06
995,GOLD,2025-08-15 19:00:00,3335.88,3339.22,3334.01,3337.7,0,twelvedata,2025-08-26 17:50:06
996,GOLD,2025-08-15 20:00:00,3337.7,3338.48,3333.13,3333.17,0,twelvedata,2025-08-26 17:50:06
997,GOLD,2025-08-15 21:00:00,3333.16,3340.03,3332.88,3338.87,0,twelvedata,2025-08-26 17:50:06
998,GOLD,2025-08-15 22:00:00,3338.73,3338.73,3330.13,3336.66,0,twelvedata,2025-08-26 17:50:06
999,GOLD,2025-08-15 23:00:00,3336.82,3339.51,3329.72,3330.81,0,twelvedata,2025-08-26 17:50:06
1000,GOLD,2025-08-16 00:00:00,3330.81,3335.8,3330.31,3335.15,0,twelvedata,2025-08-26 17:50:06
1001,GOLD,2025-08-16 01:00:00,3335.15,3336.94,3333.35,3333.4,0,twelvedata,2025-08-26 17:50:06
1002,GOLD,2025-08-16 02:00:00,3333.4,3333.41,3328.2,3329.38,0,twelvedata,2025-08-26 17:50:06
1003,GOLD,2025-08-16 03:00:00,3329.38,3331.44,3328.9,3329.54,0,twelvedata,2025-08-26 17:50:06
1004,GOLD,2025-08-16 04:00:00,3329.62,3333.9,3329.55,3330.93,0,twelvedata,2025-08-26 17:50:06
1005,GOLD,2025-08-16 05:00:00,3330.93,3332.44,3329.87,3331.84,0,twelvedata,2025-08-26 17:50:06
1006,GOLD,2025-08-16 06:00:00,3331.84,3331.99,3329.17,3329.36,0,twelvedata,2025-08-26 17:50:06
1007,GOLD,2025-08-16 07:00:00,3329.35,3332.51,3328.97,3330.15,0,twelvedata,2025-08-26 17:50:06
1008,GOLD,2025-08-16 08:00:00,3330.15,3335.0,3328.96,3334.09,0,twelvedata,2025-08-26 17:50:06
1009,GOLD,2025-08-16 09:00:00,3334.08,3334.08,3330.0,3330.31,0,twelvedata,2025-08-26 17:50:06
1010,GOLD,2025-08-16 10:00:00,3330.3,3334.0,3330.3,3332.28,0,twelvedata,2025-08-26 17:50:06
1011,GOLD,2025-08-16 11:00:00,3332.28,3332.41,3331.2,3331.7,0,twelvedata,2025-08-26 17:50:06
1012,GOLD,2025-08-16 12:00:00,3331.74,3336.01,3331.74,3333.89,0,twelvedata,2025-08-26 17:50:06
1013,GOLD,2025-08-16 13:00:00,3333.88,3334.88,3332.25,3332.28,0,twelvedata,2025-08-26 17:50:06
1014,GOLD,2025-08-16 14:00:00,3332.26,3333.36,3331.41,3333.32,0,twelvedata,2025-08-26 17:50:06
1015,GOLD,2025-08-16 15:00:00,3333.31,3334.97,3332.98,3333.68,0,twelvedata,2025-08-26 17:50:06
1016,GOLD,2025-08-16 16:00:00,3333.61,3334.64,3332.28,3333.54,0,twelvedata,2025-08-26 17:50:06
1017,GOLD,2025-08-16 17:00:00,3333.79,3333.83,3333.44,3333.8,0,twelvedata,2025-08-26 17:50:06
1018,GOLD,2025-08-16 18:00:00,3333.8,3333.8,3327.21,3330.01,0,twelvedata,2025-08-26 17:50:06
1019,GOLD,2025-08-16 19:00:00,3330.0,3331.11,3330.0,3330.95,0,twelvedata,2025-08-26 17:50:06
1020,GOLD,2025-08-16 20:00:00,3330.95,3331.05,3328.81,3328.88,0,twelvedata,2025-08-26 17:50:06
1021,GOLD,2025-08-16 21:00:00,3328.88,3329.87,3328.87,3329.03,0,twelvedata,2025-08-26 17:50:06
1022,GOLD,2025-08-16 22:00:00,3329.02,3329.73,3328.84,3328.85,0,twelvedata,2025-08-26 17:50:06
1023,GOLD,2025-08-16 23:00:00,3328.85,3331.25,3327.95,3331.25,0,twelvedata,2025-08-26 17:50:06
1024,GOLD,2025-08-18 07:00:00,3330.09,3330.78,3330.09,3330.78,0,twelvedata,2025-08-26 17:50:06
1025,GOLD,2025-08-18 08:00:00,3330.79,3338.81,3328.06,3329.1,0,twelvedata,2025-08-26 17:50:06
1026,GOLD,2025-08-18 09:00:00,3329.1,3329.11,3322.0,3323.69,0,twelvedata,2025-08-26 17:50:06
1027,GOLD,2025-08-18 10:00:00,3323.7,3337.86,3323.7,3333.98,0,twelvedata,2025-08-26 17:50:06
1028,GOLD,2025-08-18 11:00:00,3333.98,3339.56,3333.74,3339.37,0,twelvedata,2025-08-26 17:50:06
1029,GOLD,2025-08-18 12:00:00,3339.37,3339.6,3333.4,3334.35,0,twelvedata,2025-08-26 17:50:06
1030,GOLD,2025-08-18 13:00:00,3334.35,3342.46,3334.35,3340.01,0,twelvedata,2025-08-26 17:50:06
1031,GOLD,2025-08-18 14:00:00,3340.01,3353.64,3340.01,3350.79,0,twelvedata,2025-08-26 17:50:06
1032,GOLD,2025-08-18 15:00:00,3350.79,3380.0,3341.67,3345.25,0,twelvedata,2025-08-26 17:50:06
1033,GOLD,2025-08-18 16:00:00,3345.24,3349.89,3341.69,3346.01,0,twelvedata,2025-08-26 17:50:06
1034,GOLD,2025-08-18 17:00:00,3346.44,3350.94,3343.05,3344.16,0,twelvedata,2025-08-26 17:50:06
1035,GOLD,2025-08-18 18:00:00,3344.26,3348.29,3340.39,3346.35,0,twelvedata,2025-08-26 17:50:06
1036,GOLD,2025-08-18 19:00:00,3346.35,3353.2,3342.09,3344.87,0,twelvedata,2025-08-26 17:50:06
1037,GOLD,2025-08-18 20:00:00,3344.88,3345.89,3342.77,3343.71,0,twelvedata,2025-08-26 17:50:06
1038,GOLD,2025-08-18 21:00:00,3343.7,3344.57,3342.0,3342.0,0,twelvedata,2025-08-26 17:50:06
1039,GOLD,2025-08-18 22:00:00,3342.0,3348.75,3339.57,3339.64,0,twelvedata,2025-08-26 17:50:06
1040,GOLD,2025-08-18 23:00:00,3339.64,3339.64,3333.47,3334.04,0,twelvedata,2025-08-26 17:50:06
1041,GOLD,2025-08-19 00:00:00,3334.05,3335.06,3331.0,3331.66,0,twelvedata,2025-08-26 17:50:06
1042,GOLD,2025-08-19 01:00:00,3332.16,3334.17,3331.39,3333.28,0,twelvedata,2025-08-26 17:50:06
1043,GOLD,2025-08-19 02:00:00,3333.27,3333.27,3328.25,3332.7,0,twelvedata,2025-08-26 17:50:06
1044,GOLD,2025-08-19 03:00:00,3332.76,3333.14,3326.63,3330.76,0,twelvedata,2025-08-26 17:50:06
1045,GOLD,2025-08-19 04:00:00,3330.71,3330.75,3328.76,3330.75,0,twelvedata,2025-08-26 17:50:06
1046,GOLD,2025-08-19 05:00:00,3330.75,3331.6,3329.87,3331.6,0,twelvedata,2025-08-26 17:50:06
1047,GOLD,2025-08-19 06:00:00,3331.55,3332.4,3331.35,3331.75,0,twelvedata,2025-08-26 17:50:06
1048,GOLD,2025-08-19 07:00:00,3331.76,3336.57,3331.76,3335.55,0,twelvedata,2025-08-26 17:50:06
1049,GOLD,2025-08-19 08:00:00,3335.4,3335.4,3331.87,3331.92,0,twelvedata,2025-08-26 17:50:06
1050,GOLD,2025-08-19 09:00:00,3331.82,3333.07,3330.47,3330.97,0,twelvedata,2025-08-26 17:50:06
1051,GOLD,2025-08-19 10:00:00,3330.96,3337.46,3326.51,3332.7,0,twelvedata,2025-08-26 17:50:06
1052,GOLD,2025-08-19 11:00:00,3332.7,3334.14,3330.23,3331.72,0,twelvedata,2025-08-26 17:50:06
1053,GOLD,2025-08-19 12:00:00,3331.95,3336.04,3329.25,3336.04,0,twelvedata,2025-08-26 17:50:06
1054,GOLD,2025-08-19 13:00:00,3336.04,3337.98,3332.62,3335.35,0,twelvedata,2025-08-26 17:50:06
1055,GOLD,2025-08-19 14:00:00,3335.35,3335.35,3331.51,3334.29,0,twelvedata,2025-08-26 17:50:06
1056,GOLD,2025-08-19 15:00:00,3334.3,3337.96,3334.3,3335.3,0,twelvedata,2025-08-26 17:50:06
1057,GOLD,2025-08-19 16:00:00,3335.22,3336.02,3335.1,3335.1,0,twelvedata,2025-08-26 17:50:06
1058,GOLD,2025-08-19 17:00:00,3335.1,3337.75,3335.1,3336.16,0,twelvedata,2025-08-26 17:50:06
1059,GOLD,2025-08-19 18:00:00,3336.17,3337.03,3332.4,3335.08,0,twelvedata,2025-08-26 17:50:06
1060,GOLD,2025-08-19 19:00:00,3335.08,3337.58,3332.56,3333.77,0,twelvedata,2025-08-26 17:50:06
1061,GOLD,2025-08-19 20:00:00,3334.12,3339.95,3334.12,3336.84,0,twelvedata,2025-08-26 17:50:06
1062,GOLD,2025-08-19 21:00:00,3336.86,3337.85,3333.54,3334.81,0,twelvedata,2025-08-26 17:50:06
1063,GOLD,2025-08-19 22:00:00,3334.71,3336.11,3331.73,3331.73,0,twelvedata,2025-08-26 17:50:06
1064,GOLD,2025-08-19 23:00:00,3331.7,3342.06,3324.59,3331.35,0,twelvedata,2025-08-26 17:50:06
1065,GOLD,2025-08-20 00:00:00,3331.37,3333.02,3320.34,3321.86,0,twelvedata,2025-08-26 17:50:06
1066,GOLD,2025-08-20 01:00:00,3321.86,3323.39,3317.0,3319.32,0,twelvedata,2025-08-26 17:50:06
1067,GOLD,2025-08-20 02:00:00,3319.33,3321.54,3317.0,3317.0,0,twelvedata,2025-08-26 17:50:06
1068,GOLD,2025-08-20 03:00:00,3317.0,3317.65,3315.05,3317.47,0,twelvedata,2025-08-26 17:50:06
1069,GOLD,2025-08-20 04:00:00,3317.46,3318.79,3316.23,3317.05,0,twelvedata,2025-08-26 17:50:06
1070,GOLD,2025-08-20 05:00:00,3317.04,3317.24,3308.01,3314.35,0,twelvedata,2025-08-26 17:50:06
1071,GOLD,2025-08-20 06:00:00,3314.35,3317.24,3313.67,3314.82,0,twelvedata,2025-08-26 17:50:06
1072,GOLD,2025-08-20 07:00:00,3314.84,3315.52,3314.7,3315.33,0,twelvedata,2025-08-26 17:50:06
1073,GOLD,2025-08-20 08:00:00,3315.33,3316.56,3314.65,3316.55,0,twelvedata,2025-08-26 17:50:06
1074,GOLD,2025-08-20 09:00:00,3316.55,3316.7,3307.58,3312.7,0,twelvedata,2025-08-26 17:50:06
1075,GOLD,2025-08-20 10:00:00,3312.71,3314.29,3311.78,3312.4,0,twelvedata,2025-08-26 17:50:06
1076,GOLD,2025-08-20 11:00:00,3312.38,3316.2,3307.23,3312.75,0,twelvedata,2025-08-26 17:50:06
1077,GOLD,2025-08-20 12:00:00,3312.75,3315.41,3301.77,3308.67,0,twelvedata,2025-08-26 17:50:06
1078,GOLD,2025-08-20 13:00:00,3308.68,3310.19,3307.36,3307.44,0,twelvedata,2025-08-26 17:50:06
1079,GOLD,2025-08-20 14:00:00,3307.36,3313.51,3307.32,3312.38,0,twelvedata,2025-08-26 17:50:06
1080,GOLD,2025-08-20 15:00:00,3312.47,3315.38,3312.0,3315.38,0,twelvedata,2025-08-26 17:50:06
1081,GOLD,2025-08-20 16:00:00,3315.38,3318.32,3315.09,3316.58,0,twelvedata,2025-08-26 17:50:06
1082,GOLD,2025-08-20 17:00:00,3316.58,3319.11,3315.62,3318.06,0,twelvedata,2025-08-26 17:50:06
1083,GOLD,2025-08-20 18:00:00,3318.05,3320.69,3314.41,3319.6,0,twelvedata,2025-08-26 17:50:06
1084,GOLD,2025-08-20 19:00:00,3319.65,3320.69,3317.89,3317.89,0,twelvedata,2025-08-26 17:50:06
1085,GOLD,2025-08-20 20:00:00,3317.9,3318.0,3317.08,3317.87,0,twelvedata,2025-08-26 17:50:06
1086,GOLD,2025-08-20 21:00:00,3317.88,3324.23,3317.88,3324.18,0,twelvedata,2025-08-26 17:50:06
1087,GOLD,2025-08-20 22:00:00,3324.18,3333.78,3324.02,3333.76,0,twelvedata,2025-08-26 17:50:06
1088,GOLD,2025-08-20 23:00:00,3333.75,3336.17,3330.47,3334.43,0,twelvedata,2025-08-26 17:50:06
1089,GOLD,2025-08-21 00:00:00,3334.19,3338.13,3330.84,3338.13,0,twelvedata,2025-08-26 17:50:06
1090,GOLD,2025-08-21 01:00:00,3338.13,3338.19,3331.0,3331.01,0,twelvedata,2025-08-26 17:50:06
1091,GOLD,2025-08-21 02:00:00,3331.01,3337.14,3331.0,3334.26,0,twelvedata,2025-08-26 17:50:06
1092,GOLD,2025-08-21 03:00:00,3334.27,3336.98,3334.27,3335.97,0,twelvedata,2025-08-26 17:50:06
1093,GOLD,2025-08-21 04:00:00,3335.97,3337.19,3334.0,3335.74,0,twelvedata,2025-08-26 17:50:06
1094,GOLD,2025-08-21 05:00:00,3335.74,3338.62,3334.0,3338.62,0,twelvedata,2025-08-26 17:50:06
1095,GOLD,2025-08-21 06:00:00,3338.63,3339.91,3337.79,3339.88,0,twelvedata,2025-08-26 17:50:06
1096,GOLD,2025-08-21 07:00:00,3339.88,3341.85,3339.79,3341.84,0,twelvedata,2025-08-26 17:50:06
1097,GOLD,2025-08-21 08:00:00,3341.85,3342.56,3340.8,3340.8,0,twelvedata,2025-08-26 17:50:06
1098,GOLD,2025-08-21 09:00:00,3340.82,3340.82,3339.87,3339.92,0,twelvedata,2025-08-26 17:50:06
1099,GOLD,2025-08-21 10:00:00,3339.92,3339.93,3336.56,3336.56,0,twelvedata,2025-08-26 17:50:06
1100,GOLD,2025-08-21 11:00:00,3336.57,3339.15,3335.59,3336.87,0,twelvedata,2025-08-26 17:50:06
1101,GOLD,2025-08-21 12:00:00,3336.87,3337.25,3335.31,3337.15,0,twelvedata,2025-08-26 17:50:06
1102,GOLD,2025-08-21 13:00:00,3337.14,3337.15,3334.32,3334.33,0,twelvedata,2025-08-26 17:50:06
1103,GOLD,2025-08-21 14:00:00,3334.32,3334.99,3333.0,3333.12,0,twelvedata,2025-08-26 17:50:06
1104,GOLD,2025-08-21 15:00:00,3333.13,3334.45,3332.0,3333.08,0,twelvedata,2025-08-26 17:50:06
1105,GOLD,2025-08-21 16:00:00,3333.08,3333.08,3330.0,3330.01,0,twelvedata,2025-08-26 17:50:06
1106,GOLD,2025-08-21 17:00:00,3330.01,3334.78,3330.0,3334.36,0,twelvedata,2025-08-26 17:50:06
1107,GOLD,2025-08-21 18:00:00,3334.36,3335.58,3334.35,3335.29,0,twelvedata,2025-08-26 17:50:06
1108,GOLD,2025-08-21 19:00:00,3335.26,3336.28,3334.84,3336.07,0,twelvedata,2025-08-26 17:50:06
1109,GOLD,2025-08-21 20:00:00,3336.32,3336.32,3318.25,3323.96,0,twelvedata,2025-08-26 17:50:06
1110,GOLD,2025-08-21 21:00:00,3324.09,3328.22,3321.76,3327.65,0,twelvedata,2025-08-26 17:50:06
1111,GOLD,2025-08-21 22:00:00,3327.66,3336.25,3327.65,3333.72,0,twelvedata,2025-08-26 17:50:06
1112,GOLD,2025-08-21 23:00:00,3333.73,3338.1,3329.4,3331.62,0,twelvedata,2025-08-26 17:50:06
1113,GOLD,2025-08-22 00:00:00,3331.62,3338.38,3331.62,3335.71,0,twelvedata,2025-08-26 17:50:06
1114,GOLD,2025-08-22 01:00:00,3335.71,3337.84,3331.0,3335.84,0,twelvedata,2025-08-26 17:50:06
1115,GOLD,2025-08-22 02:00:00,3335.84,3336.25,3331.99,3332.0,0,twelvedata,2025-08-26 17:50:06
1116,GOLD,2025-08-22 03:00:00,3332.0,3334.0,3331.52,3331.74,0,twelvedata,2025-08-26 17:50:06
1117,GOLD,2025-08-22 04:00:00,3331.75,3332.85,3331.44,3332.81,0,twelvedata,2025-08-26 17:50:06
1118,GOLD,2025-08-22 05:00:00,3332.81,3334.0,3331.0,3332.07,0,twelvedata,2025-08-26 17:50:06
1119,GOLD,2025-08-22 06:00:00,3332.08,3332.5,3331.11,3332.14,0,twelvedata,2025-08-26 17:50:06
1120,GOLD,2025-08-22 07:00:00,3332.13,3335.22,3330.54,3335.22,0,twelvedata,2025-08-26 17:50:06
1121,GOLD,2025-08-22 08:00:00,3335.27,3335.28,3331.97,3333.31,0,twelvedata,2025-08-26 17:50:06
1122,GOLD,2025-08-22 09:00:00,3333.31,3333.32,3331.35,3331.5,0,twelvedata,2025-08-26 17:50:06
1123,GOLD,2025-08-22 10:00:00,3331.5,3333.0,3330.76,3332.82,0,twelvedata,2025-08-26 17:50:06
1124,GOLD,2025-08-22 11:00:00,3332.82,3333.16,3329.33,3329.35,0,twelvedata,2025-08-26 17:50:06
1125,GOLD,2025-08-22 12:00:00,3329.34,3331.29,3329.15,3329.16,0,twelvedata,2025-08-26 17:50:06
1126,GOLD,2025-08-22 13:00:00,3329.16,3330.62,3327.02,3328.54,0,twelvedata,2025-08-26 17:50:06
1127,GOLD,2025-08-22 14:00:00,3328.55,3332.38,3324.74,3325.0,0,twelvedata,2025-08-26 17:50:06
1128,GOLD,2025-08-22 15:00:00,3325.0,3327.47,3324.35,3325.61,0,twelvedata,2025-08-26 17:50:06
1129,GOLD,2025-08-22 16:00:00,3325.61,3325.72,3323.28,3324.65,0,twelvedata,2025-08-26 17:50:06
1130,GOLD,2025-08-22 17:00:00,3324.79,3332.0,3323.9,3323.99,0,twelvedata,2025-08-26 17:50:06
1131,GOLD,2025-08-22 18:00:00,3324.0,3326.65,3323.06,3325.07,0,twelvedata,2025-08-26 17:50:06
1132,GOLD,2025-08-22 19:00:00,3325.23,3328.02,3324.84,3326.92,0,twelvedata,2025-08-26 17:50:06
1133,GOLD,2025-08-22 20:00:00,3326.92,3327.25,3326.16,3326.71,0,twelvedata,2025-08-26 17:50:06
1134,GOLD,2025-08-22 21:00:00,3326.72,3326.72,3323.32,3324.32,0,twelvedata,2025-08-26 17:50:06
1135,GOLD,2025-08-22 22:00:00,3324.32,3324.92,3318.28,3319.71,0,twelvedata,2025-08-26 17:50:06
1136,GOLD,2025-08-22 23:00:00,3319.71,3328.75,3319.7,3327.29,0,twelvedata,2025-08-26 17:50:06
1137,GOLD,2025-08-23 00:00:00,3327.29,3360.68,3327.29,3359.73,0,twelvedata,2025-08-26 17:50:06
1138,GOLD,2025-08-23 01:00:00,3359.73,3363.43,3351.0,3351.95,0,twelvedata,2025-08-26 17:50:06
1139,GOLD,2025-08-23 02:00:00,3352.19,3356.82,3352.01,3354.69,0,twelvedata,2025-08-26 17:50:06
1140,GOLD,2025-08-23 03:00:00,3354.69,3361.44,3354.69,3360.43,0,twelvedata,2025-08-26 17:50:06
1141,GOLD,2025-08-23 04:00:00,3360.44,3363.35,3360.09,3361.12,0,twelvedata,2025-08-26 17:50:06
1142,GOLD,2025-08-23 05:00:00,3361.13,3362.49,3360.29,3361.37,0,twelvedata,2025-08-26 17:50:06
1143,GOLD,2025-08-23 06:00:00,3361.36,3363.42,3361.13,3363.42,0,twelvedata,2025-08-26 17:50:06
1144,GOLD,2025-08-23 07:00:00,3363.43,3365.5,3359.53,3364.66,0,twelvedata,2025-08-26 17:50:06
1145,GOLD,2025-08-23 08:00:00,3364.64,3364.64,3360.0,3363.44,0,twelvedata,2025-08-26 17:50:06
1146,GOLD,2025-08-23 09:00:00,3363.6,3365.06,3363.33,3364.74,0,twelvedata,2025-08-26 17:50:06
1147,GOLD,2025-08-23 10:00:00,3364.74,3366.18,3360.0,3360.67,0,twelvedata,2025-08-26 17:50:06
1148,GOLD,2025-08-23 11:00:00,3360.67,3360.73,3358.58,3358.79,0,twelvedata,2025-08-26 17:50:06
1149,GOLD,2025-08-23 12:00:00,3358.79,3360.09,3358.59,3358.87,0,twelvedata,2025-08-26 17:50:06
1150,GOLD,2025-08-23 13:00:00,3358.86,3360.56,3358.86,3360.17,0,twelvedata,2025-08-26 17:50:06
1151,GOLD,2025-08-23 14:00:00,3360.11,3360.11,3345.51,3356.08,0,twelvedata,2025-08-26 17:50:06
1152,GOLD,2025-08-23 15:00:00,3356.09,3357.6,3354.35,3357.6,0,twelvedata,2025-08-26 17:50:06
1153,GOLD,2025-08-23 16:00:00,3357.6,3358.88,3357.37,3357.78,0,twelvedata,2025-08-26 17:50:06
1154,GOLD,2025-08-23 17:00:00,3357.77,3358.31,3356.92,3358.31,0,twelvedata,2025-08-26 17:50:06
1155,GOLD,2025-08-23 18:00:00,3358.3,3359.76,3357.87,3359.75,0,twelvedata,2025-08-26 17:50:06
1156,GOLD,2025-08-23 19:00:00,3359.76,3360.69,3359.75,3360.42,0,twelvedata,2025-08-26 17:50:06
1157,GOLD,2025-08-23 20:00:00,3360.43,3360.69,3360.42,3360.69,0,twelvedata,2025-08-26 17:50:06
1158,GOLD,2025-08-23 21:00:00,3360.69,3360.69,3360.49,3360.67,0,twelvedata,2025-08-26 17:50:06
1159,GOLD,2025-08-23 22:00:00,3360.68,3360.68,3357.02,3358.83,0,twelvedata,2025-08-26 17:50:06
1160,GOLD,2025-08-23 23:00:00,3358.82,3360.69,3358.74,3359.72,0,twelvedata,2025-08-26 17:50:06
1161,GOLD,2025-08-25 07:00:00,3358.02,3358.02,3355.32,3356.81,0,twelvedata,2025-08-26 17:50:06
1162,GOLD,2025-08-25 08:00:00,3356.8,3373.54,3356.04,3357.49,0,twelvedata,2025-08-26 17:50:06
1163,GOLD,2025-08-25 09:00:00,3357.54,3361.5,3357.06,3360.81,0,twelvedata,2025-08-26 17:50:06
1164,GOLD,2025-08-25 10:00:00,3360.81,3360.81,3354.83,3355.54,0,twelvedata,2025-08-26 17:50:06
1165,GOLD,2025-08-25 11:00:00,3355.76,3358.21,3353.14,3353.23,0,twelvedata,2025-08-26 17:50:06
1166,GOLD,2025-08-25 12:00:00,3353.29,3356.78,3352.54,3356.56,0,twelvedata,2025-08-26 17:50:06
1167,GOLD,2025-08-25 13:00:00,3356.56,3367.070068,3356.56,3358.87,0,twelvedata,2025-08-26 17:50:06
1168,GOLD,2025-08-25 14:00:00,3358.88,3358.88,3356.77,3357.4,0,twelvedata,2025-08-26 17:50:06
1169,GOLD,2025-08-25 15:00:00,3357.39,3357.4,3356.02,3356.23,0,twelvedata,2025-08-26 17:50:06
1170,GOLD,2025-08-25 16:00:00,3356.23,3358.85,3356.1,3357.95,0,twelvedata,2025-08-26 17:50:06
1171,GOLD,2025-08-25 17:00:00,3357.94,3358.56,3355.16,3356.0,0,twelvedata,2025-08-26 17:50:06
1172,GOLD,2025-08-25 18:00:00,3356.0,3356.17,3351.99,3353.31,0,twelvedata,2025-08-26 17:50:06
1173,GOLD,2025-08-25 19:00:00,3353.28,3356.09,3353.27,3356.08,0,twelvedata,2025-08-26 17:50:06
1174,GOLD,2025-08-25 20:00:00,3356.09,3359.14,3355.16,3356.68,0,twelvedata,2025-08-26 17:50:06
1175,GOLD,2025-08-25 21:00:00,3356.69,3361.5,3356.67,3361.24,0,twelvedata,2025-08-26 17:50:06
1176,GOLD,2025-08-25 22:00:00,3361.24,3362.71,3358.75,3358.76,0,twelvedata,2025-08-26 17:50:06
1177,GOLD,2025-08-25 23:00:00,3358.75,3360.3,3355.48,3359.95,0,twelvedata,2025-08-26 17:50:06
1178,GOLD,2025-08-26 00:00:00,3359.95,3361.89,3359.86,3361.88,0,twelvedata,2025-08-26 17:50:06
1179,USD/JPY,2025-06-27 00:00:00,144.23,144.472,144.15199,144.407,0,twelvedata,2025-08-26 17:50:29
1180,USD/JPY,2025-06-27 01:00:00,144.411,144.537,144.312,144.338,0,twelvedata,2025-08-26 17:50:29
1181,USD/JPY,2025-06-27 02:00:00,144.339,144.41901,144.052002,144.246,0,twelvedata,2025-08-26 17:50:29
1182,USD/JPY,2025-06-27 03:00:00,144.245,144.274,144.12801,144.186,0,twelvedata,2025-08-26 17:50:29
1183,USD/JPY,2025-06-27 04:00:00,144.188,144.26401,144.14799,144.19901,0,twelvedata,2025-08-26 17:50:29
1184,USD/JPY,2025-06-27 05:00:00,144.201,144.40401,144.19299,144.369,0,twelvedata,2025-08-26 17:50:29
1185,USD/JPY,2025-06-27 06:00:00,144.371,144.472,144.326,144.35201,0,twelvedata,2025-08-26 17:50:29
1186,USD/JPY,2025-06-27 07:00:00,144.368,144.408,144.259,144.35699,0,twelvedata,2025-08-26 17:50:29
1187,USD/JPY,2025-06-27 08:00:00,144.34399,144.66,144.32001,144.59801,0,twelvedata,2025-08-26 17:50:29
1188,USD/JPY,2025-06-27 09:00:00,144.57001,144.743,144.388,144.679,0,twelvedata,2025-08-26 17:50:29
1189,USD/JPY,2025-06-27 10:00:00,144.67599,144.808,144.51801,144.64999,0,twelvedata,2025-08-26 17:50:29
1190,USD/JPY,2025-06-27 11:00:00,144.64799,144.741,144.272,144.28,0,twelvedata,2025-08-26 17:50:29
1191,USD/JPY,2025-06-27 12:00:00,144.28101,144.39301,144.19099,144.32401,0,twelvedata,2025-08-26 17:50:29
1192,USD/JPY,2025-06-27 13:00:00,144.325,144.502,144.248,144.457,0,twelvedata,2025-08-26 17:50:29
1193,USD/JPY,2025-06-27 14:00:00,144.45399,144.58701,144.407,144.54201,0,twelvedata,2025-08-26 17:50:29
1194,USD/JPY,2025-06-27 15:00:00,144.54601,144.591,144.356,144.423,0,twelvedata,2025-08-26 17:50:29
1195,USD/JPY,2025-06-27 16:00:00,144.425,144.50301,144.2,144.24001,0,twelvedata,2025-08-26 17:50:29
1196,USD/JPY,2025-06-27 17:00:00,144.239,144.55299,144.172,144.48199,0,twelvedata,2025-08-26 17:50:29
1197,USD/JPY,2025-06-27 18:00:00,144.479,144.515,144.254,144.418,0,twelvedata,2025-08-26 17:50:29
1198,USD/JPY,2025-06-27 19:00:00,144.422,144.491,144.342,144.48599,0,twelvedata,2025-08-26 17:50:29
1199,USD/JPY,2025-06-27 20:00:00,144.48199,144.681,144.459,144.535,0,twelvedata,2025-08-26 17:50:29
1200,USD/JPY,2025-06-27 21:00:00,144.53101,144.629,144.48399,144.492,0,twelvedata,2025-08-26 17:50:29
1201,USD/JPY,2025-06-27 22:00:00,144.48801,144.62399,144.36,144.44299,0,twelvedata,2025-08-26 17:50:29
1202,USD/JPY,2025-06-27 23:00:00,144.44099,144.80499,144.375,144.72099,0,twelvedata,2025-08-26 17:50:29
1203,USD/JPY,2025-06-28 00:00:00,144.71899,144.94501,144.564,144.88,0,twelvedata,2025-08-26 17:50:29
1204,USD/JPY,2025-06-28 01:00:00,144.87801,144.91,144.606,144.73599,0,twelvedata,2025-08-26 17:50:29
1205,USD/JPY,2025-06-28 02:00:00,144.735,144.754,144.536,144.645,0,twelvedata,2025-08-26 17:50:29
1206,USD/JPY,2025-06-28 03:00:00,144.645,144.90401,144.578,144.737,0,twelvedata,2025-08-26 17:50:29
1207,USD/JPY,2025-06-28 04:00:00,144.73801,144.85001,144.631,144.69901,0,twelvedata,2025-08-26 17:50:29
1208,USD/JPY,2025-06-28 05:00:00,144.69701,144.79401,144.65199,144.75,0,twelvedata,2025-08-26 17:50:29
1209,USD/JPY,2025-06-28 06:00:00,144.75101,144.761,144.604,144.614,0,twelvedata,2025-08-26 17:50:29
1210,USD/JPY,2025-06-28 07:00:00,144.61501,144.61501,144.61501,144.61501,0,twelvedata,2025-08-26 17:50:29
1211,USD/JPY,2025-06-30 09:00:00,144.474,144.53999,144.37801,144.498,0,twelvedata,2025-08-26 17:50:29
1212,USD/JPY,2025-06-30 10:00:00,144.49899,144.76199,144.46899,144.616,0,twelvedata,2025-08-26 17:50:29
1213,USD/JPY,2025-06-30 11:00:00,144.616,144.65199,144.241,144.328,0,twelvedata,2025-08-26 17:50:29
1214,USD/JPY,2025-06-30 12:00:00,144.326,144.33099,144.085999,144.283,0,twelvedata,2025-08-26 17:50:29
1215,USD/JPY,2025-06-30 13:00:00,144.28799,144.312,144.155,144.216,0,twelvedata,2025-08-26 17:50:29
1216,USD/JPY,2025-06-30 14:00:00,144.218,144.23399,143.907,143.944,0,twelvedata,2025-08-26 17:50:29
1217,USD/JPY,2025-06-30 15:00:00,143.944,143.948,143.78999,143.908,0,twelvedata,2025-08-26 17:50:29
1218,USD/JPY,2025-06-30 16:00:00,143.90601,144.018005,143.84801,143.882,0,twelvedata,2025-08-26 17:50:29
1219,USD/JPY,2025-06-30 17:00:00,143.881,144.16901,143.778,144.12601,0,twelvedata,2025-08-26 17:50:29
1220,USD/JPY,2025-06-30 18:00:00,144.12199,144.215,144.011993,144.11,0,twelvedata,2025-08-26 17:50:29
1221,USD/JPY,2025-06-30 19:00:00,144.11301,144.267,144.050003,144.265,0,twelvedata,2025-08-26 17:50:29
1222,USD/JPY,2025-06-30 20:00:00,144.26401,144.289,144.172,144.179,0,twelvedata,2025-08-26 17:50:29
1223,USD/JPY,2025-06-30 21:00:00,144.18201,144.342,144.149,144.32899,0,twelvedata,2025-08-26 17:50:29
1224,USD/JPY,2025-06-30 22:00:00,144.327,144.494,144.282,144.459,0,twelvedata,2025-08-26 17:50:29
1225,USD/JPY,2025-06-30 23:00:00,144.45599,144.511,144.314,144.364,0,twelvedata,2025-08-26 17:50:29
1226,USD/JPY,2025-07-01 00:00:00,144.36301,144.50101,144.20799,144.44501,0,twelvedata,2025-08-26 17:50:29
1227,USD/JPY,2025-07-01 01:00:00,144.44701,144.49699,144.15199,144.16299,0,twelvedata,2025-08-26 17:50:29
1228,USD/JPY,2025-07-01 02:00:00,144.16299,144.388,144.136,144.224,0,twelvedata,2025-08-26 17:50:29
1229,USD/JPY,2025-07-01 03:00:00,144.224,144.32401,144.147,144.252,0,twelvedata,2025-08-26 17:50:29
1230,USD/JPY,2025-07-01 04:00:00,144.252,144.29601,144.123,144.2,0,twelvedata,2025-08-26 17:50:29
1231,USD/JPY,2025-07-01 05:00:00,144.203,144.245,143.98801,144.035004,0,twelvedata,2025-08-26 17:50:29
1232,USD/JPY,2025-07-01 06:00:00,144.037994,144.054001,143.94701,144.029007,0,twelvedata,2025-08-26 17:50:29
1233,USD/JPY,2025-07-01 07:00:00,143.998,144.050995,143.96899,144.0099945,0,twelvedata,2025-08-26 17:50:29
1234,USD/JPY,2025-07-01 08:00:00,143.998,144.029007,143.851,143.91499,0,twelvedata,2025-08-26 17:50:29
1235,USD/JPY,2025-07-01 09:00:00,143.916,143.92999,143.77,143.802,0,twelvedata,2025-08-26 17:50:29
1236,USD/JPY,2025-07-01 10:00:00,143.804,143.81,143.55,143.564,0,twelvedata,2025-08-26 17:50:29
1237,USD/JPY,2025-07-01 11:00:00,143.565,143.80701,143.43201,143.79201,0,twelvedata,2025-08-26 17:50:29
1238,USD/JPY,2025-07-01 12:00:00,143.797,143.834,143.63699,143.72301,0,twelvedata,2025-08-26 17:50:29
1239,USD/JPY,2025-07-01 13:00:00,143.72701,143.89101,143.627,143.879,0,twelvedata,2025-08-26 17:50:29
1240,USD/JPY,2025-07-01 14:00:00,143.877,143.93401,143.746,143.75101,0,twelvedata,2025-08-26 17:50:29
1241,USD/JPY,2025-07-01 15:00:00,143.746,143.75,143.567,143.582,0,twelvedata,2025-08-26 17:50:29
1242,USD/JPY,2025-07-01 16:00:00,143.576,143.76199,143.54401,143.67101,0,twelvedata,2025-08-26 17:50:29
1243,USD/JPY,2025-07-01 17:00:00,143.66901,143.739,143.063004,143.069,0,twelvedata,2025-08-26 17:50:29
1244,USD/JPY,2025-07-01 18:00:00,143.065002,143.136,142.886,143.035995,0,twelvedata,2025-08-26 17:50:29
1245,USD/JPY,2025-07-01 19:00:00,143.039001,143.16701,142.82001,142.94299,0,twelvedata,2025-08-26 17:50:29
1246,USD/JPY,2025-07-01 20:00:00,142.942,142.994,142.81799,142.983,0,twelvedata,2025-08-26 17:50:29
1247,USD/JPY,2025-07-01 21:00:00,142.985,142.99001,142.69901,142.73599,0,twelvedata,2025-08-26 17:50:29
1248,USD/JPY,2025-07-01 22:00:00,142.73199,143.093994,142.67599,143.065994,0,twelvedata,2025-08-26 17:50:29
1249,USD/JPY,2025-07-01 23:00:00,143.061996,143.287,142.93201,143.065002,0,twelvedata,2025-08-26 17:50:29
1250,USD/JPY,2025-07-02 00:00:00,143.057007,143.48,143.033005,143.439,0,twelvedata,2025-08-26 17:50:29
1251,USD/JPY,2025-07-02 01:00:00,143.435,143.668,143.435,143.576,0,twelvedata,2025-08-26 17:50:29
1252,USD/JPY,2025-07-02 02:00:00,143.57899,143.78,143.573,143.69299,0,twelvedata,2025-08-26 17:50:29
1253,USD/JPY,2025-07-02 03:00:00,143.69099,143.752,143.60001,143.62199,0,twelvedata,2025-08-26 17:50:29
1254,USD/JPY,2025-07-02 04:00:00,143.625,143.79201,143.619,143.72,0,twelvedata,2025-08-26 17:50:29
1255,USD/JPY,2025-07-02 05:00:00,143.722,143.802,143.578,143.771,0,twelvedata,2025-08-26 17:50:29
1256,USD/JPY,2025-07-02 06:00:00,143.771,143.771,143.37199,143.38699,0,twelvedata,2025-08-26 17:50:29
1257,USD/JPY,2025-07-02 07:00:00,143.429,143.47301,143.356,143.38,0,twelvedata,2025-08-26 17:50:29
1258,USD/JPY,2025-07-02 08:00:00,143.381,143.442,143.33299,143.405,0,twelvedata,2025-08-26 17:50:29
1259,USD/JPY,2025-07-02 09:00:00,143.40401,143.47301,143.336,143.371,0,twelvedata,2025-08-26 17:50:29
1260,USD/JPY,2025-07-02 10:00:00,143.367,143.659,143.317,143.47301,0,twelvedata,2025-08-26 17:50:29
1261,USD/JPY,2025-07-02 11:00:00,143.474,143.686,143.438,143.65401,0,twelvedata,2025-08-26 17:50:29
1262,USD/JPY,2025-07-02 12:00:00,143.64999,143.746,143.506,143.549,0,twelvedata,2025-08-26 17:50:29
1263,USD/JPY,2025-07-02 13:00:00,143.54201,143.589,143.47501,143.528,0,twelvedata,2025-08-26 17:50:29
1264,USD/JPY,2025-07-02 14:00:00,143.52901,143.60899,143.45599,143.55299,0,twelvedata,2025-08-26 17:50:29
1265,USD/JPY,2025-07-02 15:00:00,143.55099,143.854,143.536,143.757,0,twelvedata,2025-08-26 17:50:29
1266,USD/JPY,2025-07-02 16:00:00,143.752,143.886,143.67,143.80701,0,twelvedata,2025-08-26 17:50:29
1267,USD/JPY,2025-07-02 17:00:00,143.806,144.050003,143.8,143.899,0,twelvedata,2025-08-26 17:50:29
1268,USD/JPY,2025-07-02 18:00:00,143.89799,143.97301,143.774,143.964,0,twelvedata,2025-08-26 17:50:29
1269,USD/JPY,2025-07-02 19:00:00,143.965,144.244,143.925,144.147,0,twelvedata,2025-08-26 17:50:29
1270,USD/JPY,2025-07-02 20:00:00,144.146,144.157,143.86,143.92101,0,twelvedata,2025-08-26 17:50:29
1271,USD/JPY,2025-07-02 21:00:00,143.918,144.198,143.888,144.17799,0,twelvedata,2025-08-26 17:50:29
1272,USD/JPY,2025-07-02 22:00:00,144.177,144.213,143.48199,143.871,0,twelvedata,2025-08-26 17:50:29
1273,USD/JPY,2025-07-02 23:00:00,143.87199,144.131,143.63,144.0079956,0,twelvedata,2025-08-26 17:50:29
1274,USD/JPY,2025-07-03 00:00:00,143.99699,144.153,143.89999,144.026001,0,twelvedata,2025-08-26 17:50:29
1275,USD/JPY,2025-07-03 01:00:00,144.024002,144.039993,143.731,143.757,0,twelvedata,2025-08-26 17:50:29
1276,USD/JPY,2025-07-03 02:00:00,143.757,143.808,143.65199,143.733,0,twelvedata,2025-08-26 17:50:29
1277,USD/JPY,2025-07-03 03:00:00,143.73599,143.745,143.614,143.69299,0,twelvedata,2025-08-26 17:50:29
1278,USD/JPY,2025-07-03 04:00:00,143.694,143.73199,143.576,143.618,0,twelvedata,2025-08-26 17:50:29
1279,USD/JPY,2025-07-03 05:00:00,143.619,143.668,143.567,143.61501,0,twelvedata,2025-08-26 17:50:29
1280,USD/JPY,2025-07-03 06:00:00,143.616,143.69099,143.605,143.61,0,twelvedata,2025-08-26 17:50:29
1281,USD/JPY,2025-07-03 07:00:00,143.659,143.75,143.58701,143.619,0,twelvedata,2025-08-26 17:50:29
1282,USD/JPY,2025-07-03 08:00:00,143.606,143.658,143.549,143.605,0,twelvedata,2025-08-26 17:50:29
1283,USD/JPY,2025-07-03 09:00:00,143.61,143.616,143.478,143.52,0,twelvedata,2025-08-26 17:50:29
1284,USD/JPY,2025-07-03 10:00:00,143.519,143.612,143.442,143.582,0,twelvedata,2025-08-26 17:50:29
1285,USD/JPY,2025-07-03 11:00:00,143.58701,143.69,143.483,143.549,0,twelvedata,2025-08-26 17:50:29
1286,USD/JPY,2025-07-03 12:00:00,143.55099,143.763,143.543,143.679,0,twelvedata,2025-08-26 17:50:29
1287,USD/JPY,2025-07-03 13:00:00,143.681,143.88,143.666,143.85001,0,twelvedata,2025-08-26 17:50:29
1288,USD/JPY,2025-07-03 14:00:00,143.849,143.853,143.758,143.83501,0,twelvedata,2025-08-26 17:50:29
1289,USD/JPY,2025-07-03 15:00:00,143.838,143.927,143.76199,143.856,0,twelvedata,2025-08-26 17:50:29
1290,USD/JPY,2025-07-03 16:00:00,143.85699,143.931,143.75301,143.771,0,twelvedata,2025-08-26 17:50:29
1291,USD/JPY,2025-07-03 17:00:00,143.769,143.91701,143.668,143.86,0,twelvedata,2025-08-26 17:50:29
1292,USD/JPY,2025-07-03 18:00:00,143.855,143.894,143.76801,143.871,0,twelvedata,2025-08-26 17:50:29
1293,USD/JPY,2025-07-03 19:00:00,143.87601,143.894,143.82201,143.85001,0,twelvedata,2025-08-26 17:50:29
1294,USD/JPY,2025-07-03 20:00:00,143.85201,143.86099,143.73,143.842,0,twelvedata,2025-08-26 17:50:29
1295,USD/JPY,2025-07-03 21:00:00,143.847,143.896,143.812,143.86501,0,twelvedata,2025-08-26 17:50:29
1296,USD/JPY,2025-07-03 22:00:00,143.86501,145.23399,143.72501,145.0099945,0,twelvedata,2025-08-26 17:50:29
1297,USD/JPY,2025-07-03 23:00:00,145.0079956,145.072006,144.603,144.741,0,twelvedata,2025-08-26 17:50:29
1298,USD/JPY,2025-07-04 00:00:00,144.73801,145.133,144.634,145.089996,0,twelvedata,2025-08-26 17:50:29
1299,USD/JPY,2025-07-04 01:00:00,145.095001,145.16499,144.814,144.965,0,twelvedata,2025-08-26 17:50:29
1300,USD/JPY,2025-07-04 02:00:00,144.967,145.21201,144.944,145.048004,0,twelvedata,2025-08-26 17:50:29
1301,USD/JPY,2025-07-04 03:00:00,145.052994,145.091995,144.992,145.070007,0,twelvedata,2025-08-26 17:50:29
1302,USD/JPY,2025-07-04 04:00:00,145.070999,145.116,145.0079956,145.105,0,twelvedata,2025-08-26 17:50:29
1303,USD/JPY,2025-07-04 05:00:00,145.10001,145.116,144.98,145.037003,0,twelvedata,2025-08-26 17:50:29
1304,USD/JPY,2025-07-04 06:00:00,145.039993,145.085007,144.903,144.905,0,twelvedata,2025-08-26 17:50:29
1305,USD/JPY,2025-07-04 07:00:00,144.91499,144.97099,144.884,144.916,0,twelvedata,2025-08-26 17:50:29
1306,USD/JPY,2025-07-04 08:00:00,144.938,144.967,144.871,144.884,0,twelvedata,2025-08-26 17:50:29
1307,USD/JPY,2025-07-04 09:00:00,144.868,144.92599,144.67999,144.707,0,twelvedata,2025-08-26 17:50:29
1308,USD/JPY,2025-07-04 10:00:00,144.70399,144.783,144.569,144.599,0,twelvedata,2025-08-26 17:50:29
1309,USD/JPY,2025-07-04 11:00:00,144.59801,144.783,144.57899,144.757,0,twelvedata,2025-08-26 17:50:29
1310,USD/JPY,2025-07-04 12:00:00,144.756,144.791,144.59399,144.64799,0,twelvedata,2025-08-26 17:50:29
1311,USD/JPY,2025-07-04 13:00:00,144.645,144.668,144.457,144.51801,0,twelvedata,2025-08-26 17:50:29
1312,USD/JPY,2025-07-04 14:00:00,144.519,144.526,144.32401,144.373,0,twelvedata,2025-08-26 17:50:29
1313,USD/JPY,2025-07-04 15:00:00,144.375,144.399,144.30099,144.336,0,twelvedata,2025-08-26 17:50:29
1314,USD/JPY,2025-07-04 16:00:00,144.33501,144.429,144.17999,144.246,0,twelvedata,2025-08-26 17:50:29
1315,USD/JPY,2025-07-04 17:00:00,144.245,144.42799,144.23199,144.408,0,twelvedata,2025-08-26 17:50:29
1316,USD/JPY,2025-07-04 18:00:00,144.405,144.416,144.28,144.341,0,twelvedata,2025-08-26 17:50:29
1317,USD/JPY,2025-07-04 19:00:00,144.338,144.373,144.271,144.31,0,twelvedata,2025-08-26 17:50:29
1318,USD/JPY,2025-07-04 20:00:00,144.312,144.384,144.278,144.34,0,twelvedata,2025-08-26 17:50:29
1319,USD/JPY,2025-07-04 21:00:00,144.343,144.401,144.298,144.39101,0,twelvedata,2025-08-26 17:50:29
1320,USD/JPY,2025-07-04 22:00:00,144.394,144.446,144.35201,144.423,0,twelvedata,2025-08-26 17:50:29
1321,USD/JPY,2025-07-04 23:00:00,144.42,144.509,144.383,144.45599,0,twelvedata,2025-08-26 17:50:29
1322,USD/JPY,2025-07-05 00:00:00,144.45799,144.56799,144.40401,144.51801,0,twelvedata,2025-08-26 17:50:29
1323,USD/JPY,2025-07-05 01:00:00,144.522,144.554,144.5,144.52901,0,twelvedata,2025-08-26 17:50:29
1324,USD/JPY,2025-07-05 02:00:00,144.53101,144.548,144.472,144.498,0,twelvedata,2025-08-26 17:50:29
1325,USD/JPY,2025-07-05 03:00:00,144.495,144.52499,144.46201,144.468,0,twelvedata,2025-08-26 17:50:29
1326,USD/JPY,2025-07-05 04:00:00,144.472,144.515,144.463,144.47,0,twelvedata,2025-08-26 17:50:29
1327,USD/JPY,2025-07-05 05:00:00,144.474,144.582,144.435,144.56599,0,twelvedata,2025-08-26 17:50:29
1328,USD/JPY,2025-07-05 06:00:00,144.563,144.582,144.42599,144.44299,0,twelvedata,2025-08-26 17:50:29
1329,USD/JPY,2025-07-07 09:00:00,144.483,144.58299,144.457,144.487,0,twelvedata,2025-08-26 17:50:29
1330,USD/JPY,2025-07-07 10:00:00,144.487,144.506,144.29201,144.35201,0,twelvedata,2025-08-26 17:50:29
1331,USD/JPY,2025-07-07 11:00:00,144.35001,144.57899,144.22,144.532,0,twelvedata,2025-08-26 17:50:29
1332,USD/JPY,2025-07-07 12:00:00,144.535,144.839,144.492,144.81599,0,twelvedata,2025-08-26 17:50:29
1333,USD/JPY,2025-07-07 13:00:00,144.81,144.85001,144.70399,144.832,0,twelvedata,2025-08-26 17:50:29
1334,USD/JPY,2025-07-07 14:00:00,144.82899,145.0010071,144.77499,144.98399,0,twelvedata,2025-08-26 17:50:29
1335,USD/JPY,2025-07-07 15:00:00,144.979,145.078003,144.933,144.983,0,twelvedata,2025-08-26 17:50:29
1336,USD/JPY,2025-07-07 16:00:00,144.981,145.158,144.94501,145.018997,0,twelvedata,2025-08-26 17:50:29
1337,USD/JPY,2025-07-07 17:00:00,145.018005,145.202,144.97501,145.192,0,twelvedata,2025-08-26 17:50:29
1338,USD/JPY,2025-07-07 18:00:00,145.198,145.345,145.108,145.332,0,twelvedata,2025-08-26 17:50:29
1339,USD/JPY,2025-07-07 19:00:00,145.33299,145.48801,145.27,145.42999,0,twelvedata,2025-08-26 17:50:29
1340,USD/JPY,2025-07-07 20:00:00,145.435,145.533,145.39101,145.429,0,twelvedata,2025-08-26 17:50:29
1341,USD/JPY,2025-07-07 21:00:00,145.43401,145.513,145.369,145.492,0,twelvedata,2025-08-26 17:50:29
1342,USD/JPY,2025-07-07 22:00:00,145.493,145.646,145.476,145.59,0,twelvedata,2025-08-26 17:50:29
1343,USD/JPY,2025-07-07 23:00:00,145.586,145.783,145.56799,145.73399,0,twelvedata,2025-08-26 17:50:29
1344,USD/JPY,2025-07-08 00:00:00,145.735,145.815,145.66299,145.79401,0,twelvedata,2025-08-26 17:50:29
1345,USD/JPY,2025-07-08 01:00:00,145.79601,145.89301,145.776,145.86501,0,twelvedata,2025-08-26 17:50:29
1346,USD/JPY,2025-07-08 02:00:00,145.86501,146.146,145.73399,146.118,0,twelvedata,2025-08-26 17:50:29
1347,USD/JPY,2025-07-08 03:00:00,146.11501,146.235,146.011002,146.061005,0,twelvedata,2025-08-26 17:50:29
1348,USD/JPY,2025-07-08 04:00:00,146.059006,146.241,146.050003,146.172,0,twelvedata,2025-08-26 17:50:29
1349,USD/JPY,2025-07-08 05:00:00,146.16901,146.187,145.99699,146.050003,0,twelvedata,2025-08-26 17:50:29
1350,USD/JPY,2025-07-08 06:00:00,146.052994,146.159,146.0079956,146.0079956,0,twelvedata,2025-08-26 17:50:29
1351,USD/JPY,2025-07-08 07:00:00,146.011993,146.070007,145.992,145.99899,0,twelvedata,2025-08-26 17:50:29
1352,USD/JPY,2025-07-08 08:00:00,145.993,146.033005,145.834,145.841,0,twelvedata,2025-08-26 17:50:29
1353,USD/JPY,2025-07-08 09:00:00,145.86,146.069,145.85201,145.88,0,twelvedata,2025-08-26 17:50:29
1354,USD/JPY,2025-07-08 10:00:00,145.879,146.21201,145.828,146.16,0,twelvedata,2025-08-26 17:50:29
1355,USD/JPY,2025-07-08 11:00:00,146.15401,146.44299,146.039001,146.246,0,twelvedata,2025-08-26 17:50:29
1356,USD/JPY,2025-07-08 12:00:00,146.243,146.285,146.037994,146.091995,0,twelvedata,2025-08-26 17:50:29
1357,USD/JPY,2025-07-08 13:00:00,146.091003,146.168,146.037003,146.072006,0,twelvedata,2025-08-26 17:50:29
1358,USD/JPY,2025-07-08 14:00:00,146.070999,146.104,145.877,145.992,0,twelvedata,2025-08-26 17:50:29
1359,USD/JPY,2025-07-08 15:00:00,145.993,146.108,145.94299,146.093002,0,twelvedata,2025-08-26 17:50:29
1360,USD/JPY,2025-07-08 16:00:00,146.093002,146.24899,146.059006,146.245,0,twelvedata,2025-08-26 17:50:29
1361,USD/JPY,2025-07-08 17:00:00,146.245,146.28,145.992,146.037994,0,twelvedata,2025-08-26 17:50:29
1362,USD/JPY,2025-07-08 18:00:00,146.033005,146.242,146.029999,146.188,0,twelvedata,2025-08-26 17:50:29
1363,USD/JPY,2025-07-08 19:00:00,146.19099,146.267,146.052994,146.231,0,twelvedata,2025-08-26 17:50:29
1364,USD/JPY,2025-07-08 20:00:00,146.22501,146.409,146.21899,146.40199,0,twelvedata,2025-08-26 17:50:29
1365,USD/JPY,2025-07-08 21:00:00,146.40199,146.651,146.35001,146.58701,0,twelvedata,2025-08-26 17:50:29
1366,USD/JPY,2025-07-08 22:00:00,146.58701,146.689,146.452,146.649,0,twelvedata,2025-08-26 17:50:29
1367,USD/JPY,2025-07-08 23:00:00,146.64799,146.899,146.62601,146.772,0,twelvedata,2025-08-26 17:50:29
1368,USD/JPY,2025-07-09 00:00:00,146.77,146.96001,146.748,146.918,0,twelvedata,2025-08-26 17:50:29
1369,USD/JPY,2025-07-09 01:00:00,146.91299,146.976,146.76199,146.814,0,twelvedata,2025-08-26 17:50:29
1370,USD/JPY,2025-07-09 02:00:00,146.813,146.864,146.702,146.744,0,twelvedata,2025-08-26 17:50:29
1371,USD/JPY,2025-07-09 03:00:00,146.744,146.80701,146.65199,146.716,0,twelvedata,2025-08-26 17:50:29
1372,USD/JPY,2025-07-09 04:00:00,146.711,146.763,146.649,146.662,0,twelvedata,2025-08-26 17:50:29
1373,USD/JPY,2025-07-09 05:00:00,146.658,146.694,146.61099,146.62199,0,twelvedata,2025-08-26 17:50:29
1374,USD/JPY,2025-07-09 06:00:00,146.62199,146.642,146.508,146.595,0,twelvedata,2025-08-26 17:50:29
1375,USD/JPY,2025-07-09 07:00:00,146.59599,146.619,146.49699,146.519,0,twelvedata,2025-08-26 17:50:29
1376,USD/JPY,2025-07-09 08:00:00,146.521,146.614,146.521,146.58099,0,twelvedata,2025-08-26 17:50:29
1377,USD/JPY,2025-07-09 09:00:00,146.58501,146.87601,146.57899,146.869,0,twelvedata,2025-08-26 17:50:29
1378,USD/JPY,2025-07-09 10:00:00,146.868,146.91,146.73,146.789,0,twelvedata,2025-08-26 17:50:29
1379,USD/JPY,2025-07-09 11:00:00,146.791,147.029999,146.748,146.86301,0,twelvedata,2025-08-26 17:50:29
1380,USD/JPY,2025-07-09 12:00:00,146.864,147.093002,146.78799,147.056,0,twelvedata,2025-08-26 17:50:29
1381,USD/JPY,2025-07-09 13:00:00,147.057999,147.18201,147.052994,147.098999,0,twelvedata,2025-08-26 17:50:29
1382,USD/JPY,2025-07-09 14:00:00,147.103,147.147,147.022995,147.039001,0,twelvedata,2025-08-26 17:50:29
1383,USD/JPY,2025-07-09 15:00:00,147.035004,147.067993,146.896,146.98599,0,twelvedata,2025-08-26 17:50:29
1384,USD/JPY,2025-07-09 16:00:00,146.98199,147.033997,146.795,146.806,0,twelvedata,2025-08-26 17:50:29
1385,USD/JPY,2025-07-09 17:00:00,146.8,146.879,146.67799,146.841,0,twelvedata,2025-08-26 17:50:29
1386,USD/JPY,2025-07-09 18:00:00,146.841,146.87,146.59,146.677,0,twelvedata,2025-08-26 17:50:29
1387,USD/JPY,2025-07-09 19:00:00,146.677,146.694,146.536,146.627,0,twelvedata,2025-08-26 17:50:29
1388,USD/JPY,2025-07-09 20:00:00,146.625,146.689,146.536,146.65401,0,twelvedata,2025-08-26 17:50:29
1389,USD/JPY,2025-07-09 21:00:00,146.657,146.78,146.604,146.765,0,twelvedata,2025-08-26 17:50:29
1390,USD/JPY,2025-07-09 22:00:00,146.763,146.76601,146.463,146.481,0,twelvedata,2025-08-26 17:50:29
1391,USD/JPY,2025-07-09 23:00:00,146.485,146.54401,146.355,146.46001,0,twelvedata,2025-08-26 17:50:29
1392,USD/JPY,2025-07-10 00:00:00,146.46001,146.50301,146.267,146.46201,0,twelvedata,2025-08-26 17:50:29
1393,USD/JPY,2025-07-10 01:00:00,146.46201,146.56599,146.44501,146.532,0,twelvedata,2025-08-26 17:50:29
1394,USD/JPY,2025-07-10 02:00:00,146.53101,146.53101,146.328,146.409,0,twelvedata,2025-08-26 17:50:29
1395,USD/JPY,2025-07-10 03:00:00,146.41299,146.43401,146.276,146.332,0,twelvedata,2025-08-26 17:50:29
1396,USD/JPY,2025-07-10 04:00:00,146.33099,146.39101,146.246,146.328,0,twelvedata,2025-08-26 17:50:29
1397,USD/JPY,2025-07-10 05:00:00,146.33099,146.371,146.24899,146.314,0,twelvedata,2025-08-26 17:50:29
1398,USD/JPY,2025-07-10 06:00:00,146.31599,146.48599,146.291,146.295,0,twelvedata,2025-08-26 17:50:29
1399,USD/JPY,2025-07-10 07:00:00,146.323,146.39101,146.233,146.29401,0,twelvedata,2025-08-26 17:50:29
1400,USD/JPY,2025-07-10 08:00:00,146.30099,146.321,146.20799,146.23,0,twelvedata,2025-08-26 17:50:29
1401,USD/JPY,2025-07-10 09:00:00,146.23801,146.30299,146.067993,146.105,0,twelvedata,2025-08-26 17:50:29
1402,USD/JPY,2025-07-10 10:00:00,146.105,146.118,145.75,145.814,0,twelvedata,2025-08-26 17:50:29
1403,USD/JPY,2025-07-10 11:00:00,145.812,145.95399,145.758,145.886,0,twelvedata,2025-08-26 17:50:29
1404,USD/JPY,2025-07-10 12:00:00,145.88901,146.095001,145.85001,146.082993,0,twelvedata,2025-08-26 17:50:29
1405,USD/JPY,2025-07-10 13:00:00,146.078003,146.258,146.065002,146.25101,0,twelvedata,2025-08-26 17:50:29
1406,USD/JPY,2025-07-10 14:00:00,146.25101,146.411,146.202,146.218,0,twelvedata,2025-08-26 17:50:29
1407,USD/JPY,2025-07-10 15:00:00,146.215,146.34399,146.168,146.255,0,twelvedata,2025-08-26 17:50:29
1408,USD/JPY,2025-07-10 16:00:00,146.255,146.36,146.12199,146.149,0,twelvedata,2025-08-26 17:50:29
1409,USD/JPY,2025-07-10 17:00:00,146.147,146.464,146.061996,146.278,0,twelvedata,2025-08-26 17:50:29
1410,USD/JPY,2025-07-10 18:00:00,146.28101,146.41,146.25999,146.355,0,twelvedata,2025-08-26 17:50:29
1411,USD/JPY,2025-07-10 19:00:00,146.353,146.37399,146.168,146.17999,0,twelvedata,2025-08-26 17:50:29
1412,USD/JPY,2025-07-10 20:00:00,146.174,146.25301,146.080002,146.118,0,twelvedata,2025-08-26 17:50:29
1413,USD/JPY,2025-07-10 21:00:00,146.121,146.39301,146.080994,146.25,0,twelvedata,2025-08-26 17:50:29
1414,USD/JPY,2025-07-10 22:00:00,146.25,146.54401,146.202,146.43401,0,twelvedata,2025-08-26 17:50:29
1415,USD/JPY,2025-07-10 23:00:00,146.438,146.61301,146.34399,146.57899,0,twelvedata,2025-08-26 17:50:29
1416,USD/JPY,2025-07-11 00:00:00,146.58,146.787,146.47501,146.509,0,twelvedata,2025-08-26 17:50:29
1417,USD/JPY,2025-07-11 01:00:00,146.50999,146.56599,146.37801,146.461,0,twelvedata,2025-08-26 17:50:29
1418,USD/JPY,2025-07-11 02:00:00,146.457,146.50999,146.386,146.46201,0,twelvedata,2025-08-26 17:50:29
1419,USD/JPY,2025-07-11 03:00:00,146.463,146.479,146.30701,146.325,0,twelvedata,2025-08-26 17:50:29
1420,USD/JPY,2025-07-11 04:00:00,146.325,146.33299,146.196,146.243,0,twelvedata,2025-08-26 17:50:29
1421,USD/JPY,2025-07-11 05:00:00,146.241,146.28799,146.164,146.23801,0,twelvedata,2025-08-26 17:50:29
1422,USD/JPY,2025-07-11 06:00:00,146.239,146.255,146.17599,146.239,0,twelvedata,2025-08-26 17:50:29
1423,USD/JPY,2025-07-11 07:00:00,146.24001,146.255,146.164,146.21899,0,twelvedata,2025-08-26 17:50:29
1424,USD/JPY,2025-07-11 08:00:00,146.22099,146.267,146.164,146.207,0,twelvedata,2025-08-26 17:50:29
1425,USD/JPY,2025-07-11 09:00:00,146.207,146.297,146.12601,146.271,0,twelvedata,2025-08-26 17:50:29
1426,USD/JPY,2025-07-11 10:00:00,146.27299,146.64101,146.239,146.55499,0,twelvedata,2025-08-26 17:50:29
1427,USD/JPY,2025-07-11 11:00:00,146.548,146.838,146.511,146.76199,0,twelvedata,2025-08-26 17:50:29
1428,USD/JPY,2025-07-11 12:00:00,146.76401,147.039993,146.73599,147.018005,0,twelvedata,2025-08-26 17:50:29
1429,USD/JPY,2025-07-11 13:00:00,147.014008,147.033005,146.854,146.94501,0,twelvedata,2025-08-26 17:50:29
1430,USD/JPY,2025-07-11 14:00:00,146.95,147.18401,146.912,147.076004,0,twelvedata,2025-08-26 17:50:29
1431,USD/JPY,2025-07-11 15:00:00,147.074005,147.11,146.82401,146.868,0,twelvedata,2025-08-26 17:50:29
1432,USD/JPY,2025-07-11 16:00:00,146.86501,146.942,146.73,146.92,0,twelvedata,2025-08-26 17:50:29
1433,USD/JPY,2025-07-11 17:00:00,146.922,146.922,146.716,146.851,0,twelvedata,2025-08-26 17:50:29
1434,USD/JPY,2025-07-11 18:00:00,146.853,147.0019989,146.748,146.98399,0,twelvedata,2025-08-26 17:50:29
1435,USD/JPY,2025-07-11 19:00:00,146.985,147.084,146.91299,147.0090027,0,twelvedata,2025-08-26 17:50:29
1436,USD/JPY,2025-07-11 20:00:00,147.0090027,147.022995,146.761,146.81599,0,twelvedata,2025-08-26 17:50:29
1437,USD/JPY,2025-07-11 21:00:00,146.813,147.033997,146.76401,147.024002,0,twelvedata,2025-08-26 17:50:29
1438,USD/JPY,2025-07-11 22:00:00,147.018005,147.093994,146.786,146.97099,0,twelvedata,2025-08-26 17:50:29
1439,USD/JPY,2025-07-11 23:00:00,146.972,147.284,146.90199,147.284,0,twelvedata,2025-08-26 17:50:29
1440,USD/JPY,2025-07-12 00:00:00,147.285,147.52299,147.26801,147.338,0,twelvedata,2025-08-26 17:50:29
1441,USD/JPY,2025-07-12 01:00:00,147.334,147.431,147.257,147.29201,0,twelvedata,2025-08-26 17:50:29
1442,USD/JPY,2025-07-12 02:00:00,147.291,147.40601,147.25,147.36301,0,twelvedata,2025-08-26 17:50:29
1443,USD/JPY,2025-07-12 03:00:00,147.36301,147.41901,147.313,147.39,0,twelvedata,2025-08-26 17:50:29
1444,USD/JPY,2025-07-12 04:00:00,147.38699,147.44901,147.341,147.444,0,twelvedata,2025-08-26 17:50:29
1445,USD/JPY,2025-07-12 05:00:00,147.446,147.479,147.368,147.37399,0,twelvedata,2025-08-26 17:50:29
1446,USD/JPY,2025-07-12 06:00:00,147.375,147.47,147.339,147.382,0,twelvedata,2025-08-26 17:50:29
1447,USD/JPY,2025-07-14 09:00:00,147.49699,147.56799,147.23,147.29601,0,twelvedata,2025-08-26 17:50:29
1448,USD/JPY,2025-07-14 10:00:00,147.28999,147.30901,146.914,146.951,0,twelvedata,2025-08-26 17:50:29
1449,USD/JPY,2025-07-14 11:00:00,146.94701,147.153,146.847,147.131,0,twelvedata,2025-08-26 17:50:29
1450,USD/JPY,2025-07-14 12:00:00,147.12601,147.308,147.085007,147.27499,0,twelvedata,2025-08-26 17:50:29
1451,USD/JPY,2025-07-14 13:00:00,147.27499,147.386,147.10201,147.302,0,twelvedata,2025-08-26 17:50:29
1452,USD/JPY,2025-07-14 14:00:00,147.302,147.444,147.194,147.375,0,twelvedata,2025-08-26 17:50:29
1453,USD/JPY,2025-07-14 15:00:00,147.37,147.48399,147.27901,147.362,0,twelvedata,2025-08-26 17:50:29
1454,USD/JPY,2025-07-14 16:00:00,147.36,147.425,147.222,147.256,0,twelvedata,2025-08-26 17:50:29
1455,USD/JPY,2025-07-14 17:00:00,147.261,147.371,147.23599,147.366,0,twelvedata,2025-08-26 17:50:29
1456,USD/JPY,2025-07-14 18:00:00,147.37199,147.384,147.168,147.31799,0,twelvedata,2025-08-26 17:50:29
1457,USD/JPY,2025-07-14 19:00:00,147.31799,147.34599,147.151,147.27901,0,twelvedata,2025-08-26 17:50:29
1458,USD/JPY,2025-07-14 20:00:00,147.28101,147.28799,147.147,147.202,0,twelvedata,2025-08-26 17:50:29
1459,USD/JPY,2025-07-14 21:00:00,147.2,147.464,147.2,147.407,0,twelvedata,2025-08-26 17:50:29
1460,USD/JPY,2025-07-14 22:00:00,147.408,147.444,147.216,147.38901,0,twelvedata,2025-08-26 17:50:29
1461,USD/JPY,2025-07-14 23:00:00,147.39,147.487,147.30701,147.354,0,twelvedata,2025-08-26 17:50:29
1462,USD/JPY,2025-07-15 00:00:00,147.35001,147.522,147.31599,147.459,0,twelvedata,2025-08-26 17:50:29
1463,USD/JPY,2025-07-15 01:00:00,147.46201,147.702,147.433,147.69,0,twelvedata,2025-08-26 17:50:29
1464,USD/JPY,2025-07-15 02:00:00,147.69099,147.759,147.65601,147.709,0,twelvedata,2025-08-26 17:50:29
1465,USD/JPY,2025-07-15 03:00:00,147.71001,147.76199,147.668,147.715,0,twelvedata,2025-08-26 17:50:29
1466,USD/JPY,2025-07-15 04:00:00,147.716,147.765,147.70399,147.76199,0,twelvedata,2025-08-26 17:50:29
1467,USD/JPY,2025-07-15 05:00:00,147.761,147.76601,147.702,147.72301,0,twelvedata,2025-08-26 17:50:29
1468,USD/JPY,2025-07-15 06:00:00,147.72099,147.78,147.681,147.68401,0,twelvedata,2025-08-26 17:50:29
1469,USD/JPY,2025-07-15 07:00:00,147.675,147.74001,147.67,147.69299,0,twelvedata,2025-08-26 17:50:29
1470,USD/JPY,2025-07-15 08:00:00,147.709,147.789,147.658,147.767,0,twelvedata,2025-08-26 17:50:29
1471,USD/JPY,2025-07-15 09:00:00,147.75999,147.88699,147.759,147.783,0,twelvedata,2025-08-26 17:50:29
1472,USD/JPY,2025-07-15 10:00:00,147.78,147.79401,147.55701,147.582,0,twelvedata,2025-08-26 17:50:29
1473,USD/JPY,2025-07-15 11:00:00,147.58501,147.8,147.58,147.771,0,twelvedata,2025-08-26 17:50:29
1474,USD/JPY,2025-07-15 12:00:00,147.776,147.823,147.59599,147.61099,0,twelvedata,2025-08-26 17:50:29
1475,USD/JPY,2025-07-15 13:00:00,147.61,147.685,147.548,147.66701,0,twelvedata,2025-08-26 17:50:29
1476,USD/JPY,2025-07-15 14:00:00,147.672,147.713,147.61,147.66299,0,twelvedata,2025-08-26 17:50:29
1477,USD/JPY,2025-07-15 15:00:00,147.661,147.67101,147.548,147.567,0,twelvedata,2025-08-26 17:50:29
1478,USD/JPY,2025-07-15 16:00:00,147.569,147.748,147.569,147.698,0,twelvedata,2025-08-26 17:50:29
1479,USD/JPY,2025-07-15 17:00:00,147.698,147.78799,147.636,147.73399,0,twelvedata,2025-08-26 17:50:29
1480,USD/JPY,2025-07-15 18:00:00,147.731,147.767,147.647,147.67599,0,twelvedata,2025-08-26 17:50:29
1481,USD/JPY,2025-07-15 19:00:00,147.67101,147.746,147.606,147.70599,0,twelvedata,2025-08-26 17:50:29
1482,USD/JPY,2025-07-15 20:00:00,147.707,147.77499,147.65401,147.73,0,twelvedata,2025-08-26 17:50:29
1483,USD/JPY,2025-07-15 21:00:00,147.73199,147.95,147.71201,147.909,0,twelvedata,2025-08-26 17:50:29
1484,USD/JPY,2025-07-15 22:00:00,147.914,148.14799,147.647,147.894,0,twelvedata,2025-08-26 17:50:29
1485,USD/JPY,2025-07-15 23:00:00,147.88699,148.657,147.884,148.58099,0,twelvedata,2025-08-26 17:50:29
1486,USD/JPY,2025-07-16 00:00:00,148.576,148.899,148.56599,148.815,0,twelvedata,2025-08-26 17:50:29
1487,USD/JPY,2025-07-16 01:00:00,148.81599,149.022995,148.752,148.758,0,twelvedata,2025-08-26 17:50:29
1488,USD/JPY,2025-07-16 02:00:00,148.75301,148.981,148.70799,148.895,0,twelvedata,2025-08-26 17:50:29
1489,USD/JPY,2025-07-16 03:00:00,148.894,148.996,148.873,148.936,0,twelvedata,2025-08-26 17:50:29
1490,USD/JPY,2025-07-16 04:00:00,148.938,148.96201,148.82001,148.85201,0,twelvedata,2025-08-26 17:50:29
1491,USD/JPY,2025-07-16 05:00:00,148.851,148.922,148.80299,148.84399,0,twelvedata,2025-08-26 17:50:29
1492,USD/JPY,2025-07-16 06:00:00,148.845,148.888,148.823,148.87801,0,twelvedata,2025-08-26 17:50:29
1493,USD/JPY,2025-07-16 07:00:00,148.85899,148.901,148.80499,148.82899,0,twelvedata,2025-08-26 17:50:29
1494,USD/JPY,2025-07-16 08:00:00,148.842,148.927,148.821,148.88499,0,twelvedata,2025-08-26 17:50:29
1495,USD/JPY,2025-07-16 09:00:00,148.87801,148.942,148.718,148.774,0,twelvedata,2025-08-26 17:50:29
1496,USD/JPY,2025-07-16 10:00:00,148.78101,149.037994,148.701,148.978,0,twelvedata,2025-08-26 17:50:29
1497,USD/JPY,2025-07-16 11:00:00,148.97501,149.035995,148.73399,148.823,0,twelvedata,2025-08-26 17:50:29
1498,USD/JPY,2025-07-16 12:00:00,148.821,148.972,148.82001,148.90401,0,twelvedata,2025-08-26 17:50:29
1499,USD/JPY,2025-07-16 13:00:00,148.905,149.089005,148.85899,149.035004,0,twelvedata,2025-08-26 17:50:29
1500,USD/JPY,2025-07-16 14:00:00,149.033005,149.186,148.908,148.92599,0,twelvedata,2025-08-26 17:50:29
1501,USD/JPY,2025-07-16 15:00:00,148.931,148.94901,148.782,148.815,0,twelvedata,2025-08-26 17:50:29
1502,USD/JPY,2025-07-16 16:00:00,148.81,148.87199,148.616,148.649,0,twelvedata,2025-08-26 17:50:29
1503,USD/JPY,2025-07-16 17:00:00,148.647,148.92799,148.614,148.886,0,twelvedata,2025-08-26 17:50:29
1504,USD/JPY,2025-07-16 18:00:00,148.882,148.89999,148.72,148.83701,0,twelvedata,2025-08-26 17:50:29
1505,USD/JPY,2025-07-16 19:00:00,148.83299,148.88901,148.649,148.718,0,twelvedata,2025-08-26 17:50:29
1506,USD/JPY,2025-07-16 20:00:00,148.718,148.737,148.644,148.71001,0,twelvedata,2025-08-26 17:50:29
1507,USD/JPY,2025-07-16 21:00:00,148.714,148.785,148.62199,148.765,0,twelvedata,2025-08-26 17:50:29
1508,USD/JPY,2025-07-16 22:00:00,148.765,148.83501,148.464,148.702,0,twelvedata,2025-08-26 17:50:29
1509,USD/JPY,2025-07-16 23:00:00,148.705,148.929,148.60001,148.80701,0,twelvedata,2025-08-26 17:50:29
1510,USD/JPY,2025-07-17 00:00:00,148.80701,148.85201,148.304,148.47,0,twelvedata,2025-08-26 17:50:29
1511,USD/JPY,2025-07-17 01:00:00,148.46899,148.51199,146.90401,148.101,0,twelvedata,2025-08-26 17:50:29
1512,USD/JPY,2025-07-17 02:00:00,148.106,148.37801,147.813,148.044006,0,twelvedata,2025-08-26 17:50:29
1513,USD/JPY,2025-07-17 03:00:00,148.044006,148.059006,147.483,147.681,0,twelvedata,2025-08-26 17:50:29
1514,USD/JPY,2025-07-17 04:00:00,147.679,147.953,147.64,147.94299,0,twelvedata,2025-08-26 17:50:29
1515,USD/JPY,2025-07-17 05:00:00,147.94501,148.022995,147.819,147.842,0,twelvedata,2025-08-26 17:50:29
1516,USD/JPY,2025-07-17 06:00:00,147.84599,147.914,147.81,147.82401,0,twelvedata,2025-08-26 17:50:29
1517,USD/JPY,2025-07-17 07:00:00,147.832,147.87199,147.75301,147.80499,0,twelvedata,2025-08-26 17:50:29
1518,USD/JPY,2025-07-17 08:00:00,147.798,147.92999,147.717,147.882,0,twelvedata,2025-08-26 17:50:29
1519,USD/JPY,2025-07-17 09:00:00,147.87601,148.070007,147.76199,147.98801,0,twelvedata,2025-08-26 17:50:29
1520,USD/JPY,2025-07-17 10:00:00,147.991,148.42599,147.98,148.37801,0,twelvedata,2025-08-26 17:50:29
1521,USD/JPY,2025-07-17 11:00:00,148.37801,148.493,148.274,148.339,0,twelvedata,2025-08-26 17:50:29
1522,USD/JPY,2025-07-17 12:00:00,148.34399,148.50101,148.339,148.45,0,twelvedata,2025-08-26 17:50:29
1523,USD/JPY,2025-07-17 13:00:00,148.451,148.661,148.436,148.545,0,twelvedata,2025-08-26 17:50:29
1524,USD/JPY,2025-07-17 14:00:00,148.548,148.61301,148.405,148.416,0,twelvedata,2025-08-26 17:50:29
1525,USD/JPY,2025-07-17 15:00:00,148.41901,148.495,148.364,148.48199,0,twelvedata,2025-08-26 17:50:29
1526,USD/JPY,2025-07-17 16:00:00,148.478,148.80499,148.44701,148.62801,0,twelvedata,2025-08-26 17:50:29
1527,USD/JPY,2025-07-17 17:00:00,148.627,148.767,148.586,148.72099,0,twelvedata,2025-08-26 17:50:29
1528,USD/JPY,2025-07-17 18:00:00,148.716,148.785,148.58,148.58299,0,twelvedata,2025-08-26 17:50:29
1529,USD/JPY,2025-07-17 19:00:00,148.586,148.77299,148.51801,148.748,0,twelvedata,2025-08-26 17:50:29
1530,USD/JPY,2025-07-17 20:00:00,148.74899,148.834,148.61,148.63901,0,twelvedata,2025-08-26 17:50:29
1531,USD/JPY,2025-07-17 21:00:00,148.63699,148.80099,148.599,148.767,0,twelvedata,2025-08-26 17:50:29
1532,USD/JPY,2025-07-17 22:00:00,148.76199,149.087006,148.59399,148.714,0,twelvedata,2025-08-26 17:50:29
1533,USD/JPY,2025-07-17 23:00:00,148.713,148.75301,148.45,148.57401,0,twelvedata,2025-08-26 17:50:29
1534,USD/JPY,2025-07-18 00:00:00,148.58501,148.658,148.377,148.481,0,twelvedata,2025-08-26 17:50:29
1535,USD/JPY,2025-07-18 01:00:00,148.481,148.61099,148.451,148.552,0,twelvedata,2025-08-26 17:50:29
1536,USD/JPY,2025-07-18 02:00:00,148.55299,148.70399,148.47099,148.625,0,twelvedata,2025-08-26 17:50:29
1537,USD/JPY,2025-07-18 03:00:00,148.62,148.673,148.556,148.659,0,twelvedata,2025-08-26 17:50:29
1538,USD/JPY,2025-07-18 04:00:00,148.655,148.75301,148.64,148.72501,0,twelvedata,2025-08-26 17:50:29
1539,USD/JPY,2025-07-18 05:00:00,148.72099,148.75301,148.54601,148.586,0,twelvedata,2025-08-26 17:50:29
1540,USD/JPY,2025-07-18 06:00:00,148.58501,148.621,148.533,148.564,0,twelvedata,2025-08-26 17:50:29
1541,USD/JPY,2025-07-18 07:00:00,148.567,148.588,148.505,148.507,0,twelvedata,2025-08-26 17:50:29
1542,USD/JPY,2025-07-18 08:00:00,148.515,148.567,148.293,148.319,0,twelvedata,2025-08-26 17:50:29
1543,USD/JPY,2025-07-18 09:00:00,148.313,148.45399,148.285,148.44501,0,twelvedata,2025-08-26 17:50:29
1544,USD/JPY,2025-07-18 10:00:00,148.44299,148.627,148.327,148.58,0,twelvedata,2025-08-26 17:50:29
1545,USD/JPY,2025-07-18 11:00:00,148.58099,148.62199,148.37801,148.485,0,twelvedata,2025-08-26 17:50:29
1546,USD/JPY,2025-07-18 12:00:00,148.487,148.576,148.408,148.519,0,twelvedata,2025-08-26 17:50:29
1547,USD/JPY,2025-07-18 13:00:00,148.51601,148.67,148.472,148.668,0,twelvedata,2025-08-26 17:50:29
1548,USD/JPY,2025-07-18 14:00:00,148.66499,148.724,148.614,148.66701,0,twelvedata,2025-08-26 17:50:29
1549,USD/JPY,2025-07-18 15:00:00,148.664,148.80901,148.664,148.754,0,twelvedata,2025-08-26 17:50:29
1550,USD/JPY,2025-07-18 16:00:00,148.75999,148.83701,148.689,148.74001,0,twelvedata,2025-08-26 17:50:29
1551,USD/JPY,2025-07-18 17:00:00,148.741,148.884,148.64799,148.78,0,twelvedata,2025-08-26 17:50:29
1552,USD/JPY,2025-07-18 18:00:00,148.77699,148.78101,148.49699,148.58501,0,twelvedata,2025-08-26 17:50:29
1553,USD/JPY,2025-07-18 19:00:00,148.595,148.724,148.509,148.70399,0,twelvedata,2025-08-26 17:50:29
1554,USD/JPY,2025-07-18 20:00:00,148.70399,148.718,148.494,148.51401,0,twelvedata,2025-08-26 17:50:29
1555,USD/JPY,2025-07-18 21:00:00,148.519,148.58299,148.448,148.50301,0,twelvedata,2025-08-26 17:50:29
1556,USD/JPY,2025-07-18 22:00:00,148.50101,148.528,148.319,148.356,0,twelvedata,2025-08-26 17:50:29
1557,USD/JPY,2025-07-18 23:00:00,148.35899,148.468,148.188,148.258,0,twelvedata,2025-08-26 17:50:29
1558,USD/JPY,2025-07-19 00:00:00,148.25999,148.517,148.17999,148.476,0,twelvedata,2025-08-26 17:50:29
1559,USD/JPY,2025-07-19 01:00:00,148.479,148.563,148.358,148.549,0,twelvedata,2025-08-26 17:50:29
1560,USD/JPY,2025-07-19 02:00:00,148.554,148.73199,148.508,148.687,0,twelvedata,2025-08-26 17:50:29
1561,USD/JPY,2025-07-19 03:00:00,148.68401,148.79401,148.64999,148.714,0,twelvedata,2025-08-26 17:50:29
1562,USD/JPY,2025-07-19 04:00:00,148.715,148.785,148.696,148.76401,0,twelvedata,2025-08-26 17:50:29
1563,USD/JPY,2025-07-19 05:00:00,148.77,148.808,148.73,148.744,0,twelvedata,2025-08-26 17:50:29
1564,USD/JPY,2025-07-19 06:00:00,148.744,148.853,148.69099,148.74899,0,twelvedata,2025-08-26 17:50:29
1565,USD/JPY,2025-07-21 09:00:00,148.58701,148.66499,148.371,148.453,0,twelvedata,2025-08-26 17:50:29
1566,USD/JPY,2025-07-21 10:00:00,148.45,148.48599,148.23599,148.384,0,twelvedata,2025-08-26 17:50:29
1567,USD/JPY,2025-07-21 11:00:00,148.38499,148.541,148.328,148.513,0,twelvedata,2025-08-26 17:50:29
1568,USD/JPY,2025-07-21 12:00:00,148.51401,148.576,148.433,148.498,0,twelvedata,2025-08-26 17:50:29
1569,USD/JPY,2025-07-21 13:00:00,148.49899,148.55901,148.38901,148.47701,0,twelvedata,2025-08-26 17:50:29
1570,USD/JPY,2025-07-21 14:00:00,148.45799,148.53999,148.41701,148.444,0,twelvedata,2025-08-26 17:50:29
1571,USD/JPY,2025-07-21 15:00:00,148.44,148.485,148.258,148.29601,0,twelvedata,2025-08-26 17:50:29
1572,USD/JPY,2025-07-21 16:00:00,148.29601,148.308,147.77,147.933,0,twelvedata,2025-08-26 17:50:29
1573,USD/JPY,2025-07-21 17:00:00,147.935,148.245,147.912,148.104,0,twelvedata,2025-08-26 17:50:29
1574,USD/JPY,2025-07-21 18:00:00,148.103,148.13499,147.688,147.895,0,twelvedata,2025-08-26 17:50:29
1575,USD/JPY,2025-07-21 19:00:00,147.896,147.972,147.843,147.92101,0,twelvedata,2025-08-26 17:50:29
1576,USD/JPY,2025-07-21 20:00:00,147.91701,147.97701,147.752,147.755,0,twelvedata,2025-08-26 17:50:29
1577,USD/JPY,2025-07-21 21:00:00,147.75301,147.76601,147.504,147.545,0,twelvedata,2025-08-26 17:50:29
1578,USD/JPY,2025-07-21 22:00:00,147.54601,147.554,147.328,147.489,0,twelvedata,2025-08-26 17:50:29
1579,USD/JPY,2025-07-21 23:00:00,147.494,147.72301,147.49001,147.52699,0,twelvedata,2025-08-26 17:50:29
1580,USD/JPY,2025-07-22 00:00:00,147.526,147.547,147.282,147.424,0,twelvedata,2025-08-26 17:50:29
1581,USD/JPY,2025-07-22 01:00:00,147.425,147.42799,147.25101,147.269,0,twelvedata,2025-08-26 17:50:29
1582,USD/JPY,2025-07-22 02:00:00,147.27,147.332,147.078003,147.158,0,twelvedata,2025-08-26 17:50:29
1583,USD/JPY,2025-07-22 03:00:00,147.16299,147.30901,147.11,147.24899,0,twelvedata,2025-08-26 17:50:29
1584,USD/JPY,2025-07-22 04:00:00,147.254,147.382,147.214,147.328,0,twelvedata,2025-08-26 17:50:29
1585,USD/JPY,2025-07-22 05:00:00,147.326,147.37399,147.26801,147.358,0,twelvedata,2025-08-26 17:50:29
1586,USD/JPY,2025-07-22 06:00:00,147.355,147.437,147.325,147.326,0,twelvedata,2025-08-26 17:50:29
1587,USD/JPY,2025-07-22 07:00:00,147.313,147.427,147.19299,147.30701,0,twelvedata,2025-08-26 17:50:29
1588,USD/JPY,2025-07-22 08:00:00,147.30701,147.414,147.289,147.386,0,twelvedata,2025-08-26 17:50:29
1589,USD/JPY,2025-07-22 09:00:00,147.395,147.496,147.386,147.401,0,twelvedata,2025-08-26 17:50:29
1590,USD/JPY,2025-07-22 10:00:00,147.396,147.713,147.388,147.48801,0,twelvedata,2025-08-26 17:50:29
1591,USD/JPY,2025-07-22 11:00:00,147.48199,147.642,147.448,147.582,0,twelvedata,2025-08-26 17:50:29
1592,USD/JPY,2025-07-22 12:00:00,147.57899,147.586,147.407,147.45799,0,twelvedata,2025-08-26 17:50:29
1593,USD/JPY,2025-07-22 13:00:00,147.464,147.612,147.414,147.575,0,twelvedata,2025-08-26 17:50:29
1594,USD/JPY,2025-07-22 14:00:00,147.57401,147.672,147.534,147.63901,0,twelvedata,2025-08-26 17:50:29
1595,USD/JPY,2025-07-22 15:00:00,147.638,147.80901,147.59801,147.77299,0,twelvedata,2025-08-26 17:50:29
1596,USD/JPY,2025-07-22 16:00:00,147.767,147.931,147.717,147.817,0,twelvedata,2025-08-26 17:50:29
1597,USD/JPY,2025-07-22 17:00:00,147.823,147.94701,147.7,147.705,0,twelvedata,2025-08-26 17:50:29
1598,USD/JPY,2025-07-22 18:00:00,147.70599,147.763,147.604,147.614,0,twelvedata,2025-08-26 17:50:29
1599,USD/JPY,2025-07-22 19:00:00,147.61501,147.61501,147.41901,147.43201,0,twelvedata,2025-08-26 17:50:29
1600,USD/JPY,2025-07-22 20:00:00,147.437,147.556,147.35899,147.535,0,twelvedata,2025-08-26 17:50:29
1601,USD/JPY,2025-07-22 21:00:00,147.53101,147.571,147.153,147.192,0,twelvedata,2025-08-26 17:50:29
1602,USD/JPY,2025-07-22 22:00:00,147.192,147.254,146.73801,146.80099,0,twelvedata,2025-08-26 17:50:29
1603,USD/JPY,2025-07-22 23:00:00,146.798,146.89,146.502,146.573,0,twelvedata,2025-08-26 17:50:29
1604,USD/JPY,2025-07-23 00:00:00,146.57401,146.674,146.32001,146.448,0,twelvedata,2025-08-26 17:50:29
1605,USD/JPY,2025-07-23 01:00:00,146.446,146.53,146.338,146.367,0,twelvedata,2025-08-26 17:50:29
1606,USD/JPY,2025-07-23 02:00:00,146.364,146.47501,146.302,146.422,0,twelvedata,2025-08-26 17:50:29
1607,USD/JPY,2025-07-23 03:00:00,146.424,146.586,146.423,146.556,0,twelvedata,2025-08-26 17:50:29
1608,USD/JPY,2025-07-23 04:00:00,146.55,146.593,146.52,146.565,0,twelvedata,2025-08-26 17:50:29
1609,USD/JPY,2025-07-23 05:00:00,146.56599,146.604,146.487,146.561,0,twelvedata,2025-08-26 17:50:29
1610,USD/JPY,2025-07-23 06:00:00,146.562,146.683,146.548,146.62199,0,twelvedata,2025-08-26 17:50:29
1611,USD/JPY,2025-07-23 07:00:00,146.62,146.62601,146.556,146.582,0,twelvedata,2025-08-26 17:50:29
1612,USD/JPY,2025-07-23 08:00:00,146.593,146.77499,146.567,146.703,0,twelvedata,2025-08-26 17:50:29
1613,USD/JPY,2025-07-23 09:00:00,146.688,146.94501,146.242,146.757,0,twelvedata,2025-08-26 17:50:29
1614,USD/JPY,2025-07-23 10:00:00,146.76199,146.812,146.194,146.435,0,twelvedata,2025-08-26 17:50:29
1615,USD/JPY,2025-07-23 11:00:00,146.43401,146.72501,146.38499,146.605,0,twelvedata,2025-08-26 17:50:29
1616,USD/JPY,2025-07-23 12:00:00,146.60899,147.20399,146.416,146.92799,0,twelvedata,2025-08-26 17:50:29
1617,USD/JPY,2025-07-23 13:00:00,146.93401,147.018005,146.742,146.925,0,twelvedata,2025-08-26 17:50:29
1618,USD/JPY,2025-07-23 14:00:00,146.925,147.076996,146.908,146.944,0,twelvedata,2025-08-26 17:50:29
1619,USD/JPY,2025-07-23 15:00:00,146.938,147.207,146.85201,147.15601,0,twelvedata,2025-08-26 17:50:29
1620,USD/JPY,2025-07-23 16:00:00,147.159,147.215,146.647,146.858,0,twelvedata,2025-08-26 17:50:29
1621,USD/JPY,2025-07-23 17:00:00,146.85699,146.88499,146.593,146.752,0,twelvedata,2025-08-26 17:50:29
1622,USD/JPY,2025-07-23 18:00:00,146.748,146.90401,146.63699,146.793,0,twelvedata,2025-08-26 17:50:29
1623,USD/JPY,2025-07-23 19:00:00,146.789,146.799,146.46201,146.50101,0,twelvedata,2025-08-26 17:50:29
1624,USD/JPY,2025-07-23 20:00:00,146.5,146.549,146.276,146.408,0,twelvedata,2025-08-26 17:50:29
1625,USD/JPY,2025-07-23 21:00:00,146.40401,146.41901,146.104,146.202,0,twelvedata,2025-08-26 17:50:29
1626,USD/JPY,2025-07-23 22:00:00,146.205,146.498,146.16,146.414,0,twelvedata,2025-08-26 17:50:29
1627,USD/JPY,2025-07-23 23:00:00,146.41499,146.729,146.367,146.53999,0,twelvedata,2025-08-26 17:50:29
1628,USD/JPY,2025-07-24 00:00:00,146.54401,146.593,146.287,146.416,0,twelvedata,2025-08-26 17:50:29
1629,USD/JPY,2025-07-24 01:00:00,146.41701,146.57001,146.23199,146.548,0,twelvedata,2025-08-26 17:50:29
1630,USD/JPY,2025-07-24 02:00:00,146.55,146.61501,146.407,146.576,0,twelvedata,2025-08-26 17:50:29
1631,USD/JPY,2025-07-24 03:00:00,146.577,146.623,146.47,146.52901,0,twelvedata,2025-08-26 17:50:29
1632,USD/JPY,2025-07-24 04:00:00,146.532,146.543,146.367,146.465,0,twelvedata,2025-08-26 17:50:29
1633,USD/JPY,2025-07-24 05:00:00,146.465,146.58,146.422,146.52901,0,twelvedata,2025-08-26 17:50:29
1634,USD/JPY,2025-07-24 06:00:00,146.53,146.537,146.44701,146.49899,0,twelvedata,2025-08-26 17:50:29
1635,USD/JPY,2025-07-24 07:00:00,146.513,146.543,146.34,146.47301,0,twelvedata,2025-08-26 17:50:29
1636,USD/JPY,2025-07-24 08:00:00,146.44501,146.517,146.37801,146.444,0,twelvedata,2025-08-26 17:50:29
1637,USD/JPY,2025-07-24 09:00:00,146.444,146.451,146.23801,146.347,0,twelvedata,2025-08-26 17:50:29
1638,USD/JPY,2025-07-24 10:00:00,146.342,146.492,146.26199,146.427,0,twelvedata,2025-08-26 17:50:29
1639,USD/JPY,2025-07-24 11:00:00,146.431,146.437,145.85001,145.933,0,twelvedata,2025-08-26 17:50:29
1640,USD/JPY,2025-07-24 12:00:00,145.931,146.153,145.931,146.039001,0,twelvedata,2025-08-26 17:50:29
1641,USD/JPY,2025-07-24 13:00:00,146.039001,146.10899,145.894,146.0039978,0,twelvedata,2025-08-26 17:50:29
1642,USD/JPY,2025-07-24 14:00:00,146.0050049,146.082001,145.927,146.016998,0,twelvedata,2025-08-26 17:50:29
1643,USD/JPY,2025-07-24 15:00:00,146.016006,146.11301,145.952,146.0099945,0,twelvedata,2025-08-26 17:50:29
1644,USD/JPY,2025-07-24 16:00:00,146.011993,146.304,145.98599,146.27499,0,twelvedata,2025-08-26 17:50:29
1645,USD/JPY,2025-07-24 17:00:00,146.27,146.46001,146.14,146.416,0,twelvedata,2025-08-26 17:50:29
1646,USD/JPY,2025-07-24 18:00:00,146.41901,146.56599,146.308,146.545,0,twelvedata,2025-08-26 17:50:29
1647,USD/JPY,2025-07-24 19:00:00,146.54601,146.647,146.52,146.554,0,twelvedata,2025-08-26 17:50:29
1648,USD/JPY,2025-07-24 20:00:00,146.55499,146.66,146.52299,146.57201,0,twelvedata,2025-08-26 17:50:29
1649,USD/JPY,2025-07-24 21:00:00,146.567,146.62399,146.46001,146.479,0,twelvedata,2025-08-26 17:50:29
1650,USD/JPY,2025-07-24 22:00:00,146.483,146.832,146.444,146.78999,0,twelvedata,2025-08-26 17:50:29
1651,USD/JPY,2025-07-24 23:00:00,146.795,146.873,146.47701,146.54201,0,twelvedata,2025-08-26 17:50:29
1652,USD/JPY,2025-07-25 00:00:00,146.539,146.81799,146.353,146.78101,0,twelvedata,2025-08-26 17:50:29
1653,USD/JPY,2025-07-25 01:00:00,146.778,146.946,146.73399,146.927,0,twelvedata,2025-08-26 17:50:29
1654,USD/JPY,2025-07-25 02:00:00,146.923,146.953,146.78,146.899,0,twelvedata,2025-08-26 17:50:29
1655,USD/JPY,2025-07-25 03:00:00,146.90199,146.90199,146.748,146.813,0,twelvedata,2025-08-26 17:50:29
1656,USD/JPY,2025-07-25 04:00:00,146.814,146.92999,146.79201,146.918,0,twelvedata,2025-08-26 17:50:29
1657,USD/JPY,2025-07-25 05:00:00,146.91701,146.96899,146.847,146.937,0,twelvedata,2025-08-26 17:50:29
1658,USD/JPY,2025-07-25 06:00:00,146.933,147.026001,146.881,147.0,0,twelvedata,2025-08-26 17:50:29
1659,USD/JPY,2025-07-25 07:00:00,146.993,147.10699,146.937,147.085007,0,twelvedata,2025-08-26 17:50:29
1660,USD/JPY,2025-07-25 08:00:00,147.089996,147.233,147.020996,147.033005,0,twelvedata,2025-08-26 17:50:29
1661,USD/JPY,2025-07-25 09:00:00,147.052994,147.116,146.95799,147.0010071,0,twelvedata,2025-08-26 17:50:29
1662,USD/JPY,2025-07-25 10:00:00,147.003006,147.342,146.98,147.20399,0,twelvedata,2025-08-26 17:50:29
1663,USD/JPY,2025-07-25 11:00:00,147.205,147.461,147.157,147.36,0,twelvedata,2025-08-26 17:50:29
1664,USD/JPY,2025-07-25 12:00:00,147.36099,147.493,147.34399,147.416,0,twelvedata,2025-08-26 17:50:29
1665,USD/JPY,2025-07-25 13:00:00,147.41499,147.438,147.188,147.21899,0,twelvedata,2025-08-26 17:50:29
1666,USD/JPY,2025-07-25 14:00:00,147.215,147.27299,147.095993,147.134,0,twelvedata,2025-08-26 17:50:29
1667,USD/JPY,2025-07-25 15:00:00,147.136,147.162,146.808,146.933,0,twelvedata,2025-08-26 17:50:29
1668,USD/JPY,2025-07-25 16:00:00,146.93401,147.095993,146.845,147.059006,0,twelvedata,2025-08-26 17:50:29
1669,USD/JPY,2025-07-25 17:00:00,147.054993,147.41499,147.035995,147.384,0,twelvedata,2025-08-26 17:50:29
1670,USD/JPY,2025-07-25 18:00:00,147.379,147.832,147.354,147.754,0,twelvedata,2025-08-26 17:50:29
1671,USD/JPY,2025-07-25 19:00:00,147.755,147.894,147.72301,147.866,0,twelvedata,2025-08-26 17:50:29
1672,USD/JPY,2025-07-25 20:00:00,147.869,147.90199,147.74699,147.774,0,twelvedata,2025-08-26 17:50:29
1673,USD/JPY,2025-07-25 21:00:00,147.772,147.94,147.64,147.674,0,twelvedata,2025-08-26 17:50:29
1674,USD/JPY,2025-07-25 22:00:00,147.677,147.936,147.60001,147.856,0,twelvedata,2025-08-26 17:50:29
1675,USD/JPY,2025-07-25 23:00:00,147.855,147.92,147.59599,147.66901,0,twelvedata,2025-08-26 17:50:29
1676,USD/JPY,2025-07-26 00:00:00,147.666,147.76401,147.52499,147.73,0,twelvedata,2025-08-26 17:50:29
1677,USD/JPY,2025-07-26 01:00:00,147.72701,147.806,147.65601,147.783,0,twelvedata,2025-08-26 17:50:29
1678,USD/JPY,2025-07-26 02:00:00,147.77699,147.836,147.72501,147.756,0,twelvedata,2025-08-26 17:50:29
1679,USD/JPY,2025-07-26 03:00:00,147.761,147.78,147.65199,147.672,0,twelvedata,2025-08-26 17:50:29
1680,USD/JPY,2025-07-26 04:00:00,147.673,147.683,147.54401,147.565,0,twelvedata,2025-08-26 17:50:29
1681,USD/JPY,2025-07-26 05:00:00,147.56599,147.617,147.52499,147.614,0,twelvedata,2025-08-26 17:50:29
1682,USD/JPY,2025-07-26 06:00:00,147.616,147.69099,147.612,147.62199,0,twelvedata,2025-08-26 17:50:29
1683,USD/JPY,2025-07-28 09:00:00,147.81,147.877,147.73599,147.785,0,twelvedata,2025-08-26 17:50:29
1684,USD/JPY,2025-07-28 10:00:00,147.784,147.813,147.597,147.616,0,twelvedata,2025-08-26 17:50:29
1685,USD/JPY,2025-07-28 11:00:00,147.61301,147.877,147.51401,147.866,0,twelvedata,2025-08-26 17:50:29
1686,USD/JPY,2025-07-28 12:00:00,147.866,148.022003,147.82201,147.836,0,twelvedata,2025-08-26 17:50:29
1687,USD/JPY,2025-07-28 13:00:00,147.83701,147.87,147.68401,147.71001,0,twelvedata,2025-08-26 17:50:29
1688,USD/JPY,2025-07-28 14:00:00,147.71201,147.793,147.62199,147.744,0,twelvedata,2025-08-26 17:50:29
1689,USD/JPY,2025-07-28 15:00:00,147.745,147.87601,147.728,147.855,0,twelvedata,2025-08-26 17:50:29
1690,USD/JPY,2025-07-28 16:00:00,147.858,148.21001,147.83501,148.018997,0,twelvedata,2025-08-26 17:50:29
1691,USD/JPY,2025-07-28 17:00:00,148.014008,148.338,147.786,148.29201,0,twelvedata,2025-08-26 17:50:29
1692,USD/JPY,2025-07-28 18:00:00,148.29201,148.37399,148.151,148.27,0,twelvedata,2025-08-26 17:50:29
1693,USD/JPY,2025-07-28 19:00:00,148.26801,148.414,148.222,148.38499,0,twelvedata,2025-08-26 17:50:29
1694,USD/JPY,2025-07-28 20:00:00,148.38699,148.43401,148.28799,148.40601,0,twelvedata,2025-08-26 17:50:29
1695,USD/JPY,2025-07-28 21:00:00,148.411,148.44701,148.074005,148.13901,0,twelvedata,2025-08-26 17:50:29
1696,USD/JPY,2025-07-28 22:00:00,148.14,148.185,148.026001,148.052002,0,twelvedata,2025-08-26 17:50:29
1697,USD/JPY,2025-07-28 23:00:00,148.052002,148.328,147.93401,148.289,0,twelvedata,2025-08-26 17:50:29
1698,USD/JPY,2025-07-29 00:00:00,148.291,148.32201,148.093994,148.276,0,twelvedata,2025-08-26 17:50:29
1699,USD/JPY,2025-07-29 01:00:00,148.27699,148.495,148.254,148.45599,0,twelvedata,2025-08-26 17:50:29
1700,USD/JPY,2025-07-29 02:00:00,148.459,148.52,148.438,148.48599,0,twelvedata,2025-08-26 17:50:29
1701,USD/JPY,2025-07-29 03:00:00,148.48399,148.54601,148.38901,148.521,0,twelvedata,2025-08-26 17:50:29
1702,USD/JPY,2025-07-29 04:00:00,148.521,148.57899,148.47301,148.55701,0,twelvedata,2025-08-26 17:50:29
1703,USD/JPY,2025-07-29 05:00:00,148.55499,148.56,148.51601,148.549,0,twelvedata,2025-08-26 17:50:29
1704,USD/JPY,2025-07-29 06:00:00,148.545,148.577,148.429,148.49699,0,twelvedata,2025-08-26 17:50:29
1705,USD/JPY,2025-07-29 07:00:00,148.42101,148.561,148.42101,148.541,0,twelvedata,2025-08-26 17:50:29
1706,USD/JPY,2025-07-29 08:00:00,148.548,148.58,148.48599,148.51801,0,twelvedata,2025-08-26 17:50:29
1707,USD/JPY,2025-07-29 09:00:00,148.5,148.63699,148.452,148.457,0,twelvedata,2025-08-26 17:50:29
1708,USD/JPY,2025-07-29 10:00:00,148.452,148.711,148.436,148.68401,0,twelvedata,2025-08-26 17:50:29
1709,USD/JPY,2025-07-29 11:00:00,148.68201,148.705,148.46201,148.584,0,twelvedata,2025-08-26 17:50:29
1710,USD/JPY,2025-07-29 12:00:00,148.586,148.61501,148.287,148.341,0,twelvedata,2025-08-26 17:50:29
1711,USD/JPY,2025-07-29 13:00:00,148.34599,148.45399,148.304,148.373,0,twelvedata,2025-08-26 17:50:29
1712,USD/JPY,2025-07-29 14:00:00,148.373,148.498,148.328,148.34801,0,twelvedata,2025-08-26 17:50:29
1713,USD/JPY,2025-07-29 15:00:00,148.345,148.407,148.17,148.235,0,twelvedata,2025-08-26 17:50:29
1714,USD/JPY,2025-07-29 16:00:00,148.237,148.54201,148.153,148.52,0,twelvedata,2025-08-26 17:50:29
1715,USD/JPY,2025-07-29 17:00:00,148.517,148.752,148.48399,148.577,0,twelvedata,2025-08-26 17:50:29
1716,USD/JPY,2025-07-29 18:00:00,148.57401,148.606,148.35001,148.549,0,twelvedata,2025-08-26 17:50:29
1717,USD/JPY,2025-07-29 19:00:00,148.549,148.575,148.444,148.55099,0,twelvedata,2025-08-26 17:50:29
1718,USD/JPY,2025-07-29 20:00:00,148.55,148.61301,148.381,148.54401,0,twelvedata,2025-08-26 17:50:29
1719,USD/JPY,2025-07-29 21:00:00,148.543,148.756,148.51199,148.717,0,twelvedata,2025-08-26 17:50:29
1720,USD/JPY,2025-07-29 22:00:00,148.716,148.772,148.60001,148.692,0,twelvedata,2025-08-26 17:50:29
1721,USD/JPY,2025-07-29 23:00:00,148.7,148.808,148.524,148.554,0,twelvedata,2025-08-26 17:50:29
1722,USD/JPY,2025-07-30 00:00:00,148.56,148.748,148.42999,148.472,0,twelvedata,2025-08-26 17:50:29
1723,USD/JPY,2025-07-30 01:00:00,148.468,148.623,148.35001,148.571,0,twelvedata,2025-08-26 17:50:29
1724,USD/JPY,2025-07-30 02:00:00,148.575,148.603,148.448,148.562,0,twelvedata,2025-08-26 17:50:29
1725,USD/JPY,2025-07-30 03:00:00,148.561,148.58501,148.33299,148.489,0,twelvedata,2025-08-26 17:50:29
1726,USD/JPY,2025-07-30 04:00:00,148.485,148.55901,148.427,148.429,0,twelvedata,2025-08-26 17:50:29
1727,USD/JPY,2025-07-30 05:00:00,148.42799,148.505,148.342,148.50101,0,twelvedata,2025-08-26 17:50:29
1728,USD/JPY,2025-07-30 06:00:00,148.5,148.513,148.416,148.418,0,twelvedata,2025-08-26 17:50:29
1729,USD/JPY,2025-07-30 07:00:00,148.431,148.48,148.399,148.437,0,twelvedata,2025-08-26 17:50:29
1730,USD/JPY,2025-07-30 08:00:00,148.44501,148.496,148.418,148.466,0,twelvedata,2025-08-26 17:50:29
1731,USD/JPY,2025-07-30 09:00:00,148.467,148.52499,148.41,148.418,0,twelvedata,2025-08-26 17:50:29
1732,USD/JPY,2025-07-30 10:00:00,148.424,148.44901,148.031998,148.056,0,twelvedata,2025-08-26 17:50:29
1733,USD/JPY,2025-07-30 11:00:00,148.054993,148.16299,147.94,148.142,0,twelvedata,2025-08-26 17:50:29
1734,USD/JPY,2025-07-30 12:00:00,148.136,148.15401,148.026993,148.044006,0,twelvedata,2025-08-26 17:50:29
1735,USD/JPY,2025-07-30 13:00:00,148.044006,148.044006,147.843,147.974,0,twelvedata,2025-08-26 17:50:29
1736,USD/JPY,2025-07-30 14:00:00,147.97,148.17101,147.96001,148.15401,0,twelvedata,2025-08-26 17:50:29
1737,USD/JPY,2025-07-30 15:00:00,148.155,148.172,147.85201,148.024002,0,twelvedata,2025-08-26 17:50:29
1738,USD/JPY,2025-07-30 16:00:00,148.028,148.134,147.85699,147.897,0,twelvedata,2025-08-26 17:50:29
1739,USD/JPY,2025-07-30 17:00:00,147.897,148.082001,147.798,148.078003,0,twelvedata,2025-08-26 17:50:29
1740,USD/JPY,2025-07-30 18:00:00,148.078995,148.118,147.91901,147.96001,0,twelvedata,2025-08-26 17:50:29
1741,USD/JPY,2025-07-30 19:00:00,147.95599,148.070007,147.85201,148.035004,0,twelvedata,2025-08-26 17:50:29
1742,USD/JPY,2025-07-30 20:00:00,148.035995,148.29401,147.97701,148.17101,0,twelvedata,2025-08-26 17:50:29
1743,USD/JPY,2025-07-30 21:00:00,148.17,148.35899,148.10899,148.31,0,twelvedata,2025-08-26 17:50:29
1744,USD/JPY,2025-07-30 22:00:00,148.311,148.88699,148.25999,148.847,0,twelvedata,2025-08-26 17:50:29
1745,USD/JPY,2025-07-30 23:00:00,148.851,149.105,148.826,149.050995,0,twelvedata,2025-08-26 17:50:29
1746,USD/JPY,2025-07-31 00:00:00,149.048996,149.057007,148.867,148.92101,0,twelvedata,2025-08-26 17:50:29
1747,USD/JPY,2025-07-31 01:00:00,148.922,149.114,148.842,149.076004,0,twelvedata,2025-08-26 17:50:29
1748,USD/JPY,2025-07-31 02:00:00,149.072998,149.132,148.923,148.93401,0,twelvedata,2025-08-26 17:50:29
1749,USD/JPY,2025-07-31 03:00:00,148.92999,148.933,148.76601,148.78999,0,twelvedata,2025-08-26 17:50:29
1750,USD/JPY,2025-07-31 04:00:00,148.767,149.354,148.51801,149.347,0,twelvedata,2025-08-26 17:50:29
1751,USD/JPY,2025-07-31 05:00:00,149.35001,149.438,149.22,149.408,0,twelvedata,2025-08-26 17:50:29
1752,USD/JPY,2025-07-31 06:00:00,149.412,149.554,149.358,149.47701,0,twelvedata,2025-08-26 17:50:29
1753,USD/JPY,2025-07-31 07:00:00,149.491,149.492,149.41701,149.44701,0,twelvedata,2025-08-26 17:50:29
1754,USD/JPY,2025-07-31 08:00:00,149.451,149.466,149.291,149.315,0,twelvedata,2025-08-26 17:50:29
1755,USD/JPY,2025-07-31 09:00:00,149.312,149.394,149.203,149.22,0,twelvedata,2025-08-26 17:50:29
1756,USD/JPY,2025-07-31 10:00:00,149.22501,149.39301,149.172,149.30299,0,twelvedata,2025-08-26 17:50:29
1757,USD/JPY,2025-07-31 11:00:00,149.30099,149.34,148.96201,148.974,0,twelvedata,2025-08-26 17:50:29
1758,USD/JPY,2025-07-31 12:00:00,148.974,149.0,148.634,148.83299,0,twelvedata,2025-08-26 17:50:29
1759,USD/JPY,2025-07-31 13:00:00,148.83501,148.92,148.582,148.745,0,twelvedata,2025-08-26 17:50:29
1760,USD/JPY,2025-07-31 14:00:00,148.746,148.95799,148.729,148.886,0,twelvedata,2025-08-26 17:50:29
1761,USD/JPY,2025-07-31 15:00:00,148.886,148.92599,148.73801,148.785,0,twelvedata,2025-08-26 17:50:29
1762,USD/JPY,2025-07-31 16:00:00,148.786,149.091995,148.67999,148.87801,0,twelvedata,2025-08-26 17:50:29
1763,USD/JPY,2025-07-31 17:00:00,148.875,149.722,148.84801,149.396,0,twelvedata,2025-08-26 17:50:29
1764,USD/JPY,2025-07-31 18:00:00,149.396,149.7,149.293,149.62801,0,twelvedata,2025-08-26 17:50:29
1765,USD/JPY,2025-07-31 19:00:00,149.634,149.959,149.618,149.94701,0,twelvedata,2025-08-26 17:50:29
1766,USD/JPY,2025-07-31 20:00:00,149.94901,150.046997,149.866,149.944,0,twelvedata,2025-08-26 17:50:29
1767,USD/JPY,2025-07-31 21:00:00,149.942,150.103,149.808,149.87601,0,twelvedata,2025-08-26 17:50:29
1768,USD/JPY,2025-07-31 22:00:00,149.877,150.259,149.80701,150.187,0,twelvedata,2025-08-26 17:50:29
1769,USD/JPY,2025-07-31 23:00:00,150.189,150.584,150.173,150.567,0,twelvedata,2025-08-26 17:50:29
1770,USD/JPY,2025-08-01 00:00:00,150.561,150.634,150.37199,150.478,0,twelvedata,2025-08-26 17:50:29
1771,USD/JPY,2025-08-01 01:00:00,150.47701,150.603,150.343,150.601,0,twelvedata,2025-08-26 17:50:29
1772,USD/JPY,2025-08-01 02:00:00,150.601,150.78999,150.589,150.685,0,twelvedata,2025-08-26 17:50:29
1773,USD/JPY,2025-08-01 03:00:00,150.681,150.724,150.55499,150.661,0,twelvedata,2025-08-26 17:50:29
1774,USD/JPY,2025-08-01 04:00:00,150.662,150.786,150.659,150.758,0,twelvedata,2025-08-26 17:50:29
1775,USD/JPY,2025-08-01 05:00:00,150.757,150.802,150.687,150.797,0,twelvedata,2025-08-26 17:50:29
1776,USD/JPY,2025-08-01 06:00:00,150.79401,150.842,150.711,150.729,0,twelvedata,2025-08-26 17:50:29
1777,USD/JPY,2025-08-01 07:00:00,150.72099,150.74001,150.66,150.698,0,twelvedata,2025-08-26 17:50:29
1778,USD/JPY,2025-08-01 08:00:00,150.69701,150.797,150.673,150.713,0,twelvedata,2025-08-26 17:50:29
1779,USD/JPY,2025-08-01 09:00:00,150.739,150.882,150.63499,150.808,0,twelvedata,2025-08-26 17:50:29
1780,USD/JPY,2025-08-01 10:00:00,150.80701,150.894,150.59,150.737,0,twelvedata,2025-08-26 17:50:29
1781,USD/JPY,2025-08-01 11:00:00,150.737,150.91901,150.627,150.90199,0,twelvedata,2025-08-26 17:50:29
1782,USD/JPY,2025-08-01 12:00:00,150.901,150.91299,150.69901,150.757,0,twelvedata,2025-08-26 17:50:29
1783,USD/JPY,2025-08-01 13:00:00,150.76401,150.778,150.548,150.588,0,twelvedata,2025-08-26 17:50:29
1784,USD/JPY,2025-08-01 14:00:00,150.589,150.66,150.54601,150.60699,0,twelvedata,2025-08-26 17:50:29
1785,USD/JPY,2025-08-01 15:00:00,150.60201,150.66,150.41,150.47501,0,twelvedata,2025-08-26 17:50:29
1786,USD/JPY,2025-08-01 16:00:00,150.47501,150.649,150.444,150.60201,0,twelvedata,2025-08-26 17:50:29
1787,USD/JPY,2025-08-01 17:00:00,150.605,150.62199,150.45,150.533,0,twelvedata,2025-08-26 17:50:29
1788,USD/JPY,2025-08-01 18:00:00,150.537,150.627,150.504,150.61,0,twelvedata,2025-08-26 17:50:29
1789,USD/JPY,2025-08-01 19:00:00,150.605,150.63,150.41499,150.509,0,twelvedata,2025-08-26 17:50:29
1790,USD/JPY,2025-08-01 20:00:00,150.50301,150.513,150.319,150.35899,0,twelvedata,2025-08-26 17:50:29
1791,USD/JPY,2025-08-01 21:00:00,150.355,150.52901,150.278,150.52,0,twelvedata,2025-08-26 17:50:29
1792,USD/JPY,2025-08-01 22:00:00,150.51401,150.597,148.56,148.634,0,twelvedata,2025-08-26 17:50:29
1793,USD/JPY,2025-08-01 23:00:00,148.634,148.661,147.983,148.132,0,twelvedata,2025-08-26 17:50:29
1794,USD/JPY,2025-08-02 00:00:00,148.134,148.22501,147.478,148.089005,0,twelvedata,2025-08-26 17:50:29
1795,USD/JPY,2025-08-02 01:00:00,148.085007,148.185,147.923,148.054993,0,twelvedata,2025-08-26 17:50:29
1796,USD/JPY,2025-08-02 02:00:00,148.056,148.10899,147.778,147.828,0,twelvedata,2025-08-26 17:50:29
1797,USD/JPY,2025-08-02 03:00:00,147.82201,147.95,147.724,147.87601,0,twelvedata,2025-08-26 17:50:29
1798,USD/JPY,2025-08-02 04:00:00,147.87801,147.901,147.67799,147.85201,0,twelvedata,2025-08-26 17:50:29
1799,USD/JPY,2025-08-02 05:00:00,147.85001,147.862,147.32201,147.438,0,twelvedata,2025-08-26 17:50:29
1800,USD/JPY,2025-08-02 06:00:00,147.436,147.459,147.28799,147.375,0,twelvedata,2025-08-26 17:50:29
1801,USD/JPY,2025-08-04 09:00:00,147.242,147.38499,147.112,147.345,0,twelvedata,2025-08-26 17:50:29
1802,USD/JPY,2025-08-04 10:00:00,147.343,147.69299,147.26601,147.65199,0,twelvedata,2025-08-26 17:50:29
1803,USD/JPY,2025-08-04 11:00:00,147.655,147.907,147.618,147.75999,0,twelvedata,2025-08-26 17:50:29
1804,USD/JPY,2025-08-04 12:00:00,147.765,147.867,147.62199,147.79401,0,twelvedata,2025-08-26 17:50:29
1805,USD/JPY,2025-08-04 13:00:00,147.795,147.795,147.584,147.692,0,twelvedata,2025-08-26 17:50:29
1806,USD/JPY,2025-08-04 14:00:00,147.689,147.71001,147.55,147.686,0,twelvedata,2025-08-26 17:50:29
1807,USD/JPY,2025-08-04 15:00:00,147.681,147.87199,147.64999,147.78,0,twelvedata,2025-08-26 17:50:29
1808,USD/JPY,2025-08-04 16:00:00,147.78101,147.847,147.528,147.636,0,twelvedata,2025-08-26 17:50:29
1809,USD/JPY,2025-08-04 17:00:00,147.644,148.044998,147.592,147.882,0,twelvedata,2025-08-26 17:50:29
1810,USD/JPY,2025-08-04 18:00:00,147.881,148.087997,147.858,147.895,0,twelvedata,2025-08-26 17:50:29
1811,USD/JPY,2025-08-04 19:00:00,147.894,147.94501,147.675,147.812,0,twelvedata,2025-08-26 17:50:29
1812,USD/JPY,2025-08-04 20:00:00,147.812,147.854,147.56,147.57401,0,twelvedata,2025-08-26 17:50:29
1813,USD/JPY,2025-08-04 21:00:00,147.577,147.59801,147.339,147.34399,0,twelvedata,2025-08-26 17:50:29
1814,USD/JPY,2025-08-04 22:00:00,147.343,147.439,147.0019989,147.19,0,twelvedata,2025-08-26 17:50:29
1815,USD/JPY,2025-08-04 23:00:00,147.187,147.319,146.952,147.087997,0,twelvedata,2025-08-26 17:50:29
1816,USD/JPY,2025-08-05 00:00:00,147.085999,147.26199,146.86,147.23,0,twelvedata,2025-08-26 17:50:29
1817,USD/JPY,2025-08-05 01:00:00,147.229,147.355,147.039993,147.093002,0,twelvedata,2025-08-26 17:50:29
1818,USD/JPY,2025-08-05 02:00:00,147.097,147.217,147.0,147.037003,0,twelvedata,2025-08-26 17:50:29
1819,USD/JPY,2025-08-05 03:00:00,147.035995,147.097,146.95599,146.96899,0,twelvedata,2025-08-26 17:50:29
1820,USD/JPY,2025-08-05 04:00:00,146.968,147.0070038,146.907,146.946,0,twelvedata,2025-08-26 17:50:29
1821,USD/JPY,2025-08-05 05:00:00,146.946,147.059006,146.908,147.028,0,twelvedata,2025-08-26 17:50:29
1822,USD/JPY,2025-08-05 06:00:00,147.029007,147.114,146.95,147.067993,0,twelvedata,2025-08-26 17:50:29
1823,USD/JPY,2025-08-05 07:00:00,147.074005,147.166,147.0099945,147.070999,0,twelvedata,2025-08-26 17:50:29
1824,USD/JPY,2025-08-05 08:00:00,147.087997,147.10201,146.873,146.933,0,twelvedata,2025-08-26 17:50:29
1825,USD/JPY,2025-08-05 09:00:00,146.907,146.93201,146.692,146.791,0,twelvedata,2025-08-26 17:50:29
1826,USD/JPY,2025-08-05 10:00:00,146.78999,147.035995,146.616,146.92599,0,twelvedata,2025-08-26 17:50:29
1827,USD/JPY,2025-08-05 11:00:00,146.92599,147.114,146.87801,147.050995,0,twelvedata,2025-08-26 17:50:29
1828,USD/JPY,2025-08-05 12:00:00,147.042999,147.229,147.035004,147.187,0,twelvedata,2025-08-26 17:50:29
1829,USD/JPY,2025-08-05 13:00:00,147.18401,147.261,147.127,147.216,0,twelvedata,2025-08-26 17:50:29
1830,USD/JPY,2025-08-05 14:00:00,147.215,147.26199,147.0,147.084,0,twelvedata,2025-08-26 17:50:29
1831,USD/JPY,2025-08-05 15:00:00,147.084,147.241,147.054001,147.173,0,twelvedata,2025-08-26 17:50:29
1832,USD/JPY,2025-08-05 16:00:00,147.16901,147.342,147.026993,147.325,0,twelvedata,2025-08-26 17:50:29
1833,USD/JPY,2025-08-05 17:00:00,147.326,147.487,147.15199,147.383,0,twelvedata,2025-08-26 17:50:29
1834,USD/JPY,2025-08-05 18:00:00,147.388,147.63499,147.33099,147.584,0,twelvedata,2025-08-26 17:50:29
1835,USD/JPY,2025-08-05 19:00:00,147.57899,147.63901,147.44701,147.627,0,twelvedata,2025-08-26 17:50:29
1836,USD/JPY,2025-08-05 20:00:00,147.62399,147.78,147.578,147.616,0,twelvedata,2025-08-26 17:50:29
1837,USD/JPY,2025-08-05 21:00:00,147.616,147.696,147.54401,147.633,0,twelvedata,2025-08-26 17:50:29
1838,USD/JPY,2025-08-05 22:00:00,147.631,147.757,147.53999,147.66,0,twelvedata,2025-08-26 17:50:29
1839,USD/JPY,2025-08-05 23:00:00,147.662,147.83501,147.502,147.73,0,twelvedata,2025-08-26 17:50:29
1840,USD/JPY,2025-08-06 00:00:00,147.73,147.73199,147.35001,147.448,0,twelvedata,2025-08-26 17:50:29
1841,USD/JPY,2025-08-06 01:00:00,147.45,147.57001,147.30299,147.496,0,twelvedata,2025-08-26 17:50:29
1842,USD/JPY,2025-08-06 02:00:00,147.495,147.592,147.424,147.54601,0,twelvedata,2025-08-26 17:50:29
1843,USD/JPY,2025-08-06 03:00:00,147.54201,147.65601,147.483,147.616,0,twelvedata,2025-08-26 17:50:29
1844,USD/JPY,2025-08-06 04:00:00,147.616,147.681,147.588,147.604,0,twelvedata,2025-08-26 17:50:29
1845,USD/JPY,2025-08-06 05:00:00,147.60899,147.70399,147.578,147.60899,0,twelvedata,2025-08-26 17:50:29
1846,USD/JPY,2025-08-06 06:00:00,147.608,147.62,147.496,147.601,0,twelvedata,2025-08-26 17:50:29
1847,USD/JPY,2025-08-06 07:00:00,147.601,147.601,147.498,147.564,0,twelvedata,2025-08-26 17:50:29
1848,USD/JPY,2025-08-06 08:00:00,147.564,147.638,147.54201,147.558,0,twelvedata,2025-08-26 17:50:29
1849,USD/JPY,2025-08-06 09:00:00,147.55901,147.646,147.51401,147.52699,0,twelvedata,2025-08-26 17:50:29
1850,USD/JPY,2025-08-06 10:00:00,147.522,147.62199,147.44501,147.584,0,twelvedata,2025-08-26 17:50:29
1851,USD/JPY,2025-08-06 11:00:00,147.58501,147.729,147.58,147.69501,0,twelvedata,2025-08-26 17:50:29
1852,USD/JPY,2025-08-06 12:00:00,147.69501,147.74899,147.524,147.55701,0,twelvedata,2025-08-26 17:50:29
1853,USD/JPY,2025-08-06 13:00:00,147.55701,147.558,147.328,147.395,0,twelvedata,2025-08-26 17:50:29
1854,USD/JPY,2025-08-06 14:00:00,147.399,147.44701,147.302,147.342,0,twelvedata,2025-08-26 17:50:29
1855,USD/JPY,2025-08-06 15:00:00,147.342,147.54401,147.33099,147.452,0,twelvedata,2025-08-26 17:50:29
1856,USD/JPY,2025-08-06 16:00:00,147.45,147.55099,147.36,147.55,0,twelvedata,2025-08-26 17:50:29
1857,USD/JPY,2025-08-06 17:00:00,147.54601,147.69299,147.53,147.55901,0,twelvedata,2025-08-26 17:50:29
1858,USD/JPY,2025-08-06 18:00:00,147.563,147.845,147.552,147.802,0,twelvedata,2025-08-26 17:50:29
1859,USD/JPY,2025-08-06 19:00:00,147.81,147.886,147.705,147.823,0,twelvedata,2025-08-26 17:50:29
1860,USD/JPY,2025-08-06 20:00:00,147.82001,147.841,147.556,147.58,0,twelvedata,2025-08-26 17:50:29
1861,USD/JPY,2025-08-06 21:00:00,147.58099,147.655,147.436,147.535,0,twelvedata,2025-08-26 17:50:29
1862,USD/JPY,2025-08-06 22:00:00,147.53799,147.59399,147.40601,147.442,0,twelvedata,2025-08-26 17:50:29
1863,USD/JPY,2025-08-06 23:00:00,147.439,147.453,147.23599,147.24001,0,twelvedata,2025-08-26 17:50:29
1864,USD/JPY,2025-08-07 00:00:00,147.246,147.44099,147.244,147.39,0,twelvedata,2025-08-26 17:50:29
1865,USD/JPY,2025-08-07 01:00:00,147.38901,147.66499,147.20799,147.256,0,twelvedata,2025-08-26 17:50:29
1866,USD/JPY,2025-08-07 02:00:00,147.26199,147.42,147.211,147.342,0,twelvedata,2025-08-26 17:50:29
1867,USD/JPY,2025-08-07 03:00:00,147.349,147.405,147.214,147.242,0,twelvedata,2025-08-26 17:50:29
1868,USD/JPY,2025-08-07 04:00:00,147.23599,147.276,146.972,147.067001,0,twelvedata,2025-08-26 17:50:29
1869,USD/JPY,2025-08-07 05:00:00,147.067993,147.187,147.061996,147.17799,0,twelvedata,2025-08-26 17:50:29
1870,USD/JPY,2025-08-07 06:00:00,147.18201,147.634,147.16,147.353,0,twelvedata,2025-08-26 17:50:29
1871,USD/JPY,2025-08-07 07:00:00,147.36,147.452,147.297,147.33099,0,twelvedata,2025-08-26 17:50:29
1872,USD/JPY,2025-08-07 08:00:00,147.32899,147.35699,147.194,147.222,0,twelvedata,2025-08-26 17:50:29
1873,USD/JPY,2025-08-07 09:00:00,147.214,147.25301,147.145,147.189,0,twelvedata,2025-08-26 17:50:29
1874,USD/JPY,2025-08-07 10:00:00,147.19501,147.60001,147.16701,147.58299,0,twelvedata,2025-08-26 17:50:29
1875,USD/JPY,2025-08-07 11:00:00,147.582,147.686,147.476,147.493,0,twelvedata,2025-08-26 17:50:29
1876,USD/JPY,2025-08-07 12:00:00,147.49001,147.577,147.44,147.56,0,twelvedata,2025-08-26 17:50:29
1877,USD/JPY,2025-08-07 13:00:00,147.561,147.711,147.476,147.50999,0,twelvedata,2025-08-26 17:50:29
1878,USD/JPY,2025-08-07 14:00:00,147.50999,147.534,147.26401,147.3,0,twelvedata,2025-08-26 17:50:29
1879,USD/JPY,2025-08-07 15:00:00,147.3,147.34599,147.21001,147.278,0,twelvedata,2025-08-26 17:50:29
1880,USD/JPY,2025-08-07 16:00:00,147.27699,147.30499,146.79601,146.855,0,twelvedata,2025-08-26 17:50:29
1881,USD/JPY,2025-08-07 17:00:00,146.85001,146.963,146.688,146.8,0,twelvedata,2025-08-26 17:50:29
1882,USD/JPY,2025-08-07 18:00:00,146.804,147.183,146.77699,147.12801,0,twelvedata,2025-08-26 17:50:29
1883,USD/JPY,2025-08-07 19:00:00,147.131,147.353,147.11,147.34,0,twelvedata,2025-08-26 17:50:29
1884,USD/JPY,2025-08-07 20:00:00,147.34399,147.403,147.278,147.326,0,twelvedata,2025-08-26 17:50:29
1885,USD/JPY,2025-08-07 21:00:00,147.325,147.494,147.25301,147.30901,0,twelvedata,2025-08-26 17:50:29
1886,USD/JPY,2025-08-07 22:00:00,147.312,147.392,147.014008,147.282,0,twelvedata,2025-08-26 17:50:29
1887,USD/JPY,2025-08-07 23:00:00,147.285,147.319,147.105,147.271,0,twelvedata,2025-08-26 17:50:29
1888,USD/JPY,2025-08-08 00:00:00,147.269,147.543,147.192,147.487,0,twelvedata,2025-08-26 17:50:29
1889,USD/JPY,2025-08-08 01:00:00,147.492,147.58501,147.32001,147.36099,0,twelvedata,2025-08-26 17:50:29
1890,USD/JPY,2025-08-08 02:00:00,147.36301,147.436,147.299,147.35899,0,twelvedata,2025-08-26 17:50:29
1891,USD/JPY,2025-08-08 03:00:00,147.35899,147.47,147.356,147.418,0,twelvedata,2025-08-26 17:50:29
1892,USD/JPY,2025-08-08 04:00:00,147.42101,147.56799,147.382,147.562,0,twelvedata,2025-08-26 17:50:29
1893,USD/JPY,2025-08-08 05:00:00,147.56,147.567,146.942,147.080002,0,twelvedata,2025-08-26 17:50:29
1894,USD/JPY,2025-08-08 06:00:00,147.082001,147.157,146.95399,147.095001,0,twelvedata,2025-08-26 17:50:29
1895,USD/JPY,2025-08-08 07:00:00,147.098007,147.121,146.99899,147.028,0,twelvedata,2025-08-26 17:50:29
1896,USD/JPY,2025-08-08 08:00:00,147.024994,147.059998,146.80701,146.924,0,twelvedata,2025-08-26 17:50:29
1897,USD/JPY,2025-08-08 09:00:00,146.94501,146.957,146.755,146.804,0,twelvedata,2025-08-26 17:50:29
1898,USD/JPY,2025-08-08 10:00:00,146.80099,147.194,146.716,147.14799,0,twelvedata,2025-08-26 17:50:29
1899,USD/JPY,2025-08-08 11:00:00,147.144,147.37399,147.129,147.286,0,twelvedata,2025-08-26 17:50:29
1900,USD/JPY,2025-08-08 12:00:00,147.282,147.313,147.14999,147.19501,0,twelvedata,2025-08-26 17:50:29
1901,USD/JPY,2025-08-08 13:00:00,147.19701,147.308,147.162,147.187,0,twelvedata,2025-08-26 17:50:29
1902,USD/JPY,2025-08-08 14:00:00,147.186,147.211,147.112,147.157,0,twelvedata,2025-08-26 17:50:29
1903,USD/JPY,2025-08-08 15:00:00,147.159,147.42101,147.144,147.412,0,twelvedata,2025-08-26 17:50:29
1904,USD/JPY,2025-08-08 16:00:00,147.407,147.451,147.244,147.327,0,twelvedata,2025-08-26 17:50:29
1905,USD/JPY,2025-08-08 17:00:00,147.323,147.395,147.132,147.32401,0,twelvedata,2025-08-26 17:50:29
1906,USD/JPY,2025-08-08 18:00:00,147.32201,147.69701,147.15601,147.646,0,twelvedata,2025-08-26 17:50:29
1907,USD/JPY,2025-08-08 19:00:00,147.647,147.726,147.53999,147.70399,0,twelvedata,2025-08-26 17:50:29
1908,USD/JPY,2025-08-08 20:00:00,147.70599,147.83701,147.638,147.798,0,twelvedata,2025-08-26 17:50:29
1909,USD/JPY,2025-08-08 21:00:00,147.802,147.85001,147.707,147.814,0,twelvedata,2025-08-26 17:50:29
1910,USD/JPY,2025-08-08 22:00:00,147.81,147.892,147.633,147.845,0,twelvedata,2025-08-26 17:50:29
1911,USD/JPY,2025-08-08 23:00:00,147.838,147.90199,147.64,147.879,0,twelvedata,2025-08-26 17:50:29
1912,USD/JPY,2025-08-09 00:00:00,147.87801,147.90401,147.688,147.813,0,twelvedata,2025-08-26 17:50:29
1913,USD/JPY,2025-08-09 01:00:00,147.81599,147.83299,147.63,147.705,0,twelvedata,2025-08-26 17:50:29
1914,USD/JPY,2025-08-09 02:00:00,147.707,147.836,147.674,147.73399,0,twelvedata,2025-08-26 17:50:29
1915,USD/JPY,2025-08-09 03:00:00,147.73399,147.75101,147.65401,147.74001,0,twelvedata,2025-08-26 17:50:29
1916,USD/JPY,2025-08-09 04:00:00,147.74699,147.77699,147.627,147.66499,0,twelvedata,2025-08-26 17:50:29
1917,USD/JPY,2025-08-09 05:00:00,147.662,147.819,147.642,147.75301,0,twelvedata,2025-08-26 17:50:29
1918,USD/JPY,2025-08-09 06:00:00,147.754,147.80499,147.651,147.69299,0,twelvedata,2025-08-26 17:50:29
1919,USD/JPY,2025-08-11 09:00:00,147.726,147.771,147.62,147.65199,0,twelvedata,2025-08-26 17:50:29
1920,USD/JPY,2025-08-11 10:00:00,147.649,147.74001,147.56799,147.662,0,twelvedata,2025-08-26 17:50:29
1921,USD/JPY,2025-08-11 11:00:00,147.659,147.716,147.586,147.61501,0,twelvedata,2025-08-26 17:50:29
1922,USD/JPY,2025-08-11 12:00:00,147.612,147.618,147.517,147.55499,0,twelvedata,2025-08-26 17:50:29
1923,USD/JPY,2025-08-11 13:00:00,147.556,147.60201,147.427,147.47501,0,twelvedata,2025-08-26 17:50:29
1924,USD/JPY,2025-08-11 14:00:00,147.476,147.495,147.422,147.48199,0,twelvedata,2025-08-26 17:50:29
1925,USD/JPY,2025-08-11 15:00:00,147.481,147.533,147.468,147.522,0,twelvedata,2025-08-26 17:50:29
1926,USD/JPY,2025-08-11 16:00:00,147.51601,147.60899,147.46899,147.592,0,twelvedata,2025-08-26 17:50:29
1927,USD/JPY,2025-08-11 17:00:00,147.592,147.662,147.35001,147.38901,0,twelvedata,2025-08-26 17:50:29
1928,USD/JPY,2025-08-11 18:00:00,147.38699,147.549,147.347,147.506,0,twelvedata,2025-08-26 17:50:29
1929,USD/JPY,2025-08-11 19:00:00,147.502,147.707,147.48199,147.68401,0,twelvedata,2025-08-26 17:50:29
1930,USD/JPY,2025-08-11 20:00:00,147.685,147.744,147.661,147.735,0,twelvedata,2025-08-26 17:50:29
1931,USD/JPY,2025-08-11 21:00:00,147.73599,147.94701,147.716,147.86099,0,twelvedata,2025-08-26 17:50:29
1932,USD/JPY,2025-08-11 22:00:00,147.866,147.95,147.804,147.806,0,twelvedata,2025-08-26 17:50:29
1933,USD/JPY,2025-08-11 23:00:00,147.804,147.944,147.782,147.88699,0,twelvedata,2025-08-26 17:50:29
1934,USD/JPY,2025-08-12 00:00:00,147.886,148.072998,147.869,148.046997,0,twelvedata,2025-08-26 17:50:29
1935,USD/JPY,2025-08-12 01:00:00,148.048004,148.11301,147.94,147.99699,0,twelvedata,2025-08-26 17:50:29
1936,USD/JPY,2025-08-12 02:00:00,147.995,148.029999,147.908,147.989,0,twelvedata,2025-08-26 17:50:29
1937,USD/JPY,2025-08-12 03:00:00,147.98801,148.067993,147.967,147.993,0,twelvedata,2025-08-26 17:50:29
1938,USD/JPY,2025-08-12 04:00:00,147.994,148.166,147.976,148.136,0,twelvedata,2025-08-26 17:50:29
1939,USD/JPY,2025-08-12 05:00:00,148.13,148.24001,148.116,148.229,0,twelvedata,2025-08-26 17:50:29
1940,USD/JPY,2025-08-12 06:00:00,148.22701,148.252,148.089996,148.13901,0,twelvedata,2025-08-26 17:50:29
1941,USD/JPY,2025-08-12 07:00:00,148.14101,148.157,147.923,148.098999,0,twelvedata,2025-08-26 17:50:29
1942,USD/JPY,2025-08-12 08:00:00,148.098999,148.23399,148.084,148.19,0,twelvedata,2025-08-26 17:50:29
1943,USD/JPY,2025-08-12 09:00:00,148.19,148.22099,148.114,148.15199,0,twelvedata,2025-08-26 17:50:29
1944,USD/JPY,2025-08-12 10:00:00,148.146,148.433,148.12801,148.405,0,twelvedata,2025-08-26 17:50:29
1945,USD/JPY,2025-08-12 11:00:00,148.40601,148.40601,148.20399,148.3,0,twelvedata,2025-08-26 17:50:29
1946,USD/JPY,2025-08-12 12:00:00,148.30099,148.343,148.254,148.29601,0,twelvedata,2025-08-26 17:50:29
1947,USD/JPY,2025-08-12 13:00:00,148.295,148.444,148.26401,148.41,0,twelvedata,2025-08-26 17:50:29
1948,USD/JPY,2025-08-12 14:00:00,148.411,148.44501,148.341,148.353,0,twelvedata,2025-08-26 17:50:29
1949,USD/JPY,2025-08-12 15:00:00,148.349,148.40199,148.23199,148.339,0,twelvedata,2025-08-26 17:50:29
1950,USD/JPY,2025-08-12 16:00:00,148.336,148.403,148.146,148.26601,0,twelvedata,2025-08-26 17:50:29
1951,USD/JPY,2025-08-12 17:00:00,148.27299,148.368,148.202,148.26401,0,twelvedata,2025-08-26 17:50:29
1952,USD/JPY,2025-08-12 18:00:00,148.25999,148.466,148.256,148.423,0,twelvedata,2025-08-26 17:50:29
1953,USD/JPY,2025-08-12 19:00:00,148.423,148.485,148.347,148.468,0,twelvedata,2025-08-26 17:50:29
1954,USD/JPY,2025-08-12 20:00:00,148.468,148.481,148.364,148.465,0,twelvedata,2025-08-26 17:50:29
1955,USD/JPY,2025-08-12 21:00:00,148.463,148.494,148.438,148.44299,0,twelvedata,2025-08-26 17:50:29
1956,USD/JPY,2025-08-12 22:00:00,148.438,148.519,147.841,148.039001,0,twelvedata,2025-08-26 17:50:29
1957,USD/JPY,2025-08-12 23:00:00,148.033005,148.44701,147.90401,148.205,0,twelvedata,2025-08-26 17:50:29
1958,USD/JPY,2025-08-13 00:00:00,148.205,148.401,148.070007,148.157,0,twelvedata,2025-08-26 17:50:29
1959,USD/JPY,2025-08-13 01:00:00,148.159,148.177,147.57401,147.80499,0,twelvedata,2025-08-26 17:50:29
1960,USD/JPY,2025-08-13 02:00:00,147.806,147.862,147.655,147.713,0,twelvedata,2025-08-26 17:50:29
1961,USD/JPY,2025-08-13 03:00:00,147.711,147.79401,147.685,147.75999,0,twelvedata,2025-08-26 17:50:29
1962,USD/JPY,2025-08-13 04:00:00,147.76401,147.80499,147.69,147.737,0,twelvedata,2025-08-26 17:50:29
1963,USD/JPY,2025-08-13 05:00:00,147.73801,147.787,147.694,147.756,0,twelvedata,2025-08-26 17:50:29
1964,USD/JPY,2025-08-13 06:00:00,147.757,147.87601,147.741,147.83501,0,twelvedata,2025-08-26 17:50:29
1965,USD/JPY,2025-08-13 07:00:00,147.819,147.858,147.69099,147.834,0,twelvedata,2025-08-26 17:50:29
1966,USD/JPY,2025-08-13 08:00:00,147.82001,147.84399,147.755,147.784,0,twelvedata,2025-08-26 17:50:29
1967,USD/JPY,2025-08-13 09:00:00,147.793,147.82001,147.73,147.77,0,twelvedata,2025-08-26 17:50:29
1968,USD/JPY,2025-08-13 10:00:00,147.769,147.894,147.698,147.80499,0,twelvedata,2025-08-26 17:50:29
1969,USD/JPY,2025-08-13 11:00:00,147.80099,148.087006,147.728,148.056,0,twelvedata,2025-08-26 17:50:29
1970,USD/JPY,2025-08-13 12:00:00,148.054993,148.16901,148.022003,148.044006,0,twelvedata,2025-08-26 17:50:29
1971,USD/JPY,2025-08-13 13:00:00,148.046005,148.108,147.95599,147.996,0,twelvedata,2025-08-26 17:50:29
1972,USD/JPY,2025-08-13 14:00:00,147.998,148.101,147.927,147.931,0,twelvedata,2025-08-26 17:50:29
1973,USD/JPY,2025-08-13 15:00:00,147.92999,148.0090027,147.89101,147.92999,0,twelvedata,2025-08-26 17:50:29
1974,USD/JPY,2025-08-13 16:00:00,147.929,147.948,147.716,147.78101,0,twelvedata,2025-08-26 17:50:29
1975,USD/JPY,2025-08-13 17:00:00,147.783,147.795,147.39799,147.524,0,twelvedata,2025-08-26 17:50:29
1976,USD/JPY,2025-08-13 18:00:00,147.52699,147.535,147.196,147.26801,0,twelvedata,2025-08-26 17:50:29
1977,USD/JPY,2025-08-13 19:00:00,147.26401,147.27,147.174,147.21201,0,twelvedata,2025-08-26 17:50:29
1978,USD/JPY,2025-08-13 20:00:00,147.214,147.418,147.188,147.409,0,twelvedata,2025-08-26 17:50:29
1979,USD/JPY,2025-08-13 21:00:00,147.408,147.56599,147.269,147.278,0,twelvedata,2025-08-26 17:50:29
1980,USD/JPY,2025-08-13 22:00:00,147.27901,147.491,147.15199,147.41,0,twelvedata,2025-08-26 17:50:29
1981,USD/JPY,2025-08-13 23:00:00,147.409,147.43401,147.188,147.203,0,twelvedata,2025-08-26 17:50:29
1982,USD/JPY,2025-08-14 00:00:00,147.19701,147.25,147.098999,147.145,0,twelvedata,2025-08-26 17:50:29
1983,USD/JPY,2025-08-14 01:00:00,147.144,147.312,147.087006,147.24899,0,twelvedata,2025-08-26 17:50:29
1984,USD/JPY,2025-08-14 02:00:00,147.246,147.351,147.21001,147.341,0,twelvedata,2025-08-26 17:50:29
1985,USD/JPY,2025-08-14 03:00:00,147.345,147.424,147.314,147.388,0,twelvedata,2025-08-26 17:50:29
1986,USD/JPY,2025-08-14 04:00:00,147.386,147.513,147.384,147.431,0,twelvedata,2025-08-26 17:50:29
1987,USD/JPY,2025-08-14 05:00:00,147.43401,147.47501,147.38,147.442,0,twelvedata,2025-08-26 17:50:29
1988,USD/JPY,2025-08-14 06:00:00,147.44501,147.457,147.31599,147.355,0,twelvedata,2025-08-26 17:50:29
1989,USD/JPY,2025-08-14 07:00:00,147.36099,147.39799,147.23,147.24899,0,twelvedata,2025-08-26 17:50:29
1990,USD/JPY,2025-08-14 08:00:00,147.274,147.362,147.243,147.259,0,twelvedata,2025-08-26 17:50:29
1991,USD/JPY,2025-08-14 09:00:00,147.256,147.259,147.108,147.123,0,twelvedata,2025-08-26 17:50:29
1992,USD/JPY,2025-08-14 10:00:00,147.12199,147.123,146.616,146.688,0,twelvedata,2025-08-26 17:50:29
1993,USD/JPY,2025-08-14 11:00:00,146.688,146.69299,146.369,146.495,0,twelvedata,2025-08-26 17:50:29
1994,USD/JPY,2025-08-14 12:00:00,146.493,146.735,146.493,146.7,0,twelvedata,2025-08-26 17:50:29
1995,USD/JPY,2025-08-14 13:00:00,146.696,146.75101,146.537,146.54401,0,twelvedata,2025-08-26 17:50:29
1996,USD/JPY,2025-08-14 14:00:00,146.54201,146.56599,146.332,146.383,0,twelvedata,2025-08-26 17:50:29
1997,USD/JPY,2025-08-14 15:00:00,146.384,146.57001,146.38,146.468,0,twelvedata,2025-08-26 17:50:29
1998,USD/JPY,2025-08-14 16:00:00,146.467,146.52699,146.21001,146.48399,0,twelvedata,2025-08-26 17:50:29
1999,USD/JPY,2025-08-14 17:00:00,146.481,146.584,146.308,146.548,0,twelvedata,2025-08-26 17:50:29
2000,USD/JPY,2025-08-14 18:00:00,146.547,146.633,146.42,146.552,0,twelvedata,2025-08-26 17:50:29
2001,USD/JPY,2025-08-14 19:00:00,146.55099,146.653,146.433,146.631,0,twelvedata,2025-08-26 17:50:29
2002,USD/JPY,2025-08-14 20:00:00,146.63,146.67,146.429,146.526,0,twelvedata,2025-08-26 17:50:29
2003,USD/JPY,2025-08-14 21:00:00,146.524,146.629,146.431,146.493,0,twelvedata,2025-08-26 17:50:29
2004,USD/JPY,2025-08-14 22:00:00,146.492,147.106,146.422,146.95,0,twelvedata,2025-08-26 17:50:29
2005,USD/JPY,2025-08-14 23:00:00,146.95399,147.418,146.94501,147.41499,0,twelvedata,2025-08-26 17:50:29
2006,USD/JPY,2025-08-15 00:00:00,147.411,147.558,147.36099,147.48199,0,twelvedata,2025-08-26 17:50:29
2007,USD/JPY,2025-08-15 01:00:00,147.48199,147.804,147.47,147.69099,0,twelvedata,2025-08-26 17:50:29
2008,USD/JPY,2025-08-15 02:00:00,147.692,147.892,147.68401,147.845,0,twelvedata,2025-08-26 17:50:29
2009,USD/JPY,2025-08-15 03:00:00,147.847,147.908,147.74699,147.866,0,twelvedata,2025-08-26 17:50:29
2010,USD/JPY,2025-08-15 04:00:00,147.864,147.96201,147.84801,147.877,0,twelvedata,2025-08-26 17:50:29
2011,USD/JPY,2025-08-15 05:00:00,147.87199,147.88,147.76199,147.774,0,twelvedata,2025-08-26 17:50:29
2012,USD/JPY,2025-08-15 06:00:00,147.77499,147.784,147.718,147.75301,0,twelvedata,2025-08-26 17:50:29
2013,USD/JPY,2025-08-15 07:00:00,147.739,147.85201,147.694,147.761,0,twelvedata,2025-08-26 17:50:29
2014,USD/JPY,2025-08-15 08:00:00,147.76801,147.80901,147.73399,147.786,0,twelvedata,2025-08-26 17:50:29
2015,USD/JPY,2025-08-15 09:00:00,147.776,147.868,147.657,147.679,0,twelvedata,2025-08-26 17:50:29
2016,USD/JPY,2025-08-15 10:00:00,147.68201,147.72701,147.46201,147.483,0,twelvedata,2025-08-26 17:50:29
2017,USD/JPY,2025-08-15 11:00:00,147.476,147.515,147.198,147.285,0,twelvedata,2025-08-26 17:50:29
2018,USD/JPY,2025-08-15 12:00:00,147.282,147.394,147.248,147.284,0,twelvedata,2025-08-26 17:50:29
2019,USD/JPY,2025-08-15 13:00:00,147.284,147.297,147.174,147.22701,0,twelvedata,2025-08-26 17:50:29
2020,USD/JPY,2025-08-15 14:00:00,147.226,147.233,147.11,147.134,0,twelvedata,2025-08-26 17:50:29
2021,USD/JPY,2025-08-15 15:00:00,147.13901,147.173,147.042007,147.15199,0,twelvedata,2025-08-26 17:50:29
2022,USD/JPY,2025-08-15 16:00:00,147.146,147.22301,147.044998,147.095001,0,twelvedata,2025-08-26 17:50:29
2023,USD/JPY,2025-08-15 17:00:00,147.093994,147.22301,146.976,147.0050049,0,twelvedata,2025-08-26 17:50:29
2024,USD/JPY,2025-08-15 18:00:00,147.003006,147.014008,146.84801,146.85201,0,twelvedata,2025-08-26 17:50:29
2025,USD/JPY,2025-08-15 19:00:00,146.855,146.912,146.754,146.892,0,twelvedata,2025-08-26 17:50:29
2026,USD/JPY,2025-08-15 20:00:00,146.88901,146.97,146.798,146.952,0,twelvedata,2025-08-26 17:50:29
2027,USD/JPY,2025-08-15 21:00:00,146.94901,147.054001,146.90199,146.98,0,twelvedata,2025-08-26 17:50:29
2028,USD/JPY,2025-08-15 22:00:00,146.983,147.28,146.73399,146.89,0,twelvedata,2025-08-26 17:50:29
2029,USD/JPY,2025-08-15 23:00:00,146.882,147.098999,146.76401,146.961,0,twelvedata,2025-08-26 17:50:29
2030,USD/JPY,2025-08-16 00:00:00,146.96001,147.048996,146.79601,146.85001,0,twelvedata,2025-08-26 17:50:29
2031,USD/JPY,2025-08-16 01:00:00,146.851,147.046005,146.81,147.0059967,0,twelvedata,2025-08-26 17:50:29
2032,USD/JPY,2025-08-16 02:00:00,147.0,147.26401,146.99899,147.201,0,twelvedata,2025-08-26 17:50:29
2033,USD/JPY,2025-08-16 03:00:00,147.196,147.332,147.19501,147.23801,0,twelvedata,2025-08-26 17:50:29
2034,USD/JPY,2025-08-16 04:00:00,147.233,147.30901,147.198,147.211,0,twelvedata,2025-08-26 17:50:29
2035,USD/JPY,2025-08-16 05:00:00,147.211,147.25301,147.188,147.239,0,twelvedata,2025-08-26 17:50:29
2036,USD/JPY,2025-08-16 06:00:00,147.235,147.256,147.138,147.177,0,twelvedata,2025-08-26 17:50:29
2037,USD/JPY,2025-08-18 09:00:00,147.17,147.38499,147.161,147.233,0,twelvedata,2025-08-26 17:50:29
2038,USD/JPY,2025-08-18 10:00:00,147.226,147.463,147.22099,147.42101,0,twelvedata,2025-08-26 17:50:29
2039,USD/JPY,2025-08-18 11:00:00,147.42101,147.584,147.328,147.33,0,twelvedata,2025-08-26 17:50:29
2040,USD/JPY,2025-08-18 12:00:00,147.328,147.52499,147.29401,147.46201,0,twelvedata,2025-08-26 17:50:29
2041,USD/JPY,2025-08-18 13:00:00,147.452,147.48399,147.33,147.383,0,twelvedata,2025-08-26 17:50:29
2042,USD/JPY,2025-08-18 14:00:00,147.38,147.507,147.34801,147.373,0,twelvedata,2025-08-26 17:50:29
2043,USD/JPY,2025-08-18 15:00:00,147.373,147.455,147.33,147.38,0,twelvedata,2025-08-26 17:50:29
2044,USD/JPY,2025-08-18 16:00:00,147.379,147.49899,147.315,147.37801,0,twelvedata,2025-08-26 17:50:29
2045,USD/JPY,2025-08-18 17:00:00,147.37,147.47,147.11301,147.448,0,twelvedata,2025-08-26 17:50:29
2046,USD/JPY,2025-08-18 18:00:00,147.448,147.521,147.246,147.336,0,twelvedata,2025-08-26 17:50:29
2047,USD/JPY,2025-08-18 19:00:00,147.336,147.47301,147.27299,147.408,0,twelvedata,2025-08-26 17:50:29
2048,USD/JPY,2025-08-18 20:00:00,147.411,147.46899,147.358,147.42101,0,twelvedata,2025-08-26 17:50:29
2049,USD/JPY,2025-08-18 21:00:00,147.42,147.57401,147.35899,147.548,0,twelvedata,2025-08-26 17:50:29
2050,USD/JPY,2025-08-18 22:00:00,147.547,147.79401,147.51199,147.728,0,twelvedata,2025-08-26 17:50:29
2051,USD/JPY,2025-08-18 23:00:00,147.728,147.92,147.70799,147.82001,0,twelvedata,2025-08-26 17:50:29
2052,USD/JPY,2025-08-19 00:00:00,147.81,147.98,147.68201,147.936,0,twelvedata,2025-08-26 17:50:29
2053,USD/JPY,2025-08-19 01:00:00,147.936,147.985,147.73,147.754,0,twelvedata,2025-08-26 17:50:29
2054,USD/JPY,2025-08-19 02:00:00,147.754,147.80701,147.674,147.78999,0,twelvedata,2025-08-26 17:50:29
2055,USD/JPY,2025-08-19 03:00:00,147.78999,147.825,147.65401,147.797,0,twelvedata,2025-08-26 17:50:29
2056,USD/JPY,2025-08-19 04:00:00,147.797,147.864,147.735,147.85899,0,twelvedata,2025-08-26 17:50:29
2057,USD/JPY,2025-08-19 05:00:00,147.85699,147.886,147.819,147.819,0,twelvedata,2025-08-26 17:50:29
2058,USD/JPY,2025-08-19 06:00:00,147.819,147.925,147.80099,147.869,0,twelvedata,2025-08-26 17:50:29
2059,USD/JPY,2025-08-19 07:00:00,147.87,147.87,147.71201,147.80299,0,twelvedata,2025-08-26 17:50:29
2060,USD/JPY,2025-08-19 08:00:00,147.798,147.88499,147.752,147.854,0,twelvedata,2025-08-26 17:50:29
2061,USD/JPY,2025-08-19 09:00:00,147.871,147.981,147.871,147.916,0,twelvedata,2025-08-26 17:50:29
2062,USD/JPY,2025-08-19 10:00:00,147.916,147.98199,147.767,147.776,0,twelvedata,2025-08-26 17:50:29
2063,USD/JPY,2025-08-19 11:00:00,147.771,148.11301,147.61501,147.746,0,twelvedata,2025-08-26 17:50:29
2064,USD/JPY,2025-08-19 12:00:00,147.74001,147.827,147.65601,147.80299,0,twelvedata,2025-08-26 17:50:29
2065,USD/JPY,2025-08-19 13:00:00,147.81,147.87801,147.718,147.82401,0,twelvedata,2025-08-26 17:50:29
2066,USD/JPY,2025-08-19 14:00:00,147.83,147.875,147.73599,147.754,0,twelvedata,2025-08-26 17:50:29
2067,USD/JPY,2025-08-19 15:00:00,147.75999,147.778,147.608,147.63901,0,twelvedata,2025-08-26 17:50:29
2068,USD/JPY,2025-08-19 16:00:00,147.642,147.707,147.56599,147.595,0,twelvedata,2025-08-26 17:50:29
2069,USD/JPY,2025-08-19 17:00:00,147.59801,147.71001,147.52699,147.69901,0,twelvedata,2025-08-26 17:50:29
2070,USD/JPY,2025-08-19 18:00:00,147.70399,147.75,147.617,147.664,0,twelvedata,2025-08-26 17:50:29
2071,USD/JPY,2025-08-19 19:00:00,147.659,147.813,147.617,147.76401,0,twelvedata,2025-08-26 17:50:29
2072,USD/JPY,2025-08-19 20:00:00,147.76401,147.77,147.59599,147.713,0,twelvedata,2025-08-26 17:50:29
2073,USD/JPY,2025-08-19 21:00:00,147.705,147.82001,147.642,147.70599,0,twelvedata,2025-08-26 17:50:29
2074,USD/JPY,2025-08-19 22:00:00,147.70599,147.853,147.689,147.776,0,twelvedata,2025-08-26 17:50:29
2075,USD/JPY,2025-08-19 23:00:00,147.776,147.903,147.631,147.647,0,twelvedata,2025-08-26 17:50:29
2076,USD/JPY,2025-08-20 00:00:00,147.647,147.80701,147.547,147.726,0,twelvedata,2025-08-26 17:50:29
2077,USD/JPY,2025-08-20 01:00:00,147.73199,147.791,147.62399,147.726,0,twelvedata,2025-08-26 17:50:29
2078,USD/JPY,2025-08-20 02:00:00,147.726,147.726,147.549,147.619,0,twelvedata,2025-08-26 17:50:29
2079,USD/JPY,2025-08-20 03:00:00,147.619,147.647,147.439,147.472,0,twelvedata,2025-08-26 17:50:29
2080,USD/JPY,2025-08-20 04:00:00,147.46899,147.578,147.446,147.507,0,twelvedata,2025-08-26 17:50:29
2081,USD/JPY,2025-08-20 05:00:00,147.507,147.58701,147.45399,147.578,0,twelvedata,2025-08-26 17:50:29
2082,USD/JPY,2025-08-20 06:00:00,147.578,147.698,147.578,147.655,0,twelvedata,2025-08-26 17:50:29
2083,USD/JPY,2025-08-20 07:00:00,147.662,147.66499,147.55099,147.55099,0,twelvedata,2025-08-26 17:50:29
2084,USD/JPY,2025-08-20 08:00:00,147.563,147.647,147.54601,147.59599,0,twelvedata,2025-08-26 17:50:29
2085,USD/JPY,2025-08-20 09:00:00,147.59399,147.756,147.589,147.739,0,twelvedata,2025-08-26 17:50:29
2086,USD/JPY,2025-08-20 10:00:00,147.733,147.817,147.49899,147.56799,0,twelvedata,2025-08-26 17:50:29
2087,USD/JPY,2025-08-20 11:00:00,147.56799,147.666,147.416,147.49699,0,twelvedata,2025-08-26 17:50:29
2088,USD/JPY,2025-08-20 12:00:00,147.492,147.62199,147.465,147.57899,0,twelvedata,2025-08-26 17:50:29
2089,USD/JPY,2025-08-20 13:00:00,147.573,147.591,147.44901,147.526,0,twelvedata,2025-08-26 17:50:29
2090,USD/JPY,2025-08-20 14:00:00,147.522,147.608,147.45,147.575,0,twelvedata,2025-08-26 17:50:29
2091,USD/JPY,2025-08-20 15:00:00,147.575,147.58099,147.399,147.455,0,twelvedata,2025-08-26 17:50:29
2092,USD/JPY,2025-08-20 16:00:00,147.45599,147.476,147.132,147.37199,0,twelvedata,2025-08-26 17:50:29
2093,USD/JPY,2025-08-20 17:00:00,147.37801,147.696,147.32401,147.621,0,twelvedata,2025-08-26 17:50:29
2094,USD/JPY,2025-08-20 18:00:00,147.62199,147.647,147.51801,147.582,0,twelvedata,2025-08-26 17:50:29
2095,USD/JPY,2025-08-20 19:00:00,147.58,147.591,147.41701,147.47301,0,twelvedata,2025-08-26 17:50:29
2096,USD/JPY,2025-08-20 20:00:00,147.47301,147.494,147.36301,147.451,0,twelvedata,2025-08-26 17:50:29
2097,USD/JPY,2025-08-20 21:00:00,147.446,147.547,147.412,147.533,0,twelvedata,2025-08-26 17:50:29
2098,USD/JPY,2025-08-20 22:00:00,147.533,147.539,147.235,147.27,0,twelvedata,2025-08-26 17:50:29
2099,USD/JPY,2025-08-20 23:00:00,147.27,147.44,147.078003,147.145,0,twelvedata,2025-08-26 17:50:29
2100,USD/JPY,2025-08-21 00:00:00,147.15199,147.255,146.866,146.995,0,twelvedata,2025-08-26 17:50:29
2101,USD/JPY,2025-08-21 01:00:00,146.99001,147.211,146.944,147.19,0,twelvedata,2025-08-26 17:50:29
2102,USD/JPY,2025-08-21 02:00:00,147.19,147.231,147.091995,147.11099,0,twelvedata,2025-08-26 17:50:29
2103,USD/JPY,2025-08-21 03:00:00,147.11301,147.14101,147.0070038,147.022995,0,twelvedata,2025-08-26 17:50:29
2104,USD/JPY,2025-08-21 04:00:00,147.020004,147.287,146.993,147.269,0,twelvedata,2025-08-26 17:50:29
2105,USD/JPY,2025-08-21 05:00:00,147.26601,147.35699,147.23199,147.342,0,twelvedata,2025-08-26 17:50:29
2106,USD/JPY,2025-08-21 06:00:00,147.33299,147.493,147.28101,147.30901,0,twelvedata,2025-08-26 17:50:29
2107,USD/JPY,2025-08-21 07:00:00,147.311,147.334,147.258,147.293,0,twelvedata,2025-08-26 17:50:29
2108,USD/JPY,2025-08-21 08:00:00,147.29601,147.37,147.248,147.339,0,twelvedata,2025-08-26 17:50:29
2109,USD/JPY,2025-08-21 09:00:00,147.339,147.41299,147.29201,147.297,0,twelvedata,2025-08-26 17:50:29
2110,USD/JPY,2025-08-21 10:00:00,147.298,147.46201,147.24899,147.383,0,twelvedata,2025-08-26 17:50:29
2111,USD/JPY,2025-08-21 11:00:00,147.381,147.507,147.30701,147.42101,0,twelvedata,2025-08-26 17:50:29
2112,USD/JPY,2025-08-21 12:00:00,147.424,147.45399,147.25,147.33701,0,twelvedata,2025-08-26 17:50:29
2113,USD/JPY,2025-08-21 13:00:00,147.33701,147.44701,147.283,147.41901,0,twelvedata,2025-08-26 17:50:29
2114,USD/JPY,2025-08-21 14:00:00,147.414,147.42999,147.341,147.381,0,twelvedata,2025-08-26 17:50:29
2115,USD/JPY,2025-08-21 15:00:00,147.382,147.5,147.364,147.422,0,twelvedata,2025-08-26 17:50:29
2116,USD/JPY,2025-08-21 16:00:00,147.423,147.57899,147.33299,147.55901,0,twelvedata,2025-08-26 17:50:29
2117,USD/JPY,2025-08-21 17:00:00,147.55901,147.63901,147.506,147.59,0,twelvedata,2025-08-26 17:50:29
2118,USD/JPY,2025-08-21 18:00:00,147.59,147.62601,147.55099,147.582,0,twelvedata,2025-08-26 17:50:29
2119,USD/JPY,2025-08-21 19:00:00,147.58501,147.69701,147.474,147.66499,0,twelvedata,2025-08-26 17:50:29
2120,USD/JPY,2025-08-21 20:00:00,147.67,147.89101,147.65601,147.84801,0,twelvedata,2025-08-26 17:50:29
2121,USD/JPY,2025-08-21 21:00:00,147.836,147.933,147.81599,147.924,0,twelvedata,2025-08-26 17:50:29
2122,USD/JPY,2025-08-21 22:00:00,147.91901,147.92999,147.575,147.75,0,twelvedata,2025-08-26 17:50:29
2123,USD/JPY,2025-08-21 23:00:00,147.74899,147.94099,147.578,147.789,0,twelvedata,2025-08-26 17:50:29
2124,USD/JPY,2025-08-22 00:00:00,147.79401,148.17,147.789,148.15199,0,twelvedata,2025-08-26 17:50:29
2125,USD/JPY,2025-08-22 01:00:00,148.15601,148.403,148.072998,148.353,0,twelvedata,2025-08-26 17:50:29
2126,USD/JPY,2025-08-22 02:00:00,148.35201,148.395,148.272,148.282,0,twelvedata,2025-08-26 17:50:29
2127,USD/JPY,2025-08-22 03:00:00,148.282,148.306,148.16499,148.272,0,twelvedata,2025-08-26 17:50:29
2128,USD/JPY,2025-08-22 04:00:00,148.26601,148.34801,148.22701,148.341,0,twelvedata,2025-08-26 17:50:29
2129,USD/JPY,2025-08-22 05:00:00,148.347,148.407,148.339,148.371,0,twelvedata,2025-08-26 17:50:29
2130,USD/JPY,2025-08-22 06:00:00,148.371,148.38499,148.315,148.35201,0,twelvedata,2025-08-26 17:50:29
2131,USD/JPY,2025-08-22 07:00:00,148.36301,148.381,148.215,148.349,0,twelvedata,2025-08-26 17:50:29
2132,USD/JPY,2025-08-22 08:00:00,148.342,148.37801,148.312,148.328,0,twelvedata,2025-08-26 17:50:29
2133,USD/JPY,2025-08-22 09:00:00,148.328,148.45399,148.28799,148.386,0,twelvedata,2025-08-26 17:50:29
2134,USD/JPY,2025-08-22 10:00:00,148.379,148.506,148.27499,148.46899,0,twelvedata,2025-08-26 17:50:29
2135,USD/JPY,2025-08-22 11:00:00,148.47,148.685,148.405,148.54401,0,twelvedata,2025-08-26 17:50:29
2136,USD/JPY,2025-08-22 12:00:00,148.54401,148.56,148.451,148.48801,0,twelvedata,2025-08-26 17:50:29
2137,USD/JPY,2025-08-22 13:00:00,148.48399,148.717,148.478,148.67,0,twelvedata,2025-08-26 17:50:29
2138,USD/JPY,2025-08-22 14:00:00,148.666,148.763,148.63901,148.745,0,twelvedata,2025-08-26 17:50:29
2139,USD/JPY,2025-08-22 15:00:00,148.739,148.778,148.59399,148.657,0,twelvedata,2025-08-26 17:50:29
2140,USD/JPY,2025-08-22 16:00:00,148.659,148.70799,148.416,148.51199,0,twelvedata,2025-08-26 17:50:29
2141,USD/JPY,2025-08-22 17:00:00,148.50999,148.62199,148.40601,148.601,0,twelvedata,2025-08-26 17:50:29
2142,USD/JPY,2025-08-22 18:00:00,148.604,148.675,148.53999,148.634,0,twelvedata,2025-08-26 17:50:29
2143,USD/JPY,2025-08-22 19:00:00,148.632,148.71001,148.595,148.707,0,twelvedata,2025-08-26 17:50:29
2144,USD/JPY,2025-08-22 20:00:00,148.69299,148.73399,148.61501,148.627,0,twelvedata,2025-08-26 17:50:29
2145,USD/JPY,2025-08-22 21:00:00,148.627,148.74001,148.592,148.71001,0,twelvedata,2025-08-26 17:50:29
2146,USD/JPY,2025-08-22 22:00:00,148.709,148.722,148.597,148.70599,0,twelvedata,2025-08-26 17:50:29
2147,USD/JPY,2025-08-22 23:00:00,148.69901,148.72,148.48801,148.599,0,twelvedata,2025-08-26 17:50:29
2148,USD/JPY,2025-08-23 00:00:00,148.599,148.603,146.80099,146.853,0,twelvedata,2025-08-26 17:50:29
2149,USD/JPY,2025-08-23 01:00:00,146.849,146.896,146.56799,146.81799,0,twelvedata,2025-08-26 17:50:29
2150,USD/JPY,2025-08-23 02:00:00,146.827,146.851,146.642,146.70799,0,twelvedata,2025-08-26 17:50:29
2151,USD/JPY,2025-08-23 03:00:00,146.702,146.73801,146.57201,146.63699,0,twelvedata,2025-08-26 17:50:29
2152,USD/JPY,2025-08-23 04:00:00,146.645,146.875,146.599,146.85899,0,twelvedata,2025-08-26 17:50:29
2153,USD/JPY,2025-08-23 05:00:00,146.86501,147.0010071,146.839,146.963,0,twelvedata,2025-08-26 17:50:29
2154,USD/JPY,2025-08-23 06:00:00,146.965,146.98801,146.86099,146.903,0,twelvedata,2025-08-26 17:50:29
2155,USD/JPY,2025-08-25 09:00:00,147.063004,147.306,147.039001,147.263,0,twelvedata,2025-08-26 17:50:29
2156,USD/JPY,2025-08-25 10:00:00,147.26199,147.52699,147.243,147.38499,0,twelvedata,2025-08-26 17:50:29
2157,USD/JPY,2025-08-25 11:00:00,147.38499,147.461,147.248,147.397,0,twelvedata,2025-08-26 17:50:29
2158,USD/JPY,2025-08-25 12:00:00,147.39101,147.515,147.388,147.433,0,twelvedata,2025-08-26 17:50:29
2159,USD/JPY,2025-08-25 13:00:00,147.433,147.437,147.299,147.33701,0,twelvedata,2025-08-26 17:50:29
2160,USD/JPY,2025-08-25 14:00:00,147.33501,147.358,147.2,147.228,0,twelvedata,2025-08-26 17:50:29
2161,USD/JPY,2025-08-25 15:00:00,147.23,147.37601,147.226,147.29601,0,twelvedata,2025-08-26 17:50:29
2162,USD/JPY,2025-08-25 16:00:00,147.29401,147.319,147.091995,147.16499,0,twelvedata,2025-08-26 17:50:29
2163,USD/JPY,2025-08-25 17:00:00,147.158,147.371,147.134,147.33099,0,twelvedata,2025-08-26 17:50:29
2164,USD/JPY,2025-08-25 18:00:00,147.33099,147.369,147.25,147.286,0,twelvedata,2025-08-26 17:50:29
2165,USD/JPY,2025-08-25 19:00:00,147.28101,147.383,147.216,147.343,0,twelvedata,2025-08-26 17:50:29
2166,USD/JPY,2025-08-25 20:00:00,147.343,147.448,147.31599,147.439,0,twelvedata,2025-08-26 17:50:29
2167,USD/JPY,2025-08-25 21:00:00,147.43401,147.446,147.27699,147.31599,0,twelvedata,2025-08-26 17:50:29
2168,USD/JPY,2025-08-25 22:00:00,147.32201,147.452,147.30701,147.381,0,twelvedata,2025-08-26 17:50:29
2169,USD/JPY,2025-08-25 23:00:00,147.375,147.54601,147.299,147.299,0,twelvedata,2025-08-26 17:50:29
2170,USD/JPY,2025-08-26 00:00:00,147.314,147.495,147.285,147.489,0,twelvedata,2025-08-26 17:50:29
2171,GBP/USD,2025-06-27 00:00:00,1.37359,1.37533,1.37287,1.37334,0,twelvedata,2025-08-26 17:50:32
2172,GBP/USD,2025-06-27 01:00:00,1.37331,1.37525,1.37265,1.37525,0,twelvedata,2025-08-26 17:50:32
2173,GBP/USD,2025-06-27 02:00:00,1.37521,1.37703,1.37423,1.37557,0,twelvedata,2025-08-26 17:50:32
2174,GBP/USD,2025-06-27 03:00:00,1.37555,1.37627,1.37555,1.37576,0,twelvedata,2025-08-26 17:50:32
2175,GBP/USD,2025-06-27 04:00:00,1.37571,1.37601,1.37484,1.37493,0,twelvedata,2025-08-26 17:50:32
2176,GBP/USD,2025-06-27 05:00:00,1.37484,1.37484,1.37304,1.37336,0,twelvedata,2025-08-26 17:50:32
2177,GBP/USD,2025-06-27 06:00:00,1.37355,1.37357,1.37236,1.37278,0,twelvedata,2025-08-26 17:50:32
2178,GBP/USD,2025-06-27 07:00:00,1.37287,1.37415,1.37257,1.37291,0,twelvedata,2025-08-26 17:50:32
2179,GBP/USD,2025-06-27 08:00:00,1.37291,1.37291,1.37178,1.37204,0,twelvedata,2025-08-26 17:50:32
2180,GBP/USD,2025-06-27 09:00:00,1.37223,1.37302,1.37223,1.37255,0,twelvedata,2025-08-26 17:50:32
2181,GBP/USD,2025-06-27 10:00:00,1.37274,1.37353,1.37274,1.37312,0,twelvedata,2025-08-26 17:50:32
2182,GBP/USD,2025-06-27 11:00:00,1.37297,1.3741,1.37244,1.37374,0,twelvedata,2025-08-26 17:50:32
2183,GBP/USD,2025-06-27 12:00:00,1.37382,1.37451,1.37357,1.3744,0,twelvedata,2025-08-26 17:50:32
2184,GBP/USD,2025-06-27 13:00:00,1.37429,1.37497,1.37365,1.37366,0,twelvedata,2025-08-26 17:50:32
2185,GBP/USD,2025-06-27 14:00:00,1.37365,1.37378,1.3724,1.3724,0,twelvedata,2025-08-26 17:50:32
2186,GBP/USD,2025-06-27 15:00:00,1.37276,1.37306,1.37216,1.37266,0,twelvedata,2025-08-26 17:50:32
2187,GBP/USD,2025-06-27 16:00:00,1.37238,1.37474,1.37238,1.37474,0,twelvedata,2025-08-26 17:50:32
2188,GBP/USD,2025-06-27 17:00:00,1.37484,1.37501,1.37363,1.374,0,twelvedata,2025-08-26 17:50:32
2189,GBP/USD,2025-06-27 18:00:00,1.37434,1.37504,1.3734,1.37436,0,twelvedata,2025-08-26 17:50:32
2190,GBP/USD,2025-06-27 19:00:00,1.37451,1.37455,1.37349,1.37402,0,twelvedata,2025-08-26 17:50:32
2191,GBP/USD,2025-06-27 20:00:00,1.37429,1.37472,1.37223,1.37248,0,twelvedata,2025-08-26 17:50:32
2192,GBP/USD,2025-06-27 21:00:00,1.37265,1.37387,1.37263,1.37376,0,twelvedata,2025-08-26 17:50:32
2193,GBP/USD,2025-06-27 22:00:00,1.37351,1.3751,1.37227,1.37419,0,twelvedata,2025-08-26 17:50:32
2194,GBP/USD,2025-06-27 23:00:00,1.37429,1.37432,1.37161,1.37231,0,twelvedata,2025-08-26 17:50:32
2195,GBP/USD,2025-06-28 00:00:00,1.37195,1.37276,1.37045,1.37161,0,twelvedata,2025-08-26 17:50:32
2196,GBP/USD,2025-06-28 01:00:00,1.37163,1.37272,1.37088,1.37186,0,twelvedata,2025-08-26 17:50:32
2197,GBP/USD,2025-06-28 02:00:00,1.37178,1.37244,1.37048,1.3708,0,twelvedata,2025-08-26 17:50:32
2198,GBP/USD,2025-06-28 03:00:00,1.37067,1.37118,1.36879,1.36924,0,twelvedata,2025-08-26 17:50:32
2199,GBP/USD,2025-06-28 04:00:00,1.36964,1.36994,1.36851,1.36973,0,twelvedata,2025-08-26 17:50:32
2200,GBP/USD,2025-06-28 05:00:00,1.36966,1.37105,1.36966,1.37069,0,twelvedata,2025-08-26 17:50:32
2201,GBP/USD,2025-06-28 06:00:00,1.37084,1.37236,1.37082,1.37236,0,twelvedata,2025-08-26 17:50:32
2202,GBP/USD,2025-06-28 07:00:00,1.37229,1.37229,1.37229,1.37229,0,twelvedata,2025-08-26 17:50:32
2203,GBP/USD,2025-06-28 08:00:00,1.37115,1.37115,1.37115,1.37115,0,twelvedata,2025-08-26 17:50:32
2204,GBP/USD,2025-06-30 09:00:00,1.3724,1.37287,1.37186,1.37186,0,twelvedata,2025-08-26 17:50:32
2205,GBP/USD,2025-06-30 10:00:00,1.37204,1.37219,1.37088,1.37131,0,twelvedata,2025-08-26 17:50:32
2206,GBP/USD,2025-06-30 11:00:00,1.37131,1.37297,1.37122,1.37206,0,twelvedata,2025-08-26 17:50:32
2207,GBP/USD,2025-06-30 12:00:00,1.37223,1.37266,1.3717,1.37182,0,twelvedata,2025-08-26 17:50:32
2208,GBP/USD,2025-06-30 13:00:00,1.37172,1.37216,1.37122,1.37137,0,twelvedata,2025-08-26 17:50:32
2209,GBP/USD,2025-06-30 14:00:00,1.37127,1.37304,1.37127,1.37304,0,twelvedata,2025-08-26 17:50:32
2210,GBP/USD,2025-06-30 15:00:00,1.37304,1.37406,1.37278,1.37289,0,twelvedata,2025-08-26 17:50:32
2211,GBP/USD,2025-06-30 16:00:00,1.37291,1.37374,1.37236,1.37372,0,twelvedata,2025-08-26 17:50:32
2212,GBP/USD,2025-06-30 17:00:00,1.37332,1.37332,1.37045,1.37045,0,twelvedata,2025-08-26 17:50:32
2213,GBP/USD,2025-06-30 18:00:00,1.37045,1.37054,1.36945,1.37007,0,twelvedata,2025-08-26 17:50:32
2214,GBP/USD,2025-06-30 19:00:00,1.36996,1.37037,1.36928,1.36951,0,twelvedata,2025-08-26 17:50:32
2215,GBP/USD,2025-06-30 20:00:00,1.36919,1.37022,1.36913,1.37022,0,twelvedata,2025-08-26 17:50:32
2216,GBP/USD,2025-06-30 21:00:00,1.37028,1.37118,1.36984,1.37063,0,twelvedata,2025-08-26 17:50:32
2217,GBP/USD,2025-06-30 22:00:00,1.37063,1.37063,1.36855,1.36938,0,twelvedata,2025-08-26 17:50:32
2218,GBP/USD,2025-06-30 23:00:00,1.36951,1.36951,1.36778,1.36825,0,twelvedata,2025-08-26 17:50:32
2219,GBP/USD,2025-07-01 00:00:00,1.36849,1.37112,1.3676,1.37039,0,twelvedata,2025-08-26 17:50:32
2220,GBP/USD,2025-07-01 01:00:00,1.36999,1.37231,1.36971,1.37204,0,twelvedata,2025-08-26 17:50:32
2221,GBP/USD,2025-07-01 02:00:00,1.37206,1.37234,1.36999,1.37142,0,twelvedata,2025-08-26 17:50:32
2222,GBP/USD,2025-07-01 03:00:00,1.37152,1.37178,1.37069,1.37101,0,twelvedata,2025-08-26 17:50:32
2223,GBP/USD,2025-07-01 04:00:00,1.37103,1.37212,1.37093,1.37191,0,twelvedata,2025-08-26 17:50:32
2224,GBP/USD,2025-07-01 05:00:00,1.3717,1.37278,1.37165,1.37278,0,twelvedata,2025-08-26 17:50:32
2225,GBP/USD,2025-07-01 06:00:00,1.37261,1.37366,1.37257,1.37344,0,twelvedata,2025-08-26 17:50:32
2226,GBP/USD,2025-07-01 07:00:00,1.37306,1.37357,1.37217,1.37295,0,twelvedata,2025-08-26 17:50:32
2227,GBP/USD,2025-07-01 08:00:00,1.37314,1.37368,1.37276,1.37319,0,twelvedata,2025-08-26 17:50:32
2228,GBP/USD,2025-07-01 09:00:00,1.37325,1.37342,1.37302,1.37327,0,twelvedata,2025-08-26 17:50:32
2229,GBP/USD,2025-07-01 10:00:00,1.37365,1.37421,1.37327,1.37421,0,twelvedata,2025-08-26 17:50:32
2230,GBP/USD,2025-07-01 11:00:00,1.37415,1.37499,1.3727,1.3727,0,twelvedata,2025-08-26 17:50:32
2231,GBP/USD,2025-07-01 12:00:00,1.37266,1.3738,1.37259,1.37374,0,twelvedata,2025-08-26 17:50:32
2232,GBP/USD,2025-07-01 13:00:00,1.37374,1.37466,1.37374,1.3738,0,twelvedata,2025-08-26 17:50:32
2233,GBP/USD,2025-07-01 14:00:00,1.37391,1.37482,1.3737,1.37402,0,twelvedata,2025-08-26 17:50:32
2234,GBP/USD,2025-07-01 15:00:00,1.3741,1.37489,1.37393,1.37466,0,twelvedata,2025-08-26 17:50:32
2235,GBP/USD,2025-07-01 16:00:00,1.37461,1.37504,1.37391,1.3741,0,twelvedata,2025-08-26 17:50:32
2236,GBP/USD,2025-07-01 17:00:00,1.37385,1.37678,1.37355,1.37678,0,twelvedata,2025-08-26 17:50:32
2237,GBP/USD,2025-07-01 18:00:00,1.37671,1.3783,1.37595,1.37764,0,twelvedata,2025-08-26 17:50:32
2238,GBP/USD,2025-07-01 19:00:00,1.37724,1.37813,1.37599,1.37764,0,twelvedata,2025-08-26 17:50:32
2239,GBP/USD,2025-07-01 20:00:00,1.37781,1.37887,1.37758,1.3777,0,twelvedata,2025-08-26 17:50:32
2240,GBP/USD,2025-07-01 21:00:00,1.37749,1.37783,1.37561,1.37561,0,twelvedata,2025-08-26 17:50:32
2241,GBP/USD,2025-07-01 22:00:00,1.37553,1.37597,1.37415,1.37419,0,twelvedata,2025-08-26 17:50:32
2242,GBP/USD,2025-07-01 23:00:00,1.374,1.37417,1.37302,1.3734,0,twelvedata,2025-08-26 17:50:32
2243,GBP/USD,2025-07-02 00:00:00,1.37201,1.37295,1.3709,1.37189,0,twelvedata,2025-08-26 17:50:32
2244,GBP/USD,2025-07-02 01:00:00,1.37152,1.37238,1.3705,1.37238,0,twelvedata,2025-08-26 17:50:32
2245,GBP/USD,2025-07-02 02:00:00,1.37242,1.37253,1.37138,1.37238,0,twelvedata,2025-08-26 17:50:32
2246,GBP/USD,2025-07-02 03:00:00,1.37266,1.37382,1.37225,1.37374,0,twelvedata,2025-08-26 17:50:32
2247,GBP/USD,2025-07-02 04:00:00,1.37376,1.37376,1.37323,1.37372,0,twelvedata,2025-08-26 17:50:32
2248,GBP/USD,2025-07-02 05:00:00,1.37383,1.37425,1.37359,1.374,0,twelvedata,2025-08-26 17:50:32
2249,GBP/USD,2025-07-02 06:00:00,1.37414,1.37512,1.37398,1.37476,0,twelvedata,2025-08-26 17:50:32
2250,GBP/USD,2025-07-02 07:00:00,1.37459,1.37521,1.37432,1.37478,0,twelvedata,2025-08-26 17:50:32
2251,GBP/USD,2025-07-02 08:00:00,1.3748,1.3748,1.37425,1.37436,0,twelvedata,2025-08-26 17:50:32
2252,GBP/USD,2025-07-02 09:00:00,1.37436,1.37474,1.37417,1.37472,0,twelvedata,2025-08-26 17:50:32
2253,GBP/USD,2025-07-02 10:00:00,1.37472,1.37495,1.37432,1.37489,0,twelvedata,2025-08-26 17:50:32
2254,GBP/USD,2025-07-02 11:00:00,1.37476,1.37529,1.37374,1.37385,0,twelvedata,2025-08-26 17:50:32
2255,GBP/USD,2025-07-02 12:00:00,1.37391,1.37493,1.37336,1.37465,0,twelvedata,2025-08-26 17:50:32
2256,GBP/USD,2025-07-02 13:00:00,1.37476,1.37518,1.37408,1.37461,0,twelvedata,2025-08-26 17:50:32
2257,GBP/USD,2025-07-02 14:00:00,1.37463,1.37466,1.37442,1.37448,0,twelvedata,2025-08-26 17:50:32
2258,GBP/USD,2025-07-02 15:00:00,1.37444,1.37457,1.37332,1.37361,0,twelvedata,2025-08-26 17:50:32
2259,GBP/USD,2025-07-02 16:00:00,1.37357,1.37408,1.3721,1.37302,0,twelvedata,2025-08-26 17:50:32
2260,GBP/USD,2025-07-02 17:00:00,1.37253,1.37257,1.37069,1.37069,0,twelvedata,2025-08-26 17:50:32
2261,GBP/USD,2025-07-02 18:00:00,1.37043,1.37114,1.36953,1.36984,0,twelvedata,2025-08-26 17:50:32
2262,GBP/USD,2025-07-02 19:00:00,1.37009,1.37009,1.36896,1.36906,0,twelvedata,2025-08-26 17:50:32
2263,GBP/USD,2025-07-02 20:00:00,1.36917,1.37073,1.36917,1.37035,0,twelvedata,2025-08-26 17:50:32
2264,GBP/USD,2025-07-02 21:00:00,1.36984,1.37137,1.36619,1.36619,0,twelvedata,2025-08-26 17:50:32
2265,GBP/USD,2025-07-02 22:00:00,1.3653,1.36676,1.35901,1.3608,0,twelvedata,2025-08-26 17:50:32
2266,GBP/USD,2025-07-02 23:00:00,1.36045,1.36227,1.35812,1.35862,0,twelvedata,2025-08-26 17:50:32
2267,GBP/USD,2025-07-03 00:00:00,1.35871,1.36019,1.35656,1.35931,0,twelvedata,2025-08-26 17:50:32
2268,GBP/USD,2025-07-03 01:00:00,1.35953,1.36218,1.35905,1.36212,0,twelvedata,2025-08-26 17:50:32
2269,GBP/USD,2025-07-03 02:00:00,1.36218,1.36325,1.36149,1.36305,0,twelvedata,2025-08-26 17:50:32
2270,GBP/USD,2025-07-03 03:00:00,1.36323,1.36435,1.36318,1.36342,0,twelvedata,2025-08-26 17:50:32
2271,GBP/USD,2025-07-03 04:00:00,1.3631,1.36411,1.3631,1.36362,0,twelvedata,2025-08-26 17:50:32
2272,GBP/USD,2025-07-03 05:00:00,1.36348,1.36385,1.36277,1.36359,0,twelvedata,2025-08-26 17:50:32
2273,GBP/USD,2025-07-03 06:00:00,1.36338,1.36353,1.36277,1.36351,0,twelvedata,2025-08-26 17:50:32
2274,GBP/USD,2025-07-03 07:00:00,1.3637,1.36677,1.36338,1.36554,0,twelvedata,2025-08-26 17:50:32
2275,GBP/USD,2025-07-03 08:00:00,1.36537,1.36565,1.36476,1.36552,0,twelvedata,2025-08-26 17:50:32
2276,GBP/USD,2025-07-03 09:00:00,1.36534,1.36534,1.36482,1.36498,0,twelvedata,2025-08-26 17:50:32
2277,GBP/USD,2025-07-03 10:00:00,1.36515,1.36541,1.36444,1.3647,0,twelvedata,2025-08-26 17:50:32
2278,GBP/USD,2025-07-03 11:00:00,1.36472,1.36536,1.36441,1.36498,0,twelvedata,2025-08-26 17:50:32
2279,GBP/USD,2025-07-03 12:00:00,1.36478,1.36478,1.36294,1.36357,0,twelvedata,2025-08-26 17:50:32
2280,GBP/USD,2025-07-03 13:00:00,1.36351,1.36385,1.3626,1.36286,0,twelvedata,2025-08-26 17:50:32
2281,GBP/USD,2025-07-03 14:00:00,1.36286,1.36301,1.36251,1.36288,0,twelvedata,2025-08-26 17:50:32
2282,GBP/USD,2025-07-03 15:00:00,1.36299,1.36418,1.36268,1.36396,0,twelvedata,2025-08-26 17:50:32
2283,GBP/USD,2025-07-03 16:00:00,1.36394,1.36511,1.36385,1.36502,0,twelvedata,2025-08-26 17:50:32
2284,GBP/USD,2025-07-03 17:00:00,1.36545,1.36745,1.36513,1.36562,0,twelvedata,2025-08-26 17:50:32
2285,GBP/USD,2025-07-03 18:00:00,1.36567,1.36754,1.36562,1.36668,0,twelvedata,2025-08-26 17:50:32
2286,GBP/USD,2025-07-03 19:00:00,1.36647,1.36655,1.36541,1.36558,0,twelvedata,2025-08-26 17:50:32
2287,GBP/USD,2025-07-03 20:00:00,1.3658,1.36683,1.3648,1.36627,0,twelvedata,2025-08-26 17:50:32
2288,GBP/USD,2025-07-03 21:00:00,1.36597,1.36629,1.36562,1.36577,0,twelvedata,2025-08-26 17:50:32
2289,GBP/USD,2025-07-03 22:00:00,1.36575,1.36593,1.35888,1.36167,0,twelvedata,2025-08-26 17:50:32
2290,GBP/USD,2025-07-03 23:00:00,1.36186,1.36625,1.3616,1.36577,0,twelvedata,2025-08-26 17:50:32
2291,GBP/USD,2025-07-04 00:00:00,1.36717,1.36717,1.3634,1.3647,0,twelvedata,2025-08-26 17:50:32
2292,GBP/USD,2025-07-04 01:00:00,1.36459,1.36603,1.3642,1.36521,0,twelvedata,2025-08-26 17:50:32
2293,GBP/USD,2025-07-04 02:00:00,1.36536,1.3655,1.36364,1.36521,0,twelvedata,2025-08-26 17:50:32
2294,GBP/USD,2025-07-04 03:00:00,1.36506,1.36522,1.36439,1.36474,0,twelvedata,2025-08-26 17:50:32
2295,GBP/USD,2025-07-04 04:00:00,1.36459,1.365,1.36409,1.36418,0,twelvedata,2025-08-26 17:50:32
2296,GBP/USD,2025-07-04 05:00:00,1.36411,1.3647,1.364,1.36467,0,twelvedata,2025-08-26 17:50:32
2297,GBP/USD,2025-07-04 06:00:00,1.36455,1.36552,1.36431,1.36552,0,twelvedata,2025-08-26 17:50:32
2298,GBP/USD,2025-07-04 07:00:00,1.36586,1.36586,1.36476,1.36521,0,twelvedata,2025-08-26 17:50:32
2299,GBP/USD,2025-07-04 08:00:00,1.36519,1.36543,1.36509,1.36537,0,twelvedata,2025-08-26 17:50:32
2300,GBP/USD,2025-07-04 09:00:00,1.36541,1.36681,1.36534,1.36681,0,twelvedata,2025-08-26 17:50:32
2301,GBP/USD,2025-07-04 10:00:00,1.36661,1.36668,1.36599,1.36631,0,twelvedata,2025-08-26 17:50:32
2302,GBP/USD,2025-07-04 11:00:00,1.36636,1.36653,1.36478,1.3648,0,twelvedata,2025-08-26 17:50:32
2303,GBP/USD,2025-07-04 12:00:00,1.36489,1.36562,1.36467,1.36537,0,twelvedata,2025-08-26 17:50:32
2304,GBP/USD,2025-07-04 13:00:00,1.36537,1.36621,1.36532,1.36586,0,twelvedata,2025-08-26 17:50:32
2305,GBP/USD,2025-07-04 14:00:00,1.36578,1.36748,1.36578,1.36732,0,twelvedata,2025-08-26 17:50:32
2306,GBP/USD,2025-07-04 15:00:00,1.36758,1.36818,1.36752,1.36765,0,twelvedata,2025-08-26 17:50:32
2307,GBP/USD,2025-07-04 16:00:00,1.36747,1.36814,1.36677,1.36775,0,twelvedata,2025-08-26 17:50:32
2308,GBP/USD,2025-07-04 17:00:00,1.36782,1.36782,1.36578,1.36595,0,twelvedata,2025-08-26 17:50:32
2309,GBP/USD,2025-07-04 18:00:00,1.36588,1.36672,1.36582,1.36642,0,twelvedata,2025-08-26 17:50:32
2310,GBP/USD,2025-07-04 19:00:00,1.36647,1.36647,1.36521,1.3658,0,twelvedata,2025-08-26 17:50:32
2311,GBP/USD,2025-07-04 20:00:00,1.36573,1.36608,1.36474,1.36489,0,twelvedata,2025-08-26 17:50:32
2312,GBP/USD,2025-07-04 21:00:00,1.36495,1.36562,1.36435,1.36483,0,twelvedata,2025-08-26 17:50:32
2313,GBP/USD,2025-07-04 22:00:00,1.36472,1.3648,1.3634,1.36359,0,twelvedata,2025-08-26 17:50:32
2314,GBP/USD,2025-07-04 23:00:00,1.36375,1.36517,1.36375,1.36495,0,twelvedata,2025-08-26 17:50:32
2315,GBP/USD,2025-07-05 00:00:00,1.36506,1.36539,1.36387,1.36435,0,twelvedata,2025-08-26 17:50:32
2316,GBP/USD,2025-07-05 01:00:00,1.36422,1.36489,1.36409,1.3645,0,twelvedata,2025-08-26 17:50:32
2317,GBP/USD,2025-07-05 02:00:00,1.36426,1.36519,1.36426,1.36465,0,twelvedata,2025-08-26 17:50:32
2318,GBP/USD,2025-07-05 03:00:00,1.36487,1.36522,1.36485,1.36491,0,twelvedata,2025-08-26 17:50:32
2319,GBP/USD,2025-07-05 04:00:00,1.36495,1.36541,1.36483,1.36541,0,twelvedata,2025-08-26 17:50:32
2320,GBP/USD,2025-07-05 05:00:00,1.36541,1.36547,1.36502,1.36515,0,twelvedata,2025-08-26 17:50:32
2321,GBP/USD,2025-07-05 06:00:00,1.36511,1.36586,1.36442,1.36442,0,twelvedata,2025-08-26 17:50:32
2322,GBP/USD,2025-07-05 07:00:00,1.36478,1.36485,1.36478,1.36485,0,twelvedata,2025-08-26 17:50:32
2323,GBP/USD,2025-07-05 08:00:00,1.36485,1.36485,1.36485,1.36485,0,twelvedata,2025-08-26 17:50:32
2324,GBP/USD,2025-07-07 09:00:00,1.36537,1.36549,1.36466,1.36524,0,twelvedata,2025-08-26 17:50:32
2325,GBP/USD,2025-07-07 10:00:00,1.36511,1.36582,1.36463,1.36485,0,twelvedata,2025-08-26 17:50:32
2326,GBP/USD,2025-07-07 11:00:00,1.36463,1.36472,1.36327,1.36333,0,twelvedata,2025-08-26 17:50:32
2327,GBP/USD,2025-07-07 12:00:00,1.36348,1.36381,1.36268,1.36294,0,twelvedata,2025-08-26 17:50:32
2328,GBP/USD,2025-07-07 13:00:00,1.3629,1.36336,1.36266,1.36288,0,twelvedata,2025-08-26 17:50:32
2329,GBP/USD,2025-07-07 14:00:00,1.36282,1.36303,1.36167,1.36179,0,twelvedata,2025-08-26 17:50:32
2330,GBP/USD,2025-07-07 15:00:00,1.36179,1.36249,1.36125,1.3624,0,twelvedata,2025-08-26 17:50:32
2331,GBP/USD,2025-07-07 16:00:00,1.36214,1.36268,1.36041,1.36116,0,twelvedata,2025-08-26 17:50:32
2332,GBP/USD,2025-07-07 17:00:00,1.36169,1.36232,1.36032,1.36091,0,twelvedata,2025-08-26 17:50:32
2333,GBP/USD,2025-07-07 18:00:00,1.36056,1.36058,1.35798,1.35798,0,twelvedata,2025-08-26 17:50:32
2334,GBP/USD,2025-07-07 19:00:00,1.35809,1.36104,1.35761,1.36104,0,twelvedata,2025-08-26 17:50:32
2335,GBP/USD,2025-07-07 20:00:00,1.36073,1.36073,1.35958,1.36045,0,twelvedata,2025-08-26 17:50:32
2336,GBP/USD,2025-07-07 21:00:00,1.36019,1.36218,1.36006,1.36166,0,twelvedata,2025-08-26 17:50:32
2337,GBP/USD,2025-07-07 22:00:00,1.36171,1.36212,1.36127,1.36175,0,twelvedata,2025-08-26 17:50:32
2338,GBP/USD,2025-07-07 23:00:00,1.36179,1.36335,1.36145,1.36292,0,twelvedata,2025-08-26 17:50:32
2339,GBP/USD,2025-07-08 00:00:00,1.36303,1.36476,1.36303,1.36366,0,twelvedata,2025-08-26 17:50:32
2340,GBP/USD,2025-07-08 01:00:00,1.36372,1.36441,1.36299,1.36362,0,twelvedata,2025-08-26 17:50:32
2341,GBP/USD,2025-07-08 02:00:00,1.3637,1.364,1.35953,1.35964,0,twelvedata,2025-08-26 17:50:32
2342,GBP/USD,2025-07-08 03:00:00,1.35964,1.36095,1.35908,1.36029,0,twelvedata,2025-08-26 17:50:32
2343,GBP/USD,2025-07-08 04:00:00,1.36054,1.36153,1.35938,1.36123,0,twelvedata,2025-08-26 17:50:32
2344,GBP/USD,2025-07-08 05:00:00,1.36114,1.36166,1.3608,1.36106,0,twelvedata,2025-08-26 17:50:32
2345,GBP/USD,2025-07-08 06:00:00,1.36095,1.36103,1.3599,1.36019,0,twelvedata,2025-08-26 17:50:32
2346,GBP/USD,2025-07-08 07:00:00,1.36049,1.36117,1.36001,1.36056,0,twelvedata,2025-08-26 17:50:32
2347,GBP/USD,2025-07-08 08:00:00,1.36054,1.36197,1.36054,1.36197,0,twelvedata,2025-08-26 17:50:32
2348,GBP/USD,2025-07-08 09:00:00,1.36184,1.36243,1.3616,1.36243,0,twelvedata,2025-08-26 17:50:32
2349,GBP/USD,2025-07-08 10:00:00,1.36249,1.36374,1.36249,1.3629,0,twelvedata,2025-08-26 17:50:32
2350,GBP/USD,2025-07-08 11:00:00,1.36305,1.36331,1.36197,1.36256,0,twelvedata,2025-08-26 17:50:32
2351,GBP/USD,2025-07-08 12:00:00,1.36251,1.36381,1.36247,1.36307,0,twelvedata,2025-08-26 17:50:32
2352,GBP/USD,2025-07-08 13:00:00,1.36316,1.36385,1.36295,1.36335,0,twelvedata,2025-08-26 17:50:32
2353,GBP/USD,2025-07-08 14:00:00,1.36323,1.36413,1.36308,1.36323,0,twelvedata,2025-08-26 17:50:32
2354,GBP/USD,2025-07-08 15:00:00,1.36314,1.36349,1.36255,1.36294,0,twelvedata,2025-08-26 17:50:32
2355,GBP/USD,2025-07-08 16:00:00,1.36294,1.36325,1.3624,1.36272,0,twelvedata,2025-08-26 17:50:32
2356,GBP/USD,2025-07-08 17:00:00,1.36277,1.36463,1.36277,1.36408,0,twelvedata,2025-08-26 17:50:32
2357,GBP/USD,2025-07-08 18:00:00,1.36403,1.36408,1.36119,1.3613,0,twelvedata,2025-08-26 17:50:32
2358,GBP/USD,2025-07-08 19:00:00,1.36132,1.36143,1.35936,1.35936,0,twelvedata,2025-08-26 17:50:32
2359,GBP/USD,2025-07-08 20:00:00,1.35949,1.35949,1.3577,1.35783,0,twelvedata,2025-08-26 17:50:32
2360,GBP/USD,2025-07-08 21:00:00,1.3577,1.35862,1.35752,1.35752,0,twelvedata,2025-08-26 17:50:32
2361,GBP/USD,2025-07-08 22:00:00,1.35744,1.35849,1.35641,1.35788,0,twelvedata,2025-08-26 17:50:32
2362,GBP/USD,2025-07-08 23:00:00,1.35787,1.35788,1.35413,1.35562,0,twelvedata,2025-08-26 17:50:32
2363,GBP/USD,2025-07-09 00:00:00,1.355,1.3561,1.3527,1.35452,0,twelvedata,2025-08-26 17:50:32
2364,GBP/USD,2025-07-09 01:00:00,1.35468,1.35783,1.35417,1.35728,0,twelvedata,2025-08-26 17:50:32
2365,GBP/USD,2025-07-09 02:00:00,1.35722,1.35822,1.35648,1.35787,0,twelvedata,2025-08-26 17:50:32
2366,GBP/USD,2025-07-09 03:00:00,1.35798,1.35934,1.35781,1.35925,0,twelvedata,2025-08-26 17:50:32
2367,GBP/USD,2025-07-09 04:00:00,1.35934,1.35966,1.35866,1.35938,0,twelvedata,2025-08-26 17:50:32
2368,GBP/USD,2025-07-09 05:00:00,1.35966,1.35977,1.3586,1.35886,0,twelvedata,2025-08-26 17:50:32
2369,GBP/USD,2025-07-09 06:00:00,1.35897,1.35964,1.35884,1.35927,0,twelvedata,2025-08-26 17:50:32
2370,GBP/USD,2025-07-09 07:00:00,1.35894,1.35936,1.35755,1.35879,0,twelvedata,2025-08-26 17:50:32
2371,GBP/USD,2025-07-09 08:00:00,1.35905,1.35953,1.35905,1.35949,0,twelvedata,2025-08-26 17:50:32
2372,GBP/USD,2025-07-09 09:00:00,1.3594,1.35942,1.35847,1.35851,0,twelvedata,2025-08-26 17:50:32
2373,GBP/USD,2025-07-09 10:00:00,1.35857,1.35871,1.35762,1.35871,0,twelvedata,2025-08-26 17:50:32
2374,GBP/USD,2025-07-09 11:00:00,1.35868,1.35894,1.35779,1.35875,0,twelvedata,2025-08-26 17:50:32
2375,GBP/USD,2025-07-09 12:00:00,1.35858,1.35932,1.35661,1.35746,0,twelvedata,2025-08-26 17:50:32
2376,GBP/USD,2025-07-09 13:00:00,1.35742,1.35742,1.35658,1.35702,0,twelvedata,2025-08-26 17:50:32
2377,GBP/USD,2025-07-09 14:00:00,1.35693,1.35862,1.35682,1.35862,0,twelvedata,2025-08-26 17:50:32
2378,GBP/USD,2025-07-09 15:00:00,1.35862,1.35958,1.35847,1.35879,0,twelvedata,2025-08-26 17:50:32
2379,GBP/USD,2025-07-09 16:00:00,1.35873,1.36066,1.35822,1.36038,0,twelvedata,2025-08-26 17:50:32
2380,GBP/USD,2025-07-09 17:00:00,1.3604,1.36045,1.35801,1.35868,0,twelvedata,2025-08-26 17:50:32
2381,GBP/USD,2025-07-09 18:00:00,1.35862,1.36053,1.3584,1.36003,0,twelvedata,2025-08-26 17:50:32
2382,GBP/USD,2025-07-09 19:00:00,1.36023,1.36067,1.35934,1.35964,0,twelvedata,2025-08-26 17:50:32
2383,GBP/USD,2025-07-09 20:00:00,1.35975,1.36041,1.35834,1.35851,0,twelvedata,2025-08-26 17:50:32
2384,GBP/USD,2025-07-09 21:00:00,1.35836,1.35882,1.35761,1.35768,0,twelvedata,2025-08-26 17:50:32
2385,GBP/USD,2025-07-09 22:00:00,1.35799,1.36121,1.35779,1.3609,0,twelvedata,2025-08-26 17:50:32
2386,GBP/USD,2025-07-09 23:00:00,1.36086,1.36182,1.35858,1.3586,0,twelvedata,2025-08-26 17:50:32
2387,GBP/USD,2025-07-10 00:00:00,1.35873,1.36151,1.35833,1.35894,0,twelvedata,2025-08-26 17:50:32
2388,GBP/USD,2025-07-10 01:00:00,1.35895,1.35943,1.35822,1.35847,0,twelvedata,2025-08-26 17:50:32
2389,GBP/USD,2025-07-10 02:00:00,1.35838,1.35875,1.35801,1.3584,0,twelvedata,2025-08-26 17:50:32
2390,GBP/USD,2025-07-10 03:00:00,1.35842,1.35916,1.35814,1.35888,0,twelvedata,2025-08-26 17:50:32
2391,GBP/USD,2025-07-10 04:00:00,1.35894,1.35975,1.35864,1.35888,0,twelvedata,2025-08-26 17:50:32
2392,GBP/USD,2025-07-10 05:00:00,1.35888,1.36016,1.35881,1.35945,0,twelvedata,2025-08-26 17:50:32
2393,GBP/USD,2025-07-10 06:00:00,1.35953,1.35955,1.35847,1.3586,0,twelvedata,2025-08-26 17:50:32
2394,GBP/USD,2025-07-10 07:00:00,1.35842,1.35919,1.35842,1.35895,0,twelvedata,2025-08-26 17:50:32
2395,GBP/USD,2025-07-10 08:00:00,1.35888,1.35925,1.35888,1.35906,0,twelvedata,2025-08-26 17:50:32
2396,GBP/USD,2025-07-10 09:00:00,1.35906,1.35993,1.35886,1.35993,0,twelvedata,2025-08-26 17:50:32
2397,GBP/USD,2025-07-10 10:00:00,1.35977,1.36136,1.35977,1.3611,0,twelvedata,2025-08-26 17:50:32
2398,GBP/USD,2025-07-10 11:00:00,1.36088,1.36117,1.36038,1.36073,0,twelvedata,2025-08-26 17:50:32
2399,GBP/USD,2025-07-10 12:00:00,1.36088,1.36123,1.3606,1.3608,0,twelvedata,2025-08-26 17:50:32
2400,GBP/USD,2025-07-10 13:00:00,1.36077,1.36091,1.36049,1.36051,0,twelvedata,2025-08-26 17:50:32
2401,GBP/USD,2025-07-10 14:00:00,1.36038,1.3606,1.36008,1.36056,0,twelvedata,2025-08-26 17:50:32
2402,GBP/USD,2025-07-10 15:00:00,1.36056,1.36106,1.36047,1.36095,0,twelvedata,2025-08-26 17:50:32
2403,GBP/USD,2025-07-10 16:00:00,1.36103,1.36173,1.36073,1.36119,0,twelvedata,2025-08-26 17:50:32
2404,GBP/USD,2025-07-10 17:00:00,1.36119,1.36195,1.36032,1.36097,0,twelvedata,2025-08-26 17:50:32
2405,GBP/USD,2025-07-10 18:00:00,1.36143,1.36158,1.36054,1.36069,0,twelvedata,2025-08-26 17:50:32
2406,GBP/USD,2025-07-10 19:00:00,1.36071,1.36164,1.36064,1.3609,0,twelvedata,2025-08-26 17:50:32
2407,GBP/USD,2025-07-10 20:00:00,1.36088,1.36116,1.3599,1.36006,0,twelvedata,2025-08-26 17:50:32
2408,GBP/USD,2025-07-10 21:00:00,1.35995,1.35999,1.35735,1.35785,0,twelvedata,2025-08-26 17:50:32
2409,GBP/USD,2025-07-10 22:00:00,1.35807,1.35853,1.35579,1.3561,0,twelvedata,2025-08-26 17:50:32
2410,GBP/USD,2025-07-10 23:00:00,1.3561,1.35702,1.35461,1.35525,0,twelvedata,2025-08-26 17:50:32
2411,GBP/USD,2025-07-11 00:00:00,1.35531,1.35569,1.35344,1.35544,0,twelvedata,2025-08-26 17:50:32
2412,GBP/USD,2025-07-11 01:00:00,1.35562,1.35711,1.35562,1.35678,0,twelvedata,2025-08-26 17:50:32
2413,GBP/USD,2025-07-11 02:00:00,1.35672,1.35733,1.35617,1.35647,0,twelvedata,2025-08-26 17:50:32
2414,GBP/USD,2025-07-11 03:00:00,1.35637,1.35752,1.35621,1.35722,0,twelvedata,2025-08-26 17:50:32
2415,GBP/USD,2025-07-11 04:00:00,1.3572,1.35759,1.35709,1.35755,0,twelvedata,2025-08-26 17:50:32
2416,GBP/USD,2025-07-11 05:00:00,1.35752,1.35831,1.3574,1.35768,0,twelvedata,2025-08-26 17:50:32
2417,GBP/USD,2025-07-11 06:00:00,1.35764,1.35842,1.35763,1.35799,0,twelvedata,2025-08-26 17:50:32
2418,GBP/USD,2025-07-11 07:00:00,1.35772,1.35809,1.35634,1.3579,0,twelvedata,2025-08-26 17:50:32
2419,GBP/USD,2025-07-11 08:00:00,1.35788,1.35864,1.35788,1.35849,0,twelvedata,2025-08-26 17:50:32
2420,GBP/USD,2025-07-11 09:00:00,1.35846,1.35862,1.35785,1.35807,0,twelvedata,2025-08-26 17:50:32
2421,GBP/USD,2025-07-11 10:00:00,1.35801,1.35809,1.35476,1.3556,0,twelvedata,2025-08-26 17:50:32
2422,GBP/USD,2025-07-11 11:00:00,1.35545,1.35689,1.35501,1.35586,0,twelvedata,2025-08-26 17:50:32
2423,GBP/USD,2025-07-11 12:00:00,1.35602,1.35613,1.35545,1.35547,0,twelvedata,2025-08-26 17:50:32
2424,GBP/USD,2025-07-11 13:00:00,1.35544,1.35672,1.35544,1.35665,0,twelvedata,2025-08-26 17:50:32
2425,GBP/USD,2025-07-11 14:00:00,1.35658,1.35661,1.35501,1.35573,0,twelvedata,2025-08-26 17:50:32
2426,GBP/USD,2025-07-11 15:00:00,1.35569,1.35643,1.35555,1.35637,0,twelvedata,2025-08-26 17:50:32
2427,GBP/USD,2025-07-11 16:00:00,1.35516,1.35522,1.35331,1.35336,0,twelvedata,2025-08-26 17:50:32
2428,GBP/USD,2025-07-11 17:00:00,1.35378,1.35571,1.35369,1.35437,0,twelvedata,2025-08-26 17:50:32
2429,GBP/USD,2025-07-11 18:00:00,1.35426,1.35455,1.353,1.35336,0,twelvedata,2025-08-26 17:50:32
2430,GBP/USD,2025-07-11 19:00:00,1.3536,1.35531,1.35351,1.35437,0,twelvedata,2025-08-26 17:50:32
2431,GBP/USD,2025-07-11 20:00:00,1.35437,1.35498,1.35298,1.35309,0,twelvedata,2025-08-26 17:50:32
2432,GBP/USD,2025-07-11 21:00:00,1.35298,1.3538,1.35022,1.35044,0,twelvedata,2025-08-26 17:50:32
2433,GBP/USD,2025-07-11 22:00:00,1.35026,1.351,1.34976,1.35049,0,twelvedata,2025-08-26 17:50:32
2434,GBP/USD,2025-07-11 23:00:00,1.35058,1.35183,1.34927,1.34962,0,twelvedata,2025-08-26 17:50:32
2435,GBP/USD,2025-07-12 00:00:00,1.34969,1.3508,1.34834,1.35064,0,twelvedata,2025-08-26 17:50:32
2436,GBP/USD,2025-07-12 01:00:00,1.35053,1.35126,1.34986,1.3502,0,twelvedata,2025-08-26 17:50:32
2437,GBP/USD,2025-07-12 02:00:00,1.35018,1.35146,1.34967,1.35079,0,twelvedata,2025-08-26 17:50:32
2438,GBP/USD,2025-07-12 03:00:00,1.35069,1.35157,1.35069,1.35139,0,twelvedata,2025-08-26 17:50:32
2439,GBP/USD,2025-07-12 04:00:00,1.3515,1.35172,1.35106,1.35106,0,twelvedata,2025-08-26 17:50:32
2440,GBP/USD,2025-07-12 05:00:00,1.35097,1.35097,1.34978,1.34978,0,twelvedata,2025-08-26 17:50:32
2441,GBP/USD,2025-07-12 06:00:00,1.34973,1.35013,1.34851,1.34922,0,twelvedata,2025-08-26 17:50:32
2442,GBP/USD,2025-07-12 07:00:00,1.34905,1.34905,1.34877,1.34877,0,twelvedata,2025-08-26 17:50:32
2443,GBP/USD,2025-07-12 08:00:00,1.34877,1.34877,1.34877,1.34877,0,twelvedata,2025-08-26 17:50:32
2444,GBP/USD,2025-07-14 09:00:00,1.34847,1.34956,1.34842,1.34956,0,twelvedata,2025-08-26 17:50:32
2445,GBP/USD,2025-07-14 10:00:00,1.34976,1.35046,1.34965,1.34993,0,twelvedata,2025-08-26 17:50:32
2446,GBP/USD,2025-07-14 11:00:00,1.35002,1.35018,1.34898,1.349,0,twelvedata,2025-08-26 17:50:32
2447,GBP/USD,2025-07-14 12:00:00,1.34907,1.34944,1.34729,1.34742,0,twelvedata,2025-08-26 17:50:32
2448,GBP/USD,2025-07-14 13:00:00,1.34742,1.34851,1.34742,1.34834,0,twelvedata,2025-08-26 17:50:32
2449,GBP/USD,2025-07-14 14:00:00,1.34793,1.34814,1.34764,1.34764,0,twelvedata,2025-08-26 17:50:32
2450,GBP/USD,2025-07-14 15:00:00,1.34733,1.34787,1.3466,1.34662,0,twelvedata,2025-08-26 17:50:32
2451,GBP/USD,2025-07-14 16:00:00,1.34662,1.34662,1.34532,1.34562,0,twelvedata,2025-08-26 17:50:32
2452,GBP/USD,2025-07-14 17:00:00,1.34582,1.3488,1.34573,1.3486,0,twelvedata,2025-08-26 17:50:32
2453,GBP/USD,2025-07-14 18:00:00,1.34847,1.34898,1.34758,1.34762,0,twelvedata,2025-08-26 17:50:32
2454,GBP/USD,2025-07-14 19:00:00,1.34744,1.34876,1.34724,1.34851,0,twelvedata,2025-08-26 17:50:32
2455,GBP/USD,2025-07-14 20:00:00,1.34833,1.3494,1.34833,1.34889,0,twelvedata,2025-08-26 17:50:32
2456,GBP/USD,2025-07-14 21:00:00,1.34882,1.34916,1.34789,1.34838,0,twelvedata,2025-08-26 17:50:32
2457,GBP/USD,2025-07-14 22:00:00,1.34869,1.34924,1.34713,1.34776,0,twelvedata,2025-08-26 17:50:32
2458,GBP/USD,2025-07-14 23:00:00,1.34782,1.34842,1.34689,1.34824,0,twelvedata,2025-08-26 17:50:32
2459,GBP/USD,2025-07-15 00:00:00,1.34816,1.3482,1.34466,1.34479,0,twelvedata,2025-08-26 17:50:32
2460,GBP/USD,2025-07-15 01:00:00,1.3447,1.34597,1.34336,1.34342,0,twelvedata,2025-08-26 17:50:32
2461,GBP/USD,2025-07-15 02:00:00,1.3434,1.34428,1.34289,1.34358,0,twelvedata,2025-08-26 17:50:32
2462,GBP/USD,2025-07-15 03:00:00,1.34369,1.34412,1.34262,1.34333,0,twelvedata,2025-08-26 17:50:32
2463,GBP/USD,2025-07-15 04:00:00,1.34327,1.34356,1.34279,1.34295,0,twelvedata,2025-08-26 17:50:32
2464,GBP/USD,2025-07-15 05:00:00,1.34306,1.34331,1.34253,1.34266,0,twelvedata,2025-08-26 17:50:32
2465,GBP/USD,2025-07-15 06:00:00,1.34275,1.34317,1.34257,1.34264,0,twelvedata,2025-08-26 17:50:32
2466,GBP/USD,2025-07-15 07:00:00,1.3434,1.34354,1.34232,1.34317,0,twelvedata,2025-08-26 17:50:32
2467,GBP/USD,2025-07-15 08:00:00,1.34304,1.34304,1.34266,1.34271,0,twelvedata,2025-08-26 17:50:32
2468,GBP/USD,2025-07-15 09:00:00,1.3428,1.34288,1.34216,1.34277,0,twelvedata,2025-08-26 17:50:32
2469,GBP/USD,2025-07-15 10:00:00,1.34279,1.34403,1.34279,1.34345,0,twelvedata,2025-08-26 17:50:32
2470,GBP/USD,2025-07-15 11:00:00,1.34347,1.34387,1.34271,1.34335,0,twelvedata,2025-08-26 17:50:32
2471,GBP/USD,2025-07-15 12:00:00,1.34333,1.34363,1.3428,1.34331,0,twelvedata,2025-08-26 17:50:32
2472,GBP/USD,2025-07-15 13:00:00,1.34335,1.34353,1.34295,1.34295,0,twelvedata,2025-08-26 17:50:32
2473,GBP/USD,2025-07-15 14:00:00,1.34308,1.34335,1.34289,1.3432,0,twelvedata,2025-08-26 17:50:32
2474,GBP/USD,2025-07-15 15:00:00,1.3432,1.34419,1.3432,1.34401,0,twelvedata,2025-08-26 17:50:32
2475,GBP/USD,2025-07-15 16:00:00,1.34363,1.34439,1.34333,1.34353,0,twelvedata,2025-08-26 17:50:32
2476,GBP/USD,2025-07-15 17:00:00,1.3436,1.34532,1.34293,1.34532,0,twelvedata,2025-08-26 17:50:32
2477,GBP/USD,2025-07-15 18:00:00,1.34503,1.34526,1.34419,1.3447,0,twelvedata,2025-08-26 17:50:32
2478,GBP/USD,2025-07-15 19:00:00,1.3447,1.34573,1.34465,1.34557,0,twelvedata,2025-08-26 17:50:32
2479,GBP/USD,2025-07-15 20:00:00,1.34582,1.34591,1.34501,1.34562,0,twelvedata,2025-08-26 17:50:32
2480,GBP/USD,2025-07-15 21:00:00,1.34559,1.34568,1.34436,1.34439,0,twelvedata,2025-08-26 17:50:32
2481,GBP/USD,2025-07-15 22:00:00,1.34419,1.34662,1.34335,1.3449,0,twelvedata,2025-08-26 17:50:32
2482,GBP/USD,2025-07-15 23:00:00,1.34483,1.34483,1.3402,1.34034,0,twelvedata,2025-08-26 17:50:32
2483,GBP/USD,2025-07-16 00:00:00,1.34021,1.341,1.33878,1.33964,0,twelvedata,2025-08-26 17:50:32
2484,GBP/USD,2025-07-16 01:00:00,1.33969,1.34011,1.33808,1.33958,0,twelvedata,2025-08-26 17:50:32
2485,GBP/USD,2025-07-16 02:00:00,1.33994,1.33994,1.33835,1.33854,0,twelvedata,2025-08-26 17:50:32
2486,GBP/USD,2025-07-16 03:00:00,1.33863,1.33872,1.33801,1.33853,0,twelvedata,2025-08-26 17:50:32
2487,GBP/USD,2025-07-16 04:00:00,1.33853,1.33933,1.33842,1.33903,0,twelvedata,2025-08-26 17:50:32
2488,GBP/USD,2025-07-16 05:00:00,1.3391,1.33917,1.33844,1.33863,0,twelvedata,2025-08-26 17:50:32
2489,GBP/USD,2025-07-16 06:00:00,1.3386,1.33878,1.33799,1.3384,0,twelvedata,2025-08-26 17:50:32
2490,GBP/USD,2025-07-16 07:00:00,1.33854,1.33899,1.33829,1.33849,0,twelvedata,2025-08-26 17:50:32
2491,GBP/USD,2025-07-16 08:00:00,1.33831,1.3386,1.33829,1.33856,0,twelvedata,2025-08-26 17:50:32
2492,GBP/USD,2025-07-16 09:00:00,1.33858,1.33932,1.33847,1.33932,0,twelvedata,2025-08-26 17:50:32
2493,GBP/USD,2025-07-16 10:00:00,1.33935,1.33993,1.33851,1.33948,0,twelvedata,2025-08-26 17:50:32
2494,GBP/USD,2025-07-16 11:00:00,1.33924,1.34007,1.33924,1.33969,0,twelvedata,2025-08-26 17:50:32
2495,GBP/USD,2025-07-16 12:00:00,1.33971,1.33971,1.33844,1.33858,0,twelvedata,2025-08-26 17:50:32
2496,GBP/USD,2025-07-16 13:00:00,1.33874,1.33944,1.33853,1.33887,0,twelvedata,2025-08-26 17:50:32
2497,GBP/USD,2025-07-16 14:00:00,1.33885,1.33967,1.33874,1.33967,0,twelvedata,2025-08-26 17:50:32
2498,GBP/USD,2025-07-16 15:00:00,1.33969,1.33998,1.33919,1.33998,0,twelvedata,2025-08-26 17:50:32
2499,GBP/USD,2025-07-16 16:00:00,1.34126,1.34167,1.34043,1.34091,0,twelvedata,2025-08-26 17:50:32
2500,GBP/USD,2025-07-16 17:00:00,1.34093,1.34104,1.33903,1.33935,0,twelvedata,2025-08-26 17:50:32
2501,GBP/USD,2025-07-16 18:00:00,1.33949,1.34014,1.33906,1.33921,0,twelvedata,2025-08-26 17:50:32
2502,GBP/USD,2025-07-16 19:00:00,1.33912,1.33973,1.33856,1.33967,0,twelvedata,2025-08-26 17:50:32
2503,GBP/USD,2025-07-16 20:00:00,1.33951,1.34064,1.33912,1.34063,0,twelvedata,2025-08-26 17:50:32
2504,GBP/USD,2025-07-16 21:00:00,1.34054,1.34118,1.3398,1.34,0,twelvedata,2025-08-26 17:50:32
2505,GBP/USD,2025-07-16 22:00:00,1.34011,1.34122,1.33838,1.33951,0,twelvedata,2025-08-26 17:50:32
2506,GBP/USD,2025-07-16 23:00:00,1.33946,1.33978,1.3367,1.33769,0,twelvedata,2025-08-26 17:50:32
2507,GBP/USD,2025-07-17 00:00:00,1.33804,1.33989,1.33683,1.33942,0,twelvedata,2025-08-26 17:50:32
2508,GBP/USD,2025-07-17 01:00:00,1.33962,1.34814,1.33942,1.34176,0,twelvedata,2025-08-26 17:50:32
2509,GBP/USD,2025-07-17 02:00:00,1.34196,1.34432,1.34135,1.34225,0,twelvedata,2025-08-26 17:50:32
2510,GBP/USD,2025-07-17 03:00:00,1.34237,1.34405,1.34214,1.34221,0,twelvedata,2025-08-26 17:50:32
2511,GBP/USD,2025-07-17 04:00:00,1.34221,1.34221,1.34072,1.34091,0,twelvedata,2025-08-26 17:50:32
2512,GBP/USD,2025-07-17 05:00:00,1.34115,1.34194,1.34057,1.3418,0,twelvedata,2025-08-26 17:50:32
2513,GBP/USD,2025-07-17 06:00:00,1.34169,1.34226,1.3416,1.34207,0,twelvedata,2025-08-26 17:50:32
2514,GBP/USD,2025-07-17 07:00:00,1.34284,1.34284,1.34156,1.34199,0,twelvedata,2025-08-26 17:50:32
2515,GBP/USD,2025-07-17 08:00:00,1.34183,1.34208,1.34138,1.34144,0,twelvedata,2025-08-26 17:50:32
2516,GBP/USD,2025-07-17 09:00:00,1.34147,1.34174,1.34097,1.34109,0,twelvedata,2025-08-26 17:50:32
2517,GBP/USD,2025-07-17 10:00:00,1.34106,1.34106,1.33964,1.33998,0,twelvedata,2025-08-26 17:50:32
2518,GBP/USD,2025-07-17 11:00:00,1.34018,1.34054,1.33933,1.34054,0,twelvedata,2025-08-26 17:50:32
2519,GBP/USD,2025-07-17 12:00:00,1.34041,1.34041,1.33874,1.33887,0,twelvedata,2025-08-26 17:50:32
2520,GBP/USD,2025-07-17 13:00:00,1.33883,1.33935,1.33851,1.33935,0,twelvedata,2025-08-26 17:50:32
2521,GBP/USD,2025-07-17 14:00:00,1.33933,1.3396,1.3389,1.3396,0,twelvedata,2025-08-26 17:50:32
2522,GBP/USD,2025-07-17 15:00:00,1.33958,1.33991,1.3393,1.33939,0,twelvedata,2025-08-26 17:50:32
2523,GBP/USD,2025-07-17 16:00:00,1.33822,1.34018,1.33756,1.33822,0,twelvedata,2025-08-26 17:50:32
2524,GBP/USD,2025-07-17 17:00:00,1.33842,1.33987,1.3382,1.33849,0,twelvedata,2025-08-26 17:50:32
2525,GBP/USD,2025-07-17 18:00:00,1.3386,1.34097,1.33811,1.34097,0,twelvedata,2025-08-26 17:50:32
2526,GBP/USD,2025-07-17 19:00:00,1.34127,1.34127,1.33935,1.33978,0,twelvedata,2025-08-26 17:50:32
2527,GBP/USD,2025-07-17 20:00:00,1.33964,1.34043,1.33932,1.33996,0,twelvedata,2025-08-26 17:50:32
2528,GBP/USD,2025-07-17 21:00:00,1.34007,1.34021,1.33874,1.33942,0,twelvedata,2025-08-26 17:50:32
2529,GBP/USD,2025-07-17 22:00:00,1.33935,1.34108,1.33856,1.34037,0,twelvedata,2025-08-26 17:50:32
2530,GBP/USD,2025-07-17 23:00:00,1.34045,1.34086,1.33944,1.34002,0,twelvedata,2025-08-26 17:50:32
2531,GBP/USD,2025-07-18 00:00:00,1.33975,1.34142,1.33969,1.341,0,twelvedata,2025-08-26 17:50:32
2532,GBP/USD,2025-07-18 01:00:00,1.34082,1.34198,1.34072,1.34126,0,twelvedata,2025-08-26 17:50:32
2533,GBP/USD,2025-07-18 02:00:00,1.34136,1.34208,1.33984,1.34011,0,twelvedata,2025-08-26 17:50:32
2534,GBP/USD,2025-07-18 03:00:00,1.34012,1.34084,1.33998,1.34039,0,twelvedata,2025-08-26 17:50:32
2535,GBP/USD,2025-07-18 04:00:00,1.34041,1.34124,1.34027,1.341,0,twelvedata,2025-08-26 17:50:32
2536,GBP/USD,2025-07-18 05:00:00,1.34115,1.34203,1.34111,1.34203,0,twelvedata,2025-08-26 17:50:32
2537,GBP/USD,2025-07-18 06:00:00,1.34183,1.34208,1.34147,1.34171,0,twelvedata,2025-08-26 17:50:32
2538,GBP/USD,2025-07-18 07:00:00,1.34217,1.34217,1.34106,1.34178,0,twelvedata,2025-08-26 17:50:32
2539,GBP/USD,2025-07-18 08:00:00,1.34171,1.34331,1.34171,1.34304,0,twelvedata,2025-08-26 17:50:32
2540,GBP/USD,2025-07-18 09:00:00,1.34308,1.34347,1.34286,1.34313,0,twelvedata,2025-08-26 17:50:32
2541,GBP/USD,2025-07-18 10:00:00,1.34322,1.34383,1.34282,1.3432,0,twelvedata,2025-08-26 17:50:32
2542,GBP/USD,2025-07-18 11:00:00,1.34322,1.34401,1.343,1.34362,0,twelvedata,2025-08-26 17:50:32
2543,GBP/USD,2025-07-18 12:00:00,1.34354,1.34398,1.34297,1.3438,0,twelvedata,2025-08-26 17:50:32
2544,GBP/USD,2025-07-18 13:00:00,1.34367,1.34391,1.34286,1.34304,0,twelvedata,2025-08-26 17:50:32
2545,GBP/USD,2025-07-18 14:00:00,1.343,1.343,1.34239,1.34248,0,twelvedata,2025-08-26 17:50:32
2546,GBP/USD,2025-07-18 15:00:00,1.34241,1.34244,1.34136,1.34167,0,twelvedata,2025-08-26 17:50:32
2547,GBP/USD,2025-07-18 16:00:00,1.3416,1.34327,1.34113,1.34322,0,twelvedata,2025-08-26 17:50:32
2548,GBP/USD,2025-07-18 17:00:00,1.34345,1.34392,1.34279,1.34306,0,twelvedata,2025-08-26 17:50:32
2549,GBP/USD,2025-07-18 18:00:00,1.34327,1.34428,1.34327,1.34372,0,twelvedata,2025-08-26 17:50:32
2550,GBP/USD,2025-07-18 19:00:00,1.34371,1.34434,1.34371,1.34414,0,twelvedata,2025-08-26 17:50:32
2551,GBP/USD,2025-07-18 20:00:00,1.3441,1.34541,1.3438,1.34528,0,twelvedata,2025-08-26 17:50:32
2552,GBP/USD,2025-07-18 21:00:00,1.34533,1.34577,1.34503,1.34577,0,twelvedata,2025-08-26 17:50:32
2553,GBP/USD,2025-07-18 22:00:00,1.34573,1.34727,1.34539,1.34579,0,twelvedata,2025-08-26 17:50:32
2554,GBP/USD,2025-07-18 23:00:00,1.34595,1.34738,1.3455,1.34657,0,twelvedata,2025-08-26 17:50:32
2555,GBP/USD,2025-07-19 00:00:00,1.34664,1.347,1.34401,1.34436,0,twelvedata,2025-08-26 17:50:32
2556,GBP/USD,2025-07-19 01:00:00,1.34432,1.34483,1.34354,1.34374,0,twelvedata,2025-08-26 17:50:32
2557,GBP/USD,2025-07-19 02:00:00,1.34362,1.34382,1.34183,1.34194,0,twelvedata,2025-08-26 17:50:32
2558,GBP/USD,2025-07-19 03:00:00,1.34181,1.34208,1.34124,1.34203,0,twelvedata,2025-08-26 17:50:32
2559,GBP/USD,2025-07-19 04:00:00,1.34221,1.34221,1.34151,1.34172,0,twelvedata,2025-08-26 17:50:32
2560,GBP/USD,2025-07-19 05:00:00,1.34176,1.34181,1.34097,1.34145,0,twelvedata,2025-08-26 17:50:32
2561,GBP/USD,2025-07-19 06:00:00,1.3414,1.34165,1.3407,1.3412,0,twelvedata,2025-08-26 17:50:32
2562,GBP/USD,2025-07-19 07:00:00,1.34194,1.34223,1.3409,1.34223,0,twelvedata,2025-08-26 17:50:32
2563,GBP/USD,2025-07-19 08:00:00,1.3404,1.3404,1.3404,1.3404,0,twelvedata,2025-08-26 17:50:32
2564,GBP/USD,2025-07-21 09:00:00,1.34135,1.3418,1.34115,1.34154,0,twelvedata,2025-08-26 17:50:32
2565,GBP/USD,2025-07-21 10:00:00,1.34165,1.34196,1.34041,1.34043,0,twelvedata,2025-08-26 17:50:32
2566,GBP/USD,2025-07-21 11:00:00,1.34028,1.3416,1.34028,1.34135,0,twelvedata,2025-08-26 17:50:32
2567,GBP/USD,2025-07-21 12:00:00,1.34115,1.3416,1.34079,1.34127,0,twelvedata,2025-08-26 17:50:32
2568,GBP/USD,2025-07-21 13:00:00,1.34127,1.34174,1.34115,1.34165,0,twelvedata,2025-08-26 17:50:32
2569,GBP/USD,2025-07-21 14:00:00,1.3416,1.34198,1.34144,1.34194,0,twelvedata,2025-08-26 17:50:32
2570,GBP/USD,2025-07-21 15:00:00,1.34187,1.34253,1.34187,1.34241,0,twelvedata,2025-08-26 17:50:32
2571,GBP/USD,2025-07-21 16:00:00,1.34223,1.34436,1.34223,1.34436,0,twelvedata,2025-08-26 17:50:32
2572,GBP/USD,2025-07-21 17:00:00,1.3443,1.34474,1.34365,1.34456,0,twelvedata,2025-08-26 17:50:32
2573,GBP/USD,2025-07-21 18:00:00,1.34468,1.34651,1.34419,1.34517,0,twelvedata,2025-08-26 17:50:32
2574,GBP/USD,2025-07-21 19:00:00,1.34512,1.34591,1.34463,1.34586,0,twelvedata,2025-08-26 17:50:32
2575,GBP/USD,2025-07-21 20:00:00,1.34584,1.34597,1.34472,1.34575,0,twelvedata,2025-08-26 17:50:32
2576,GBP/USD,2025-07-21 21:00:00,1.3459,1.34798,1.34579,1.34785,0,twelvedata,2025-08-26 17:50:32
2577,GBP/USD,2025-07-21 22:00:00,1.34802,1.34838,1.34747,1.34802,0,twelvedata,2025-08-26 17:50:32
2578,GBP/USD,2025-07-21 23:00:00,1.34784,1.34795,1.34675,1.34702,0,twelvedata,2025-08-26 17:50:32
2579,GBP/USD,2025-07-22 00:00:00,1.34706,1.3496,1.34706,1.34938,0,twelvedata,2025-08-26 17:50:32
2580,GBP/USD,2025-07-22 01:00:00,1.34947,1.35104,1.34947,1.34966,0,twelvedata,2025-08-26 17:50:32
2581,GBP/USD,2025-07-22 02:00:00,1.34947,1.35002,1.34913,1.34955,0,twelvedata,2025-08-26 17:50:32
2582,GBP/USD,2025-07-22 03:00:00,1.34964,1.34964,1.34851,1.34869,0,twelvedata,2025-08-26 17:50:32
2583,GBP/USD,2025-07-22 04:00:00,1.34864,1.34927,1.34856,1.34905,0,twelvedata,2025-08-26 17:50:32
2584,GBP/USD,2025-07-22 05:00:00,1.34916,1.34925,1.34844,1.34844,0,twelvedata,2025-08-26 17:50:32
2585,GBP/USD,2025-07-22 06:00:00,1.34842,1.3494,1.34838,1.3494,0,twelvedata,2025-08-26 17:50:32
2586,GBP/USD,2025-07-22 07:00:00,1.34878,1.34933,1.34867,1.34913,0,twelvedata,2025-08-26 17:50:32
2587,GBP/USD,2025-07-22 08:00:00,1.34927,1.34927,1.34878,1.34896,0,twelvedata,2025-08-26 17:50:32
2588,GBP/USD,2025-07-22 09:00:00,1.34891,1.34902,1.34864,1.34895,0,twelvedata,2025-08-26 17:50:32
2589,GBP/USD,2025-07-22 10:00:00,1.34885,1.34885,1.34804,1.34838,0,twelvedata,2025-08-26 17:50:32
2590,GBP/USD,2025-07-22 11:00:00,1.34844,1.34847,1.34771,1.34809,0,twelvedata,2025-08-26 17:50:32
2591,GBP/USD,2025-07-22 12:00:00,1.34814,1.3488,1.348,1.34827,0,twelvedata,2025-08-26 17:50:32
2592,GBP/USD,2025-07-22 13:00:00,1.3482,1.34834,1.34787,1.34798,0,twelvedata,2025-08-26 17:50:32
2593,GBP/USD,2025-07-22 14:00:00,1.34795,1.34827,1.34753,1.34778,0,twelvedata,2025-08-26 17:50:32
2594,GBP/USD,2025-07-22 15:00:00,1.34769,1.34798,1.34704,1.34745,0,twelvedata,2025-08-26 17:50:32
2595,GBP/USD,2025-07-22 16:00:00,1.34715,1.34744,1.34673,1.34718,0,twelvedata,2025-08-26 17:50:32
2596,GBP/USD,2025-07-22 17:00:00,1.34738,1.34742,1.34642,1.34675,0,twelvedata,2025-08-26 17:50:32
2597,GBP/USD,2025-07-22 18:00:00,1.34657,1.34909,1.34657,1.349,0,twelvedata,2025-08-26 17:50:32
2598,GBP/USD,2025-07-22 19:00:00,1.34924,1.34958,1.34873,1.34958,0,twelvedata,2025-08-26 17:50:32
2599,GBP/USD,2025-07-22 20:00:00,1.34966,1.34998,1.3478,1.34787,0,twelvedata,2025-08-26 17:50:32
2600,GBP/USD,2025-07-22 21:00:00,1.34795,1.34876,1.34758,1.34876,0,twelvedata,2025-08-26 17:50:32
2601,GBP/USD,2025-07-22 22:00:00,1.34878,1.34891,1.34769,1.34816,0,twelvedata,2025-08-26 17:50:32
2602,GBP/USD,2025-07-22 23:00:00,1.34856,1.34893,1.34776,1.34862,0,twelvedata,2025-08-26 17:50:32
2603,GBP/USD,2025-07-23 00:00:00,1.3482,1.35069,1.3474,1.35027,0,twelvedata,2025-08-26 17:50:32
2604,GBP/USD,2025-07-23 01:00:00,1.34998,1.35197,1.34982,1.35197,0,twelvedata,2025-08-26 17:50:32
2605,GBP/USD,2025-07-23 02:00:00,1.35183,1.35327,1.35183,1.35305,0,twelvedata,2025-08-26 17:50:32
2606,GBP/USD,2025-07-23 03:00:00,1.35311,1.35311,1.35208,1.3523,0,twelvedata,2025-08-26 17:50:32
2607,GBP/USD,2025-07-23 04:00:00,1.35223,1.35278,1.35201,1.35272,0,twelvedata,2025-08-26 17:50:32
2608,GBP/USD,2025-07-23 05:00:00,1.35274,1.35333,1.35267,1.35329,0,twelvedata,2025-08-26 17:50:32
2609,GBP/USD,2025-07-23 06:00:00,1.35316,1.35349,1.35276,1.35349,0,twelvedata,2025-08-26 17:50:32
2610,GBP/USD,2025-07-23 07:00:00,1.3525,1.3534,1.3525,1.35281,0,twelvedata,2025-08-26 17:50:32
2611,GBP/USD,2025-07-23 08:00:00,1.35278,1.35291,1.35259,1.35265,0,twelvedata,2025-08-26 17:50:32
2612,GBP/USD,2025-07-23 09:00:00,1.35261,1.35347,1.35195,1.3521,0,twelvedata,2025-08-26 17:50:32
2613,GBP/USD,2025-07-23 10:00:00,1.35219,1.35276,1.35183,1.35276,0,twelvedata,2025-08-26 17:50:32
2614,GBP/USD,2025-07-23 11:00:00,1.35276,1.35287,1.35181,1.35234,0,twelvedata,2025-08-26 17:50:32
2615,GBP/USD,2025-07-23 12:00:00,1.35256,1.353,1.35181,1.35199,0,twelvedata,2025-08-26 17:50:32
2616,GBP/USD,2025-07-23 13:00:00,1.35208,1.35355,1.35203,1.35278,0,twelvedata,2025-08-26 17:50:32
2617,GBP/USD,2025-07-23 14:00:00,1.35281,1.35313,1.35236,1.35272,0,twelvedata,2025-08-26 17:50:32
2618,GBP/USD,2025-07-23 15:00:00,1.35278,1.35305,1.35208,1.35227,0,twelvedata,2025-08-26 17:50:32
2619,GBP/USD,2025-07-23 16:00:00,1.35243,1.35333,1.35172,1.35329,0,twelvedata,2025-08-26 17:50:32
2620,GBP/USD,2025-07-23 17:00:00,1.35342,1.35487,1.3534,1.35432,0,twelvedata,2025-08-26 17:50:32
2621,GBP/USD,2025-07-23 18:00:00,1.35443,1.35483,1.35375,1.35417,0,twelvedata,2025-08-26 17:50:32
2622,GBP/USD,2025-07-23 19:00:00,1.35446,1.35487,1.35375,1.35454,0,twelvedata,2025-08-26 17:50:32
2623,GBP/USD,2025-07-23 20:00:00,1.35446,1.35463,1.35364,1.35371,0,twelvedata,2025-08-26 17:50:32
2624,GBP/USD,2025-07-23 21:00:00,1.35338,1.35439,1.35338,1.354,0,twelvedata,2025-08-26 17:50:32
2625,GBP/USD,2025-07-23 22:00:00,1.35393,1.35441,1.35325,1.35439,0,twelvedata,2025-08-26 17:50:32
2626,GBP/USD,2025-07-23 23:00:00,1.35463,1.35466,1.35247,1.35466,0,twelvedata,2025-08-26 17:50:32
2627,GBP/USD,2025-07-24 00:00:00,1.35465,1.3563,1.354,1.35604,0,twelvedata,2025-08-26 17:50:32
2628,GBP/USD,2025-07-24 01:00:00,1.35591,1.35755,1.35542,1.35704,0,twelvedata,2025-08-26 17:50:32
2629,GBP/USD,2025-07-24 02:00:00,1.35645,1.35707,1.35553,1.35612,0,twelvedata,2025-08-26 17:50:32
2630,GBP/USD,2025-07-24 03:00:00,1.3565,1.35724,1.35593,1.35685,0,twelvedata,2025-08-26 17:50:32
2631,GBP/USD,2025-07-24 04:00:00,1.35707,1.35809,1.35694,1.35798,0,twelvedata,2025-08-26 17:50:32
2632,GBP/USD,2025-07-24 05:00:00,1.35811,1.35834,1.35763,1.35823,0,twelvedata,2025-08-26 17:50:32
2633,GBP/USD,2025-07-24 06:00:00,1.35822,1.35844,1.35796,1.35807,0,twelvedata,2025-08-26 17:50:32
2634,GBP/USD,2025-07-24 07:00:00,1.35807,1.35833,1.35724,1.35816,0,twelvedata,2025-08-26 17:50:32
2635,GBP/USD,2025-07-24 08:00:00,1.35811,1.35862,1.35798,1.35831,0,twelvedata,2025-08-26 17:50:32
2636,GBP/USD,2025-07-24 09:00:00,1.35836,1.3587,1.35794,1.35796,0,twelvedata,2025-08-26 17:50:32
2637,GBP/USD,2025-07-24 10:00:00,1.35785,1.3579,1.35718,1.3574,0,twelvedata,2025-08-26 17:50:32
2638,GBP/USD,2025-07-24 11:00:00,1.35752,1.35882,1.35752,1.35836,0,twelvedata,2025-08-26 17:50:32
2639,GBP/USD,2025-07-24 12:00:00,1.35827,1.35842,1.35763,1.35812,0,twelvedata,2025-08-26 17:50:32
2640,GBP/USD,2025-07-24 13:00:00,1.35807,1.35851,1.35788,1.3579,0,twelvedata,2025-08-26 17:50:32
2641,GBP/USD,2025-07-24 14:00:00,1.35774,1.35818,1.35761,1.35801,0,twelvedata,2025-08-26 17:50:32
2642,GBP/USD,2025-07-24 15:00:00,1.35799,1.35823,1.35768,1.35792,0,twelvedata,2025-08-26 17:50:32
2643,GBP/USD,2025-07-24 16:00:00,1.35772,1.35775,1.35636,1.35636,0,twelvedata,2025-08-26 17:50:32
2644,GBP/USD,2025-07-24 17:00:00,1.35628,1.35672,1.35575,1.35604,0,twelvedata,2025-08-26 17:50:32
2645,GBP/USD,2025-07-24 18:00:00,1.35632,1.35659,1.35437,1.35439,0,twelvedata,2025-08-26 17:50:32
2646,GBP/USD,2025-07-24 19:00:00,1.35437,1.35477,1.35408,1.35477,0,twelvedata,2025-08-26 17:50:32
2647,GBP/USD,2025-07-24 20:00:00,1.35481,1.35505,1.35366,1.35397,0,twelvedata,2025-08-26 17:50:32
2648,GBP/USD,2025-07-24 21:00:00,1.35393,1.35514,1.35386,1.35514,0,twelvedata,2025-08-26 17:50:32
2649,GBP/USD,2025-07-24 22:00:00,1.35527,1.35538,1.35333,1.35367,0,twelvedata,2025-08-26 17:50:32
2650,GBP/USD,2025-07-24 23:00:00,1.35356,1.35529,1.3534,1.35525,0,twelvedata,2025-08-26 17:50:32
2651,GBP/USD,2025-07-25 00:00:00,1.3554,1.35617,1.35355,1.35422,0,twelvedata,2025-08-26 17:50:32
2652,GBP/USD,2025-07-25 01:00:00,1.35428,1.35428,1.35237,1.35247,0,twelvedata,2025-08-26 17:50:32
2653,GBP/USD,2025-07-25 02:00:00,1.35228,1.35269,1.3506,1.35095,0,twelvedata,2025-08-26 17:50:32
2654,GBP/USD,2025-07-25 03:00:00,1.35113,1.35281,1.35113,1.35188,0,twelvedata,2025-08-26 17:50:32
2655,GBP/USD,2025-07-25 04:00:00,1.35199,1.35217,1.35153,1.35175,0,twelvedata,2025-08-26 17:50:32
2656,GBP/USD,2025-07-25 05:00:00,1.35163,1.35199,1.35071,1.35076,0,twelvedata,2025-08-26 17:50:32
2657,GBP/USD,2025-07-25 06:00:00,1.35078,1.35111,1.3504,1.35077,0,twelvedata,2025-08-26 17:50:32
2658,GBP/USD,2025-07-25 07:00:00,1.35071,1.35126,1.34938,1.35122,0,twelvedata,2025-08-26 17:50:32
2659,GBP/USD,2025-07-25 08:00:00,1.35053,1.35069,1.35038,1.3506,0,twelvedata,2025-08-26 17:50:32
2660,GBP/USD,2025-07-25 09:00:00,1.35068,1.35108,1.35046,1.35091,0,twelvedata,2025-08-26 17:50:32
2661,GBP/USD,2025-07-25 10:00:00,1.35108,1.35111,1.35044,1.35077,0,twelvedata,2025-08-26 17:50:32
2662,GBP/USD,2025-07-25 11:00:00,1.35097,1.3513,1.34987,1.35,0,twelvedata,2025-08-26 17:50:32
2663,GBP/USD,2025-07-25 12:00:00,1.35007,1.35007,1.34907,1.34936,0,twelvedata,2025-08-26 17:50:32
2664,GBP/USD,2025-07-25 13:00:00,1.34931,1.34976,1.34887,1.34949,0,twelvedata,2025-08-26 17:50:32
2665,GBP/USD,2025-07-25 14:00:00,1.34945,1.34991,1.3488,1.34913,0,twelvedata,2025-08-26 17:50:32
2666,GBP/USD,2025-07-25 15:00:00,1.34924,1.35048,1.34898,1.35044,0,twelvedata,2025-08-26 17:50:32
2667,GBP/USD,2025-07-25 16:00:00,1.35,1.35029,1.34827,1.34904,0,twelvedata,2025-08-26 17:50:32
2668,GBP/USD,2025-07-25 17:00:00,1.34913,1.34925,1.34675,1.34695,0,twelvedata,2025-08-26 17:50:32
2669,GBP/USD,2025-07-25 18:00:00,1.34706,1.34765,1.34613,1.34631,0,twelvedata,2025-08-26 17:50:32
2670,GBP/USD,2025-07-25 19:00:00,1.34629,1.34646,1.34519,1.34646,0,twelvedata,2025-08-26 17:50:32
2671,GBP/USD,2025-07-25 20:00:00,1.34599,1.34638,1.34535,1.34604,0,twelvedata,2025-08-26 17:50:32
2672,GBP/USD,2025-07-25 21:00:00,1.34579,1.34604,1.34396,1.3451,0,twelvedata,2025-08-26 17:50:32
2673,GBP/USD,2025-07-25 22:00:00,1.34513,1.34544,1.34253,1.34345,0,twelvedata,2025-08-26 17:50:32
2674,GBP/USD,2025-07-25 23:00:00,1.34336,1.34385,1.34169,1.3438,0,twelvedata,2025-08-26 17:50:32
2675,GBP/USD,2025-07-26 00:00:00,1.34383,1.34428,1.34298,1.34318,0,twelvedata,2025-08-26 17:50:32
2676,GBP/USD,2025-07-26 01:00:00,1.34298,1.34383,1.34208,1.34279,0,twelvedata,2025-08-26 17:50:32
2677,GBP/USD,2025-07-26 02:00:00,1.34277,1.34298,1.34178,1.34207,0,twelvedata,2025-08-26 17:50:32
2678,GBP/USD,2025-07-26 03:00:00,1.34226,1.34298,1.34203,1.34298,0,twelvedata,2025-08-26 17:50:32
2679,GBP/USD,2025-07-26 04:00:00,1.34268,1.34367,1.34268,1.34367,0,twelvedata,2025-08-26 17:50:32
2680,GBP/USD,2025-07-26 05:00:00,1.34358,1.3438,1.34336,1.34378,0,twelvedata,2025-08-26 17:50:32
2681,GBP/USD,2025-07-26 06:00:00,1.34362,1.34376,1.34306,1.34374,0,twelvedata,2025-08-26 17:50:32
2682,GBP/USD,2025-07-26 07:00:00,1.34385,1.34385,1.34345,1.34385,0,twelvedata,2025-08-26 17:50:32
2683,GBP/USD,2025-07-26 08:00:00,1.34345,1.34345,1.34345,1.34345,0,twelvedata,2025-08-26 17:50:32
2684,GBP/USD,2025-07-28 09:00:00,1.34347,1.34436,1.34338,1.34374,0,twelvedata,2025-08-26 17:50:32
2685,GBP/USD,2025-07-28 10:00:00,1.34392,1.34492,1.34363,1.34436,0,twelvedata,2025-08-26 17:50:32
2686,GBP/USD,2025-07-28 11:00:00,1.34461,1.34532,1.34327,1.34371,0,twelvedata,2025-08-26 17:50:32
2687,GBP/USD,2025-07-28 12:00:00,1.34338,1.34434,1.34306,1.34396,0,twelvedata,2025-08-26 17:50:32
2688,GBP/USD,2025-07-28 13:00:00,1.34382,1.34434,1.34353,1.34423,0,twelvedata,2025-08-26 17:50:32
2689,GBP/USD,2025-07-28 14:00:00,1.34436,1.34447,1.34331,1.34369,0,twelvedata,2025-08-26 17:50:32
2690,GBP/USD,2025-07-28 15:00:00,1.34347,1.34369,1.34279,1.34279,0,twelvedata,2025-08-26 17:50:32
2691,GBP/USD,2025-07-28 16:00:00,1.34279,1.343,1.34072,1.34208,0,twelvedata,2025-08-26 17:50:32
2692,GBP/USD,2025-07-28 17:00:00,1.34228,1.34311,1.34082,1.34082,0,twelvedata,2025-08-26 17:50:32
2693,GBP/USD,2025-07-28 18:00:00,1.34091,1.34277,1.34091,1.34217,0,twelvedata,2025-08-26 17:50:32
2694,GBP/USD,2025-07-28 19:00:00,1.34198,1.3427,1.34124,1.34144,0,twelvedata,2025-08-26 17:50:32
2695,GBP/USD,2025-07-28 20:00:00,1.34163,1.34217,1.34108,1.34207,0,twelvedata,2025-08-26 17:50:32
2696,GBP/USD,2025-07-28 21:00:00,1.3419,1.34286,1.34064,1.34264,0,twelvedata,2025-08-26 17:50:32
2697,GBP/USD,2025-07-28 22:00:00,1.34293,1.34374,1.34234,1.34369,0,twelvedata,2025-08-26 17:50:32
2698,GBP/USD,2025-07-28 23:00:00,1.34389,1.34389,1.34136,1.34167,0,twelvedata,2025-08-26 17:50:32
2699,GBP/USD,2025-07-29 00:00:00,1.34158,1.34261,1.34111,1.34138,0,twelvedata,2025-08-26 17:50:32
2700,GBP/USD,2025-07-29 01:00:00,1.34122,1.34133,1.33923,1.33923,0,twelvedata,2025-08-26 17:50:32
2701,GBP/USD,2025-07-29 02:00:00,1.33919,1.33919,1.33772,1.33797,0,twelvedata,2025-08-26 17:50:32
2702,GBP/USD,2025-07-29 03:00:00,1.33788,1.33803,1.33581,1.33595,0,twelvedata,2025-08-26 17:50:32
2703,GBP/USD,2025-07-29 04:00:00,1.33602,1.33602,1.33529,1.33529,0,twelvedata,2025-08-26 17:50:32
2704,GBP/USD,2025-07-29 05:00:00,1.33543,1.33554,1.33517,1.33551,0,twelvedata,2025-08-26 17:50:32
2705,GBP/USD,2025-07-29 06:00:00,1.33556,1.33586,1.33535,1.33556,0,twelvedata,2025-08-26 17:50:32
2706,GBP/USD,2025-07-29 07:00:00,1.3357,1.33658,1.33547,1.33586,0,twelvedata,2025-08-26 17:50:32
2707,GBP/USD,2025-07-29 08:00:00,1.33558,1.33613,1.33554,1.33609,0,twelvedata,2025-08-26 17:50:32
2708,GBP/USD,2025-07-29 09:00:00,1.33601,1.33617,1.33559,1.33606,0,twelvedata,2025-08-26 17:50:32
2709,GBP/USD,2025-07-29 10:00:00,1.33597,1.33597,1.3346,1.33463,0,twelvedata,2025-08-26 17:50:32
2710,GBP/USD,2025-07-29 11:00:00,1.33461,1.33581,1.33461,1.33488,0,twelvedata,2025-08-26 17:50:32
2711,GBP/USD,2025-07-29 12:00:00,1.3351,1.33572,1.33501,1.33568,0,twelvedata,2025-08-26 17:50:32
2712,GBP/USD,2025-07-29 13:00:00,1.33561,1.33579,1.33421,1.33422,0,twelvedata,2025-08-26 17:50:32
2713,GBP/USD,2025-07-29 14:00:00,1.33422,1.33504,1.3338,1.33492,0,twelvedata,2025-08-26 17:50:32
2714,GBP/USD,2025-07-29 15:00:00,1.33494,1.33535,1.33445,1.33494,0,twelvedata,2025-08-26 17:50:32
2715,GBP/USD,2025-07-29 16:00:00,1.33486,1.33529,1.33266,1.3328,0,twelvedata,2025-08-26 17:50:32
2716,GBP/USD,2025-07-29 17:00:00,1.33278,1.33353,1.33166,1.33321,0,twelvedata,2025-08-26 17:50:32
2717,GBP/USD,2025-07-29 18:00:00,1.33321,1.3347,1.33292,1.33429,0,twelvedata,2025-08-26 17:50:32
2718,GBP/USD,2025-07-29 19:00:00,1.33456,1.33577,1.3344,1.33522,0,twelvedata,2025-08-26 17:50:32
2719,GBP/USD,2025-07-29 20:00:00,1.33535,1.3362,1.33514,1.33526,0,twelvedata,2025-08-26 17:50:32
2720,GBP/USD,2025-07-29 21:00:00,1.3352,1.33526,1.33296,1.33399,0,twelvedata,2025-08-26 17:50:32
2721,GBP/USD,2025-07-29 22:00:00,1.33388,1.33424,1.33179,1.33179,0,twelvedata,2025-08-26 17:50:32
2722,GBP/USD,2025-07-29 23:00:00,1.33161,1.33255,1.33088,1.33255,0,twelvedata,2025-08-26 17:50:32
2723,GBP/USD,2025-07-30 00:00:00,1.3328,1.33372,1.33111,1.3328,0,twelvedata,2025-08-26 17:50:32
2724,GBP/USD,2025-07-30 01:00:00,1.33284,1.33426,1.33271,1.33385,0,twelvedata,2025-08-26 17:50:32
2725,GBP/USD,2025-07-30 02:00:00,1.33401,1.33476,1.33392,1.33403,0,twelvedata,2025-08-26 17:50:32
2726,GBP/USD,2025-07-30 03:00:00,1.33376,1.33522,1.33376,1.33397,0,twelvedata,2025-08-26 17:50:32
2727,GBP/USD,2025-07-30 04:00:00,1.33396,1.33547,1.33365,1.33547,0,twelvedata,2025-08-26 17:50:32
2728,GBP/USD,2025-07-30 05:00:00,1.33561,1.33629,1.33535,1.33583,0,twelvedata,2025-08-26 17:50:32
2729,GBP/USD,2025-07-30 06:00:00,1.33579,1.33601,1.33495,1.3351,0,twelvedata,2025-08-26 17:50:32
2730,GBP/USD,2025-07-30 07:00:00,1.33486,1.33561,1.33472,1.33508,0,twelvedata,2025-08-26 17:50:32
2731,GBP/USD,2025-07-30 08:00:00,1.33511,1.33545,1.33511,1.33538,0,twelvedata,2025-08-26 17:50:32
2732,GBP/USD,2025-07-30 09:00:00,1.33529,1.3354,1.33506,1.3354,0,twelvedata,2025-08-26 17:50:32
2733,GBP/USD,2025-07-30 10:00:00,1.33542,1.33661,1.33533,1.33661,0,twelvedata,2025-08-26 17:50:32
2734,GBP/USD,2025-07-30 11:00:00,1.33681,1.3369,1.33576,1.33577,0,twelvedata,2025-08-26 17:50:32
2735,GBP/USD,2025-07-30 12:00:00,1.33576,1.33654,1.33554,1.33597,0,twelvedata,2025-08-26 17:50:32
2736,GBP/USD,2025-07-30 13:00:00,1.33604,1.33688,1.33574,1.33597,0,twelvedata,2025-08-26 17:50:32
2737,GBP/USD,2025-07-30 14:00:00,1.33599,1.33599,1.33504,1.33506,0,twelvedata,2025-08-26 17:50:32
2738,GBP/USD,2025-07-30 15:00:00,1.33504,1.33556,1.33481,1.33481,0,twelvedata,2025-08-26 17:50:32
2739,GBP/USD,2025-07-30 16:00:00,1.33485,1.33651,1.33426,1.33651,0,twelvedata,2025-08-26 17:50:32
2740,GBP/USD,2025-07-30 17:00:00,1.3362,1.33686,1.33601,1.33618,0,twelvedata,2025-08-26 17:50:32
2741,GBP/USD,2025-07-30 18:00:00,1.33634,1.33693,1.33604,1.33693,0,twelvedata,2025-08-26 17:50:32
2742,GBP/USD,2025-07-30 19:00:00,1.33676,1.33822,1.33668,1.33811,0,twelvedata,2025-08-26 17:50:32
2743,GBP/USD,2025-07-30 20:00:00,1.33815,1.33844,1.33629,1.33656,0,twelvedata,2025-08-26 17:50:32
2744,GBP/USD,2025-07-30 21:00:00,1.33636,1.33733,1.33583,1.33733,0,twelvedata,2025-08-26 17:50:32
2745,GBP/USD,2025-07-30 22:00:00,1.33743,1.33792,1.33083,1.33083,0,twelvedata,2025-08-26 17:50:32
2746,GBP/USD,2025-07-30 23:00:00,1.33101,1.33124,1.32772,1.32774,0,twelvedata,2025-08-26 17:50:32
2747,GBP/USD,2025-07-31 00:00:00,1.32841,1.32935,1.32809,1.32922,0,twelvedata,2025-08-26 17:50:32
2748,GBP/USD,2025-07-31 01:00:00,1.32901,1.32903,1.32732,1.32733,0,twelvedata,2025-08-26 17:50:32
2749,GBP/USD,2025-07-31 02:00:00,1.32742,1.32814,1.32709,1.32811,0,twelvedata,2025-08-26 17:50:32
2750,GBP/USD,2025-07-31 03:00:00,1.32843,1.32919,1.32814,1.32919,0,twelvedata,2025-08-26 17:50:32
2751,GBP/USD,2025-07-31 04:00:00,1.32968,1.33099,1.32429,1.32429,0,twelvedata,2025-08-26 17:50:32
2752,GBP/USD,2025-07-31 05:00:00,1.32387,1.32492,1.32305,1.32431,0,twelvedata,2025-08-26 17:50:32
2753,GBP/USD,2025-07-31 06:00:00,1.32464,1.32549,1.32384,1.32406,0,twelvedata,2025-08-26 17:50:32
2754,GBP/USD,2025-07-31 07:00:00,1.32326,1.32457,1.32269,1.32368,0,twelvedata,2025-08-26 17:50:32
2755,GBP/USD,2025-07-31 08:00:00,1.32389,1.32549,1.32389,1.32542,0,twelvedata,2025-08-26 17:50:32
2756,GBP/USD,2025-07-31 09:00:00,1.32519,1.32593,1.32491,1.32575,0,twelvedata,2025-08-26 17:50:32
2757,GBP/USD,2025-07-31 10:00:00,1.32557,1.32577,1.3245,1.32514,0,twelvedata,2025-08-26 17:50:32
2758,GBP/USD,2025-07-31 11:00:00,1.32517,1.32584,1.32435,1.32571,0,twelvedata,2025-08-26 17:50:32
2759,GBP/USD,2025-07-31 12:00:00,1.32584,1.32614,1.32531,1.32614,0,twelvedata,2025-08-26 17:50:32
2760,GBP/USD,2025-07-31 13:00:00,1.32608,1.32631,1.32484,1.32605,0,twelvedata,2025-08-26 17:50:32
2761,GBP/USD,2025-07-31 14:00:00,1.32605,1.32688,1.32573,1.32688,0,twelvedata,2025-08-26 17:50:32
2762,GBP/USD,2025-07-31 15:00:00,1.32693,1.32725,1.32656,1.32658,0,twelvedata,2025-08-26 17:50:32
2763,GBP/USD,2025-07-31 16:00:00,1.32637,1.3282,1.32635,1.32799,0,twelvedata,2025-08-26 17:50:32
2764,GBP/USD,2025-07-31 17:00:00,1.32746,1.32784,1.32475,1.32593,0,twelvedata,2025-08-26 17:50:32
2765,GBP/USD,2025-07-31 18:00:00,1.32608,1.32608,1.32406,1.32505,0,twelvedata,2025-08-26 17:50:32
2766,GBP/USD,2025-07-31 19:00:00,1.32507,1.32507,1.32322,1.32329,0,twelvedata,2025-08-26 17:50:32
2767,GBP/USD,2025-07-31 20:00:00,1.32293,1.3234,1.32102,1.32259,0,twelvedata,2025-08-26 17:50:32
2768,GBP/USD,2025-07-31 21:00:00,1.32286,1.32415,1.3223,1.32415,0,twelvedata,2025-08-26 17:50:32
2769,GBP/USD,2025-07-31 22:00:00,1.32392,1.32405,1.32093,1.3217,0,twelvedata,2025-08-26 17:50:32
2770,GBP/USD,2025-07-31 23:00:00,1.32165,1.32181,1.31888,1.31888,0,twelvedata,2025-08-26 17:50:32
2771,GBP/USD,2025-08-01 00:00:00,1.31891,1.32384,1.31884,1.32335,0,twelvedata,2025-08-26 17:50:32
2772,GBP/USD,2025-08-01 01:00:00,1.32336,1.32363,1.32203,1.32223,0,twelvedata,2025-08-26 17:50:32
2773,GBP/USD,2025-08-01 02:00:00,1.32193,1.32366,1.32193,1.32238,0,twelvedata,2025-08-26 17:50:32
2774,GBP/USD,2025-08-01 03:00:00,1.32224,1.32233,1.32039,1.32039,0,twelvedata,2025-08-26 17:50:32
2775,GBP/USD,2025-08-01 04:00:00,1.32032,1.32244,1.32003,1.32209,0,twelvedata,2025-08-26 17:50:32
2776,GBP/USD,2025-08-01 05:00:00,1.32207,1.32273,1.32078,1.32078,0,twelvedata,2025-08-26 17:50:32
2777,GBP/USD,2025-08-01 06:00:00,1.32059,1.32107,1.3201,1.32078,0,twelvedata,2025-08-26 17:50:32
2778,GBP/USD,2025-08-01 07:00:00,1.32086,1.32233,1.32031,1.32034,0,twelvedata,2025-08-26 17:50:32
2779,GBP/USD,2025-08-01 08:00:00,1.32036,1.32095,1.32036,1.32064,0,twelvedata,2025-08-26 17:50:32
2780,GBP/USD,2025-08-01 09:00:00,1.32052,1.3212,1.31997,1.32081,0,twelvedata,2025-08-26 17:50:32
2781,GBP/USD,2025-08-01 10:00:00,1.32074,1.32137,1.32031,1.32106,0,twelvedata,2025-08-26 17:50:32
2782,GBP/USD,2025-08-01 11:00:00,1.32104,1.32135,1.31937,1.31952,0,twelvedata,2025-08-26 17:50:32
2783,GBP/USD,2025-08-01 12:00:00,1.31968,1.31985,1.31903,1.31949,0,twelvedata,2025-08-26 17:50:32
2784,GBP/USD,2025-08-01 13:00:00,1.31959,1.3205,1.31956,1.32004,0,twelvedata,2025-08-26 17:50:32
2785,GBP/USD,2025-08-01 14:00:00,1.32013,1.32018,1.31949,1.31994,0,twelvedata,2025-08-26 17:50:32
2786,GBP/USD,2025-08-01 15:00:00,1.31977,1.3206,1.3197,1.32034,0,twelvedata,2025-08-26 17:50:32
2787,GBP/USD,2025-08-01 16:00:00,1.32027,1.3213,1.31999,1.32043,0,twelvedata,2025-08-26 17:50:32
2788,GBP/USD,2025-08-01 17:00:00,1.32048,1.32057,1.31877,1.31928,0,twelvedata,2025-08-26 17:50:32
2789,GBP/USD,2025-08-01 18:00:00,1.31947,1.31947,1.31615,1.31615,0,twelvedata,2025-08-26 17:50:32
2790,GBP/USD,2025-08-01 19:00:00,1.31619,1.31671,1.3142,1.31494,0,twelvedata,2025-08-26 17:50:32
2791,GBP/USD,2025-08-01 20:00:00,1.3148,1.3166,1.3148,1.3166,0,twelvedata,2025-08-26 17:50:32
2792,GBP/USD,2025-08-01 21:00:00,1.31667,1.31737,1.31584,1.31584,0,twelvedata,2025-08-26 17:50:32
2793,GBP/USD,2025-08-01 22:00:00,1.31581,1.32973,1.31477,1.32825,0,twelvedata,2025-08-26 17:50:32
2794,GBP/USD,2025-08-01 23:00:00,1.3291,1.33049,1.32649,1.32712,0,twelvedata,2025-08-26 17:50:32
2795,GBP/USD,2025-08-02 00:00:00,1.32837,1.32889,1.32594,1.32622,0,twelvedata,2025-08-26 17:50:32
2796,GBP/USD,2025-08-02 01:00:00,1.32622,1.32719,1.32464,1.32631,0,twelvedata,2025-08-26 17:50:32
2797,GBP/USD,2025-08-02 02:00:00,1.32568,1.32635,1.32429,1.32478,0,twelvedata,2025-08-26 17:50:32
2798,GBP/USD,2025-08-02 03:00:00,1.32461,1.32461,1.32165,1.32277,0,twelvedata,2025-08-26 17:50:32
2799,GBP/USD,2025-08-02 04:00:00,1.3231,1.32501,1.3223,1.32301,0,twelvedata,2025-08-26 17:50:32
2800,GBP/USD,2025-08-02 05:00:00,1.32275,1.32772,1.32263,1.32631,0,twelvedata,2025-08-26 17:50:32
2801,GBP/USD,2025-08-02 06:00:00,1.32626,1.32912,1.32626,1.32799,0,twelvedata,2025-08-26 17:50:32
2802,GBP/USD,2025-08-02 07:00:00,1.32739,1.32739,1.32739,1.32739,0,twelvedata,2025-08-26 17:50:32
2803,GBP/USD,2025-08-04 09:00:00,1.32799,1.32924,1.32772,1.32913,0,twelvedata,2025-08-26 17:50:32
2804,GBP/USD,2025-08-04 10:00:00,1.32935,1.32935,1.32596,1.32615,0,twelvedata,2025-08-26 17:50:32
2805,GBP/USD,2025-08-04 11:00:00,1.32605,1.32772,1.32549,1.32772,0,twelvedata,2025-08-26 17:50:32
2806,GBP/USD,2025-08-04 12:00:00,1.32807,1.32848,1.32746,1.32822,0,twelvedata,2025-08-26 17:50:32
2807,GBP/USD,2025-08-04 13:00:00,1.32827,1.32899,1.32827,1.32834,0,twelvedata,2025-08-26 17:50:32
2808,GBP/USD,2025-08-04 14:00:00,1.32836,1.32885,1.3279,1.3279,0,twelvedata,2025-08-26 17:50:32
2809,GBP/USD,2025-08-04 15:00:00,1.32772,1.32836,1.32712,1.3276,0,twelvedata,2025-08-26 17:50:32
2810,GBP/USD,2025-08-04 16:00:00,1.32746,1.32904,1.32707,1.32853,0,twelvedata,2025-08-26 17:50:32
2811,GBP/USD,2025-08-04 17:00:00,1.3282,1.32853,1.32644,1.32776,0,twelvedata,2025-08-26 17:50:32
2812,GBP/USD,2025-08-04 18:00:00,1.32758,1.32799,1.32666,1.32781,0,twelvedata,2025-08-26 17:50:32
2813,GBP/USD,2025-08-04 19:00:00,1.32788,1.33055,1.32767,1.32933,0,twelvedata,2025-08-26 17:50:32
2814,GBP/USD,2025-08-04 20:00:00,1.32931,1.32979,1.32718,1.32965,0,twelvedata,2025-08-26 17:50:32
2815,GBP/USD,2025-08-04 21:00:00,1.32993,1.33138,1.32913,1.3295,0,twelvedata,2025-08-26 17:50:32
2816,GBP/USD,2025-08-04 22:00:00,1.32935,1.33122,1.32846,1.32977,0,twelvedata,2025-08-26 17:50:32
2817,GBP/USD,2025-08-04 23:00:00,1.32984,1.33115,1.32984,1.33023,0,twelvedata,2025-08-26 17:50:32
2818,GBP/USD,2025-08-05 00:00:00,1.33012,1.33305,1.32903,1.32935,0,twelvedata,2025-08-26 17:50:32
2819,GBP/USD,2025-08-05 01:00:00,1.32912,1.32988,1.32804,1.32883,0,twelvedata,2025-08-26 17:50:32
2820,GBP/USD,2025-08-05 02:00:00,1.32922,1.32922,1.32799,1.3286,0,twelvedata,2025-08-26 17:50:32
2821,GBP/USD,2025-08-05 03:00:00,1.32843,1.32866,1.32772,1.32822,0,twelvedata,2025-08-26 17:50:32
2822,GBP/USD,2025-08-05 04:00:00,1.32827,1.3286,1.32739,1.32758,0,twelvedata,2025-08-26 17:50:32
2823,GBP/USD,2025-08-05 05:00:00,1.3279,1.32814,1.32721,1.32749,0,twelvedata,2025-08-26 17:50:32
2824,GBP/USD,2025-08-05 06:00:00,1.3276,1.32892,1.32756,1.32848,0,twelvedata,2025-08-26 17:50:32
2825,GBP/USD,2025-08-05 07:00:00,1.32846,1.32965,1.32823,1.32823,0,twelvedata,2025-08-26 17:50:32
2826,GBP/USD,2025-08-05 08:00:00,1.32853,1.32949,1.32853,1.32929,0,twelvedata,2025-08-26 17:50:32
2827,GBP/USD,2025-08-05 09:00:00,1.32938,1.33003,1.32933,1.3298,0,twelvedata,2025-08-26 17:50:32
2828,GBP/USD,2025-08-05 10:00:00,1.32988,1.33034,1.3291,1.32991,0,twelvedata,2025-08-26 17:50:32
2829,GBP/USD,2025-08-05 11:00:00,1.32991,1.32995,1.32885,1.32901,0,twelvedata,2025-08-26 17:50:32
2830,GBP/USD,2025-08-05 12:00:00,1.3289,1.3289,1.32814,1.32839,0,twelvedata,2025-08-26 17:50:32
2831,GBP/USD,2025-08-05 13:00:00,1.32841,1.32855,1.32772,1.32776,0,twelvedata,2025-08-26 17:50:32
2832,GBP/USD,2025-08-05 14:00:00,1.32767,1.32874,1.32762,1.32862,0,twelvedata,2025-08-26 17:50:32
2833,GBP/USD,2025-08-05 15:00:00,1.32857,1.32857,1.32723,1.32756,0,twelvedata,2025-08-26 17:50:32
2834,GBP/USD,2025-08-05 16:00:00,1.32744,1.32913,1.32737,1.328,0,twelvedata,2025-08-26 17:50:32
2835,GBP/USD,2025-08-05 17:00:00,1.32814,1.32954,1.32637,1.32732,0,twelvedata,2025-08-26 17:50:32
2836,GBP/USD,2025-08-05 18:00:00,1.32702,1.32887,1.32679,1.32788,0,twelvedata,2025-08-26 17:50:32
2837,GBP/USD,2025-08-05 19:00:00,1.3279,1.32942,1.32784,1.32913,0,twelvedata,2025-08-26 17:50:32
2838,GBP/USD,2025-08-05 20:00:00,1.32897,1.32942,1.32837,1.32876,0,twelvedata,2025-08-26 17:50:32
2839,GBP/USD,2025-08-05 21:00:00,1.32846,1.32848,1.3267,1.32809,0,twelvedata,2025-08-26 17:50:32
2840,GBP/USD,2025-08-05 22:00:00,1.32799,1.32894,1.32725,1.32822,0,twelvedata,2025-08-26 17:50:32
2841,GBP/USD,2025-08-05 23:00:00,1.32832,1.32943,1.32707,1.32739,0,twelvedata,2025-08-26 17:50:32
2842,GBP/USD,2025-08-06 00:00:00,1.3289,1.32906,1.32702,1.32906,0,twelvedata,2025-08-26 17:50:32
2843,GBP/USD,2025-08-06 01:00:00,1.32906,1.3309,1.32906,1.33076,0,twelvedata,2025-08-26 17:50:32
2844,GBP/USD,2025-08-06 02:00:00,1.3309,1.33163,1.33051,1.33094,0,twelvedata,2025-08-26 17:50:32
2845,GBP/USD,2025-08-06 03:00:00,1.33101,1.33152,1.33028,1.33048,0,twelvedata,2025-08-26 17:50:32
2846,GBP/USD,2025-08-06 04:00:00,1.33058,1.33058,1.3292,1.32956,0,twelvedata,2025-08-26 17:50:32
2847,GBP/USD,2025-08-06 05:00:00,1.32952,1.3297,1.32901,1.32963,0,twelvedata,2025-08-26 17:50:32
2848,GBP/USD,2025-08-06 06:00:00,1.3297,1.33021,1.32931,1.32966,0,twelvedata,2025-08-26 17:50:32
2849,GBP/USD,2025-08-06 07:00:00,1.32913,1.32996,1.32913,1.32988,0,twelvedata,2025-08-26 17:50:32
2850,GBP/USD,2025-08-06 08:00:00,1.32979,1.3298,1.32926,1.3298,0,twelvedata,2025-08-26 17:50:32
2851,GBP/USD,2025-08-06 09:00:00,1.32968,1.33014,1.32959,1.32993,0,twelvedata,2025-08-26 17:50:32
2852,GBP/USD,2025-08-06 10:00:00,1.32989,1.33058,1.32989,1.33016,0,twelvedata,2025-08-26 17:50:32
2853,GBP/USD,2025-08-06 11:00:00,1.33005,1.33011,1.32958,1.32989,0,twelvedata,2025-08-26 17:50:32
2854,GBP/USD,2025-08-06 12:00:00,1.32979,1.33044,1.3297,1.33009,0,twelvedata,2025-08-26 17:50:32
2855,GBP/USD,2025-08-06 13:00:00,1.3303,1.33104,1.33014,1.33099,0,twelvedata,2025-08-26 17:50:32
2856,GBP/USD,2025-08-06 14:00:00,1.33099,1.33145,1.33087,1.33122,0,twelvedata,2025-08-26 17:50:32
2857,GBP/USD,2025-08-06 15:00:00,1.33108,1.3312,1.33028,1.33065,0,twelvedata,2025-08-26 17:50:32
2858,GBP/USD,2025-08-06 16:00:00,1.33049,1.33092,1.33016,1.33025,0,twelvedata,2025-08-26 17:50:32
2859,GBP/USD,2025-08-06 17:00:00,1.33014,1.33034,1.32912,1.33034,0,twelvedata,2025-08-26 17:50:32
2860,GBP/USD,2025-08-06 18:00:00,1.33014,1.33016,1.32836,1.32843,0,twelvedata,2025-08-26 17:50:32
2861,GBP/USD,2025-08-06 19:00:00,1.32843,1.33014,1.32843,1.32995,0,twelvedata,2025-08-26 17:50:32
2862,GBP/USD,2025-08-06 20:00:00,1.32965,1.33227,1.32965,1.33186,0,twelvedata,2025-08-26 17:50:32
2863,GBP/USD,2025-08-06 21:00:00,1.33152,1.33303,1.33127,1.33186,0,twelvedata,2025-08-26 17:50:32
2864,GBP/USD,2025-08-06 22:00:00,1.33184,1.33197,1.33088,1.33175,0,twelvedata,2025-08-26 17:50:32
2865,GBP/USD,2025-08-06 23:00:00,1.3322,1.33292,1.33154,1.33252,0,twelvedata,2025-08-26 17:50:32
2866,GBP/USD,2025-08-07 00:00:00,1.33223,1.33323,1.33142,1.33308,0,twelvedata,2025-08-26 17:50:32
2867,GBP/USD,2025-08-07 01:00:00,1.33296,1.33588,1.33296,1.33588,0,twelvedata,2025-08-26 17:50:32
2868,GBP/USD,2025-08-07 02:00:00,1.33579,1.33627,1.33442,1.33476,0,twelvedata,2025-08-26 17:50:32
2869,GBP/USD,2025-08-07 03:00:00,1.3349,1.33604,1.33488,1.33554,0,twelvedata,2025-08-26 17:50:32
2870,GBP/USD,2025-08-07 04:00:00,1.33559,1.33681,1.33559,1.33643,0,twelvedata,2025-08-26 17:50:32
2871,GBP/USD,2025-08-07 05:00:00,1.33634,1.33659,1.33565,1.33572,0,twelvedata,2025-08-26 17:50:32
2872,GBP/USD,2025-08-07 06:00:00,1.33583,1.33604,1.33542,1.33565,0,twelvedata,2025-08-26 17:50:32
2873,GBP/USD,2025-08-07 07:00:00,1.33567,1.3359,1.33529,1.33565,0,twelvedata,2025-08-26 17:50:32
2874,GBP/USD,2025-08-07 08:00:00,1.33606,1.33608,1.33574,1.33588,0,twelvedata,2025-08-26 17:50:32
2875,GBP/USD,2025-08-07 09:00:00,1.33577,1.33606,1.33574,1.33579,0,twelvedata,2025-08-26 17:50:32
2876,GBP/USD,2025-08-07 10:00:00,1.33567,1.33567,1.33477,1.33483,0,twelvedata,2025-08-26 17:50:32
2877,GBP/USD,2025-08-07 11:00:00,1.33476,1.33593,1.33472,1.33559,0,twelvedata,2025-08-26 17:50:32
2878,GBP/USD,2025-08-07 12:00:00,1.33572,1.33606,1.33506,1.33529,0,twelvedata,2025-08-26 17:50:32
2879,GBP/USD,2025-08-07 13:00:00,1.33527,1.33613,1.33494,1.33613,0,twelvedata,2025-08-26 17:50:32
2880,GBP/USD,2025-08-07 14:00:00,1.3359,1.33695,1.3359,1.33681,0,twelvedata,2025-08-26 17:50:32
2881,GBP/USD,2025-08-07 15:00:00,1.33701,1.3371,1.33643,1.33708,0,twelvedata,2025-08-26 17:50:32
2882,GBP/USD,2025-08-07 16:00:00,1.33711,1.33774,1.33667,1.33742,0,twelvedata,2025-08-26 17:50:32
2883,GBP/USD,2025-08-07 17:00:00,1.33743,1.33797,1.33693,1.33751,0,twelvedata,2025-08-26 17:50:32
2884,GBP/USD,2025-08-07 18:00:00,1.3376,1.33799,1.33645,1.33706,0,twelvedata,2025-08-26 17:50:32
2885,GBP/USD,2025-08-07 19:00:00,1.33715,1.33729,1.33663,1.33702,0,twelvedata,2025-08-26 17:50:32
2886,GBP/USD,2025-08-07 20:00:00,1.33677,1.33799,1.33659,1.33799,0,twelvedata,2025-08-26 17:50:32
2887,GBP/USD,2025-08-07 21:00:00,1.34061,1.34295,1.33976,1.34135,0,twelvedata,2025-08-26 17:50:32
2888,GBP/USD,2025-08-07 22:00:00,1.34135,1.34362,1.34135,1.34223,0,twelvedata,2025-08-26 17:50:32
2889,GBP/USD,2025-08-07 23:00:00,1.3423,1.34306,1.34169,1.34248,0,twelvedata,2025-08-26 17:50:32
2890,GBP/USD,2025-08-08 00:00:00,1.34253,1.34255,1.33973,1.34041,0,twelvedata,2025-08-26 17:50:32
2891,GBP/USD,2025-08-08 01:00:00,1.34028,1.34335,1.33923,1.34318,0,twelvedata,2025-08-26 17:50:32
2892,GBP/USD,2025-08-08 02:00:00,1.34327,1.34333,1.3425,1.34304,0,twelvedata,2025-08-26 17:50:32
2893,GBP/USD,2025-08-08 03:00:00,1.34295,1.34327,1.34199,1.34207,0,twelvedata,2025-08-26 17:50:32
2894,GBP/USD,2025-08-08 04:00:00,1.34216,1.34246,1.34046,1.34106,0,twelvedata,2025-08-26 17:50:32
2895,GBP/USD,2025-08-08 05:00:00,1.34097,1.34439,1.34081,1.34432,0,twelvedata,2025-08-26 17:50:32
2896,GBP/USD,2025-08-08 06:00:00,1.34445,1.3449,1.34421,1.34456,0,twelvedata,2025-08-26 17:50:32
2897,GBP/USD,2025-08-08 07:00:00,1.34306,1.34481,1.34306,1.34423,0,twelvedata,2025-08-26 17:50:32
2898,GBP/USD,2025-08-08 08:00:00,1.34414,1.34501,1.34405,1.34479,0,twelvedata,2025-08-26 17:50:32
2899,GBP/USD,2025-08-08 09:00:00,1.34486,1.3453,1.34477,1.34512,0,twelvedata,2025-08-26 17:50:32
2900,GBP/USD,2025-08-08 10:00:00,1.34523,1.34523,1.34443,1.34479,0,twelvedata,2025-08-26 17:50:32
2901,GBP/USD,2025-08-08 11:00:00,1.34488,1.34508,1.34349,1.34383,0,twelvedata,2025-08-26 17:50:32
2902,GBP/USD,2025-08-08 12:00:00,1.3438,1.34452,1.3438,1.34427,0,twelvedata,2025-08-26 17:50:32
2903,GBP/USD,2025-08-08 13:00:00,1.34434,1.34434,1.34371,1.34385,0,twelvedata,2025-08-26 17:50:32
2904,GBP/USD,2025-08-08 14:00:00,1.34407,1.34407,1.34356,1.34363,0,twelvedata,2025-08-26 17:50:32
2905,GBP/USD,2025-08-08 15:00:00,1.3436,1.34371,1.34266,1.34266,0,twelvedata,2025-08-26 17:50:32
2906,GBP/USD,2025-08-08 16:00:00,1.34273,1.34322,1.34255,1.34302,0,twelvedata,2025-08-26 17:50:32
2907,GBP/USD,2025-08-08 17:00:00,1.34297,1.34485,1.34297,1.34428,0,twelvedata,2025-08-26 17:50:32
2908,GBP/USD,2025-08-08 18:00:00,1.34434,1.34508,1.34295,1.34345,0,twelvedata,2025-08-26 17:50:32
2909,GBP/USD,2025-08-08 19:00:00,1.34362,1.34528,1.34349,1.34486,0,twelvedata,2025-08-26 17:50:32
2910,GBP/USD,2025-08-08 20:00:00,1.34452,1.34485,1.34333,1.34419,0,twelvedata,2025-08-26 17:50:32
2911,GBP/USD,2025-08-08 21:00:00,1.3443,1.34515,1.34387,1.34407,0,twelvedata,2025-08-26 17:50:32
2912,GBP/USD,2025-08-08 22:00:00,1.3441,1.3441,1.3419,1.34235,0,twelvedata,2025-08-26 17:50:32
2913,GBP/USD,2025-08-08 23:00:00,1.34255,1.34421,1.34255,1.343,0,twelvedata,2025-08-26 17:50:32
2914,GBP/USD,2025-08-09 00:00:00,1.34289,1.34468,1.34289,1.34387,0,twelvedata,2025-08-26 17:50:32
2915,GBP/USD,2025-08-09 01:00:00,1.34376,1.34553,1.34376,1.34436,0,twelvedata,2025-08-26 17:50:32
2916,GBP/USD,2025-08-09 02:00:00,1.34425,1.34479,1.34391,1.34477,0,twelvedata,2025-08-26 17:50:32
2917,GBP/USD,2025-08-09 03:00:00,1.34474,1.34582,1.34456,1.34564,0,twelvedata,2025-08-26 17:50:32
2918,GBP/USD,2025-08-09 04:00:00,1.34515,1.34561,1.34465,1.34541,0,twelvedata,2025-08-26 17:50:32
2919,GBP/USD,2025-08-09 05:00:00,1.34526,1.34533,1.34443,1.34513,0,twelvedata,2025-08-26 17:50:32
2920,GBP/USD,2025-08-09 06:00:00,1.34512,1.34535,1.34456,1.34524,0,twelvedata,2025-08-26 17:50:32
2921,GBP/USD,2025-08-09 07:00:00,1.34501,1.34501,1.34452,1.34501,0,twelvedata,2025-08-26 17:50:32
2922,GBP/USD,2025-08-09 08:00:00,1.34452,1.34452,1.34452,1.34452,0,twelvedata,2025-08-26 17:50:32
2923,GBP/USD,2025-08-11 09:00:00,1.34445,1.34477,1.34419,1.3443,0,twelvedata,2025-08-26 17:50:32
2924,GBP/USD,2025-08-11 10:00:00,1.34438,1.34457,1.34378,1.34427,0,twelvedata,2025-08-26 17:50:32
2925,GBP/USD,2025-08-11 11:00:00,1.34434,1.34513,1.34416,1.34513,0,twelvedata,2025-08-26 17:50:32
2926,GBP/USD,2025-08-11 12:00:00,1.34537,1.34591,1.34537,1.34564,0,twelvedata,2025-08-26 17:50:32
2927,GBP/USD,2025-08-11 13:00:00,1.34559,1.34666,1.34555,1.34657,0,twelvedata,2025-08-26 17:50:32
2928,GBP/USD,2025-08-11 14:00:00,1.34669,1.34684,1.3464,1.34666,0,twelvedata,2025-08-26 17:50:32
2929,GBP/USD,2025-08-11 15:00:00,1.34658,1.34691,1.34638,1.34686,0,twelvedata,2025-08-26 17:50:32
2930,GBP/USD,2025-08-11 16:00:00,1.34716,1.34758,1.34658,1.34686,0,twelvedata,2025-08-26 17:50:32
2931,GBP/USD,2025-08-11 17:00:00,1.34671,1.34671,1.3449,1.34544,0,twelvedata,2025-08-26 17:50:32
2932,GBP/USD,2025-08-11 18:00:00,1.34544,1.34669,1.34533,1.34655,0,twelvedata,2025-08-26 17:50:32
2933,GBP/USD,2025-08-11 19:00:00,1.34649,1.3468,1.34497,1.34539,0,twelvedata,2025-08-26 17:50:32
2934,GBP/USD,2025-08-11 20:00:00,1.34504,1.34586,1.34463,1.34468,0,twelvedata,2025-08-26 17:50:32
2935,GBP/USD,2025-08-11 21:00:00,1.3445,1.34474,1.34264,1.34304,0,twelvedata,2025-08-26 17:50:32
2936,GBP/USD,2025-08-11 22:00:00,1.34327,1.34327,1.34138,1.34232,0,twelvedata,2025-08-26 17:50:32
2937,GBP/USD,2025-08-11 23:00:00,1.34235,1.3427,1.34205,1.34212,0,twelvedata,2025-08-26 17:50:32
2938,GBP/USD,2025-08-12 00:00:00,1.34203,1.34203,1.34016,1.34077,0,twelvedata,2025-08-26 17:50:32
2939,GBP/USD,2025-08-12 01:00:00,1.34077,1.34171,1.34028,1.34154,0,twelvedata,2025-08-26 17:50:32
2940,GBP/USD,2025-08-12 02:00:00,1.34154,1.34261,1.34154,1.34244,0,twelvedata,2025-08-26 17:50:32
2941,GBP/USD,2025-08-12 03:00:00,1.34243,1.3432,1.34183,1.34309,0,twelvedata,2025-08-26 17:50:32
2942,GBP/USD,2025-08-12 04:00:00,1.34306,1.34365,1.34289,1.34356,0,twelvedata,2025-08-26 17:50:32
2943,GBP/USD,2025-08-12 05:00:00,1.34351,1.34351,1.34241,1.34282,0,twelvedata,2025-08-26 17:50:32
2944,GBP/USD,2025-08-12 06:00:00,1.34282,1.34365,1.34279,1.34309,0,twelvedata,2025-08-26 17:50:32
2945,GBP/USD,2025-08-12 07:00:00,1.34266,1.34376,1.34235,1.34318,0,twelvedata,2025-08-26 17:50:32
2946,GBP/USD,2025-08-12 08:00:00,1.34338,1.34344,1.34295,1.34344,0,twelvedata,2025-08-26 17:50:32
2947,GBP/USD,2025-08-12 09:00:00,1.34344,1.34356,1.34317,1.34354,0,twelvedata,2025-08-26 17:50:32
2948,GBP/USD,2025-08-12 10:00:00,1.3434,1.34374,1.34293,1.34308,0,twelvedata,2025-08-26 17:50:32
2949,GBP/USD,2025-08-12 11:00:00,1.34311,1.34392,1.34286,1.34318,0,twelvedata,2025-08-26 17:50:32
2950,GBP/USD,2025-08-12 12:00:00,1.34318,1.34383,1.343,1.34383,0,twelvedata,2025-08-26 17:50:32
2951,GBP/USD,2025-08-12 13:00:00,1.34387,1.34394,1.3432,1.34327,0,twelvedata,2025-08-26 17:50:32
2952,GBP/USD,2025-08-12 14:00:00,1.34317,1.34394,1.34271,1.34394,0,twelvedata,2025-08-26 17:50:32
2953,GBP/USD,2025-08-12 15:00:00,1.34401,1.34401,1.34217,1.34255,0,twelvedata,2025-08-26 17:50:32
2954,GBP/USD,2025-08-12 16:00:00,1.34351,1.34452,1.34322,1.34345,0,twelvedata,2025-08-26 17:50:32
2955,GBP/USD,2025-08-12 17:00:00,1.34327,1.34602,1.34327,1.34582,0,twelvedata,2025-08-26 17:50:32
2956,GBP/USD,2025-08-12 18:00:00,1.34577,1.34704,1.34485,1.34698,0,twelvedata,2025-08-26 17:50:32
2957,GBP/USD,2025-08-12 19:00:00,1.34718,1.34718,1.34532,1.346,0,twelvedata,2025-08-26 17:50:32
2958,GBP/USD,2025-08-12 20:00:00,1.34595,1.34637,1.34568,1.34568,0,twelvedata,2025-08-26 17:50:32
2959,GBP/USD,2025-08-12 21:00:00,1.34579,1.34593,1.34474,1.34568,0,twelvedata,2025-08-26 17:50:32
2960,GBP/USD,2025-08-12 22:00:00,1.34597,1.35086,1.34586,1.34858,0,twelvedata,2025-08-26 17:50:32
2961,GBP/USD,2025-08-12 23:00:00,1.34856,1.34938,1.34653,1.34909,0,twelvedata,2025-08-26 17:50:32
2962,GBP/USD,2025-08-13 00:00:00,1.34916,1.34976,1.34802,1.34889,0,twelvedata,2025-08-26 17:50:32
2963,GBP/USD,2025-08-13 01:00:00,1.3488,1.35236,1.34876,1.35077,0,twelvedata,2025-08-26 17:50:32
2964,GBP/USD,2025-08-13 02:00:00,1.35082,1.35212,1.35018,1.35164,0,twelvedata,2025-08-26 17:50:32
2965,GBP/USD,2025-08-13 03:00:00,1.35152,1.35152,1.35077,1.35079,0,twelvedata,2025-08-26 17:50:32
2966,GBP/USD,2025-08-13 04:00:00,1.35035,1.35115,1.34938,1.34964,0,twelvedata,2025-08-26 17:50:32
2967,GBP/USD,2025-08-13 05:00:00,1.34973,1.34973,1.34893,1.34947,0,twelvedata,2025-08-26 17:50:32
2968,GBP/USD,2025-08-13 06:00:00,1.34958,1.35013,1.34933,1.35007,0,twelvedata,2025-08-26 17:50:32
2969,GBP/USD,2025-08-13 07:00:00,1.34982,1.35144,1.34973,1.35011,0,twelvedata,2025-08-26 17:50:32
2970,GBP/USD,2025-08-13 08:00:00,1.35009,1.35018,1.34991,1.35009,0,twelvedata,2025-08-26 17:50:32
2971,GBP/USD,2025-08-13 09:00:00,1.35007,1.3506,1.34995,1.35044,0,twelvedata,2025-08-26 17:50:32
2972,GBP/USD,2025-08-13 10:00:00,1.35066,1.35068,1.34986,1.35029,0,twelvedata,2025-08-26 17:50:32
2973,GBP/USD,2025-08-13 11:00:00,1.35051,1.35079,1.34982,1.34991,0,twelvedata,2025-08-26 17:50:32
2974,GBP/USD,2025-08-13 12:00:00,1.34993,1.35049,1.34938,1.35038,0,twelvedata,2025-08-26 17:50:32
2975,GBP/USD,2025-08-13 13:00:00,1.35026,1.35071,1.35011,1.3504,0,twelvedata,2025-08-26 17:50:32
2976,GBP/USD,2025-08-13 14:00:00,1.35024,1.35064,1.35022,1.35053,0,twelvedata,2025-08-26 17:50:32
2977,GBP/USD,2025-08-13 15:00:00,1.35053,1.35075,1.35002,1.35075,0,twelvedata,2025-08-26 17:50:32
2978,GBP/USD,2025-08-13 16:00:00,1.35111,1.35172,1.35073,1.35166,0,twelvedata,2025-08-26 17:50:32
2979,GBP/USD,2025-08-13 17:00:00,1.3517,1.35481,1.3517,1.35459,0,twelvedata,2025-08-26 17:50:32
2980,GBP/USD,2025-08-13 18:00:00,1.35466,1.3563,1.35441,1.3558,0,twelvedata,2025-08-26 17:50:32
2981,GBP/USD,2025-08-13 19:00:00,1.35569,1.35774,1.35569,1.35766,0,twelvedata,2025-08-26 17:50:32
2982,GBP/USD,2025-08-13 20:00:00,1.35787,1.35787,1.35682,1.357,0,twelvedata,2025-08-26 17:50:32
2983,GBP/USD,2025-08-13 21:00:00,1.35665,1.35779,1.35654,1.35772,0,twelvedata,2025-08-26 17:50:32
2984,GBP/USD,2025-08-13 22:00:00,1.35781,1.35801,1.35602,1.35612,0,twelvedata,2025-08-26 17:50:32
2985,GBP/USD,2025-08-13 23:00:00,1.35613,1.35775,1.35579,1.3575,0,twelvedata,2025-08-26 17:50:32
2986,GBP/USD,2025-08-14 00:00:00,1.35739,1.35853,1.3572,1.35731,0,twelvedata,2025-08-26 17:50:32
2987,GBP/USD,2025-08-14 01:00:00,1.35729,1.35757,1.35637,1.35718,0,twelvedata,2025-08-26 17:50:32
2988,GBP/USD,2025-08-14 02:00:00,1.35707,1.3579,1.35704,1.3574,0,twelvedata,2025-08-26 17:50:32
2989,GBP/USD,2025-08-14 03:00:00,1.35739,1.35772,1.35689,1.35709,0,twelvedata,2025-08-26 17:50:32
2990,GBP/USD,2025-08-14 04:00:00,1.35707,1.35715,1.35643,1.35674,0,twelvedata,2025-08-26 17:50:32
2991,GBP/USD,2025-08-14 05:00:00,1.35658,1.35748,1.35654,1.35748,0,twelvedata,2025-08-26 17:50:32
2992,GBP/USD,2025-08-14 06:00:00,1.3575,1.35812,1.35733,1.35757,0,twelvedata,2025-08-26 17:50:32
2993,GBP/USD,2025-08-14 07:00:00,1.35728,1.35799,1.35693,1.3574,0,twelvedata,2025-08-26 17:50:32
2994,GBP/USD,2025-08-14 08:00:00,1.35766,1.35807,1.35763,1.35805,0,twelvedata,2025-08-26 17:50:32
2995,GBP/USD,2025-08-14 09:00:00,1.35801,1.35857,1.35799,1.35855,0,twelvedata,2025-08-26 17:50:32
2996,GBP/USD,2025-08-14 10:00:00,1.35864,1.35866,1.35818,1.35862,0,twelvedata,2025-08-26 17:50:32
2997,GBP/USD,2025-08-14 11:00:00,1.35879,1.35916,1.35838,1.35838,0,twelvedata,2025-08-26 17:50:32
2998,GBP/USD,2025-08-14 12:00:00,1.3582,1.35846,1.35737,1.35783,0,twelvedata,2025-08-26 17:50:32
2999,GBP/USD,2025-08-14 13:00:00,1.3577,1.3577,1.35717,1.35744,0,twelvedata,2025-08-26 17:50:32
3000,GBP/USD,2025-08-14 14:00:00,1.3574,1.35783,1.35729,1.35764,0,twelvedata,2025-08-26 17:50:32
3001,GBP/USD,2025-08-14 15:00:00,1.35753,1.35772,1.35696,1.3574,0,twelvedata,2025-08-26 17:50:32
3002,GBP/USD,2025-08-14 16:00:00,1.35849,1.3591,1.35748,1.35788,0,twelvedata,2025-08-26 17:50:32
3003,GBP/USD,2025-08-14 17:00:00,1.35807,1.35916,1.35704,1.35737,0,twelvedata,2025-08-26 17:50:32
3004,GBP/USD,2025-08-14 18:00:00,1.35742,1.35833,1.35652,1.35728,0,twelvedata,2025-08-26 17:50:32
3005,GBP/USD,2025-08-14 19:00:00,1.35724,1.3591,1.35709,1.35794,0,twelvedata,2025-08-26 17:50:32
3006,GBP/USD,2025-08-14 20:00:00,1.35772,1.35945,1.35761,1.35816,0,twelvedata,2025-08-26 17:50:32
3007,GBP/USD,2025-08-14 21:00:00,1.35801,1.35836,1.35746,1.35748,0,twelvedata,2025-08-26 17:50:32
3008,GBP/USD,2025-08-14 22:00:00,1.3574,1.35822,1.3547,1.35522,0,twelvedata,2025-08-26 17:50:32
3009,GBP/USD,2025-08-14 23:00:00,1.35523,1.35558,1.35366,1.35366,0,twelvedata,2025-08-26 17:50:32
3010,GBP/USD,2025-08-15 00:00:00,1.35367,1.35567,1.35355,1.35562,0,twelvedata,2025-08-26 17:50:32
3011,GBP/USD,2025-08-15 01:00:00,1.35567,1.35567,1.35285,1.35314,0,twelvedata,2025-08-26 17:50:32
3012,GBP/USD,2025-08-15 02:00:00,1.35302,1.35316,1.35225,1.35237,0,twelvedata,2025-08-26 17:50:32
3013,GBP/USD,2025-08-15 03:00:00,1.35259,1.35336,1.35258,1.35325,0,twelvedata,2025-08-26 17:50:32
3014,GBP/USD,2025-08-15 04:00:00,1.35331,1.3534,1.35259,1.35325,0,twelvedata,2025-08-26 17:50:32
3015,GBP/USD,2025-08-15 05:00:00,1.35345,1.35399,1.35331,1.35384,0,twelvedata,2025-08-26 17:50:32
3016,GBP/USD,2025-08-15 06:00:00,1.35371,1.35386,1.35302,1.35302,0,twelvedata,2025-08-26 17:50:32
3017,GBP/USD,2025-08-15 07:00:00,1.35373,1.35384,1.35283,1.35307,0,twelvedata,2025-08-26 17:50:32
3018,GBP/USD,2025-08-15 08:00:00,1.35296,1.35329,1.3528,1.35292,0,twelvedata,2025-08-26 17:50:32
3019,GBP/USD,2025-08-15 09:00:00,1.35274,1.35316,1.35252,1.35303,0,twelvedata,2025-08-26 17:50:32
3020,GBP/USD,2025-08-15 10:00:00,1.35289,1.35351,1.35281,1.35349,0,twelvedata,2025-08-26 17:50:32
3021,GBP/USD,2025-08-15 11:00:00,1.35336,1.35402,1.35316,1.35371,0,twelvedata,2025-08-26 17:50:32
3022,GBP/USD,2025-08-15 12:00:00,1.35382,1.35446,1.3536,1.35446,0,twelvedata,2025-08-26 17:50:32
3023,GBP/USD,2025-08-15 13:00:00,1.35452,1.35512,1.35435,1.35476,0,twelvedata,2025-08-26 17:50:32
3024,GBP/USD,2025-08-15 14:00:00,1.35483,1.35494,1.35446,1.35487,0,twelvedata,2025-08-26 17:50:32
3025,GBP/USD,2025-08-15 15:00:00,1.35476,1.35529,1.35448,1.35518,0,twelvedata,2025-08-26 17:50:32
3026,GBP/USD,2025-08-15 16:00:00,1.35494,1.35555,1.35441,1.35536,0,twelvedata,2025-08-26 17:50:32
3027,GBP/USD,2025-08-15 17:00:00,1.35542,1.35604,1.35485,1.35562,0,twelvedata,2025-08-26 17:50:32
3028,GBP/USD,2025-08-15 18:00:00,1.3556,1.3558,1.35481,1.35488,0,twelvedata,2025-08-26 17:50:32
3029,GBP/USD,2025-08-15 19:00:00,1.35481,1.35582,1.35466,1.35582,0,twelvedata,2025-08-26 17:50:32
3030,GBP/USD,2025-08-15 20:00:00,1.35567,1.3563,1.35525,1.35593,0,twelvedata,2025-08-26 17:50:32
3031,GBP/USD,2025-08-15 21:00:00,1.35606,1.35645,1.35567,1.35595,0,twelvedata,2025-08-26 17:50:32
3032,GBP/USD,2025-08-15 22:00:00,1.35606,1.35676,1.35479,1.35623,0,twelvedata,2025-08-26 17:50:32
3033,GBP/USD,2025-08-15 23:00:00,1.35645,1.35733,1.35549,1.35663,0,twelvedata,2025-08-26 17:50:32
3034,GBP/USD,2025-08-16 00:00:00,1.35682,1.35717,1.35591,1.35593,0,twelvedata,2025-08-26 17:50:32
3035,GBP/USD,2025-08-16 01:00:00,1.35604,1.35715,1.35602,1.35626,0,twelvedata,2025-08-26 17:50:32
3036,GBP/USD,2025-08-16 02:00:00,1.35626,1.35636,1.35553,1.35579,0,twelvedata,2025-08-26 17:50:32
3037,GBP/USD,2025-08-16 03:00:00,1.35575,1.35593,1.35529,1.35562,0,twelvedata,2025-08-26 17:50:32
3038,GBP/USD,2025-08-16 04:00:00,1.35562,1.35577,1.35525,1.35547,0,twelvedata,2025-08-26 17:50:32
3039,GBP/USD,2025-08-16 05:00:00,1.35533,1.3556,1.35509,1.3556,0,twelvedata,2025-08-26 17:50:32
3040,GBP/USD,2025-08-16 06:00:00,1.35555,1.3559,1.35542,1.35542,0,twelvedata,2025-08-26 17:50:32
3041,GBP/USD,2025-08-16 07:00:00,1.35544,1.35544,1.35454,1.35454,0,twelvedata,2025-08-26 17:50:32
3042,GBP/USD,2025-08-16 08:00:00,1.35454,1.35454,1.35454,1.35454,0,twelvedata,2025-08-26 17:50:32
3043,GBP/USD,2025-08-18 09:00:00,1.35621,1.35626,1.35547,1.35559,0,twelvedata,2025-08-26 17:50:32
3044,GBP/USD,2025-08-18 10:00:00,1.35575,1.35617,1.35536,1.35536,0,twelvedata,2025-08-26 17:50:32
3045,GBP/USD,2025-08-18 11:00:00,1.35527,1.35606,1.35509,1.35597,0,twelvedata,2025-08-26 17:50:32
3046,GBP/USD,2025-08-18 12:00:00,1.35597,1.35608,1.35498,1.35505,0,twelvedata,2025-08-26 17:50:32
3047,GBP/USD,2025-08-18 13:00:00,1.35503,1.35579,1.35503,1.35571,0,twelvedata,2025-08-26 17:50:32
3048,GBP/USD,2025-08-18 14:00:00,1.35573,1.35656,1.35564,1.35636,0,twelvedata,2025-08-26 17:50:32
3049,GBP/USD,2025-08-18 15:00:00,1.3563,1.35647,1.35597,1.35626,0,twelvedata,2025-08-26 17:50:32
3050,GBP/USD,2025-08-18 16:00:00,1.3563,1.3563,1.35415,1.35452,0,twelvedata,2025-08-26 17:50:32
3051,GBP/USD,2025-08-18 17:00:00,1.35465,1.35545,1.35397,1.35408,0,twelvedata,2025-08-26 17:50:32
3052,GBP/USD,2025-08-18 18:00:00,1.35399,1.35544,1.35331,1.35477,0,twelvedata,2025-08-26 17:50:32
3053,GBP/USD,2025-08-18 19:00:00,1.3545,1.35505,1.35408,1.35408,0,twelvedata,2025-08-26 17:50:32
3054,GBP/USD,2025-08-18 20:00:00,1.35408,1.35463,1.35378,1.35378,0,twelvedata,2025-08-26 17:50:32
3055,GBP/USD,2025-08-18 21:00:00,1.35397,1.35474,1.35375,1.35382,0,twelvedata,2025-08-26 17:50:32
3056,GBP/USD,2025-08-18 22:00:00,1.35388,1.35441,1.35371,1.35441,0,twelvedata,2025-08-26 17:50:32
3057,GBP/USD,2025-08-18 23:00:00,1.35448,1.35463,1.35377,1.35384,0,twelvedata,2025-08-26 17:50:32
3058,GBP/USD,2025-08-19 00:00:00,1.35388,1.35446,1.3515,1.35177,0,twelvedata,2025-08-26 17:50:32
3059,GBP/USD,2025-08-19 01:00:00,1.35168,1.35232,1.35122,1.35194,0,twelvedata,2025-08-26 17:50:32
3060,GBP/USD,2025-08-19 02:00:00,1.35186,1.35219,1.35091,1.35091,0,twelvedata,2025-08-26 17:50:32
3061,GBP/USD,2025-08-19 03:00:00,1.3511,1.35157,1.35077,1.351,0,twelvedata,2025-08-26 17:50:32
3062,GBP/USD,2025-08-19 04:00:00,1.35093,1.35104,1.35038,1.35064,0,twelvedata,2025-08-26 17:50:32
3063,GBP/USD,2025-08-19 05:00:00,1.35066,1.35124,1.35064,1.35064,0,twelvedata,2025-08-26 17:50:32
3064,GBP/USD,2025-08-19 06:00:00,1.35075,1.3508,1.35029,1.35029,0,twelvedata,2025-08-26 17:50:32
3065,GBP/USD,2025-08-19 07:00:00,1.35281,1.35281,1.35046,1.35099,0,twelvedata,2025-08-26 17:50:32
3066,GBP/USD,2025-08-19 08:00:00,1.35048,1.35148,1.35048,1.35102,0,twelvedata,2025-08-26 17:50:32
3067,GBP/USD,2025-08-19 09:00:00,1.35077,1.35088,1.35014,1.35086,0,twelvedata,2025-08-26 17:50:32
3068,GBP/USD,2025-08-19 10:00:00,1.3508,1.35102,1.35018,1.35022,0,twelvedata,2025-08-26 17:50:32
3069,GBP/USD,2025-08-19 11:00:00,1.35024,1.35038,1.3488,1.34971,0,twelvedata,2025-08-26 17:50:32
3070,GBP/USD,2025-08-19 12:00:00,1.34949,1.35024,1.34949,1.34982,0,twelvedata,2025-08-26 17:50:32
3071,GBP/USD,2025-08-19 13:00:00,1.35006,1.35048,1.3498,1.35011,0,twelvedata,2025-08-26 17:50:32
3072,GBP/USD,2025-08-19 14:00:00,1.35004,1.35068,1.34987,1.35057,0,twelvedata,2025-08-26 17:50:32
3073,GBP/USD,2025-08-19 15:00:00,1.35062,1.351,1.3498,1.34989,0,twelvedata,2025-08-26 17:50:32
3074,GBP/USD,2025-08-19 16:00:00,1.34991,1.35146,1.3498,1.35141,0,twelvedata,2025-08-26 17:50:32
3075,GBP/USD,2025-08-19 17:00:00,1.35161,1.35236,1.35148,1.35212,0,twelvedata,2025-08-26 17:50:32
3076,GBP/USD,2025-08-19 18:00:00,1.3521,1.35232,1.35141,1.35206,0,twelvedata,2025-08-26 17:50:32
3077,GBP/USD,2025-08-19 19:00:00,1.35199,1.35239,1.35117,1.35186,0,twelvedata,2025-08-26 17:50:32
3078,GBP/USD,2025-08-19 20:00:00,1.35177,1.35311,1.35175,1.35221,0,twelvedata,2025-08-26 17:50:32
3079,GBP/USD,2025-08-19 21:00:00,1.35239,1.35261,1.35153,1.35212,0,twelvedata,2025-08-26 17:50:32
3080,GBP/USD,2025-08-19 22:00:00,1.35219,1.35252,1.35051,1.3511,0,twelvedata,2025-08-26 17:50:32
3081,GBP/USD,2025-08-19 23:00:00,1.35102,1.3513,1.34976,1.35104,0,twelvedata,2025-08-26 17:50:32
3082,GBP/USD,2025-08-20 00:00:00,1.35121,1.35161,1.34984,1.35037,0,twelvedata,2025-08-26 17:50:32
3083,GBP/USD,2025-08-20 01:00:00,1.35031,1.35057,1.34918,1.34918,0,twelvedata,2025-08-26 17:50:32
3084,GBP/USD,2025-08-20 02:00:00,1.34944,1.34955,1.34869,1.34911,0,twelvedata,2025-08-26 17:50:32
3085,GBP/USD,2025-08-20 03:00:00,1.34896,1.3496,1.34869,1.34907,0,twelvedata,2025-08-26 17:50:32
3086,GBP/USD,2025-08-20 04:00:00,1.34904,1.34904,1.34782,1.34849,0,twelvedata,2025-08-26 17:50:32
3087,GBP/USD,2025-08-20 05:00:00,1.3486,1.34907,1.34825,1.34891,0,twelvedata,2025-08-26 17:50:32
3088,GBP/USD,2025-08-20 06:00:00,1.34896,1.34935,1.34884,1.34933,0,twelvedata,2025-08-26 17:50:32
3089,GBP/USD,2025-08-20 07:00:00,1.34931,1.34987,1.3486,1.34889,0,twelvedata,2025-08-26 17:50:32
3090,GBP/USD,2025-08-20 08:00:00,1.34902,1.34931,1.349,1.34918,0,twelvedata,2025-08-26 17:50:32
3091,GBP/USD,2025-08-20 09:00:00,1.34916,1.34916,1.34854,1.34854,0,twelvedata,2025-08-26 17:50:32
3092,GBP/USD,2025-08-20 10:00:00,1.34854,1.34858,1.34756,1.34813,0,twelvedata,2025-08-26 17:50:32
3093,GBP/USD,2025-08-20 11:00:00,1.34833,1.34834,1.34711,1.34735,0,twelvedata,2025-08-26 17:50:32
3094,GBP/USD,2025-08-20 12:00:00,1.34718,1.34722,1.34626,1.34675,0,twelvedata,2025-08-26 17:50:32
3095,GBP/USD,2025-08-20 13:00:00,1.34675,1.34769,1.34675,1.34733,0,twelvedata,2025-08-26 17:50:32
3096,GBP/USD,2025-08-20 14:00:00,1.34733,1.34787,1.34733,1.34755,0,twelvedata,2025-08-26 17:50:32
3097,GBP/USD,2025-08-20 15:00:00,1.34755,1.3488,1.34725,1.3486,0,twelvedata,2025-08-26 17:50:32
3098,GBP/USD,2025-08-20 16:00:00,1.34942,1.35088,1.34874,1.34911,0,twelvedata,2025-08-26 17:50:32
3099,GBP/USD,2025-08-20 17:00:00,1.34927,1.35069,1.34913,1.35069,0,twelvedata,2025-08-26 17:50:32
3100,GBP/USD,2025-08-20 18:00:00,1.35075,1.3508,1.34935,1.35026,0,twelvedata,2025-08-26 17:50:32
3101,GBP/USD,2025-08-20 19:00:00,1.35022,1.35057,1.34978,1.3502,0,twelvedata,2025-08-26 17:50:32
3102,GBP/USD,2025-08-20 20:00:00,1.35002,1.35037,1.34911,1.34944,0,twelvedata,2025-08-26 17:50:32
3103,GBP/USD,2025-08-20 21:00:00,1.34964,1.34964,1.34738,1.34738,0,twelvedata,2025-08-26 17:50:32
3104,GBP/USD,2025-08-20 22:00:00,1.34731,1.34955,1.34731,1.34896,0,twelvedata,2025-08-26 17:50:32
3105,GBP/USD,2025-08-20 23:00:00,1.34889,1.34915,1.34718,1.34756,0,twelvedata,2025-08-26 17:50:32
3106,GBP/USD,2025-08-21 00:00:00,1.34771,1.34822,1.34618,1.34729,0,twelvedata,2025-08-26 17:50:32
3107,GBP/USD,2025-08-21 01:00:00,1.34731,1.34736,1.34488,1.34506,0,twelvedata,2025-08-26 17:50:32
3108,GBP/USD,2025-08-21 02:00:00,1.34504,1.34628,1.34504,1.34608,0,twelvedata,2025-08-26 17:50:32
3109,GBP/USD,2025-08-21 03:00:00,1.34611,1.34707,1.346,1.34687,0,twelvedata,2025-08-26 17:50:32
3110,GBP/USD,2025-08-21 04:00:00,1.34678,1.34678,1.34513,1.34526,0,twelvedata,2025-08-26 17:50:32
3111,GBP/USD,2025-08-21 05:00:00,1.34513,1.3457,1.34497,1.34542,0,twelvedata,2025-08-26 17:50:32
3112,GBP/USD,2025-08-21 06:00:00,1.34544,1.3458,1.34504,1.34561,0,twelvedata,2025-08-26 17:50:32
3113,GBP/USD,2025-08-21 07:00:00,1.34506,1.34653,1.34506,1.34573,0,twelvedata,2025-08-26 17:50:32
3114,GBP/USD,2025-08-21 08:00:00,1.34559,1.34584,1.34541,1.34553,0,twelvedata,2025-08-26 17:50:32
3115,GBP/USD,2025-08-21 09:00:00,1.34541,1.34655,1.34504,1.34649,0,twelvedata,2025-08-26 17:50:32
3116,GBP/USD,2025-08-21 10:00:00,1.34647,1.34647,1.3451,1.34561,0,twelvedata,2025-08-26 17:50:32
3117,GBP/USD,2025-08-21 11:00:00,1.3458,1.34633,1.34537,1.34586,0,twelvedata,2025-08-26 17:50:32
3118,GBP/USD,2025-08-21 12:00:00,1.3458,1.34593,1.34503,1.34512,0,twelvedata,2025-08-26 17:50:32
3119,GBP/USD,2025-08-21 13:00:00,1.34508,1.34557,1.34475,1.34532,0,twelvedata,2025-08-26 17:50:32
3120,GBP/USD,2025-08-21 14:00:00,1.34539,1.34546,1.34513,1.34513,0,twelvedata,2025-08-26 17:50:32
3121,GBP/USD,2025-08-21 15:00:00,1.34521,1.34535,1.34483,1.34532,0,twelvedata,2025-08-26 17:50:32
3122,GBP/USD,2025-08-21 16:00:00,1.34521,1.34579,1.3441,1.34441,0,twelvedata,2025-08-26 17:50:32
3123,GBP/USD,2025-08-21 17:00:00,1.34452,1.34571,1.34353,1.34542,0,twelvedata,2025-08-26 17:50:32
3124,GBP/USD,2025-08-21 18:00:00,1.34551,1.34695,1.34519,1.3466,0,twelvedata,2025-08-26 17:50:32
3125,GBP/USD,2025-08-21 19:00:00,1.3466,1.3482,1.34651,1.3476,0,twelvedata,2025-08-26 17:50:32
3126,GBP/USD,2025-08-21 20:00:00,1.3474,1.34751,1.34653,1.34735,0,twelvedata,2025-08-26 17:50:32
3127,GBP/USD,2025-08-21 21:00:00,1.347,1.34744,1.3455,1.3455,0,twelvedata,2025-08-26 17:50:32
3128,GBP/USD,2025-08-21 22:00:00,1.3453,1.3472,1.34432,1.34485,0,twelvedata,2025-08-26 17:50:32
3129,GBP/USD,2025-08-21 23:00:00,1.34481,1.34571,1.34239,1.34261,0,twelvedata,2025-08-26 17:50:32
3130,GBP/USD,2025-08-22 00:00:00,1.34241,1.34423,1.34241,1.34268,0,twelvedata,2025-08-26 17:50:32
3131,GBP/USD,2025-08-22 01:00:00,1.34259,1.343,1.34115,1.3414,0,twelvedata,2025-08-26 17:50:32
3132,GBP/USD,2025-08-22 02:00:00,1.34122,1.34205,1.34061,1.34198,0,twelvedata,2025-08-26 17:50:32
3133,GBP/USD,2025-08-22 03:00:00,1.34192,1.34262,1.3418,1.34232,0,twelvedata,2025-08-26 17:50:32
3134,GBP/USD,2025-08-22 04:00:00,1.34232,1.34243,1.34176,1.34194,0,twelvedata,2025-08-26 17:50:32
3135,GBP/USD,2025-08-22 05:00:00,1.3418,1.34187,1.34131,1.34133,0,twelvedata,2025-08-26 17:50:32
3136,GBP/USD,2025-08-22 06:00:00,1.3412,1.34149,1.34118,1.34127,0,twelvedata,2025-08-26 17:50:32
3137,GBP/USD,2025-08-22 07:00:00,1.34131,1.34178,1.34084,1.3412,0,twelvedata,2025-08-26 17:50:32
3138,GBP/USD,2025-08-22 08:00:00,1.34135,1.34178,1.34133,1.34176,0,twelvedata,2025-08-26 17:50:32
3139,GBP/USD,2025-08-22 09:00:00,1.34172,1.34194,1.34142,1.34178,0,twelvedata,2025-08-26 17:50:32
3140,GBP/USD,2025-08-22 10:00:00,1.34162,1.34201,1.34149,1.34201,0,twelvedata,2025-08-26 17:50:32
3141,GBP/USD,2025-08-22 11:00:00,1.34199,1.34219,1.34079,1.34106,0,twelvedata,2025-08-26 17:50:32
3142,GBP/USD,2025-08-22 12:00:00,1.34091,1.3416,1.34086,1.34115,0,twelvedata,2025-08-26 17:50:32
3143,GBP/USD,2025-08-22 13:00:00,1.34111,1.34133,1.34003,1.34009,0,twelvedata,2025-08-26 17:50:32
3144,GBP/USD,2025-08-22 14:00:00,1.34011,1.34043,1.3393,1.33935,0,twelvedata,2025-08-26 17:50:32
3145,GBP/USD,2025-08-22 15:00:00,1.3393,1.33971,1.33919,1.33939,0,twelvedata,2025-08-26 17:50:32
3146,GBP/USD,2025-08-22 16:00:00,1.33924,1.34037,1.33905,1.34025,0,twelvedata,2025-08-26 17:50:32
3147,GBP/USD,2025-08-22 17:00:00,1.34041,1.34102,1.34032,1.34064,0,twelvedata,2025-08-26 17:50:32
3148,GBP/USD,2025-08-22 18:00:00,1.34055,1.34135,1.34052,1.34135,0,twelvedata,2025-08-26 17:50:32
3149,GBP/USD,2025-08-22 19:00:00,1.34131,1.34189,1.34111,1.3412,0,twelvedata,2025-08-26 17:50:32
3150,GBP/USD,2025-08-22 20:00:00,1.3412,1.34144,1.3407,1.34102,0,twelvedata,2025-08-26 17:50:32
3151,GBP/USD,2025-08-22 21:00:00,1.34108,1.34183,1.34095,1.34151,0,twelvedata,2025-08-26 17:50:32
3152,GBP/USD,2025-08-22 22:00:00,1.34171,1.34196,1.34113,1.34144,0,twelvedata,2025-08-26 17:50:32
3153,GBP/USD,2025-08-22 23:00:00,1.34117,1.34317,1.34117,1.34221,0,twelvedata,2025-08-26 17:50:32
3154,GBP/USD,2025-08-23 00:00:00,1.34658,1.35232,1.34658,1.35232,0,twelvedata,2025-08-26 17:50:32
3155,GBP/USD,2025-08-23 01:00:00,1.35223,1.3543,1.35223,1.35263,0,twelvedata,2025-08-26 17:50:32
3156,GBP/USD,2025-08-23 02:00:00,1.3525,1.35373,1.35225,1.35252,0,twelvedata,2025-08-26 17:50:32
3157,GBP/USD,2025-08-23 03:00:00,1.35259,1.35437,1.35259,1.35362,0,twelvedata,2025-08-26 17:50:32
3158,GBP/USD,2025-08-23 04:00:00,1.35349,1.35384,1.35228,1.35254,0,twelvedata,2025-08-26 17:50:32
3159,GBP/USD,2025-08-23 05:00:00,1.35243,1.35259,1.35166,1.35177,0,twelvedata,2025-08-26 17:50:32
3160,GBP/USD,2025-08-23 06:00:00,1.35173,1.35298,1.35173,1.35267,0,twelvedata,2025-08-26 17:50:32
3161,GBP/USD,2025-08-23 07:00:00,1.35197,1.35211,1.35197,1.35211,0,twelvedata,2025-08-26 17:50:32
3162,GBP/USD,2025-08-23 08:00:00,1.35211,1.35211,1.35211,1.35211,0,twelvedata,2025-08-26 17:50:32
3163,GBP/USD,2025-08-25 09:00:00,1.35175,1.35175,1.35088,1.351,0,twelvedata,2025-08-26 17:50:32
3164,GBP/USD,2025-08-25 10:00:00,1.35077,1.35077,1.3496,1.3498,0,twelvedata,2025-08-26 17:50:32
3165,GBP/USD,2025-08-25 11:00:00,1.34998,1.35018,1.34909,1.34945,0,twelvedata,2025-08-26 17:50:32
3166,GBP/USD,2025-08-25 12:00:00,1.34927,1.35013,1.34918,1.35002,0,twelvedata,2025-08-26 17:50:32
3167,GBP/USD,2025-08-25 13:00:00,1.3502,1.35122,1.3502,1.35115,0,twelvedata,2025-08-26 17:50:32
3168,GBP/USD,2025-08-25 14:00:00,1.35106,1.3515,1.35093,1.35124,0,twelvedata,2025-08-26 17:50:32
3169,GBP/USD,2025-08-25 15:00:00,1.35119,1.35119,1.35077,1.35106,0,twelvedata,2025-08-26 17:50:32
3170,GBP/USD,2025-08-25 16:00:00,1.35133,1.35274,1.3513,1.35199,0,twelvedata,2025-08-26 17:50:32
3171,GBP/USD,2025-08-25 17:00:00,1.35184,1.35184,1.35038,1.35038,0,twelvedata,2025-08-26 17:50:32
3172,GBP/USD,2025-08-25 18:00:00,1.35051,1.35093,1.35007,1.35037,0,twelvedata,2025-08-26 17:50:32
3173,GBP/USD,2025-08-25 19:00:00,1.35033,1.35053,1.34927,1.34953,0,twelvedata,2025-08-26 17:50:32
3174,GBP/USD,2025-08-25 20:00:00,1.3496,1.34962,1.34839,1.34909,0,twelvedata,2025-08-26 17:50:32
3175,GBP/USD,2025-08-25 21:00:00,1.34915,1.35192,1.34913,1.35192,0,twelvedata,2025-08-26 17:50:32
3176,GBP/USD,2025-08-25 22:00:00,1.3521,1.3521,1.34995,1.35058,0,twelvedata,2025-08-26 17:50:32
3177,GBP/USD,2025-08-25 23:00:00,1.35058,1.35128,1.35011,1.35089,0,twelvedata,2025-08-26 17:50:32
3178,GBP/USD,2025-08-26 00:00:00,1.35075,1.35119,1.35022,1.35026,0,twelvedata,2025-08-26 17:50:32
3179,EUR/JPY,2025-06-27 00:00:00,168.998,169.155,168.912,169.076996,0,twelvedata,2025-08-26 17:50:44
3180,EUR/JPY,2025-06-27 01:00:00,169.074005,169.138,168.93401,169.11501,0,twelvedata,2025-08-26 17:50:44
3181,EUR/JPY,2025-06-27 02:00:00,169.117,169.198,169.039993,169.192,0,twelvedata,2025-08-26 17:50:44
3182,EUR/JPY,2025-06-27 03:00:00,169.187,169.207,168.99699,169.052002,0,twelvedata,2025-08-26 17:50:44
3183,EUR/JPY,2025-06-27 04:00:00,169.052994,169.089996,168.98399,169.0059967,0,twelvedata,2025-08-26 17:50:44
3184,EUR/JPY,2025-06-27 05:00:00,169.0099945,169.061005,168.968,168.98,0,twelvedata,2025-08-26 17:50:44
3185,EUR/JPY,2025-06-27 06:00:00,168.978,169.011002,168.886,168.912,0,twelvedata,2025-08-26 17:50:44
3186,EUR/JPY,2025-06-27 07:00:00,168.91299,169.046997,168.71899,168.842,0,twelvedata,2025-08-26 17:50:44
3187,EUR/JPY,2025-06-27 08:00:00,168.84801,169.052994,168.842,168.936,0,twelvedata,2025-08-26 17:50:44
3188,EUR/JPY,2025-06-27 09:00:00,168.907,169.194,168.84801,169.17101,0,twelvedata,2025-08-26 17:50:44
3189,EUR/JPY,2025-06-27 10:00:00,169.16701,169.287,169.054001,169.123,0,twelvedata,2025-08-26 17:50:44
3190,EUR/JPY,2025-06-27 11:00:00,169.123,169.224,168.82401,168.832,0,twelvedata,2025-08-26 17:50:44
3191,EUR/JPY,2025-06-27 12:00:00,168.83,168.91499,168.62399,168.856,0,twelvedata,2025-08-26 17:50:44
3192,EUR/JPY,2025-06-27 13:00:00,168.85699,169.039001,168.82001,168.953,0,twelvedata,2025-08-26 17:50:44
3193,EUR/JPY,2025-06-27 14:00:00,168.95,169.0019989,168.888,168.901,0,twelvedata,2025-08-26 17:50:44
3194,EUR/JPY,2025-06-27 15:00:00,168.90401,168.972,168.754,168.81799,0,twelvedata,2025-08-26 17:50:44
3195,EUR/JPY,2025-06-27 16:00:00,168.81799,169.031998,168.759,169.022995,0,twelvedata,2025-08-26 17:50:44
3196,EUR/JPY,2025-06-27 17:00:00,169.026993,169.30299,168.98,169.252,0,twelvedata,2025-08-26 17:50:44
3197,EUR/JPY,2025-06-27 18:00:00,169.254,169.30299,169.022003,169.101,0,twelvedata,2025-08-26 17:50:44
3198,EUR/JPY,2025-06-27 19:00:00,169.10699,169.188,168.98199,169.177,0,twelvedata,2025-08-26 17:50:44
3199,EUR/JPY,2025-06-27 20:00:00,169.18201,169.33299,169.177,169.302,0,twelvedata,2025-08-26 17:50:44
3200,EUR/JPY,2025-06-27 21:00:00,169.30701,169.431,169.252,169.256,0,twelvedata,2025-08-26 17:50:44
3201,EUR/JPY,2025-06-27 22:00:00,169.25999,169.69,169.228,169.67599,0,twelvedata,2025-08-26 17:50:44
3202,EUR/JPY,2025-06-27 23:00:00,169.67999,169.786,169.599,169.742,0,twelvedata,2025-08-26 17:50:44
3203,EUR/JPY,2025-06-28 00:00:00,169.739,169.80099,169.55,169.77499,0,twelvedata,2025-08-26 17:50:44
3204,EUR/JPY,2025-06-28 01:00:00,169.776,169.78,169.533,169.67799,0,twelvedata,2025-08-26 17:50:44
3205,EUR/JPY,2025-06-28 02:00:00,169.67999,169.689,169.444,169.554,0,twelvedata,2025-08-26 17:50:44
3206,EUR/JPY,2025-06-28 03:00:00,169.552,169.564,169.328,169.368,0,twelvedata,2025-08-26 17:50:44
3207,EUR/JPY,2025-06-28 04:00:00,169.369,169.39301,169.177,169.29201,0,twelvedata,2025-08-26 17:50:44
3208,EUR/JPY,2025-06-28 05:00:00,169.291,169.464,169.27901,169.45,0,twelvedata,2025-08-26 17:50:44
3209,EUR/JPY,2025-06-28 06:00:00,169.44901,169.577,169.386,169.45,0,twelvedata,2025-08-26 17:50:44
3210,EUR/JPY,2025-06-28 07:00:00,169.48399,169.513,169.48399,169.513,0,twelvedata,2025-08-26 17:50:44
3211,EUR/JPY,2025-06-30 09:00:00,169.466,169.53799,169.44,169.448,0,twelvedata,2025-08-26 17:50:44
3212,EUR/JPY,2025-06-30 10:00:00,169.451,169.62,169.42,169.45599,0,twelvedata,2025-08-26 17:50:44
3213,EUR/JPY,2025-06-30 11:00:00,169.455,169.50999,169.151,169.161,0,twelvedata,2025-08-26 17:50:44
3214,EUR/JPY,2025-06-30 12:00:00,169.16,169.16299,168.94,169.091995,0,twelvedata,2025-08-26 17:50:44
3215,EUR/JPY,2025-06-30 13:00:00,169.089005,169.089996,168.908,168.91,0,twelvedata,2025-08-26 17:50:44
3216,EUR/JPY,2025-06-30 14:00:00,168.912,168.94299,168.79601,168.85001,0,twelvedata,2025-08-26 17:50:44
3217,EUR/JPY,2025-06-30 15:00:00,168.85001,168.87199,168.70799,168.754,0,twelvedata,2025-08-26 17:50:44
3218,EUR/JPY,2025-06-30 16:00:00,168.74899,169.046005,168.702,168.96201,0,twelvedata,2025-08-26 17:50:44
3219,EUR/JPY,2025-06-30 17:00:00,168.96001,169.067993,168.74699,168.97701,0,twelvedata,2025-08-26 17:50:44
3220,EUR/JPY,2025-06-30 18:00:00,168.976,169.054001,168.802,169.031998,0,twelvedata,2025-08-26 17:50:44
3221,EUR/JPY,2025-06-30 19:00:00,169.031998,169.136,168.94299,169.067993,0,twelvedata,2025-08-26 17:50:44
3222,EUR/JPY,2025-06-30 20:00:00,169.070007,169.074005,168.952,169.042007,0,twelvedata,2025-08-26 17:50:44
3223,EUR/JPY,2025-06-30 21:00:00,169.044006,169.254,169.029999,169.19901,0,twelvedata,2025-08-26 17:50:44
3224,EUR/JPY,2025-06-30 22:00:00,169.202,169.242,169.098007,169.20599,0,twelvedata,2025-08-26 17:50:44
3225,EUR/JPY,2025-06-30 23:00:00,169.21001,169.293,169.082001,169.211,0,twelvedata,2025-08-26 17:50:44
3226,EUR/JPY,2025-07-01 00:00:00,169.21201,169.578,169.10201,169.561,0,twelvedata,2025-08-26 17:50:44
3227,EUR/JPY,2025-07-01 01:00:00,169.56,169.73199,169.40401,169.67599,0,twelvedata,2025-08-26 17:50:44
3228,EUR/JPY,2025-07-01 02:00:00,169.679,169.713,169.578,169.642,0,twelvedata,2025-08-26 17:50:44
3229,EUR/JPY,2025-07-01 03:00:00,169.642,169.742,169.604,169.722,0,twelvedata,2025-08-26 17:50:44
3230,EUR/JPY,2025-07-01 04:00:00,169.72099,169.86,169.69099,169.80701,0,twelvedata,2025-08-26 17:50:44
3231,EUR/JPY,2025-07-01 05:00:00,169.808,169.823,169.606,169.668,0,twelvedata,2025-08-26 17:50:44
3232,EUR/JPY,2025-07-01 06:00:00,169.67,169.77901,169.57899,169.74899,0,twelvedata,2025-08-26 17:50:44
3233,EUR/JPY,2025-07-01 07:00:00,169.711,169.769,169.51199,169.64999,0,twelvedata,2025-08-26 17:50:44
3234,EUR/JPY,2025-07-01 08:00:00,169.64999,169.698,169.52901,169.599,0,twelvedata,2025-08-26 17:50:44
3235,EUR/JPY,2025-07-01 09:00:00,169.60699,169.627,169.452,169.487,0,twelvedata,2025-08-26 17:50:44
3236,EUR/JPY,2025-07-01 10:00:00,169.494,169.50101,169.31599,169.366,0,twelvedata,2025-08-26 17:50:44
3237,EUR/JPY,2025-07-01 11:00:00,169.37199,169.44901,169.28,169.38901,0,twelvedata,2025-08-26 17:50:44
3238,EUR/JPY,2025-07-01 12:00:00,169.392,169.444,169.25101,169.425,0,twelvedata,2025-08-26 17:50:44
3239,EUR/JPY,2025-07-01 13:00:00,169.42599,169.627,169.32201,169.62199,0,twelvedata,2025-08-26 17:50:44
3240,EUR/JPY,2025-07-01 14:00:00,169.62199,169.66,169.41901,169.424,0,twelvedata,2025-08-26 17:50:44
3241,EUR/JPY,2025-07-01 15:00:00,169.425,169.42599,169.202,169.231,0,twelvedata,2025-08-26 17:50:44
3242,EUR/JPY,2025-07-01 16:00:00,169.222,169.355,169.12601,169.23199,0,twelvedata,2025-08-26 17:50:44
3243,EUR/JPY,2025-07-01 17:00:00,169.23199,169.282,168.59801,168.619,0,twelvedata,2025-08-26 17:50:44
3244,EUR/JPY,2025-07-01 18:00:00,168.616,168.877,168.45599,168.849,0,twelvedata,2025-08-26 17:50:44
3245,EUR/JPY,2025-07-01 19:00:00,168.84801,168.966,168.774,168.866,0,twelvedata,2025-08-26 17:50:44
3246,EUR/JPY,2025-07-01 20:00:00,168.86501,168.929,168.79201,168.882,0,twelvedata,2025-08-26 17:50:44
3247,EUR/JPY,2025-07-01 21:00:00,168.881,168.884,168.608,168.62601,0,twelvedata,2025-08-26 17:50:44
3248,EUR/JPY,2025-07-01 22:00:00,168.62399,168.925,168.592,168.868,0,twelvedata,2025-08-26 17:50:44
3249,EUR/JPY,2025-07-01 23:00:00,168.87199,169.031006,168.802,168.858,0,twelvedata,2025-08-26 17:50:44
3250,EUR/JPY,2025-07-02 00:00:00,168.842,169.147,168.82201,168.964,0,twelvedata,2025-08-26 17:50:44
3251,EUR/JPY,2025-07-02 01:00:00,168.964,169.129,168.957,169.072998,0,twelvedata,2025-08-26 17:50:44
3252,EUR/JPY,2025-07-02 02:00:00,169.074005,169.168,169.014008,169.057999,0,twelvedata,2025-08-26 17:50:44
3253,EUR/JPY,2025-07-02 03:00:00,169.057007,169.24699,169.056,169.228,0,twelvedata,2025-08-26 17:50:44
3254,EUR/JPY,2025-07-02 04:00:00,169.231,169.34801,169.22099,169.314,0,twelvedata,2025-08-26 17:50:44
3255,EUR/JPY,2025-07-02 05:00:00,169.312,169.52,169.235,169.51401,0,twelvedata,2025-08-26 17:50:44
3256,EUR/JPY,2025-07-02 06:00:00,169.51401,169.52,169.258,169.27299,0,twelvedata,2025-08-26 17:50:44
3257,EUR/JPY,2025-07-02 07:00:00,169.304,169.304,169.166,169.26401,0,twelvedata,2025-08-26 17:50:44
3258,EUR/JPY,2025-07-02 08:00:00,169.259,169.33,169.216,169.265,0,twelvedata,2025-08-26 17:50:44
3259,EUR/JPY,2025-07-02 09:00:00,169.24899,169.33501,169.20799,169.252,0,twelvedata,2025-08-26 17:50:44
3260,EUR/JPY,2025-07-02 10:00:00,169.25,169.54401,169.192,169.408,0,twelvedata,2025-08-26 17:50:44
3261,EUR/JPY,2025-07-02 11:00:00,169.40401,169.524,169.368,169.418,0,twelvedata,2025-08-26 17:50:44
3262,EUR/JPY,2025-07-02 12:00:00,169.41701,169.481,169.354,169.38499,0,twelvedata,2025-08-26 17:50:44
3263,EUR/JPY,2025-07-02 13:00:00,169.381,169.424,169.33501,169.364,0,twelvedata,2025-08-26 17:50:44
3264,EUR/JPY,2025-07-02 14:00:00,169.364,169.405,169.28999,169.339,0,twelvedata,2025-08-26 17:50:44
3265,EUR/JPY,2025-07-02 15:00:00,169.336,169.537,169.32201,169.44701,0,twelvedata,2025-08-26 17:50:44
3266,EUR/JPY,2025-07-02 16:00:00,169.446,169.53101,169.32401,169.42,0,twelvedata,2025-08-26 17:50:44
3267,EUR/JPY,2025-07-02 17:00:00,169.42101,169.631,169.39799,169.429,0,twelvedata,2025-08-26 17:50:44
3268,EUR/JPY,2025-07-02 18:00:00,169.42999,169.534,169.326,169.52901,0,twelvedata,2025-08-26 17:50:44
3269,EUR/JPY,2025-07-02 19:00:00,169.52901,169.78799,169.50301,169.664,0,twelvedata,2025-08-26 17:50:44
3270,EUR/JPY,2025-07-02 20:00:00,169.661,169.694,169.28101,169.36,0,twelvedata,2025-08-26 17:50:44
3271,EUR/JPY,2025-07-02 21:00:00,169.36099,169.498,169.326,169.41,0,twelvedata,2025-08-26 17:50:44
3272,EUR/JPY,2025-07-02 22:00:00,169.408,169.493,169.033997,169.14101,0,twelvedata,2025-08-26 17:50:44
3273,EUR/JPY,2025-07-02 23:00:00,169.142,169.515,169.082001,169.35001,0,twelvedata,2025-08-26 17:50:44
3274,EUR/JPY,2025-07-03 00:00:00,169.339,169.504,169.23,169.479,0,twelvedata,2025-08-26 17:50:44
3275,EUR/JPY,2025-07-03 01:00:00,169.476,169.537,169.40401,169.48,0,twelvedata,2025-08-26 17:50:44
3276,EUR/JPY,2025-07-03 02:00:00,169.48199,169.49699,169.34399,169.442,0,twelvedata,2025-08-26 17:50:44
3277,EUR/JPY,2025-07-03 03:00:00,169.44299,169.532,169.424,169.491,0,twelvedata,2025-08-26 17:50:44
3278,EUR/JPY,2025-07-03 04:00:00,169.48801,169.513,169.399,169.463,0,twelvedata,2025-08-26 17:50:44
3279,EUR/JPY,2025-07-03 05:00:00,169.459,169.505,169.423,169.5,0,twelvedata,2025-08-26 17:50:44
3280,EUR/JPY,2025-07-03 06:00:00,169.50101,169.517,169.39999,169.41701,0,twelvedata,2025-08-26 17:50:44
3281,EUR/JPY,2025-07-03 07:00:00,169.485,169.604,169.282,169.424,0,twelvedata,2025-08-26 17:50:44
3282,EUR/JPY,2025-07-03 08:00:00,169.412,169.48599,169.362,169.43201,0,twelvedata,2025-08-26 17:50:44
3283,EUR/JPY,2025-07-03 09:00:00,169.437,169.446,169.306,169.33,0,twelvedata,2025-08-26 17:50:44
3284,EUR/JPY,2025-07-03 10:00:00,169.332,169.532,169.312,169.522,0,twelvedata,2025-08-26 17:50:44
3285,EUR/JPY,2025-07-03 11:00:00,169.526,169.62399,169.414,169.45,0,twelvedata,2025-08-26 17:50:44
3286,EUR/JPY,2025-07-03 12:00:00,169.451,169.56599,169.436,169.508,0,twelvedata,2025-08-26 17:50:44
3287,EUR/JPY,2025-07-03 13:00:00,169.509,169.629,169.49699,169.62,0,twelvedata,2025-08-26 17:50:44
3288,EUR/JPY,2025-07-03 14:00:00,169.621,169.623,169.504,169.57401,0,twelvedata,2025-08-26 17:50:44
3289,EUR/JPY,2025-07-03 15:00:00,169.576,169.70799,169.556,169.69701,0,twelvedata,2025-08-26 17:50:44
3290,EUR/JPY,2025-07-03 16:00:00,169.69501,169.77,169.60899,169.68201,0,twelvedata,2025-08-26 17:50:44
3291,EUR/JPY,2025-07-03 17:00:00,169.681,169.84599,169.57201,169.772,0,twelvedata,2025-08-26 17:50:44
3292,EUR/JPY,2025-07-03 18:00:00,169.77,169.87399,169.658,169.735,0,twelvedata,2025-08-26 17:50:44
3293,EUR/JPY,2025-07-03 19:00:00,169.739,169.75999,169.59599,169.636,0,twelvedata,2025-08-26 17:50:44
3294,EUR/JPY,2025-07-03 20:00:00,169.636,169.674,169.519,169.63699,0,twelvedata,2025-08-26 17:50:44
3295,EUR/JPY,2025-07-03 21:00:00,169.638,169.67599,169.524,169.537,0,twelvedata,2025-08-26 17:50:44
3296,EUR/JPY,2025-07-03 22:00:00,169.536,170.319,169.424,170.215,0,twelvedata,2025-08-26 17:50:44
3297,EUR/JPY,2025-07-03 23:00:00,170.213,170.45,170.17,170.39799,0,twelvedata,2025-08-26 17:50:44
3298,EUR/JPY,2025-07-04 00:00:00,170.321,170.612,170.298,170.53,0,twelvedata,2025-08-26 17:50:44
3299,EUR/JPY,2025-07-04 01:00:00,170.52699,170.577,170.37,170.436,0,twelvedata,2025-08-26 17:50:44
3300,EUR/JPY,2025-07-04 02:00:00,170.43401,170.58299,170.40401,170.467,0,twelvedata,2025-08-26 17:50:44
3301,EUR/JPY,2025-07-04 03:00:00,170.465,170.56,170.42799,170.51601,0,twelvedata,2025-08-26 17:50:44
3302,EUR/JPY,2025-07-04 04:00:00,170.51601,170.53,170.431,170.481,0,twelvedata,2025-08-26 17:50:44
3303,EUR/JPY,2025-07-04 05:00:00,170.479,170.48199,170.369,170.388,0,twelvedata,2025-08-26 17:50:44
3304,EUR/JPY,2025-07-04 06:00:00,170.394,170.439,170.34801,170.367,0,twelvedata,2025-08-26 17:50:44
3305,EUR/JPY,2025-07-04 07:00:00,170.367,170.47,170.28,170.382,0,twelvedata,2025-08-26 17:50:44
3306,EUR/JPY,2025-07-04 08:00:00,170.38,170.412,170.28999,170.34801,0,twelvedata,2025-08-26 17:50:44
3307,EUR/JPY,2025-07-04 09:00:00,170.355,170.407,170.30099,170.306,0,twelvedata,2025-08-26 17:50:44
3308,EUR/JPY,2025-07-04 10:00:00,170.304,170.396,170.087006,170.14999,0,twelvedata,2025-08-26 17:50:44
3309,EUR/JPY,2025-07-04 11:00:00,170.157,170.271,170.131,170.23,0,twelvedata,2025-08-26 17:50:44
3310,EUR/JPY,2025-07-04 12:00:00,170.228,170.28101,170.16299,170.185,0,twelvedata,2025-08-26 17:50:44
3311,EUR/JPY,2025-07-04 13:00:00,170.17999,170.198,170.050003,170.101,0,twelvedata,2025-08-26 17:50:44
3312,EUR/JPY,2025-07-04 14:00:00,170.10201,170.121,169.995,170.072998,0,twelvedata,2025-08-26 17:50:44
3313,EUR/JPY,2025-07-04 15:00:00,170.074005,170.13499,170.042999,170.085999,0,twelvedata,2025-08-26 17:50:44
3314,EUR/JPY,2025-07-04 16:00:00,170.089005,170.089996,169.849,169.935,0,twelvedata,2025-08-26 17:50:44
3315,EUR/JPY,2025-07-04 17:00:00,169.935,170.070999,169.87199,169.964,0,twelvedata,2025-08-26 17:50:44
3316,EUR/JPY,2025-07-04 18:00:00,169.965,170.0070038,169.894,169.952,0,twelvedata,2025-08-26 17:50:44
3317,EUR/JPY,2025-07-04 19:00:00,169.95399,170.065994,169.89799,169.97501,0,twelvedata,2025-08-26 17:50:44
3318,EUR/JPY,2025-07-04 20:00:00,169.976,170.048996,169.948,170.0059967,0,twelvedata,2025-08-26 17:50:44
3319,EUR/JPY,2025-07-04 21:00:00,170.0039978,170.061005,169.927,169.935,0,twelvedata,2025-08-26 17:50:44
3320,EUR/JPY,2025-07-04 22:00:00,169.935,169.959,169.868,169.93401,0,twelvedata,2025-08-26 17:50:44
3321,EUR/JPY,2025-07-04 23:00:00,169.93201,170.173,169.93201,170.164,0,twelvedata,2025-08-26 17:50:44
3322,EUR/JPY,2025-07-05 00:00:00,170.166,170.248,170.158,170.21899,0,twelvedata,2025-08-26 17:50:44
3323,EUR/JPY,2025-07-05 01:00:00,170.216,170.332,170.19501,170.233,0,twelvedata,2025-08-26 17:50:44
3324,EUR/JPY,2025-07-05 02:00:00,170.237,170.26199,170.12601,170.13699,0,twelvedata,2025-08-26 17:50:44
3325,EUR/JPY,2025-07-05 03:00:00,170.136,170.168,170.063995,170.12,0,twelvedata,2025-08-26 17:50:44
3326,EUR/JPY,2025-07-05 04:00:00,170.116,170.19099,170.101,170.16499,0,twelvedata,2025-08-26 17:50:44
3327,EUR/JPY,2025-07-05 05:00:00,170.173,170.245,170.097,170.224,0,twelvedata,2025-08-26 17:50:44
3328,EUR/JPY,2025-07-05 06:00:00,170.224,170.29601,170.046997,170.133,0,twelvedata,2025-08-26 17:50:44
3329,EUR/JPY,2025-07-05 07:00:00,170.18401,170.18401,170.18401,170.18401,0,twelvedata,2025-08-26 17:50:44
3330,EUR/JPY,2025-07-07 09:00:00,170.20399,170.299,170.13499,170.211,0,twelvedata,2025-08-26 17:50:44
3331,EUR/JPY,2025-07-07 10:00:00,170.21201,170.228,169.981,170.044006,0,twelvedata,2025-08-26 17:50:44
3332,EUR/JPY,2025-07-07 11:00:00,170.039993,170.181,169.88,170.142,0,twelvedata,2025-08-26 17:50:44
3333,EUR/JPY,2025-07-07 12:00:00,170.142,170.452,170.11301,170.41,0,twelvedata,2025-08-26 17:50:44
3334,EUR/JPY,2025-07-07 13:00:00,170.409,170.48399,170.34801,170.45,0,twelvedata,2025-08-26 17:50:44
3335,EUR/JPY,2025-07-07 14:00:00,170.452,170.61501,170.35899,170.58501,0,twelvedata,2025-08-26 17:50:44
3336,EUR/JPY,2025-07-07 15:00:00,170.58501,170.73199,170.571,170.664,0,twelvedata,2025-08-26 17:50:44
3337,EUR/JPY,2025-07-07 16:00:00,170.662,170.73801,170.45399,170.48599,0,twelvedata,2025-08-26 17:50:44
3338,EUR/JPY,2025-07-07 17:00:00,170.48801,170.606,170.392,170.54201,0,twelvedata,2025-08-26 17:50:44
3339,EUR/JPY,2025-07-07 18:00:00,170.541,170.58299,170.30701,170.39301,0,twelvedata,2025-08-26 17:50:44
3340,EUR/JPY,2025-07-07 19:00:00,170.39,170.675,170.366,170.651,0,twelvedata,2025-08-26 17:50:44
3341,EUR/JPY,2025-07-07 20:00:00,170.653,170.714,170.521,170.55701,0,twelvedata,2025-08-26 17:50:44
3342,EUR/JPY,2025-07-07 21:00:00,170.556,170.68401,170.478,170.65401,0,twelvedata,2025-08-26 17:50:44
3343,EUR/JPY,2025-07-07 22:00:00,170.64999,170.761,170.618,170.664,0,twelvedata,2025-08-26 17:50:44
3344,EUR/JPY,2025-07-07 23:00:00,170.66299,171.11301,170.644,171.020004,0,twelvedata,2025-08-26 17:50:44
3345,EUR/JPY,2025-07-08 00:00:00,171.018997,171.205,170.959,171.14799,0,twelvedata,2025-08-26 17:50:44
3346,EUR/JPY,2025-07-08 01:00:00,171.147,171.217,171.087997,171.14301,0,twelvedata,2025-08-26 17:50:44
3347,EUR/JPY,2025-07-08 02:00:00,171.144,171.26801,170.784,170.87,0,twelvedata,2025-08-26 17:50:44
3348,EUR/JPY,2025-07-08 03:00:00,170.87199,171.129,170.75,170.98399,0,twelvedata,2025-08-26 17:50:44
3349,EUR/JPY,2025-07-08 04:00:00,170.987,171.311,170.968,171.29601,0,twelvedata,2025-08-26 17:50:44
3350,EUR/JPY,2025-07-08 05:00:00,171.29601,171.304,171.13901,171.168,0,twelvedata,2025-08-26 17:50:44
3351,EUR/JPY,2025-07-08 06:00:00,171.166,171.187,170.95,170.966,0,twelvedata,2025-08-26 17:50:44
3352,EUR/JPY,2025-07-08 07:00:00,170.92799,171.065002,170.88,170.95399,0,twelvedata,2025-08-26 17:50:44
3353,EUR/JPY,2025-07-08 08:00:00,170.95399,171.194,170.923,171.16499,0,twelvedata,2025-08-26 17:50:44
3354,EUR/JPY,2025-07-08 09:00:00,171.16901,171.399,171.168,171.213,0,twelvedata,2025-08-26 17:50:44
3355,EUR/JPY,2025-07-08 10:00:00,171.213,171.674,171.17999,171.636,0,twelvedata,2025-08-26 17:50:44
3356,EUR/JPY,2025-07-08 11:00:00,171.63499,171.802,171.49699,171.66499,0,twelvedata,2025-08-26 17:50:44
3357,EUR/JPY,2025-07-08 12:00:00,171.66701,171.696,171.476,171.48801,0,twelvedata,2025-08-26 17:50:44
3358,EUR/JPY,2025-07-08 13:00:00,171.48801,171.67599,171.45799,171.584,0,twelvedata,2025-08-26 17:50:44
3359,EUR/JPY,2025-07-08 14:00:00,171.584,171.592,171.32401,171.42,0,twelvedata,2025-08-26 17:50:44
3360,EUR/JPY,2025-07-08 15:00:00,171.42,171.515,171.34399,171.43401,0,twelvedata,2025-08-26 17:50:44
3361,EUR/JPY,2025-07-08 16:00:00,171.44,171.739,171.43201,171.717,0,twelvedata,2025-08-26 17:50:44
3362,EUR/JPY,2025-07-08 17:00:00,171.717,171.813,171.67101,171.741,0,twelvedata,2025-08-26 17:50:44
3363,EUR/JPY,2025-07-08 18:00:00,171.74001,171.842,171.724,171.755,0,twelvedata,2025-08-26 17:50:44
3364,EUR/JPY,2025-07-08 19:00:00,171.756,171.80701,171.578,171.7,0,twelvedata,2025-08-26 17:50:44
3365,EUR/JPY,2025-07-08 20:00:00,171.703,171.759,171.554,171.696,0,twelvedata,2025-08-26 17:50:44
3366,EUR/JPY,2025-07-08 21:00:00,171.69701,172.0019989,171.69299,171.826,0,twelvedata,2025-08-26 17:50:44
3367,EUR/JPY,2025-07-08 22:00:00,171.823,171.88901,171.674,171.882,0,twelvedata,2025-08-26 17:50:44
3368,EUR/JPY,2025-07-08 23:00:00,171.882,171.94701,171.755,171.791,0,twelvedata,2025-08-26 17:50:44
3369,EUR/JPY,2025-07-09 00:00:00,171.791,171.86,171.64,171.77499,0,twelvedata,2025-08-26 17:50:44
3370,EUR/JPY,2025-07-09 01:00:00,171.774,171.992,171.757,171.867,0,twelvedata,2025-08-26 17:50:44
3371,EUR/JPY,2025-07-09 02:00:00,171.87,171.873,171.69501,171.817,0,twelvedata,2025-08-26 17:50:44
3372,EUR/JPY,2025-07-09 03:00:00,171.81599,172.014999,171.798,172.0090027,0,twelvedata,2025-08-26 17:50:44
3373,EUR/JPY,2025-07-09 04:00:00,172.0079956,172.020004,171.94,171.963,0,twelvedata,2025-08-26 17:50:44
3374,EUR/JPY,2025-07-09 05:00:00,171.964,171.989,171.88,171.905,0,twelvedata,2025-08-26 17:50:44
3375,EUR/JPY,2025-07-09 06:00:00,171.905,171.90601,171.804,171.87199,0,twelvedata,2025-08-26 17:50:44
3376,EUR/JPY,2025-07-09 07:00:00,171.804,171.946,171.618,171.77499,0,twelvedata,2025-08-26 17:50:44
3377,EUR/JPY,2025-07-09 08:00:00,171.77499,171.929,171.72099,171.92799,0,twelvedata,2025-08-26 17:50:44
3378,EUR/JPY,2025-07-09 09:00:00,171.92599,172.177,171.907,172.174,0,twelvedata,2025-08-26 17:50:44
3379,EUR/JPY,2025-07-09 10:00:00,172.173,172.211,172.022003,172.101,0,twelvedata,2025-08-26 17:50:44
3380,EUR/JPY,2025-07-09 11:00:00,172.103,172.278,172.026001,172.13,0,twelvedata,2025-08-26 17:50:44
3381,EUR/JPY,2025-07-09 12:00:00,172.131,172.226,172.10201,172.22,0,twelvedata,2025-08-26 17:50:44
3382,EUR/JPY,2025-07-09 13:00:00,172.22,172.26401,172.15401,172.164,0,twelvedata,2025-08-26 17:50:44
3383,EUR/JPY,2025-07-09 14:00:00,172.164,172.265,172.161,172.216,0,twelvedata,2025-08-26 17:50:44
3384,EUR/JPY,2025-07-09 15:00:00,172.215,172.258,172.145,172.21201,0,twelvedata,2025-08-26 17:50:44
3385,EUR/JPY,2025-07-09 16:00:00,172.211,172.25301,172.129,172.14,0,twelvedata,2025-08-26 17:50:44
3386,EUR/JPY,2025-07-09 17:00:00,172.14,172.17599,171.825,171.912,0,twelvedata,2025-08-26 17:50:44
3387,EUR/JPY,2025-07-09 18:00:00,171.916,171.94901,171.739,171.808,0,twelvedata,2025-08-26 17:50:44
3388,EUR/JPY,2025-07-09 19:00:00,171.80299,171.83,171.62199,171.75101,0,twelvedata,2025-08-26 17:50:44
3389,EUR/JPY,2025-07-09 20:00:00,171.748,171.755,171.56799,171.616,0,twelvedata,2025-08-26 17:50:44
3390,EUR/JPY,2025-07-09 21:00:00,171.618,171.744,171.548,171.58,0,twelvedata,2025-08-26 17:50:44
3391,EUR/JPY,2025-07-09 22:00:00,171.58299,171.73399,171.569,171.61099,0,twelvedata,2025-08-26 17:50:44
3392,EUR/JPY,2025-07-09 23:00:00,171.61,171.634,171.39999,171.405,0,twelvedata,2025-08-26 17:50:44
3393,EUR/JPY,2025-07-10 00:00:00,171.40401,171.62199,171.341,171.58,0,twelvedata,2025-08-26 17:50:44
3394,EUR/JPY,2025-07-10 01:00:00,171.58,171.646,171.48199,171.53,0,twelvedata,2025-08-26 17:50:44
3395,EUR/JPY,2025-07-10 02:00:00,171.53,171.53,171.306,171.37601,0,twelvedata,2025-08-26 17:50:44
3396,EUR/JPY,2025-07-10 03:00:00,171.375,171.39,171.25,171.34599,0,twelvedata,2025-08-26 17:50:44
3397,EUR/JPY,2025-07-10 04:00:00,171.336,171.414,171.317,171.39999,0,twelvedata,2025-08-26 17:50:44
3398,EUR/JPY,2025-07-10 05:00:00,171.39799,171.502,171.397,171.464,0,twelvedata,2025-08-26 17:50:44
3399,EUR/JPY,2025-07-10 06:00:00,171.463,171.64101,171.43401,171.43401,0,twelvedata,2025-08-26 17:50:44
3400,EUR/JPY,2025-07-10 07:00:00,171.47,171.52299,171.328,171.49001,0,twelvedata,2025-08-26 17:50:44
3401,EUR/JPY,2025-07-10 08:00:00,171.49001,171.51801,171.41,171.45,0,twelvedata,2025-08-26 17:50:44
3402,EUR/JPY,2025-07-10 09:00:00,171.45599,171.533,171.30901,171.498,0,twelvedata,2025-08-26 17:50:44
3403,EUR/JPY,2025-07-10 10:00:00,171.496,171.519,171.175,171.24001,0,twelvedata,2025-08-26 17:50:44
3404,EUR/JPY,2025-07-10 11:00:00,171.242,171.369,171.172,171.284,0,twelvedata,2025-08-26 17:50:44
3405,EUR/JPY,2025-07-10 12:00:00,171.283,171.49899,171.261,171.485,0,twelvedata,2025-08-26 17:50:44
3406,EUR/JPY,2025-07-10 13:00:00,171.48801,171.621,171.474,171.612,0,twelvedata,2025-08-26 17:50:44
3407,EUR/JPY,2025-07-10 14:00:00,171.612,171.748,171.569,171.582,0,twelvedata,2025-08-26 17:50:44
3408,EUR/JPY,2025-07-10 15:00:00,171.578,171.759,171.556,171.69,0,twelvedata,2025-08-26 17:50:44
3409,EUR/JPY,2025-07-10 16:00:00,171.689,171.724,171.45399,171.47301,0,twelvedata,2025-08-26 17:50:44
3410,EUR/JPY,2025-07-10 17:00:00,171.47501,171.778,171.412,171.631,0,twelvedata,2025-08-26 17:50:44
3411,EUR/JPY,2025-07-10 18:00:00,171.63,171.72301,171.57201,171.638,0,twelvedata,2025-08-26 17:50:44
3412,EUR/JPY,2025-07-10 19:00:00,171.63499,171.67999,171.47301,171.478,0,twelvedata,2025-08-26 17:50:44
3413,EUR/JPY,2025-07-10 20:00:00,171.48,171.53999,171.341,171.37199,0,twelvedata,2025-08-26 17:50:44
3414,EUR/JPY,2025-07-10 21:00:00,171.377,171.444,171.26801,171.278,0,twelvedata,2025-08-26 17:50:44
3415,EUR/JPY,2025-07-10 22:00:00,171.282,171.5,171.214,171.424,0,twelvedata,2025-08-26 17:50:44
3416,EUR/JPY,2025-07-10 23:00:00,171.425,171.494,171.312,171.38901,0,twelvedata,2025-08-26 17:50:44
3417,EUR/JPY,2025-07-11 00:00:00,171.388,171.42799,171.052002,171.12199,0,twelvedata,2025-08-26 17:50:44
3418,EUR/JPY,2025-07-11 01:00:00,171.121,171.24001,171.067993,171.17599,0,twelvedata,2025-08-26 17:50:44
3419,EUR/JPY,2025-07-11 02:00:00,171.179,171.205,171.085007,171.146,0,twelvedata,2025-08-26 17:50:44
3420,EUR/JPY,2025-07-11 03:00:00,171.146,171.15601,171.037994,171.041,0,twelvedata,2025-08-26 17:50:44
3421,EUR/JPY,2025-07-11 04:00:00,171.039993,171.046005,170.935,170.985,0,twelvedata,2025-08-26 17:50:44
3422,EUR/JPY,2025-07-11 05:00:00,170.98599,171.033997,170.967,171.031998,0,twelvedata,2025-08-26 17:50:44
3423,EUR/JPY,2025-07-11 06:00:00,171.031006,171.12,170.98,171.103,0,twelvedata,2025-08-26 17:50:44
3424,EUR/JPY,2025-07-11 07:00:00,171.103,171.17799,170.981,171.12801,0,twelvedata,2025-08-26 17:50:44
3425,EUR/JPY,2025-07-11 08:00:00,171.12801,171.16901,171.061996,171.14999,0,twelvedata,2025-08-26 17:50:44
3426,EUR/JPY,2025-07-11 09:00:00,171.146,171.17599,171.044006,171.168,0,twelvedata,2025-08-26 17:50:44
3427,EUR/JPY,2025-07-11 10:00:00,171.161,171.235,170.80499,171.095993,0,twelvedata,2025-08-26 17:50:44
3428,EUR/JPY,2025-07-11 11:00:00,171.097,171.465,171.074997,171.35001,0,twelvedata,2025-08-26 17:50:44
3429,EUR/JPY,2025-07-11 12:00:00,171.353,171.64999,171.334,171.582,0,twelvedata,2025-08-26 17:50:44
3430,EUR/JPY,2025-07-11 13:00:00,171.58,171.69501,171.515,171.664,0,twelvedata,2025-08-26 17:50:44
3431,EUR/JPY,2025-07-11 14:00:00,171.658,171.769,171.608,171.733,0,twelvedata,2025-08-26 17:50:44
3432,EUR/JPY,2025-07-11 15:00:00,171.73399,171.769,171.472,171.50999,0,twelvedata,2025-08-26 17:50:44
3433,EUR/JPY,2025-07-11 16:00:00,171.508,171.60899,171.414,171.526,0,twelvedata,2025-08-26 17:50:44
3434,EUR/JPY,2025-07-11 17:00:00,171.52699,171.731,171.522,171.64999,0,twelvedata,2025-08-26 17:50:44
3435,EUR/JPY,2025-07-11 18:00:00,171.65199,171.746,171.541,171.709,0,twelvedata,2025-08-26 17:50:44
3436,EUR/JPY,2025-07-11 19:00:00,171.71001,171.963,171.658,171.923,0,twelvedata,2025-08-26 17:50:44
3437,EUR/JPY,2025-07-11 20:00:00,171.922,171.951,171.595,171.662,0,twelvedata,2025-08-26 17:50:44
3438,EUR/JPY,2025-07-11 21:00:00,171.662,171.856,171.659,171.83501,0,twelvedata,2025-08-26 17:50:44
3439,EUR/JPY,2025-07-11 22:00:00,171.83299,171.875,171.65199,171.782,0,twelvedata,2025-08-26 17:50:44
3440,EUR/JPY,2025-07-11 23:00:00,171.784,172.153,171.765,172.153,0,twelvedata,2025-08-26 17:50:44
3441,EUR/JPY,2025-07-12 00:00:00,172.145,172.34399,172.14101,172.26401,0,twelvedata,2025-08-26 17:50:44
3442,EUR/JPY,2025-07-12 01:00:00,172.26401,172.423,172.256,172.269,0,twelvedata,2025-08-26 17:50:44
3443,EUR/JPY,2025-07-12 02:00:00,172.27,172.386,172.233,172.29201,0,twelvedata,2025-08-26 17:50:44
3444,EUR/JPY,2025-07-12 03:00:00,172.293,172.353,172.259,172.34599,0,twelvedata,2025-08-26 17:50:44
3445,EUR/JPY,2025-07-12 04:00:00,172.347,172.37601,172.289,172.339,0,twelvedata,2025-08-26 17:50:44
3446,EUR/JPY,2025-07-12 05:00:00,172.339,172.367,172.245,172.25301,0,twelvedata,2025-08-26 17:50:44
3447,EUR/JPY,2025-07-12 06:00:00,172.248,172.381,172.164,172.283,0,twelvedata,2025-08-26 17:50:44
3448,EUR/JPY,2025-07-12 07:00:00,172.32001,172.32001,172.32001,172.32001,0,twelvedata,2025-08-26 17:50:44
3449,EUR/JPY,2025-07-14 09:00:00,172.039001,172.142,171.94701,172.076004,0,twelvedata,2025-08-26 17:50:44
3450,EUR/JPY,2025-07-14 10:00:00,172.076004,172.095993,171.79601,171.83501,0,twelvedata,2025-08-26 17:50:44
3451,EUR/JPY,2025-07-14 11:00:00,171.834,171.983,171.76199,171.91701,0,twelvedata,2025-08-26 17:50:44
3452,EUR/JPY,2025-07-14 12:00:00,171.916,172.020996,171.884,171.936,0,twelvedata,2025-08-26 17:50:44
3453,EUR/JPY,2025-07-14 13:00:00,171.939,172.116,171.882,172.063995,0,twelvedata,2025-08-26 17:50:44
3454,EUR/JPY,2025-07-14 14:00:00,172.065002,172.17599,171.948,172.056,0,twelvedata,2025-08-26 17:50:44
3455,EUR/JPY,2025-07-14 15:00:00,172.056,172.091003,171.937,171.966,0,twelvedata,2025-08-26 17:50:44
3456,EUR/JPY,2025-07-14 16:00:00,171.967,171.98199,171.722,171.754,0,twelvedata,2025-08-26 17:50:44
3457,EUR/JPY,2025-07-14 17:00:00,171.755,172.211,171.754,172.207,0,twelvedata,2025-08-26 17:50:44
3458,EUR/JPY,2025-07-14 18:00:00,172.211,172.23599,171.965,172.098999,0,twelvedata,2025-08-26 17:50:44
3459,EUR/JPY,2025-07-14 19:00:00,172.098999,172.198,171.976,172.19299,0,twelvedata,2025-08-26 17:50:44
3460,EUR/JPY,2025-07-14 20:00:00,172.187,172.20799,172.067993,172.146,0,twelvedata,2025-08-26 17:50:44
3461,EUR/JPY,2025-07-14 21:00:00,172.145,172.367,172.144,172.30299,0,twelvedata,2025-08-26 17:50:44
3462,EUR/JPY,2025-07-14 22:00:00,172.302,172.308,172.065994,172.231,0,twelvedata,2025-08-26 17:50:44
3463,EUR/JPY,2025-07-14 23:00:00,172.229,172.25301,172.080002,172.13499,0,twelvedata,2025-08-26 17:50:44
3464,EUR/JPY,2025-07-15 00:00:00,172.133,172.38499,172.082001,172.286,0,twelvedata,2025-08-26 17:50:44
3465,EUR/JPY,2025-07-15 01:00:00,172.287,172.46899,172.271,172.371,0,twelvedata,2025-08-26 17:50:44
3466,EUR/JPY,2025-07-15 02:00:00,172.37,172.436,172.222,172.26401,0,twelvedata,2025-08-26 17:50:44
3467,EUR/JPY,2025-07-15 03:00:00,172.269,172.319,172.20399,172.27,0,twelvedata,2025-08-26 17:50:44
3468,EUR/JPY,2025-07-15 04:00:00,172.272,172.444,172.271,172.43401,0,twelvedata,2025-08-26 17:50:44
3469,EUR/JPY,2025-07-15 05:00:00,172.435,172.438,172.33299,172.358,0,twelvedata,2025-08-26 17:50:44
3470,EUR/JPY,2025-07-15 06:00:00,172.36301,172.418,172.257,172.26801,0,twelvedata,2025-08-26 17:50:44
3471,EUR/JPY,2025-07-15 07:00:00,172.25,172.353,172.192,172.27,0,twelvedata,2025-08-26 17:50:44
3472,EUR/JPY,2025-07-15 08:00:00,172.283,172.416,172.19701,172.39,0,twelvedata,2025-08-26 17:50:44
3473,EUR/JPY,2025-07-15 09:00:00,172.388,172.47301,172.375,172.394,0,twelvedata,2025-08-26 17:50:44
3474,EUR/JPY,2025-07-15 10:00:00,172.392,172.476,172.25101,172.263,0,twelvedata,2025-08-26 17:50:44
3475,EUR/JPY,2025-07-15 11:00:00,172.265,172.495,172.256,172.438,0,twelvedata,2025-08-26 17:50:44
3476,EUR/JPY,2025-07-15 12:00:00,172.437,172.48399,172.304,172.326,0,twelvedata,2025-08-26 17:50:44
3477,EUR/JPY,2025-07-15 13:00:00,172.32201,172.442,172.259,172.414,0,twelvedata,2025-08-26 17:50:44
3478,EUR/JPY,2025-07-15 14:00:00,172.418,172.465,172.373,172.412,0,twelvedata,2025-08-26 17:50:44
3479,EUR/JPY,2025-07-15 15:00:00,172.414,172.468,172.38901,172.44299,0,twelvedata,2025-08-26 17:50:44
3480,EUR/JPY,2025-07-15 16:00:00,172.442,172.58299,172.42599,172.47301,0,twelvedata,2025-08-26 17:50:44
3481,EUR/JPY,2025-07-15 17:00:00,172.474,172.731,172.45,172.7,0,twelvedata,2025-08-26 17:50:44
3482,EUR/JPY,2025-07-15 18:00:00,172.702,172.726,172.51401,172.57899,0,twelvedata,2025-08-26 17:50:44
3483,EUR/JPY,2025-07-15 19:00:00,172.576,172.60699,172.46899,172.588,0,twelvedata,2025-08-26 17:50:44
3484,EUR/JPY,2025-07-15 20:00:00,172.593,172.64,172.506,172.604,0,twelvedata,2025-08-26 17:50:44
3485,EUR/JPY,2025-07-15 21:00:00,172.60699,172.692,172.56799,172.605,0,twelvedata,2025-08-26 17:50:44
3486,EUR/JPY,2025-07-15 22:00:00,172.608,172.864,172.416,172.71001,0,twelvedata,2025-08-26 17:50:44
3487,EUR/JPY,2025-07-15 23:00:00,172.705,173.052994,172.69901,172.989,0,twelvedata,2025-08-26 17:50:44
3488,EUR/JPY,2025-07-16 00:00:00,172.99001,173.078995,172.894,172.89999,0,twelvedata,2025-08-26 17:50:44
3489,EUR/JPY,2025-07-16 01:00:00,172.899,172.955,172.80099,172.82201,0,twelvedata,2025-08-26 17:50:44
3490,EUR/JPY,2025-07-16 02:00:00,172.827,172.87199,172.64301,172.657,0,twelvedata,2025-08-26 17:50:44
3491,EUR/JPY,2025-07-16 03:00:00,172.65601,172.756,172.623,172.718,0,twelvedata,2025-08-26 17:50:44
3492,EUR/JPY,2025-07-16 04:00:00,172.718,172.743,172.67101,172.71201,0,twelvedata,2025-08-26 17:50:44
3493,EUR/JPY,2025-07-16 05:00:00,172.711,172.772,172.627,172.674,0,twelvedata,2025-08-26 17:50:44
3494,EUR/JPY,2025-07-16 06:00:00,172.674,172.737,172.634,172.69701,0,twelvedata,2025-08-26 17:50:44
3495,EUR/JPY,2025-07-16 07:00:00,172.633,172.752,172.59399,172.64101,0,twelvedata,2025-08-26 17:50:44
3496,EUR/JPY,2025-07-16 08:00:00,172.634,172.798,172.606,172.76601,0,twelvedata,2025-08-26 17:50:44
3497,EUR/JPY,2025-07-16 09:00:00,172.763,172.82201,172.627,172.68401,0,twelvedata,2025-08-26 17:50:44
3498,EUR/JPY,2025-07-16 10:00:00,172.688,172.994,172.606,172.92799,0,twelvedata,2025-08-26 17:50:44
3499,EUR/JPY,2025-07-16 11:00:00,172.927,172.978,172.752,172.836,0,twelvedata,2025-08-26 17:50:44
3500,EUR/JPY,2025-07-16 12:00:00,172.83701,172.92799,172.81799,172.882,0,twelvedata,2025-08-26 17:50:44
3501,EUR/JPY,2025-07-16 13:00:00,172.882,173.069,172.87,173.044006,0,twelvedata,2025-08-26 17:50:44
3502,EUR/JPY,2025-07-16 14:00:00,173.048996,173.242,173.018997,173.044006,0,twelvedata,2025-08-26 17:50:44
3503,EUR/JPY,2025-07-16 15:00:00,173.048004,173.074005,172.881,172.92999,0,twelvedata,2025-08-26 17:50:44
3504,EUR/JPY,2025-07-16 16:00:00,172.929,173.0019989,172.784,172.838,0,twelvedata,2025-08-26 17:50:44
3505,EUR/JPY,2025-07-16 17:00:00,172.839,173.0090027,172.795,172.981,0,twelvedata,2025-08-26 17:50:44
3506,EUR/JPY,2025-07-16 18:00:00,172.98199,173.039993,172.849,173.026001,0,twelvedata,2025-08-26 17:50:44
3507,EUR/JPY,2025-07-16 19:00:00,173.029007,173.084,172.672,172.741,0,twelvedata,2025-08-26 17:50:44
3508,EUR/JPY,2025-07-16 20:00:00,172.742,172.784,172.621,172.76401,0,twelvedata,2025-08-26 17:50:44
3509,EUR/JPY,2025-07-16 21:00:00,172.76199,172.76601,172.59,172.614,0,twelvedata,2025-08-26 17:50:44
3510,EUR/JPY,2025-07-16 22:00:00,172.618,172.63,172.351,172.47301,0,twelvedata,2025-08-26 17:50:44
3511,EUR/JPY,2025-07-16 23:00:00,172.47501,172.50301,172.192,172.20599,0,twelvedata,2025-08-26 17:50:44
3512,EUR/JPY,2025-07-17 00:00:00,172.202,172.239,171.92999,172.116,0,twelvedata,2025-08-26 17:50:44
3513,EUR/JPY,2025-07-17 01:00:00,172.114,172.39101,171.82001,172.22099,0,twelvedata,2025-08-26 17:50:44
3514,EUR/JPY,2025-07-17 02:00:00,172.22,172.49001,172.19,172.30499,0,twelvedata,2025-08-26 17:50:44
3515,EUR/JPY,2025-07-17 03:00:00,172.306,172.326,171.858,171.92,0,twelvedata,2025-08-26 17:50:44
3516,EUR/JPY,2025-07-17 04:00:00,171.918,172.037994,171.83701,172.024002,0,twelvedata,2025-08-26 17:50:44
3517,EUR/JPY,2025-07-17 05:00:00,172.026993,172.067993,171.972,172.031998,0,twelvedata,2025-08-26 17:50:44
3518,EUR/JPY,2025-07-17 06:00:00,172.031006,172.185,172.016998,172.057007,0,twelvedata,2025-08-26 17:50:44
3519,EUR/JPY,2025-07-17 07:00:00,172.057999,172.147,171.888,171.968,0,twelvedata,2025-08-26 17:50:44
3520,EUR/JPY,2025-07-17 08:00:00,171.966,172.16,171.955,172.087006,0,twelvedata,2025-08-26 17:50:44
3521,EUR/JPY,2025-07-17 09:00:00,172.080002,172.261,172.0050049,172.20799,0,twelvedata,2025-08-26 17:50:44
3522,EUR/JPY,2025-07-17 10:00:00,172.21201,172.492,172.2,172.487,0,twelvedata,2025-08-26 17:50:44
3523,EUR/JPY,2025-07-17 11:00:00,172.48399,172.565,172.33,172.496,0,twelvedata,2025-08-26 17:50:44
3524,EUR/JPY,2025-07-17 12:00:00,172.496,172.569,172.42799,172.489,0,twelvedata,2025-08-26 17:50:44
3525,EUR/JPY,2025-07-17 13:00:00,172.487,172.66901,172.439,172.60699,0,twelvedata,2025-08-26 17:50:44
3526,EUR/JPY,2025-07-17 14:00:00,172.60699,172.672,172.517,172.535,0,twelvedata,2025-08-26 17:50:44
3527,EUR/JPY,2025-07-17 15:00:00,172.536,172.61099,172.451,172.496,0,twelvedata,2025-08-26 17:50:44
3528,EUR/JPY,2025-07-17 16:00:00,172.5,172.59801,172.14799,172.166,0,twelvedata,2025-08-26 17:50:44
3529,EUR/JPY,2025-07-17 17:00:00,172.16499,172.425,172.127,172.382,0,twelvedata,2025-08-26 17:50:44
3530,EUR/JPY,2025-07-17 18:00:00,172.38499,172.563,172.37399,172.375,0,twelvedata,2025-08-26 17:50:44
3531,EUR/JPY,2025-07-17 19:00:00,172.386,172.521,172.334,172.423,0,twelvedata,2025-08-26 17:50:44
3532,EUR/JPY,2025-07-17 20:00:00,172.422,172.438,172.19701,172.226,0,twelvedata,2025-08-26 17:50:44
3533,EUR/JPY,2025-07-17 21:00:00,172.22701,172.27,172.136,172.198,0,twelvedata,2025-08-26 17:50:44
3534,EUR/JPY,2025-07-17 22:00:00,172.19701,172.466,172.187,172.326,0,twelvedata,2025-08-26 17:50:44
3535,EUR/JPY,2025-07-17 23:00:00,172.327,172.34599,172.070007,172.16299,0,twelvedata,2025-08-26 17:50:44
3536,EUR/JPY,2025-07-18 00:00:00,172.161,172.17799,171.937,172.063004,0,twelvedata,2025-08-26 17:50:44
3537,EUR/JPY,2025-07-18 01:00:00,172.067993,172.299,172.037994,172.276,0,twelvedata,2025-08-26 17:50:44
3538,EUR/JPY,2025-07-18 02:00:00,172.276,172.298,172.19299,172.205,0,twelvedata,2025-08-26 17:50:44
3539,EUR/JPY,2025-07-18 03:00:00,172.203,172.248,172.158,172.229,0,twelvedata,2025-08-26 17:50:44
3540,EUR/JPY,2025-07-18 04:00:00,172.228,172.349,172.213,172.3,0,twelvedata,2025-08-26 17:50:44
3541,EUR/JPY,2025-07-18 05:00:00,172.29601,172.37,172.28799,172.336,0,twelvedata,2025-08-26 17:50:44
3542,EUR/JPY,2025-07-18 06:00:00,172.33501,172.366,172.22701,172.233,0,twelvedata,2025-08-26 17:50:44
3543,EUR/JPY,2025-07-18 07:00:00,172.254,172.35699,172.146,172.274,0,twelvedata,2025-08-26 17:50:44
3544,EUR/JPY,2025-07-18 08:00:00,172.24899,172.397,172.224,172.30499,0,twelvedata,2025-08-26 17:50:44
3545,EUR/JPY,2025-07-18 09:00:00,172.308,172.438,172.283,172.429,0,twelvedata,2025-08-26 17:50:44
3546,EUR/JPY,2025-07-18 10:00:00,172.429,172.739,172.34399,172.72701,0,twelvedata,2025-08-26 17:50:44
3547,EUR/JPY,2025-07-18 11:00:00,172.73,172.758,172.57201,172.67799,0,twelvedata,2025-08-26 17:50:44
3548,EUR/JPY,2025-07-18 12:00:00,172.68201,172.735,172.58099,172.72501,0,twelvedata,2025-08-26 17:50:44
3549,EUR/JPY,2025-07-18 13:00:00,172.724,172.869,172.679,172.815,0,twelvedata,2025-08-26 17:50:44
3550,EUR/JPY,2025-07-18 14:00:00,172.813,172.85001,172.71899,172.748,0,twelvedata,2025-08-26 17:50:44
3551,EUR/JPY,2025-07-18 15:00:00,172.75101,172.85899,172.70399,172.826,0,twelvedata,2025-08-26 17:50:44
3552,EUR/JPY,2025-07-18 16:00:00,172.82401,172.92,172.72701,172.85001,0,twelvedata,2025-08-26 17:50:44
3553,EUR/JPY,2025-07-18 17:00:00,172.851,173.10899,172.843,173.024994,0,twelvedata,2025-08-26 17:50:44
3554,EUR/JPY,2025-07-18 18:00:00,173.026001,173.074997,172.869,172.90199,0,twelvedata,2025-08-26 17:50:44
3555,EUR/JPY,2025-07-18 19:00:00,172.89999,173.089996,172.862,173.0079956,0,twelvedata,2025-08-26 17:50:44
3556,EUR/JPY,2025-07-18 20:00:00,173.0090027,173.014008,172.823,172.88699,0,twelvedata,2025-08-26 17:50:44
3557,EUR/JPY,2025-07-18 21:00:00,172.89101,173.020004,172.87601,172.92999,0,twelvedata,2025-08-26 17:50:44
3558,EUR/JPY,2025-07-18 22:00:00,172.93201,173.014999,172.873,172.94099,0,twelvedata,2025-08-26 17:50:44
3559,EUR/JPY,2025-07-18 23:00:00,172.938,173.054993,172.86301,172.96201,0,twelvedata,2025-08-26 17:50:44
3560,EUR/JPY,2025-07-19 00:00:00,172.972,173.026001,172.90401,172.95399,0,twelvedata,2025-08-26 17:50:44
3561,EUR/JPY,2025-07-19 01:00:00,172.957,173.065994,172.908,172.996,0,twelvedata,2025-08-26 17:50:44
3562,EUR/JPY,2025-07-19 02:00:00,172.995,173.080994,172.88901,172.912,0,twelvedata,2025-08-26 17:50:44
3563,EUR/JPY,2025-07-19 03:00:00,172.911,172.95399,172.864,172.914,0,twelvedata,2025-08-26 17:50:44
3564,EUR/JPY,2025-07-19 04:00:00,172.916,172.933,172.864,172.90199,0,twelvedata,2025-08-26 17:50:44
3565,EUR/JPY,2025-07-19 05:00:00,172.905,172.91299,172.834,172.884,0,twelvedata,2025-08-26 17:50:44
3566,EUR/JPY,2025-07-19 06:00:00,172.88499,173.119,172.855,172.946,0,twelvedata,2025-08-26 17:50:44
3567,EUR/JPY,2025-07-19 07:00:00,172.95399,172.99001,172.95399,172.99001,0,twelvedata,2025-08-26 17:50:44
3568,EUR/JPY,2025-07-21 09:00:00,172.75,172.82899,172.573,172.647,0,twelvedata,2025-08-26 17:50:44
3569,EUR/JPY,2025-07-21 10:00:00,172.645,172.655,172.35899,172.408,0,twelvedata,2025-08-26 17:50:44
3570,EUR/JPY,2025-07-21 11:00:00,172.408,172.562,172.40601,172.53,0,twelvedata,2025-08-26 17:50:44
3571,EUR/JPY,2025-07-21 12:00:00,172.532,172.595,172.509,172.58501,0,twelvedata,2025-08-26 17:50:44
3572,EUR/JPY,2025-07-21 13:00:00,172.58501,172.63499,172.507,172.588,0,twelvedata,2025-08-26 17:50:44
3573,EUR/JPY,2025-07-21 14:00:00,172.588,172.66,172.57201,172.62601,0,twelvedata,2025-08-26 17:50:44
3574,EUR/JPY,2025-07-21 15:00:00,172.625,172.62801,172.46001,172.51801,0,twelvedata,2025-08-26 17:50:44
3575,EUR/JPY,2025-07-21 16:00:00,172.51601,172.528,172.0019989,172.21201,0,twelvedata,2025-08-26 17:50:44
3576,EUR/JPY,2025-07-21 17:00:00,172.21001,172.53799,172.175,172.439,0,twelvedata,2025-08-26 17:50:44
3577,EUR/JPY,2025-07-21 18:00:00,172.436,172.44701,172.039001,172.179,0,twelvedata,2025-08-26 17:50:44
3578,EUR/JPY,2025-07-21 19:00:00,172.181,172.287,172.123,172.244,0,twelvedata,2025-08-26 17:50:44
3579,EUR/JPY,2025-07-21 20:00:00,172.243,172.25,172.035995,172.067001,0,twelvedata,2025-08-26 17:50:44
3580,EUR/JPY,2025-07-21 21:00:00,172.065994,172.27901,172.039001,172.151,0,twelvedata,2025-08-26 17:50:44
3581,EUR/JPY,2025-07-21 22:00:00,172.149,172.157,171.916,172.048004,0,twelvedata,2025-08-26 17:50:44
3582,EUR/JPY,2025-07-21 23:00:00,172.048004,172.214,172.020004,172.085007,0,twelvedata,2025-08-26 17:50:44
3583,EUR/JPY,2025-07-22 00:00:00,172.084,172.446,172.052994,172.433,0,twelvedata,2025-08-26 17:50:44
3584,EUR/JPY,2025-07-22 01:00:00,172.431,172.552,172.356,172.37,0,twelvedata,2025-08-26 17:50:44
3585,EUR/JPY,2025-07-22 02:00:00,172.37199,172.386,172.065002,172.17599,0,twelvedata,2025-08-26 17:50:44
3586,EUR/JPY,2025-07-22 03:00:00,172.17599,172.25,172.104,172.14999,0,twelvedata,2025-08-26 17:50:44
3587,EUR/JPY,2025-07-22 04:00:00,172.149,172.295,172.10001,172.276,0,twelvedata,2025-08-26 17:50:44
3588,EUR/JPY,2025-07-22 05:00:00,172.27699,172.289,172.22701,172.25301,0,twelvedata,2025-08-26 17:50:44
3589,EUR/JPY,2025-07-22 06:00:00,172.252,172.383,172.24699,172.263,0,twelvedata,2025-08-26 17:50:44
3590,EUR/JPY,2025-07-22 07:00:00,172.248,172.334,172.074005,172.196,0,twelvedata,2025-08-26 17:50:44
3591,EUR/JPY,2025-07-22 08:00:00,172.23599,172.368,172.202,172.35899,0,twelvedata,2025-08-26 17:50:44
3592,EUR/JPY,2025-07-22 09:00:00,172.369,172.472,172.33299,172.38,0,twelvedata,2025-08-26 17:50:44
3593,EUR/JPY,2025-07-22 10:00:00,172.38,172.592,172.298,172.384,0,twelvedata,2025-08-26 17:50:44
3594,EUR/JPY,2025-07-22 11:00:00,172.38901,172.51601,172.35201,172.492,0,twelvedata,2025-08-26 17:50:44
3595,EUR/JPY,2025-07-22 12:00:00,172.494,172.502,172.36301,172.392,0,twelvedata,2025-08-26 17:50:44
3596,EUR/JPY,2025-07-22 13:00:00,172.39,172.49699,172.327,172.472,0,twelvedata,2025-08-26 17:50:44
3597,EUR/JPY,2025-07-22 14:00:00,172.47,172.625,172.46899,172.563,0,twelvedata,2025-08-26 17:50:44
3598,EUR/JPY,2025-07-22 15:00:00,172.564,172.731,172.539,172.69701,0,twelvedata,2025-08-26 17:50:44
3599,EUR/JPY,2025-07-22 16:00:00,172.698,172.875,172.644,172.815,0,twelvedata,2025-08-26 17:50:44
3600,EUR/JPY,2025-07-22 17:00:00,172.81599,172.931,172.60899,172.612,0,twelvedata,2025-08-26 17:50:44
3601,EUR/JPY,2025-07-22 18:00:00,172.61099,172.825,172.506,172.68401,0,twelvedata,2025-08-26 17:50:44
3602,EUR/JPY,2025-07-22 19:00:00,172.68201,172.689,172.50999,172.578,0,twelvedata,2025-08-26 17:50:44
3603,EUR/JPY,2025-07-22 20:00:00,172.577,172.672,172.53799,172.64,0,twelvedata,2025-08-26 17:50:44
3604,EUR/JPY,2025-07-22 21:00:00,172.64301,172.675,172.189,172.233,0,twelvedata,2025-08-26 17:50:44
3605,EUR/JPY,2025-07-22 22:00:00,172.23599,172.255,171.476,171.618,0,twelvedata,2025-08-26 17:50:44
3606,EUR/JPY,2025-07-22 23:00:00,171.62,171.67599,171.448,171.548,0,twelvedata,2025-08-26 17:50:44
3607,EUR/JPY,2025-07-23 00:00:00,171.548,171.681,171.358,171.66499,0,twelvedata,2025-08-26 17:50:44
3608,EUR/JPY,2025-07-23 01:00:00,171.66901,172.018997,171.61301,171.951,0,twelvedata,2025-08-26 17:50:44
3609,EUR/JPY,2025-07-23 02:00:00,171.95,172.194,171.95,172.12,0,twelvedata,2025-08-26 17:50:44
3610,EUR/JPY,2025-07-23 03:00:00,172.123,172.17799,172.057999,172.138,0,twelvedata,2025-08-26 17:50:44
3611,EUR/JPY,2025-07-23 04:00:00,172.13901,172.19099,172.089005,172.179,0,twelvedata,2025-08-26 17:50:44
3612,EUR/JPY,2025-07-23 05:00:00,172.17999,172.274,172.129,172.23,0,twelvedata,2025-08-26 17:50:44
3613,EUR/JPY,2025-07-23 06:00:00,172.229,172.40401,172.209,172.32001,0,twelvedata,2025-08-26 17:50:44
3614,EUR/JPY,2025-07-23 07:00:00,172.31599,172.368,172.161,172.23,0,twelvedata,2025-08-26 17:50:44
3615,EUR/JPY,2025-07-23 08:00:00,172.226,172.407,172.213,172.347,0,twelvedata,2025-08-26 17:50:44
3616,EUR/JPY,2025-07-23 09:00:00,172.32401,172.47501,171.911,172.265,0,twelvedata,2025-08-26 17:50:44
3617,EUR/JPY,2025-07-23 10:00:00,172.26801,172.282,171.67101,172.018005,0,twelvedata,2025-08-26 17:50:44
3618,EUR/JPY,2025-07-23 11:00:00,172.020004,172.21899,171.897,172.070999,0,twelvedata,2025-08-26 17:50:44
3619,EUR/JPY,2025-07-23 12:00:00,172.072006,172.73801,171.90401,172.418,0,twelvedata,2025-08-26 17:50:44
3620,EUR/JPY,2025-07-23 13:00:00,172.41901,172.528,172.33,172.474,0,twelvedata,2025-08-26 17:50:44
3621,EUR/JPY,2025-07-23 14:00:00,172.47,172.578,172.427,172.436,0,twelvedata,2025-08-26 17:50:44
3622,EUR/JPY,2025-07-23 15:00:00,172.429,172.67,172.36501,172.62601,0,twelvedata,2025-08-26 17:50:44
3623,EUR/JPY,2025-07-23 16:00:00,172.62601,172.687,172.089996,172.442,0,twelvedata,2025-08-26 17:50:44
3624,EUR/JPY,2025-07-23 17:00:00,172.439,172.485,172.187,172.31,0,twelvedata,2025-08-26 17:50:44
3625,EUR/JPY,2025-07-23 18:00:00,172.306,172.373,172.2,172.224,0,twelvedata,2025-08-26 17:50:44
3626,EUR/JPY,2025-07-23 19:00:00,172.22701,172.239,171.897,171.933,0,twelvedata,2025-08-26 17:50:44
3627,EUR/JPY,2025-07-23 20:00:00,171.92999,171.94501,171.638,171.67599,0,twelvedata,2025-08-26 17:50:44
3628,EUR/JPY,2025-07-23 21:00:00,171.674,171.683,171.367,171.43401,0,twelvedata,2025-08-26 17:50:44
3629,EUR/JPY,2025-07-23 22:00:00,171.43201,171.758,171.39101,171.66701,0,twelvedata,2025-08-26 17:50:44
3630,EUR/JPY,2025-07-23 23:00:00,171.664,171.918,171.618,171.83501,0,twelvedata,2025-08-26 17:50:44
3631,EUR/JPY,2025-07-24 00:00:00,171.834,171.86,171.618,171.79601,0,twelvedata,2025-08-26 17:50:44
3632,EUR/JPY,2025-07-24 01:00:00,171.793,172.27299,171.638,172.146,0,twelvedata,2025-08-26 17:50:44
3633,EUR/JPY,2025-07-24 02:00:00,172.144,172.35899,172.059998,172.243,0,twelvedata,2025-08-26 17:50:44
3634,EUR/JPY,2025-07-24 03:00:00,172.24001,172.412,172.127,172.31599,0,twelvedata,2025-08-26 17:50:44
3635,EUR/JPY,2025-07-24 04:00:00,172.313,172.424,172.254,172.407,0,twelvedata,2025-08-26 17:50:44
3636,EUR/JPY,2025-07-24 05:00:00,172.408,172.54401,172.388,172.50999,0,twelvedata,2025-08-26 17:50:44
3637,EUR/JPY,2025-07-24 06:00:00,172.50999,172.51801,172.38901,172.46201,0,twelvedata,2025-08-26 17:50:44
3638,EUR/JPY,2025-07-24 07:00:00,172.494,172.494,172.26601,172.37399,0,twelvedata,2025-08-26 17:50:44
3639,EUR/JPY,2025-07-24 08:00:00,172.34801,172.496,172.32001,172.412,0,twelvedata,2025-08-26 17:50:44
3640,EUR/JPY,2025-07-24 09:00:00,172.41701,172.423,172.24699,172.29601,0,twelvedata,2025-08-26 17:50:44
3641,EUR/JPY,2025-07-24 10:00:00,172.30299,172.38,172.158,172.30701,0,twelvedata,2025-08-26 17:50:44
3642,EUR/JPY,2025-07-24 11:00:00,172.308,172.315,171.746,171.83099,0,twelvedata,2025-08-26 17:50:44
3643,EUR/JPY,2025-07-24 12:00:00,171.83299,172.067001,171.83,171.991,0,twelvedata,2025-08-26 17:50:44
3644,EUR/JPY,2025-07-24 13:00:00,171.98801,172.042007,171.851,171.925,0,twelvedata,2025-08-26 17:50:44
3645,EUR/JPY,2025-07-24 14:00:00,171.924,172.0039978,171.87,171.924,0,twelvedata,2025-08-26 17:50:44
3646,EUR/JPY,2025-07-24 15:00:00,171.92599,172.018997,171.868,171.871,0,twelvedata,2025-08-26 17:50:44
3647,EUR/JPY,2025-07-24 16:00:00,171.868,172.12199,171.853,171.97,0,twelvedata,2025-08-26 17:50:44
3648,EUR/JPY,2025-07-24 17:00:00,171.97301,172.263,171.948,172.207,0,twelvedata,2025-08-26 17:50:44
3649,EUR/JPY,2025-07-24 18:00:00,172.205,172.31799,172.16499,172.304,0,twelvedata,2025-08-26 17:50:44
3650,EUR/JPY,2025-07-24 19:00:00,172.304,172.368,172.205,172.23199,0,twelvedata,2025-08-26 17:50:44
3651,EUR/JPY,2025-07-24 20:00:00,172.233,172.285,172.161,172.20399,0,twelvedata,2025-08-26 17:50:44
3652,EUR/JPY,2025-07-24 21:00:00,172.207,172.252,172.136,172.2,0,twelvedata,2025-08-26 17:50:44
3653,EUR/JPY,2025-07-24 22:00:00,172.20399,172.321,172.085007,172.278,0,twelvedata,2025-08-26 17:50:44
3654,EUR/JPY,2025-07-24 23:00:00,172.27901,172.746,172.23199,172.49699,0,twelvedata,2025-08-26 17:50:44
3655,EUR/JPY,2025-07-25 00:00:00,172.495,172.742,172.438,172.703,0,twelvedata,2025-08-26 17:50:44
3656,EUR/JPY,2025-07-25 01:00:00,172.705,172.87601,172.698,172.85001,0,twelvedata,2025-08-26 17:50:44
3657,EUR/JPY,2025-07-25 02:00:00,172.85201,172.92,172.672,172.787,0,twelvedata,2025-08-26 17:50:44
3658,EUR/JPY,2025-07-25 03:00:00,172.789,172.86,172.698,172.79401,0,twelvedata,2025-08-26 17:50:44
3659,EUR/JPY,2025-07-25 04:00:00,172.797,172.868,172.752,172.858,0,twelvedata,2025-08-26 17:50:44
3660,EUR/JPY,2025-07-25 05:00:00,172.858,172.896,172.761,172.77,0,twelvedata,2025-08-26 17:50:44
3661,EUR/JPY,2025-07-25 06:00:00,172.76801,172.782,172.638,172.716,0,twelvedata,2025-08-26 17:50:44
3662,EUR/JPY,2025-07-25 07:00:00,172.642,172.827,172.472,172.76199,0,twelvedata,2025-08-26 17:50:44
3663,EUR/JPY,2025-07-25 08:00:00,172.78799,172.92999,172.718,172.81,0,twelvedata,2025-08-26 17:50:44
3664,EUR/JPY,2025-07-25 09:00:00,172.82001,172.89799,172.754,172.8,0,twelvedata,2025-08-26 17:50:44
3665,EUR/JPY,2025-07-25 10:00:00,172.804,173.162,172.784,173.028,0,twelvedata,2025-08-26 17:50:44
3666,EUR/JPY,2025-07-25 11:00:00,173.035004,173.173,172.998,173.041,0,twelvedata,2025-08-26 17:50:44
3667,EUR/JPY,2025-07-25 12:00:00,173.042007,173.14,173.026001,173.054001,0,twelvedata,2025-08-26 17:50:44
3668,EUR/JPY,2025-07-25 13:00:00,173.052002,173.065002,172.843,172.87199,0,twelvedata,2025-08-26 17:50:44
3669,EUR/JPY,2025-07-25 14:00:00,172.87199,172.929,172.707,172.74001,0,twelvedata,2025-08-26 17:50:44
3670,EUR/JPY,2025-07-25 15:00:00,172.74001,172.80099,172.47501,172.599,0,twelvedata,2025-08-26 17:50:44
3671,EUR/JPY,2025-07-25 16:00:00,172.59801,172.89,172.556,172.759,0,twelvedata,2025-08-26 17:50:44
3672,EUR/JPY,2025-07-25 17:00:00,172.758,173.25,172.748,173.201,0,twelvedata,2025-08-26 17:50:44
3673,EUR/JPY,2025-07-25 18:00:00,173.201,173.60899,173.194,173.51199,0,twelvedata,2025-08-26 17:50:44
3674,EUR/JPY,2025-07-25 19:00:00,173.511,173.582,173.41,173.521,0,twelvedata,2025-08-26 17:50:44
3675,EUR/JPY,2025-07-25 20:00:00,173.52299,173.541,173.299,173.312,0,twelvedata,2025-08-26 17:50:44
3676,EUR/JPY,2025-07-25 21:00:00,173.311,173.33099,173.065002,173.093002,0,twelvedata,2025-08-26 17:50:44
3677,EUR/JPY,2025-07-25 22:00:00,173.093002,173.293,173.052994,173.256,0,twelvedata,2025-08-26 17:50:44
3678,EUR/JPY,2025-07-25 23:00:00,173.25999,173.28999,172.981,173.091003,0,twelvedata,2025-08-26 17:50:44
3679,EUR/JPY,2025-07-26 00:00:00,173.089996,173.31,173.050995,173.278,0,twelvedata,2025-08-26 17:50:44
3680,EUR/JPY,2025-07-26 01:00:00,173.276,173.388,173.214,173.33099,0,twelvedata,2025-08-26 17:50:44
3681,EUR/JPY,2025-07-26 02:00:00,173.33,173.33501,173.214,173.30099,0,twelvedata,2025-08-26 17:50:44
3682,EUR/JPY,2025-07-26 03:00:00,173.30099,173.36,173.283,173.313,0,twelvedata,2025-08-26 17:50:44
3683,EUR/JPY,2025-07-26 04:00:00,173.315,173.349,173.265,173.32001,0,twelvedata,2025-08-26 17:50:44
3684,EUR/JPY,2025-07-26 05:00:00,173.317,173.362,173.255,173.35201,0,twelvedata,2025-08-26 17:50:44
3685,EUR/JPY,2025-07-26 06:00:00,173.354,173.408,173.27699,173.314,0,twelvedata,2025-08-26 17:50:44
3686,EUR/JPY,2025-07-26 07:00:00,173.38699,173.38699,173.38699,173.38699,0,twelvedata,2025-08-26 17:50:44
3687,EUR/JPY,2025-07-28 09:00:00,173.74899,173.869,173.696,173.72301,0,twelvedata,2025-08-26 17:50:44
3688,EUR/JPY,2025-07-28 10:00:00,173.724,173.85001,173.62801,173.64799,0,twelvedata,2025-08-26 17:50:44
3689,EUR/JPY,2025-07-28 11:00:00,173.64999,173.827,173.59,173.772,0,twelvedata,2025-08-26 17:50:44
3690,EUR/JPY,2025-07-28 12:00:00,173.772,173.89999,173.74899,173.77499,0,twelvedata,2025-08-26 17:50:44
3691,EUR/JPY,2025-07-28 13:00:00,173.776,173.79401,173.616,173.658,0,twelvedata,2025-08-26 17:50:44
3692,EUR/JPY,2025-07-28 14:00:00,173.659,173.662,173.533,173.55701,0,twelvedata,2025-08-26 17:50:44
3693,EUR/JPY,2025-07-28 15:00:00,173.558,173.62,173.466,173.588,0,twelvedata,2025-08-26 17:50:44
3694,EUR/JPY,2025-07-28 16:00:00,173.588,173.776,173.487,173.493,0,twelvedata,2025-08-26 17:50:44
3695,EUR/JPY,2025-07-28 17:00:00,173.495,173.506,173.089996,173.125,0,twelvedata,2025-08-26 17:50:44
3696,EUR/JPY,2025-07-28 18:00:00,173.123,173.26801,173.098999,173.166,0,twelvedata,2025-08-26 17:50:44
3697,EUR/JPY,2025-07-28 19:00:00,173.16701,173.245,173.020004,173.116,0,twelvedata,2025-08-26 17:50:44
3698,EUR/JPY,2025-07-28 20:00:00,173.118,173.153,172.967,173.014008,0,twelvedata,2025-08-26 17:50:44
3699,EUR/JPY,2025-07-28 21:00:00,173.013,173.035004,172.48399,172.59599,0,twelvedata,2025-08-26 17:50:44
3700,EUR/JPY,2025-07-28 22:00:00,172.59801,172.73599,172.54201,172.599,0,twelvedata,2025-08-26 17:50:44
3701,EUR/JPY,2025-07-28 23:00:00,172.593,172.605,172.283,172.52,0,twelvedata,2025-08-26 17:50:44
3702,EUR/JPY,2025-07-29 00:00:00,172.519,172.562,172.394,172.552,0,twelvedata,2025-08-26 17:50:44
3703,EUR/JPY,2025-07-29 01:00:00,172.55099,172.58,172.341,172.342,0,twelvedata,2025-08-26 17:50:44
3704,EUR/JPY,2025-07-29 02:00:00,172.34399,172.382,172.217,172.228,0,twelvedata,2025-08-26 17:50:44
3705,EUR/JPY,2025-07-29 03:00:00,172.228,172.254,172.065002,172.168,0,twelvedata,2025-08-26 17:50:44
3706,EUR/JPY,2025-07-29 04:00:00,172.17,172.25101,172.085007,172.241,0,twelvedata,2025-08-26 17:50:44
3707,EUR/JPY,2025-07-29 05:00:00,172.244,172.244,172.142,172.19099,0,twelvedata,2025-08-26 17:50:44
3708,EUR/JPY,2025-07-29 06:00:00,172.192,172.228,172.082001,172.087006,0,twelvedata,2025-08-26 17:50:44
3709,EUR/JPY,2025-07-29 07:00:00,172.082001,172.187,172.024994,172.132,0,twelvedata,2025-08-26 17:50:44
3710,EUR/JPY,2025-07-29 08:00:00,172.16701,172.242,172.098999,172.172,0,twelvedata,2025-08-26 17:50:44
3711,EUR/JPY,2025-07-29 09:00:00,172.16,172.263,172.151,172.15401,0,twelvedata,2025-08-26 17:50:44
3712,EUR/JPY,2025-07-29 10:00:00,172.157,172.286,172.056,172.24699,0,twelvedata,2025-08-26 17:50:44
3713,EUR/JPY,2025-07-29 11:00:00,172.252,172.33099,172.069,172.224,0,twelvedata,2025-08-26 17:50:44
3714,EUR/JPY,2025-07-29 12:00:00,172.228,172.26401,171.97,172.033997,0,twelvedata,2025-08-26 17:50:44
3715,EUR/JPY,2025-07-29 13:00:00,172.033997,172.070007,171.8,171.84,0,twelvedata,2025-08-26 17:50:44
3716,EUR/JPY,2025-07-29 14:00:00,171.839,171.918,171.76199,171.911,0,twelvedata,2025-08-26 17:50:44
3717,EUR/JPY,2025-07-29 15:00:00,171.912,171.918,171.578,171.642,0,twelvedata,2025-08-26 17:50:44
3718,EUR/JPY,2025-07-29 16:00:00,171.642,171.726,171.267,171.30099,0,twelvedata,2025-08-26 17:50:44
3719,EUR/JPY,2025-07-29 17:00:00,171.299,171.67999,171.295,171.675,0,twelvedata,2025-08-26 17:50:44
3720,EUR/JPY,2025-07-29 18:00:00,171.67599,171.864,171.612,171.85899,0,twelvedata,2025-08-26 17:50:44
3721,EUR/JPY,2025-07-29 19:00:00,171.86301,172.080994,171.728,171.97,0,twelvedata,2025-08-26 17:50:44
3722,EUR/JPY,2025-07-29 20:00:00,171.97,172.028,171.89799,171.924,0,twelvedata,2025-08-26 17:50:44
3723,EUR/JPY,2025-07-29 21:00:00,171.92599,171.942,171.56799,171.616,0,twelvedata,2025-08-26 17:50:44
3724,EUR/JPY,2025-07-29 22:00:00,171.617,171.62801,171.37601,171.382,0,twelvedata,2025-08-26 17:50:44
3725,EUR/JPY,2025-07-29 23:00:00,171.38,171.535,171.3,171.507,0,twelvedata,2025-08-26 17:50:44
3726,EUR/JPY,2025-07-30 00:00:00,171.50301,171.561,171.082993,171.085999,0,twelvedata,2025-08-26 17:50:44
3727,EUR/JPY,2025-07-30 01:00:00,171.087006,171.38499,171.046005,171.356,0,twelvedata,2025-08-26 17:50:44
3728,EUR/JPY,2025-07-30 02:00:00,171.355,171.535,171.349,171.459,0,twelvedata,2025-08-26 17:50:44
3729,EUR/JPY,2025-07-30 03:00:00,171.46001,171.541,171.37199,171.38,0,twelvedata,2025-08-26 17:50:44
3730,EUR/JPY,2025-07-30 04:00:00,171.382,171.533,171.371,171.44099,0,twelvedata,2025-08-26 17:50:44
3731,EUR/JPY,2025-07-30 05:00:00,171.442,171.52299,171.424,171.51601,0,twelvedata,2025-08-26 17:50:44
3732,EUR/JPY,2025-07-30 06:00:00,171.51401,171.53799,171.34801,171.34801,0,twelvedata,2025-08-26 17:50:44
3733,EUR/JPY,2025-07-30 07:00:00,171.36301,171.524,171.33,171.416,0,twelvedata,2025-08-26 17:50:44
3734,EUR/JPY,2025-07-30 08:00:00,171.414,171.502,171.37,171.461,0,twelvedata,2025-08-26 17:50:44
3735,EUR/JPY,2025-07-30 09:00:00,171.48,171.548,171.431,171.436,0,twelvedata,2025-08-26 17:50:44
3736,EUR/JPY,2025-07-30 10:00:00,171.44,171.52901,171.23599,171.259,0,twelvedata,2025-08-26 17:50:44
3737,EUR/JPY,2025-07-30 11:00:00,171.256,171.32201,171.187,171.312,0,twelvedata,2025-08-26 17:50:44
3738,EUR/JPY,2025-07-30 12:00:00,171.308,171.32401,171.188,171.192,0,twelvedata,2025-08-26 17:50:44
3739,EUR/JPY,2025-07-30 13:00:00,171.19099,171.19299,171.026993,171.078003,0,twelvedata,2025-08-26 17:50:44
3740,EUR/JPY,2025-07-30 14:00:00,171.078995,171.173,171.039001,171.13499,0,twelvedata,2025-08-26 17:50:44
3741,EUR/JPY,2025-07-30 15:00:00,171.13499,171.14101,170.892,170.965,0,twelvedata,2025-08-26 17:50:44
3742,EUR/JPY,2025-07-30 16:00:00,170.96899,171.046005,170.89301,170.91499,0,twelvedata,2025-08-26 17:50:44
3743,EUR/JPY,2025-07-30 17:00:00,170.914,171.166,170.862,171.082993,0,twelvedata,2025-08-26 17:50:44
3744,EUR/JPY,2025-07-30 18:00:00,171.082001,171.118,170.968,170.996,0,twelvedata,2025-08-26 17:50:44
3745,EUR/JPY,2025-07-30 19:00:00,170.98801,171.044998,170.87,171.0090027,0,twelvedata,2025-08-26 17:50:44
3746,EUR/JPY,2025-07-30 20:00:00,171.0070038,171.12,170.976,170.978,0,twelvedata,2025-08-26 17:50:44
3747,EUR/JPY,2025-07-30 21:00:00,170.979,171.016998,170.789,171.016006,0,twelvedata,2025-08-26 17:50:44
3748,EUR/JPY,2025-07-30 22:00:00,171.014999,171.056,170.72701,170.77499,0,twelvedata,2025-08-26 17:50:44
3749,EUR/JPY,2025-07-30 23:00:00,170.77299,170.957,170.698,170.952,0,twelvedata,2025-08-26 17:50:44
3750,EUR/JPY,2025-07-31 00:00:00,170.953,171.024002,170.86,170.96899,0,twelvedata,2025-08-26 17:50:44
3751,EUR/JPY,2025-07-31 01:00:00,170.97099,171.046005,170.92599,170.968,0,twelvedata,2025-08-26 17:50:44
3752,EUR/JPY,2025-07-31 02:00:00,170.96899,171.014999,170.866,170.882,0,twelvedata,2025-08-26 17:50:44
3753,EUR/JPY,2025-07-31 03:00:00,170.883,170.92,170.76801,170.778,0,twelvedata,2025-08-26 17:50:44
3754,EUR/JPY,2025-07-31 04:00:00,170.78101,170.92,170.56799,170.618,0,twelvedata,2025-08-26 17:50:44
3755,EUR/JPY,2025-07-31 05:00:00,170.623,170.70399,170.496,170.68401,0,twelvedata,2025-08-26 17:50:44
3756,EUR/JPY,2025-07-31 06:00:00,170.687,170.75101,170.44099,170.47501,0,twelvedata,2025-08-26 17:50:44
3757,EUR/JPY,2025-07-31 07:00:00,170.45,170.56,170.399,170.49699,0,twelvedata,2025-08-26 17:50:44
3758,EUR/JPY,2025-07-31 08:00:00,170.494,170.63,170.414,170.57001,0,twelvedata,2025-08-26 17:50:44
3759,EUR/JPY,2025-07-31 09:00:00,170.558,170.673,170.52,170.52901,0,twelvedata,2025-08-26 17:50:44
3760,EUR/JPY,2025-07-31 10:00:00,170.53101,170.78799,170.517,170.715,0,twelvedata,2025-08-26 17:50:44
3761,EUR/JPY,2025-07-31 11:00:00,170.717,170.717,170.267,170.28799,0,twelvedata,2025-08-26 17:50:44
3762,EUR/JPY,2025-07-31 12:00:00,170.289,170.304,169.892,170.10201,0,twelvedata,2025-08-26 17:50:44
3763,EUR/JPY,2025-07-31 13:00:00,170.10201,170.112,169.718,169.914,0,twelvedata,2025-08-26 17:50:44
3764,EUR/JPY,2025-07-31 14:00:00,169.916,170.269,169.88699,170.26199,0,twelvedata,2025-08-26 17:50:44
3765,EUR/JPY,2025-07-31 15:00:00,170.258,170.35899,170.10001,170.155,0,twelvedata,2025-08-26 17:50:44
3766,EUR/JPY,2025-07-31 16:00:00,170.153,170.69299,170.125,170.588,0,twelvedata,2025-08-26 17:50:44
3767,EUR/JPY,2025-07-31 17:00:00,170.58701,171.289,170.519,171.035004,0,twelvedata,2025-08-26 17:50:44
3768,EUR/JPY,2025-07-31 18:00:00,171.035004,171.35899,170.942,171.327,0,twelvedata,2025-08-26 17:50:44
3769,EUR/JPY,2025-07-31 19:00:00,171.327,171.491,171.214,171.44099,0,twelvedata,2025-08-26 17:50:44
3770,EUR/JPY,2025-07-31 20:00:00,171.44,171.584,171.289,171.528,0,twelvedata,2025-08-26 17:50:44
3771,EUR/JPY,2025-07-31 21:00:00,171.528,171.681,171.442,171.589,0,twelvedata,2025-08-26 17:50:44
3772,EUR/JPY,2025-07-31 22:00:00,171.589,171.72701,171.438,171.642,0,twelvedata,2025-08-26 17:50:44
3773,EUR/JPY,2025-07-31 23:00:00,171.668,171.84,171.492,171.813,0,twelvedata,2025-08-26 17:50:44
3774,EUR/JPY,2025-08-01 00:00:00,171.811,172.28799,171.739,172.216,0,twelvedata,2025-08-26 17:50:44
3775,EUR/JPY,2025-08-01 01:00:00,172.215,172.29201,172.072998,172.13699,0,twelvedata,2025-08-26 17:50:44
3776,EUR/JPY,2025-08-01 02:00:00,172.144,172.317,172.101,172.121,0,twelvedata,2025-08-26 17:50:44
3777,EUR/JPY,2025-08-01 03:00:00,172.12,172.12601,171.924,172.044998,0,twelvedata,2025-08-26 17:50:44
3778,EUR/JPY,2025-08-01 04:00:00,172.050003,172.31599,172.033997,172.258,0,twelvedata,2025-08-26 17:50:44
3779,EUR/JPY,2025-08-01 05:00:00,172.26199,172.334,172.087997,172.095993,0,twelvedata,2025-08-26 17:50:44
3780,EUR/JPY,2025-08-01 06:00:00,172.093002,172.161,171.94901,172.052002,0,twelvedata,2025-08-26 17:50:44
3781,EUR/JPY,2025-08-01 07:00:00,172.0099945,172.138,171.94501,172.050003,0,twelvedata,2025-08-26 17:50:44
3782,EUR/JPY,2025-08-01 08:00:00,172.052002,172.17599,172.016006,172.067993,0,twelvedata,2025-08-26 17:50:44
3783,EUR/JPY,2025-08-01 09:00:00,172.10899,172.27699,172.026993,172.252,0,twelvedata,2025-08-26 17:50:44
3784,EUR/JPY,2025-08-01 10:00:00,172.248,172.30299,172.065994,172.202,0,twelvedata,2025-08-26 17:50:44
3785,EUR/JPY,2025-08-01 11:00:00,172.205,172.386,172.080002,172.134,0,twelvedata,2025-08-26 17:50:44
3786,EUR/JPY,2025-08-01 12:00:00,172.13499,172.15601,171.96001,172.033005,0,twelvedata,2025-08-26 17:50:44
3787,EUR/JPY,2025-08-01 13:00:00,172.035995,172.093994,171.924,171.94299,0,twelvedata,2025-08-26 17:50:44
3788,EUR/JPY,2025-08-01 14:00:00,171.94,172.022995,171.901,171.974,0,twelvedata,2025-08-26 17:50:44
3789,EUR/JPY,2025-08-01 15:00:00,171.978,172.014008,171.924,172.0010071,0,twelvedata,2025-08-26 17:50:44
3790,EUR/JPY,2025-08-01 16:00:00,172.0059967,172.226,171.98801,172.13,0,twelvedata,2025-08-26 17:50:44
3791,EUR/JPY,2025-08-01 17:00:00,172.12801,172.162,171.82401,171.894,0,twelvedata,2025-08-26 17:50:44
3792,EUR/JPY,2025-08-01 18:00:00,171.894,171.939,171.746,171.77699,0,twelvedata,2025-08-26 17:50:44
3793,EUR/JPY,2025-08-01 19:00:00,171.77499,171.834,171.485,171.588,0,twelvedata,2025-08-26 17:50:44
3794,EUR/JPY,2025-08-01 20:00:00,171.58701,171.69701,171.545,171.586,0,twelvedata,2025-08-26 17:50:44
3795,EUR/JPY,2025-08-01 21:00:00,171.591,171.69901,171.552,171.658,0,twelvedata,2025-08-26 17:50:44
3796,EUR/JPY,2025-08-01 22:00:00,171.66,171.983,171.34801,171.603,0,twelvedata,2025-08-26 17:50:44
3797,EUR/JPY,2025-08-01 23:00:00,171.601,171.612,171.127,171.209,0,twelvedata,2025-08-26 17:50:44
3798,EUR/JPY,2025-08-02 00:00:00,171.19701,171.436,170.894,171.12801,0,twelvedata,2025-08-26 17:50:44
3799,EUR/JPY,2025-08-02 01:00:00,171.129,171.16299,170.843,171.065994,0,twelvedata,2025-08-26 17:50:44
3800,EUR/JPY,2025-08-02 02:00:00,171.065994,171.098999,170.563,170.582,0,twelvedata,2025-08-26 17:50:44
3801,EUR/JPY,2025-08-02 03:00:00,170.58299,170.62,170.28,170.452,0,twelvedata,2025-08-26 17:50:44
3802,EUR/JPY,2025-08-02 04:00:00,170.452,170.57401,170.33501,170.408,0,twelvedata,2025-08-26 17:50:44
3803,EUR/JPY,2025-08-02 05:00:00,170.408,170.69,170.37801,170.57001,0,twelvedata,2025-08-26 17:50:44
3804,EUR/JPY,2025-08-02 06:00:00,170.57001,170.903,170.53,170.731,0,twelvedata,2025-08-26 17:50:44
3805,EUR/JPY,2025-08-02 07:00:00,170.798,170.798,170.798,170.798,0,twelvedata,2025-08-26 17:50:44
3806,EUR/JPY,2025-08-04 09:00:00,170.567,170.745,170.49001,170.737,0,twelvedata,2025-08-26 17:50:44
3807,EUR/JPY,2025-08-04 10:00:00,170.73801,170.77299,170.51401,170.65199,0,twelvedata,2025-08-26 17:50:44
3808,EUR/JPY,2025-08-04 11:00:00,170.65601,171.018997,170.616,170.978,0,twelvedata,2025-08-26 17:50:44
3809,EUR/JPY,2025-08-04 12:00:00,170.981,171.144,170.847,171.085007,0,twelvedata,2025-08-26 17:50:44
3810,EUR/JPY,2025-08-04 13:00:00,171.082001,171.10699,170.92,171.0099945,0,twelvedata,2025-08-26 17:50:44
3811,EUR/JPY,2025-08-04 14:00:00,171.011993,171.026993,170.92,170.938,0,twelvedata,2025-08-26 17:50:44
3812,EUR/JPY,2025-08-04 15:00:00,170.938,171.085007,170.925,170.989,0,twelvedata,2025-08-26 17:50:44
3813,EUR/JPY,2025-08-04 16:00:00,170.987,171.072998,170.741,170.84,0,twelvedata,2025-08-26 17:50:44
3814,EUR/JPY,2025-08-04 17:00:00,170.842,171.085007,170.802,171.0039978,0,twelvedata,2025-08-26 17:50:44
3815,EUR/JPY,2025-08-04 18:00:00,171.0050049,171.161,170.912,170.933,0,twelvedata,2025-08-26 17:50:44
3816,EUR/JPY,2025-08-04 19:00:00,170.933,171.050003,170.836,170.936,0,twelvedata,2025-08-26 17:50:44
3817,EUR/JPY,2025-08-04 20:00:00,170.93201,170.95399,170.787,170.802,0,twelvedata,2025-08-26 17:50:44
3818,EUR/JPY,2025-08-04 21:00:00,170.80099,170.856,170.42799,170.42999,0,twelvedata,2025-08-26 17:50:44
3819,EUR/JPY,2025-08-04 22:00:00,170.42999,170.52699,170.32001,170.375,0,twelvedata,2025-08-26 17:50:44
3820,EUR/JPY,2025-08-04 23:00:00,170.377,170.54601,170.226,170.258,0,twelvedata,2025-08-26 17:50:44
3821,EUR/JPY,2025-08-05 00:00:00,170.25999,170.355,170.116,170.254,0,twelvedata,2025-08-26 17:50:44
3822,EUR/JPY,2025-08-05 01:00:00,170.255,170.49699,170.145,170.14999,0,twelvedata,2025-08-26 17:50:44
3823,EUR/JPY,2025-08-05 02:00:00,170.14999,170.198,170.067993,170.14999,0,twelvedata,2025-08-26 17:50:44
3824,EUR/JPY,2025-08-05 03:00:00,170.14799,170.198,170.039993,170.082993,0,twelvedata,2025-08-26 17:50:44
3825,EUR/JPY,2025-08-05 04:00:00,170.080002,170.119,169.901,169.94299,0,twelvedata,2025-08-26 17:50:44
3826,EUR/JPY,2025-08-05 05:00:00,169.94299,170.084,169.942,170.080994,0,twelvedata,2025-08-26 17:50:44
3827,EUR/JPY,2025-08-05 06:00:00,170.078003,170.252,170.076996,170.14301,0,twelvedata,2025-08-26 17:50:44
3828,EUR/JPY,2025-08-05 07:00:00,170.177,170.29201,170.003006,170.155,0,twelvedata,2025-08-26 17:50:44
3829,EUR/JPY,2025-08-05 08:00:00,170.14999,170.207,170.050995,170.132,0,twelvedata,2025-08-26 17:50:44
3830,EUR/JPY,2025-08-05 09:00:00,170.114,170.14799,169.922,170.042007,0,twelvedata,2025-08-26 17:50:44
3831,EUR/JPY,2025-08-05 10:00:00,170.042007,170.19299,169.89101,170.020996,0,twelvedata,2025-08-26 17:50:44
3832,EUR/JPY,2025-08-05 11:00:00,170.020004,170.106,169.942,170.042999,0,twelvedata,2025-08-26 17:50:44
3833,EUR/JPY,2025-08-05 12:00:00,170.048004,170.151,170.024994,170.149,0,twelvedata,2025-08-26 17:50:44
3834,EUR/JPY,2025-08-05 13:00:00,170.15199,170.18401,170.078003,170.11099,0,twelvedata,2025-08-26 17:50:44
3835,EUR/JPY,2025-08-05 14:00:00,170.114,170.15601,169.923,170.0019989,0,twelvedata,2025-08-26 17:50:44
3836,EUR/JPY,2025-08-05 15:00:00,170.0019989,170.035995,169.92,169.957,0,twelvedata,2025-08-26 17:50:44
3837,EUR/JPY,2025-08-05 16:00:00,169.959,170.19,169.815,170.177,0,twelvedata,2025-08-26 17:50:44
3838,EUR/JPY,2025-08-05 17:00:00,170.177,170.27499,170.063995,170.174,0,twelvedata,2025-08-26 17:50:44
3839,EUR/JPY,2025-08-05 18:00:00,170.175,170.27499,170.089005,170.258,0,twelvedata,2025-08-26 17:50:44
3840,EUR/JPY,2025-08-05 19:00:00,170.259,170.408,170.129,170.39,0,twelvedata,2025-08-26 17:50:44
3841,EUR/JPY,2025-08-05 20:00:00,170.392,170.50999,170.35699,170.412,0,twelvedata,2025-08-26 17:50:44
3842,EUR/JPY,2025-08-05 21:00:00,170.414,170.446,170.239,170.356,0,twelvedata,2025-08-26 17:50:44
3843,EUR/JPY,2025-08-05 22:00:00,170.358,170.444,170.23399,170.362,0,twelvedata,2025-08-26 17:50:44
3844,EUR/JPY,2025-08-05 23:00:00,170.36301,170.54401,170.31,170.416,0,twelvedata,2025-08-26 17:50:44
3845,EUR/JPY,2025-08-06 00:00:00,170.41499,170.53999,170.25,170.52299,0,twelvedata,2025-08-26 17:50:44
3846,EUR/JPY,2025-08-06 01:00:00,170.521,170.814,170.489,170.78999,0,twelvedata,2025-08-26 17:50:44
3847,EUR/JPY,2025-08-06 02:00:00,170.789,170.91299,170.776,170.895,0,twelvedata,2025-08-26 17:50:44
3848,EUR/JPY,2025-08-06 03:00:00,170.89799,170.935,170.808,170.91499,0,twelvedata,2025-08-26 17:50:44
3849,EUR/JPY,2025-08-06 04:00:00,170.914,170.944,170.82401,170.83501,0,twelvedata,2025-08-26 17:50:44
3850,EUR/JPY,2025-08-06 05:00:00,170.836,170.877,170.798,170.819,0,twelvedata,2025-08-26 17:50:44
3851,EUR/JPY,2025-08-06 06:00:00,170.82001,170.89999,170.75301,170.842,0,twelvedata,2025-08-26 17:50:44
3852,EUR/JPY,2025-08-06 07:00:00,170.84,170.864,170.674,170.798,0,twelvedata,2025-08-26 17:50:44
3853,EUR/JPY,2025-08-06 08:00:00,170.774,170.856,170.744,170.81799,0,twelvedata,2025-08-26 17:50:44
3854,EUR/JPY,2025-08-06 09:00:00,170.823,170.929,170.806,170.813,0,twelvedata,2025-08-26 17:50:44
3855,EUR/JPY,2025-08-06 10:00:00,170.812,170.858,170.70599,170.80901,0,twelvedata,2025-08-26 17:50:44
3856,EUR/JPY,2025-08-06 11:00:00,170.808,170.908,170.742,170.838,0,twelvedata,2025-08-26 17:50:44
3857,EUR/JPY,2025-08-06 12:00:00,170.834,170.896,170.702,170.71001,0,twelvedata,2025-08-26 17:50:44
3858,EUR/JPY,2025-08-06 13:00:00,170.71001,170.73,170.61,170.68401,0,twelvedata,2025-08-26 17:50:44
3859,EUR/JPY,2025-08-06 14:00:00,170.683,170.759,170.632,170.664,0,twelvedata,2025-08-26 17:50:44
3860,EUR/JPY,2025-08-06 15:00:00,170.66701,170.834,170.649,170.726,0,twelvedata,2025-08-26 17:50:44
3861,EUR/JPY,2025-08-06 16:00:00,170.72701,170.89799,170.672,170.838,0,twelvedata,2025-08-26 17:50:44
3862,EUR/JPY,2025-08-06 17:00:00,170.839,170.94299,170.827,170.888,0,twelvedata,2025-08-26 17:50:44
3863,EUR/JPY,2025-08-06 18:00:00,170.89,171.11099,170.871,171.082993,0,twelvedata,2025-08-26 17:50:44
3864,EUR/JPY,2025-08-06 19:00:00,171.076004,171.267,171.074997,171.252,0,twelvedata,2025-08-26 17:50:44
3865,EUR/JPY,2025-08-06 20:00:00,171.25101,171.45799,171.244,171.295,0,twelvedata,2025-08-26 17:50:44
3866,EUR/JPY,2025-08-06 21:00:00,171.298,171.30499,171.168,171.202,0,twelvedata,2025-08-26 17:50:44
3867,EUR/JPY,2025-08-06 22:00:00,171.202,171.427,171.17101,171.375,0,twelvedata,2025-08-26 17:50:44
3868,EUR/JPY,2025-08-06 23:00:00,171.37601,171.435,171.203,171.33099,0,twelvedata,2025-08-26 17:50:44
3869,EUR/JPY,2025-08-07 00:00:00,171.32401,171.437,171.256,171.37399,0,twelvedata,2025-08-26 17:50:44
3870,EUR/JPY,2025-08-07 01:00:00,171.37,171.655,171.336,171.496,0,twelvedata,2025-08-26 17:50:44
3871,EUR/JPY,2025-08-07 02:00:00,171.496,171.537,171.416,171.427,0,twelvedata,2025-08-26 17:50:44
3872,EUR/JPY,2025-08-07 03:00:00,171.42999,171.62399,171.42599,171.51601,0,twelvedata,2025-08-26 17:50:44
3873,EUR/JPY,2025-08-07 04:00:00,171.519,171.573,171.452,171.51199,0,twelvedata,2025-08-26 17:50:44
3874,EUR/JPY,2025-08-07 05:00:00,171.511,171.591,171.49899,171.562,0,twelvedata,2025-08-26 17:50:44
3875,EUR/JPY,2025-08-07 06:00:00,171.56,171.989,171.545,171.813,0,twelvedata,2025-08-26 17:50:44
3876,EUR/JPY,2025-08-07 07:00:00,171.81,171.895,171.629,171.76601,0,twelvedata,2025-08-26 17:50:44
3877,EUR/JPY,2025-08-07 08:00:00,171.77299,171.832,171.675,171.716,0,twelvedata,2025-08-26 17:50:44
3878,EUR/JPY,2025-08-07 09:00:00,171.717,171.742,171.62601,171.68201,0,twelvedata,2025-08-26 17:50:44
3879,EUR/JPY,2025-08-07 10:00:00,171.68401,171.992,171.66,171.98,0,twelvedata,2025-08-26 17:50:44
3880,EUR/JPY,2025-08-07 11:00:00,171.978,172.085007,171.927,171.952,0,twelvedata,2025-08-26 17:50:44
3881,EUR/JPY,2025-08-07 12:00:00,171.95399,172.052994,171.92599,172.029999,0,twelvedata,2025-08-26 17:50:44
3882,EUR/JPY,2025-08-07 13:00:00,172.031998,172.16701,171.998,172.072006,0,twelvedata,2025-08-26 17:50:44
3883,EUR/JPY,2025-08-07 14:00:00,172.070999,172.13901,171.892,171.93201,0,twelvedata,2025-08-26 17:50:44
3884,EUR/JPY,2025-08-07 15:00:00,171.93201,171.979,171.87199,171.955,0,twelvedata,2025-08-26 17:50:44
3885,EUR/JPY,2025-08-07 16:00:00,171.95599,171.979,171.44701,171.47701,0,twelvedata,2025-08-26 17:50:44
3886,EUR/JPY,2025-08-07 17:00:00,171.48,171.65199,171.396,171.616,0,twelvedata,2025-08-26 17:50:44
3887,EUR/JPY,2025-08-07 18:00:00,171.616,171.996,171.577,171.897,0,twelvedata,2025-08-26 17:50:44
3888,EUR/JPY,2025-08-07 19:00:00,171.896,172.033005,171.896,171.968,0,twelvedata,2025-08-26 17:50:44
3889,EUR/JPY,2025-08-07 20:00:00,171.97501,172.020996,171.83701,171.944,0,twelvedata,2025-08-26 17:50:44
3890,EUR/JPY,2025-08-07 21:00:00,171.94701,172.014008,171.532,171.548,0,twelvedata,2025-08-26 17:50:44
3891,EUR/JPY,2025-08-07 22:00:00,171.545,171.616,171.41701,171.61301,0,twelvedata,2025-08-26 17:50:44
3892,EUR/JPY,2025-08-07 23:00:00,171.612,171.65401,171.424,171.476,0,twelvedata,2025-08-26 17:50:44
3893,EUR/JPY,2025-08-08 00:00:00,171.47701,171.517,171.32201,171.45599,0,twelvedata,2025-08-26 17:50:44
3894,EUR/JPY,2025-08-08 01:00:00,171.455,171.571,171.35899,171.54201,0,twelvedata,2025-08-26 17:50:44
3895,EUR/JPY,2025-08-08 02:00:00,171.541,171.601,171.47301,171.508,0,twelvedata,2025-08-26 17:50:44
3896,EUR/JPY,2025-08-08 03:00:00,171.509,171.618,171.493,171.504,0,twelvedata,2025-08-26 17:50:44
3897,EUR/JPY,2025-08-08 04:00:00,171.505,171.569,171.461,171.507,0,twelvedata,2025-08-26 17:50:44
3898,EUR/JPY,2025-08-08 05:00:00,171.508,171.521,171.271,171.423,0,twelvedata,2025-08-26 17:50:44
3899,EUR/JPY,2025-08-08 06:00:00,171.42599,171.673,171.408,171.618,0,twelvedata,2025-08-26 17:50:44
3900,EUR/JPY,2025-08-08 07:00:00,171.619,171.68401,171.442,171.53,0,twelvedata,2025-08-26 17:50:44
3901,EUR/JPY,2025-08-08 08:00:00,171.53,171.60201,171.382,171.51601,0,twelvedata,2025-08-26 17:50:44
3902,EUR/JPY,2025-08-08 09:00:00,171.534,171.548,171.36501,171.427,0,twelvedata,2025-08-26 17:50:44
3903,EUR/JPY,2025-08-08 10:00:00,171.43201,171.798,171.364,171.767,0,twelvedata,2025-08-26 17:50:44
3904,EUR/JPY,2025-08-08 11:00:00,171.76801,171.80901,171.661,171.701,0,twelvedata,2025-08-26 17:50:44
3905,EUR/JPY,2025-08-08 12:00:00,171.705,171.759,171.63499,171.65199,0,twelvedata,2025-08-26 17:50:44
3906,EUR/JPY,2025-08-08 13:00:00,171.65601,171.729,171.608,171.63,0,twelvedata,2025-08-26 17:50:44
3907,EUR/JPY,2025-08-08 14:00:00,171.62801,171.662,171.552,171.57201,0,twelvedata,2025-08-26 17:50:44
3908,EUR/JPY,2025-08-08 15:00:00,171.57401,171.62801,171.45,171.608,0,twelvedata,2025-08-26 17:50:44
3909,EUR/JPY,2025-08-08 16:00:00,171.61501,171.75,171.533,171.642,0,twelvedata,2025-08-26 17:50:44
3910,EUR/JPY,2025-08-08 17:00:00,171.64301,171.877,171.487,171.776,0,twelvedata,2025-08-26 17:50:44
3911,EUR/JPY,2025-08-08 18:00:00,171.772,171.873,171.61,171.825,0,twelvedata,2025-08-26 17:50:44
3912,EUR/JPY,2025-08-08 19:00:00,171.82401,171.965,171.756,171.964,0,twelvedata,2025-08-26 17:50:44
3913,EUR/JPY,2025-08-08 20:00:00,171.964,171.993,171.89,171.983,0,twelvedata,2025-08-26 17:50:44
3914,EUR/JPY,2025-08-08 21:00:00,171.981,172.162,171.96899,172.12,0,twelvedata,2025-08-26 17:50:44
3915,EUR/JPY,2025-08-08 22:00:00,172.12,172.243,172.033005,172.12601,0,twelvedata,2025-08-26 17:50:44
3916,EUR/JPY,2025-08-08 23:00:00,172.12399,172.30099,172.063995,172.269,0,twelvedata,2025-08-26 17:50:44
3917,EUR/JPY,2025-08-09 00:00:00,172.26601,172.33299,172.188,172.304,0,twelvedata,2025-08-26 17:50:44
3918,EUR/JPY,2025-08-09 01:00:00,172.30499,172.342,172.215,172.233,0,twelvedata,2025-08-26 17:50:44
3919,EUR/JPY,2025-08-09 02:00:00,172.233,172.27901,172.14799,172.215,0,twelvedata,2025-08-26 17:50:44
3920,EUR/JPY,2025-08-09 03:00:00,172.216,172.306,172.162,172.256,0,twelvedata,2025-08-26 17:50:44
3921,EUR/JPY,2025-08-09 04:00:00,172.25999,172.25999,172.10201,172.12601,0,twelvedata,2025-08-26 17:50:44
3922,EUR/JPY,2025-08-09 05:00:00,172.127,172.14301,171.97301,172.031006,0,twelvedata,2025-08-26 17:50:44
3923,EUR/JPY,2025-08-09 06:00:00,172.028,172.057999,171.88,171.929,0,twelvedata,2025-08-26 17:50:44
3924,EUR/JPY,2025-08-09 07:00:00,171.974,171.974,171.974,171.974,0,twelvedata,2025-08-26 17:50:44
3925,EUR/JPY,2025-08-11 09:00:00,172.057007,172.080002,171.972,171.983,0,twelvedata,2025-08-26 17:50:44
3926,EUR/JPY,2025-08-11 10:00:00,171.98,172.0010071,171.88,171.98399,0,twelvedata,2025-08-26 17:50:44
3927,EUR/JPY,2025-08-11 11:00:00,171.989,172.098999,171.948,172.098007,0,twelvedata,2025-08-26 17:50:44
3928,EUR/JPY,2025-08-11 12:00:00,172.098007,172.17101,172.087997,172.138,0,twelvedata,2025-08-26 17:50:44
3929,EUR/JPY,2025-08-11 13:00:00,172.13499,172.2,172.097,172.12399,0,twelvedata,2025-08-26 17:50:44
3930,EUR/JPY,2025-08-11 14:00:00,172.12601,172.164,172.106,172.138,0,twelvedata,2025-08-26 17:50:44
3931,EUR/JPY,2025-08-11 15:00:00,172.13499,172.164,172.10201,172.144,0,twelvedata,2025-08-26 17:50:44
3932,EUR/JPY,2025-08-11 16:00:00,172.145,172.189,172.10001,172.15401,0,twelvedata,2025-08-26 17:50:44
3933,EUR/JPY,2025-08-11 17:00:00,172.15401,172.173,171.63699,171.658,0,twelvedata,2025-08-26 17:50:44
3934,EUR/JPY,2025-08-11 18:00:00,171.661,171.979,171.59801,171.922,0,twelvedata,2025-08-26 17:50:44
3935,EUR/JPY,2025-08-11 19:00:00,171.92101,171.95599,171.808,171.922,0,twelvedata,2025-08-26 17:50:44
3936,EUR/JPY,2025-08-11 20:00:00,171.92101,172.085007,171.91901,172.067001,0,twelvedata,2025-08-26 17:50:44
3937,EUR/JPY,2025-08-11 21:00:00,172.063995,172.142,171.87601,171.944,0,twelvedata,2025-08-26 17:50:44
3938,EUR/JPY,2025-08-11 22:00:00,171.94701,171.97099,171.752,171.754,0,twelvedata,2025-08-26 17:50:44
3939,EUR/JPY,2025-08-11 23:00:00,171.755,171.93401,171.73399,171.83299,0,twelvedata,2025-08-26 17:50:44
3940,EUR/JPY,2025-08-12 00:00:00,171.83299,171.888,171.548,171.668,0,twelvedata,2025-08-26 17:50:44
3941,EUR/JPY,2025-08-12 01:00:00,171.672,171.78101,171.605,171.767,0,twelvedata,2025-08-26 17:50:44
3942,EUR/JPY,2025-08-12 02:00:00,171.77,171.806,171.70799,171.776,0,twelvedata,2025-08-26 17:50:44
3943,EUR/JPY,2025-08-12 03:00:00,171.77699,171.849,171.728,171.832,0,twelvedata,2025-08-26 17:50:44
3944,EUR/JPY,2025-08-12 04:00:00,171.83,172.057999,171.817,172.016006,0,twelvedata,2025-08-26 17:50:44
3945,EUR/JPY,2025-08-12 05:00:00,172.018005,172.026001,171.944,172.014999,0,twelvedata,2025-08-26 17:50:44
3946,EUR/JPY,2025-08-12 06:00:00,172.016998,172.12801,172.0039978,172.065994,0,twelvedata,2025-08-26 17:50:44
3947,EUR/JPY,2025-08-12 07:00:00,172.035995,172.12601,171.841,172.0079956,0,twelvedata,2025-08-26 17:50:44
3948,EUR/JPY,2025-08-12 08:00:00,172.0070038,172.12,172.0059967,172.091995,0,twelvedata,2025-08-26 17:50:44
3949,EUR/JPY,2025-08-12 09:00:00,172.101,172.149,172.067001,172.095993,0,twelvedata,2025-08-26 17:50:44
3950,EUR/JPY,2025-08-12 10:00:00,172.097,172.414,172.089005,172.373,0,twelvedata,2025-08-26 17:50:44
3951,EUR/JPY,2025-08-12 11:00:00,172.37,172.375,172.263,172.312,0,twelvedata,2025-08-26 17:50:44
3952,EUR/JPY,2025-08-12 12:00:00,172.313,172.407,172.278,172.356,0,twelvedata,2025-08-26 17:50:44
3953,EUR/JPY,2025-08-12 13:00:00,172.354,172.491,172.33,172.464,0,twelvedata,2025-08-26 17:50:44
3954,EUR/JPY,2025-08-12 14:00:00,172.467,172.517,172.414,172.49699,0,twelvedata,2025-08-26 17:50:44
3955,EUR/JPY,2025-08-12 15:00:00,172.496,172.50999,172.164,172.27299,0,twelvedata,2025-08-26 17:50:44
3956,EUR/JPY,2025-08-12 16:00:00,172.27699,172.362,172.078003,172.12601,0,twelvedata,2025-08-26 17:50:44
3957,EUR/JPY,2025-08-12 17:00:00,172.12399,172.325,172.12199,172.283,0,twelvedata,2025-08-26 17:50:44
3958,EUR/JPY,2025-08-12 18:00:00,172.284,172.442,172.25301,172.38699,0,twelvedata,2025-08-26 17:50:44
3959,EUR/JPY,2025-08-12 19:00:00,172.386,172.41701,172.188,172.32201,0,twelvedata,2025-08-26 17:50:44
3960,EUR/JPY,2025-08-12 20:00:00,172.323,172.37,172.272,172.368,0,twelvedata,2025-08-26 17:50:44
3961,EUR/JPY,2025-08-12 21:00:00,172.367,172.386,172.21001,172.27,0,twelvedata,2025-08-26 17:50:44
3962,EUR/JPY,2025-08-12 22:00:00,172.267,172.534,172.095001,172.345,0,twelvedata,2025-08-26 17:50:44
3963,EUR/JPY,2025-08-12 23:00:00,172.34399,172.70599,172.162,172.689,0,twelvedata,2025-08-26 17:50:44
3964,EUR/JPY,2025-08-13 00:00:00,172.68401,172.84599,172.619,172.72501,0,twelvedata,2025-08-26 17:50:44
3965,EUR/JPY,2025-08-13 01:00:00,172.72301,172.853,172.496,172.517,0,twelvedata,2025-08-26 17:50:44
3966,EUR/JPY,2025-08-13 02:00:00,172.51801,172.589,172.43401,172.524,0,twelvedata,2025-08-26 17:50:44
3967,EUR/JPY,2025-08-13 03:00:00,172.522,172.54601,172.44099,172.487,0,twelvedata,2025-08-26 17:50:44
3968,EUR/JPY,2025-08-13 04:00:00,172.48801,172.52901,172.31599,172.386,0,twelvedata,2025-08-26 17:50:44
3969,EUR/JPY,2025-08-13 05:00:00,172.384,172.508,172.358,172.50101,0,twelvedata,2025-08-26 17:50:44
3970,EUR/JPY,2025-08-13 06:00:00,172.49899,172.62199,172.468,172.591,0,twelvedata,2025-08-26 17:50:44
3971,EUR/JPY,2025-08-13 07:00:00,172.592,172.61301,172.355,172.59399,0,twelvedata,2025-08-26 17:50:44
3972,EUR/JPY,2025-08-13 08:00:00,172.58,172.612,172.489,172.57001,0,twelvedata,2025-08-26 17:50:44
3973,EUR/JPY,2025-08-13 09:00:00,172.567,172.604,172.51801,172.561,0,twelvedata,2025-08-26 17:50:44
3974,EUR/JPY,2025-08-13 10:00:00,172.55901,172.642,172.453,172.629,0,twelvedata,2025-08-26 17:50:44
3975,EUR/JPY,2025-08-13 11:00:00,172.63,172.93401,172.576,172.881,0,twelvedata,2025-08-26 17:50:44
3976,EUR/JPY,2025-08-13 12:00:00,172.88,173.0010071,172.871,172.94099,0,twelvedata,2025-08-26 17:50:44
3977,EUR/JPY,2025-08-13 13:00:00,172.942,173.0099945,172.907,172.91701,0,twelvedata,2025-08-26 17:50:44
3978,EUR/JPY,2025-08-13 14:00:00,172.918,173.018005,172.838,172.842,0,twelvedata,2025-08-26 17:50:44
3979,EUR/JPY,2025-08-13 15:00:00,172.84,172.907,172.718,172.769,0,twelvedata,2025-08-26 17:50:44
3980,EUR/JPY,2025-08-13 16:00:00,172.774,172.841,172.69701,172.783,0,twelvedata,2025-08-26 17:50:44
3981,EUR/JPY,2025-08-13 17:00:00,172.787,172.845,172.61099,172.726,0,twelvedata,2025-08-26 17:50:44
3982,EUR/JPY,2025-08-13 18:00:00,172.724,172.742,172.435,172.507,0,twelvedata,2025-08-26 17:50:44
3983,EUR/JPY,2025-08-13 19:00:00,172.509,172.701,172.472,172.67101,0,twelvedata,2025-08-26 17:50:44
3984,EUR/JPY,2025-08-13 20:00:00,172.66701,172.739,172.621,172.70799,0,twelvedata,2025-08-26 17:50:44
3985,EUR/JPY,2025-08-13 21:00:00,172.70799,172.80701,172.58,172.597,0,twelvedata,2025-08-26 17:50:44
3986,EUR/JPY,2025-08-13 22:00:00,172.59599,172.623,172.396,172.44901,0,twelvedata,2025-08-26 17:50:44
3987,EUR/JPY,2025-08-13 23:00:00,172.448,172.481,172.271,172.297,0,twelvedata,2025-08-26 17:50:44
3988,EUR/JPY,2025-08-14 00:00:00,172.29601,172.513,172.23,172.451,0,twelvedata,2025-08-26 17:50:44
3989,EUR/JPY,2025-08-14 01:00:00,172.45,172.582,172.33,172.48,0,twelvedata,2025-08-26 17:50:44
3990,EUR/JPY,2025-08-14 02:00:00,172.481,172.52901,172.44099,172.493,0,twelvedata,2025-08-26 17:50:44
3991,EUR/JPY,2025-08-14 03:00:00,172.49001,172.601,172.489,172.506,0,twelvedata,2025-08-26 17:50:44
3992,EUR/JPY,2025-08-14 04:00:00,172.506,172.59801,172.476,172.5,0,twelvedata,2025-08-26 17:50:44
3993,EUR/JPY,2025-08-14 05:00:00,172.5,172.539,172.46201,172.5,0,twelvedata,2025-08-26 17:50:44
3994,EUR/JPY,2025-08-14 06:00:00,172.5,172.547,172.338,172.453,0,twelvedata,2025-08-26 17:50:44
3995,EUR/JPY,2025-08-14 07:00:00,172.459,172.61301,172.308,172.34599,0,twelvedata,2025-08-26 17:50:44
3996,EUR/JPY,2025-08-14 08:00:00,172.396,172.48399,172.36501,172.394,0,twelvedata,2025-08-26 17:50:44
3997,EUR/JPY,2025-08-14 09:00:00,172.408,172.418,172.302,172.311,0,twelvedata,2025-08-26 17:50:44
3998,EUR/JPY,2025-08-14 10:00:00,172.30901,172.311,171.726,171.791,0,twelvedata,2025-08-26 17:50:44
3999,EUR/JPY,2025-08-14 11:00:00,171.79201,171.804,171.464,171.586,0,twelvedata,2025-08-26 17:50:44
4000,EUR/JPY,2025-08-14 12:00:00,171.58701,171.709,171.576,171.707,0,twelvedata,2025-08-26 17:50:44
4001,EUR/JPY,2025-08-14 13:00:00,171.707,171.71899,171.504,171.51199,0,twelvedata,2025-08-26 17:50:44
4002,EUR/JPY,2025-08-14 14:00:00,171.50999,171.53101,171.27699,171.323,0,twelvedata,2025-08-26 17:50:44
4003,EUR/JPY,2025-08-14 15:00:00,171.32201,171.459,171.30499,171.384,0,twelvedata,2025-08-26 17:50:44
4004,EUR/JPY,2025-08-14 16:00:00,171.386,171.42101,171.118,171.166,0,twelvedata,2025-08-26 17:50:44
4005,EUR/JPY,2025-08-14 17:00:00,171.16499,171.21201,170.959,171.16701,0,twelvedata,2025-08-26 17:50:44
4006,EUR/JPY,2025-08-14 18:00:00,171.16701,171.218,170.98801,171.0019989,0,twelvedata,2025-08-26 17:50:44
4007,EUR/JPY,2025-08-14 19:00:00,170.996,171.308,170.974,171.28799,0,twelvedata,2025-08-26 17:50:44
4008,EUR/JPY,2025-08-14 20:00:00,171.28799,171.386,171.272,171.36501,0,twelvedata,2025-08-26 17:50:44
4009,EUR/JPY,2025-08-14 21:00:00,171.366,171.383,171.19901,171.216,0,twelvedata,2025-08-26 17:50:44
4010,EUR/JPY,2025-08-14 22:00:00,171.22,171.492,171.108,171.39799,0,twelvedata,2025-08-26 17:50:44
4011,EUR/JPY,2025-08-14 23:00:00,171.396,171.774,171.371,171.73399,0,twelvedata,2025-08-26 17:50:44
4012,EUR/JPY,2025-08-15 00:00:00,171.73599,172.042999,171.661,171.97501,0,twelvedata,2025-08-26 17:50:44
4013,EUR/JPY,2025-08-15 01:00:00,171.97301,172.203,171.95399,171.95599,0,twelvedata,2025-08-26 17:50:44
4014,EUR/JPY,2025-08-15 02:00:00,171.955,172.134,171.953,172.0079956,0,twelvedata,2025-08-26 17:50:44
4015,EUR/JPY,2025-08-15 03:00:00,172.0099945,172.097,171.992,172.070007,0,twelvedata,2025-08-26 17:50:44
4016,EUR/JPY,2025-08-15 04:00:00,172.070007,172.157,172.063004,172.146,0,twelvedata,2025-08-26 17:50:44
4017,EUR/JPY,2025-08-15 05:00:00,172.14999,172.177,172.13,172.133,0,twelvedata,2025-08-26 17:50:44
4018,EUR/JPY,2025-08-15 06:00:00,172.133,172.144,172.0070038,172.087006,0,twelvedata,2025-08-26 17:50:44
4019,EUR/JPY,2025-08-15 07:00:00,172.059006,172.23599,171.92599,172.149,0,twelvedata,2025-08-26 17:50:44
4020,EUR/JPY,2025-08-15 08:00:00,172.136,172.194,172.11099,172.172,0,twelvedata,2025-08-26 17:50:44
4021,EUR/JPY,2025-08-15 09:00:00,172.158,172.211,172.048004,172.056,0,twelvedata,2025-08-26 17:50:44
4022,EUR/JPY,2025-08-15 10:00:00,172.057999,172.093002,171.828,171.84399,0,twelvedata,2025-08-26 17:50:44
4023,EUR/JPY,2025-08-15 11:00:00,171.84599,171.888,171.601,171.62801,0,twelvedata,2025-08-26 17:50:44
4024,EUR/JPY,2025-08-15 12:00:00,171.62801,171.744,171.62,171.686,0,twelvedata,2025-08-26 17:50:44
4025,EUR/JPY,2025-08-15 13:00:00,171.683,171.754,171.60899,171.66299,0,twelvedata,2025-08-26 17:50:44
4026,EUR/JPY,2025-08-15 14:00:00,171.66,171.67101,171.54401,171.60201,0,twelvedata,2025-08-26 17:50:44
4027,EUR/JPY,2025-08-15 15:00:00,171.60201,171.76401,171.5,171.73801,0,twelvedata,2025-08-26 17:50:44
4028,EUR/JPY,2025-08-15 16:00:00,171.735,171.789,171.633,171.686,0,twelvedata,2025-08-26 17:50:44
4029,EUR/JPY,2025-08-15 17:00:00,171.685,171.899,171.675,171.742,0,twelvedata,2025-08-26 17:50:44
4030,EUR/JPY,2025-08-15 18:00:00,171.74001,171.74699,171.526,171.55901,0,twelvedata,2025-08-26 17:50:44
4031,EUR/JPY,2025-08-15 19:00:00,171.561,171.705,171.51199,171.67999,0,twelvedata,2025-08-26 17:50:44
4032,EUR/JPY,2025-08-15 20:00:00,171.677,171.744,171.584,171.724,0,twelvedata,2025-08-26 17:50:44
4033,EUR/JPY,2025-08-15 21:00:00,171.722,171.853,171.714,171.787,0,twelvedata,2025-08-26 17:50:44
4034,EUR/JPY,2025-08-15 22:00:00,171.78799,171.946,171.646,171.771,0,twelvedata,2025-08-26 17:50:44
4035,EUR/JPY,2025-08-15 23:00:00,171.771,172.020996,171.716,171.96201,0,twelvedata,2025-08-26 17:50:44
4036,EUR/JPY,2025-08-16 00:00:00,171.996,172.19299,171.927,171.987,0,twelvedata,2025-08-26 17:50:44
4037,EUR/JPY,2025-08-16 01:00:00,171.98399,172.144,171.97501,172.095001,0,twelvedata,2025-08-26 17:50:44
4038,EUR/JPY,2025-08-16 02:00:00,172.091995,172.30499,172.089996,172.27699,0,twelvedata,2025-08-26 17:50:44
4039,EUR/JPY,2025-08-16 03:00:00,172.27499,172.375,172.24699,172.328,0,twelvedata,2025-08-26 17:50:44
4040,EUR/JPY,2025-08-16 04:00:00,172.33,172.347,172.269,172.27499,0,twelvedata,2025-08-26 17:50:44
4041,EUR/JPY,2025-08-16 05:00:00,172.276,172.3,172.244,172.27901,0,twelvedata,2025-08-26 17:50:44
4042,EUR/JPY,2025-08-16 06:00:00,172.274,172.338,172.142,172.255,0,twelvedata,2025-08-26 17:50:44
4043,EUR/JPY,2025-08-16 07:00:00,172.299,172.299,172.299,172.299,0,twelvedata,2025-08-26 17:50:44
4044,EUR/JPY,2025-08-18 09:00:00,172.38901,172.507,172.34801,172.35201,0,twelvedata,2025-08-26 17:50:44
4045,EUR/JPY,2025-08-18 10:00:00,172.349,172.573,172.34399,172.507,0,twelvedata,2025-08-26 17:50:44
4046,EUR/JPY,2025-08-18 11:00:00,172.507,172.597,172.422,172.424,0,twelvedata,2025-08-26 17:50:44
4047,EUR/JPY,2025-08-18 12:00:00,172.42799,172.59599,172.405,172.55099,0,twelvedata,2025-08-26 17:50:44
4048,EUR/JPY,2025-08-18 13:00:00,172.545,172.565,172.418,172.49001,0,twelvedata,2025-08-26 17:50:44
4049,EUR/JPY,2025-08-18 14:00:00,172.49001,172.64999,172.485,172.552,0,twelvedata,2025-08-26 17:50:44
4050,EUR/JPY,2025-08-18 15:00:00,172.55099,172.58,172.487,172.524,0,twelvedata,2025-08-26 17:50:44
4051,EUR/JPY,2025-08-18 16:00:00,172.52499,172.554,172.34399,172.373,0,twelvedata,2025-08-26 17:50:44
4052,EUR/JPY,2025-08-18 17:00:00,172.379,172.407,172.159,172.23801,0,twelvedata,2025-08-26 17:50:44
4053,EUR/JPY,2025-08-18 18:00:00,172.243,172.258,172.059998,172.11501,0,twelvedata,2025-08-26 17:50:44
4054,EUR/JPY,2025-08-18 19:00:00,172.121,172.222,172.046997,172.177,0,twelvedata,2025-08-26 17:50:44
4055,EUR/JPY,2025-08-18 20:00:00,172.17599,172.23199,172.138,172.202,0,twelvedata,2025-08-26 17:50:44
4056,EUR/JPY,2025-08-18 21:00:00,172.19901,172.345,172.198,172.257,0,twelvedata,2025-08-26 17:50:44
4057,EUR/JPY,2025-08-18 22:00:00,172.257,172.50101,172.248,172.49001,0,twelvedata,2025-08-26 17:50:44
4058,EUR/JPY,2025-08-18 23:00:00,172.489,172.67599,172.44099,172.616,0,twelvedata,2025-08-26 17:50:44
4059,EUR/JPY,2025-08-19 00:00:00,172.616,172.63699,172.465,172.55701,0,twelvedata,2025-08-26 17:50:44
4060,EUR/JPY,2025-08-19 01:00:00,172.55499,172.632,172.38499,172.39,0,twelvedata,2025-08-26 17:50:44
4061,EUR/JPY,2025-08-19 02:00:00,172.39101,172.392,172.261,172.28999,0,twelvedata,2025-08-26 17:50:44
4062,EUR/JPY,2025-08-19 03:00:00,172.285,172.411,172.175,172.375,0,twelvedata,2025-08-26 17:50:44
4063,EUR/JPY,2025-08-19 04:00:00,172.37399,172.465,172.327,172.40199,0,twelvedata,2025-08-26 17:50:44
4064,EUR/JPY,2025-08-19 05:00:00,172.39799,172.55299,172.384,172.463,0,twelvedata,2025-08-26 17:50:44
4065,EUR/JPY,2025-08-19 06:00:00,172.468,172.56799,172.313,172.40199,0,twelvedata,2025-08-26 17:50:44
4066,EUR/JPY,2025-08-19 07:00:00,172.423,172.423,172.16901,172.368,0,twelvedata,2025-08-26 17:50:44
4067,EUR/JPY,2025-08-19 08:00:00,172.345,172.60899,172.312,172.52299,0,twelvedata,2025-08-26 17:50:44
4068,EUR/JPY,2025-08-19 09:00:00,172.55099,172.62,172.533,172.584,0,twelvedata,2025-08-26 17:50:44
4069,EUR/JPY,2025-08-19 10:00:00,172.58501,172.627,172.276,172.284,0,twelvedata,2025-08-26 17:50:44
4070,EUR/JPY,2025-08-19 11:00:00,172.28101,172.439,171.99001,172.114,0,twelvedata,2025-08-26 17:50:44
4071,EUR/JPY,2025-08-19 12:00:00,172.114,172.24001,172.067001,172.233,0,twelvedata,2025-08-26 17:50:44
4072,EUR/JPY,2025-08-19 13:00:00,172.237,172.364,172.16299,172.29201,0,twelvedata,2025-08-26 17:50:44
4073,EUR/JPY,2025-08-19 14:00:00,172.29401,172.369,172.255,172.297,0,twelvedata,2025-08-26 17:50:44
4074,EUR/JPY,2025-08-19 15:00:00,172.293,172.342,172.078995,172.084,0,twelvedata,2025-08-26 17:50:44
4075,EUR/JPY,2025-08-19 16:00:00,172.076996,172.32001,172.018997,172.308,0,twelvedata,2025-08-26 17:50:44
4076,EUR/JPY,2025-08-19 17:00:00,172.308,172.575,172.3,172.565,0,twelvedata,2025-08-26 17:50:44
4077,EUR/JPY,2025-08-19 18:00:00,172.565,172.62199,172.354,172.39,0,twelvedata,2025-08-26 17:50:44
4078,EUR/JPY,2025-08-19 19:00:00,172.39101,172.606,172.35899,172.58299,0,twelvedata,2025-08-26 17:50:44
4079,EUR/JPY,2025-08-19 20:00:00,172.58299,172.659,172.487,172.653,0,twelvedata,2025-08-26 17:50:44
4080,EUR/JPY,2025-08-19 21:00:00,172.646,172.7,172.55701,172.606,0,twelvedata,2025-08-26 17:50:44
4081,EUR/JPY,2025-08-19 22:00:00,172.605,172.69,172.50301,172.539,0,twelvedata,2025-08-26 17:50:44
4082,EUR/JPY,2025-08-19 23:00:00,172.541,172.65199,172.355,172.39999,0,twelvedata,2025-08-26 17:50:44
4083,EUR/JPY,2025-08-20 00:00:00,172.39999,172.47099,172.22,172.42799,0,twelvedata,2025-08-26 17:50:44
4084,EUR/JPY,2025-08-20 01:00:00,172.42999,172.438,172.216,172.22501,0,twelvedata,2025-08-26 17:50:44
4085,EUR/JPY,2025-08-20 02:00:00,172.224,172.254,172.048004,172.074997,0,twelvedata,2025-08-26 17:50:44
4086,EUR/JPY,2025-08-20 03:00:00,172.074997,172.10001,171.868,171.87199,0,twelvedata,2025-08-26 17:50:44
4087,EUR/JPY,2025-08-20 04:00:00,171.87,171.897,171.73199,171.80901,0,twelvedata,2025-08-26 17:50:44
4088,EUR/JPY,2025-08-20 05:00:00,171.81,171.89101,171.692,171.88,0,twelvedata,2025-08-26 17:50:44
4089,EUR/JPY,2025-08-20 06:00:00,171.875,172.0,171.875,171.983,0,twelvedata,2025-08-26 17:50:44
4090,EUR/JPY,2025-08-20 07:00:00,171.98199,172.031998,171.82201,171.914,0,twelvedata,2025-08-26 17:50:44
4091,EUR/JPY,2025-08-20 08:00:00,171.914,171.95399,171.85001,171.925,0,twelvedata,2025-08-26 17:50:44
4092,EUR/JPY,2025-08-20 09:00:00,171.93401,172.013,171.909,171.985,0,twelvedata,2025-08-26 17:50:44
4093,EUR/JPY,2025-08-20 10:00:00,171.99001,171.996,171.685,171.748,0,twelvedata,2025-08-26 17:50:44
4094,EUR/JPY,2025-08-20 11:00:00,171.74699,171.83,171.481,171.5,0,twelvedata,2025-08-26 17:50:44
4095,EUR/JPY,2025-08-20 12:00:00,171.5,171.638,171.459,171.58,0,twelvedata,2025-08-26 17:50:44
4096,EUR/JPY,2025-08-20 13:00:00,171.575,171.67799,171.541,171.617,0,twelvedata,2025-08-26 17:50:44
4097,EUR/JPY,2025-08-20 14:00:00,171.617,171.73801,171.591,171.696,0,twelvedata,2025-08-26 17:50:44
4098,EUR/JPY,2025-08-20 15:00:00,171.694,171.69701,171.55901,171.62399,0,twelvedata,2025-08-26 17:50:44
4099,EUR/JPY,2025-08-20 16:00:00,171.633,171.66701,171.10899,171.44701,0,twelvedata,2025-08-26 17:50:44
4100,EUR/JPY,2025-08-20 17:00:00,171.453,171.918,171.42799,171.903,0,twelvedata,2025-08-26 17:50:44
4101,EUR/JPY,2025-08-20 18:00:00,171.899,171.944,171.674,171.741,0,twelvedata,2025-08-26 17:50:44
4102,EUR/JPY,2025-08-20 19:00:00,171.741,171.76801,171.618,171.735,0,twelvedata,2025-08-26 17:50:44
4103,EUR/JPY,2025-08-20 20:00:00,171.735,171.813,171.674,171.731,0,twelvedata,2025-08-26 17:50:44
4104,EUR/JPY,2025-08-20 21:00:00,171.73199,171.791,171.66901,171.759,0,twelvedata,2025-08-26 17:50:44
4105,EUR/JPY,2025-08-20 22:00:00,171.758,171.931,171.70799,171.87801,0,twelvedata,2025-08-26 17:50:44
4106,EUR/JPY,2025-08-20 23:00:00,171.882,171.94501,171.498,171.56,0,twelvedata,2025-08-26 17:50:44
4107,EUR/JPY,2025-08-21 00:00:00,171.563,171.675,171.345,171.437,0,twelvedata,2025-08-26 17:50:44
4108,EUR/JPY,2025-08-21 01:00:00,171.437,171.605,171.33701,171.452,0,twelvedata,2025-08-26 17:50:44
4109,EUR/JPY,2025-08-21 02:00:00,171.446,171.623,171.44299,171.53,0,twelvedata,2025-08-26 17:50:44
4110,EUR/JPY,2025-08-21 03:00:00,171.52699,171.621,171.521,171.597,0,twelvedata,2025-08-26 17:50:44
4111,EUR/JPY,2025-08-21 04:00:00,171.608,171.716,171.519,171.638,0,twelvedata,2025-08-26 17:50:44
4112,EUR/JPY,2025-08-21 05:00:00,171.63901,171.71899,171.619,171.69099,0,twelvedata,2025-08-26 17:50:44
4113,EUR/JPY,2025-08-21 06:00:00,171.69501,171.791,171.565,171.64301,0,twelvedata,2025-08-26 17:50:44
4114,EUR/JPY,2025-08-21 07:00:00,171.66901,171.75,171.545,171.582,0,twelvedata,2025-08-26 17:50:44
4115,EUR/JPY,2025-08-21 08:00:00,171.582,171.71899,171.55499,171.687,0,twelvedata,2025-08-26 17:50:44
4116,EUR/JPY,2025-08-21 09:00:00,171.681,171.74899,171.616,171.62,0,twelvedata,2025-08-26 17:50:44
4117,EUR/JPY,2025-08-21 10:00:00,171.619,171.744,171.548,171.653,0,twelvedata,2025-08-26 17:50:44
4118,EUR/JPY,2025-08-21 11:00:00,171.653,171.76801,171.612,171.687,0,twelvedata,2025-08-26 17:50:44
4119,EUR/JPY,2025-08-21 12:00:00,171.69299,171.73801,171.517,171.604,0,twelvedata,2025-08-26 17:50:44
4120,EUR/JPY,2025-08-21 13:00:00,171.59801,171.70799,171.548,171.67799,0,twelvedata,2025-08-26 17:50:44
4121,EUR/JPY,2025-08-21 14:00:00,171.67999,171.67999,171.59599,171.63,0,twelvedata,2025-08-26 17:50:44
4122,EUR/JPY,2025-08-21 15:00:00,171.633,171.802,171.603,171.73599,0,twelvedata,2025-08-26 17:50:44
4123,EUR/JPY,2025-08-21 16:00:00,171.73599,171.746,171.52299,171.612,0,twelvedata,2025-08-26 17:50:44
4124,EUR/JPY,2025-08-21 17:00:00,171.61099,172.072998,171.57201,172.061005,0,twelvedata,2025-08-26 17:50:44
4125,EUR/JPY,2025-08-21 18:00:00,172.057999,172.072998,171.933,172.0010071,0,twelvedata,2025-08-26 17:50:44
4126,EUR/JPY,2025-08-21 19:00:00,172.0019989,172.209,171.94901,172.10001,0,twelvedata,2025-08-26 17:50:44
4127,EUR/JPY,2025-08-21 20:00:00,172.101,172.286,172.087006,172.224,0,twelvedata,2025-08-26 17:50:44
4128,EUR/JPY,2025-08-21 21:00:00,172.23,172.36099,172.17799,172.186,0,twelvedata,2025-08-26 17:50:44
4129,EUR/JPY,2025-08-21 22:00:00,172.186,172.196,171.957,172.078003,0,twelvedata,2025-08-26 17:50:44
4130,EUR/JPY,2025-08-21 23:00:00,172.080994,172.179,171.735,171.741,0,twelvedata,2025-08-26 17:50:44
4131,EUR/JPY,2025-08-22 00:00:00,171.746,172.123,171.74001,172.087997,0,twelvedata,2025-08-26 17:50:44
4132,EUR/JPY,2025-08-22 01:00:00,172.089005,172.272,172.061996,172.155,0,twelvedata,2025-08-26 17:50:44
4133,EUR/JPY,2025-08-22 02:00:00,172.15401,172.245,172.121,172.173,0,twelvedata,2025-08-26 17:50:44
4134,EUR/JPY,2025-08-22 03:00:00,172.173,172.265,172.085999,172.214,0,twelvedata,2025-08-26 17:50:44
4135,EUR/JPY,2025-08-22 04:00:00,172.21001,172.22701,172.13499,172.22,0,twelvedata,2025-08-26 17:50:44
4136,EUR/JPY,2025-08-22 05:00:00,172.21899,172.26199,172.175,172.189,0,twelvedata,2025-08-26 17:50:44
4137,EUR/JPY,2025-08-22 06:00:00,172.19,172.224,172.121,172.181,0,twelvedata,2025-08-26 17:50:44
4138,EUR/JPY,2025-08-22 07:00:00,172.188,172.25301,172.028,172.166,0,twelvedata,2025-08-26 17:50:44
4139,EUR/JPY,2025-08-22 08:00:00,172.187,172.28799,172.147,172.261,0,twelvedata,2025-08-26 17:50:44
4140,EUR/JPY,2025-08-22 09:00:00,172.255,172.369,172.22301,172.31,0,twelvedata,2025-08-26 17:50:44
4141,EUR/JPY,2025-08-22 10:00:00,172.30499,172.47701,172.192,172.446,0,twelvedata,2025-08-26 17:50:44
4142,EUR/JPY,2025-08-22 11:00:00,172.446,172.533,172.30499,172.438,0,twelvedata,2025-08-26 17:50:44
4143,EUR/JPY,2025-08-22 12:00:00,172.435,172.46001,172.358,172.371,0,twelvedata,2025-08-26 17:50:44
4144,EUR/JPY,2025-08-22 13:00:00,172.371,172.40601,172.263,172.308,0,twelvedata,2025-08-26 17:50:44
4145,EUR/JPY,2025-08-22 14:00:00,172.308,172.401,172.23199,172.313,0,twelvedata,2025-08-26 17:50:44
4146,EUR/JPY,2025-08-22 15:00:00,172.30901,172.342,172.18201,172.246,0,twelvedata,2025-08-26 17:50:44
4147,EUR/JPY,2025-08-22 16:00:00,172.255,172.287,172.050003,172.105,0,twelvedata,2025-08-26 17:50:44
4148,EUR/JPY,2025-08-22 17:00:00,172.106,172.315,172.106,172.298,0,twelvedata,2025-08-26 17:50:44
4149,EUR/JPY,2025-08-22 18:00:00,172.298,172.412,172.20799,172.405,0,twelvedata,2025-08-26 17:50:44
4150,EUR/JPY,2025-08-22 19:00:00,172.405,172.479,172.355,172.44299,0,twelvedata,2025-08-26 17:50:44
4151,EUR/JPY,2025-08-22 20:00:00,172.439,172.50101,172.32899,172.35001,0,twelvedata,2025-08-26 17:50:44
4152,EUR/JPY,2025-08-22 21:00:00,172.34801,172.601,172.34801,172.56599,0,twelvedata,2025-08-26 17:50:44
4153,EUR/JPY,2025-08-22 22:00:00,172.563,172.636,172.52901,172.618,0,twelvedata,2025-08-26 17:50:44
4154,EUR/JPY,2025-08-22 23:00:00,172.618,172.675,172.317,172.38499,0,twelvedata,2025-08-26 17:50:44
4155,EUR/JPY,2025-08-23 00:00:00,172.377,172.59399,171.819,172.082993,0,twelvedata,2025-08-26 17:50:44
4156,EUR/JPY,2025-08-23 01:00:00,172.082001,172.114,171.90199,171.97099,0,twelvedata,2025-08-26 17:50:44
4157,EUR/JPY,2025-08-23 02:00:00,171.96899,172.031998,171.88699,171.961,0,twelvedata,2025-08-26 17:50:44
4158,EUR/JPY,2025-08-23 03:00:00,171.961,172.134,171.953,172.108,0,twelvedata,2025-08-26 17:50:44
4159,EUR/JPY,2025-08-23 04:00:00,172.11099,172.198,172.065994,172.13901,0,twelvedata,2025-08-26 17:50:44
4160,EUR/JPY,2025-08-23 05:00:00,172.142,172.278,172.101,172.23399,0,twelvedata,2025-08-26 17:50:44
4161,EUR/JPY,2025-08-23 06:00:00,172.237,172.283,172.087997,172.11301,0,twelvedata,2025-08-26 17:50:44
4162,EUR/JPY,2025-08-23 07:00:00,172.17101,172.17101,172.17101,172.17101,0,twelvedata,2025-08-26 17:50:44
4163,EUR/JPY,2025-08-25 09:00:00,172.24899,172.47701,172.239,172.42,0,twelvedata,2025-08-26 17:50:44
4164,EUR/JPY,2025-08-25 10:00:00,172.42,172.57899,172.327,172.409,0,twelvedata,2025-08-26 17:50:44
4165,EUR/JPY,2025-08-25 11:00:00,172.414,172.47301,172.284,172.397,0,twelvedata,2025-08-26 17:50:44
4166,EUR/JPY,2025-08-25 12:00:00,172.39301,172.548,172.369,172.452,0,twelvedata,2025-08-26 17:50:44
4167,EUR/JPY,2025-08-25 13:00:00,172.452,172.502,172.42,172.479,0,twelvedata,2025-08-26 17:50:44
4168,EUR/JPY,2025-08-25 14:00:00,172.479,172.513,172.317,172.342,0,twelvedata,2025-08-26 17:50:44
4169,EUR/JPY,2025-08-25 15:00:00,172.342,172.45,172.328,172.35001,0,twelvedata,2025-08-26 17:50:44
4170,EUR/JPY,2025-08-25 16:00:00,172.347,172.51401,172.342,172.39799,0,twelvedata,2025-08-26 17:50:44
4171,EUR/JPY,2025-08-25 17:00:00,172.39301,172.507,172.31799,172.342,0,twelvedata,2025-08-26 17:50:44
4172,EUR/JPY,2025-08-25 18:00:00,172.343,172.47301,172.334,172.37801,0,twelvedata,2025-08-26 17:50:44
4173,EUR/JPY,2025-08-25 19:00:00,172.38,172.382,172.24699,172.29201,0,twelvedata,2025-08-26 17:50:44
4174,EUR/JPY,2025-08-25 20:00:00,172.29401,172.384,172.25301,172.32001,0,twelvedata,2025-08-26 17:50:44
4175,EUR/JPY,2025-08-25 21:00:00,172.317,172.409,172.22701,172.403,0,twelvedata,2025-08-26 17:50:44
4176,EUR/JPY,2025-08-25 22:00:00,172.40401,172.47,172.317,172.42799,0,twelvedata,2025-08-26 17:50:44
4177,EUR/JPY,2025-08-25 23:00:00,172.43201,172.662,172.379,172.39799,0,twelvedata,2025-08-26 17:50:44
4178,EUR/JPY,2025-08-26 00:00:00,172.397,172.58501,172.328,172.416,0,twelvedata,2025-08-26 17:50:44
4179,AUD/CAD,2025-06-27 00:00:00,0.89327002,0.89428997,0.89197999,0.89270997,0,twelvedata,2025-08-26 17:50:56
4180,AUD/CAD,2025-06-27 01:00:00,0.89273,0.89326,0.89157999,0.89313,0,twelvedata,2025-08-26 17:50:56
4181,AUD/CAD,2025-06-27 02:00:00,0.89309001,0.8937,0.89196998,0.89314002,0,twelvedata,2025-08-26 17:50:56
4182,AUD/CAD,2025-06-27 03:00:00,0.89311999,0.89387,0.89222997,0.89379001,0,twelvedata,2025-08-26 17:50:56
4183,AUD/CAD,2025-06-27 04:00:00,0.89377999,0.89385003,0.89253998,0.89354998,0,twelvedata,2025-08-26 17:50:56
4184,AUD/CAD,2025-06-27 05:00:00,0.89353001,0.89367998,0.89205003,0.89302999,0,twelvedata,2025-08-26 17:50:56
4185,AUD/CAD,2025-06-27 06:00:00,0.89296001,0.89310002,0.89184999,0.89231002,0,twelvedata,2025-08-26 17:50:56
4186,AUD/CAD,2025-06-27 07:00:00,0.89231998,0.89407998,0.89199001,0.89257997,0,twelvedata,2025-08-26 17:50:56
4187,AUD/CAD,2025-06-27 08:00:00,0.89270997,0.89323997,0.89184999,0.89269,0,twelvedata,2025-08-26 17:50:56
4188,AUD/CAD,2025-06-27 09:00:00,0.89271998,0.89328003,0.89194,0.89297003,0,twelvedata,2025-08-26 17:50:56
4189,AUD/CAD,2025-06-27 10:00:00,0.89296001,0.89421999,0.89221001,0.89394999,0,twelvedata,2025-08-26 17:50:56
4190,AUD/CAD,2025-06-27 11:00:00,0.89390999,0.89433998,0.89223999,0.89411998,0,twelvedata,2025-08-26 17:50:56
4191,AUD/CAD,2025-06-27 12:00:00,0.89411998,0.89431,0.89278001,0.89371002,0,twelvedata,2025-08-26 17:50:56
4192,AUD/CAD,2025-06-27 13:00:00,0.89367002,0.89455003,0.89205998,0.89295,0,twelvedata,2025-08-26 17:50:56
4193,AUD/CAD,2025-06-27 14:00:00,0.89301002,0.89319998,0.89191002,0.89280999,0,twelvedata,2025-08-26 17:50:56
4194,AUD/CAD,2025-06-27 15:00:00,0.89283001,0.89309001,0.89146,0.89258999,0,twelvedata,2025-08-26 17:50:56
4195,AUD/CAD,2025-06-27 16:00:00,0.89257997,0.89319998,0.89147002,0.89319998,0,twelvedata,2025-08-26 17:50:56
4196,AUD/CAD,2025-06-27 17:00:00,0.89314002,0.89407003,0.89236999,0.89319003,0,twelvedata,2025-08-26 17:50:56
4197,AUD/CAD,2025-06-27 18:00:00,0.89317,0.89412999,0.89225,0.89355999,0,twelvedata,2025-08-26 17:50:56
4198,AUD/CAD,2025-06-27 19:00:00,0.89350998,0.89361,0.89191002,0.89297998,0,twelvedata,2025-08-26 17:50:56
4199,AUD/CAD,2025-06-27 20:00:00,0.89291,0.89310002,0.89117002,0.89243001,0,twelvedata,2025-08-26 17:50:56
4200,AUD/CAD,2025-06-27 21:00:00,0.89243001,0.8926,0.89104003,0.89213002,0,twelvedata,2025-08-26 17:50:56
4201,AUD/CAD,2025-06-27 22:00:00,0.89209002,0.89345998,0.89111,0.89278001,0,twelvedata,2025-08-26 17:50:56
4202,AUD/CAD,2025-06-27 23:00:00,0.89275002,0.89328998,0.88982999,0.89051002,0,twelvedata,2025-08-26 17:50:56
4203,AUD/CAD,2025-06-28 00:00:00,0.89049,0.89188999,0.8897,0.89142001,0,twelvedata,2025-08-26 17:50:56
4204,AUD/CAD,2025-06-28 01:00:00,0.89137,0.89295,0.89030999,0.89273,0,twelvedata,2025-08-26 17:50:56
4205,AUD/CAD,2025-06-28 02:00:00,0.89270997,0.89352,0.89177001,0.8933,0,twelvedata,2025-08-26 17:50:56
4206,AUD/CAD,2025-06-28 03:00:00,0.89332002,0.89608002,0.89243001,0.89519,0,twelvedata,2025-08-26 17:50:56
4207,AUD/CAD,2025-06-28 04:00:00,0.89519,0.89586997,0.89279997,0.89371002,0,twelvedata,2025-08-26 17:50:56
4208,AUD/CAD,2025-06-28 05:00:00,0.89367998,0.89462,0.89291,0.89372998,0,twelvedata,2025-08-26 17:50:56
4209,AUD/CAD,2025-06-28 06:00:00,0.89375001,0.89444,0.89230001,0.89261001,0,twelvedata,2025-08-26 17:50:56
4210,AUD/CAD,2025-06-28 07:00:00,0.89249998,0.89253998,0.89249998,0.89253998,0,twelvedata,2025-08-26 17:50:56
4211,AUD/CAD,2025-06-30 09:00:00,0.89409,0.89437997,0.89288998,0.89363998,0,twelvedata,2025-08-26 17:50:56
4212,AUD/CAD,2025-06-30 10:00:00,0.89363998,0.89498001,0.89292997,0.89415997,0,twelvedata,2025-08-26 17:50:56
4213,AUD/CAD,2025-06-30 11:00:00,0.89419001,0.89538002,0.89310002,0.89468002,0,twelvedata,2025-08-26 17:50:56
4214,AUD/CAD,2025-06-30 12:00:00,0.89466,0.89488,0.89191997,0.89314002,0,twelvedata,2025-08-26 17:50:56
4215,AUD/CAD,2025-06-30 13:00:00,0.89308,0.89374,0.89217001,0.89354998,0,twelvedata,2025-08-26 17:50:56
4216,AUD/CAD,2025-06-30 14:00:00,0.89358997,0.89468002,0.89254999,0.89454001,0,twelvedata,2025-08-26 17:50:56
4217,AUD/CAD,2025-06-30 15:00:00,0.89456999,0.89524001,0.89353001,0.89462,0,twelvedata,2025-08-26 17:50:56
4218,AUD/CAD,2025-06-30 16:00:00,0.89456999,0.89475,0.89270997,0.89388001,0,twelvedata,2025-08-26 17:50:56
4219,AUD/CAD,2025-06-30 17:00:00,0.89393002,0.89393002,0.89165002,0.89336997,0,twelvedata,2025-08-26 17:50:56
4220,AUD/CAD,2025-06-30 18:00:00,0.89332998,0.89420998,0.89252001,0.89401001,0,twelvedata,2025-08-26 17:50:56
4221,AUD/CAD,2025-06-30 19:00:00,0.89399999,0.89406002,0.89179999,0.89254999,0,twelvedata,2025-08-26 17:50:56
4222,AUD/CAD,2025-06-30 20:00:00,0.89251,0.89298999,0.89138001,0.89280999,0,twelvedata,2025-08-26 17:50:56
4223,AUD/CAD,2025-06-30 21:00:00,0.89279997,0.89331001,0.89174998,0.89270002,0,twelvedata,2025-08-26 17:50:56
4224,AUD/CAD,2025-06-30 22:00:00,0.89270002,0.89308,0.89124,0.89254999,0,twelvedata,2025-08-26 17:50:56
4225,AUD/CAD,2025-06-30 23:00:00,0.89253998,0.89458001,0.89173001,0.89455998,0,twelvedata,2025-08-26 17:50:56
4226,AUD/CAD,2025-07-01 00:00:00,0.89455003,0.89478999,0.89253002,0.89411998,0,twelvedata,2025-08-26 17:50:56
4227,AUD/CAD,2025-07-01 01:00:00,0.89415997,0.89519,0.89270997,0.89512998,0,twelvedata,2025-08-26 17:50:56
4228,AUD/CAD,2025-07-01 02:00:00,0.89508998,0.89565998,0.89397001,0.89552999,0,twelvedata,2025-08-26 17:50:56
4229,AUD/CAD,2025-07-01 03:00:00,0.89557999,0.89649999,0.89459002,0.89617997,0,twelvedata,2025-08-26 17:50:56
4230,AUD/CAD,2025-07-01 04:00:00,0.89616001,0.89670002,0.89511001,0.89622998,0,twelvedata,2025-08-26 17:50:56
4231,AUD/CAD,2025-07-01 05:00:00,0.8962,0.89666998,0.89525998,0.89629,0,twelvedata,2025-08-26 17:50:56
4232,AUD/CAD,2025-07-01 06:00:00,0.89630002,0.89660001,0.89450002,0.89468002,0,twelvedata,2025-08-26 17:50:56
4233,AUD/CAD,2025-07-01 07:00:00,0.89490998,0.89552999,0.89310002,0.89499998,0,twelvedata,2025-08-26 17:50:56
4234,AUD/CAD,2025-07-01 08:00:00,0.89504999,0.89586997,0.89445001,0.89543003,0,twelvedata,2025-08-26 17:50:56
4235,AUD/CAD,2025-07-01 09:00:00,0.89556003,0.89564002,0.89375001,0.89468002,0,twelvedata,2025-08-26 17:50:56
4236,AUD/CAD,2025-07-01 10:00:00,0.89469999,0.89500999,0.89354998,0.89444,0,twelvedata,2025-08-26 17:50:56
4237,AUD/CAD,2025-07-01 11:00:00,0.89442998,0.89447999,0.89196002,0.89302999,0,twelvedata,2025-08-26 17:50:56
4238,AUD/CAD,2025-07-01 12:00:00,0.89301002,0.89392,0.89182001,0.89385003,0,twelvedata,2025-08-26 17:50:56
4239,AUD/CAD,2025-07-01 13:00:00,0.89389998,0.89433998,0.89266002,0.89385998,0,twelvedata,2025-08-26 17:50:56
4240,AUD/CAD,2025-07-01 14:00:00,0.89383,0.89446998,0.89270002,0.89423001,0,twelvedata,2025-08-26 17:50:56
4241,AUD/CAD,2025-07-01 15:00:00,0.89420998,0.89523,0.89337999,0.89507002,0,twelvedata,2025-08-26 17:50:56
4242,AUD/CAD,2025-07-01 16:00:00,0.89499998,0.89513999,0.89323997,0.89475,0,twelvedata,2025-08-26 17:50:56
4243,AUD/CAD,2025-07-01 17:00:00,0.89469999,0.89582002,0.89390999,0.89570999,0,twelvedata,2025-08-26 17:50:56
4244,AUD/CAD,2025-07-01 18:00:00,0.89569998,0.89599001,0.89403999,0.89565998,0,twelvedata,2025-08-26 17:50:56
4245,AUD/CAD,2025-07-01 19:00:00,0.89565003,0.89582002,0.89415002,0.89511001,0,twelvedata,2025-08-26 17:50:56
4246,AUD/CAD,2025-07-01 20:00:00,0.89507997,0.89608997,0.89420998,0.89567,0,twelvedata,2025-08-26 17:50:56
4247,AUD/CAD,2025-07-01 21:00:00,0.89574999,0.89613003,0.89455003,0.89600003,0,twelvedata,2025-08-26 17:50:56
4248,AUD/CAD,2025-07-01 22:00:00,0.89596999,0.89648998,0.89466,0.89565998,0,twelvedata,2025-08-26 17:50:56
4249,AUD/CAD,2025-07-01 23:00:00,0.89564002,0.89647001,0.89431,0.89594001,0,twelvedata,2025-08-26 17:50:56
4250,AUD/CAD,2025-07-02 00:00:00,0.89602,0.89765,0.89486998,0.89744002,0,twelvedata,2025-08-26 17:50:56
4251,AUD/CAD,2025-07-02 01:00:00,0.89741999,0.89762002,0.89568001,0.89741999,0,twelvedata,2025-08-26 17:50:56
4252,AUD/CAD,2025-07-02 02:00:00,0.89740998,0.89772999,0.89595002,0.89699,0,twelvedata,2025-08-26 17:50:56
4253,AUD/CAD,2025-07-02 03:00:00,0.89700001,0.89758998,0.89608997,0.89744002,0,twelvedata,2025-08-26 17:50:56
4254,AUD/CAD,2025-07-02 04:00:00,0.89744997,0.89756,0.89630002,0.89735001,0,twelvedata,2025-08-26 17:50:56
4255,AUD/CAD,2025-07-02 05:00:00,0.89728999,0.89753002,0.89614999,0.89731997,0,twelvedata,2025-08-26 17:50:56
4256,AUD/CAD,2025-07-02 06:00:00,0.89731997,0.89828998,0.89651,0.89794999,0,twelvedata,2025-08-26 17:50:56
4257,AUD/CAD,2025-07-02 07:00:00,0.89744002,0.89758003,0.89574999,0.89705998,0,twelvedata,2025-08-26 17:50:56
4258,AUD/CAD,2025-07-02 08:00:00,0.8973,0.89802998,0.89683998,0.89769,0,twelvedata,2025-08-26 17:50:56
4259,AUD/CAD,2025-07-02 09:00:00,0.89774001,0.89791,0.89664,0.89750999,0,twelvedata,2025-08-26 17:50:56
4260,AUD/CAD,2025-07-02 10:00:00,0.89753002,0.89775997,0.89652997,0.89747,0,twelvedata,2025-08-26 17:50:56
4261,AUD/CAD,2025-07-02 11:00:00,0.89754999,0.89762998,0.89529997,0.89643002,0,twelvedata,2025-08-26 17:50:56
4262,AUD/CAD,2025-07-02 12:00:00,0.89642,0.89692998,0.89534998,0.89683002,0,twelvedata,2025-08-26 17:50:56
4263,AUD/CAD,2025-07-02 13:00:00,0.89682001,0.89782,0.89604998,0.89775002,0,twelvedata,2025-08-26 17:50:56
4264,AUD/CAD,2025-07-02 14:00:00,0.89775997,0.89820999,0.89682001,0.89789999,0,twelvedata,2025-08-26 17:50:56
4265,AUD/CAD,2025-07-02 15:00:00,0.89788997,0.89797997,0.89679998,0.89750999,0,twelvedata,2025-08-26 17:50:56
4266,AUD/CAD,2025-07-02 16:00:00,0.89753997,0.89780003,0.8962,0.89679998,0,twelvedata,2025-08-26 17:50:56
4267,AUD/CAD,2025-07-02 17:00:00,0.89684999,0.89688998,0.89516997,0.89552999,0,twelvedata,2025-08-26 17:50:56
4268,AUD/CAD,2025-07-02 18:00:00,0.8955,0.89595997,0.89459002,0.89574999,0,twelvedata,2025-08-26 17:50:56
4269,AUD/CAD,2025-07-02 19:00:00,0.89569998,0.89621001,0.89488,0.89582998,0,twelvedata,2025-08-26 17:50:56
4270,AUD/CAD,2025-07-02 20:00:00,0.89582998,0.89622003,0.89498001,0.8955,0,twelvedata,2025-08-26 17:50:56
4271,AUD/CAD,2025-07-02 21:00:00,0.89559001,0.89590001,0.89341998,0.89409,0,twelvedata,2025-08-26 17:50:56
4272,AUD/CAD,2025-07-02 22:00:00,0.89407003,0.89568001,0.89269,0.89394999,0,twelvedata,2025-08-26 17:50:56
4273,AUD/CAD,2025-07-02 23:00:00,0.89398998,0.89486003,0.89256001,0.89371997,0,twelvedata,2025-08-26 17:50:56
4274,AUD/CAD,2025-07-03 00:00:00,0.89376998,0.89493001,0.89240003,0.89477998,0,twelvedata,2025-08-26 17:50:56
4275,AUD/CAD,2025-07-03 01:00:00,0.89480001,0.89595002,0.89389002,0.89481002,0,twelvedata,2025-08-26 17:50:56
4276,AUD/CAD,2025-07-03 02:00:00,0.89477998,0.89529997,0.89350998,0.89424998,0,twelvedata,2025-08-26 17:50:56
4277,AUD/CAD,2025-07-03 03:00:00,0.89427,0.89472002,0.89340001,0.89392,0,twelvedata,2025-08-26 17:50:56
4278,AUD/CAD,2025-07-03 04:00:00,0.89398003,0.89471,0.89328003,0.89467001,0,twelvedata,2025-08-26 17:50:56
4279,AUD/CAD,2025-07-03 05:00:00,0.89468998,0.89535999,0.89399999,0.89503002,0,twelvedata,2025-08-26 17:50:56
4280,AUD/CAD,2025-07-03 06:00:00,0.89502001,0.89521003,0.89375001,0.89412999,0,twelvedata,2025-08-26 17:50:56
4281,AUD/CAD,2025-07-03 07:00:00,0.89421999,0.89458001,0.89323002,0.89442998,0,twelvedata,2025-08-26 17:50:56
4282,AUD/CAD,2025-07-03 08:00:00,0.8944,0.89506,0.89367998,0.89486998,0,twelvedata,2025-08-26 17:50:56
4283,AUD/CAD,2025-07-03 09:00:00,0.89482999,0.89489001,0.89344001,0.89429998,0,twelvedata,2025-08-26 17:50:56
4284,AUD/CAD,2025-07-03 10:00:00,0.89427,0.89450997,0.89240998,0.89362001,0,twelvedata,2025-08-26 17:50:56
4285,AUD/CAD,2025-07-03 11:00:00,0.89362001,0.89372998,0.89208001,0.89319003,0,twelvedata,2025-08-26 17:50:56
4286,AUD/CAD,2025-07-03 12:00:00,0.89319998,0.89319998,0.89143002,0.89284003,0,twelvedata,2025-08-26 17:50:56
4287,AUD/CAD,2025-07-03 13:00:00,0.89288002,0.89324999,0.89160001,0.89265001,0,twelvedata,2025-08-26 17:50:56
4288,AUD/CAD,2025-07-03 14:00:00,0.89266998,0.8933,0.89173001,0.89328998,0,twelvedata,2025-08-26 17:50:56
4289,AUD/CAD,2025-07-03 15:00:00,0.89324999,0.89362001,0.89165002,0.89354998,0,twelvedata,2025-08-26 17:50:56
4290,AUD/CAD,2025-07-03 16:00:00,0.89357001,0.89433002,0.89232999,0.89419001,0,twelvedata,2025-08-26 17:50:56
4291,AUD/CAD,2025-07-03 17:00:00,0.89418,0.89451998,0.89269,0.89407998,0,twelvedata,2025-08-26 17:50:56
4292,AUD/CAD,2025-07-03 18:00:00,0.89403999,0.89455003,0.89297998,0.89375001,0,twelvedata,2025-08-26 17:50:56
4293,AUD/CAD,2025-07-03 19:00:00,0.89371002,0.89406002,0.89253998,0.89361,0,twelvedata,2025-08-26 17:50:56
4294,AUD/CAD,2025-07-03 20:00:00,0.89358002,0.89385998,0.89219999,0.89310998,0,twelvedata,2025-08-26 17:50:56
4295,AUD/CAD,2025-07-03 21:00:00,0.89317,0.89346999,0.89209002,0.89324999,0,twelvedata,2025-08-26 17:50:56
4296,AUD/CAD,2025-07-03 22:00:00,0.89322001,0.89349997,0.88928002,0.89125001,0,twelvedata,2025-08-26 17:50:56
4297,AUD/CAD,2025-07-03 23:00:00,0.89126998,0.89323997,0.88936001,0.89205998,0,twelvedata,2025-08-26 17:50:56
4298,AUD/CAD,2025-07-04 00:00:00,0.89205003,0.89301002,0.89028001,0.89128,0,twelvedata,2025-08-26 17:50:56
4299,AUD/CAD,2025-07-04 01:00:00,0.89130002,0.89183998,0.89016002,0.89121997,0,twelvedata,2025-08-26 17:50:56
4300,AUD/CAD,2025-07-04 02:00:00,0.89126998,0.89151001,0.88990998,0.89107001,0,twelvedata,2025-08-26 17:50:56
4301,AUD/CAD,2025-07-04 03:00:00,0.89104003,0.89135998,0.8901,0.89121997,0,twelvedata,2025-08-26 17:50:56
4302,AUD/CAD,2025-07-04 04:00:00,0.89125001,0.89130002,0.88976002,0.89104003,0,twelvedata,2025-08-26 17:50:56
4303,AUD/CAD,2025-07-04 05:00:00,0.89107001,0.89248002,0.88994002,0.89208001,0,twelvedata,2025-08-26 17:50:56
4304,AUD/CAD,2025-07-04 06:00:00,0.89205998,0.89270997,0.89117998,0.89212,0,twelvedata,2025-08-26 17:50:56
4305,AUD/CAD,2025-07-04 07:00:00,0.89138001,0.89262998,0.89099002,0.89257002,0,twelvedata,2025-08-26 17:50:56
4306,AUD/CAD,2025-07-04 08:00:00,0.89235002,0.89279997,0.89162999,0.89258999,0,twelvedata,2025-08-26 17:50:56
4307,AUD/CAD,2025-07-04 09:00:00,0.8926,0.89295,0.89170003,0.89267999,0,twelvedata,2025-08-26 17:50:56
4308,AUD/CAD,2025-07-04 10:00:00,0.89262998,0.89288998,0.89109999,0.89244002,0,twelvedata,2025-08-26 17:50:56
4309,AUD/CAD,2025-07-04 11:00:00,0.89239001,0.89304,0.89060998,0.89146,0,twelvedata,2025-08-26 17:50:56
4310,AUD/CAD,2025-07-04 12:00:00,0.8915,0.89227003,0.89051998,0.8919,0,twelvedata,2025-08-26 17:50:56
4311,AUD/CAD,2025-07-04 13:00:00,0.89188999,0.89205003,0.89045,0.89191002,0,twelvedata,2025-08-26 17:50:56
4312,AUD/CAD,2025-07-04 14:00:00,0.8919,0.89218998,0.89028001,0.89196002,0,twelvedata,2025-08-26 17:50:56
4313,AUD/CAD,2025-07-04 15:00:00,0.89196002,0.89266002,0.89081001,0.89164001,0,twelvedata,2025-08-26 17:50:56
4314,AUD/CAD,2025-07-04 16:00:00,0.89162999,0.89219999,0.89020997,0.89140999,0,twelvedata,2025-08-26 17:50:56
4315,AUD/CAD,2025-07-04 17:00:00,0.89143997,0.89191997,0.88927001,0.89090002,0,twelvedata,2025-08-26 17:50:56
4316,AUD/CAD,2025-07-04 18:00:00,0.89089,0.89147002,0.89003003,0.89129001,0,twelvedata,2025-08-26 17:50:56
4317,AUD/CAD,2025-07-04 19:00:00,0.89126998,0.89148003,0.88994998,0.89115,0,twelvedata,2025-08-26 17:50:56
4318,AUD/CAD,2025-07-04 20:00:00,0.89112002,0.89177001,0.89014,0.89122999,0,twelvedata,2025-08-26 17:50:56
4319,AUD/CAD,2025-07-04 21:00:00,0.89121002,0.89160001,0.89028001,0.89121002,0,twelvedata,2025-08-26 17:50:56
4320,AUD/CAD,2025-07-04 22:00:00,0.89120001,0.89143002,0.88946998,0.89112002,0,twelvedata,2025-08-26 17:50:56
4321,AUD/CAD,2025-07-04 23:00:00,0.89111,0.89153999,0.88997,0.89116001,0,twelvedata,2025-08-26 17:50:56
4322,AUD/CAD,2025-07-05 00:00:00,0.89117002,0.89140999,0.88982999,0.89126998,0,twelvedata,2025-08-26 17:50:56
4323,AUD/CAD,2025-07-05 01:00:00,0.89126998,0.89139998,0.8901,0.89104998,0,twelvedata,2025-08-26 17:50:56
4324,AUD/CAD,2025-07-05 02:00:00,0.89103001,0.89134997,0.89003003,0.89125001,0,twelvedata,2025-08-26 17:50:56
4325,AUD/CAD,2025-07-05 03:00:00,0.89125001,0.89166999,0.89025998,0.89161003,0,twelvedata,2025-08-26 17:50:56
4326,AUD/CAD,2025-07-05 04:00:00,0.89155,0.89169002,0.89020002,0.89102,0,twelvedata,2025-08-26 17:50:56
4327,AUD/CAD,2025-07-05 05:00:00,0.89100999,0.89130998,0.88997,0.89124,0,twelvedata,2025-08-26 17:50:56
4328,AUD/CAD,2025-07-05 06:00:00,0.89126003,0.89142001,0.88981998,0.89077997,0,twelvedata,2025-08-26 17:50:56
4329,AUD/CAD,2025-07-05 07:00:00,0.89043999,0.89043999,0.89043999,0.89043999,0,twelvedata,2025-08-26 17:50:56
4330,AUD/CAD,2025-07-07 09:00:00,0.89107001,0.89156002,0.88992,0.89095998,0,twelvedata,2025-08-26 17:50:56
4331,AUD/CAD,2025-07-07 10:00:00,0.89087999,0.89105999,0.88857001,0.88985997,0,twelvedata,2025-08-26 17:50:56
4332,AUD/CAD,2025-07-07 11:00:00,0.88984001,0.89003003,0.88766003,0.88865,0,twelvedata,2025-08-26 17:50:56
4333,AUD/CAD,2025-07-07 12:00:00,0.88863999,0.88914001,0.88730001,0.88813001,0,twelvedata,2025-08-26 17:50:56
4334,AUD/CAD,2025-07-07 13:00:00,0.88814998,0.88854998,0.88673002,0.88773,0,twelvedata,2025-08-26 17:50:56
4335,AUD/CAD,2025-07-07 14:00:00,0.88765001,0.88802999,0.88571,0.88673002,0,twelvedata,2025-08-26 17:50:56
4336,AUD/CAD,2025-07-07 15:00:00,0.88673002,0.88762999,0.88573003,0.88758999,0,twelvedata,2025-08-26 17:50:56
4337,AUD/CAD,2025-07-07 16:00:00,0.88752002,0.88814998,0.88609999,0.88802999,0,twelvedata,2025-08-26 17:50:56
4338,AUD/CAD,2025-07-07 17:00:00,0.88801003,0.88915998,0.88717997,0.88880998,0,twelvedata,2025-08-26 17:50:56
4339,AUD/CAD,2025-07-07 18:00:00,0.88880998,0.88907999,0.88703001,0.88805997,0,twelvedata,2025-08-26 17:50:56
4340,AUD/CAD,2025-07-07 19:00:00,0.88806999,0.88840002,0.88652003,0.88835001,0,twelvedata,2025-08-26 17:50:56
4341,AUD/CAD,2025-07-07 20:00:00,0.88832003,0.88837999,0.88660002,0.88766998,0,twelvedata,2025-08-26 17:50:56
4342,AUD/CAD,2025-07-07 21:00:00,0.88764,0.88834,0.88655001,0.88745999,0,twelvedata,2025-08-26 17:50:56
4343,AUD/CAD,2025-07-07 22:00:00,0.88747001,0.88810003,0.88621002,0.88730001,0,twelvedata,2025-08-26 17:50:56
4344,AUD/CAD,2025-07-07 23:00:00,0.88727999,0.88874,0.88585001,0.88840002,0,twelvedata,2025-08-26 17:50:56
4345,AUD/CAD,2025-07-08 00:00:00,0.88840002,0.88897002,0.88703001,0.88863999,0,twelvedata,2025-08-26 17:50:56
4346,AUD/CAD,2025-07-08 01:00:00,0.88859999,0.88911003,0.88757998,0.88845998,0,twelvedata,2025-08-26 17:50:56
4347,AUD/CAD,2025-07-08 02:00:00,0.88844001,0.88894999,0.88642001,0.88731998,0,twelvedata,2025-08-26 17:50:56
4348,AUD/CAD,2025-07-08 03:00:00,0.88731003,0.88813001,0.88647997,0.88793999,0,twelvedata,2025-08-26 17:50:56
4349,AUD/CAD,2025-07-08 04:00:00,0.88789999,0.88846999,0.88635999,0.88788998,0,twelvedata,2025-08-26 17:50:56
4350,AUD/CAD,2025-07-08 05:00:00,0.88792998,0.88845003,0.88683999,0.88813001,0,twelvedata,2025-08-26 17:50:56
4351,AUD/CAD,2025-07-08 06:00:00,0.88812,0.88826001,0.8865,0.88774002,0,twelvedata,2025-08-26 17:50:56
4352,AUD/CAD,2025-07-08 07:00:00,0.88775998,0.88821,0.88679999,0.88775998,0,twelvedata,2025-08-26 17:50:56
4353,AUD/CAD,2025-07-08 08:00:00,0.88775998,0.88848001,0.88704002,0.88834,0,twelvedata,2025-08-26 17:50:56
4354,AUD/CAD,2025-07-08 09:00:00,0.8883,0.88913,0.88730001,0.88893998,0,twelvedata,2025-08-26 17:50:56
4355,AUD/CAD,2025-07-08 10:00:00,0.88901001,0.88994998,0.88819999,0.88928998,0,twelvedata,2025-08-26 17:50:56
4356,AUD/CAD,2025-07-08 11:00:00,0.88928002,0.88981003,0.88805002,0.88891,0,twelvedata,2025-08-26 17:50:56
4357,AUD/CAD,2025-07-08 12:00:00,0.88897997,0.88993001,0.88801003,0.88924003,0,twelvedata,2025-08-26 17:50:56
4358,AUD/CAD,2025-07-08 13:00:00,0.88924003,0.88966,0.88802999,0.88894999,0,twelvedata,2025-08-26 17:50:56
4359,AUD/CAD,2025-07-08 14:00:00,0.88896,0.89429998,0.88789999,0.89279002,0,twelvedata,2025-08-26 17:50:56
4360,AUD/CAD,2025-07-08 15:00:00,0.89282,0.89336002,0.89076,0.89266998,0,twelvedata,2025-08-26 17:50:56
4361,AUD/CAD,2025-07-08 16:00:00,0.89267999,0.89361,0.89104003,0.89174998,0,twelvedata,2025-08-26 17:50:56
4362,AUD/CAD,2025-07-08 17:00:00,0.89174002,0.89270002,0.89086998,0.89231998,0,twelvedata,2025-08-26 17:50:56
4363,AUD/CAD,2025-07-08 18:00:00,0.89238,0.89278001,0.89120001,0.89253998,0,twelvedata,2025-08-26 17:50:56
4364,AUD/CAD,2025-07-08 19:00:00,0.89258999,0.89318001,0.89131999,0.89247,0,twelvedata,2025-08-26 17:50:56
4365,AUD/CAD,2025-07-08 20:00:00,0.89247,0.89309001,0.89143002,0.89293998,0,twelvedata,2025-08-26 17:50:56
4366,AUD/CAD,2025-07-08 21:00:00,0.89292997,0.89349002,0.89196002,0.89308,0,twelvedata,2025-08-26 17:50:56
4367,AUD/CAD,2025-07-08 22:00:00,0.89310998,0.89358002,0.89156002,0.89339,0,twelvedata,2025-08-26 17:50:56
4368,AUD/CAD,2025-07-08 23:00:00,0.89333999,0.89354002,0.89050001,0.89203,0,twelvedata,2025-08-26 17:50:56
4369,AUD/CAD,2025-07-09 00:00:00,0.89204001,0.89204001,0.88986999,0.89166999,0,twelvedata,2025-08-26 17:50:56
4370,AUD/CAD,2025-07-09 01:00:00,0.89162999,0.89275002,0.89077997,0.89181,0,twelvedata,2025-08-26 17:50:56
4371,AUD/CAD,2025-07-09 02:00:00,0.89179999,0.89286,0.8908,0.89262998,0,twelvedata,2025-08-26 17:50:56
4372,AUD/CAD,2025-07-09 03:00:00,0.89263999,0.89388001,0.89170998,0.89363998,0,twelvedata,2025-08-26 17:50:56
4373,AUD/CAD,2025-07-09 04:00:00,0.89362001,0.89371997,0.89194,0.89296001,0,twelvedata,2025-08-26 17:50:56
4374,AUD/CAD,2025-07-09 05:00:00,0.89295,0.89317,0.89178002,0.89288998,0,twelvedata,2025-08-26 17:50:56
4375,AUD/CAD,2025-07-09 06:00:00,0.89289999,0.89295,0.89112002,0.89155,0,twelvedata,2025-08-26 17:50:56
4376,AUD/CAD,2025-07-09 07:00:00,0.89170003,0.89204001,0.89055997,0.89115,0,twelvedata,2025-08-26 17:50:56
4377,AUD/CAD,2025-07-09 08:00:00,0.89115,0.89239001,0.89071,0.89223999,0,twelvedata,2025-08-26 17:50:56
4378,AUD/CAD,2025-07-09 09:00:00,0.89218003,0.89235997,0.89081001,0.89164001,0,twelvedata,2025-08-26 17:50:56
4379,AUD/CAD,2025-07-09 10:00:00,0.89164001,0.89288002,0.89082998,0.89239001,0,twelvedata,2025-08-26 17:50:56
4380,AUD/CAD,2025-07-09 11:00:00,0.89236999,0.89349997,0.89109999,0.89291,0,twelvedata,2025-08-26 17:50:56
4381,AUD/CAD,2025-07-09 12:00:00,0.89295,0.89354998,0.89063001,0.89184999,0,twelvedata,2025-08-26 17:50:56
4382,AUD/CAD,2025-07-09 13:00:00,0.89181,0.89275002,0.89023,0.89270002,0,twelvedata,2025-08-26 17:50:56
4383,AUD/CAD,2025-07-09 14:00:00,0.89266998,0.89450002,0.89177001,0.89397001,0,twelvedata,2025-08-26 17:50:56
4384,AUD/CAD,2025-07-09 15:00:00,0.89396,0.89482999,0.89256001,0.89337999,0,twelvedata,2025-08-26 17:50:56
4385,AUD/CAD,2025-07-09 16:00:00,0.89331001,0.89428002,0.89155,0.89415002,0,twelvedata,2025-08-26 17:50:56
4386,AUD/CAD,2025-07-09 17:00:00,0.89411002,0.89449,0.89175999,0.89314997,0,twelvedata,2025-08-26 17:50:56
4387,AUD/CAD,2025-07-09 18:00:00,0.89313,0.89405,0.89191997,0.89354998,0,twelvedata,2025-08-26 17:50:56
4388,AUD/CAD,2025-07-09 19:00:00,0.89355999,0.89420003,0.89253002,0.89387,0,twelvedata,2025-08-26 17:50:56
4389,AUD/CAD,2025-07-09 20:00:00,0.89388001,0.89411002,0.89217001,0.89323002,0,twelvedata,2025-08-26 17:50:56
4390,AUD/CAD,2025-07-09 21:00:00,0.89319998,0.89367002,0.89229,0.89314002,0,twelvedata,2025-08-26 17:50:56
4391,AUD/CAD,2025-07-09 22:00:00,0.89314997,0.89467001,0.89196998,0.89427,0,twelvedata,2025-08-26 17:50:56
4392,AUD/CAD,2025-07-09 23:00:00,0.89428997,0.89528,0.89297998,0.89472002,0,twelvedata,2025-08-26 17:50:56
4393,AUD/CAD,2025-07-10 00:00:00,0.89472997,0.89576,0.89354998,0.89454001,0,twelvedata,2025-08-26 17:50:56
4394,AUD/CAD,2025-07-10 01:00:00,0.89458001,0.89480001,0.89323997,0.89424002,0,twelvedata,2025-08-26 17:50:56
4395,AUD/CAD,2025-07-10 02:00:00,0.89420003,0.89517999,0.89333999,0.89460999,0,twelvedata,2025-08-26 17:50:56
4396,AUD/CAD,2025-07-10 03:00:00,0.89462,0.89535999,0.89363998,0.89495999,0,twelvedata,2025-08-26 17:50:56
4397,AUD/CAD,2025-07-10 04:00:00,0.89478999,0.89539999,0.89387,0.89515001,0,twelvedata,2025-08-26 17:50:56
4398,AUD/CAD,2025-07-10 05:00:00,0.89515001,0.89561999,0.89423001,0.89508998,0,twelvedata,2025-08-26 17:50:56
4399,AUD/CAD,2025-07-10 06:00:00,0.89504999,0.89521998,0.89352,0.89410001,0,twelvedata,2025-08-26 17:50:56
4400,AUD/CAD,2025-07-10 07:00:00,0.89394999,0.89428002,0.89244998,0.89394999,0,twelvedata,2025-08-26 17:50:56
4401,AUD/CAD,2025-07-10 08:00:00,0.89403999,0.89468002,0.89357001,0.89451998,0,twelvedata,2025-08-26 17:50:56
4402,AUD/CAD,2025-07-10 09:00:00,0.89437997,0.89463001,0.89348,0.89432001,0,twelvedata,2025-08-26 17:50:56
4403,AUD/CAD,2025-07-10 10:00:00,0.89433998,0.89537001,0.89348,0.89486998,0,twelvedata,2025-08-26 17:50:56
4404,AUD/CAD,2025-07-10 11:00:00,0.89481002,0.89534998,0.8937,0.89493001,0,twelvedata,2025-08-26 17:50:56
4405,AUD/CAD,2025-07-10 12:00:00,0.89493001,0.89596999,0.89420998,0.89591002,0,twelvedata,2025-08-26 17:50:56
4406,AUD/CAD,2025-07-10 13:00:00,0.89583999,0.89603001,0.89459002,0.89516997,0,twelvedata,2025-08-26 17:50:56
4407,AUD/CAD,2025-07-10 14:00:00,0.89516002,0.89543003,0.89398003,0.89529997,0,twelvedata,2025-08-26 17:50:56
4408,AUD/CAD,2025-07-10 15:00:00,0.89523,0.89608997,0.89438999,0.89602,0,twelvedata,2025-08-26 17:50:56
4409,AUD/CAD,2025-07-10 16:00:00,0.89596999,0.89631999,0.89477998,0.89594001,0,twelvedata,2025-08-26 17:50:56
4410,AUD/CAD,2025-07-10 17:00:00,0.89587998,0.89664,0.89484,0.89600003,0,twelvedata,2025-08-26 17:50:56
4411,AUD/CAD,2025-07-10 18:00:00,0.89604998,0.89665997,0.89513999,0.89660001,0,twelvedata,2025-08-26 17:50:56
4412,AUD/CAD,2025-07-10 19:00:00,0.89657998,0.89737999,0.89585,0.89710999,0,twelvedata,2025-08-26 17:50:56
4413,AUD/CAD,2025-07-10 20:00:00,0.89710999,0.89771003,0.89624,0.89740998,0,twelvedata,2025-08-26 17:50:56
4414,AUD/CAD,2025-07-10 21:00:00,0.89739001,0.89758003,0.89560997,0.89658999,0,twelvedata,2025-08-26 17:50:56
4415,AUD/CAD,2025-07-10 22:00:00,0.89656001,0.89693999,0.89528,0.89678001,0,twelvedata,2025-08-26 17:50:56
4416,AUD/CAD,2025-07-10 23:00:00,0.89678001,0.89727998,0.89560997,0.89634001,0,twelvedata,2025-08-26 17:50:56
4417,AUD/CAD,2025-07-11 00:00:00,0.89634001,0.89775002,0.89559001,0.89766997,0,twelvedata,2025-08-26 17:50:56
4418,AUD/CAD,2025-07-11 01:00:00,0.89766997,0.89911997,0.89687002,0.89890999,0,twelvedata,2025-08-26 17:50:56
4419,AUD/CAD,2025-07-11 02:00:00,0.89885002,0.89938998,0.89801002,0.89924002,0,twelvedata,2025-08-26 17:50:56
4420,AUD/CAD,2025-07-11 03:00:00,0.89924002,0.89952999,0.89827001,0.89916998,0,twelvedata,2025-08-26 17:50:56
4421,AUD/CAD,2025-07-11 04:00:00,0.89918,0.90008003,0.89839,0.89995003,0,twelvedata,2025-08-26 17:50:56
4422,AUD/CAD,2025-07-11 05:00:00,0.89995003,0.90052003,0.89903003,0.90019,0,twelvedata,2025-08-26 17:50:56
4423,AUD/CAD,2025-07-11 06:00:00,0.90019,0.90038002,0.89875001,0.89905,0,twelvedata,2025-08-26 17:50:56
4424,AUD/CAD,2025-07-11 07:00:00,0.89920002,0.89954001,0.89643002,0.89903003,0,twelvedata,2025-08-26 17:50:56
4425,AUD/CAD,2025-07-11 08:00:00,0.89903003,0.90035999,0.89840001,0.90003997,0,twelvedata,2025-08-26 17:50:56
4426,AUD/CAD,2025-07-11 09:00:00,0.90008998,0.90046,0.89915001,0.90024,0,twelvedata,2025-08-26 17:50:56
4427,AUD/CAD,2025-07-11 10:00:00,0.90025002,0.90122002,0.89762998,0.89905,0,twelvedata,2025-08-26 17:50:56
4428,AUD/CAD,2025-07-11 11:00:00,0.89902002,0.90217,0.89802998,0.90147001,0,twelvedata,2025-08-26 17:50:56
4429,AUD/CAD,2025-07-11 12:00:00,0.90147001,0.90218002,0.90025002,0.90114999,0,twelvedata,2025-08-26 17:50:56
4430,AUD/CAD,2025-07-11 13:00:00,0.90117002,0.90209001,0.90017998,0.90154999,0,twelvedata,2025-08-26 17:50:56
4431,AUD/CAD,2025-07-11 14:00:00,0.90154999,0.9016,0.89938998,0.90059,0,twelvedata,2025-08-26 17:50:56
4432,AUD/CAD,2025-07-11 15:00:00,0.90056998,0.90145999,0.89984,0.90103,0,twelvedata,2025-08-26 17:50:56
4433,AUD/CAD,2025-07-11 16:00:00,0.90104002,0.90205002,0.89998001,0.90188998,0,twelvedata,2025-08-26 17:50:56
4434,AUD/CAD,2025-07-11 17:00:00,0.90188998,0.90217,0.90043998,0.90152001,0,twelvedata,2025-08-26 17:50:56
4435,AUD/CAD,2025-07-11 18:00:00,0.90149999,0.90158999,0.89942998,0.90042001,0,twelvedata,2025-08-26 17:50:56
4436,AUD/CAD,2025-07-11 19:00:00,0.90039003,0.90121001,0.89951998,0.90096003,0,twelvedata,2025-08-26 17:50:56
4437,AUD/CAD,2025-07-11 20:00:00,0.90094,0.90200001,0.89990002,0.90177,0,twelvedata,2025-08-26 17:50:56
4438,AUD/CAD,2025-07-11 21:00:00,0.90171999,0.90214998,0.90030998,0.90104002,0,twelvedata,2025-08-26 17:50:56
4439,AUD/CAD,2025-07-11 22:00:00,0.90101999,0.90127999,0.89809,0.89986002,0,twelvedata,2025-08-26 17:50:56
4440,AUD/CAD,2025-07-11 23:00:00,0.89987999,0.90126997,0.89892,0.90056002,0,twelvedata,2025-08-26 17:50:56
4441,AUD/CAD,2025-07-12 00:00:00,0.90053999,0.90144998,0.89898002,0.90031999,0,twelvedata,2025-08-26 17:50:56
4442,AUD/CAD,2025-07-12 01:00:00,0.90030003,0.90069002,0.89877999,0.89956999,0,twelvedata,2025-08-26 17:50:56
4443,AUD/CAD,2025-07-12 02:00:00,0.89955002,0.90017003,0.89855999,0.89997,0,twelvedata,2025-08-26 17:50:56
4444,AUD/CAD,2025-07-12 03:00:00,0.89997,0.90034997,0.89903003,0.89982998,0,twelvedata,2025-08-26 17:50:56
4445,AUD/CAD,2025-07-12 04:00:00,0.89989001,0.90009999,0.89881998,0.89976001,0,twelvedata,2025-08-26 17:50:56
4446,AUD/CAD,2025-07-12 05:00:00,0.89977998,0.90043002,0.89845997,0.89990002,0,twelvedata,2025-08-26 17:50:56
4447,AUD/CAD,2025-07-12 06:00:00,0.89994001,0.90042001,0.89863002,0.89962,0,twelvedata,2025-08-26 17:50:56
4448,AUD/CAD,2025-07-12 07:00:00,0.89942998,0.89982998,0.89942998,0.89982998,0,twelvedata,2025-08-26 17:50:56
4449,AUD/CAD,2025-07-14 09:00:00,0.89936,0.90015,0.89850003,0.89987999,0,twelvedata,2025-08-26 17:50:56
4450,AUD/CAD,2025-07-14 10:00:00,0.89985001,0.90114999,0.89907998,0.90044999,0,twelvedata,2025-08-26 17:50:56
4451,AUD/CAD,2025-07-14 11:00:00,0.90041,0.90066999,0.89731002,0.89886999,0,twelvedata,2025-08-26 17:50:56
4452,AUD/CAD,2025-07-14 12:00:00,0.89881998,0.89920002,0.89761001,0.89895999,0,twelvedata,2025-08-26 17:50:56
4453,AUD/CAD,2025-07-14 13:00:00,0.89889002,0.89962,0.89783001,0.89933002,0,twelvedata,2025-08-26 17:50:56
4454,AUD/CAD,2025-07-14 14:00:00,0.89930999,0.89930999,0.89791,0.89873999,0,twelvedata,2025-08-26 17:50:56
4455,AUD/CAD,2025-07-14 15:00:00,0.89872998,0.89946002,0.89762002,0.89855999,0,twelvedata,2025-08-26 17:50:56
4456,AUD/CAD,2025-07-14 16:00:00,0.89859998,0.89883,0.89727998,0.89827001,0,twelvedata,2025-08-26 17:50:56
4457,AUD/CAD,2025-07-14 17:00:00,0.89823002,0.89920998,0.89674997,0.89894003,0,twelvedata,2025-08-26 17:50:56
4458,AUD/CAD,2025-07-14 18:00:00,0.89888,0.89924002,0.89753997,0.89835,0,twelvedata,2025-08-26 17:50:56
4459,AUD/CAD,2025-07-14 19:00:00,0.89831001,0.89863002,0.89709002,0.89849001,0,twelvedata,2025-08-26 17:50:56
4460,AUD/CAD,2025-07-14 20:00:00,0.89841998,0.89875001,0.89691001,0.89801002,0,twelvedata,2025-08-26 17:50:56
4461,AUD/CAD,2025-07-14 21:00:00,0.89798999,0.89832002,0.89683998,0.89784002,0,twelvedata,2025-08-26 17:50:56
4462,AUD/CAD,2025-07-14 22:00:00,0.89780003,0.89810002,0.89647001,0.89766002,0,twelvedata,2025-08-26 17:50:56
4463,AUD/CAD,2025-07-14 23:00:00,0.89767998,0.89851999,0.89670998,0.89829999,0,twelvedata,2025-08-26 17:50:56
4464,AUD/CAD,2025-07-15 00:00:00,0.89832997,0.89837998,0.89600998,0.89681,0,twelvedata,2025-08-26 17:50:56
4465,AUD/CAD,2025-07-15 01:00:00,0.89677,0.89772999,0.89583999,0.89678001,0,twelvedata,2025-08-26 17:50:56
4466,AUD/CAD,2025-07-15 02:00:00,0.89677,0.89683998,0.89551002,0.89649999,0,twelvedata,2025-08-26 17:50:56
4467,AUD/CAD,2025-07-15 03:00:00,0.89649999,0.89741999,0.89556998,0.89710999,0,twelvedata,2025-08-26 17:50:56
4468,AUD/CAD,2025-07-15 04:00:00,0.89712,0.8973,0.89598,0.89699,0,twelvedata,2025-08-26 17:50:56
4469,AUD/CAD,2025-07-15 05:00:00,0.89697999,0.89721,0.89565998,0.89671999,0,twelvedata,2025-08-26 17:50:56
4470,AUD/CAD,2025-07-15 06:00:00,0.89673001,0.89700001,0.89556003,0.89665997,0,twelvedata,2025-08-26 17:50:56
4471,AUD/CAD,2025-07-15 07:00:00,0.89636999,0.89717001,0.89557999,0.89655,0,twelvedata,2025-08-26 17:50:56
4472,AUD/CAD,2025-07-15 08:00:00,0.89679998,0.89718997,0.89573997,0.89681,0,twelvedata,2025-08-26 17:50:56
4473,AUD/CAD,2025-07-15 09:00:00,0.89669001,0.89692998,0.89552999,0.89675999,0,twelvedata,2025-08-26 17:50:56
4474,AUD/CAD,2025-07-15 10:00:00,0.89677,0.89762002,0.89595997,0.89712,0,twelvedata,2025-08-26 17:50:56
4475,AUD/CAD,2025-07-15 11:00:00,0.89709002,0.8976,0.89525002,0.89721,0,twelvedata,2025-08-26 17:50:56
4476,AUD/CAD,2025-07-15 12:00:00,0.89715999,0.89731997,0.89551997,0.89638001,0,twelvedata,2025-08-26 17:50:56
4477,AUD/CAD,2025-07-15 13:00:00,0.89635003,0.89691001,0.89517999,0.89668,0,twelvedata,2025-08-26 17:50:56
4478,AUD/CAD,2025-07-15 14:00:00,0.89664,0.89683002,0.89516997,0.89634001,0,twelvedata,2025-08-26 17:50:56
4479,AUD/CAD,2025-07-15 15:00:00,0.89639002,0.89756,0.89521003,0.89737999,0,twelvedata,2025-08-26 17:50:56
4480,AUD/CAD,2025-07-15 16:00:00,0.89732999,0.89772999,0.89617997,0.89748001,0,twelvedata,2025-08-26 17:50:56
4481,AUD/CAD,2025-07-15 17:00:00,0.89743,0.89897001,0.89629,0.89881998,0,twelvedata,2025-08-26 17:50:56
4482,AUD/CAD,2025-07-15 18:00:00,0.89880002,0.89933997,0.89708,0.89844,0,twelvedata,2025-08-26 17:50:56
4483,AUD/CAD,2025-07-15 19:00:00,0.89841002,0.89934999,0.89737999,0.89872003,0,twelvedata,2025-08-26 17:50:56
4484,AUD/CAD,2025-07-15 20:00:00,0.89871001,0.89903003,0.89771998,0.89864999,0,twelvedata,2025-08-26 17:50:56
4485,AUD/CAD,2025-07-15 21:00:00,0.89861,0.89881003,0.89704001,0.898,0,twelvedata,2025-08-26 17:50:56
4486,AUD/CAD,2025-07-15 22:00:00,0.89796001,0.89946997,0.89709002,0.89851999,0,twelvedata,2025-08-26 17:50:56
4487,AUD/CAD,2025-07-15 23:00:00,0.89851999,0.89872998,0.89521998,0.89617997,0,twelvedata,2025-08-26 17:50:56
4488,AUD/CAD,2025-07-16 00:00:00,0.89613003,0.89621001,0.89332998,0.89428002,0,twelvedata,2025-08-26 17:50:56
4489,AUD/CAD,2025-07-16 01:00:00,0.89433998,0.89446002,0.89258999,0.89397001,0,twelvedata,2025-08-26 17:50:56
4490,AUD/CAD,2025-07-16 02:00:00,0.89402002,0.89423001,0.89227998,0.8933,0,twelvedata,2025-08-26 17:50:56
4491,AUD/CAD,2025-07-16 03:00:00,0.89324999,0.89374,0.89235997,0.89348,0,twelvedata,2025-08-26 17:50:56
4492,AUD/CAD,2025-07-16 04:00:00,0.89345998,0.89424002,0.89253002,0.89375001,0,twelvedata,2025-08-26 17:50:56
4493,AUD/CAD,2025-07-16 05:00:00,0.89371002,0.89407998,0.89256001,0.89381999,0,twelvedata,2025-08-26 17:50:56
4494,AUD/CAD,2025-07-16 06:00:00,0.89379001,0.89389998,0.89265001,0.89349997,0,twelvedata,2025-08-26 17:50:56
4495,AUD/CAD,2025-07-16 07:00:00,0.89390999,0.89390999,0.89231002,0.89320999,0,twelvedata,2025-08-26 17:50:56
4496,AUD/CAD,2025-07-16 08:00:00,0.89320999,0.89374,0.89244002,0.89342999,0,twelvedata,2025-08-26 17:50:56
4497,AUD/CAD,2025-07-16 09:00:00,0.89345002,0.89453,0.89265001,0.89398998,0,twelvedata,2025-08-26 17:50:56
4498,AUD/CAD,2025-07-16 10:00:00,0.89401001,0.89569998,0.89293998,0.89490002,0,twelvedata,2025-08-26 17:50:56
4499,AUD/CAD,2025-07-16 11:00:00,0.89486003,0.89551002,0.89393002,0.89523,0,twelvedata,2025-08-26 17:50:56
4500,AUD/CAD,2025-07-16 12:00:00,0.89521998,0.89524001,0.89344001,0.89475,0,twelvedata,2025-08-26 17:50:56
4501,AUD/CAD,2025-07-16 13:00:00,0.89467001,0.89534003,0.89383,0.89486998,0,twelvedata,2025-08-26 17:50:56
4502,AUD/CAD,2025-07-16 14:00:00,0.89485002,0.89515001,0.89367998,0.89498001,0,twelvedata,2025-08-26 17:50:56
4503,AUD/CAD,2025-07-16 15:00:00,0.89495999,0.89512998,0.89363003,0.89464998,0,twelvedata,2025-08-26 17:50:56
4504,AUD/CAD,2025-07-16 16:00:00,0.89466,0.89521003,0.89358997,0.89471,0,twelvedata,2025-08-26 17:50:56
4505,AUD/CAD,2025-07-16 17:00:00,0.89472002,0.89494002,0.89348,0.89490002,0,twelvedata,2025-08-26 17:50:56
4506,AUD/CAD,2025-07-16 18:00:00,0.89488,0.89517999,0.89371002,0.89468002,0,twelvedata,2025-08-26 17:50:56
4507,AUD/CAD,2025-07-16 19:00:00,0.89464998,0.89497,0.89335001,0.89495999,0,twelvedata,2025-08-26 17:50:56
4508,AUD/CAD,2025-07-16 20:00:00,0.89497,0.8951,0.89365,0.89484,0,twelvedata,2025-08-26 17:50:56
4509,AUD/CAD,2025-07-16 21:00:00,0.89480001,0.89516997,0.89363998,0.89494997,0,twelvedata,2025-08-26 17:50:56
4510,AUD/CAD,2025-07-16 22:00:00,0.89495999,0.89552999,0.89349997,0.89456999,0,twelvedata,2025-08-26 17:50:56
4511,AUD/CAD,2025-07-16 23:00:00,0.89454001,0.89494002,0.89239001,0.89346999,0,twelvedata,2025-08-26 17:50:56
4512,AUD/CAD,2025-07-17 00:00:00,0.89348,0.89495999,0.89239001,0.89405,0,twelvedata,2025-08-26 17:50:56
4513,AUD/CAD,2025-07-17 01:00:00,0.89398003,0.89661998,0.89295,0.89376003,0,twelvedata,2025-08-26 17:50:56
4514,AUD/CAD,2025-07-17 02:00:00,0.89375001,0.89427,0.89222997,0.89317,0,twelvedata,2025-08-26 17:50:56
4515,AUD/CAD,2025-07-17 03:00:00,0.89319003,0.89472002,0.89247,0.89385003,0,twelvedata,2025-08-26 17:50:56
4516,AUD/CAD,2025-07-17 04:00:00,0.89380997,0.89398003,0.89232999,0.89324999,0,twelvedata,2025-08-26 17:50:56
4517,AUD/CAD,2025-07-17 05:00:00,0.89323997,0.89341003,0.89209998,0.89304,0,twelvedata,2025-08-26 17:50:56
4518,AUD/CAD,2025-07-17 06:00:00,0.89302999,0.89348,0.89207,0.89284003,0,twelvedata,2025-08-26 17:50:56
4519,AUD/CAD,2025-07-17 07:00:00,0.89286,0.89499003,0.89213002,0.89288002,0,twelvedata,2025-08-26 17:50:56
4520,AUD/CAD,2025-07-17 08:00:00,0.89313,0.89328003,0.89208001,0.89286,0,twelvedata,2025-08-26 17:50:56
4521,AUD/CAD,2025-07-17 09:00:00,0.89280999,0.89319998,0.89183003,0.89275998,0,twelvedata,2025-08-26 17:50:56
4522,AUD/CAD,2025-07-17 10:00:00,0.89275998,0.89287001,0.89116001,0.89227998,0,twelvedata,2025-08-26 17:50:56
4523,AUD/CAD,2025-07-17 11:00:00,0.89221001,0.89314997,0.88901001,0.89020997,0,twelvedata,2025-08-26 17:50:56
4524,AUD/CAD,2025-07-17 12:00:00,0.89025998,0.89028001,0.88740999,0.88849002,0,twelvedata,2025-08-26 17:50:56
4525,AUD/CAD,2025-07-17 13:00:00,0.88848001,0.8897,0.88721001,0.88959002,0,twelvedata,2025-08-26 17:50:56
4526,AUD/CAD,2025-07-17 14:00:00,0.88954997,0.89017999,0.88836002,0.88997,0,twelvedata,2025-08-26 17:50:56
4527,AUD/CAD,2025-07-17 15:00:00,0.88998002,0.89046001,0.88906002,0.88979,0,twelvedata,2025-08-26 17:50:56
4528,AUD/CAD,2025-07-17 16:00:00,0.8897,0.88989002,0.88700998,0.88804001,0,twelvedata,2025-08-26 17:50:56
4529,AUD/CAD,2025-07-17 17:00:00,0.88801998,0.88835001,0.88683999,0.88828999,0,twelvedata,2025-08-26 17:50:56
4530,AUD/CAD,2025-07-17 18:00:00,0.8883,0.88942999,0.88742,0.88935,0,twelvedata,2025-08-26 17:50:56
4531,AUD/CAD,2025-07-17 19:00:00,0.88932002,0.88972002,0.88789999,0.88885999,0,twelvedata,2025-08-26 17:50:56
4532,AUD/CAD,2025-07-17 20:00:00,0.88887,0.88990003,0.88801003,0.88977998,0,twelvedata,2025-08-26 17:50:56
4533,AUD/CAD,2025-07-17 21:00:00,0.88976997,0.88988,0.88774002,0.88862997,0,twelvedata,2025-08-26 17:50:56
4534,AUD/CAD,2025-07-17 22:00:00,0.88866001,0.89029998,0.88787001,0.88993001,0,twelvedata,2025-08-26 17:50:56
4535,AUD/CAD,2025-07-17 23:00:00,0.88992,0.89026999,0.88849998,0.88995999,0,twelvedata,2025-08-26 17:50:56
4536,AUD/CAD,2025-07-18 00:00:00,0.88998997,0.89094001,0.88906002,0.89089,0,twelvedata,2025-08-26 17:50:56
4537,AUD/CAD,2025-07-18 01:00:00,0.89086002,0.89178002,0.88989002,0.89126003,0,twelvedata,2025-08-26 17:50:56
4538,AUD/CAD,2025-07-18 02:00:00,0.89133,0.89191002,0.89037001,0.89128,0,twelvedata,2025-08-26 17:50:56
4539,AUD/CAD,2025-07-18 03:00:00,0.89130998,0.89183998,0.89042997,0.89157999,0,twelvedata,2025-08-26 17:50:56
4540,AUD/CAD,2025-07-18 04:00:00,0.89160001,0.89207,0.89078999,0.89177001,0,twelvedata,2025-08-26 17:50:56
4541,AUD/CAD,2025-07-18 05:00:00,0.89172,0.89226002,0.89108998,0.89200997,0,twelvedata,2025-08-26 17:50:56
4542,AUD/CAD,2025-07-18 06:00:00,0.89194,0.89217001,0.89096999,0.89178997,0,twelvedata,2025-08-26 17:50:56
4543,AUD/CAD,2025-07-18 07:00:00,0.89087999,0.89199001,0.89016998,0.89156002,0,twelvedata,2025-08-26 17:50:56
4544,AUD/CAD,2025-07-18 08:00:00,0.89152998,0.89271998,0.89122999,0.89241999,0,twelvedata,2025-08-26 17:50:56
4545,AUD/CAD,2025-07-18 09:00:00,0.89253998,0.89273,0.89159,0.89241999,0,twelvedata,2025-08-26 17:50:56
4546,AUD/CAD,2025-07-18 10:00:00,0.89244998,0.89371997,0.89152998,0.89354002,0,twelvedata,2025-08-26 17:50:56
4547,AUD/CAD,2025-07-18 11:00:00,0.89350998,0.89393002,0.89257002,0.89331001,0,twelvedata,2025-08-26 17:50:56
4548,AUD/CAD,2025-07-18 12:00:00,0.89333999,0.89424998,0.89235997,0.89414001,0,twelvedata,2025-08-26 17:50:56
4549,AUD/CAD,2025-07-18 13:00:00,0.89412999,0.89437002,0.89244998,0.89341003,0,twelvedata,2025-08-26 17:50:56
4550,AUD/CAD,2025-07-18 14:00:00,0.89336002,0.89342999,0.89194,0.89284998,0,twelvedata,2025-08-26 17:50:56
4551,AUD/CAD,2025-07-18 15:00:00,0.89283001,0.89328003,0.89192998,0.89314997,0,twelvedata,2025-08-26 17:50:56
4552,AUD/CAD,2025-07-18 16:00:00,0.89308,0.89407003,0.89205998,0.89398998,0,twelvedata,2025-08-26 17:50:56
4553,AUD/CAD,2025-07-18 17:00:00,0.89398998,0.89424998,0.89266998,0.89419001,0,twelvedata,2025-08-26 17:50:56
4554,AUD/CAD,2025-07-18 18:00:00,0.89416999,0.89499003,0.89345998,0.89459997,0,twelvedata,2025-08-26 17:50:56
4555,AUD/CAD,2025-07-18 19:00:00,0.89459997,0.89503002,0.89355999,0.89481002,0,twelvedata,2025-08-26 17:50:56
4556,AUD/CAD,2025-07-18 20:00:00,0.89477998,0.89507997,0.89366001,0.89473999,0,twelvedata,2025-08-26 17:50:56
4557,AUD/CAD,2025-07-18 21:00:00,0.89472002,0.89519,0.89371997,0.89494002,0,twelvedata,2025-08-26 17:50:56
4558,AUD/CAD,2025-07-18 22:00:00,0.89493001,0.89555001,0.89379001,0.89503998,0,twelvedata,2025-08-26 17:50:56
4559,AUD/CAD,2025-07-18 23:00:00,0.89503002,0.89573997,0.89393997,0.89561999,0,twelvedata,2025-08-26 17:50:56
4560,AUD/CAD,2025-07-19 00:00:00,0.89556003,0.89617002,0.89414001,0.89481002,0,twelvedata,2025-08-26 17:50:56
4561,AUD/CAD,2025-07-19 01:00:00,0.89482999,0.89559001,0.89385003,0.89476001,0,twelvedata,2025-08-26 17:50:56
4562,AUD/CAD,2025-07-19 02:00:00,0.89472997,0.89516997,0.89296001,0.89374,0,twelvedata,2025-08-26 17:50:56
4563,AUD/CAD,2025-07-19 03:00:00,0.89376003,0.89411002,0.89223999,0.89337999,0,twelvedata,2025-08-26 17:50:56
4564,AUD/CAD,2025-07-19 04:00:00,0.89337999,0.89349002,0.89187998,0.89297003,0,twelvedata,2025-08-26 17:50:56
4565,AUD/CAD,2025-07-19 05:00:00,0.89297998,0.89326,0.89194,0.89308,0,twelvedata,2025-08-26 17:50:56
4566,AUD/CAD,2025-07-19 06:00:00,0.89305001,0.89340001,0.89209002,0.89269,0,twelvedata,2025-08-26 17:50:56
4567,AUD/CAD,2025-07-19 07:00:00,0.89240003,0.89240003,0.89240003,0.89240003,0,twelvedata,2025-08-26 17:50:56
4568,AUD/CAD,2025-07-21 09:00:00,0.89300001,0.8937,0.89209002,0.89358997,0,twelvedata,2025-08-26 17:50:56
4569,AUD/CAD,2025-07-21 10:00:00,0.89358997,0.89388001,0.89187998,0.89308,0,twelvedata,2025-08-26 17:50:56
4570,AUD/CAD,2025-07-21 11:00:00,0.89306003,0.89380002,0.89172,0.89292997,0,twelvedata,2025-08-26 17:50:56
4571,AUD/CAD,2025-07-21 12:00:00,0.89293998,0.89315999,0.89157999,0.89282,0,twelvedata,2025-08-26 17:50:56
4572,AUD/CAD,2025-07-21 13:00:00,0.89280999,0.89315999,0.89183003,0.89295,0,twelvedata,2025-08-26 17:50:56
4573,AUD/CAD,2025-07-21 14:00:00,0.89292002,0.89336997,0.89197999,0.89314002,0,twelvedata,2025-08-26 17:50:56
4574,AUD/CAD,2025-07-21 15:00:00,0.89311999,0.89357001,0.89207,0.89336997,0,twelvedata,2025-08-26 17:50:56
4575,AUD/CAD,2025-07-21 16:00:00,0.89332998,0.89419001,0.89243001,0.89383,0,twelvedata,2025-08-26 17:50:56
4576,AUD/CAD,2025-07-21 17:00:00,0.89384001,0.89414001,0.89231998,0.89333999,0,twelvedata,2025-08-26 17:50:56
4577,AUD/CAD,2025-07-21 18:00:00,0.89332002,0.89420998,0.89231998,0.89411998,0,twelvedata,2025-08-26 17:50:56
4578,AUD/CAD,2025-07-21 19:00:00,0.89407003,0.89424998,0.89271998,0.89363003,0,twelvedata,2025-08-26 17:50:56
4579,AUD/CAD,2025-07-21 20:00:00,0.89359999,0.89389002,0.89240998,0.89348,0,twelvedata,2025-08-26 17:50:56
4580,AUD/CAD,2025-07-21 21:00:00,0.89348,0.89411002,0.89238,0.89396,0,twelvedata,2025-08-26 17:50:56
4581,AUD/CAD,2025-07-21 22:00:00,0.89398998,0.89420998,0.89262003,0.89341998,0,twelvedata,2025-08-26 17:50:56
4582,AUD/CAD,2025-07-21 23:00:00,0.89342999,0.89402002,0.89205003,0.89366001,0,twelvedata,2025-08-26 17:50:56
4583,AUD/CAD,2025-07-22 00:00:00,0.89367998,0.89442998,0.89278001,0.89377999,0,twelvedata,2025-08-26 17:50:56
4584,AUD/CAD,2025-07-22 01:00:00,0.89376003,0.89431,0.89265001,0.89377999,0,twelvedata,2025-08-26 17:50:56
4585,AUD/CAD,2025-07-22 02:00:00,0.89376003,0.89405,0.89270002,0.89384001,0,twelvedata,2025-08-26 17:50:56
4586,AUD/CAD,2025-07-22 03:00:00,0.89380002,0.89389998,0.89232999,0.89341003,0,twelvedata,2025-08-26 17:50:56
4587,AUD/CAD,2025-07-22 04:00:00,0.89340001,0.89346999,0.89200997,0.89310002,0,twelvedata,2025-08-26 17:50:56
4588,AUD/CAD,2025-07-22 05:00:00,0.89308,0.89328998,0.89166999,0.89256001,0,twelvedata,2025-08-26 17:50:56
4589,AUD/CAD,2025-07-22 06:00:00,0.89252001,0.89278001,0.89144999,0.89240998,0,twelvedata,2025-08-26 17:50:56
4590,AUD/CAD,2025-07-22 07:00:00,0.89301002,0.89301002,0.89128,0.89217001,0,twelvedata,2025-08-26 17:50:56
4591,AUD/CAD,2025-07-22 08:00:00,0.89214998,0.89253002,0.89133,0.89227998,0,twelvedata,2025-08-26 17:50:56
4592,AUD/CAD,2025-07-22 09:00:00,0.89227998,0.89304,0.89134997,0.89258999,0,twelvedata,2025-08-26 17:50:56
4593,AUD/CAD,2025-07-22 10:00:00,0.89257002,0.89286,0.89108002,0.89203,0,twelvedata,2025-08-26 17:50:56
4594,AUD/CAD,2025-07-22 11:00:00,0.89200997,0.89249003,0.89086998,0.89204001,0,twelvedata,2025-08-26 17:50:56
4595,AUD/CAD,2025-07-22 12:00:00,0.89196998,0.89291,0.89126998,0.89279002,0,twelvedata,2025-08-26 17:50:56
4596,AUD/CAD,2025-07-22 13:00:00,0.89284003,0.89286,0.89126003,0.89232999,0,twelvedata,2025-08-26 17:50:56
4597,AUD/CAD,2025-07-22 14:00:00,0.89234,0.89266998,0.89109999,0.89201999,0,twelvedata,2025-08-26 17:50:56
4598,AUD/CAD,2025-07-22 15:00:00,0.89200997,0.89221001,0.89071,0.89177001,0,twelvedata,2025-08-26 17:50:56
4599,AUD/CAD,2025-07-22 16:00:00,0.89177001,0.89219999,0.89046001,0.89148003,0,twelvedata,2025-08-26 17:50:56
4600,AUD/CAD,2025-07-22 17:00:00,0.89148998,0.89186001,0.88963002,0.89055997,0,twelvedata,2025-08-26 17:50:56
4601,AUD/CAD,2025-07-22 18:00:00,0.89051998,0.89120001,0.88955998,0.89065999,0,twelvedata,2025-08-26 17:50:56
4602,AUD/CAD,2025-07-22 19:00:00,0.89069003,0.89152998,0.88989002,0.89142001,0,twelvedata,2025-08-26 17:50:56
4603,AUD/CAD,2025-07-22 20:00:00,0.89144999,0.89159,0.88981003,0.89069003,0,twelvedata,2025-08-26 17:50:56
4604,AUD/CAD,2025-07-22 21:00:00,0.89067,0.89157999,0.88972998,0.89134002,0,twelvedata,2025-08-26 17:50:56
4605,AUD/CAD,2025-07-22 22:00:00,0.89129001,0.89279997,0.89024001,0.89267999,0,twelvedata,2025-08-26 17:50:56
4606,AUD/CAD,2025-07-22 23:00:00,0.89266998,0.89365,0.89164001,0.89240003,0,twelvedata,2025-08-26 17:50:56
4607,AUD/CAD,2025-07-23 00:00:00,0.89244002,0.89284998,0.89087999,0.89265001,0,twelvedata,2025-08-26 17:50:56
4608,AUD/CAD,2025-07-23 01:00:00,0.89267999,0.89286,0.89122999,0.89244998,0,twelvedata,2025-08-26 17:50:56
4609,AUD/CAD,2025-07-23 02:00:00,0.89245999,0.8926,0.89090002,0.89200002,0,twelvedata,2025-08-26 17:50:56
4610,AUD/CAD,2025-07-23 03:00:00,0.89197999,0.89219999,0.89063001,0.89169002,0,twelvedata,2025-08-26 17:50:56
4611,AUD/CAD,2025-07-23 04:00:00,0.89165998,0.89172,0.89025998,0.89137,0,twelvedata,2025-08-26 17:50:56
4612,AUD/CAD,2025-07-23 05:00:00,0.89135998,0.8919,0.89045,0.89138001,0,twelvedata,2025-08-26 17:50:56
4613,AUD/CAD,2025-07-23 06:00:00,0.89139998,0.89191997,0.89042002,0.89129001,0,twelvedata,2025-08-26 17:50:56
4614,AUD/CAD,2025-07-23 07:00:00,0.89130002,0.89177001,0.89019001,0.89096999,0,twelvedata,2025-08-26 17:50:56
4615,AUD/CAD,2025-07-23 08:00:00,0.89117002,0.89165002,0.89017999,0.89117002,0,twelvedata,2025-08-26 17:50:56
4616,AUD/CAD,2025-07-23 09:00:00,0.89113998,0.89181,0.89038998,0.89140999,0,twelvedata,2025-08-26 17:50:56
4617,AUD/CAD,2025-07-23 10:00:00,0.89140999,0.89162999,0.89014,0.89130002,0,twelvedata,2025-08-26 17:50:56
4618,AUD/CAD,2025-07-23 11:00:00,0.89130998,0.89236999,0.89052999,0.89216,0,twelvedata,2025-08-26 17:50:56
4619,AUD/CAD,2025-07-23 12:00:00,0.89213997,0.89253998,0.89060998,0.89166999,0,twelvedata,2025-08-26 17:50:56
4620,AUD/CAD,2025-07-23 13:00:00,0.89166999,0.89283001,0.89090002,0.89234,0,twelvedata,2025-08-26 17:50:56
4621,AUD/CAD,2025-07-23 14:00:00,0.89235002,0.89318001,0.8915,0.89301002,0,twelvedata,2025-08-26 17:50:56
4622,AUD/CAD,2025-07-23 15:00:00,0.89301997,0.89380997,0.89184999,0.89355999,0,twelvedata,2025-08-26 17:50:56
4623,AUD/CAD,2025-07-23 16:00:00,0.89354002,0.89371002,0.89196998,0.89339,0,twelvedata,2025-08-26 17:50:56
4624,AUD/CAD,2025-07-23 17:00:00,0.8933,0.89415997,0.89253998,0.89388001,0,twelvedata,2025-08-26 17:50:56
4625,AUD/CAD,2025-07-23 18:00:00,0.89384001,0.89453,0.89283001,0.89414001,0,twelvedata,2025-08-26 17:50:56
4626,AUD/CAD,2025-07-23 19:00:00,0.89410001,0.89462,0.89297003,0.89450997,0,twelvedata,2025-08-26 17:50:56
4627,AUD/CAD,2025-07-23 20:00:00,0.89455003,0.89547998,0.89363998,0.89519,0,twelvedata,2025-08-26 17:50:56
4628,AUD/CAD,2025-07-23 21:00:00,0.89519,0.89609998,0.89425999,0.89583999,0,twelvedata,2025-08-26 17:50:56
4629,AUD/CAD,2025-07-23 22:00:00,0.89585,0.89633,0.89493001,0.89612001,0,twelvedata,2025-08-26 17:50:56
4630,AUD/CAD,2025-07-23 23:00:00,0.89611,0.89674002,0.89494002,0.89658999,0,twelvedata,2025-08-26 17:50:56
4631,AUD/CAD,2025-07-24 00:00:00,0.89655,0.89771998,0.89560997,0.89675999,0,twelvedata,2025-08-26 17:50:56
4632,AUD/CAD,2025-07-24 01:00:00,0.89677,0.89723003,0.89513999,0.89674002,0,twelvedata,2025-08-26 17:50:56
4633,AUD/CAD,2025-07-24 02:00:00,0.89677,0.89731997,0.89543998,0.89626998,0,twelvedata,2025-08-26 17:50:56
4634,AUD/CAD,2025-07-24 03:00:00,0.89634001,0.89699,0.89543998,0.89687002,0,twelvedata,2025-08-26 17:50:56
4635,AUD/CAD,2025-07-24 04:00:00,0.89686,0.89753997,0.89585,0.89722002,0,twelvedata,2025-08-26 17:50:56
4636,AUD/CAD,2025-07-24 05:00:00,0.89721,0.89780998,0.89639002,0.89731997,0,twelvedata,2025-08-26 17:50:56
4637,AUD/CAD,2025-07-24 06:00:00,0.89732999,0.89793003,0.89642,0.89740002,0,twelvedata,2025-08-26 17:50:56
4638,AUD/CAD,2025-07-24 07:00:00,0.89718002,0.89744002,0.89617997,0.89701003,0,twelvedata,2025-08-26 17:50:56
4639,AUD/CAD,2025-07-24 08:00:00,0.89709002,0.89805001,0.89665997,0.89797002,0,twelvedata,2025-08-26 17:50:56
4640,AUD/CAD,2025-07-24 09:00:00,0.89793998,0.89813,0.89688998,0.89772999,0,twelvedata,2025-08-26 17:50:56
4641,AUD/CAD,2025-07-24 10:00:00,0.89774001,0.89805001,0.89669001,0.89796001,0,twelvedata,2025-08-26 17:50:56
4642,AUD/CAD,2025-07-24 11:00:00,0.89796001,0.89910001,0.89718002,0.89876002,0,twelvedata,2025-08-26 17:50:56
4643,AUD/CAD,2025-07-24 12:00:00,0.89876002,0.89923,0.89762002,0.89910001,0,twelvedata,2025-08-26 17:50:56
4644,AUD/CAD,2025-07-24 13:00:00,0.89907002,0.90021998,0.89815998,0.89974999,0,twelvedata,2025-08-26 17:50:56
4645,AUD/CAD,2025-07-24 14:00:00,0.89973998,0.90025997,0.89851999,0.90021002,0,twelvedata,2025-08-26 17:50:56
4646,AUD/CAD,2025-07-24 15:00:00,0.90022999,0.90074998,0.89930999,0.90033001,0,twelvedata,2025-08-26 17:50:56
4647,AUD/CAD,2025-07-24 16:00:00,0.90030998,0.90052998,0.89873999,0.89985001,0,twelvedata,2025-08-26 17:50:56
4648,AUD/CAD,2025-07-24 17:00:00,0.8998,0.90021002,0.89849001,0.89941001,0,twelvedata,2025-08-26 17:50:56
4649,AUD/CAD,2025-07-24 18:00:00,0.89942002,0.90078002,0.89828002,0.90053999,0,twelvedata,2025-08-26 17:50:56
4650,AUD/CAD,2025-07-24 19:00:00,0.90047997,0.90074998,0.89932001,0.90046,0,twelvedata,2025-08-26 17:50:56
4651,AUD/CAD,2025-07-24 20:00:00,0.9005,0.90061998,0.89864999,0.89965999,0,twelvedata,2025-08-26 17:50:56
4652,AUD/CAD,2025-07-24 21:00:00,0.89967,0.90029001,0.89883,0.90025997,0,twelvedata,2025-08-26 17:50:56
4653,AUD/CAD,2025-07-24 22:00:00,0.90021002,0.90098,0.89867997,0.89932001,0,twelvedata,2025-08-26 17:50:56
4654,AUD/CAD,2025-07-24 23:00:00,0.89946002,0.90043998,0.89871001,0.89986998,0,twelvedata,2025-08-26 17:50:56
4655,AUD/CAD,2025-07-25 00:00:00,0.89977998,0.90090001,0.89877999,0.89956999,0,twelvedata,2025-08-26 17:50:56
4656,AUD/CAD,2025-07-25 01:00:00,0.89967,0.90046,0.89845002,0.90030003,0,twelvedata,2025-08-26 17:50:56
4657,AUD/CAD,2025-07-25 02:00:00,0.90026999,0.90041,0.89862001,0.89938998,0,twelvedata,2025-08-26 17:50:56
4658,AUD/CAD,2025-07-25 03:00:00,0.89936,0.89995998,0.89857,0.89982003,0,twelvedata,2025-08-26 17:50:56
4659,AUD/CAD,2025-07-25 04:00:00,0.89981002,0.90038002,0.89885002,0.90019,0,twelvedata,2025-08-26 17:50:56
4660,AUD/CAD,2025-07-25 05:00:00,0.90017003,0.90019,0.89846998,0.89947999,0,twelvedata,2025-08-26 17:50:56
4661,AUD/CAD,2025-07-25 06:00:00,0.89941001,0.89965999,0.89792001,0.89815003,0,twelvedata,2025-08-26 17:50:56
4662,AUD/CAD,2025-07-25 07:00:00,0.89780998,0.90052003,0.89775002,0.89859998,0,twelvedata,2025-08-26 17:50:56
4663,AUD/CAD,2025-07-25 08:00:00,0.89846998,0.89955997,0.89793003,0.89951003,0,twelvedata,2025-08-26 17:50:56
4664,AUD/CAD,2025-07-25 09:00:00,0.89942002,0.89982003,0.89844,0.89949,0,twelvedata,2025-08-26 17:50:56
4665,AUD/CAD,2025-07-25 10:00:00,0.89941001,0.89991999,0.89846998,0.89955002,0,twelvedata,2025-08-26 17:50:56
4666,AUD/CAD,2025-07-25 11:00:00,0.89952999,0.89968997,0.89758003,0.89885998,0,twelvedata,2025-08-26 17:50:56
4667,AUD/CAD,2025-07-25 12:00:00,0.89881003,0.89898998,0.89749002,0.8987,0,twelvedata,2025-08-26 17:50:56
4668,AUD/CAD,2025-07-25 13:00:00,0.89868999,0.89893001,0.89758998,0.89886999,0,twelvedata,2025-08-26 17:50:56
4669,AUD/CAD,2025-07-25 14:00:00,0.89883,0.89914,0.89639002,0.89753997,0,twelvedata,2025-08-26 17:50:56
4670,AUD/CAD,2025-07-25 15:00:00,0.89747,0.89845997,0.89669001,0.89801002,0,twelvedata,2025-08-26 17:50:56
4671,AUD/CAD,2025-07-25 16:00:00,0.89801002,0.89872998,0.89704001,0.89867997,0,twelvedata,2025-08-26 17:50:56
4672,AUD/CAD,2025-07-25 17:00:00,0.89867002,0.89888,0.89740002,0.89850003,0,twelvedata,2025-08-26 17:50:56
4673,AUD/CAD,2025-07-25 18:00:00,0.89850998,0.89872998,0.89704001,0.89818001,0,twelvedata,2025-08-26 17:50:56
4674,AUD/CAD,2025-07-25 19:00:00,0.89818001,0.89824998,0.89612001,0.89756,0,twelvedata,2025-08-26 17:50:56
4675,AUD/CAD,2025-07-25 20:00:00,0.89750999,0.89763999,0.89638001,0.89758003,0,twelvedata,2025-08-26 17:50:56
4676,AUD/CAD,2025-07-25 21:00:00,0.89753002,0.89797997,0.89586002,0.89779001,0,twelvedata,2025-08-26 17:50:56
4677,AUD/CAD,2025-07-25 22:00:00,0.89779001,0.89820999,0.89630997,0.89758998,0,twelvedata,2025-08-26 17:50:56
4678,AUD/CAD,2025-07-25 23:00:00,0.89758003,0.89894998,0.89648002,0.89863998,0,twelvedata,2025-08-26 17:50:56
4679,AUD/CAD,2025-07-26 00:00:00,0.89867997,0.89941001,0.89758998,0.89884001,0,twelvedata,2025-08-26 17:50:56
4680,AUD/CAD,2025-07-26 01:00:00,0.89881998,0.89911997,0.89744997,0.89886999,0,twelvedata,2025-08-26 17:50:56
4681,AUD/CAD,2025-07-26 02:00:00,0.89881003,0.89993,0.89810002,0.89977002,0,twelvedata,2025-08-26 17:50:56
4682,AUD/CAD,2025-07-26 03:00:00,0.89973003,0.89990997,0.89866,0.89964002,0,twelvedata,2025-08-26 17:50:56
4683,AUD/CAD,2025-07-26 04:00:00,0.89971,0.90006,0.89846998,0.89990002,0,twelvedata,2025-08-26 17:50:56
4684,AUD/CAD,2025-07-26 05:00:00,0.89989001,0.90006,0.89854997,0.89946997,0,twelvedata,2025-08-26 17:50:56
4685,AUD/CAD,2025-07-26 06:00:00,0.89955002,0.89990997,0.89835,0.89883,0,twelvedata,2025-08-26 17:50:56
4686,AUD/CAD,2025-07-26 07:00:00,0.89873999,0.89873999,0.89873999,0.89873999,0,twelvedata,2025-08-26 17:50:56
4687,AUD/CAD,2025-07-28 09:00:00,0.90012997,0.9005,0.89920002,0.90034002,0,twelvedata,2025-08-26 17:50:56
4688,AUD/CAD,2025-07-28 10:00:00,0.90031999,0.90113002,0.89946002,0.90105999,0,twelvedata,2025-08-26 17:50:56
4689,AUD/CAD,2025-07-28 11:00:00,0.90105999,0.90149999,0.89907998,0.89994001,0,twelvedata,2025-08-26 17:50:56
4690,AUD/CAD,2025-07-28 12:00:00,0.90002,0.90073001,0.89905,0.90033001,0,twelvedata,2025-08-26 17:50:56
4691,AUD/CAD,2025-07-28 13:00:00,0.90030003,0.90046,0.89829999,0.89927,0,twelvedata,2025-08-26 17:50:56
4692,AUD/CAD,2025-07-28 14:00:00,0.89930999,0.89941001,0.89793998,0.89925998,0,twelvedata,2025-08-26 17:50:56
4693,AUD/CAD,2025-07-28 15:00:00,0.89923,0.8994,0.89788997,0.89905,0,twelvedata,2025-08-26 17:50:56
4694,AUD/CAD,2025-07-28 16:00:00,0.89901,0.89916998,0.89712,0.89802003,0,twelvedata,2025-08-26 17:50:56
4695,AUD/CAD,2025-07-28 17:00:00,0.89796001,0.89831001,0.89547002,0.89622003,0,twelvedata,2025-08-26 17:50:56
4696,AUD/CAD,2025-07-28 18:00:00,0.89621001,0.89622998,0.89425999,0.89547002,0,twelvedata,2025-08-26 17:50:56
4697,AUD/CAD,2025-07-28 19:00:00,0.89538997,0.89618999,0.89428997,0.89568001,0,twelvedata,2025-08-26 17:50:56
4698,AUD/CAD,2025-07-28 20:00:00,0.89565003,0.89661998,0.89472002,0.89564002,0,twelvedata,2025-08-26 17:50:56
4699,AUD/CAD,2025-07-28 21:00:00,0.89557999,0.89622998,0.89466,0.89565998,0,twelvedata,2025-08-26 17:50:56
4700,AUD/CAD,2025-07-28 22:00:00,0.89564002,0.89625001,0.89455003,0.89624,0,twelvedata,2025-08-26 17:50:56
4701,AUD/CAD,2025-07-28 23:00:00,0.89622003,0.89635003,0.89317,0.89394999,0,twelvedata,2025-08-26 17:50:56
4702,AUD/CAD,2025-07-29 00:00:00,0.89393997,0.89560997,0.89305001,0.89537001,0,twelvedata,2025-08-26 17:50:56
4703,AUD/CAD,2025-07-29 01:00:00,0.89538997,0.89547998,0.89308,0.89402997,0,twelvedata,2025-08-26 17:50:56
4704,AUD/CAD,2025-07-29 02:00:00,0.89402997,0.89441001,0.89293998,0.89394999,0,twelvedata,2025-08-26 17:50:56
4705,AUD/CAD,2025-07-29 03:00:00,0.89392,0.89451998,0.89297998,0.89425999,0,twelvedata,2025-08-26 17:50:56
4706,AUD/CAD,2025-07-29 04:00:00,0.89428002,0.89494997,0.89332998,0.89489001,0,twelvedata,2025-08-26 17:50:56
4707,AUD/CAD,2025-07-29 05:00:00,0.89488,0.89578003,0.89388001,0.89564002,0,twelvedata,2025-08-26 17:50:56
4708,AUD/CAD,2025-07-29 06:00:00,0.89565003,0.89585,0.89442003,0.89551002,0,twelvedata,2025-08-26 17:50:56
4709,AUD/CAD,2025-07-29 07:00:00,0.89534998,0.89589,0.89414001,0.89585,0,twelvedata,2025-08-26 17:50:56
4710,AUD/CAD,2025-07-29 08:00:00,0.89587998,0.89617997,0.89477003,0.89617002,0,twelvedata,2025-08-26 17:50:56
4711,AUD/CAD,2025-07-29 09:00:00,0.89614999,0.89631999,0.89469999,0.89573002,0,twelvedata,2025-08-26 17:50:56
4712,AUD/CAD,2025-07-29 10:00:00,0.89563,0.89573002,0.89383,0.89499998,0,twelvedata,2025-08-26 17:50:56
4713,AUD/CAD,2025-07-29 11:00:00,0.89499003,0.89629,0.89398998,0.89582998,0,twelvedata,2025-08-26 17:50:56
4714,AUD/CAD,2025-07-29 12:00:00,0.89582002,0.89658999,0.89494002,0.89635998,0,twelvedata,2025-08-26 17:50:56
4715,AUD/CAD,2025-07-29 13:00:00,0.89626998,0.89646,0.89455998,0.89565998,0,twelvedata,2025-08-26 17:50:56
4716,AUD/CAD,2025-07-29 14:00:00,0.89561999,0.89599001,0.89446998,0.89573002,0,twelvedata,2025-08-26 17:50:56
4717,AUD/CAD,2025-07-29 15:00:00,0.89568001,0.89625001,0.89477998,0.89603001,0,twelvedata,2025-08-26 17:50:56
4718,AUD/CAD,2025-07-29 16:00:00,0.89603001,0.89661002,0.89350998,0.89438999,0,twelvedata,2025-08-26 17:50:56
4719,AUD/CAD,2025-07-29 17:00:00,0.89437997,0.89488,0.89297998,0.89459997,0,twelvedata,2025-08-26 17:50:56
4720,AUD/CAD,2025-07-29 18:00:00,0.89455003,0.89542001,0.89354998,0.89526999,0,twelvedata,2025-08-26 17:50:56
4721,AUD/CAD,2025-07-29 19:00:00,0.89525002,0.89581001,0.89432001,0.89564002,0,twelvedata,2025-08-26 17:50:56
4722,AUD/CAD,2025-07-29 20:00:00,0.89560002,0.89608997,0.89437997,0.89538002,0,twelvedata,2025-08-26 17:50:56
4723,AUD/CAD,2025-07-29 21:00:00,0.89538997,0.89547002,0.89371997,0.89472002,0,twelvedata,2025-08-26 17:50:56
4724,AUD/CAD,2025-07-29 22:00:00,0.89473999,0.89542001,0.89379001,0.89534003,0,twelvedata,2025-08-26 17:50:56
4725,AUD/CAD,2025-07-29 23:00:00,0.89523,0.89585,0.8937,0.89555001,0,twelvedata,2025-08-26 17:50:56
4726,AUD/CAD,2025-07-30 00:00:00,0.89565003,0.89701998,0.89323002,0.89697999,0,twelvedata,2025-08-26 17:50:56
4727,AUD/CAD,2025-07-30 01:00:00,0.8969,0.89717001,0.89516002,0.89656001,0,twelvedata,2025-08-26 17:50:56
4728,AUD/CAD,2025-07-30 02:00:00,0.89655,0.89704001,0.89556003,0.89687002,0,twelvedata,2025-08-26 17:50:56
4729,AUD/CAD,2025-07-30 03:00:00,0.89684999,0.89744997,0.89586997,0.89674997,0,twelvedata,2025-08-26 17:50:56
4730,AUD/CAD,2025-07-30 04:00:00,0.89683998,0.89700001,0.89551997,0.89696997,0,twelvedata,2025-08-26 17:50:56
4731,AUD/CAD,2025-07-30 05:00:00,0.89691001,0.89731002,0.89579999,0.89725,0,twelvedata,2025-08-26 17:50:56
4732,AUD/CAD,2025-07-30 06:00:00,0.89715999,0.89758003,0.89552999,0.89603001,0,twelvedata,2025-08-26 17:50:56
4733,AUD/CAD,2025-07-30 07:00:00,0.89590001,0.89661998,0.89520001,0.89652997,0,twelvedata,2025-08-26 17:50:56
4734,AUD/CAD,2025-07-30 08:00:00,0.89651,0.89695001,0.89569002,0.89687997,0,twelvedata,2025-08-26 17:50:56
4735,AUD/CAD,2025-07-30 09:00:00,0.8969,0.89714998,0.89578003,0.89710999,0,twelvedata,2025-08-26 17:50:56
4736,AUD/CAD,2025-07-30 10:00:00,0.89708,0.89811999,0.89598,0.89798999,0,twelvedata,2025-08-26 17:50:56
4737,AUD/CAD,2025-07-30 11:00:00,0.89802998,0.89832002,0.89534998,0.89692003,0,twelvedata,2025-08-26 17:50:56
4738,AUD/CAD,2025-07-30 12:00:00,0.89688998,0.89744002,0.89579999,0.89723998,0,twelvedata,2025-08-26 17:50:56
4739,AUD/CAD,2025-07-30 13:00:00,0.89727002,0.89749998,0.89589,0.89709002,0,twelvedata,2025-08-26 17:50:56
4740,AUD/CAD,2025-07-30 14:00:00,0.89706999,0.89719999,0.89547998,0.89644998,0,twelvedata,2025-08-26 17:50:56
4741,AUD/CAD,2025-07-30 15:00:00,0.89639002,0.89709997,0.89504999,0.89661002,0,twelvedata,2025-08-26 17:50:56
4742,AUD/CAD,2025-07-30 16:00:00,0.89653999,0.89692003,0.89534003,0.89626002,0,twelvedata,2025-08-26 17:50:56
4743,AUD/CAD,2025-07-30 17:00:00,0.89616001,0.89647001,0.89423001,0.89517999,0,twelvedata,2025-08-26 17:50:56
4744,AUD/CAD,2025-07-30 18:00:00,0.89512998,0.89557999,0.89403999,0.89538997,0,twelvedata,2025-08-26 17:50:56
4745,AUD/CAD,2025-07-30 19:00:00,0.89537001,0.89578003,0.89433002,0.89563,0,twelvedata,2025-08-26 17:50:56
4746,AUD/CAD,2025-07-30 20:00:00,0.89560002,0.89577001,0.89402997,0.89495999,0,twelvedata,2025-08-26 17:50:56
4747,AUD/CAD,2025-07-30 21:00:00,0.89489001,0.89525998,0.89323002,0.89437002,0,twelvedata,2025-08-26 17:50:56
4748,AUD/CAD,2025-07-30 22:00:00,0.89444,0.89481997,0.89170003,0.89261001,0,twelvedata,2025-08-26 17:50:56
4749,AUD/CAD,2025-07-30 23:00:00,0.89265001,0.89278001,0.88988,0.89090002,0,twelvedata,2025-08-26 17:50:56
4750,AUD/CAD,2025-07-31 00:00:00,0.89089,0.89227003,0.88990998,0.89207,0,twelvedata,2025-08-26 17:50:56
4751,AUD/CAD,2025-07-31 01:00:00,0.89212,0.89223999,0.88998997,0.89108998,0,twelvedata,2025-08-26 17:50:56
4752,AUD/CAD,2025-07-31 02:00:00,0.89104998,0.89165002,0.89006001,0.89147002,0,twelvedata,2025-08-26 17:50:56
4753,AUD/CAD,2025-07-31 03:00:00,0.89144999,0.89241999,0.89051998,0.89159,0,twelvedata,2025-08-26 17:50:56
4754,AUD/CAD,2025-07-31 04:00:00,0.89157999,0.89289999,0.88793999,0.88843,0,twelvedata,2025-08-26 17:50:56
4755,AUD/CAD,2025-07-31 05:00:00,0.88845998,0.89002001,0.88735998,0.88981998,0,twelvedata,2025-08-26 17:50:56
4756,AUD/CAD,2025-07-31 06:00:00,0.88990003,0.89133,0.88891,0.88911003,0,twelvedata,2025-08-26 17:50:56
4757,AUD/CAD,2025-07-31 07:00:00,0.88911998,0.88999999,0.88862002,0.88984001,0,twelvedata,2025-08-26 17:50:56
4758,AUD/CAD,2025-07-31 08:00:00,0.88997,0.89125001,0.88933998,0.89103001,0,twelvedata,2025-08-26 17:50:56
4759,AUD/CAD,2025-07-31 09:00:00,0.89103001,0.89155,0.88990998,0.89091003,0,twelvedata,2025-08-26 17:50:56
4760,AUD/CAD,2025-07-31 10:00:00,0.89091998,0.89134002,0.88993001,0.89093,0,twelvedata,2025-08-26 17:50:56
4761,AUD/CAD,2025-07-31 11:00:00,0.89083999,0.89213997,0.88925999,0.89208001,0,twelvedata,2025-08-26 17:50:56
4762,AUD/CAD,2025-07-31 12:00:00,0.89209002,0.89236999,0.89055997,0.89210999,0,twelvedata,2025-08-26 17:50:56
4763,AUD/CAD,2025-07-31 13:00:00,0.89212,0.89249003,0.89090002,0.89241999,0,twelvedata,2025-08-26 17:50:56
4764,AUD/CAD,2025-07-31 14:00:00,0.89232999,0.89349002,0.89124,0.89345002,0,twelvedata,2025-08-26 17:50:56
4765,AUD/CAD,2025-07-31 15:00:00,0.89335001,0.89374,0.89232999,0.89355999,0,twelvedata,2025-08-26 17:50:56
4766,AUD/CAD,2025-07-31 16:00:00,0.89352,0.89444,0.89266002,0.89411998,0,twelvedata,2025-08-26 17:50:56
4767,AUD/CAD,2025-07-31 17:00:00,0.89410001,0.89428997,0.89291,0.89410001,0,twelvedata,2025-08-26 17:50:56
4768,AUD/CAD,2025-07-31 18:00:00,0.89406002,0.89420003,0.89239001,0.89353001,0,twelvedata,2025-08-26 17:50:56
4769,AUD/CAD,2025-07-31 19:00:00,0.89350998,0.89358997,0.89181,0.89273,0,twelvedata,2025-08-26 17:50:56
4770,AUD/CAD,2025-07-31 20:00:00,0.89276999,0.89288998,0.89067,0.89142001,0,twelvedata,2025-08-26 17:50:56
4771,AUD/CAD,2025-07-31 21:00:00,0.89146,0.89187998,0.89061999,0.89170003,0,twelvedata,2025-08-26 17:50:56
4772,AUD/CAD,2025-07-31 22:00:00,0.89166999,0.89208001,0.88968003,0.89060003,0,twelvedata,2025-08-26 17:50:56
4773,AUD/CAD,2025-07-31 23:00:00,0.89056998,0.89126998,0.88901001,0.89104998,0,twelvedata,2025-08-26 17:50:56
4774,AUD/CAD,2025-08-01 00:00:00,0.89104998,0.89120001,0.88889998,0.88985002,0,twelvedata,2025-08-26 17:50:56
4775,AUD/CAD,2025-08-01 01:00:00,0.88985002,0.89071,0.88878,0.88995999,0,twelvedata,2025-08-26 17:50:56
4776,AUD/CAD,2025-08-01 02:00:00,0.88992,0.89072001,0.88885999,0.89046001,0,twelvedata,2025-08-26 17:50:56
4777,AUD/CAD,2025-08-01 03:00:00,0.89051002,0.89060003,0.88911998,0.88995999,0,twelvedata,2025-08-26 17:50:56
4778,AUD/CAD,2025-08-01 04:00:00,0.88998002,0.89099002,0.88918,0.89029998,0,twelvedata,2025-08-26 17:50:56
4779,AUD/CAD,2025-08-01 05:00:00,0.89029998,0.89071,0.88941002,0.89028001,0,twelvedata,2025-08-26 17:50:56
4780,AUD/CAD,2025-08-01 06:00:00,0.89012998,0.89049,0.88889003,0.88946998,0,twelvedata,2025-08-26 17:50:56
4781,AUD/CAD,2025-08-01 07:00:00,0.88946003,0.89023,0.88874,0.88986999,0,twelvedata,2025-08-26 17:50:56
4782,AUD/CAD,2025-08-01 08:00:00,0.88982999,0.89118999,0.88889998,0.89099002,0,twelvedata,2025-08-26 17:50:56
4783,AUD/CAD,2025-08-01 09:00:00,0.89104998,0.89138001,0.88968998,0.89069003,0,twelvedata,2025-08-26 17:50:56
4784,AUD/CAD,2025-08-01 10:00:00,0.89061999,0.89082998,0.88932002,0.89050001,0,twelvedata,2025-08-26 17:50:56
4785,AUD/CAD,2025-08-01 11:00:00,0.89049,0.89161998,0.88951999,0.89082998,0,twelvedata,2025-08-26 17:50:56
4786,AUD/CAD,2025-08-01 12:00:00,0.89086998,0.89121002,0.88975,0.89100999,0,twelvedata,2025-08-26 17:50:56
4787,AUD/CAD,2025-08-01 13:00:00,0.89099002,0.89199001,0.89017999,0.89156002,0,twelvedata,2025-08-26 17:50:56
4788,AUD/CAD,2025-08-01 14:00:00,0.89147002,0.8919,0.89045,0.89153999,0,twelvedata,2025-08-26 17:50:56
4789,AUD/CAD,2025-08-01 15:00:00,0.89147002,0.89199001,0.89045,0.89130998,0,twelvedata,2025-08-26 17:50:56
4790,AUD/CAD,2025-08-01 16:00:00,0.89130998,0.89205998,0.89026999,0.89161003,0,twelvedata,2025-08-26 17:50:56
4791,AUD/CAD,2025-08-01 17:00:00,0.89166999,0.89203,0.89033997,0.89183998,0,twelvedata,2025-08-26 17:50:56
4792,AUD/CAD,2025-08-01 18:00:00,0.89182001,0.89218998,0.89033002,0.89113998,0,twelvedata,2025-08-26 17:50:56
4793,AUD/CAD,2025-08-01 19:00:00,0.89112997,0.89126998,0.88977998,0.89108998,0,twelvedata,2025-08-26 17:50:56
4794,AUD/CAD,2025-08-01 20:00:00,0.89102,0.89165002,0.89014,0.89126003,0,twelvedata,2025-08-26 17:50:56
4795,AUD/CAD,2025-08-01 21:00:00,0.89126998,0.89208001,0.89019001,0.89100999,0,twelvedata,2025-08-26 17:50:56
4796,AUD/CAD,2025-08-01 22:00:00,0.89090002,0.89543003,0.88963997,0.89410001,0,twelvedata,2025-08-26 17:50:56
4797,AUD/CAD,2025-08-01 23:00:00,0.89403999,0.89458001,0.8897,0.89081001,0,twelvedata,2025-08-26 17:50:56
4798,AUD/CAD,2025-08-02 00:00:00,0.89082003,0.89231002,0.88944,0.89095998,0,twelvedata,2025-08-26 17:50:56
4799,AUD/CAD,2025-08-02 01:00:00,0.89099002,0.89165998,0.88942999,0.89107001,0,twelvedata,2025-08-26 17:50:56
4800,AUD/CAD,2025-08-02 02:00:00,0.89100999,0.89134997,0.88940001,0.89030999,0,twelvedata,2025-08-26 17:50:56
4801,AUD/CAD,2025-08-02 03:00:00,0.89029002,0.89041001,0.88796997,0.88966,0,twelvedata,2025-08-26 17:50:56
4802,AUD/CAD,2025-08-02 04:00:00,0.88963997,0.89056998,0.88849002,0.88972998,0,twelvedata,2025-08-26 17:50:56
4803,AUD/CAD,2025-08-02 05:00:00,0.88976002,0.89121002,0.88857001,0.8908,0,twelvedata,2025-08-26 17:50:56
4804,AUD/CAD,2025-08-02 06:00:00,0.89078999,0.89223999,0.88997,0.89173001,0,twelvedata,2025-08-26 17:50:56
4805,AUD/CAD,2025-08-02 07:00:00,0.89133,0.89133,0.89133,0.89133,0,twelvedata,2025-08-26 17:50:56
4806,AUD/CAD,2025-08-04 09:00:00,0.89093,0.89157999,0.88984001,0.89120001,0,twelvedata,2025-08-26 17:50:56
4807,AUD/CAD,2025-08-04 10:00:00,0.89112997,0.89292002,0.89045,0.89265001,0,twelvedata,2025-08-26 17:50:56
4808,AUD/CAD,2025-08-04 11:00:00,0.89270997,0.89345998,0.89109999,0.89320999,0,twelvedata,2025-08-26 17:50:56
4809,AUD/CAD,2025-08-04 12:00:00,0.89319003,0.89327002,0.89121002,0.89227003,0,twelvedata,2025-08-26 17:50:56
4810,AUD/CAD,2025-08-04 13:00:00,0.89218998,0.89300001,0.89138001,0.89279997,0,twelvedata,2025-08-26 17:50:56
4811,AUD/CAD,2025-08-04 14:00:00,0.89284003,0.8933,0.89183003,0.89280999,0,twelvedata,2025-08-26 17:50:56
4812,AUD/CAD,2025-08-04 15:00:00,0.89279002,0.89300001,0.89166999,0.89292997,0,twelvedata,2025-08-26 17:50:56
4813,AUD/CAD,2025-08-04 16:00:00,0.89286,0.89310002,0.89126003,0.89249998,0,twelvedata,2025-08-26 17:50:56
4814,AUD/CAD,2025-08-04 17:00:00,0.89239001,0.89286,0.89104003,0.89231998,0,twelvedata,2025-08-26 17:50:56
4815,AUD/CAD,2025-08-04 18:00:00,0.89226002,0.89288998,0.89104003,0.89283001,0,twelvedata,2025-08-26 17:50:56
4816,AUD/CAD,2025-08-04 19:00:00,0.89284003,0.89352,0.89181,0.89270002,0,twelvedata,2025-08-26 17:50:56
4817,AUD/CAD,2025-08-04 20:00:00,0.89266002,0.89284003,0.89128,0.89273,0,twelvedata,2025-08-26 17:50:56
4818,AUD/CAD,2025-08-04 21:00:00,0.89274001,0.89301002,0.89160001,0.89288002,0,twelvedata,2025-08-26 17:50:56
4819,AUD/CAD,2025-08-04 22:00:00,0.89287001,0.8933,0.89182001,0.8926,0,twelvedata,2025-08-26 17:50:56
4820,AUD/CAD,2025-08-04 23:00:00,0.89252001,0.89300001,0.89111,0.89183003,0,twelvedata,2025-08-26 17:50:56
4821,AUD/CAD,2025-08-05 00:00:00,0.89183998,0.8926,0.89034998,0.89109999,0,twelvedata,2025-08-26 17:50:56
4822,AUD/CAD,2025-08-05 01:00:00,0.89109999,0.89152998,0.88963997,0.89055002,0,twelvedata,2025-08-26 17:50:56
4823,AUD/CAD,2025-08-05 02:00:00,0.89049,0.89089,0.88946998,0.89043999,0,twelvedata,2025-08-26 17:50:56
4824,AUD/CAD,2025-08-05 03:00:00,0.89042002,0.89052999,0.88911998,0.89001,0,twelvedata,2025-08-26 17:50:56
4825,AUD/CAD,2025-08-05 04:00:00,0.89006001,0.89064997,0.88925999,0.89041001,0,twelvedata,2025-08-26 17:50:56
4826,AUD/CAD,2025-08-05 05:00:00,0.89039999,0.89077997,0.88940001,0.89071,0,twelvedata,2025-08-26 17:50:56
4827,AUD/CAD,2025-08-05 06:00:00,0.89069003,0.89124,0.88967001,0.89047998,0,twelvedata,2025-08-26 17:50:56
4828,AUD/CAD,2025-08-05 07:00:00,0.89091998,0.89204001,0.88941002,0.89074999,0,twelvedata,2025-08-26 17:50:56
4829,AUD/CAD,2025-08-05 08:00:00,0.89077002,0.89139998,0.89012003,0.89115,0,twelvedata,2025-08-26 17:50:56
4830,AUD/CAD,2025-08-05 09:00:00,0.89115,0.89162999,0.89008999,0.89137,0,twelvedata,2025-08-26 17:50:56
4831,AUD/CAD,2025-08-05 10:00:00,0.89135998,0.89174002,0.88976002,0.89103001,0,twelvedata,2025-08-26 17:50:56
4832,AUD/CAD,2025-08-05 11:00:00,0.89107001,0.89122999,0.88959002,0.89060998,0,twelvedata,2025-08-26 17:50:56
4833,AUD/CAD,2025-08-05 12:00:00,0.89056998,0.89061999,0.88911003,0.89055997,0,twelvedata,2025-08-26 17:50:56
4834,AUD/CAD,2025-08-05 13:00:00,0.89055002,0.89073002,0.88918,0.89008999,0,twelvedata,2025-08-26 17:50:56
4835,AUD/CAD,2025-08-05 14:00:00,0.8901,0.89135998,0.88911998,0.89112002,0,twelvedata,2025-08-26 17:50:56
4836,AUD/CAD,2025-08-05 15:00:00,0.89111,0.89115,0.88977998,0.89071,0,twelvedata,2025-08-26 17:50:56
4837,AUD/CAD,2025-08-05 16:00:00,0.89058,0.89160001,0.88954002,0.89042997,0,twelvedata,2025-08-26 17:50:56
4838,AUD/CAD,2025-08-05 17:00:00,0.89041001,0.89137,0.88909,0.89015001,0,twelvedata,2025-08-26 17:50:56
4839,AUD/CAD,2025-08-05 18:00:00,0.8901,0.89108002,0.88918,0.89085001,0,twelvedata,2025-08-26 17:50:56
4840,AUD/CAD,2025-08-05 19:00:00,0.89083999,0.89170998,0.88995999,0.89144999,0,twelvedata,2025-08-26 17:50:56
4841,AUD/CAD,2025-08-05 20:00:00,0.89139998,0.89183998,0.89045,0.89130998,0,twelvedata,2025-08-26 17:50:56
4842,AUD/CAD,2025-08-05 21:00:00,0.89130002,0.89153999,0.89007002,0.89122999,0,twelvedata,2025-08-26 17:50:56
4843,AUD/CAD,2025-08-05 22:00:00,0.89121002,0.89218998,0.89020002,0.89203,0,twelvedata,2025-08-26 17:50:56
4844,AUD/CAD,2025-08-05 23:00:00,0.89200997,0.89286,0.89008999,0.89120001,0,twelvedata,2025-08-26 17:50:56
4845,AUD/CAD,2025-08-06 00:00:00,0.89109999,0.89152998,0.88942999,0.89069003,0,twelvedata,2025-08-26 17:50:56
4846,AUD/CAD,2025-08-06 01:00:00,0.89073002,0.89164001,0.88975,0.89159,0,twelvedata,2025-08-26 17:50:56
4847,AUD/CAD,2025-08-06 02:00:00,0.89160001,0.89249003,0.89049,0.89209998,0,twelvedata,2025-08-26 17:50:56
4848,AUD/CAD,2025-08-06 03:00:00,0.89201999,0.89229,0.89104003,0.89209998,0,twelvedata,2025-08-26 17:50:56
4849,AUD/CAD,2025-08-06 04:00:00,0.89210999,0.89218003,0.89055997,0.89151001,0,twelvedata,2025-08-26 17:50:56
4850,AUD/CAD,2025-08-06 05:00:00,0.89152998,0.89166999,0.89020997,0.89093,0,twelvedata,2025-08-26 17:50:56
4851,AUD/CAD,2025-08-06 06:00:00,0.89082998,0.89165002,0.88997,0.89090002,0,twelvedata,2025-08-26 17:50:56
4852,AUD/CAD,2025-08-06 07:00:00,0.89087999,0.89143002,0.88982999,0.89086998,0,twelvedata,2025-08-26 17:50:56
4853,AUD/CAD,2025-08-06 08:00:00,0.89091998,0.89135998,0.89012003,0.89111,0,twelvedata,2025-08-26 17:50:56
4854,AUD/CAD,2025-08-06 09:00:00,0.89098001,0.89156997,0.89007998,0.89115,0,twelvedata,2025-08-26 17:50:56
4855,AUD/CAD,2025-08-06 10:00:00,0.89116001,0.89240998,0.89045,0.89203,0,twelvedata,2025-08-26 17:50:56
4856,AUD/CAD,2025-08-06 11:00:00,0.89201999,0.89240003,0.89077997,0.89232999,0,twelvedata,2025-08-26 17:50:56
4857,AUD/CAD,2025-08-06 12:00:00,0.89225,0.89302999,0.89117002,0.89283001,0,twelvedata,2025-08-26 17:50:56
4858,AUD/CAD,2025-08-06 13:00:00,0.89283001,0.89371002,0.89200997,0.89341998,0,twelvedata,2025-08-26 17:50:56
4859,AUD/CAD,2025-08-06 14:00:00,0.89335001,0.89421999,0.89243001,0.89402997,0,twelvedata,2025-08-26 17:50:56
4860,AUD/CAD,2025-08-06 15:00:00,0.89409,0.89419001,0.89236999,0.89332998,0,twelvedata,2025-08-26 17:50:56
4861,AUD/CAD,2025-08-06 16:00:00,0.89323997,0.89367002,0.89222997,0.89342999,0,twelvedata,2025-08-26 17:50:56
4862,AUD/CAD,2025-08-06 17:00:00,0.89342999,0.89407998,0.89230001,0.89383,0,twelvedata,2025-08-26 17:50:56
4863,AUD/CAD,2025-08-06 18:00:00,0.89381999,0.89402002,0.89249003,0.89368999,0,twelvedata,2025-08-26 17:50:56
4864,AUD/CAD,2025-08-06 19:00:00,0.89366001,0.89407003,0.89278001,0.89381999,0,twelvedata,2025-08-26 17:50:56
4865,AUD/CAD,2025-08-06 20:00:00,0.89374,0.89489001,0.89262003,0.89466,0,twelvedata,2025-08-26 17:50:56
4866,AUD/CAD,2025-08-06 21:00:00,0.89466,0.89491999,0.89322001,0.89477998,0,twelvedata,2025-08-26 17:50:56
4867,AUD/CAD,2025-08-06 22:00:00,0.89477003,0.89494997,0.89267999,0.89402002,0,twelvedata,2025-08-26 17:50:56
4868,AUD/CAD,2025-08-06 23:00:00,0.89394999,0.89445001,0.89266998,0.89371997,0,twelvedata,2025-08-26 17:50:56
4869,AUD/CAD,2025-08-07 00:00:00,0.89371002,0.89380002,0.89152998,0.89291,0,twelvedata,2025-08-26 17:50:56
4870,AUD/CAD,2025-08-07 01:00:00,0.89296001,0.89368999,0.89200002,0.89342999,0,twelvedata,2025-08-26 17:50:56
4871,AUD/CAD,2025-08-07 02:00:00,0.89339,0.89385998,0.89207,0.89310002,0,twelvedata,2025-08-26 17:50:56
4872,AUD/CAD,2025-08-07 03:00:00,0.89302999,0.89380002,0.89213002,0.89341998,0,twelvedata,2025-08-26 17:50:56
4873,AUD/CAD,2025-08-07 04:00:00,0.89344001,0.89402997,0.89254999,0.89371002,0,twelvedata,2025-08-26 17:50:56
4874,AUD/CAD,2025-08-07 05:00:00,0.89376003,0.89431,0.89266002,0.89363998,0,twelvedata,2025-08-26 17:50:56
4875,AUD/CAD,2025-08-07 06:00:00,0.89366001,0.89371002,0.89231998,0.89359999,0,twelvedata,2025-08-26 17:50:56
4876,AUD/CAD,2025-08-07 07:00:00,0.89309001,0.89385003,0.89221001,0.89270002,0,twelvedata,2025-08-26 17:50:56
4877,AUD/CAD,2025-08-07 08:00:00,0.89278001,0.89393997,0.89249003,0.89371002,0,twelvedata,2025-08-26 17:50:56
4878,AUD/CAD,2025-08-07 09:00:00,0.89346999,0.89385998,0.89209002,0.89292002,0,twelvedata,2025-08-26 17:50:56
4879,AUD/CAD,2025-08-07 10:00:00,0.89279002,0.89341003,0.89179999,0.89270997,0,twelvedata,2025-08-26 17:50:56
4880,AUD/CAD,2025-08-07 11:00:00,0.89269,0.89472002,0.89174002,0.89427,0,twelvedata,2025-08-26 17:50:56
4881,AUD/CAD,2025-08-07 12:00:00,0.89438999,0.89459002,0.89261001,0.89368999,0,twelvedata,2025-08-26 17:50:56
4882,AUD/CAD,2025-08-07 13:00:00,0.89355999,0.89446002,0.89245999,0.89414001,0,twelvedata,2025-08-26 17:50:56
4883,AUD/CAD,2025-08-07 14:00:00,0.89421999,0.89477003,0.89332002,0.89460999,0,twelvedata,2025-08-26 17:50:56
4884,AUD/CAD,2025-08-07 15:00:00,0.89472002,0.89499003,0.89341003,0.89488,0,twelvedata,2025-08-26 17:50:56
4885,AUD/CAD,2025-08-07 16:00:00,0.89485002,0.89591002,0.89398998,0.89533001,0,twelvedata,2025-08-26 17:50:56
4886,AUD/CAD,2025-08-07 17:00:00,0.89546001,0.89705998,0.89446002,0.89701003,0,twelvedata,2025-08-26 17:50:56
4887,AUD/CAD,2025-08-07 18:00:00,0.89692998,0.89765,0.89559001,0.89675999,0,twelvedata,2025-08-26 17:50:56
4888,AUD/CAD,2025-08-07 19:00:00,0.89677,0.89681,0.89507997,0.89589,0,twelvedata,2025-08-26 17:50:56
4889,AUD/CAD,2025-08-07 20:00:00,0.89586997,0.89633,0.89486998,0.89582002,0,twelvedata,2025-08-26 17:50:56
4890,AUD/CAD,2025-08-07 21:00:00,0.89592999,0.89634001,0.89466,0.89604002,0,twelvedata,2025-08-26 17:50:56
4891,AUD/CAD,2025-08-07 22:00:00,0.89604998,0.89665002,0.8951,0.89630002,0,twelvedata,2025-08-26 17:50:56
4892,AUD/CAD,2025-08-07 23:00:00,0.89621001,0.89674002,0.89506,0.89585,0,twelvedata,2025-08-26 17:50:56
4893,AUD/CAD,2025-08-08 00:00:00,0.89594001,0.89596999,0.89305001,0.89385003,0,twelvedata,2025-08-26 17:50:56
4894,AUD/CAD,2025-08-08 01:00:00,0.89384001,0.89421999,0.89269,0.8937,0,twelvedata,2025-08-26 17:50:56
4895,AUD/CAD,2025-08-08 02:00:00,0.89362001,0.89415997,0.89266998,0.89384001,0,twelvedata,2025-08-26 17:50:56
4896,AUD/CAD,2025-08-08 03:00:00,0.89393997,0.89437002,0.89261001,0.89398998,0,twelvedata,2025-08-26 17:50:56
4897,AUD/CAD,2025-08-08 04:00:00,0.89414001,0.89446002,0.89313,0.89442003,0,twelvedata,2025-08-26 17:50:56
4898,AUD/CAD,2025-08-08 05:00:00,0.89441001,0.89564002,0.89326,0.89548999,0,twelvedata,2025-08-26 17:50:56
4899,AUD/CAD,2025-08-08 06:00:00,0.89547998,0.89670002,0.89464998,0.89608002,0,twelvedata,2025-08-26 17:50:56
4900,AUD/CAD,2025-08-08 07:00:00,0.89608002,0.89657998,0.89420998,0.89581001,0,twelvedata,2025-08-26 17:50:56
4901,AUD/CAD,2025-08-08 08:00:00,0.89596999,0.89671999,0.89525998,0.89626998,0,twelvedata,2025-08-26 17:50:56
4902,AUD/CAD,2025-08-08 09:00:00,0.89602,0.89653999,0.89507997,0.89600998,0,twelvedata,2025-08-26 17:50:56
4903,AUD/CAD,2025-08-08 10:00:00,0.89598,0.89669001,0.89469999,0.89586002,0,twelvedata,2025-08-26 17:50:56
4904,AUD/CAD,2025-08-08 11:00:00,0.89581001,0.89604002,0.89424998,0.89564002,0,twelvedata,2025-08-26 17:50:56
4905,AUD/CAD,2025-08-08 12:00:00,0.89563,0.89639002,0.89472997,0.89616001,0,twelvedata,2025-08-26 17:50:56
4906,AUD/CAD,2025-08-08 13:00:00,0.89609998,0.89617002,0.89482999,0.89586002,0,twelvedata,2025-08-26 17:50:56
4907,AUD/CAD,2025-08-08 14:00:00,0.89592999,0.89631999,0.89490002,0.89605999,0,twelvedata,2025-08-26 17:50:56
4908,AUD/CAD,2025-08-08 15:00:00,0.89607,0.89634001,0.89488,0.89604998,0,twelvedata,2025-08-26 17:50:56
4909,AUD/CAD,2025-08-08 16:00:00,0.89598,0.89670998,0.89488,0.89652002,0,twelvedata,2025-08-26 17:50:56
4910,AUD/CAD,2025-08-08 17:00:00,0.89652997,0.89734,0.89565003,0.89665997,0,twelvedata,2025-08-26 17:50:56
4911,AUD/CAD,2025-08-08 18:00:00,0.89665997,0.89705998,0.89446002,0.89547998,0,twelvedata,2025-08-26 17:50:56
4912,AUD/CAD,2025-08-08 19:00:00,0.89548999,0.89572001,0.89432001,0.89552999,0,twelvedata,2025-08-26 17:50:56
4913,AUD/CAD,2025-08-08 20:00:00,0.89551997,0.89604998,0.89438999,0.89569002,0,twelvedata,2025-08-26 17:50:56
4914,AUD/CAD,2025-08-08 21:00:00,0.89574999,0.89604998,0.89449,0.89598,0,twelvedata,2025-08-26 17:50:56
4915,AUD/CAD,2025-08-08 22:00:00,0.89596999,0.89736003,0.89491999,0.89657003,0,twelvedata,2025-08-26 17:50:56
4916,AUD/CAD,2025-08-08 23:00:00,0.89647001,0.89784002,0.89560002,0.89727002,0,twelvedata,2025-08-26 17:50:56
4917,AUD/CAD,2025-08-09 00:00:00,0.89726001,0.89774001,0.89604002,0.8973,0,twelvedata,2025-08-26 17:50:56
4918,AUD/CAD,2025-08-09 01:00:00,0.89732999,0.89794999,0.89618999,0.89756,0,twelvedata,2025-08-26 17:50:56
4919,AUD/CAD,2025-08-09 02:00:00,0.89744997,0.89775997,0.89622998,0.89726001,0,twelvedata,2025-08-26 17:50:56
4920,AUD/CAD,2025-08-09 03:00:00,0.89726001,0.89769,0.89630002,0.8973,0,twelvedata,2025-08-26 17:50:56
4921,AUD/CAD,2025-08-09 04:00:00,0.89737999,0.89776999,0.89644998,0.89771998,0,twelvedata,2025-08-26 17:50:56
4922,AUD/CAD,2025-08-09 05:00:00,0.89766997,0.89775997,0.89605999,0.89719999,0,twelvedata,2025-08-26 17:50:56
4923,AUD/CAD,2025-08-09 06:00:00,0.89723998,0.89748001,0.89586002,0.89665002,0,twelvedata,2025-08-26 17:50:56
4924,AUD/CAD,2025-08-09 07:00:00,0.89687997,0.89687997,0.89687997,0.89687997,0,twelvedata,2025-08-26 17:50:56
4925,AUD/CAD,2025-08-11 09:00:00,0.89677,0.89684999,0.89525002,0.89613003,0,twelvedata,2025-08-26 17:50:56
4926,AUD/CAD,2025-08-11 10:00:00,0.89611,0.89665997,0.89516002,0.89648002,0,twelvedata,2025-08-26 17:50:56
4927,AUD/CAD,2025-08-11 11:00:00,0.89647001,0.89709002,0.89530998,0.89687002,0,twelvedata,2025-08-26 17:50:56
4928,AUD/CAD,2025-08-11 12:00:00,0.89683998,0.89714003,0.89582002,0.89679003,0,twelvedata,2025-08-26 17:50:56
4929,AUD/CAD,2025-08-11 13:00:00,0.89683002,0.89713001,0.89551002,0.89703,0,twelvedata,2025-08-26 17:50:56
4930,AUD/CAD,2025-08-11 14:00:00,0.89692998,0.89736003,0.89595997,0.89710999,0,twelvedata,2025-08-26 17:50:56
4931,AUD/CAD,2025-08-11 15:00:00,0.89709997,0.89725,0.89591002,0.89725,0,twelvedata,2025-08-26 17:50:56
4932,AUD/CAD,2025-08-11 16:00:00,0.89723003,0.89774001,0.89630997,0.89743,0,twelvedata,2025-08-26 17:50:56
4933,AUD/CAD,2025-08-11 17:00:00,0.89748001,0.89762998,0.89616001,0.89705002,0,twelvedata,2025-08-26 17:50:56
4934,AUD/CAD,2025-08-11 18:00:00,0.89696002,0.89783001,0.89609998,0.89749998,0,twelvedata,2025-08-26 17:50:56
4935,AUD/CAD,2025-08-11 19:00:00,0.89745998,0.89785999,0.89630997,0.89776999,0,twelvedata,2025-08-26 17:50:56
4936,AUD/CAD,2025-08-11 20:00:00,0.89783001,0.89796001,0.89651,0.89771998,0,twelvedata,2025-08-26 17:50:56
4937,AUD/CAD,2025-08-11 21:00:00,0.89782,0.89796001,0.89595002,0.89723998,0,twelvedata,2025-08-26 17:50:56
4938,AUD/CAD,2025-08-11 22:00:00,0.89723003,0.89737999,0.89573997,0.89714998,0,twelvedata,2025-08-26 17:50:56
4939,AUD/CAD,2025-08-11 23:00:00,0.89710999,0.89726001,0.89569998,0.89719999,0,twelvedata,2025-08-26 17:50:56
4940,AUD/CAD,2025-08-12 00:00:00,0.89717001,0.89762002,0.89582002,0.89704001,0,twelvedata,2025-08-26 17:50:56
4941,AUD/CAD,2025-08-12 01:00:00,0.89708,0.89775997,0.89604998,0.89758998,0,twelvedata,2025-08-26 17:50:56
4942,AUD/CAD,2025-08-12 02:00:00,0.89758003,0.89807999,0.89655,0.89750999,0,twelvedata,2025-08-26 17:50:56
4943,AUD/CAD,2025-08-12 03:00:00,0.89749998,0.89758998,0.89614999,0.89753997,0,twelvedata,2025-08-26 17:50:56
4944,AUD/CAD,2025-08-12 04:00:00,0.89748001,0.89774001,0.89642,0.89758003,0,twelvedata,2025-08-26 17:50:56
4945,AUD/CAD,2025-08-12 05:00:00,0.89758998,0.8976,0.89622998,0.89723998,0,twelvedata,2025-08-26 17:50:56
4946,AUD/CAD,2025-08-12 06:00:00,0.89727998,0.89757001,0.89617002,0.89683002,0,twelvedata,2025-08-26 17:50:56
4947,AUD/CAD,2025-08-12 07:00:00,0.89701998,0.89748001,0.89595997,0.89722002,0,twelvedata,2025-08-26 17:50:56
4948,AUD/CAD,2025-08-12 08:00:00,0.89725,0.89761001,0.89627999,0.89723998,0,twelvedata,2025-08-26 17:50:56
4949,AUD/CAD,2025-08-12 09:00:00,0.89722002,0.89748001,0.89612001,0.89704001,0,twelvedata,2025-08-26 17:50:56
4950,AUD/CAD,2025-08-12 10:00:00,0.89705002,0.89842999,0.89664,0.89802998,0,twelvedata,2025-08-26 17:50:56
4951,AUD/CAD,2025-08-12 11:00:00,0.89797997,0.89804,0.89614999,0.89762002,0,twelvedata,2025-08-26 17:50:56
4952,AUD/CAD,2025-08-12 12:00:00,0.8976,0.89837998,0.89670002,0.89832997,0,twelvedata,2025-08-26 17:50:56
4953,AUD/CAD,2025-08-12 13:00:00,0.89826,0.8987,0.89717001,0.89802998,0,twelvedata,2025-08-26 17:50:56
4954,AUD/CAD,2025-08-12 14:00:00,0.89793003,0.89815998,0.89547002,0.89727002,0,twelvedata,2025-08-26 17:50:56
4955,AUD/CAD,2025-08-12 15:00:00,0.89734,0.8976,0.89414001,0.89513999,0,twelvedata,2025-08-26 17:50:56
4956,AUD/CAD,2025-08-12 16:00:00,0.89506,0.89621001,0.89419001,0.89561999,0,twelvedata,2025-08-26 17:50:56
4957,AUD/CAD,2025-08-12 17:00:00,0.89554,0.89613998,0.89466,0.89589,0,twelvedata,2025-08-26 17:50:56
4958,AUD/CAD,2025-08-12 18:00:00,0.89587998,0.89604998,0.89409,0.89519,0,twelvedata,2025-08-26 17:50:56
4959,AUD/CAD,2025-08-12 19:00:00,0.89517999,0.89556003,0.89387,0.89504999,0,twelvedata,2025-08-26 17:50:56
4960,AUD/CAD,2025-08-12 20:00:00,0.89500999,0.89539999,0.89401001,0.89494002,0,twelvedata,2025-08-26 17:50:56
4961,AUD/CAD,2025-08-12 21:00:00,0.89489001,0.89517999,0.89380997,0.89490998,0,twelvedata,2025-08-26 17:50:56
4962,AUD/CAD,2025-08-12 22:00:00,0.89486998,0.89701003,0.89410001,0.89635003,0,twelvedata,2025-08-26 17:50:56
4963,AUD/CAD,2025-08-12 23:00:00,0.89634001,0.89718997,0.89428997,0.89635003,0,twelvedata,2025-08-26 17:50:56
4964,AUD/CAD,2025-08-13 00:00:00,0.89643002,0.89774001,0.89520001,0.89728999,0,twelvedata,2025-08-26 17:50:56
4965,AUD/CAD,2025-08-13 01:00:00,0.89727002,0.89958,0.89655,0.89881998,0,twelvedata,2025-08-26 17:50:56
4966,AUD/CAD,2025-08-13 02:00:00,0.89881003,0.89905,0.89770001,0.89876997,0,twelvedata,2025-08-26 17:50:56
4967,AUD/CAD,2025-08-13 03:00:00,0.89873999,0.89916003,0.89784998,0.89910001,0,twelvedata,2025-08-26 17:50:56
4968,AUD/CAD,2025-08-13 04:00:00,0.89908999,0.89968997,0.89819002,0.89956999,0,twelvedata,2025-08-26 17:50:56
4969,AUD/CAD,2025-08-13 05:00:00,0.89955002,0.89982998,0.89845997,0.89950001,0,twelvedata,2025-08-26 17:50:56
4970,AUD/CAD,2025-08-13 06:00:00,0.89950001,0.89977998,0.89820999,0.89897001,0,twelvedata,2025-08-26 17:50:56
4971,AUD/CAD,2025-08-13 07:00:00,0.89872998,0.89934999,0.89749998,0.89894003,0,twelvedata,2025-08-26 17:50:56
4972,AUD/CAD,2025-08-13 08:00:00,0.89881998,0.89942002,0.89806002,0.89876002,0,twelvedata,2025-08-26 17:50:56
4973,AUD/CAD,2025-08-13 09:00:00,0.89879,0.89932001,0.89793998,0.89908999,0,twelvedata,2025-08-26 17:50:56
4974,AUD/CAD,2025-08-13 10:00:00,0.89908999,0.89929998,0.89779001,0.89897001,0,twelvedata,2025-08-26 17:50:56
4975,AUD/CAD,2025-08-13 11:00:00,0.89897001,0.89928001,0.89705002,0.89835,0,twelvedata,2025-08-26 17:50:56
4976,AUD/CAD,2025-08-13 12:00:00,0.89828998,0.89964998,0.89745998,0.89933997,0,twelvedata,2025-08-26 17:50:56
4977,AUD/CAD,2025-08-13 13:00:00,0.89932001,0.89956999,0.89820999,0.89934999,0,twelvedata,2025-08-26 17:50:56
4978,AUD/CAD,2025-08-13 14:00:00,0.89932001,0.90007001,0.89829999,0.89968997,0,twelvedata,2025-08-26 17:50:56
4979,AUD/CAD,2025-08-13 15:00:00,0.89967,0.89999998,0.89850003,0.89990997,0,twelvedata,2025-08-26 17:50:56
4980,AUD/CAD,2025-08-13 16:00:00,0.89995998,0.90127999,0.89840001,0.90090001,0,twelvedata,2025-08-26 17:50:56
4981,AUD/CAD,2025-08-13 17:00:00,0.90091997,0.90173,0.89998001,0.90144998,0,twelvedata,2025-08-26 17:50:56
4982,AUD/CAD,2025-08-13 18:00:00,0.90135998,0.90197998,0.90025002,0.90147001,0,twelvedata,2025-08-26 17:50:56
4983,AUD/CAD,2025-08-13 19:00:00,0.90153003,0.90249997,0.90039003,0.90236998,0,twelvedata,2025-08-26 17:50:56
4984,AUD/CAD,2025-08-13 20:00:00,0.90243,0.90245003,0.90081,0.90177,0,twelvedata,2025-08-26 17:50:56
4985,AUD/CAD,2025-08-13 21:00:00,0.90175998,0.90180999,0.90034997,0.90169001,0,twelvedata,2025-08-26 17:50:56
4986,AUD/CAD,2025-08-13 22:00:00,0.90167999,0.90183997,0.89982998,0.90121001,0,twelvedata,2025-08-26 17:50:56
4987,AUD/CAD,2025-08-13 23:00:00,0.90122002,0.90151,0.89995003,0.90117002,0,twelvedata,2025-08-26 17:50:56
4988,AUD/CAD,2025-08-14 00:00:00,0.90118998,0.90219998,0.89999998,0.90161997,0,twelvedata,2025-08-26 17:50:56
4989,AUD/CAD,2025-08-14 01:00:00,0.90161002,0.90170002,0.89985001,0.90081,0,twelvedata,2025-08-26 17:50:56
4990,AUD/CAD,2025-08-14 02:00:00,0.90075999,0.90135998,0.89993,0.90101999,0,twelvedata,2025-08-26 17:50:56
4991,AUD/CAD,2025-08-14 03:00:00,0.90091997,0.90116,0.89954001,0.90053999,0,twelvedata,2025-08-26 17:50:56
4992,AUD/CAD,2025-08-14 04:00:00,0.90051001,0.90074003,0.89951003,0.90060002,0,twelvedata,2025-08-26 17:50:56
4993,AUD/CAD,2025-08-14 05:00:00,0.90061003,0.90092999,0.89960998,0.90048999,0,twelvedata,2025-08-26 17:50:56
4994,AUD/CAD,2025-08-14 06:00:00,0.90041,0.90096998,0.89962,0.90043002,0,twelvedata,2025-08-26 17:50:56
4995,AUD/CAD,2025-08-14 07:00:00,0.90013999,0.90044999,0.89920002,0.89973003,0,twelvedata,2025-08-26 17:50:56
4996,AUD/CAD,2025-08-14 08:00:00,0.90016001,0.90056998,0.89934999,0.90033001,0,twelvedata,2025-08-26 17:50:56
4997,AUD/CAD,2025-08-14 09:00:00,0.90025002,0.90100002,0.89933002,0.90068001,0,twelvedata,2025-08-26 17:50:56
4998,AUD/CAD,2025-08-14 10:00:00,0.90079999,0.90135998,0.89986998,0.90105999,0,twelvedata,2025-08-26 17:50:56
4999,AUD/CAD,2025-08-14 11:00:00,0.90094,0.90283,0.90024,0.90249997,0,twelvedata,2025-08-26 17:50:56
5000,AUD/CAD,2025-08-14 12:00:00,0.90249002,0.90258998,0.90085,0.90205997,0,twelvedata,2025-08-26 17:50:56
5001,AUD/CAD,2025-08-14 13:00:00,0.90217,0.90217,0.90012002,0.90104997,0,twelvedata,2025-08-26 17:50:56
5002,AUD/CAD,2025-08-14 14:00:00,0.90096003,0.90147001,0.90011001,0.90109998,0,twelvedata,2025-08-26 17:50:56
5003,AUD/CAD,2025-08-14 15:00:00,0.90113002,0.90154999,0.89990002,0.90123999,0,twelvedata,2025-08-26 17:50:56
5004,AUD/CAD,2025-08-14 16:00:00,0.90113997,0.90131998,0.89908999,0.89995003,0,twelvedata,2025-08-26 17:50:56
5005,AUD/CAD,2025-08-14 17:00:00,0.89991999,0.90056002,0.89858001,0.89972001,0,twelvedata,2025-08-26 17:50:56
5006,AUD/CAD,2025-08-14 18:00:00,0.89963001,0.90056002,0.89833999,0.89910001,0,twelvedata,2025-08-26 17:50:56
5007,AUD/CAD,2025-08-14 19:00:00,0.89911997,0.89981002,0.89833999,0.89924002,0,twelvedata,2025-08-26 17:50:56
5008,AUD/CAD,2025-08-14 20:00:00,0.89923,0.89954001,0.89806002,0.89903998,0,twelvedata,2025-08-26 17:50:56
5009,AUD/CAD,2025-08-14 21:00:00,0.89898998,0.89946997,0.89815003,0.89927,0,twelvedata,2025-08-26 17:50:56
5010,AUD/CAD,2025-08-14 22:00:00,0.89920002,0.89933997,0.89647001,0.89743,0,twelvedata,2025-08-26 17:50:56
5011,AUD/CAD,2025-08-14 23:00:00,0.89743,0.89753002,0.89551997,0.89649999,0,twelvedata,2025-08-26 17:50:56
5012,AUD/CAD,2025-08-15 00:00:00,0.89646,0.89740002,0.89520001,0.89661002,0,twelvedata,2025-08-26 17:50:56
5013,AUD/CAD,2025-08-15 01:00:00,0.89652002,0.89665997,0.89455003,0.89573002,0,twelvedata,2025-08-26 17:50:56
5014,AUD/CAD,2025-08-15 02:00:00,0.89570999,0.89630997,0.89451998,0.89618999,0,twelvedata,2025-08-26 17:50:56
5015,AUD/CAD,2025-08-15 03:00:00,0.89617002,0.89687997,0.89533001,0.89661002,0,twelvedata,2025-08-26 17:50:56
5016,AUD/CAD,2025-08-15 04:00:00,0.89655,0.89718997,0.89576,0.89704001,0,twelvedata,2025-08-26 17:50:56
5017,AUD/CAD,2025-08-15 05:00:00,0.89703,0.89749002,0.89616001,0.89731002,0,twelvedata,2025-08-26 17:50:56
5018,AUD/CAD,2025-08-15 06:00:00,0.89740002,0.89771003,0.89625001,0.89671999,0,twelvedata,2025-08-26 17:50:56
5019,AUD/CAD,2025-08-15 07:00:00,0.89670998,0.89793998,0.89576,0.89741999,0,twelvedata,2025-08-26 17:50:56
5020,AUD/CAD,2025-08-15 08:00:00,0.89754999,0.89797002,0.89655,0.89750999,0,twelvedata,2025-08-26 17:50:56
5021,AUD/CAD,2025-08-15 09:00:00,0.89749002,0.89772999,0.89646,0.89744002,0,twelvedata,2025-08-26 17:50:56
5022,AUD/CAD,2025-08-15 10:00:00,0.89736998,0.89763999,0.89599001,0.89737999,0,twelvedata,2025-08-26 17:50:56
5023,AUD/CAD,2025-08-15 11:00:00,0.89740002,0.89793003,0.89612001,0.89712,0,twelvedata,2025-08-26 17:50:56
5024,AUD/CAD,2025-08-15 12:00:00,0.89714003,0.89726001,0.89525998,0.89701998,0,twelvedata,2025-08-26 17:50:56
5025,AUD/CAD,2025-08-15 13:00:00,0.89701998,0.89775997,0.8962,0.89749998,0,twelvedata,2025-08-26 17:50:56
5026,AUD/CAD,2025-08-15 14:00:00,0.89744997,0.89771998,0.89613003,0.89714003,0,twelvedata,2025-08-26 17:50:56
5027,AUD/CAD,2025-08-15 15:00:00,0.89722002,0.8976,0.89626998,0.89745998,0,twelvedata,2025-08-26 17:50:56
5028,AUD/CAD,2025-08-15 16:00:00,0.89743,0.89794999,0.89639002,0.89770001,0,twelvedata,2025-08-26 17:50:56
5029,AUD/CAD,2025-08-15 17:00:00,0.89771998,0.89844,0.89681,0.89829999,0,twelvedata,2025-08-26 17:50:56
5030,AUD/CAD,2025-08-15 18:00:00,0.89837998,0.89849001,0.89709997,0.89806002,0,twelvedata,2025-08-26 17:50:56
5031,AUD/CAD,2025-08-15 19:00:00,0.89804,0.89811999,0.89647001,0.89744002,0,twelvedata,2025-08-26 17:50:56
5032,AUD/CAD,2025-08-15 20:00:00,0.89732999,0.89804,0.89640999,0.89792001,0,twelvedata,2025-08-26 17:50:56
5033,AUD/CAD,2025-08-15 21:00:00,0.89788997,0.89850003,0.89717001,0.89810997,0,twelvedata,2025-08-26 17:50:56
5034,AUD/CAD,2025-08-15 22:00:00,0.89811999,0.89884001,0.89703,0.8987,0,twelvedata,2025-08-26 17:50:56
5035,AUD/CAD,2025-08-15 23:00:00,0.89866,0.89989001,0.89779001,0.89963001,0,twelvedata,2025-08-26 17:50:56
5036,AUD/CAD,2025-08-16 00:00:00,0.89959002,0.90017998,0.89824998,0.90009999,0,twelvedata,2025-08-26 17:50:56
5037,AUD/CAD,2025-08-16 01:00:00,0.90007001,0.90037,0.89844,0.89937001,0,twelvedata,2025-08-26 17:50:56
5038,AUD/CAD,2025-08-16 02:00:00,0.89932001,0.89954001,0.89815003,0.89915001,0,twelvedata,2025-08-26 17:50:56
5039,AUD/CAD,2025-08-16 03:00:00,0.89911002,0.89920002,0.89774001,0.89881998,0,twelvedata,2025-08-26 17:50:56
5040,AUD/CAD,2025-08-16 04:00:00,0.89881998,0.89885998,0.89748001,0.89854997,0,twelvedata,2025-08-26 17:50:56
5041,AUD/CAD,2025-08-16 05:00:00,0.89857,0.89898998,0.89765,0.89894998,0,twelvedata,2025-08-26 17:50:56
5042,AUD/CAD,2025-08-16 06:00:00,0.89890999,0.89945,0.89774001,0.89902002,0,twelvedata,2025-08-26 17:50:56
5043,AUD/CAD,2025-08-16 07:00:00,0.89823002,0.89823002,0.89823002,0.89823002,0,twelvedata,2025-08-26 17:50:56
5044,AUD/CAD,2025-08-18 09:00:00,0.89920998,0.89967,0.89824998,0.89964998,0,twelvedata,2025-08-26 17:50:56
5045,AUD/CAD,2025-08-18 10:00:00,0.89958,0.89982998,0.89832002,0.89921999,0,twelvedata,2025-08-26 17:50:56
5046,AUD/CAD,2025-08-18 11:00:00,0.89921999,0.90013999,0.89841002,0.90004998,0,twelvedata,2025-08-26 17:50:56
5047,AUD/CAD,2025-08-18 12:00:00,0.90002,0.90006,0.89816999,0.89945,0,twelvedata,2025-08-26 17:50:56
5048,AUD/CAD,2025-08-18 13:00:00,0.89942998,0.89997,0.89840001,0.89990002,0,twelvedata,2025-08-26 17:50:56
5049,AUD/CAD,2025-08-18 14:00:00,0.89991999,0.90012997,0.89867002,0.89982003,0,twelvedata,2025-08-26 17:50:56
5050,AUD/CAD,2025-08-18 15:00:00,0.89982998,0.90039003,0.89876997,0.89964998,0,twelvedata,2025-08-26 17:50:56
5051,AUD/CAD,2025-08-18 16:00:00,0.89965999,0.89987999,0.89789999,0.89885002,0,twelvedata,2025-08-26 17:50:56
5052,AUD/CAD,2025-08-18 17:00:00,0.89884001,0.89920002,0.89767998,0.89867997,0,twelvedata,2025-08-26 17:50:56
5053,AUD/CAD,2025-08-18 18:00:00,0.89866,0.89911997,0.89731002,0.89863002,0,twelvedata,2025-08-26 17:50:56
5054,AUD/CAD,2025-08-18 19:00:00,0.89867002,0.89898002,0.89752001,0.89858001,0,twelvedata,2025-08-26 17:50:56
5055,AUD/CAD,2025-08-18 20:00:00,0.89853001,0.89863998,0.89723998,0.89807999,0,twelvedata,2025-08-26 17:50:56
5056,AUD/CAD,2025-08-18 21:00:00,0.89809,0.89841998,0.89688998,0.89774001,0,twelvedata,2025-08-26 17:50:56
5057,AUD/CAD,2025-08-18 22:00:00,0.89770001,0.89789999,0.89617002,0.89737999,0,twelvedata,2025-08-26 17:50:56
5058,AUD/CAD,2025-08-18 23:00:00,0.89736998,0.89804,0.89618999,0.89758003,0,twelvedata,2025-08-26 17:50:56
5059,AUD/CAD,2025-08-19 00:00:00,0.89757001,0.89788997,0.89551997,0.89670002,0,twelvedata,2025-08-26 17:50:56
5060,AUD/CAD,2025-08-19 01:00:00,0.89664,0.89726001,0.89538997,0.89695001,0,twelvedata,2025-08-26 17:50:56
5061,AUD/CAD,2025-08-19 02:00:00,0.89693999,0.89701003,0.89534003,0.89625001,0,twelvedata,2025-08-26 17:50:56
5062,AUD/CAD,2025-08-19 03:00:00,0.89625001,0.89657003,0.89521998,0.89618999,0,twelvedata,2025-08-26 17:50:56
5063,AUD/CAD,2025-08-19 04:00:00,0.89622998,0.89640999,0.8951,0.89638001,0,twelvedata,2025-08-26 17:50:56
5064,AUD/CAD,2025-08-19 05:00:00,0.89639997,0.89669001,0.89546001,0.89655,0,twelvedata,2025-08-26 17:50:56
5065,AUD/CAD,2025-08-19 06:00:00,0.89658999,0.89673001,0.89499003,0.89543998,0,twelvedata,2025-08-26 17:50:56
5066,AUD/CAD,2025-08-19 07:00:00,0.89581001,0.89621001,0.89463001,0.89577001,0,twelvedata,2025-08-26 17:50:56
5067,AUD/CAD,2025-08-19 08:00:00,0.89578998,0.89648002,0.89519,0.89602,0,twelvedata,2025-08-26 17:50:56
5068,AUD/CAD,2025-08-19 09:00:00,0.89609998,0.89653999,0.89497,0.89635998,0,twelvedata,2025-08-26 17:50:56
5069,AUD/CAD,2025-08-19 10:00:00,0.89633,0.89674997,0.89526999,0.89674997,0,twelvedata,2025-08-26 17:50:56
5070,AUD/CAD,2025-08-19 11:00:00,0.89668,0.89693999,0.89502001,0.89617997,0,twelvedata,2025-08-26 17:50:56
5071,AUD/CAD,2025-08-19 12:00:00,0.89621001,0.89643002,0.89500999,0.89636999,0,twelvedata,2025-08-26 17:50:56
5072,AUD/CAD,2025-08-19 13:00:00,0.89638001,0.89661998,0.89506,0.89582002,0,twelvedata,2025-08-26 17:50:56
5073,AUD/CAD,2025-08-19 14:00:00,0.89582002,0.89622003,0.89498001,0.89600998,0,twelvedata,2025-08-26 17:50:56
5074,AUD/CAD,2025-08-19 15:00:00,0.89600003,0.89633,0.89420998,0.89484,0,twelvedata,2025-08-26 17:50:56
5075,AUD/CAD,2025-08-19 16:00:00,0.89490002,0.89595997,0.89392,0.89590001,0,twelvedata,2025-08-26 17:50:56
5076,AUD/CAD,2025-08-19 17:00:00,0.89591002,0.89651,0.89455003,0.89598,0,twelvedata,2025-08-26 17:50:56
5077,AUD/CAD,2025-08-19 18:00:00,0.89595002,0.89622003,0.89472997,0.89596999,0,twelvedata,2025-08-26 17:50:56
5078,AUD/CAD,2025-08-19 19:00:00,0.89595997,0.89688998,0.89511001,0.89670002,0,twelvedata,2025-08-26 17:50:56
5079,AUD/CAD,2025-08-19 20:00:00,0.89668,0.89709002,0.89520001,0.89627999,0,twelvedata,2025-08-26 17:50:56
5080,AUD/CAD,2025-08-19 21:00:00,0.89622998,0.89665997,0.89512002,0.89651,0,twelvedata,2025-08-26 17:50:56
5081,AUD/CAD,2025-08-19 22:00:00,0.89656001,0.89744002,0.89560002,0.89692003,0,twelvedata,2025-08-26 17:50:56
5082,AUD/CAD,2025-08-19 23:00:00,0.89697999,0.89709997,0.89517999,0.89664,0,twelvedata,2025-08-26 17:50:56
5083,AUD/CAD,2025-08-20 00:00:00,0.89660001,0.89681,0.89466,0.89569998,0,twelvedata,2025-08-26 17:50:56
5084,AUD/CAD,2025-08-20 01:00:00,0.89565998,0.89572001,0.89411002,0.89504999,0,twelvedata,2025-08-26 17:50:56
5085,AUD/CAD,2025-08-20 02:00:00,0.89499998,0.89537001,0.89389002,0.89499003,0,twelvedata,2025-08-26 17:50:56
5086,AUD/CAD,2025-08-20 03:00:00,0.89495999,0.89500999,0.89357001,0.89480001,0,twelvedata,2025-08-26 17:50:56
5087,AUD/CAD,2025-08-20 04:00:00,0.89477003,0.89486003,0.89328003,0.89442998,0,twelvedata,2025-08-26 17:50:56
5088,AUD/CAD,2025-08-20 05:00:00,0.89438999,0.89473999,0.89333999,0.89469999,0,twelvedata,2025-08-26 17:50:56
5089,AUD/CAD,2025-08-20 06:00:00,0.89468998,0.8951,0.89348,0.89468002,0,twelvedata,2025-08-26 17:50:56
5090,AUD/CAD,2025-08-20 07:00:00,0.89459002,0.89604998,0.89354998,0.89433002,0,twelvedata,2025-08-26 17:50:56
5091,AUD/CAD,2025-08-20 08:00:00,0.89442998,0.89512998,0.89385003,0.89488,0,twelvedata,2025-08-26 17:50:56
5092,AUD/CAD,2025-08-20 09:00:00,0.89472997,0.89498001,0.89367002,0.89486003,0,twelvedata,2025-08-26 17:50:56
5093,AUD/CAD,2025-08-20 10:00:00,0.89477998,0.89500999,0.89320999,0.89467001,0,twelvedata,2025-08-26 17:50:56
5094,AUD/CAD,2025-08-20 11:00:00,0.89459002,0.89499998,0.89328998,0.89454001,0,twelvedata,2025-08-26 17:50:56
5095,AUD/CAD,2025-08-20 12:00:00,0.89460999,0.89468002,0.89170998,0.89313,0,twelvedata,2025-08-26 17:50:56
5096,AUD/CAD,2025-08-20 13:00:00,0.89305001,0.89374,0.89152998,0.89245999,0,twelvedata,2025-08-26 17:50:56
5097,AUD/CAD,2025-08-20 14:00:00,0.89236999,0.89390999,0.89152002,0.89366001,0,twelvedata,2025-08-26 17:50:56
5098,AUD/CAD,2025-08-20 15:00:00,0.89363998,0.89447999,0.89244998,0.89438999,0,twelvedata,2025-08-26 17:50:56
5099,AUD/CAD,2025-08-20 16:00:00,0.89442003,0.89455998,0.89222002,0.89365,0,twelvedata,2025-08-26 17:50:56
5100,AUD/CAD,2025-08-20 17:00:00,0.89365,0.89411998,0.89218003,0.89345998,0,twelvedata,2025-08-26 17:50:56
5101,AUD/CAD,2025-08-20 18:00:00,0.89345002,0.89348,0.89102,0.89288998,0,twelvedata,2025-08-26 17:50:56
5102,AUD/CAD,2025-08-20 19:00:00,0.89287001,0.89314997,0.89151001,0.89306003,0,twelvedata,2025-08-26 17:50:56
5103,AUD/CAD,2025-08-20 20:00:00,0.89304,0.89310998,0.89156997,0.89275002,0,twelvedata,2025-08-26 17:50:56
5104,AUD/CAD,2025-08-20 21:00:00,0.89267999,0.89295,0.89124,0.89208001,0,twelvedata,2025-08-26 17:50:56
5105,AUD/CAD,2025-08-20 22:00:00,0.89200002,0.89342999,0.89124,0.89286,0,twelvedata,2025-08-26 17:50:56
5106,AUD/CAD,2025-08-20 23:00:00,0.89283001,0.89315999,0.89052999,0.89144999,0,twelvedata,2025-08-26 17:50:56
5107,AUD/CAD,2025-08-21 00:00:00,0.89143997,0.89186001,0.88993001,0.89104998,0,twelvedata,2025-08-26 17:50:56
5108,AUD/CAD,2025-08-21 01:00:00,0.89105999,0.89257002,0.89016002,0.89169002,0,twelvedata,2025-08-26 17:50:56
5109,AUD/CAD,2025-08-21 02:00:00,0.89166999,0.89254999,0.89087999,0.89239001,0,twelvedata,2025-08-26 17:50:56
5110,AUD/CAD,2025-08-21 03:00:00,0.89234,0.89287001,0.89144999,0.89235997,0,twelvedata,2025-08-26 17:50:56
5111,AUD/CAD,2025-08-21 04:00:00,0.89236999,0.89252001,0.89082998,0.89195001,0,twelvedata,2025-08-26 17:50:56
5112,AUD/CAD,2025-08-21 05:00:00,0.89191997,0.89266002,0.89115,0.89262998,0,twelvedata,2025-08-26 17:50:56
5113,AUD/CAD,2025-08-21 06:00:00,0.89261001,0.89288998,0.89129001,0.89240998,0,twelvedata,2025-08-26 17:50:56
5114,AUD/CAD,2025-08-21 07:00:00,0.89218003,0.89219999,0.89081001,0.89188999,0,twelvedata,2025-08-26 17:50:56
5115,AUD/CAD,2025-08-21 08:00:00,0.89188999,0.89251,0.89138001,0.89231998,0,twelvedata,2025-08-26 17:50:56
5116,AUD/CAD,2025-08-21 09:00:00,0.89230001,0.89288002,0.89144999,0.89275998,0,twelvedata,2025-08-26 17:50:56
5117,AUD/CAD,2025-08-21 10:00:00,0.89261001,0.89297003,0.89094001,0.89183003,0,twelvedata,2025-08-26 17:50:56
5118,AUD/CAD,2025-08-21 11:00:00,0.89183998,0.89262003,0.89069003,0.89232999,0,twelvedata,2025-08-26 17:50:56
5119,AUD/CAD,2025-08-21 12:00:00,0.89222997,0.89239001,0.88990003,0.89082998,0,twelvedata,2025-08-26 17:50:56
5120,AUD/CAD,2025-08-21 13:00:00,0.89093,0.89152998,0.89014,0.89117998,0,twelvedata,2025-08-26 17:50:56
5121,AUD/CAD,2025-08-21 14:00:00,0.89116001,0.89159,0.88998997,0.89083999,0,twelvedata,2025-08-26 17:50:56
5122,AUD/CAD,2025-08-21 15:00:00,0.89085001,0.89153999,0.88953,0.89140999,0,twelvedata,2025-08-26 17:50:56
5123,AUD/CAD,2025-08-21 16:00:00,0.89139003,0.89170003,0.89011002,0.89108002,0,twelvedata,2025-08-26 17:50:56
5124,AUD/CAD,2025-08-21 17:00:00,0.89115,0.89148003,0.88993001,0.89129001,0,twelvedata,2025-08-26 17:50:56
5125,AUD/CAD,2025-08-21 18:00:00,0.89137,0.89152998,0.89016002,0.89138001,0,twelvedata,2025-08-26 17:50:56
5126,AUD/CAD,2025-08-21 19:00:00,0.89138001,0.89204001,0.89049,0.89155,0,twelvedata,2025-08-26 17:50:56
5127,AUD/CAD,2025-08-21 20:00:00,0.89153999,0.89243001,0.89061999,0.89226002,0,twelvedata,2025-08-26 17:50:56
5128,AUD/CAD,2025-08-21 21:00:00,0.89236999,0.89276999,0.89103001,0.89184999,0,twelvedata,2025-08-26 17:50:56
5129,AUD/CAD,2025-08-21 22:00:00,0.89183003,0.89258999,0.89090002,0.89196002,0,twelvedata,2025-08-26 17:50:56
5130,AUD/CAD,2025-08-21 23:00:00,0.89196002,0.89298999,0.89128,0.89226002,0,twelvedata,2025-08-26 17:50:56
5131,AUD/CAD,2025-08-22 00:00:00,0.89214998,0.89345002,0.89152998,0.89289999,0,twelvedata,2025-08-26 17:50:56
5132,AUD/CAD,2025-08-22 01:00:00,0.89288998,0.89304,0.89124,0.89234,0,twelvedata,2025-08-26 17:50:56
5133,AUD/CAD,2025-08-22 02:00:00,0.89223999,0.89257997,0.89118999,0.89235997,0,twelvedata,2025-08-26 17:50:56
5134,AUD/CAD,2025-08-22 03:00:00,0.89238,0.89310998,0.89157999,0.89284998,0,twelvedata,2025-08-26 17:50:56
5135,AUD/CAD,2025-08-22 04:00:00,0.89271998,0.89317,0.89182001,0.89289999,0,twelvedata,2025-08-26 17:50:56
5136,AUD/CAD,2025-08-22 05:00:00,0.89280999,0.89300001,0.89155,0.89278001,0,twelvedata,2025-08-26 17:50:56
5137,AUD/CAD,2025-08-22 06:00:00,0.89275998,0.89311999,0.89183998,0.89257002,0,twelvedata,2025-08-26 17:50:56
5138,AUD/CAD,2025-08-22 07:00:00,0.89254999,0.89333999,0.89194,0.89270997,0,twelvedata,2025-08-26 17:50:56
5139,AUD/CAD,2025-08-22 08:00:00,0.89274001,0.89349002,0.89218003,0.89315999,0,twelvedata,2025-08-26 17:50:56
5140,AUD/CAD,2025-08-22 09:00:00,0.89308,0.89323997,0.89205998,0.89319003,0,twelvedata,2025-08-26 17:50:56
5141,AUD/CAD,2025-08-22 10:00:00,0.89310998,0.89367998,0.89194,0.89344001,0,twelvedata,2025-08-26 17:50:56
5142,AUD/CAD,2025-08-22 11:00:00,0.89345998,0.89367002,0.89229,0.89335001,0,twelvedata,2025-08-26 17:50:56
5143,AUD/CAD,2025-08-22 12:00:00,0.89332998,0.89425999,0.89235997,0.89380997,0,twelvedata,2025-08-26 17:50:56
5144,AUD/CAD,2025-08-22 13:00:00,0.89379001,0.89424002,0.89262003,0.89354002,0,twelvedata,2025-08-26 17:50:56
5145,AUD/CAD,2025-08-22 14:00:00,0.89350998,0.89371002,0.89213997,0.89314997,0,twelvedata,2025-08-26 17:50:56
5146,AUD/CAD,2025-08-22 15:00:00,0.89306003,0.89314997,0.89184999,0.89274001,0,twelvedata,2025-08-26 17:50:56
5147,AUD/CAD,2025-08-22 16:00:00,0.89266002,0.89358002,0.89182001,0.89304,0,twelvedata,2025-08-26 17:50:56
5148,AUD/CAD,2025-08-22 17:00:00,0.89304,0.89380002,0.89199001,0.89350998,0,twelvedata,2025-08-26 17:50:56
5149,AUD/CAD,2025-08-22 18:00:00,0.89357001,0.89460999,0.89270002,0.89424002,0,twelvedata,2025-08-26 17:50:56
5150,AUD/CAD,2025-08-22 19:00:00,0.89427,0.89450002,0.89222997,0.89313,0,twelvedata,2025-08-26 17:50:56
5151,AUD/CAD,2025-08-22 20:00:00,0.89309001,0.89335001,0.89195001,0.89306998,0,twelvedata,2025-08-26 17:50:56
5152,AUD/CAD,2025-08-22 21:00:00,0.89306003,0.89332998,0.89191997,0.89323002,0,twelvedata,2025-08-26 17:50:56
5153,AUD/CAD,2025-08-22 22:00:00,0.89326,0.89418,0.8926,0.89358997,0,twelvedata,2025-08-26 17:50:56
5154,AUD/CAD,2025-08-22 23:00:00,0.89355999,0.89504999,0.89284998,0.89459997,0,twelvedata,2025-08-26 17:50:56
5155,AUD/CAD,2025-08-23 00:00:00,0.89454001,0.89898002,0.89454001,0.89822,0,twelvedata,2025-08-26 17:50:56
5156,AUD/CAD,2025-08-23 01:00:00,0.89822,0.89914,0.89646,0.89753997,0,twelvedata,2025-08-26 17:50:56
5157,AUD/CAD,2025-08-23 02:00:00,0.89757001,0.89804,0.89634001,0.89735001,0,twelvedata,2025-08-26 17:50:56
5158,AUD/CAD,2025-08-23 03:00:00,0.89735001,0.89779001,0.89630002,0.89745998,0,twelvedata,2025-08-26 17:50:56
5159,AUD/CAD,2025-08-23 04:00:00,0.89744997,0.89753997,0.89607,0.89697999,0,twelvedata,2025-08-26 17:50:56
5160,AUD/CAD,2025-08-23 05:00:00,0.89695001,0.89723998,0.89570999,0.89715999,0,twelvedata,2025-08-26 17:50:56
5161,AUD/CAD,2025-08-23 06:00:00,0.89717001,0.89772999,0.89613998,0.89740998,0,twelvedata,2025-08-26 17:50:56
5162,AUD/CAD,2025-08-23 07:00:00,0.89634001,0.89634001,0.89634001,0.89634001,0,twelvedata,2025-08-26 17:50:56
5163,AUD/CAD,2025-08-25 09:00:00,0.89704001,0.89736998,0.89581001,0.89674002,0,twelvedata,2025-08-26 17:50:56
5164,AUD/CAD,2025-08-25 10:00:00,0.89670002,0.89731002,0.89595002,0.89700001,0,twelvedata,2025-08-26 17:50:56
5165,AUD/CAD,2025-08-25 11:00:00,0.8969,0.89715999,0.89498001,0.89591998,0,twelvedata,2025-08-26 17:50:56
5166,AUD/CAD,2025-08-25 12:00:00,0.89583999,0.89688998,0.89512998,0.89683002,0,twelvedata,2025-08-26 17:50:56
5167,AUD/CAD,2025-08-25 13:00:00,0.89679998,0.89757001,0.89609998,0.89728999,0,twelvedata,2025-08-26 17:50:56
5168,AUD/CAD,2025-08-25 14:00:00,0.89727002,0.89804,0.89648002,0.89775002,0,twelvedata,2025-08-26 17:50:56
5169,AUD/CAD,2025-08-25 15:00:00,0.89771003,0.89855999,0.89682001,0.89823997,0,twelvedata,2025-08-26 17:50:56
5170,AUD/CAD,2025-08-25 16:00:00,0.89822,0.89911997,0.89749002,0.89864999,0,twelvedata,2025-08-26 17:50:56
5171,AUD/CAD,2025-08-25 17:00:00,0.89859998,0.89895999,0.89655,0.89734,0,twelvedata,2025-08-26 17:50:56
5172,AUD/CAD,2025-08-25 18:00:00,0.89732999,0.89837003,0.89669001,0.89815003,0,twelvedata,2025-08-26 17:50:56
5173,AUD/CAD,2025-08-25 19:00:00,0.89809,0.89815998,0.89622003,0.89744002,0,twelvedata,2025-08-26 17:50:56
5174,AUD/CAD,2025-08-25 20:00:00,0.89747,0.89789999,0.89631999,0.89778,0,twelvedata,2025-08-26 17:50:56
5175,AUD/CAD,2025-08-25 21:00:00,0.89780003,0.89840001,0.89683002,0.89831001,0,twelvedata,2025-08-26 17:50:56
5176,AUD/CAD,2025-08-25 22:00:00,0.89829999,0.89839,0.89633,0.89731002,0,twelvedata,2025-08-26 17:50:56
5177,AUD/CAD,2025-08-25 23:00:00,0.89727002,0.89828002,0.89630997,0.89810997,0,twelvedata,2025-08-26 17:50:56
5178,AUD/CAD,2025-08-26 00:00:00,0.89802998,0.89911997,0.89734,0.89846998,0,twelvedata,2025-08-26 17:50:56
5179,DOW JONES,2025-07-28 04:00:00,449.1646,449.9541,449.1646,449.6643,3283,alpha_vantage,2025-08-26 17:51:31
5180,DOW JONES,2025-07-28 05:00:00,449.6243,449.7342,449.4544,449.5044,2940,alpha_vantage,2025-08-26 17:51:31
5181,DOW JONES,2025-07-28 06:00:00,449.4844,449.6043,449.1446,449.2345,2097,alpha_vantage,2025-08-26 17:51:31
5182,DOW JONES,2025-07-28 07:00:00,449.2545,449.2645,448.9847,449.1246,10379,alpha_vantage,2025-08-26 17:51:31
5183,DOW JONES,2025-07-28 08:00:00,449.1946,450.9835,448.7348,449.2345,14233,alpha_vantage,2025-08-26 17:51:31
5184,DOW JONES,2025-07-28 09:00:00,449.2945,449.2945,447.5955,447.9453,527314,alpha_vantage,2025-08-26 17:51:31
5185,DOW JONES,2025-07-28 10:00:00,447.9453,449.175,447.8304,448.6349,629584,alpha_vantage,2025-08-26 17:51:31
5186,DOW JONES,2025-07-28 11:00:00,448.6249,449.1046,448.1652,448.9747,507829,alpha_vantage,2025-08-26 17:51:31
5187,DOW JONES,2025-07-28 12:00:00,448.9647,449.2146,448.2351,448.2851,254106,alpha_vantage,2025-08-26 17:51:31
5188,DOW JONES,2025-07-28 13:00:00,448.2551,448.5764,447.5156,447.5306,215777,alpha_vantage,2025-08-26 17:51:31
5189,DOW JONES,2025-07-28 14:00:00,447.5455,447.7954,447.1108,447.5555,222051,alpha_vantage,2025-08-26 17:51:31
5190,DOW JONES,2025-07-28 15:00:00,447.5206,448.1652,447.2757,448.0652,405516,alpha_vantage,2025-08-26 17:51:31
5191,DOW JONES,2025-07-28 16:00:00,448.0652,448.2951,447.9253,448.0353,59981,alpha_vantage,2025-08-26 17:51:31
5192,DOW JONES,2025-07-28 17:00:00,448.0452,448.6149,447.7554,448.2351,41695,alpha_vantage,2025-08-26 17:51:31
5193,DOW JONES,2025-07-28 18:00:00,448.0752,448.385,448.0752,448.3401,21013,alpha_vantage,2025-08-26 17:51:31
5194,DOW JONES,2025-07-28 19:00:00,448.266,448.3001,448.1152,448.2151,488,alpha_vantage,2025-08-26 17:51:31
5195,DOW JONES,2025-07-28 20:00:00,448.0752,448.0752,448.0752,448.0752,18254,alpha_vantage,2025-08-26 17:51:31
5196,DOW JONES,2025-07-29 04:00:00,448.2951,448.8548,448.2951,448.7248,5276,alpha_vantage,2025-08-26 17:51:31
5197,DOW JONES,2025-07-29 05:00:00,448.7049,449.2246,447.6455,448.5949,82128,alpha_vantage,2025-08-26 17:51:31
5198,DOW JONES,2025-07-29 06:00:00,448.495,448.7348,447.7054,448.425,13822,alpha_vantage,2025-08-26 17:51:31
5199,DOW JONES,2025-07-29 07:00:00,448.5749,449.0646,448.3051,448.9047,33568,alpha_vantage,2025-08-26 17:51:31
5200,DOW JONES,2025-07-29 08:00:00,448.8036,449.0645,448.0752,448.3932,19972,alpha_vantage,2025-08-26 17:51:31
5201,DOW JONES,2025-07-29 09:00:00,448.3551,448.5849,423.7196,447.7254,472658,alpha_vantage,2025-08-26 17:51:31
5202,DOW JONES,2025-07-29 10:00:00,447.8154,448.1352,446.4562,446.5461,529879,alpha_vantage,2025-08-26 17:51:31
5203,DOW JONES,2025-07-29 11:00:00,446.5361,446.856,445.7166,446.1764,447455,alpha_vantage,2025-08-26 17:51:31
5204,DOW JONES,2025-07-29 12:00:00,446.0964,446.731,445.8965,446.731,302311,alpha_vantage,2025-08-26 17:51:31
5205,DOW JONES,2025-07-29 13:00:00,446.706,447.1558,445.5467,446.0664,298304,alpha_vantage,2025-08-26 17:51:31
5206,DOW JONES,2025-07-29 14:00:00,445.9865,446.1064,445.6776,445.8465,262100,alpha_vantage,2025-08-26 17:51:31
5207,DOW JONES,2025-07-29 15:00:00,445.8366,446.2863,445.3868,446.1764,585938,alpha_vantage,2025-08-26 17:51:31
5208,DOW JONES,2025-07-29 16:00:00,446.2563,446.4062,445.5867,445.7066,76356,alpha_vantage,2025-08-26 17:51:31
5209,DOW JONES,2025-07-29 17:00:00,445.5967,446.2163,444.9871,445.4118,52973,alpha_vantage,2025-08-26 17:51:31
5210,DOW JONES,2025-07-29 18:00:00,445.6866,446.2163,445.6866,446.0264,20432,alpha_vantage,2025-08-26 17:51:31
5211,DOW JONES,2025-07-29 19:00:00,445.9965,446.1545,445.8467,445.9755,292,alpha_vantage,2025-08-26 17:51:31
5212,DOW JONES,2025-07-29 20:00:00,446.2163,446.2163,446.2163,446.2163,19011,alpha_vantage,2025-08-26 17:51:31
5213,DOW JONES,2025-07-30 04:00:00,446.0264,446.4962,445.9265,446.0864,1974,alpha_vantage,2025-08-26 17:51:31
5214,DOW JONES,2025-07-30 05:00:00,446.1764,446.3862,446.1264,446.2963,1853,alpha_vantage,2025-08-26 17:51:31
5215,DOW JONES,2025-07-30 06:00:00,446.3463,446.4162,446.2263,446.3662,6307,alpha_vantage,2025-08-26 17:51:31
5216,DOW JONES,2025-07-30 07:00:00,446.4062,446.5062,446.2663,446.4462,4117,alpha_vantage,2025-08-26 17:51:31
5217,DOW JONES,2025-07-30 08:00:00,446.4562,446.736,445.9865,446.4162,10318,alpha_vantage,2025-08-26 17:51:31
5218,DOW JONES,2025-07-30 09:00:00,446.2663,446.786,445.3768,446.3013,521060,alpha_vantage,2025-08-26 17:51:31
5219,DOW JONES,2025-07-30 10:00:00,446.3363,447.0748,445.8965,446.3163,390282,alpha_vantage,2025-08-26 17:51:31
5220,DOW JONES,2025-07-30 11:00:00,446.3363,446.3363,445.2369,446.1114,387025,alpha_vantage,2025-08-26 17:51:31
5221,DOW JONES,2025-07-30 12:00:00,446.1164,446.6261,445.9465,446.1564,250596,alpha_vantage,2025-08-26 17:51:31
5222,DOW JONES,2025-07-30 13:00:00,446.1664,446.746,446.0065,446.2963,303989,alpha_vantage,2025-08-26 17:51:31
5223,DOW JONES,2025-07-30 14:00:00,446.1963,447.1158,443.318,443.418,689063,alpha_vantage,2025-08-26 17:51:31
5224,DOW JONES,2025-07-30 15:00:00,443.408,444.7472,442.3486,444.4674,987086,alpha_vantage,2025-08-26 17:51:31
5225,DOW JONES,2025-07-30 16:00:00,444.4774,446.4827,443.8078,444.8072,178674,alpha_vantage,2025-08-26 17:51:31
5226,DOW JONES,2025-07-30 17:00:00,445.6267,445.9265,444.4973,445.007,78046,alpha_vantage,2025-08-26 17:51:31
5227,DOW JONES,2025-07-30 18:00:00,444.9771,445.355,444.4973,445.127,37915,alpha_vantage,2025-08-26 17:51:31
5228,DOW JONES,2025-07-30 19:00:00,445.2069,445.6267,445.127,445.1669,6132,alpha_vantage,2025-08-26 17:51:31
5229,DOW JONES,2025-07-30 20:00:00,444.4973,444.4973,444.4973,444.4973,29788,alpha_vantage,2025-08-26 17:51:31
5230,DOW JONES,2025-07-31 04:00:00,445.9265,446.5461,445.9265,446.2563,8096,alpha_vantage,2025-08-26 17:51:31
5231,DOW JONES,2025-07-31 05:00:00,446.3662,446.3662,445.7466,445.9865,5049,alpha_vantage,2025-08-26 17:51:31
5232,DOW JONES,2025-07-31 06:00:00,445.9265,446.0364,445.3568,445.3568,3658,alpha_vantage,2025-08-26 17:51:31
5233,DOW JONES,2025-07-31 07:00:00,445.4068,445.6766,445.117,445.3568,18337,alpha_vantage,2025-08-26 17:51:31
5234,DOW JONES,2025-07-31 08:00:00,445.4068,446.6561,444.4973,445.3968,9986,alpha_vantage,2025-08-26 17:51:31
5235,DOW JONES,2025-07-31 09:00:00,445.3968,445.8016,444.0776,445.6667,693066,alpha_vantage,2025-08-26 17:51:31
5236,DOW JONES,2025-07-31 10:00:00,445.6667,445.9365,443.9477,443.9677,551274,alpha_vantage,2025-08-26 17:51:31
5237,DOW JONES,2025-07-31 11:00:00,443.9677,444.4474,442.6984,444.3274,456235,alpha_vantage,2025-08-26 17:51:31
5238,DOW JONES,2025-07-31 12:00:00,444.3849,444.9071,444.0876,444.8471,272497,alpha_vantage,2025-08-26 17:51:31
5239,DOW JONES,2025-07-31 13:00:00,444.8172,444.8271,442.2687,442.5885,462133,alpha_vantage,2025-08-26 17:51:31
5240,DOW JONES,2025-07-31 14:00:00,442.5485,443.6379,441.2992,443.0082,461541,alpha_vantage,2025-08-26 17:51:31
5241,DOW JONES,2025-07-31 15:00:00,443.0682,443.418,440.2399,441.0494,1077340,alpha_vantage,2025-08-26 17:51:31
5242,DOW JONES,2025-07-31 16:00:00,441.0294,442.0188,440.4297,440.9195,89150,alpha_vantage,2025-08-26 17:51:31
5243,DOW JONES,2025-07-31 17:00:00,441.0694,442.0788,440.2399,441.1593,142359,alpha_vantage,2025-08-26 17:51:31
5244,DOW JONES,2025-07-31 18:00:00,440.7396,441.4192,440.2199,440.6496,35589,alpha_vantage,2025-08-26 17:51:31
5245,DOW JONES,2025-07-31 19:00:00,440.6196,440.9694,440.4497,440.8283,2066,alpha_vantage,2025-08-26 17:51:31
5246,DOW JONES,2025-07-31 20:00:00,441.0694,441.0694,441.0694,441.0694,21592,alpha_vantage,2025-08-26 17:51:31
5247,DOW JONES,2025-08-01 04:00:00,440.1999,440.1999,436.8918,437.4315,35183,alpha_vantage,2025-08-26 17:51:31
5248,DOW JONES,2025-08-01 05:00:00,437.4615,437.7613,437.2216,437.3616,5041,alpha_vantage,2025-08-26 17:51:31
5249,DOW JONES,2025-08-01 06:00:00,437.1617,437.2816,436.2422,436.5121,6994,alpha_vantage,2025-08-26 17:51:31
5250,DOW JONES,2025-08-01 07:00:00,436.5321,437.6914,436.5121,437.6914,15497,alpha_vantage,2025-08-26 17:51:31
5251,DOW JONES,2025-08-01 08:00:00,436.7219,441.0694,436.4901,437.3616,174064,alpha_vantage,2025-08-26 17:51:31
5252,DOW JONES,2025-08-01 09:00:00,437.4115,441.0694,434.2834,434.4733,1170498,alpha_vantage,2025-08-26 17:51:31
5253,DOW JONES,2025-08-01 10:00:00,434.4833,436.1523,433.1441,435.1029,1278540,alpha_vantage,2025-08-26 17:51:31
5254,DOW JONES,2025-08-01 11:00:00,435.1229,436.3422,434.5232,436.3422,562963,alpha_vantage,2025-08-26 17:51:31
5255,DOW JONES,2025-08-01 12:00:00,436.3422,437.0417,434.871,434.963,385643,alpha_vantage,2025-08-26 17:51:31
5256,DOW JONES,2025-08-01 13:00:00,434.923,435.1629,434.3034,434.5832,415837,alpha_vantage,2025-08-26 17:51:31
5257,DOW JONES,2025-08-01 14:00:00,434.5732,436.3022,433.8536,435.3328,601680,alpha_vantage,2025-08-26 17:51:31
5258,DOW JONES,2025-08-01 15:00:00,435.3328,436.4821,435.003,435.4827,1198676,alpha_vantage,2025-08-26 17:51:31
5259,DOW JONES,2025-08-01 16:00:00,435.5127,435.7825,435.3527,435.5426,357666,alpha_vantage,2025-08-26 17:51:31
5260,DOW JONES,2025-08-01 17:00:00,435.6076,435.9824,435.2328,435.5127,20542,alpha_vantage,2025-08-26 17:51:31
5261,DOW JONES,2025-08-01 18:00:00,435.6076,436.542,435.3827,435.3827,115663,alpha_vantage,2025-08-26 17:51:31
5262,DOW JONES,2025-08-01 19:00:00,435.8974,436.4321,435.2428,435.2428,187,alpha_vantage,2025-08-26 17:51:31
5263,DOW JONES,2025-08-01 20:00:00,435.4627,435.4627,435.4627,435.4627,113569,alpha_vantage,2025-08-26 17:51:31
5264,DOW JONES,2025-08-04 04:00:00,436.622,438.4609,436.622,438.351,8884,alpha_vantage,2025-08-26 17:51:31
5265,DOW JONES,2025-08-04 05:00:00,438.361,438.6808,438.341,438.4409,9927,alpha_vantage,2025-08-26 17:51:31
5266,DOW JONES,2025-08-04 06:00:00,438.4509,438.5808,437.9412,437.9412,4453,alpha_vantage,2025-08-26 17:51:31
5267,DOW JONES,2025-08-04 07:00:00,438.0112,438.0512,437.3616,437.3616,3720,alpha_vantage,2025-08-26 17:51:31
5268,DOW JONES,2025-08-04 08:00:00,437.4115,438.5109,435.4627,437.5215,4849,alpha_vantage,2025-08-26 17:51:31
5269,DOW JONES,2025-08-04 09:00:00,437.4415,439.7302,437.3316,439.7052,737337,alpha_vantage,2025-08-26 17:51:31
5270,DOW JONES,2025-08-04 10:00:00,439.7202,440.5297,439.0706,440.3298,840973,alpha_vantage,2025-08-26 17:51:31
5271,DOW JONES,2025-08-04 11:00:00,440.3198,440.8395,439.762,440.4697,649086,alpha_vantage,2025-08-26 17:51:31
5272,DOW JONES,2025-08-04 12:00:00,440.5097,441.1193,440.1199,440.8895,456513,alpha_vantage,2025-08-26 17:51:31
5273,DOW JONES,2025-08-04 13:00:00,440.8995,441.3892,440.2399,440.2898,367503,alpha_vantage,2025-08-26 17:51:31
5274,DOW JONES,2025-08-04 14:00:00,440.2798,440.9394,440.2399,440.6496,340571,alpha_vantage,2025-08-26 17:51:31
5275,DOW JONES,2025-08-04 15:00:00,440.6696,441.639,440.6196,441.5191,1316119,alpha_vantage,2025-08-26 17:51:31
5276,DOW JONES,2025-08-04 16:00:00,441.5491,442.2687,441.4791,442.2587,218297,alpha_vantage,2025-08-26 17:51:31
5277,DOW JONES,2025-08-04 17:00:00,442.1187,442.7259,441.5491,442.1887,241146,alpha_vantage,2025-08-26 17:51:31
5278,DOW JONES,2025-08-04 18:00:00,442.2687,442.3386,441.5491,441.9488,70501,alpha_vantage,2025-08-26 17:51:31
5279,DOW JONES,2025-08-04 19:00:00,441.9578,442.1487,441.8189,441.8789,1355,alpha_vantage,2025-08-26 17:51:31
5280,DOW JONES,2025-08-04 20:00:00,441.5491,441.5491,441.5491,441.5491,68490,alpha_vantage,2025-08-26 17:51:31
5281,DOW JONES,2025-08-05 04:00:00,442.0988,442.0988,441.659,441.749,4822,alpha_vantage,2025-08-26 17:51:31
5282,DOW JONES,2025-08-05 05:00:00,441.769,442.1787,441.769,441.9988,2548,alpha_vantage,2025-08-26 17:51:31
5283,DOW JONES,2025-08-05 06:00:00,442.1787,442.5085,440.8195,441.5291,17384,alpha_vantage,2025-08-26 17:51:31
5284,DOW JONES,2025-08-05 07:00:00,441.5991,441.9888,441.4392,441.9688,11182,alpha_vantage,2025-08-26 17:51:31
5285,DOW JONES,2025-08-05 08:00:00,441.7877,442.4935,441.2093,441.4242,14306,alpha_vantage,2025-08-26 17:51:31
5286,DOW JONES,2025-08-05 09:00:00,441.4991,442.7384,441.1593,441.4392,608363,alpha_vantage,2025-08-26 17:51:31
5287,DOW JONES,2025-08-05 10:00:00,441.4092,441.4092,438.9506,439.6602,818997,alpha_vantage,2025-08-26 17:51:31
5288,DOW JONES,2025-08-05 11:00:00,439.6302,440.5996,439.4503,440.5747,545183,alpha_vantage,2025-08-26 17:51:31
5289,DOW JONES,2025-08-05 12:00:00,440.5297,441.5891,440.4098,441.4292,377883,alpha_vantage,2025-08-26 17:51:31
5290,DOW JONES,2025-08-05 13:00:00,441.3792,442.1987,441.3292,441.709,260643,alpha_vantage,2025-08-26 17:51:31
5291,DOW JONES,2025-08-05 14:00:00,441.669,441.759,440.5197,440.9494,394685,alpha_vantage,2025-08-26 17:51:31
5292,DOW JONES,2025-08-05 15:00:00,440.9494,441.5091,440.6996,440.8895,950517,alpha_vantage,2025-08-26 17:51:31
5293,DOW JONES,2025-08-05 16:00:00,440.8895,441.2193,440.4547,441.0794,110284,alpha_vantage,2025-08-26 17:51:31
5294,DOW JONES,2025-08-05 17:00:00,441.1293,443.2981,439.94,440.7396,21646,alpha_vantage,2025-08-26 17:51:31
5295,DOW JONES,2025-08-05 18:00:00,440.8895,441.1993,440.4997,441.0119,29637,alpha_vantage,2025-08-26 17:51:31
5296,DOW JONES,2025-08-05 19:00:00,441.0782,441.1893,440.7296,440.7296,921,alpha_vantage,2025-08-26 17:51:31
5297,DOW JONES,2025-08-05 20:00:00,440.8795,440.8795,440.8795,440.8795,29085,alpha_vantage,2025-08-26 17:51:31
5298,DOW JONES,2025-08-06 04:00:00,441.4392,443.2581,441.4392,442.5585,9271,alpha_vantage,2025-08-26 17:51:31
5299,DOW JONES,2025-08-06 05:00:00,442.5985,442.6484,442.1887,442.2687,3902,alpha_vantage,2025-08-26 17:51:31
5300,DOW JONES,2025-08-06 06:00:00,442.2886,442.5985,441.9389,442.1687,8124,alpha_vantage,2025-08-26 17:51:31
5301,DOW JONES,2025-08-06 07:00:00,442.2986,442.7584,442.2687,442.3186,7752,alpha_vantage,2025-08-26 17:51:31
5302,DOW JONES,2025-08-06 08:00:00,443.2593,443.3555,440.8795,442.4286,15311,alpha_vantage,2025-08-26 17:51:31
5303,DOW JONES,2025-08-06 09:00:00,442.4486,442.7384,440.1099,440.6596,618789,alpha_vantage,2025-08-26 17:51:31
5304,DOW JONES,2025-08-06 10:00:00,440.5297,442.1187,439.8701,441.9139,519577,alpha_vantage,2025-08-26 17:51:31
5305,DOW JONES,2025-08-06 11:00:00,441.9688,442.4186,441.2393,442.2886,389545,alpha_vantage,2025-08-26 17:51:31
5306,DOW JONES,2025-08-06 12:00:00,442.2886,442.4386,441.5291,441.8693,303298,alpha_vantage,2025-08-26 17:51:31
5307,DOW JONES,2025-08-06 13:00:00,441.8689,442.2487,441.5891,442.0988,333244,alpha_vantage,2025-08-26 17:51:31
5308,DOW JONES,2025-08-06 14:00:00,442.1088,442.6884,441.759,441.7889,296327,alpha_vantage,2025-08-26 17:51:31
5309,DOW JONES,2025-08-06 15:00:00,441.779,442.3486,441.5791,441.679,420833,alpha_vantage,2025-08-26 17:51:31
5310,DOW JONES,2025-08-06 16:00:00,441.689,441.769,441.4891,441.619,82611,alpha_vantage,2025-08-26 17:51:31
5311,DOW JONES,2025-08-06 17:00:00,442.7384,442.7384,441.2343,441.719,15839,alpha_vantage,2025-08-26 17:51:31
5312,DOW JONES,2025-08-06 18:00:00,441.4392,442.2387,441.1293,442.1088,27860,alpha_vantage,2025-08-26 17:51:31
5313,DOW JONES,2025-08-06 19:00:00,442.1587,442.3586,441.9389,441.9888,1490,alpha_vantage,2025-08-26 17:51:31
5314,DOW JONES,2025-08-06 20:00:00,441.709,441.709,441.709,441.709,26137,alpha_vantage,2025-08-26 17:51:31
5315,DOW JONES,2025-08-07 04:00:00,442.4785,443.368,442.4785,443.0682,6806,alpha_vantage,2025-08-26 17:51:31
5316,DOW JONES,2025-08-07 05:00:00,443.0382,444.2375,443.0182,444.1276,9876,alpha_vantage,2025-08-26 17:51:31
5317,DOW JONES,2025-08-07 06:00:00,444.1076,444.5973,443.9677,444.2475,11335,alpha_vantage,2025-08-26 17:51:31
5318,DOW JONES,2025-08-07 07:00:00,444.0576,444.4873,443.6878,443.7478,14420,alpha_vantage,2025-08-26 17:51:31
5319,DOW JONES,2025-08-07 08:00:00,444.3175,444.4674,441.669,443.8159,17616,alpha_vantage,2025-08-26 17:51:31
5320,DOW JONES,2025-08-07 09:00:00,443.7878,444.7472,442.8083,443.368,714586,alpha_vantage,2025-08-26 17:51:31
5321,DOW JONES,2025-08-07 10:00:00,443.398,443.5979,439.1605,439.2804,1005580,alpha_vantage,2025-08-26 17:51:31
5322,DOW JONES,2025-08-07 11:00:00,439.3204,439.5703,438.2211,438.7208,661017,alpha_vantage,2025-08-26 17:51:31
5323,DOW JONES,2025-08-07 12:00:00,438.6908,439.4903,437.8912,438.4809,557394,alpha_vantage,2025-08-26 17:51:31
5324,DOW JONES,2025-08-07 13:00:00,438.5509,438.8407,437.7213,438.6407,414469,alpha_vantage,2025-08-26 17:51:31
5325,DOW JONES,2025-08-07 14:00:00,438.6308,438.9007,437.8713,438.6808,441839,alpha_vantage,2025-08-26 17:51:31
5326,DOW JONES,2025-08-07 15:00:00,438.6808,439.5403,438.371,439.4803,1106153,alpha_vantage,2025-08-26 17:51:31
5327,DOW JONES,2025-08-07 16:00:00,439.4603,439.98,411.5226,439.8301,559985,alpha_vantage,2025-08-26 17:51:31
5328,DOW JONES,2025-08-07 17:00:00,439.8001,440.1388,439.3304,439.7402,33970,alpha_vantage,2025-08-26 17:51:31
5329,DOW JONES,2025-08-07 18:00:00,439.9031,440.3898,439.4603,440.2299,176519,alpha_vantage,2025-08-26 17:51:31
5330,DOW JONES,2025-08-07 19:00:00,440.1499,440.2898,440.07,440.1449,1525,alpha_vantage,2025-08-26 17:51:31
5331,DOW JONES,2025-08-07 20:00:00,439.4603,439.4603,439.4603,439.4603,172291,alpha_vantage,2025-08-26 17:51:31
5332,DOW JONES,2025-08-08 04:00:00,440.3198,440.3798,440.07,440.1799,11825,alpha_vantage,2025-08-26 17:51:31
5333,DOW JONES,2025-08-08 05:00:00,440.1599,440.4797,440.1599,440.4797,1938,alpha_vantage,2025-08-26 17:51:31
5334,DOW JONES,2025-08-08 06:00:00,440.4198,440.7596,440.4098,440.7596,2015,alpha_vantage,2025-08-26 17:51:31
5335,DOW JONES,2025-08-08 07:00:00,440.7795,441.0494,440.6396,440.9494,5684,alpha_vantage,2025-08-26 17:51:31
5336,DOW JONES,2025-08-08 08:00:00,440.1856,441.0094,439.4603,440.318,7657,alpha_vantage,2025-08-26 17:51:31
5337,DOW JONES,2025-08-08 09:00:00,440.4997,444.0676,440.2099,441.3092,547025,alpha_vantage,2025-08-26 17:51:31
5338,DOW JONES,2025-08-08 10:00:00,441.3292,442.6185,440.8595,440.9394,701049,alpha_vantage,2025-08-26 17:51:31
5339,DOW JONES,2025-08-08 11:00:00,440.9494,441.1993,440.05,441.1093,370934,alpha_vantage,2025-08-26 17:51:31
5340,DOW JONES,2025-08-08 12:00:00,441.0894,442.1088,441.0294,441.5091,354179,alpha_vantage,2025-08-26 17:51:31
5341,DOW JONES,2025-08-08 13:00:00,441.5291,442.0788,441.1693,441.8689,384741,alpha_vantage,2025-08-26 17:51:31
5342,DOW JONES,2025-08-08 14:00:00,441.8889,442.2287,441.7889,441.8689,383192,alpha_vantage,2025-08-26 17:51:31
5343,DOW JONES,2025-08-08 15:00:00,441.8589,442.1987,440.9195,441.649,657915,alpha_vantage,2025-08-26 17:51:31
5344,DOW JONES,2025-08-08 16:00:00,441.659,442.4386,441.575,442.2387,235267,alpha_vantage,2025-08-26 17:51:31
5345,DOW JONES,2025-08-08 17:00:00,442.2387,442.7384,441.659,442.2087,111994,alpha_vantage,2025-08-26 17:51:31
5346,DOW JONES,2025-08-08 18:00:00,442.1787,442.5885,441.659,442.4086,46985,alpha_vantage,2025-08-26 17:51:31
5347,DOW JONES,2025-08-08 19:00:00,442.3786,442.3986,442.1787,442.2654,1696,alpha_vantage,2025-08-26 17:51:31
5348,DOW JONES,2025-08-08 20:00:00,441.659,441.659,441.659,441.659,46487,alpha_vantage,2025-08-26 17:51:31
5349,DOW JONES,2025-08-11 04:00:00,442.0088,442.5585,441.9289,442.3786,10473,alpha_vantage,2025-08-26 17:51:31
5350,DOW JONES,2025-08-11 05:00:00,442.3186,442.6784,442.2187,442.5985,4259,alpha_vantage,2025-08-26 17:51:31
5351,DOW JONES,2025-08-11 06:00:00,442.6284,442.8083,442.5385,442.7983,2132,alpha_vantage,2025-08-26 17:51:31
5352,DOW JONES,2025-08-11 07:00:00,442.7184,442.9583,442.7184,442.8883,6587,alpha_vantage,2025-08-26 17:51:31
5353,DOW JONES,2025-08-11 08:00:00,442.8283,442.9383,441.6554,442.2087,7236,alpha_vantage,2025-08-26 17:51:31
5354,DOW JONES,2025-08-11 09:00:00,442.3386,442.6085,440.6046,441.629,572033,alpha_vantage,2025-08-26 17:51:31
5355,DOW JONES,2025-08-11 10:00:00,441.619,441.9089,439.95,440.1099,670643,alpha_vantage,2025-08-26 17:51:31
5356,DOW JONES,2025-08-11 11:00:00,440.1199,440.7296,439.8201,440.6582,367064,alpha_vantage,2025-08-26 17:51:31
5357,DOW JONES,2025-08-11 12:00:00,440.7096,441.699,440.1899,440.2798,472774,alpha_vantage,2025-08-26 17:51:31
5358,DOW JONES,2025-08-11 13:00:00,440.2698,440.3398,439.4903,439.93,287076,alpha_vantage,2025-08-26 17:51:31
5359,DOW JONES,2025-08-11 14:00:00,439.97,440.05,439.0706,439.7102,312679,alpha_vantage,2025-08-26 17:51:31
5360,DOW JONES,2025-08-11 15:00:00,439.6702,439.96,438.9706,439.7801,690373,alpha_vantage,2025-08-26 17:51:31
5361,DOW JONES,2025-08-11 16:00:00,439.7701,439.8701,439.4703,439.5902,110239,alpha_vantage,2025-08-26 17:51:31
5362,DOW JONES,2025-08-11 17:00:00,439.7501,439.94,438.9806,439.4303,100949,alpha_vantage,2025-08-26 17:51:31
5363,DOW JONES,2025-08-11 18:00:00,439.6252,439.7501,439.2405,439.5902,32604,alpha_vantage,2025-08-26 17:51:31
5364,DOW JONES,2025-08-11 19:00:00,439.6614,439.7002,439.4903,439.5753,2618,alpha_vantage,2025-08-26 17:51:31
5365,DOW JONES,2025-08-11 20:00:00,439.7501,439.7501,439.7501,439.7501,32170,alpha_vantage,2025-08-26 17:51:31
5366,DOW JONES,2025-08-12 04:00:00,439.8401,440.5697,439.8401,440.2698,6883,alpha_vantage,2025-08-26 17:51:31
5367,DOW JONES,2025-08-12 05:00:00,440.2698,440.3898,440.1699,440.1699,6754,alpha_vantage,2025-08-26 17:51:31
5368,DOW JONES,2025-08-12 06:00:00,440.0899,440.1099,439.8201,439.9101,4523,alpha_vantage,2025-08-26 17:51:31
5369,DOW JONES,2025-08-12 07:00:00,439.92,439.92,439.3704,439.7901,7197,alpha_vantage,2025-08-26 17:51:31
5370,DOW JONES,2025-08-12 08:00:00,439.5902,442.5685,439.4653,441.9788,31995,alpha_vantage,2025-08-26 17:51:31
5371,DOW JONES,2025-08-12 09:00:00,442.0088,442.5285,440.8795,442.0988,967603,alpha_vantage,2025-08-26 17:51:31
5372,DOW JONES,2025-08-12 10:00:00,442.0988,444.6972,441.9289,444.1276,1281556,alpha_vantage,2025-08-26 17:51:31
5373,DOW JONES,2025-08-12 11:00:00,444.1176,444.5973,443.8078,444.2475,563940,alpha_vantage,2025-08-26 17:51:31
5374,DOW JONES,2025-08-12 12:00:00,444.2275,444.4973,444.0976,444.1674,362804,alpha_vantage,2025-08-26 17:51:31
5375,DOW JONES,2025-08-12 13:00:00,444.1675,444.5573,443.9777,444.4074,298664,alpha_vantage,2025-08-26 17:51:31
5376,DOW JONES,2025-08-12 14:00:00,444.4774,444.8871,444.0476,444.0476,387447,alpha_vantage,2025-08-26 17:51:31
5377,DOW JONES,2025-08-12 15:00:00,444.0376,444.6373,443.9976,444.3774,897746,alpha_vantage,2025-08-26 17:51:31
5378,DOW JONES,2025-08-12 16:00:00,444.3674,444.6273,444.3674,444.3874,181851,alpha_vantage,2025-08-26 17:51:31
5379,DOW JONES,2025-08-12 17:00:00,444.4324,444.6273,444.1775,444.4174,126695,alpha_vantage,2025-08-26 17:51:31
5380,DOW JONES,2025-08-12 18:00:00,444.2875,444.427,444.1975,444.2871,57314,alpha_vantage,2025-08-26 17:51:31
5381,DOW JONES,2025-08-12 19:00:00,444.3075,444.6373,444.2575,444.6263,9427,alpha_vantage,2025-08-26 17:51:31
5382,DOW JONES,2025-08-12 20:00:00,444.4174,444.4174,444.4174,444.4174,56618,alpha_vantage,2025-08-26 17:51:31
5383,DOW JONES,2025-08-13 04:00:00,444.9371,445.6167,444.9171,445.4168,6576,alpha_vantage,2025-08-26 17:51:31
5384,DOW JONES,2025-08-13 05:00:00,445.4468,445.8366,445.3568,445.8366,7300,alpha_vantage,2025-08-26 17:51:31
5385,DOW JONES,2025-08-13 06:00:00,445.8066,445.9865,445.7566,445.9865,8056,alpha_vantage,2025-08-26 17:51:31
5386,DOW JONES,2025-08-13 07:00:00,445.9565,445.9565,445.6367,445.7166,11176,alpha_vantage,2025-08-26 17:51:31
5387,DOW JONES,2025-08-13 08:00:00,444.9171,446.1364,444.2275,445.9665,9747,alpha_vantage,2025-08-26 17:51:31
5388,DOW JONES,2025-08-13 09:00:00,446.0214,448.525,441.5541,448.2951,1228056,alpha_vantage,2025-08-26 17:51:31
5389,DOW JONES,2025-08-13 10:00:00,448.3151,448.7748,446.737,446.9559,1197725,alpha_vantage,2025-08-26 17:51:31
5390,DOW JONES,2025-08-13 11:00:00,446.9459,448.1652,446.9059,447.3656,787133,alpha_vantage,2025-08-26 17:51:31
5391,DOW JONES,2025-08-13 12:00:00,447.3756,448.2845,447.2757,447.4956,722954,alpha_vantage,2025-08-26 17:51:31
5392,DOW JONES,2025-08-13 13:00:00,447.5256,447.8254,447.0258,447.5555,472506,alpha_vantage,2025-08-26 17:51:31
5393,DOW JONES,2025-08-13 14:00:00,447.5256,448.9347,447.4156,448.475,537842,alpha_vantage,2025-08-26 17:51:31
5394,DOW JONES,2025-08-13 15:00:00,448.495,449.3845,448.455,449.1646,973177,alpha_vantage,2025-08-26 17:51:31
5395,DOW JONES,2025-08-13 16:00:00,449.1646,449.5544,449.0347,449.0347,186729,alpha_vantage,2025-08-26 17:51:31
5396,DOW JONES,2025-08-13 17:00:00,448.9747,449.1746,448.9347,449.1046,160325,alpha_vantage,2025-08-26 17:51:31
5397,DOW JONES,2025-08-13 18:00:00,449.0347,449.2046,448.6549,449.1646,57729,alpha_vantage,2025-08-26 17:51:31
5398,DOW JONES,2025-08-13 19:00:00,449.2445,449.3045,449.1446,449.1846,948,alpha_vantage,2025-08-26 17:51:31
5399,DOW JONES,2025-08-13 20:00:00,449.1546,449.1546,449.1546,449.1546,54843,alpha_vantage,2025-08-26 17:51:31
5400,DOW JONES,2025-08-14 04:00:00,449.2945,449.3445,449.1446,449.2146,2633,alpha_vantage,2025-08-26 17:51:31
5401,DOW JONES,2025-08-14 05:00:00,449.1846,449.5544,449.1446,449.3345,1802,alpha_vantage,2025-08-26 17:51:31
5402,DOW JONES,2025-08-14 06:00:00,449.4644,449.5344,448.8947,448.9447,4359,alpha_vantage,2025-08-26 17:51:31
5403,DOW JONES,2025-08-14 07:00:00,448.9847,449.3245,448.8548,449.3245,2736,alpha_vantage,2025-08-26 17:51:31
5404,DOW JONES,2025-08-14 08:00:00,448.9847,449.3945,447.1058,447.7354,29516,alpha_vantage,2025-08-26 17:51:31
5405,DOW JONES,2025-08-14 09:00:00,447.5655,448.1452,446.1264,447.9053,658336,alpha_vantage,2025-08-26 17:51:31
5406,DOW JONES,2025-08-14 10:00:00,447.9553,448.6899,447.3956,448.2951,685085,alpha_vantage,2025-08-26 17:51:31
5407,DOW JONES,2025-08-14 11:00:00,448.3151,448.3251,447.1458,447.6855,715527,alpha_vantage,2025-08-26 17:51:31
5408,DOW JONES,2025-08-14 12:00:00,447.6555,447.6555,446.716,447.4056,644944,alpha_vantage,2025-08-26 17:51:31
5409,DOW JONES,2025-08-14 13:00:00,447.3956,448.1752,447.3457,447.9653,389570,alpha_vantage,2025-08-26 17:51:31
5410,DOW JONES,2025-08-14 14:00:00,448.0253,448.6249,447.8354,448.425,453568,alpha_vantage,2025-08-26 17:51:31
5411,DOW JONES,2025-08-14 15:00:00,448.395,449.3745,448.3651,448.8648,774879,alpha_vantage,2025-08-26 17:51:31
5412,DOW JONES,2025-08-14 16:00:00,448.8648,450.4138,448.525,450.194,147766,alpha_vantage,2025-08-26 17:51:31
5413,DOW JONES,2025-08-14 17:00:00,450.154,450.2839,448.8947,449.9041,89112,alpha_vantage,2025-08-26 17:51:31
5414,DOW JONES,2025-08-14 18:00:00,449.9741,450.6237,448.8947,450.6237,31409,alpha_vantage,2025-08-26 17:51:31
5415,DOW JONES,2025-08-14 19:00:00,450.6765,450.7237,450.5138,450.5188,4385,alpha_vantage,2025-08-26 17:51:31
5416,DOW JONES,2025-08-14 20:00:00,448.8947,448.8947,448.8947,448.8947,23161,alpha_vantage,2025-08-26 17:51:31
5417,DOW JONES,2025-08-15 04:00:00,451.0,452.69,451.0,452.1,10489,alpha_vantage,2025-08-26 17:51:31
5418,DOW JONES,2025-08-15 05:00:00,452.12,452.17,451.71,451.76,1697,alpha_vantage,2025-08-26 17:51:31
5419,DOW JONES,2025-08-15 06:00:00,451.66,452.29,451.6,452.28,3951,alpha_vantage,2025-08-26 17:51:31
5420,DOW JONES,2025-08-15 07:00:00,452.22,452.26,451.79,451.799,5640,alpha_vantage,2025-08-26 17:51:31
5421,DOW JONES,2025-08-15 08:00:00,452.19,452.7,449.16,451.73,282724,alpha_vantage,2025-08-26 17:51:31
5422,DOW JONES,2025-08-15 09:00:00,451.74,452.05,450.24,450.48,1050085,alpha_vantage,2025-08-26 17:51:31
5423,DOW JONES,2025-08-15 10:00:00,450.35,450.37,448.97,449.5,730705,alpha_vantage,2025-08-26 17:51:31
5424,DOW JONES,2025-08-15 11:00:00,449.48,450.5,449.07,449.89,986099,alpha_vantage,2025-08-26 17:51:31
5425,DOW JONES,2025-08-15 12:00:00,449.91,450.38,449.8,450.12,642995,alpha_vantage,2025-08-26 17:51:31
5426,DOW JONES,2025-08-15 13:00:00,450.1,450.89,449.93,450.77,418861,alpha_vantage,2025-08-26 17:51:31
5427,DOW JONES,2025-08-15 14:00:00,450.76,450.76,449.97,450.26,510503,alpha_vantage,2025-08-26 17:51:31
5428,DOW JONES,2025-08-15 15:00:00,450.23,450.27,449.34,449.54,760358,alpha_vantage,2025-08-26 17:51:31
5429,DOW JONES,2025-08-15 16:00:00,449.56,449.6,449.04,449.215,92943,alpha_vantage,2025-08-26 17:51:31
5430,DOW JONES,2025-08-15 17:00:00,449.22,449.56,448.98,449.56,140120,alpha_vantage,2025-08-26 17:51:31
5431,DOW JONES,2025-08-15 18:00:00,450.55,451.33,449.1,449.765,27658,alpha_vantage,2025-08-26 17:51:31
5432,DOW JONES,2025-08-15 19:00:00,450.55,450.55,449.454,449.56,786,alpha_vantage,2025-08-26 17:51:31
5433,DOW JONES,2025-08-15 20:00:00,449.53,449.53,449.53,449.53,26997,alpha_vantage,2025-08-26 17:51:31
5434,DOW JONES,2025-08-18 04:00:00,449.28,449.44,448.25,449.3,12255,alpha_vantage,2025-08-26 17:51:31
5435,DOW JONES,2025-08-18 05:00:00,449.28,449.32,448.86,448.95,1633,alpha_vantage,2025-08-26 17:51:31
5436,DOW JONES,2025-08-18 06:00:00,448.88,449.13,448.78,449.04,6967,alpha_vantage,2025-08-26 17:51:31
5437,DOW JONES,2025-08-18 07:00:00,449.01,449.28,448.93,449.28,1847,alpha_vantage,2025-08-26 17:51:31
5438,DOW JONES,2025-08-18 08:00:00,449.11,450.18,448.2787,449.66,6732,alpha_vantage,2025-08-26 17:51:31
5439,DOW JONES,2025-08-18 09:00:00,449.635,449.97,448.689,448.789,632087,alpha_vantage,2025-08-26 17:51:31
5440,DOW JONES,2025-08-18 10:00:00,448.8,449.94,448.63,449.59,682575,alpha_vantage,2025-08-26 17:51:31
5441,DOW JONES,2025-08-18 11:00:00,449.59,449.73,449.11,449.2,436693,alpha_vantage,2025-08-26 17:51:31
5442,DOW JONES,2025-08-18 12:00:00,449.16,449.6,448.92,449.21,399207,alpha_vantage,2025-08-26 17:51:31
5443,DOW JONES,2025-08-18 13:00:00,449.22,449.85,448.93,448.96,381626,alpha_vantage,2025-08-26 17:51:31
5444,DOW JONES,2025-08-18 14:00:00,448.93,449.23,448.63,449.11,366547,alpha_vantage,2025-08-26 17:51:31
5445,DOW JONES,2025-08-18 15:00:00,449.13,449.44,448.74,449.05,733702,alpha_vantage,2025-08-26 17:51:31
5446,DOW JONES,2025-08-18 16:00:00,449.06,449.22,448.895,449.08,62444,alpha_vantage,2025-08-26 17:51:31
5447,DOW JONES,2025-08-18 17:00:00,449.15,449.88,448.68,448.8,118317,alpha_vantage,2025-08-26 17:51:31
5448,DOW JONES,2025-08-18 18:00:00,449.6486,449.6486,449.05,449.475,19593,alpha_vantage,2025-08-26 17:51:31
5449,DOW JONES,2025-08-18 19:00:00,449.46,449.46,449.201,449.32,4552,alpha_vantage,2025-08-26 17:51:31
5450,DOW JONES,2025-08-18 20:00:00,449.05,449.05,449.05,449.05,19191,alpha_vantage,2025-08-26 17:51:31
5451,DOW JONES,2025-08-19 04:00:00,448.75,449.15,448.71,449.12,3057,alpha_vantage,2025-08-26 17:51:31
5452,DOW JONES,2025-08-19 05:00:00,449.18,449.32,449.18,449.21,3460,alpha_vantage,2025-08-26 17:51:31
5453,DOW JONES,2025-08-19 06:00:00,449.19,449.19,448.0,448.94,4348,alpha_vantage,2025-08-26 17:51:31
5454,DOW JONES,2025-08-19 07:00:00,449.0,449.75,448.98,449.721,3186,alpha_vantage,2025-08-26 17:51:31
5455,DOW JONES,2025-08-19 08:00:00,449.74,450.24,448.48,450.02,8334,alpha_vantage,2025-08-26 17:51:31
5456,DOW JONES,2025-08-19 09:00:00,450.06,450.98,449.54,450.4752,597297,alpha_vantage,2025-08-26 17:51:31
5457,DOW JONES,2025-08-19 10:00:00,450.4642,452.15,450.4642,450.52,1266286,alpha_vantage,2025-08-26 17:51:31
5458,DOW JONES,2025-08-19 11:00:00,450.53,450.5999,448.96,449.1,1201198,alpha_vantage,2025-08-26 17:51:31
5459,DOW JONES,2025-08-19 12:00:00,449.09,449.49,448.79,449.21,561206,alpha_vantage,2025-08-26 17:51:31
5460,DOW JONES,2025-08-19 13:00:00,449.22,449.42,448.55,449.03,568825,alpha_vantage,2025-08-26 17:51:31
5461,DOW JONES,2025-08-19 14:00:00,449.05,449.1,448.21,448.62,452425,alpha_vantage,2025-08-26 17:51:31
5462,DOW JONES,2025-08-19 15:00:00,448.61,449.41,448.36,449.29,920499,alpha_vantage,2025-08-26 17:51:31
5463,DOW JONES,2025-08-19 16:00:00,449.29,449.6,449.29,449.56,82986,alpha_vantage,2025-08-26 17:51:31
5464,DOW JONES,2025-08-19 17:00:00,449.46,450.0,448.98,449.15,167350,alpha_vantage,2025-08-26 17:51:31
5465,DOW JONES,2025-08-19 18:00:00,449.26,449.7199,449.21,449.52,28857,alpha_vantage,2025-08-26 17:51:31
5466,DOW JONES,2025-08-19 19:00:00,449.56,449.59,449.18,449.351,957,alpha_vantage,2025-08-26 17:51:31
5467,DOW JONES,2025-08-19 20:00:00,449.29,449.29,449.29,449.29,25054,alpha_vantage,2025-08-26 17:51:31
5468,DOW JONES,2025-08-20 04:00:00,448.42,448.42,448.04,448.33,2739,alpha_vantage,2025-08-26 17:51:31
5469,DOW JONES,2025-08-20 05:00:00,448.22,448.78,448.13,448.59,5772,alpha_vantage,2025-08-26 17:51:31
5470,DOW JONES,2025-08-20 06:00:00,448.56,448.97,448.5,448.8,4032,alpha_vantage,2025-08-26 17:51:31
5471,DOW JONES,2025-08-20 07:00:00,448.8,449.13,448.8,449.13,5283,alpha_vantage,2025-08-26 17:51:31
5472,DOW JONES,2025-08-20 08:00:00,448.93,449.47,448.0,449.33,7650,alpha_vantage,2025-08-26 17:51:31
5473,DOW JONES,2025-08-20 09:00:00,449.3599,450.521,448.57,448.75,936800,alpha_vantage,2025-08-26 17:51:31
5474,DOW JONES,2025-08-20 10:00:00,448.73,449.29,447.67,448.19,915899,alpha_vantage,2025-08-26 17:51:31
5475,DOW JONES,2025-08-20 11:00:00,448.16,449.79,448.14,448.56,570054,alpha_vantage,2025-08-26 17:51:31
5476,DOW JONES,2025-08-20 12:00:00,448.54,449.45,448.39,448.87,493059,alpha_vantage,2025-08-26 17:51:31
5477,DOW JONES,2025-08-20 13:00:00,448.87,449.62,448.68,449.34,309156,alpha_vantage,2025-08-26 17:51:31
5478,DOW JONES,2025-08-20 14:00:00,449.325,449.41,448.04,449.0,506612,alpha_vantage,2025-08-26 17:51:31
5479,DOW JONES,2025-08-20 15:00:00,449.04,450.25,449.03,449.34,774167,alpha_vantage,2025-08-26 17:51:31
5480,DOW JONES,2025-08-20 16:00:00,449.33,449.52,449.2,449.52,230933,alpha_vantage,2025-08-26 17:51:31
5481,DOW JONES,2025-08-20 17:00:00,449.68,450.3,449.2,449.2,57883,alpha_vantage,2025-08-26 17:51:31
5482,DOW JONES,2025-08-20 18:00:00,449.75,449.75,449.01,449.09,51233,alpha_vantage,2025-08-26 17:51:31
5483,DOW JONES,2025-08-20 19:00:00,449.149,449.15,448.9,449.01,6698,alpha_vantage,2025-08-26 17:51:31
5484,DOW JONES,2025-08-20 20:00:00,449.36,449.36,449.36,449.36,48769,alpha_vantage,2025-08-26 17:51:31
5485,DOW JONES,2025-08-21 04:00:00,448.98,449.03,448.28,448.41,6324,alpha_vantage,2025-08-26 17:51:31
5486,DOW JONES,2025-08-21 05:00:00,448.15,448.38,448.0,448.02,3716,alpha_vantage,2025-08-26 17:51:31
5487,DOW JONES,2025-08-21 06:00:00,448.0,448.45,447.41,448.14,14045,alpha_vantage,2025-08-26 17:51:31
5488,DOW JONES,2025-08-21 07:00:00,448.02,448.39,447.71,447.83,14158,alpha_vantage,2025-08-26 17:51:31
5489,DOW JONES,2025-08-21 08:00:00,448.13,449.36,447.33,447.635,19146,alpha_vantage,2025-08-26 17:51:31
5490,DOW JONES,2025-08-21 09:00:00,447.64,447.91,445.88,447.16,651465,alpha_vantage,2025-08-26 17:51:31
5491,DOW JONES,2025-08-21 10:00:00,447.16,448.95,446.9,448.49,646685,alpha_vantage,2025-08-26 17:51:31
5492,DOW JONES,2025-08-21 11:00:00,448.52,449.07,447.37,447.57,528625,alpha_vantage,2025-08-26 17:51:31
5493,DOW JONES,2025-08-21 12:00:00,447.56,448.0,447.18,447.33,469569,alpha_vantage,2025-08-26 17:51:31
5494,DOW JONES,2025-08-21 13:00:00,447.33,448.2,446.67,447.98,355754,alpha_vantage,2025-08-26 17:51:31
5495,DOW JONES,2025-08-21 14:00:00,447.9,448.4,447.54,448.35,382945,alpha_vantage,2025-08-26 17:51:31
5496,DOW JONES,2025-08-21 15:00:00,448.3,448.4899,447.62,447.97,541675,alpha_vantage,2025-08-26 17:51:31
5497,DOW JONES,2025-08-21 16:00:00,447.97,448.4,447.94,448.13,135704,alpha_vantage,2025-08-26 17:51:31
5498,DOW JONES,2025-08-21 17:00:00,448.5,448.5,447.525,448.255,50129,alpha_vantage,2025-08-26 17:51:31
5499,DOW JONES,2025-08-21 18:00:00,448.27,448.67,447.95,448.5519,20874,alpha_vantage,2025-08-26 17:51:31
5500,DOW JONES,2025-08-21 19:00:00,448.55,448.68,448.42,448.63,678,alpha_vantage,2025-08-26 17:51:31
5501,DOW JONES,2025-08-21 20:00:00,447.95,447.95,447.95,447.95,20258,alpha_vantage,2025-08-26 17:51:31
5502,DOW JONES,2025-08-22 04:00:00,448.69,449.38,448.61,449.32,6995,alpha_vantage,2025-08-26 17:51:31
5503,DOW JONES,2025-08-22 05:00:00,449.32,449.61,449.32,449.51,1548,alpha_vantage,2025-08-26 17:51:31
5504,DOW JONES,2025-08-22 06:00:00,449.56,449.77,449.52,449.6,6844,alpha_vantage,2025-08-26 17:51:31
5505,DOW JONES,2025-08-22 07:00:00,449.61,449.69,449.31,449.35,6457,alpha_vantage,2025-08-26 17:51:31
5506,DOW JONES,2025-08-22 08:00:00,449.6019,449.69,447.24,449.47,16449,alpha_vantage,2025-08-26 17:51:31
5507,DOW JONES,2025-08-22 09:00:00,449.41,451.96,449.41,451.46,866502,alpha_vantage,2025-08-26 17:51:31
5508,DOW JONES,2025-08-22 10:00:00,451.5,457.21,451.5,456.94,2678902,alpha_vantage,2025-08-26 17:51:31
5509,DOW JONES,2025-08-22 11:00:00,456.95,457.67,456.28,457.29,1255204,alpha_vantage,2025-08-26 17:51:31
5510,DOW JONES,2025-08-22 12:00:00,457.31,457.87,456.81,456.99,970063,alpha_vantage,2025-08-26 17:51:31
5511,DOW JONES,2025-08-22 13:00:00,456.9996,457.475,456.91,456.965,565171,alpha_vantage,2025-08-26 17:51:31
5512,DOW JONES,2025-08-22 14:00:00,456.95,457.1,456.36,456.7,435192,alpha_vantage,2025-08-26 17:51:31
5513,DOW JONES,2025-08-22 15:00:00,456.72,456.88,456.2,456.63,1089826,alpha_vantage,2025-08-26 17:51:31
5514,DOW JONES,2025-08-22 16:00:00,456.61,457.02,456.5834,456.7,451669,alpha_vantage,2025-08-26 17:51:31
5515,DOW JONES,2025-08-22 17:00:00,456.76,457.0,456.0,457.0,374960,alpha_vantage,2025-08-26 17:51:31
5516,DOW JONES,2025-08-22 18:00:00,456.95,457.14,456.64,457.09,98920,alpha_vantage,2025-08-26 17:51:31
5517,DOW JONES,2025-08-22 19:00:00,457.09,457.14,456.94,457.11,2439,alpha_vantage,2025-08-26 17:51:31
5518,DOW JONES,2025-08-22 20:00:00,456.64,456.64,456.64,456.64,97364,alpha_vantage,2025-08-26 17:51:31
5519,DOW JONES,2025-08-25 04:00:00,456.34,456.34,455.88,455.94,3017,alpha_vantage,2025-08-26 17:51:31
5520,DOW JONES,2025-08-25 05:00:00,455.94,455.95,455.73,455.75,1663,alpha_vantage,2025-08-26 17:51:31
5521,DOW JONES,2025-08-25 06:00:00,455.79,455.82,455.6,455.72,5741,alpha_vantage,2025-08-26 17:51:31
5522,DOW JONES,2025-08-25 07:00:00,455.63,455.96,455.6,455.74,4773,alpha_vantage,2025-08-26 17:51:31
5523,DOW JONES,2025-08-25 08:00:00,456.1188,456.6426,455.09,455.32,23959,alpha_vantage,2025-08-26 17:51:31
5524,DOW JONES,2025-08-25 09:00:00,455.28,456.19,455.279,455.52,718326,alpha_vantage,2025-08-26 17:51:31
5525,DOW JONES,2025-08-25 10:00:00,455.51,455.7144,454.32,454.56,769136,alpha_vantage,2025-08-26 17:51:31
5526,DOW JONES,2025-08-25 11:00:00,454.53,454.92,454.02,454.3492,495195,alpha_vantage,2025-08-26 17:51:31
5527,DOW JONES,2025-08-25 12:00:00,454.32,454.6,454.15,454.49,253851,alpha_vantage,2025-08-26 17:51:31
5528,DOW JONES,2025-08-25 13:00:00,454.48,454.53,453.7,454.01,406565,alpha_vantage,2025-08-26 17:51:31
5529,DOW JONES,2025-08-25 14:00:00,454.06,454.06,453.64,453.72,318776,alpha_vantage,2025-08-26 17:51:31
5530,DOW JONES,2025-08-25 15:00:00,453.74,453.76,453.03,453.09,681093,alpha_vantage,2025-08-26 17:51:31
5531,DOW JONES,2025-08-25 16:00:00,453.1,453.57,453.0,453.51,182683,alpha_vantage,2025-08-26 17:51:31
5532,DOW JONES,2025-08-25 17:00:00,453.56,453.7,453.0,453.28,144344,alpha_vantage,2025-08-26 17:51:31
5533,DOW JONES,2025-08-25 18:00:00,453.4337,453.77,453.07,453.6608,59827,alpha_vantage,2025-08-26 17:51:31
5534,DOW JONES,2025-08-25 19:00:00,453.715,453.77,453.461,453.601,1048,alpha_vantage,2025-08-26 17:51:31
5535,DOW JONES,2025-08-25 20:00:00,453.07,453.07,453.07,453.07,57647,alpha_vantage,2025-08-26 17:51:31
